tree
version=v4
num_class=1
num_tree_per_iteration=1
label_index=0
max_feature_idx=31
objective=binary sigmoid:1
feature_names=Column_0 Column_1 Column_2 Column_3 Column_4 Column_5 Column_6 Column_7 Column_8 Column_9 Column_10 Column_11 Column_12 Column_13 Column_14 Column_15 Column_16 Column_17 Column_18 Column_19 Column_20 Column_21 Column_22 Column_23 Column_24 Column_25 Column_26 Column_27 Column_28 Column_29 Column_30 Column_31
feature_infos=[4.3156706652780485e-08:0.18325434625148773] [0:0.0059322030283510685] [0:1] [0:0.0093224067240953445] [0:1] [0:0.010520371608436108] [0:1] [6.1808618738723453e-06:0.011120732873678207] [0:1] [6.1808618738723453e-06:0.012511868961155415] [0:1] [1.5049539797473699e-05:0.013643664307892323] [0:1] [1.1707046724040993e-05:0.0015362059930339456] [-1:1] [-1:1] [-1:1] [-1:1] [-1:1] [-1:1] [-0.79694759845733643:0.83405941724777222] [-1:1] [-0.69600057601928711:0.6680300235748291] [-1:1] [-0.50555223226547241:0.47350722551345825] [-1:0.76071268320083618] [-0.5:0.36666667461395264] [-0.5:0.2222222238779068] [0:5.1020406649504579e-11] [0:3.8226789789153059e-11] [-1.2248297929763794:1.3775012493133545] [-1:1]
tree_sizes=1783 1836 1846 1843 1852 1842 1829 1827 1833 1839 1829 1827 1851 1820 1834 1836 1844 1833 1839 1855 1824 1855 1839 1826 1853 1845 1845 1837 1838 1857 1835 1842 1858 1854 1859 1828 1839 1830 1846 1851 1853 1849 1825 1844 1848 1834 1847 1836 1830 1838 1831 1833 1846 1841 1826 1852 1838 1844 1840 1847 1861 1825 1844 1833 1841 1851 1838 1834 1847 1838 1851 1857 1839 1856 1868 1863 1832 1846 1852 1843 1853 1820 1847 1846 1837 1839 1852 1853 1855 1840 1840 1854 1835 1842 1847 1832 1854 1846 1845 1845 1834 1847 1837 1852 1835 1865 1828 1844 1844 1870 1852 1849 1844 1837 1833 1848 1855 1858 1841 1848 1838 1846 1850 1837 1839 1861 1838 1853 1825 1840 1855 1861 1833 1844 1852 1848 1842 1843 1854 1847 1861 1852 1848 1837 1846 1857 1837 1836 1835 1859 1836 1831 1847 1843 1837 1853 1850 1841 1852 1844 1834 1827 1860 1834 1838 1845 1839 1854 1844 1840 1835 1837 1845 1859 1834 1834 1832 1830 1841 1828 1843 1844 1835 1848 1852 1848 1836 1854 1861 1842 1859 1849 1850 1848 1826 1818 1848 1845 1850 1847 1852 1838 1843 1839 1846 1834 1843 1843 1855 1840 1842 1844 1859 1849 1840 1864 1844 1820 1842 1826 1855 1850 1848 1856 1848 1838 1849 1860 1848 1839 1839 1835 1836 1837 1843 1849 1856 1847 1831 1850 1837 1848 1833 1841 1852 1838 1846 1847 1848 1856 1846 1846 1852 1849 1829 1868 1832 1831 1849 1846 1853 1846 1855 1842 1841 1835 1840 1834 1846 1849 1849 1844 1850 1858 1828 1841 1851 1832 1845 1845 1848 1861 1838 1842 1830 1844 1854 1837 1838 1833 1844 1824 1849 1840 1838 1839 1847 1847 1846 1846 1842 1856 1849 1851 1845 1853 1844 1846 1852 1842 1838 1837 1850 1840 1851 1837 1839 1847 1844 1840 1849 1842 1846 1842 1858 1840 1845 1837 1838 1866 1819 1840 1839 1834 1837 1838 1840 1850 1835 1845 1845 1828 1838 1849 1846 1853 1841 1851 1860 1838 1847 1842 1837 1857 1846 1867 1854 1838 1844 1849 1841 1831 1852 1846 1868 1850 1838 1847 1857 1855 1847 1847 1835 1844 1852 1839 1837 1846 1854 1839 1842 1847 1826 1829 1839 1829 1851 1852 1846 1856 1841 1849 1860 1842 1838 1835 1849 1836 1846 1841

Tree=0
num_leaves=15
num_cat=0
split_feature=28 2 1 5 28 3 23 3 12 11 18 23 18 11
split_gain=39.2348 25.6309 16.0571 15.2786 14.9137 14.9121 14.1944 12.6828 11.9181 14.0475 17.8794 10.0845 16.0473 12.195
threshold=8.5750845443474676e-13 0.75000000000000011 0.00010571193342912012 0.00050895847380161296 2.5958716513146967e-13 0.00015509305376326668 -0.36972333490848536 6.134333307272756e-05 0.91666665673255932 0.00034109734406229114 0.072925351560115828 -0.034491812810301774 0.28108148276805883 0.0003166093811159954
decision_type=2 2 8 10 2 8 2 10 2 10 2 2 2 10
left_child=3 2 11 4 -1 7 -6 -3 9 10 -4 12 13 -2
right_child=1 5 8 -5 6 -7 -8 -9 -10 -11 -12 -13 -14 -15
leaf_value=0.091953258393658088 0.09261276359144302 0.091485005066968314 0.098400453907860605 0.093376310193798259 0.093889881998833705 0.091680810548794789 0.089809205539045894 0.089254598209035446 0.090301119603247298 0.092324734611224854 0.09210575692567273 0.090738830087420119 0.096707006373505086 0.090277211562953513
leaf_weight=1389.1652584075928 2380.6420430541039 1288.3709400892258 465.79948589205742 504.96955513954163 324.8371347784996 2146.6195911169052 32563.301070779562 4630.5508613586426 429.37381640076637 950.80977007746696 309.61819067597389 4799.705682694912 262.46441304683685 1424.0939825773239
leaf_count=5568 9542 5164 1867 2024 1302 8604 130519 18560 1721 3811 1241 19238 1052 5708
internal_value=0.0903892 0.0911173 0.0917434 0.0899894 0.0899377 0.0902604 0.0898517 0.0897424 0.0932857 0.0940197 0.0959952 0.0913626 0.092093 0.0917429
internal_weight=53870.3 19088 11022.5 34782.3 34277.3 8065.54 32888.1 5918.92 2155.6 1726.23 775.418 8866.91 4067.2 3804.74
internal_count=215921 76508 44180 139413 137389 32328 131821 23724 8640 6919 3108 35540 16302 15250
is_linear=0
shrinkage=1


Tree=1
num_leaves=15
num_cat=0
split_feature=0 0 27 26 0 26 27 13 13 11 19 22 22 11
split_gain=228.147 85.9005 58.3437 33.3923 20.4214 18.929 19.5831 17.2045 18.6452 12.2829 11.4696 10.6517 11.4935 12.9858
threshold=0.066369172185659422 0.026362299919128421 -0.13222222775220868 -0.23000000417232511 0.083616543561220183 -0.18333333730697629 -0.061111113056540482 0.00015532915131188932 0.00027394181233830755 0.00024913724337238824 0.26451325416564947 -0.32742069661617274 0.13416474312543872 0.00022221593098947781
decision_type=2 2 8 10 2 10 8 10 10 10 2 2 2 8
left_child=1 5 11 4 -2 6 -1 -4 -9 -5 -11 -3 -13 -14
right_child=3 2 7 9 -6 -7 -8 8 -10 10 -12 12 13 -15
leaf_value=-0.00030328466502339379 0.0041939079773905714 -0.0014219514399925093 -0.00030162590794281525 0.0044220426774877336 0.0093407140605603831 -0.0014114221739605901 0.0050366990919556614 0.0028985793146180496 -0.0023950020050046467 0.0028366156556426871 -0.00053518179060308498 0.0028171504433851312 -0.0027044329485372844 0.0027940989182303182
leaf_weight=3575.6034636050463 700.03909000754356 284.64992026984692 15238.991799026728 1518.3761816322803 631.91976930201054 22464.782178148627 277.43352156877518 1308.8266594409943 316.5959018021822 1734.4461189359426 516.68944627046585 4632.4202602058649 332.56676951050758 315.09830875694752
leaf_count=14332 2806 1141 61080 6086 2533 90042 1112 5246 1269 6952 2071 18568 1333 1263
internal_value=6.91876e-06 -0.000414803 0.000494416 0.00402256 0.00673776 -0.00118947 0.000105238 -9.2212e-05 0.00185093 0.00303264 0.00206481 0.00226621 0.00246965 -2.57545e-05
internal_weight=53848.4 48747 22429.1 5101.47 1331.96 26317.8 3853.04 16864.4 1625.42 3769.51 2251.14 5564.74 5280.09 647.665
internal_count=215834 195386 89900 20448 5339 105486 15444 67595 6515 15109 9023 22305 21164 2596
is_linear=0
shrinkage=0.02


Tree=2
num_leaves=15
num_cat=0
split_feature=27 29 7 27 3 27 2 25 27 18 11 11 2 26
split_gain=117.456 24.2801 19.9028 19.0872 18.6141 17.0838 13.7636 13.0147 12.5112 11.3612 11.3668 10.6762 10.8189 10.3853
threshold=-0.13222222775220868 2.9791180373300867e-12 0.00058887767954729508 -0.076666668057441698 0.00018964760965900498 0.038888890296220786 0.58333334326744091 -0.19457482546567914 0.026666667312383655 0.08765807002782823 0.00032018464116845285 0.00035542066325433558 0.75000000000000011 -0.18333333730697629
decision_type=10 2 10 10 8 10 2 10 10 2 10 8 2 10
left_child=1 4 3 6 11 -4 -2 -5 13 10 -6 12 -1 -9
right_child=2 -3 5 7 9 -7 -8 8 -10 -11 -12 -13 -14 -15
leaf_value=0.0017889621425222725 0.0013954174019866056 0.0045395495431242404 0.0006390740674284103 0.0027418040157175822 0.0074036991025199688 0.0061985179097524346 -0.00032744642723983857 0.0013503543016303683 -0.00016419163672417835 0.00056977565318264579 0.0027127179652583688 -0.00034299381339307879 0.00027486785254474241 -0.0012354819011926202
leaf_weight=6509.6847139298916 2498.8856769353151 1017.4860415607691 1025.1391915529966 368.50154432654381 378.90295860171318 263.95549859106541 7016.3265472054482 623.1717224419117 6385.4583318978548 352.98530915379524 508.90391212701797 1768.2636530250311 2666.9226793795824 22507.450693920255
leaf_count=26095 10016 4079 4109 1477 1519 1058 28122 2498 25593 1415 2040 7088 10690 90210
internal_value=-4.07046e-05 0.00159696 -0.000572636 -0.000652956 0.00134423 0.00185474 0.00012699 -0.000901209 -0.000948517 0.00364901 0.00483376 0.00107676 0.00135049 -0.00116471
internal_weight=53892 13203.1 40688.9 39399.8 12185.7 1289.09 9515.21 29884.6 29516.1 1240.79 887.807 10944.9 9176.61 23130.6
internal_count=216009 52926 163083 157916 48847 5167 38138 119778 118301 4974 3559 43873 36785 92708
is_linear=0
shrinkage=0.02


Tree=3
num_leaves=15
num_cat=0
split_feature=0 0 27 0 13 24 5 13 9 22 24 23 22 13
split_gain=234.942 78.2766 48.9262 31.7567 28.9054 17.5336 15.3094 13.4625 13.3982 15.9454 11.7986 11.7251 10.8385 10.7239
threshold=0.066369172185659422 0.02734616864472628 -0.13222222775220868 0.093335133045911803 0.00015532915131188932 -0.19902562350034711 0.00055653305025771271 0.00027394181233830755 0.00023333495482802394 0.13189949095249179 -0.043807718902826302 -0.24928269535303113 0.26270844042301184 5.4112490033730871e-05
decision_type=2 2 8 2 10 10 8 10 8 2 10 2 2 10
left_child=1 6 5 -2 10 -3 -1 -6 9 -7 11 -4 13 -12
right_child=3 2 4 -5 7 8 -8 -9 -10 -11 12 -13 -14 -15
leaf_value=-0.0011796269256372828 0.0032507479894539242 -0.0016502563536823773 -0.0029310852110304522 0.0071597232690283705 0.0033996676076800646 0.0023080520740743015 0.0033313273386336374 -0.0012305268073055475 0.0041027101601204697 -0.0016520582938423687 -0.0025074713918567786 0.00074275648053990378 0.0021317719166743373 -0.00060713294318191758
leaf_weight=26843.936968713999 4044.8780276477337 436.77995228767395 356.77387300133705 1059.6978493183851 1261.2819028496742 3068.3085589408875 285.63191856443882 301.40596409142017 1424.2698376774788 453.79561378061771 1382.2325977981091 4502.4956092089415 480.28126659989357 7941.1718076467514
leaf_count=107588 16216 1751 1430 4249 5056 12301 1145 1208 5710 1819 5540 18046 1925 31828
internal_value=1.34035e-05 -0.000414745 0.000483105 0.00408702 -6.57328e-05 0.00213151 -0.00112971 0.00250235 0.00247075 0.00179138 -0.000342459 0.000462109 -0.000741378 -0.00089363
internal_weight=53842.9 48738.4 21608.8 5104.58 16225.6 5383.15 27129.6 1562.69 4946.37 3522.1 14663 4859.27 9803.69 9323.4
internal_count=215812 195347 86614 20465 65033 21581 108733 6264 19830 14120 58769 19476 39293 37368
is_linear=0
shrinkage=0.02


Tree=4
num_leaves=15
num_cat=0
split_feature=27 1 13 9 28 27 22 28 14 20 28 9 28 28
split_gain=95.8506 19.9029 15.7314 16.813 14.6666 14.1733 16.4176 15.8976 14.1979 10.9983 18.4886 10.8846 12.9112 12.4146
threshold=-0.13222222775220868 0.00010470320921740496 0.00011193597674719059 0.00094087532488629233 8.2279213824143503e-13 -0.076666668057441698 0.19753610342741015 2.2473594166183557e-12 0.69926679134368908 -0.12534879893064496 1.6669830121308906e-12 0.00013963349920231852 3.8991548976120149e-13 4.476481441388278e-13
decision_type=10 8 10 10 2 10 2 2 2 2 2 10 2 2
left_child=1 -1 5 9 -3 7 8 -2 11 10 -4 12 -7 -14
right_child=2 4 3 -5 -6 6 -8 -9 -10 -11 -12 -13 13 -15
leaf_value=0.0011810005622415096 -0.00025163742576942496 0.00081278451679606275 0.0019603792858581106 0.0042510557340780086 0.0045361817417237191 0.0023478942297231885 0.00075573941984270439 0.0030848473681886483 0.00055652395989868263 -0.00029057752324455248 -0.0032477458737725459 -0.0015797198131475684 -0.0043148979826595438 -0.00032548281902320308
leaf_weight=11105.917760267854 7722.2157619446516 630.31733699142933 1984.0278865844011 369.93952333927155 1333.9047384411097 588.37093551456928 1954.3387955576181 596.73747995495796 1730.151561960578 8931.812218517065 297.13651522994041 13892.388117358088 344.09469264745712 2210.7344088852406
leaf_count=44524 30951 2527 7952 1483 5349 2358 7833 2392 6934 35798 1191 55677 1379 8860
internal_value=2.4929e-05 0.00151334 -0.000454477 0.000168504 0.00336158 -0.000702913 -0.000982653 -5.47914e-06 -0.00116431 2.64828e-05 0.00125966 -0.00133952 -0.000274629 -0.000892136
internal_weight=53692.1 13070.1 40621.9 11582.9 1964.22 29039 20720.1 8318.95 18765.7 11213 2281.16 17035.6 3143.2 2554.83
internal_count=215208 52400 162808 46424 7876 116384 83041 33343 75208 44941 9143 68274 12597 10239
is_linear=0
shrinkage=0.02


Tree=5
num_leaves=15
num_cat=0
split_feature=0 0 27 0 24 13 13 27 5 19 2 11 5 24
split_gain=226.384 61.0475 42.6016 28.5468 18.3024 17.3789 17.1772 13.467 21.2455 12.489 12.0215 13.2898 11.7713 11.0692
threshold=0.062100881710648544 0.033031640574336059 -0.13222222775220868 0.083616543561220183 0.073890790343284621 6.3565687014488517e-05 0.00014066529547562825 -0.076666668057441698 0.00028110078710597014 0.014916636515408756 0.58333334326744091 0.00024477412807755178 0.00025190142332576221 -0.1927300617098808
decision_type=2 2 8 2 10 10 10 10 8 2 2 10 10 10
left_child=1 7 -3 -2 10 -6 9 8 12 -4 -5 -12 13 -1
right_child=3 2 6 4 5 -7 -8 -9 -10 -11 11 -13 -14 -15
leaf_value=-0.0033320811269870023 0.0025990129089657043 0.002298645970998566 -0.0010713932669552521 0.0089514851011994277 0.0056264584131331874 -0.0011092290622739867 0.0018426162929235127 -0.0013254095536159754 0.0026734258028817725 0.00033434273298164717 0.0076780509046443504 0.0021571149877347268 -0.0044197241943800284 -0.00042985466147573949
leaf_weight=535.62672109901905 4492.2549842894077 3964.4097063839436 5266.1513060778379 607.0157954543829 304.16826517879963 280.04190962016582 1560.3380784839392 20160.943669274449 781.80186054110527 4831.0358671098948 333.33866116404533 388.24492701888084 310.59275440871716 10014.617970123887
leaf_count=2147 18011 15896 21106 2435 1220 1123 6255 80795 3134 19362 1337 1557 1245 40141
internal_value=-3.29898e-05 -0.000510087 0.000513304 0.00349021 0.00553464 0.00246786 -9.67398e-05 -0.00101278 -0.000470082 -0.000399482 0.00682657 0.00484582 -0.000700861 -0.000583224
internal_weight=53830.6 47425.5 15621.9 6405.06 1912.81 584.21 11657.5 31803.6 11642.6 10097.2 1328.6 721.584 10860.8 10550.2
internal_count=215764 190081 62619 25683 7672 2343 46723 127462 46667 40468 5329 2894 43533 42288
is_linear=0
shrinkage=0.02


Tree=6
num_leaves=15
num_cat=0
split_feature=0 0 27 26 13 5 20 1 19 29 7 0 8 3
split_gain=202.176 79.7464 50.4645 29.7502 23.5884 11.6581 11.1559 11.1237 11.0947 10.8718 12.6379 10.6119 10.5318 10.1583
threshold=0.070678327232599272 0.032233405858278281 -0.12000000104308127 -0.13666667044162747 0.00016234647773671898 0.00047554523916915065 0.34781907498836523 1.7337629287794701e-05 0.26451325416564947 1.0804067059402846e-12 0.00027786563441623008 0.090264979749917998 0.91666665673255932 0.00019166617857990789
decision_type=2 2 10 10 10 8 2 10 2 2 10 2 2 10
left_child=1 5 7 11 6 -1 12 -3 -5 10 -6 -2 -4 -14
right_child=3 2 4 8 9 -7 -8 -9 -10 -11 -12 -13 13 -15
leaf_value=-0.0010185563282186882 0.0048551008667922892 -0.00079249456088553445 6.4715500313595748e-05 0.0035953871209847667 -0.001552279912786019 0.0018391422393201366 0.0035669018032019858 0.002547212285410333 0.00047152448427673104 0.0057222594047302167 0.0035303959152827298 0.0082669139498673556 -0.0016510106090058146 0.0012909816737331271
leaf_weight=30613.754766598344 1119.8760419040918 423.70555122196674 7953.0120208263397 1619.0524512678385 322.00242856144905 564.24002620577812 278.90880808234215 5094.80073530972 638.64591719210148 330.23466578125954 445.69802331924438 670.99020017683506 3179.4731168150902 534.91502419114113
leaf_count=122687 4492 1699 31875 6493 1291 2262 1118 20430 2561 1324 1787 2693 12743 2144
internal_value=2.46864e-06 -0.000348012 0.000689369 0.00428902 1.02207e-05 -0.000965694 -0.000249352 0.00228886 0.00272362 0.00278849 0.00141325 0.0062106 -0.000346527 -0.00122268
internal_weight=53789.3 49740.7 18562.8 4048.56 13044.2 31178 11946.3 5518.51 2257.7 1097.94 767.7 1790.87 11667.4 3714.39
internal_count=215599 199360 74411 16239 52282 124949 47880 22129 9054 4402 3078 7185 46762 14887
is_linear=0
shrinkage=0.02


Tree=7
num_leaves=15
num_cat=0
split_feature=0 0 0 27 27 20 13 20 28 13 7 15 6 1
split_gain=194.118 47.2116 39.1133 23.903 20.3509 18.8347 16.0672 15.4693 12.5236 12.3855 12.3761 11.6951 10.7841 10.5389
threshold=0.053288420662283904 0.077433113008737578 0.02734616864472628 -0.27666667103767389 -0.12000000104308127 0.23729889094829562 0.00015532915131188932 -0.20460313558578488 7.9026143810258253e-13 0.00022940483904676515 0.00032654512324370449 -0.59467646479606617 0.91666665673255932 5.3706613471149474e-05
decision_type=2 2 2 10 10 2 10 2 2 10 8 2 2 8
left_child=2 7 13 -3 10 12 -6 -2 -9 -8 -4 -10 -5 -1
right_child=1 3 4 5 6 -7 9 8 11 -11 -12 -13 -14 -15
leaf_value=-0.0014536433898586676 -0.00038219792309431857 0.0089059938341602835 0.00101923066187594 0.0053740406129702458 -0.00043495498873242626 -0.00024290961417410356 0.003174790901466021 0.0012380932260641266 0.006148521686508205 -0.0011038687824136667 0.004500180598233065 0.0025155225395607477 0.0013244010640489857 -0.00065632839770766939
leaf_weight=11602.685319408774 1171.8057792335749 464.28789639472961 4061.7954493612051 1580.3600611239672 11136.694142445922 366.4745516628027 897.32392773032188 3061.8723478764296 417.69238285720348 371.91782872378826 437.84294585883617 2329.8270026445389 333.54789374768734 15591.807341217995
leaf_count=46496 4699 1864 16288 6341 44632 1470 3598 12275 1675 1491 1756 9342 1338 62482
internal_value=3.63287e-05 0.00259086 -0.000527969 0.0048063 0.00022733 0.00390142 -0.000190969 0.00170861 0.00213021 0.00192337 0.00137636 0.00310827 0.00468928 -0.000997326
internal_weight=53825.9 9725.87 44100.1 2744.67 16905.6 2280.38 12405.9 6981.2 5809.39 1269.24 4499.64 2747.52 1913.91 27194.5
internal_count=215747 39004 176743 11013 67765 9149 49721 27991 23292 5089 18044 11017 7679 108978
is_linear=0
shrinkage=0.02


Tree=8
num_leaves=15
num_cat=0
split_feature=0 0 1 0 11 30 5 4 28 0 28 24 0 7
split_gain=180.544 81.9503 20.1047 17.6741 16.8672 15.8997 15.5349 14.7087 11.1441 11.8411 11.0089 10.8589 24.6461 10.48
threshold=0.033031640574336059 0.070678327232599272 0.00010375056081102231 0.10855389758944513 0.00041380707989446824 -0.17933893203735349 0.00050895847380161296 0.75000000000000011 1.1246532134398526e-12 0.044331002980470664 2.8103220705427705e-12 -0.050212485715746873 0.0074436687864363202 0.00033666368108242756
decision_type=2 2 10 2 8 2 8 2 2 2 2 10 2 8
left_child=6 2 7 4 5 -3 11 10 9 -4 -2 12 -1 -9
right_child=1 3 8 -5 -6 -7 -8 13 -10 -11 -12 -13 -14 -15
leaf_value=-0.0022093844967478226 0.00096188909383436991 0.0067941613040049809 -0.00018674522199279981 0.0078430447954392461 0.00096981300504142727 0.0032925015746891858 0.0026541024836242745 -0.00035704922901846718 0.0039425881534035472 0.0026708045795063883 0.0042442712233514137 -0.0012392007992860278 0.00014114984595932852 0.0020476095805998483
leaf_weight=2339.0125015377998 6672.724809139967 720.34869806468487 1015.5547574907541 417.11540308594704 834.80940556526184 2084.9319566339254 456.17260579764843 6762.4934198707342 1031.3161458820105 1325.0192491561174 418.16455049812794 21677.68386991322 7315.7755684256554 791.76734262704849
leaf_count=9373 26751 2891 4071 1675 3349 8366 1829 27108 4136 5312 1677 86867 29318 3174
internal_value=2.78199e-05 0.00141664 0.000836149 0.00397769 0.00349433 0.0042334 -0.000936868 0.000513997 0.00222407 0.00143986 0.00116685 -0.000990809 -0.000431691 -0.000100274
internal_weight=53862.9 22074.2 18017 4057.21 3640.09 2805.28 31788.6 14645.2 3371.89 2340.57 7090.89 31332.5 9654.79 7554.26
internal_count=215897 88510 72229 16281 14606 11257 127387 58710 13519 9383 28428 125558 38691 30282
is_linear=0
shrinkage=0.02


Tree=9
num_leaves=15
num_cat=0
split_feature=0 0 0 27 27 19 21 1 27 5 13 27 13 14
split_gain=180.805 52.4368 46.1686 30.8127 21.9694 15.6997 16.1046 15.1362 13.2983 12.8668 11.3882 11.1291 10.2251 9.53528
threshold=0.053288420662283904 0.078768830746412291 0.026362299919128421 -9.1593399531575395e-16 -0.12000000104308127 -0.047617079690098756 -0.097003631293773637 0.00010098154962179252 -0.13222222775220868 0.00055653305025771271 5.8981646361644387e-05 -0.22111111134290692 0.00014374653983395549 0.46855938434600836
decision_type=2 2 2 10 8 2 2 10 10 10 10 10 10 2
left_child=2 7 9 11 5 -4 -7 8 -2 -1 13 -3 -9 -6
right_child=1 3 4 -5 10 6 -8 12 -10 -11 -12 -13 -14 -15
leaf_value=-0.0011390051265197793 0.0023938982065959047 0.0077293839721893293 0.0024386007140250032 -0.0011070141727212858 -0.0023030074748592246 -0.0032157704927670734 0.0010200793676983979 0.0025194317293593246 0.00038587990828031917 0.003053367514920594 6.2772995454019129e-05 0.0045785052734400823 0.0068820965989655133 0.00084687396494454933
leaf_weight=26065.009132251143 2034.3762743771076 758.9189216196537 2580.5116694271564 294.43829207122326 1572.8142799437046 437.86111788451672 1643.5144537389278 1170.3473401516676 3713.937776684761 277.54044581949711 11024.242215514183 1485.5261360555887 260.26944750547409 495.05799199640751
leaf_count=104442 8161 3049 10349 1181 6303 1756 6591 4694 14890 1113 44184 5963 1044 1984
internal_value=-1.71435e-05 0.00244944 -0.000561583 0.00491055 0.000226587 0.00140246 0.000106854 0.00156782 0.00110237 -0.00109255 -0.000193622 0.00570278 0.00339707 -0.00154802
internal_weight=53814.4 9717.81 44096.6 2538.88 17754 4661.89 2081.38 7178.93 5748.31 26342.5 13092.1 2244.45 1430.62 2067.87
internal_count=215704 38982 176722 10193 71167 18696 8347 28789 23051 105555 52471 9012 5738 8287
is_linear=0
shrinkage=0.02


Tree=10
num_leaves=15
num_cat=0
split_feature=0 0 0 28 2 18 28 7 18 8 1 7 1 28
split_gain=164.779 48.5179 28.3281 13.8674 13.6015 12.4887 12.6439 11.0111 10.0056 9.96307 9.74533 9.47885 17.3104 9.0321
threshold=0.061451720073819167 0.02734616864472628 0.078768830746412291 1.4620055383343657e-12 0.75000000000000011 0.25732471048831945 3.241465798033139e-13 0.00014766679669264707 0.17627168446779254 0.75000000000000011 0.00019744885503314438 0.0001502803934272379 9.3512113380711539e-05 6.1986288497906116e-13
decision_type=2 2 2 2 2 2 2 10 2 2 10 10 10 2
left_child=1 -1 -2 5 8 6 -3 -7 -4 -5 13 -11 -13 -8
right_child=2 3 4 9 -6 7 10 -9 -10 11 -12 12 -14 -15
leaf_value=-0.00091601515796704521 0.0019539697432857744 0.0018942295262166112 0.0066499677805219749 0.0024670045852834732 0.0023356407463188877 -0.00029040130794600547 -0.00087126215626328457 0.00267679369033633 0.0032175256859640167 0.0022764613516265764 0.0027524961720796692 -0.0024149492785840629 0.0027585285937253802 0.00019414515834136368
leaf_weight=27192.160011485219 4050.8532670289278 1165.4464212208986 1217.6830513626337 1931.6201166957617 759.81833498179913 797.55497974157333 6615.6408526003361 1305.9785949289799 555.36880344152451 652.21743793785572 395.53891423344612 762.53910192847252 367.30492925643921 6105.3469994217157
leaf_count=108955 16249 4672 4892 7746 3050 3197 26517 5235 2230 2615 1586 3057 1473 24475
internal_value=4.75619e-05 -0.000365539 0.00300702 0.000379368 0.00466267 0.000128558 -8.41072e-05 0.00155964 0.00562271 0.00147938 -0.000262505 0.00039337 -0.000714358 -0.000360425
internal_weight=53875.1 47291.3 6583.72 20099.2 2532.87 16385.5 14282 2103.53 1773.05 3713.68 13116.5 1782.06 1129.84 12721
internal_count=215949 189528 26421 80573 10172 65682 57250 8432 7122 14891 52578 7145 4530 50992
is_linear=0
shrinkage=0.02


Tree=11
num_leaves=15
num_cat=0
split_feature=0 0 26 26 0 20 26 26 22 30 22 14 25 6
split_gain=174.718 52.3491 35.6373 32.5338 16.6322 13.2186 11.4466 9.73683 10.9992 10.461 10.6438 10.3197 10.1573 9.68229
threshold=0.062100881710648544 0.02734616864472628 -0.18333333730697629 -0.26000000536441797 0.085550121963024153 -0.093905225396156297 5.2735593669694944e-15 -0.19666666537523267 -0.12300241738557814 -0.10245371982455252 0.20203875005245212 0.14908970147371295 0.13308394700288775 0.91666665673255932
decision_type=2 2 8 10 2 2 10 8 2 2 2 2 10 2
left_child=1 7 5 4 -2 13 -5 8 -1 10 11 12 -9 -3
right_child=3 2 -4 6 -6 -7 -8 9 -10 -11 -12 -13 -14 -15
leaf_value=-0.0015045043905961898 0.0040899512065352547 0.001828073402450939 1.3869406533867036e-05 0.0029778981270982899 0.0091726713152259273 0.0033971515006532443 0.00071843512240496248 -0.0013264151763520216 0.00072108330105090216 -0.00079191126794786459 0.0012000237390833131 -0.0036078943074340022 -0.004859826196295906 -0.0013685385962815709
leaf_weight=1306.020387634635 715.36498306691647 1452.0300182849169 16567.079270631075 4033.0139110386372 449.45710161328316 1799.6172297894955 1171.4176115393639 5473.5998201966286 2670.4584112912416 15790.543836057186 460.47969374060631 1166.1064674258232 330.21397206187248 494.04309862852097
leaf_count=5234 2872 5824 66408 16187 1808 7218 4699 21930 10702 63266 1845 4672 1323 1981
internal_value=6.25465e-05 -0.00035489 0.00041308 0.00316769 0.0061729 0.00216933 0.00247403 -0.000928341 -1.37518e-05 -0.00108481 -0.00170347 -0.00189818 -0.00154345 0.00101089
internal_weight=53879.4 47510.2 20312.8 6369.25 1164.82 3745.69 5204.43 27197.4 3976.48 23220.9 7430.4 6969.92 5803.81 1946.07
internal_count=215969 190403 81431 25566 4680 15023 20886 108972 15936 93036 29770 27925 23253 7805
is_linear=0
shrinkage=0.02


Tree=12
num_leaves=15
num_cat=0
split_feature=26 27 29 11 29 25 24 10 7 29 29 28 20 14
split_gain=72.6367 18.7577 20.6591 16.7146 15.972 13.6241 13.7718 13.2824 12.2917 11.9738 11.5296 12.9665 10.1732 11.696
threshold=-0.18333333730697629 -0.076666668057441698 6.3069186917279206e-13 0.00021939510043011981 2.9791180373300867e-12 0.10733103752136232 -0.07900697365403174 0.58333334326744091 0.00052555053844116639 4.7554684799375201e-13 1.5644656251902202e-12 8.361616791758426e-13 0.040434084832668311 0.1715006232261658
decision_type=10 10 2 10 2 10 10 2 10 2 2 2 2 2
left_child=4 2 9 -3 -1 6 -5 10 12 -2 11 -4 13 -7
right_child=1 3 7 5 -6 8 -8 -9 -10 -11 -12 -13 -14 -15
leaf_value=0.0013993432451412629 0.00042725412388801287 -0.0014766640402033152 0.0011897954805870346 0.00062801090749064147 0.0043755346848918875 -0.003259381830757246 -0.00074163081499947021 0.00057365678055111015 0.0048614749804241379 -0.0014270709573169374 0.00033813548067711268 0.0056275721823405593 0.0010630144816451269 0.0017560992479448841
leaf_weight=8971.9736242443323 2543.3798120617867 6075.2184088975191 469.95385010540485 3530.854585647583 771.371297493577 506.62713658809662 17045.585233822465 6406.4800185859203 257.12651374936104 3039.9858619719744 611.30635796487331 620.18931984901428 2680.7164123803377 271.76275539398193
leaf_count=35985 10195 24344 1884 14150 3097 2030 68304 25686 1031 12185 2452 2487 10744 1089
internal_value=8.26178e-05 -0.000263136 0.000351106 -0.000540115 0.00164345 -0.000304876 -0.000506223 0.000994807 0.000806703 -0.000583864 0.00255548 0.00377038 0.000479085 -0.00150818
internal_weight=53802.5 44059.2 13691.3 30367.9 9743.34 24292.7 20576.4 8107.93 3716.23 5583.37 1701.45 1090.14 3459.11 778.39
internal_count=215663 176581 54889 121692 39082 97348 82454 32509 14894 22380 6823 4371 13863 3119
is_linear=0
shrinkage=0.02


Tree=13
num_leaves=15
num_cat=0
split_feature=0 0 0 29 8 20 24 16 14 0 13 13 20 28
split_gain=168.56 58.5642 27.4352 18.3246 11.1033 13.2333 10.0421 8.84303 8.7493 8.33588 11.7974 10.4991 10.2763 8.20955
threshold=0.062100881710648544 0.02734616864472628 0.093335133045911803 1.3341034548787491e-12 0.75000000000000011 0.20336859673261645 0.12698890268802646 0.63780573010444652 0.40528601408004766 0.070678327232599272 8.9022400061367093e-05 0.00011193597674719059 0.22349958866834643 3.4569076117277336e-13
decision_type=2 2 2 2 2 2 10 2 2 2 10 8 2 2
left_child=1 7 9 6 -5 -6 13 -1 -8 11 12 -2 -11 -3
right_child=2 3 -4 4 5 -7 8 -9 -10 10 -12 -13 -14 -15
leaf_value=-0.0010922452116611471 0.00082534804328910066 0.0012780067926632219 0.0059585430434775637 0.0025504003725652074 0.0011232644836770573 -0.0035096356029612804 0.00047199837466572336 0.0018226127175723372 0.0036934076380157215 0.00448192881140211 0.001158185487150147 0.0041966940228996639 0.00033658255368081548 -0.00025357731874040159
leaf_weight=26798.162216037512 1877.0016734302044 1546.3029414862394 1050.5036886334419 2138.6345283687115 1739.0084803104401 267.11683370172977 941.73331837356091 405.54713124036789 511.60171762108803 1813.1403497010469 889.92321401834488 444.95331324636936 279.01896905899048 13163.296772375703
leaf_count=107368 7530 6199 4224 8578 6973 1071 3775 1625 2051 7282 3572 1785 1120 52766
internal_value=-3.156e-05 -0.000441113 0.00302235 0.000371398 0.00155436 0.000477836 6.64972e-05 -0.00104748 0.00164074 0.00242062 0.00312134 0.00150172 0.00393751 -9.10574e-05
internal_weight=53865.9 47511.4 6354.54 20307.7 4144.76 2006.13 16162.9 27203.7 1453.34 5304.04 2982.08 2321.95 2092.16 14709.6
internal_count=215919 190406 25513 81413 16622 8044 64791 108993 5826 21289 11974 9315 8402 58965
is_linear=0
shrinkage=0.02


Tree=14
num_leaves=15
num_cat=0
split_feature=0 0 26 26 7 0 7 20 11 20 11 28 11 7
split_gain=140.166 53.2099 25.4233 22.2153 17.2639 12.6577 12.0125 9.6975 14.497 10.8066 9.19321 9.13188 10.4224 11.9301
threshold=0.070678327232599272 0.033031640574336059 -0.13666667044162747 -0.18333333730697629 0.00058887767954729508 0.090264979749917998 0.00012049050928908402 -0.073536738753318773 0.00024618853058200335 -1.0000000180025095e-35 0.00034718900860752916 6.1986288497906116e-13 0.0006382602732628585 0.00024990258680190896
decision_type=2 2 10 10 10 2 10 2 8 2 8 2 10 10
left_child=1 -1 5 7 11 10 -4 -3 9 -9 -2 12 13 -5
right_child=2 3 6 4 -6 -7 -8 8 -10 -11 -12 -13 -14 -15
leaf_value=-0.00072876832331568594 0.0050080365878975618 0.00108893885173691 0.0048374477618304884 -0.00063207515675492345 0.0038950257732896267 0.0076135911737672049 0.0013768042997790836 0.00476837656188307 0.0053127216435230407 3.193863367317357e-05 0.00075332652398287262 0.000622281704050482 -0.0027106123815326794 0.0014871866784811594
leaf_weight=31808.439225465059 832.84041115641594 2008.0099446326494 511.45923733711243 4411.0531549751759 489.39254669845104 666.14063341915607 1758.2515487372875 255.43286760151386 698.46675869822502 642.25562119483948 277.05486409366131 7456.7605420649052 678.76971060037613 1377.7781311124563
leaf_count=127445 3347 8056 2054 17681 1963 2682 7059 1025 2803 2577 1113 29897 2721 5523
internal_value=5.42389e-05 -0.000237028 0.00362493 0.000630924 0.000278559 0.00541127 0.00219207 0.00203079 0.00318752 0.00145422 0.0039781 0.000146049 -0.000403245 -0.000124294
internal_weight=53872.1 49826.4 4045.75 18017.9 14413.8 1776.04 2269.71 3604.17 1596.16 897.688 1109.9 13924.4 6467.6 5788.83
internal_count=215946 199691 16255 72246 57785 7142 9113 14461 6405 3602 4460 55822 25925 23204
is_linear=0
shrinkage=0.02


Tree=15
num_leaves=15
num_cat=0
split_feature=0 0 27 0 26 26 1 5 7 16 24 20 1 24
split_gain=145.595 54.6766 33.3561 25.4508 17.52 15.8574 12.9164 12.9064 17.0181 11.551 11.8286 11.7958 14.6034 11.4416
threshold=0.062100881710648544 0.032233405858278281 -0.13222222775220868 0.085550121963024153 6.106226635438362e-16 -0.18333333730697629 1.7337629287794701e-05 0.00028110078710597014 0.00022222603729460391 0.63780573010444652 -0.18194096535444257 -0.21491978317499158 5.6723201851127676e-05 -0.17293942719697949
decision_type=2 2 8 2 10 10 10 10 8 2 8 2 10 10
left_child=1 5 6 13 -5 7 -3 8 -1 10 -7 12 -12 -2
right_child=3 2 -4 4 -6 9 -8 -9 -10 -11 11 -13 -14 -15
leaf_value=0.00056299662659021219 -0.001010717047084324 -0.0015981488399895844 3.9349405152376091e-05 0.0058917278227106455 0.00066047690708796129 -0.0040018382816539152 0.0024564180385964118 0.0040141195549219973 -0.0025261095073226426 0.002378019852706813 -0.0014870666850077146 -0.0011439538853164242 0.0025112027060487001 0.002375014717994658
leaf_weight=3427.3231594860554 429.36695319414139 329.29653373360634 12178.113949507475 1380.8261404037476 320.03681184351444 533.59824581444263 3758.3463301211596 312.2579410970211 879.50618159770966 368.85681673884392 648.19575503468513 24215.787566587329 789.40969397127628 4255.8097986727953
leaf_count=13736 1724 1321 48814 5557 1285 2138 15081 1252 3525 1478 2597 97013 3163 17083
internal_value=7.57109e-06 -0.000374439 0.000565092 0.00283776 0.00492652 -0.000864694 0.0021236 0.000216056 -7.65965e-05 -0.0010527 -0.0011028 -0.00103943 0.000712772 0.00206176
internal_weight=53826.7 47440.7 16265.8 6386.04 1700.86 31174.9 4087.64 4619.09 4306.83 26555.8 26187 25653.4 1437.61 4685.18
internal_count=215767 190118 65216 25649 6842 124902 16402 18513 17261 106389 104911 102773 5760 18807
is_linear=0
shrinkage=0.02


Tree=16
num_leaves=15
num_cat=0
split_feature=29 25 24 28 23 13 23 28 13 29 28 13 2 24
split_gain=31.8892 17.9195 20.7538 21.9197 13.3296 22.9246 15.8953 11.7772 11.3113 15.7014 11.8216 10.4215 9.67151 8.92457
threshold=6.3069186917279206e-13 -0.18208537250757215 -0.17711907625198361 2.3853809552609743e-12 -0.17083650082349774 9.6737232524901642e-05 -0.23901686817407605 1.9841560442183592e-13 0.00016234647773671898 7.3007282185878774e-13 3.9568699879144472e-12 0.00018465882021700966 0.41666667163372045 -0.080306030809879289
decision_type=2 10 8 2 2 10 2 2 8 2 2 10 2 10
left_child=7 2 -2 -4 5 -3 -7 -1 10 -10 12 -11 -6 -14
right_child=1 4 3 -5 8 6 -8 -9 9 11 -12 -13 13 -15
leaf_value=0.0026924242072619391 -0.00022119901665612482 0.0026884005501420045 0.0021775826942335907 0.0079615361833883305 0.001263100224512837 -0.0046875249278640653 0.00082799161998551728 -0.00054797550985445794 -0.0026467593293752721 0.0050983595592596232 0.0029741886701135901 0.0013374746327985509 0.0008543400921455736 -0.00036277349504336117
leaf_weight=437.20329359173775 892.54259398579597 2136.6250609606504 1069.4033083468676 338.95298479497433 2051.8029062449932 301.70686589181423 583.15564200282097 25339.82957907021 249.74401290714741 444.71481059491634 516.37757430970669 864.65162926912308 2823.9249600619078 15785.69549703598
leaf_count=1753 3581 8571 4290 1361 8230 1210 2338 101547 1001 1783 2074 3467 11322 63280
internal_value=1.6682e-05 0.000483061 0.0021665 0.00366161 0.000331121 0.00157465 -0.00111465 -0.00049097 0.000164632 0.00179755 4.28334e-05 0.00267231 -3.32334e-05 -0.000177363
internal_weight=53836.3 28059.3 2300.9 1408.36 25758.4 3021.49 884.863 25777 22736.9 1559.11 21177.8 1309.37 20661.4 18609.6
internal_count=215808 112508 9232 5651 103276 12119 3548 103300 91157 6251 84906 5250 82832 74602
is_linear=0
shrinkage=0.02


Tree=17
num_leaves=15
num_cat=0
split_feature=0 0 27 26 0 24 13 1 29 26 27 16 24 18
split_gain=130.682 54.6979 31.4809 21.7971 19.8393 17.0869 14.4652 14.1756 13.0506 11.551 15.7092 15.4645 10.9431 10.6754
threshold=0.066369172185659422 0.024919435381889347 -0.13222222775220868 -0.13666667044162747 0.085550121963024153 -0.20590536296367642 0.00016234647773671898 5.8089288359042264e-05 7.6161313041812905e-13 -0.18333333730697629 -0.061111113056540482 0.63780573010444652 -0.07900697365403174 0.28108148276805883
decision_type=2 2 10 10 2 10 8 10 2 10 8 2 10 2
left_child=1 9 5 4 -2 -3 12 -7 -8 10 -1 -11 -4 -14
right_child=3 2 6 -5 -6 7 8 -9 -10 11 -12 -13 13 -15
leaf_value=-0.00032410434113803197 0.0029122007649792052 -0.0022186667561880174 0.00077802437714295835 0.0018989196691379057 0.0069116740442591142 0.0010766717606119573 0.0002233698485360329 0.0031618134136642134 0.0039962705110397389 -0.0012258957247539195 0.0045465289927630178 0.0032518050958934563 -0.00073354076282277888 0.00090233058039587255
leaf_weight=3388.3256957828999 1270.4961178153753 413.59283542633057 3359.379028186202 2947.0731621533632 856.59863637387753 3267.3475876003504 876.4151246547699 2188.685473755002 613.73926767706871 21119.75523878634 267.19890175759792 294.47444647550583 11122.130376324058 1844.9275058507919
leaf_count=13579 5105 1659 13465 11834 3452 13109 3514 8784 2462 84602 1071 1180 44573 7395
internal_value=-1.5e-05 -0.000333339 0.000355708 0.00303311 0.0045722 0.00162334 -6.3261e-05 0.00192162 0.00180963 -0.000984124 5.47146e-05 -0.00116134 -0.00023621 -0.000499761
internal_weight=53830.1 48756 23686.2 5074.17 2127.09 5869.63 17816.6 5456.03 1490.15 25069.8 3655.52 21414.2 16326.4 12967.1
internal_count=215784 195393 94961 20391 8557 23552 71409 21893 5976 100432 14650 85782 65433 51968
is_linear=0
shrinkage=0.02


Tree=18
num_leaves=15
num_cat=0
split_feature=0 27 0 22 0 27 11 17 24 13 0 1 11 13
split_gain=149.464 40.7663 31.036 24.5465 17.3268 14.3766 10.4124 10.3006 10.0499 9.89955 9.5181 17.3642 9.33994 16.6402
threshold=0.052368549630045898 -0.13222222775220868 0.02734616864472628 -0.30993221700191492 0.087806593626737608 -0.12000000104308127 0.00066618304117582749 0.20621158182621005 -0.050212485715746873 0.00011731905760825613 0.067144490778446211 0.00010098154962179252 0.00054799599456600856 0.00014539007679559293
decision_type=2 10 2 2 2 8 10 2 10 8 2 10 8 10
left_child=2 3 6 -2 -5 -4 8 -6 9 -1 11 -3 -7 -14
right_child=1 10 5 4 7 12 -8 -9 -10 -11 -12 -13 13 -15
leaf_value=-0.00075991200336179474 -0.0017716207650813587 -0.00021845610477974942 0.0011887001389009925 0.003398920884831002 0.0082292946105266378 0.00013198598850801838 0.0003088373609302861 0.0033935550539366337 -0.001292420906391419 0.0010948064862911456 0.0021187469242356688 0.0030839873287796253 -0.002262781196647105 0.0013052946683551074
leaf_weight=6145.2838585078716 285.68283106386662 2837.8012507855892 4331.0136576890945 2830.5750767290592 578.20999039709568 9675.952780649066 2582.9767018705606 311.24536156654358 17063.108148515224 1396.8879696577787 2528.6021375209093 800.29857785999775 1784.0221016854048 720.87225198745728
leaf_count=24620 1148 11377 17378 11370 2331 38778 10348 1254 68352 5596 10154 3210 7150 2891
internal_value=2.64936e-05 0.00220748 -0.00048197 0.00377431 0.00420741 0.000201836 -0.0008971 0.00664897 -0.00102384 -0.000414412 0.00118081 0.000520895 -0.000150426 -0.00123374
internal_weight=53872.5 10172.4 43700.1 4005.71 3720.03 16511.9 27188.3 889.455 24605.3 7542.17 6166.7 3638.1 12180.8 2504.89
internal_count=215957 40844 175113 16103 14955 66197 108916 3585 98568 30216 24741 14587 48819 10041
is_linear=0
shrinkage=0.02


Tree=19
num_leaves=15
num_cat=0
split_feature=27 24 13 25 1 24 30 13 26 27 22 22 3 29
split_gain=62.4926 41.1704 17.1919 16.1514 15.8477 15.1585 13.3506 11.0156 13.4313 11.5408 10.0013 13.2818 13.0371 9.88243
threshold=-0.13222222775220868 -0.25496472418308253 0.00011193597674719059 -0.23914678394794461 0.00010677594764274546 -0.055580521002411835 0.3792595118284226 8.5885560110909878e-05 -0.18333333730697629 0.026666667312383655 -0.13313937187194821 0.13416474312543872 4.7223607907653793e-05 2.5446966582520773e-12
decision_type=10 8 10 10 10 10 2 8 10 10 2 2 10 2
left_child=1 -1 6 -3 10 -4 7 8 -2 -10 -5 -12 -13 -7
right_child=2 3 5 4 -6 13 -8 -9 9 -11 11 12 -14 -15
leaf_value=-0.0055239563604435405 0.0013987726437209441 0.0038946615294411795 0.0013608979446806735 -7.1102478242644215e-05 0.002924281854241277 -9.030262225847297e-05 0.00081981235459316598 -0.001384873990679984 -0.00086424193899164645 0.00077254309231101213 0.0017009799440377332 -0.0040274603200320088 0.00057647006894851307 -0.0035956307446720717
leaf_weight=338.91096077859402 1330.1405939012766 908.90581421554089 3333.429041877389 3241.6324882507324 1702.203893750906 8007.6404837071896 2172.1143417805433 8798.1594938933849 14888.899177357554 1932.6266404688358 5577.0764430761337 302.54686073958874 1021.5518682301044 315.23651207983494
leaf_count=1360 5333 3649 13361 13006 6836 32089 8705 35254 59660 7744 22379 1214 4100 1264
internal_value=-3.72614e-05 0.00116385 -0.000423288 0.00134994 0.00114843 0.000225531 -0.00068296 -0.000804599 -0.000522124 -0.000675497 0.000845237 0.00127462 -0.000519769 -0.000231371
internal_weight=53871.1 13092.8 40778.2 12753.9 11845 11656.3 29121.9 26949.8 18151.7 16821.5 10142.8 6901.18 1324.1 8322.88
internal_count=215954 52544 163410 51184 47535 46714 116696 107991 72737 67404 40699 27693 5314 33353
is_linear=0
shrinkage=0.02


Tree=20
num_leaves=15
num_cat=0
split_feature=0 0 0 29 11 13 18 19 11 16 11 21 6 13
split_gain=143.214 49.8736 20.6276 15.5089 14.3915 12.2341 13.7343 11.7933 14.3557 11.5729 11.2357 10.8247 13.3241 12.6114
threshold=0.070678327232599272 0.02734616864472628 0.10855389758944513 1.3341034548787491e-12 0.00039006175938993698 0.00014216658018995079 0.24450702965259555 -0.075743339955806718 0.00054799599456600856 -0.13109574466943738 0.00084758191951550554 0.29896867275238043 0.91666665673255932 9.0905155957443653e-05
decision_type=2 2 2 2 8 10 2 2 8 2 10 2 2 10
left_child=1 -1 4 5 11 6 -3 8 9 -5 -7 12 13 -2
right_child=2 3 -4 7 -6 10 -8 -9 -10 -11 -12 -13 -14 -15
leaf_value=-0.00085762612732015963 0.0056197920113392327 -0.00027301930655486423 0.0078570766362750094 0.0019833303529363366 0.00098811386742205399 0.00089655658359895124 0.0013745724091800671 0.00054978028700760652 -0.0012403774237940042 0.005411242244839215 0.0048660398561257848 5.9722293860794309e-05 0.00086831384473032888 0.0011233344957818224
leaf_weight=27135.553689524531 1697.7266345620155 13742.766033113003 404.22410880029202 1106.6553811430931 953.46805173158646 1396.753865852952 2352.720796212554 2708.3151181936264 324.73028184473515 629.48741495609283 343.00452876091003 268.39507883787155 390.88380885124207 305.33660973608494
leaf_count=108701 6831 55095 1630 4441 3831 5601 9433 10865 1303 2526 1376 1079 1571 1227
internal_value=1.41407e-05 -0.00027989 0.00363556 0.000413801 0.003123 0.000142287 -3.07794e-05 0.00142434 0.00255732 0.00327369 0.00172557 0.0038745 0.00429815 0.00495226
internal_weight=53760 49740 4020.03 22604.4 3615.81 17835.2 16095.5 4769.19 2060.87 1736.14 1739.76 2662.34 2393.95 2003.06
internal_count=215510 199341 16169 90640 14539 71505 64528 19135 8270 6967 6977 10708 9629 8058
is_linear=0
shrinkage=0.02


Tree=21
num_leaves=15
num_cat=0
split_feature=26 11 29 28 13 9 19 23 11 25 23 23 23 9
split_gain=56.1494 16.0059 13.9316 12.6482 12.3581 13.3751 13.6524 12.8462 12.4387 11.9437 12.05 11.5087 22.6494 10.1874
threshold=-0.18333333730697629 0.00075417611515149485 2.4668688044984099e-13 6.5990664538731491e-13 0.00011193597674719059 0.00013081482029519978 0.19343632459640506 0.055004525929689414 0.00051307299872860323 0.11801603063941003 -0.085446137934923158 -0.33430701494216913 -0.29019676148891443 0.00013305962784215811
decision_type=10 8 2 2 10 8 2 2 10 10 2 2 2 10
left_child=1 11 -2 4 5 7 8 -4 -7 10 -6 13 -13 -1
right_child=2 -3 3 -5 9 6 -8 -9 -10 -11 -12 12 -14 -15
leaf_value=-3.5517303244527075e-06 0.0037064825492266525 0.0060931240910834863 0.0011025240388993043 6.44513834694287e-06 0.0013383691328996575 -0.0012185379703537065 -2.4622227067356904e-05 -0.0014545138211945596 -0.0029457741461248383 0.0031721336005362177 -0.0007191462565077438 -0.0036000856164626715 0.0012099947110362119 0.0047568086967409943
leaf_weight=252.03061117231846 320.0342463105917 257.75813528895378 2160.8644457310438 20362.554708018899 1549.0713838338852 8883.8262058496475 2997.3931640684605 1208.8729440271854 2056.4717215895653 446.84663012623787 4131.3468609452248 392.03346852958202 8217.6484043449163 607.37150318920612
leaf_count=1012 1283 1035 8659 81627 6208 35594 12011 4844 8239 1791 16553 1574 32981 2439
internal_value=-2.37015e-05 0.00135017 -0.000327083 -0.000358235 -0.000674844 -0.000947845 -0.00122089 0.000182033 -0.00154799 9.68676e-05 -0.000155327 0.00120849 0.000983137 0.00339244
internal_weight=53844.1 9726.84 44117.3 43797.2 23434.7 17307.4 13937.7 3369.74 10940.3 6127.26 5680.42 9469.08 8609.68 859.402
internal_count=215850 39041 176809 175526 93899 69347 55844 13503 43833 24552 22761 38006 34555 3451
is_linear=0
shrinkage=0.02


Tree=22
num_leaves=15
num_cat=0
split_feature=0 0 27 22 21 27 19 24 24 15 11 19 16 25
split_gain=137.91 46.1215 23.839 16.3752 15.7496 15.5475 14.1324 11.7671 11.299 11.2692 10.7351 9.40034 10.9714 9.88217
threshold=0.070678327232599272 0.032758157700300224 -0.12000000104308127 -0.30993221700191492 -0.21395283192396161 -3.6082248300317583e-16 -0.25582051277160639 0.12698890268802646 -0.035562835633754723 -0.085543490946292863 0.00064705900149419915 -0.1593418940901756 -0.20099309086799619 -0.086531177163124071
decision_type=2 2 8 2 2 10 2 10 10 2 8 2 2 10
left_child=1 6 3 -3 -4 -2 10 8 9 -6 -1 12 -5 -13
right_child=5 2 4 11 7 -7 -8 -9 -10 -11 -12 13 -14 -15
leaf_value=-6.2205265824605063e-05 0.0039961647918693227 -0.0024699879169088408 -0.0020843314800186035 0.0017204561123146367 -0.00022630615919115173 0.00027969831580804962 -0.00095308537981820044 0.0020042237410746134 -0.00048450717581752348 0.0019829480070591389 0.0032859897959658735 -0.00057340263885184326 0.0047653316759231025 0.0019118374885326195
leaf_weight=4265.3902806788683 3512.8467917591333 352.63336187601089 1265.8812386095524 1234.6841126978397 1804.5050684958696 519.62097398936749 26933.839101165533 1329.3888942152262 6493.3613483160734 1863.8782224804163 400.76176434755325 901.26920689642429 788.97367095947266 2124.4016548395157
leaf_count=17091 14138 1415 5075 4957 7234 2086 107894 5330 26028 7472 1606 3618 3168 8528
internal_value=-2.69183e-05 -0.000315741 0.000487155 0.00159808 1.49675e-05 0.00352101 -0.000777143 0.000249449 1.63985e-05 0.000900865 0.000238158 0.00189081 0.00294259 0.00117264
internal_weight=53791.4 49759 18159 5401.96 12757 4032.47 31600 11491.1 10161.7 3668.38 4666.15 5049.33 2023.66 3025.67
internal_count=215640 199416 72825 21686 51139 16224 126591 46064 40734 14706 18697 20271 8125 12146
is_linear=0
shrinkage=0.02


Tree=23
num_leaves=15
num_cat=0
split_feature=0 0 26 26 3 8 19 1 29 29 30 24 18 19
split_gain=127.852 48.3506 28.879 22.1621 20.124 12.4887 12.2815 11.7674 10.2863 9.7783 9.40935 8.34398 7.99988 11.7243
threshold=0.070678327232599272 0.027583304792642597 -0.093333333730697618 -0.18333333730697629 0.00019363874889677393 0.91666665673255932 0.26451325416564947 4.5025200961390517e-05 2.0638832439953684e-12 1.3140286385035507e-12 0.48454919457435613 0.07655739784240724 -0.40391109883785242 -0.22201343625783918
decision_type=2 2 10 10 8 2 2 10 2 2 2 10 2 2
left_child=1 10 -2 7 5 -5 9 12 -7 -4 -1 -9 -3 -14
right_child=2 3 6 4 -6 8 -8 11 -10 -11 -12 -13 13 -15
leaf_value=-0.00087127113360035665 0.0047988543058195433 -0.0019914031033343694 0.0038915765250021822 0.000245784522862268 0.0017209562125587957 -0.00072956106279650941 -0.0011114129976081499 0.0031676081830455493 -0.0044141504089810621 -0.0002372793019058745 0.0010745519220332689 -3.5314734958073731e-05 0.0034665378213672932 -0.00014917720431946888
leaf_weight=26380.715276792645 2468.6187982112169 376.56385585665703 696.33120879530907 10651.080584108829 2734.6094023734331 4450.582694709301 537.762012347579 2029.1546926498413 306.74500638246536 334.31741939485073 1016.5875514596701 386.2243065983057 551.56356835365295 959.12557350099087
leaf_count=105670 9945 1511 2798 42700 10966 17839 2160 8147 1230 1344 4073 1551 2214 3850
internal_value=4.30336e-05 -0.000234777 0.00345726 0.000453208 0.000146423 -0.000134886 0.0013118 0.00174018 -0.000984623 0.00257325 -0.000798339 0.00265937 0.000548205 0.00119899
internal_weight=53880 49843 4037.03 22445.6 18143 15408.4 1568.41 4302.63 4757.33 1030.65 27397.3 2415.38 1887.25 1510.69
internal_count=215998 199751 16247 90008 72735 61769 6302 17273 19069 4142 109743 9698 7575 6064
is_linear=0
shrinkage=0.02


Tree=24
num_leaves=15
num_cat=0
split_feature=26 2 1 3 27 22 9 1 19 13 11 11 1 29
split_gain=68.33 19.0666 19.7529 18.4537 21.3973 13.5541 10.8895 14.3589 10.6082 10.5226 10.2985 10.4998 12.1275 13.934
threshold=-0.18333333730697629 0.75000000000000011 2.3267440155905209e-05 0.00018964760965900498 -0.076666668057441698 -0.17514259368181226 0.00043948947859462356 9.4265997176989927e-05 -0.38117520511150355 0.00027394181233830755 0.00062921954668127011 0.00031117355683818465 9.2042224423494204e-05 1.3140286385035507e-12
decision_type=10 2 8 8 8 2 10 8 2 10 10 8 10 2
left_child=1 2 8 4 5 -2 7 -4 -1 -6 11 12 13 -7
right_child=3 -3 6 -5 9 10 -8 -9 -10 -11 -12 -13 -14 -15
leaf_value=0.0030905087118802592 -0.0010258404799224792 0.00019965404723831594 0.0022842185163056768 0.00066633350669076591 -0.00073985883882989652 6.2910065033330344e-05 -0.00061941046962121576 0.0048119481153563043 -0.0013676042072717034 -0.0045692597861572218 0.0039357369017279601 -0.00058790415813082038 0.0033575769120564865 0.0024189437552348172
leaf_weight=262.54690462350845 2634.9062442481518 2855.917097941041 4210.2249891906977 6998.2788101583719 24825.647731736302 4495.1778192818165 381.69925537705421 1162.5499351769686 855.03331986069679 271.24085074663162 334.7750134319067 2686.2412272244692 693.50134029984474 1273.297810792923
leaf_count=1054 10565 11459 16904 28052 99463 18022 1534 4672 3432 1087 1342 10769 2782 5109
internal_value=5.94574e-05 0.0015752 0.00214462 -0.000274605 -0.000451813 0.000238087 0.0026157 0.00284698 -0.000284363 -0.000784851 0.000590697 0.000459968 0.000896038 0.000589527
internal_weight=53941 9727.97 6872.05 44213.1 37214.8 12117.9 5754.47 5372.77 1117.58 25096.9 9482.99 9148.22 6461.98 5768.48
internal_count=216246 39055 27596 177191 149139 48589 23110 21576 4486 100550 38024 36682 25913 23131
is_linear=0
shrinkage=0.02


Tree=25
num_leaves=15
num_cat=0
split_feature=27 24 2 11 28 1 3 6 23 24 6 25 30 24
split_gain=57.7172 26.4506 19.0272 16.0314 15.9658 14.2377 13.7252 13.638 14.4845 13.3325 12.5419 10.0081 9.62126 16.1073
threshold=-0.076666668057441698 -0.25496472418308253 0.75000000000000011 0.00076948560308665048 7.0214317758436627e-13 2.5126580112555533e-05 0.00018964760965900498 0.75000000000000011 0.21011316776275638 0.069960348308086409 0.75000000000000011 0.12281588092446329 0.0025081910425797109 0.18490465730428698
decision_type=10 10 2 8 2 10 10 2 2 10 2 10 2 10
left_child=1 -1 4 11 9 -6 12 -8 -9 -3 -7 -4 13 -2
right_child=6 2 3 -5 5 10 7 8 -10 -11 -12 -13 -14 -15
leaf_value=-0.0042004498106582092 -0.0012996353065826325 0.0008862998542755546 8.2865400093262652e-05 0.0042759897795304567 -0.0002022775536450407 0.0027793134456211665 -0.0010315981938161032 0.00065104222442734726 0.0052096778484200046 -0.0016673467502897471 0.0010318125971549603 -0.002558429359525704 -0.00040123028698159233 0.0028951754556991484
leaf_weight=408.47275052964687 12568.491615995765 4657.6133376955986 7385.9709945470095 325.83428859710693 1192.7422819137573 4604.8771441876888 1937.2290738523006 3224.1846879869699 286.27715837955475 971.95083393156528 2601.4175910353661 602.06443874537945 12574.51179228723 358.79059557616711
leaf_count=1639 50353 18679 29617 1307 4788 18495 7764 12921 1148 3899 10441 2415 50380 1438
internal_value=-3.94994e-05 0.000724894 0.000818617 6.01131e-05 0.00126741 0.00181891 -0.00060151 0.000308838 0.0010502 0.000441068 0.00215308 -0.000122104 -0.000796068 -0.00117892
internal_weight=53700.4 22750.9 22342.5 8313.87 14028.6 8399.04 30949.5 5447.69 3510.46 5629.56 7206.29 7988.04 25501.8 12927.3
internal_count=215284 91280 89641 33339 56302 33724 124004 21833 14069 22578 28936 32032 102171 51791
is_linear=0
shrinkage=0.02


Tree=26
num_leaves=15
num_cat=0
split_feature=0 0 27 27 24 18 3 20 6 9 3 9 0 20
split_gain=108.332 50.9655 24.3365 17.6026 16.0824 9.95416 9.73547 10.2976 9.62192 9.28835 9.13895 16.2762 11.1316 12.2483
threshold=0.074957404285669341 0.026362299919128421 -0.12000000104308127 -9.1593399531575395e-16 -0.19902562350034711 -0.21074925363063809 0.00019363874889677393 -0.11510190367698668 0.58333334326744091 0.00023468770814361053 6.4589141402393593e-05 9.2950456746621071e-05 0.059636659920215614 0.089660622179508223
decision_type=2 2 10 10 10 2 10 2 2 8 10 10 2 2
left_child=1 5 4 8 -3 -1 7 -4 -2 -6 11 -9 13 -12
right_child=3 2 6 -5 9 -7 -8 10 -10 -11 12 -13 -14 -15
leaf_value=-1.7844712035376587e-05 0.0058717947258574831 -0.00179934377530935 -0.0012146522631382261 -0.0004538946499170299 0.001164987618786337 -0.0010432646405838669 0.0010875145792114327 -0.0033267051018263617 0.0032456320263468115 0.002812948939210449 0.00012575985104618662 0.0017415581724352341 0.0015361164325767146 -0.0015129067518492338
leaf_weight=4586.6414371728897 857.60305577516556 565.49973307549953 3156.9240385293961 384.32764852046967 4550.1399340629578 21711.038308009505 2740.038439899683 268.22647942602634 1939.6585737168789 1974.5642016083002 4726.3794877976179 2154.0113568603992 1219.8805628120899 2948.8972981125116
leaf_count=18375 3458 2269 12654 1543 18269 86959 10988 1075 7814 7931 18940 8633 4894 11818
internal_value=-2.90384e-05 -0.000254676 0.000405398 0.00353884 0.00138973 -0.000864568 -1.16703e-06 -0.000208474 0.00408675 0.00167078 7.38408e-05 0.00115768 -0.000223233 -0.000506124
internal_weight=53783.8 50602.2 24304.6 3181.59 7090.2 26297.7 17214.4 14474.3 2797.26 6524.7 11317.4 2422.24 8895.16 7675.28
internal_count=215620 202805 97471 12815 28469 105334 69002 58014 11272 26200 45360 9708 35652 30758
is_linear=0
shrinkage=0.02


Tree=27
num_leaves=15
num_cat=0
split_feature=0 0 26 27 13 22 22 26 5 23 22 12 24 3
split_gain=104.908 44.1823 23.195 20.3194 25.2245 18.2007 21.9632 13.3077 14.7262 10.5951 9.82707 10.445 14.7292 12.3988
threshold=0.066369172185659422 0.033031640574336059 -0.26000000536441797 -0.13222222775220868 0.00015532915131188932 -0.20973551273345944 0.13896037638187411 -0.18333333730697629 0.00027735631738323724 0.056599799543619163 0.26270844042301184 0.91666665673255932 -0.14880687743425366 0.00023590172349940988
decision_type=2 2 10 10 10 2 2 8 10 2 2 2 10 10
left_child=1 7 -2 5 10 -3 -7 8 -1 -6 11 12 -5 -13
right_child=2 3 -4 4 9 6 -8 -9 -10 -11 -12 13 -14 -15
leaf_value=-9.9208702013396988e-05 0.0054428287491651199 -0.00076333025895777872 0.0020182792085067804 0.0041222979786766766 0.0015255825092392048 0.0029924969940211587 -0.0014360599441287727 -0.00093140690498841328 0.0041331854146778434 0.0056364656153114348 0.0028389947668855677 -0.0014606009451039188 -6.1260587515679247e-05 0.0026537684240304934
leaf_weight=4410.195071041584 980.11153498291969 959.54238587617874 4067.97146679461 334.50362174212933 811.77855777740479 2963.6485089361668 514.74238124489784 27077.665165483952 335.26053175330162 358.85622869431973 390.25404442846775 3638.9315661042929 6665.2720236927271 300.26741236448288
leaf_count=17678 3956 3852 16361 1341 3257 11905 2067 108453 1345 1440 1565 14584 26715 1204
internal_value=-3.67184e-05 -0.000321245 0.00270203 0.000503573 8.99825e-05 0.00166286 0.00233268 -0.000760293 0.000215896 0.00285928 -0.0002007 -0.000314126 0.000149838 -0.00113516
internal_weight=53809 48760.9 5048.08 16937.8 12499.9 4437.93 3478.39 31823.1 4745.46 1170.63 11329.2 10939 6999.78 3939.2
internal_count=215723 195406 20317 67930 50106 17824 13972 127476 19023 4697 45409 43844 28056 15788
is_linear=0
shrinkage=0.02


Tree=28
num_leaves=15
num_cat=0
split_feature=0 0 0 27 13 23 24 11 21 24 11 25 26 13
split_gain=119.85 44.6336 17.4626 16.3162 20.8815 15.2959 14.9804 12.9055 10.3575 13.3271 10.0361 17.2485 9.97198 9.93657
threshold=0.066369172185659422 0.02734616864472628 0.097167816013097777 -0.13222222775220868 0.00014216658018995079 0.094869066029787077 -0.20590536296367642 0.00025965494569391018 -0.20036428421735761 -0.07900697365403174 0.00064705900149419915 0.092301882803440108 -0.093333333730697618 0.00011576852193684319
decision_type=2 2 2 10 10 2 10 8 2 10 10 10 10 10
left_child=1 -1 5 6 8 7 -3 -2 -5 13 -11 -12 -4 -10
right_child=2 3 12 4 -6 -7 -8 -9 9 10 11 -13 -14 -15
leaf_value=-0.00080704977144795272 0.004560972454033258 -0.0023624644165300586 0.006987373581012638 -0.0016879534729244677 0.0019534865496373187 0.00052210841155330508 0.0016485315933173093 0.0019037087035989712 0.00084499558106098608 -7.344247442828704e-05 -0.0037218152002666607 0.001805746891496694 0.0020262039690717411 0.0045875959508442522
leaf_weight=27205.796481564641 1417.4574498534203 384.67519779503345 585.37502928078175 1605.0779231637716 2075.9173499196768 1228.4053993672132 5045.5903816372156 1590.3304084986448 1768.3200491368771 9318.5488000363111 748.38107290863991 305.58675652742386 250.19872573018074 321.5368780195713
leaf_count=108966 5707 1543 2368 6433 8327 4939 20265 6396 7088 37344 2999 1225 1007 1289
internal_value=3.6101e-05 -0.000268574 0.00295596 0.000410598 9.10426e-05 0.0024138 0.00135677 0.00317783 -0.000186179 9.63475e-06 -0.000284598 -0.00211538 0.00558392 0.00145885
internal_weight=53851.2 48779.4 5071.77 21573.6 16143.4 4236.19 5430.27 3007.79 14067.5 12462.4 10372.5 1053.97 835.574 2089.86
internal_count=215896 195479 20417 86513 64705 17042 21808 12103 56378 49945 41568 4224 3375 8377
is_linear=0
shrinkage=0.02


Tree=29
num_leaves=15
num_cat=0
split_feature=26 7 28 29 13 24 29 20 18 24 25 24 24 13
split_gain=42.5473 17.7442 17.3114 14.7756 13.9295 12.3034 12.1448 11.2986 10.3832 9.85296 10.8769 9.78119 9.21801 9.17755
threshold=-0.18333333730697629 0.00058887767954729508 2.1673116860215784e-12 2.4668688044984099e-13 0.00011422844909247944 -0.16515394300222394 6.3069186917279206e-13 0.097609050571918501 0.28628115355968481 -0.19902562350034711 -0.18208537250757215 -0.0029153525829315181 -0.0097137931734323484 9.5738312666071592e-05
decision_type=10 8 2 2 8 10 2 2 2 10 10 10 10 10
left_child=2 3 5 -2 11 -1 -5 9 -9 -8 -11 -3 -7 -10
right_child=1 4 -4 6 -6 12 7 8 13 10 -12 -13 -14 -15
leaf_value=-0.0013465054294414839 0.0038414513643228649 -0.0032664109395230899 0.0029041893097059884 -0.00068362140261077591 0.0036036120261308778 0.0017534160300265813 -0.0026414145152655328 -0.0013236859968406222 -0.00043860034349318608 0.002764574983451536 0.00026259209854417035 0.0019985498692507045 0.00028321990151428957 0.002431857871929015
leaf_weight=935.82991573214531 317.72659933567047 250.42976555228233 1909.2469556331635 22090.358270868659 813.70459569990635 3699.0783850550652 421.05117423832417 3986.1295620650053 1502.7120384722948 714.48185490071774 13090.85951474309 276.10033576190472 3168.1138480901718 610.61084818840027
leaf_count=3757 1274 1004 7681 88502 3264 14850 1689 15978 6027 2867 52473 1107 12720 2448
internal_value=9.406e-06 -0.000254768 0.00120629 -0.000326206 0.00199435 0.000784479 -0.00035922 -6.33173e-06 -0.000725092 0.000302416 0.000395892 -0.000533481 0.00107795 0.000405796
internal_weight=53786.4 44074.2 9712.27 42733.9 1340.23 7803.02 42416.2 20325.8 6099.45 14226.4 13805.3 526.53 6867.19 2113.32
internal_count=215641 176633 39008 171258 5375 31327 169984 81482 24453 57029 55340 2111 27570 8475
is_linear=0
shrinkage=0.02


Tree=30
num_leaves=15
num_cat=0
split_feature=0 26 0 0 5 1 0 5 3 26 5 5 1 4
split_gain=100.644 29.6056 22.0315 13.5512 12.0912 11.5694 11.0163 9.87429 11.5011 15.0449 12.2272 9.232 9.19007 10.3212
threshold=0.053288420662283904 -0.18333333730697629 0.02734616864472628 0.085550121963024153 0.00055653305025771271 0.00010282656512572431 0.078768830746412291 4.9670532462187118e-05 0.00019363874889677393 -0.18333333730697629 0.00024134439445333558 0.00012542213517008352 2.118947122653481e-05 0.58333334326744091
decision_type=2 10 2 2 8 10 2 10 10 10 10 8 10 2
left_child=2 3 4 11 -1 6 -3 -4 9 12 -11 -2 -9 -14
right_child=1 5 7 -5 -6 -7 -8 8 -10 10 -12 -13 13 -15
leaf_value=-0.00083338771156176382 0.0015257890798116148 0.00021621845446478913 0.0021611183754563969 0.005937203498572117 0.0032006334833787763 0.0027275561565986311 0.0023538218442092861 -0.0021711874441120989 0.0012750307450424575 -0.00032054667334081009 -0.0027516199967215077 0.0042723886467871787 0.0037535727202721871 0.00071856546702429402
leaf_weight=26888.307508215308 1206.9563730210066 4323.0022277384996 886.61571709811687 705.943698823452 281.30395582318306 1390.6763591319323 1223.1025751084089 261.09605665504932 2435.2336403280497 10345.338906601071 880.40308460593224 848.43448311090469 645.71581228077412 1411.5021430701017
leaf_count=107690 4855 17346 3556 2859 1128 5587 4924 1048 9769 41464 3529 3414 2594 5667
internal_value=-3.06711e-05 0.00181159 -0.000437037 0.00355672 -0.000789297 0.00110867 0.000694396 0.000130688 1.54685e-05 -0.000212548 -0.000515763 0.00268979 0.00124753 0.00169816
internal_weight=53733.6 9698.12 44035.5 2761.33 27169.6 6936.78 5546.1 16865.9 15979.3 13544.1 11225.7 2055.39 2318.31 2057.22
internal_count=215430 38985 176445 11128 108818 27857 22270 67627 64071 54302 44993 8269 9309 8261
is_linear=0
shrinkage=0.02


Tree=31
num_leaves=15
num_cat=0
split_feature=0 0 27 27 0 13 13 5 21 13 20 13 24 25
split_gain=90.7915 29.1316 24.0491 18.7193 14.7243 13.1314 15.7729 9.23357 8.97488 14.641 8.89344 14.7799 10.9759 10.0759
threshold=0.061451720073819167 0.024435764178633693 -0.13222222775220868 -0.12000000104308127 0.077433113008737578 0.00015532915131188932 0.00027394181233830755 0.00055653305025771271 -0.12172171473503111 0.00012387175229378047 -0.16567097604274747 4.6746261432417675e-05 -0.15812543779611585 -0.10819401592016219
decision_type=2 2 8 10 2 10 10 8 2 10 2 10 10 10
left_child=1 7 10 4 -2 -4 -7 8 9 -1 11 13 -13 -3
right_child=3 2 5 -5 -6 6 -8 -9 -10 -11 -12 12 -14 -15
leaf_value=-0.00052709794716961262 0.0018951138957066832 0.00018796451093917567 -0.00028773653808391366 0.0011987054538931704 0.0046465714182882664 0.0024961203922984855 -0.0022649856343268655 0.0029214547439821614 -0.00098977867425606718 0.0021822048964912867 0.0019916209752176969 -0.0012471210168393024 0.0027146924225635843 -0.0051722878280117133
leaf_weight=4956.959714576602 1536.8850251734257 282.99934558570385 15571.432594448328 3375.7243958860636 1656.8111503869295 1369.690947458148 331.32714048027992 254.32986263930798 18516.783378332853 930.1870022714138 3607.7282376736403 397.51692722737789 852.31491263210773 255.52662372589111
leaf_count=19856 6182 1136 62398 13561 6696 5495 1329 1020 74154 3726 14489 1595 3423 1026
internal_value=4.83676e-05 -0.00025777 0.000259653 0.0022479 0.00334254 -0.000104852 0.0015532 -0.000733265 -0.000773715 -9.30809e-05 0.00142248 0.000265004 0.00145482 -0.00244957
internal_weight=53896.2 47326.8 22668.5 6569.42 3193.7 17272.5 1701.02 24658.3 24403.9 5887.15 5396.09 1788.36 1249.83 538.526
internal_count=216086 189647 90891 26439 12878 69222 6824 98756 97736 23582 21669 7180 5018 2162
is_linear=0
shrinkage=0.02


Tree=32
num_leaves=15
num_cat=0
split_feature=27 3 13 7 7 25 2 18 29 29 29 28 13 13
split_gain=41.9941 14.3399 12.7488 15.7829 15.4464 14.0285 12.3467 11.5127 11.1885 12.4546 16.2468 10.4708 10.3476 10.1579
threshold=-0.13222222775220868 0.00018964760965900498 0.00011193597674719059 0.00058887767954729508 0.00045182975009083753 0.09953233972191812 0.75000000000000011 -0.36941911280155176 2.5446966582520773e-12 7.3007282185878774e-13 6.741543358713271e-13 2.5484979794890287e-12 0.00020615132234524938 0.00016498098557349297
decision_type=10 8 10 10 8 10 2 2 2 2 2 2 10 10
left_child=1 6 4 7 -2 -6 11 -4 9 10 -9 -1 -5 -11
right_child=2 -3 3 12 5 -7 -8 8 -10 13 -12 -13 -14 -15
leaf_value=0.00085936416111008853 -0.00044777657133622707 0.0028115863134409763 0.0032956130659716892 0.0046689033323886846 -0.0036953426899822704 0.0014529865138737128 -0.0002808538317707648 -0.00020240806482836103 -0.0032833288312829325 0.00032803901205850027 -0.0039928963163199157 0.0029008993694141171 6.0135309870785911e-05 0.0027196361489063097
leaf_weight=7107.4225551337004 27801.318714469671 1488.7652089446783 395.72848542034626 488.5701397061348 1032.7098499387503 253.38347660005093 3381.374865218997 5929.8108713328838 403.2665736079216 2638.0416983962059 469.92083075642586 1158.4680468440056 316.75846149027348 955.65248896181583
leaf_count=28544 111391 5987 1587 1960 4138 1016 13571 23757 1617 10572 1883 4664 1271 3832
internal_value=-7.06321e-06 0.000975249 -0.000324546 0.000235841 -0.000547992 -0.00267431 0.000736109 3.19286e-05 -9.83858e-05 3.64379e-05 -0.000492309 0.0011518 0.00290153 0.000975556
internal_weight=53821.2 13136 40685.2 11597.7 29087.4 1286.09 11647.3 10792.4 10396.7 9993.43 6399.73 8265.89 805.329 3593.69
internal_count=215790 52766 163024 46479 116545 5154 46779 43248 41661 40044 25640 33208 3231 14404
is_linear=0
shrinkage=0.02


Tree=33
num_leaves=15
num_cat=0
split_feature=0 0 26 27 13 13 16 5 13 20 13 3 9 20
split_gain=92.6765 37.5842 23.0289 16.0425 19.4976 13.2933 13.078 11.6901 11.5978 11.4062 10.9407 10.8715 10.4296 9.51007
threshold=0.070678327232599272 0.032233405858278281 -0.13666667044162747 -0.12000000104308127 0.00015532915131188932 0.00019018566672457385 -0.12780693918466565 0.00017692472465569156 0.00011576852193684319 -0.19157031178474423 0.00011125317905680278 5.4657492000842474e-05 0.00011888254448422232 0.22349958866834643
decision_type=2 2 10 10 10 10 2 10 10 2 10 10 10 2
left_child=1 8 -2 -3 6 -6 7 -5 -1 -10 -9 12 -8 -4
right_child=2 3 13 4 5 -7 11 10 9 -11 -12 -13 -14 -15
leaf_value=-0.00089177912416469251 0.0045846742655804061 0.0013529093775724169 0.0021598246598777547 -0.0018990231074132056 0.0044047767772271082 0.00033366021241816314 -0.0012591469153629927 -0.00083297058066147294 0.0025250007925190065 -0.00022779806511144093 0.0031259730567526288 -8.3011489558616043e-06 0.0033503519928939096 -0.0010768632301276675
leaf_weight=24164.32735453546 1770.3327075988054 5530.6861372441053 1819.5299986153841 2601.4428398758173 633.97153201699257 636.74266524612904 251.00680005550385 845.29231560230255 644.55328804254532 6384.3010287731886 392.80900339782238 6881.4376613795757 755.21245734393597 439.28410619497299
leaf_count=96786 7156 22221 7322 10426 2545 2556 1006 3388 2583 25571 1575 27582 3027 1766
internal_value=-2.34681e-05 -0.000260314 0.00288618 0.000452837 6.83613e-05 0.00240156 -0.000188113 -0.00114224 -0.000683941 3.10845e-05 0.000452799 0.000278048 0.00219836 0.00152644
internal_weight=53750.9 49721.8 4029.15 18528.6 12997.9 1270.71 11727.2 3839.54 31193.2 7028.85 1238.1 7887.66 1006.22 2258.81
internal_count=215510 199266 16244 74326 52105 5101 47004 15389 124940 28154 4963 31615 4033 9088
is_linear=0
shrinkage=0.02


Tree=34
num_leaves=15
num_cat=0
split_feature=27 28 23 5 13 25 23 13 29 29 20 29 21 5
split_gain=36.6462 10.9335 18.6847 10.8958 10.2078 10.0738 11.6694 10.7869 10.2724 12.6332 14.0096 11.3585 12.6828 11.0484
threshold=-0.13222222775220868 6.3414074338852277e-13 -0.09260415285825728 0.00010705951717682184 0.00011193597674719059 -0.12444471940398215 0.044099628925323493 0.00011731905760825613 2.2446662584219017e-12 1.0126264518746377e-12 -0.12534879893064496 4.9544342153179387e-13 -0.01449602749198675 0.00024384434072999286
decision_type=10 2 2 8 10 10 2 10 2 2 2 2 2 10
left_child=1 2 -1 -3 -2 -6 8 -8 9 10 -7 -12 -13 -11
right_child=4 3 -4 -5 5 6 7 -9 -10 13 11 12 -14 -15
leaf_value=-0.0011900528437685323 -0.00047577077024701925 0.00056233488689459948 0.0015007763996170507 0.0019629117487969354 0.0019703731174946179 0.0010595618523220748 0.003643174515566624 0.00048671328221261016 -0.0036835410346829317 0.0027309974988538256 -9.012110320869719e-05 -0.0037840429239193781 -0.00066493953761577159 -0.0015065424009218747
leaf_weight=2162.1298847794533 29092.911322519183 4085.9299864917994 1938.8799601495266 4907.9902944266796 1168.2370839565992 1279.4136094599962 477.44373279809952 3423.232171356678 359.66825701296329 854.02413734793663 1614.8662774264812 1096.8762422204018 997.38648998737335 327.70059405267239
leaf_count=8678 116563 16417 7782 19731 4685 5128 1913 13720 1442 3423 6469 4395 3996 1314
internal_value=2.03455e-05 0.000939777 8.32298e-05 0.00132929 -0.000275851 0.000225555 2.67367e-05 0.000889679 -0.000489887 -0.000292427 -0.000733414 -0.00135424 -0.00231892 0.00155038
internal_weight=53786.7 13094.9 4101.01 8993.92 40691.8 11598.8 10430.6 3900.68 6529.94 6170.27 4988.54 3709.13 2094.26 1181.72
internal_count=215656 52608 16460 36148 163048 46485 41800 15633 26167 24725 19988 14860 8391 4737
is_linear=0
shrinkage=0.02


Tree=35
num_leaves=15
num_cat=0
split_feature=0 26 0 0 1 27 22 27 5 8 22 11 29 29
split_gain=104.666 28.6736 24.5758 18.3043 14.0247 13.8915 13.042 13.4814 11.731 10.9036 9.9912 9.40227 8.59089 12.2084
threshold=0.053288420662283904 -0.18333333730697629 0.02734616864472628 0.10226704180240632 0.00010098154962179252 -0.13222222775220868 -0.23941587656736371 -0.097777780145406709 0.00012542213517008352 0.75000000000000011 0.13896037638187411 0.00025067832029890274 1.3341034548787491e-12 1.1783564033383822e-12
decision_type=2 10 2 2 10 10 2 8 8 2 2 10 2 2
left_child=2 3 -1 8 6 10 -3 9 -2 11 -4 -8 13 -7
right_child=1 4 5 -5 -6 12 7 -9 -10 -11 -12 -13 -14 -15
leaf_value=-0.00088398763200744402 0.001675586442578188 -0.0034646592749430407 0.0014751919395682921 0.0080594575544546323 0.0028283496799264784 -0.00032754406749696779 0.0052483875729306337 0.00011897856891219059 0.0045003802624836954 0.00048018163240433456 -0.001666897635587999 0.0012283372866930097 0.00097365841846774079 -0.0040942757481201332
leaf_weight=27196.98624163866 1428.7882594615221 276.29327012598515 3523.68272562325 298.97837200760841 1446.4195920825005 10621.479573324323 576.44127915799618 3439.2947805821896 1029.9356374144554 783.65851305425167 440.22730095684528 406.91147203743458 1984.9029167592525 335.99297650158405
leaf_count=108920 5757 1110 14156 1215 5813 42564 2320 13802 4153 3151 1768 1637 7958 1347
internal_value=-9.83706e-05 0.00178193 -0.000511975 0.00350055 0.00108983 8.68155e-05 0.000622556 0.000851889 0.00288563 0.00226112 0.00111962 0.00364253 -0.000230744 -0.000450294
internal_weight=53790 9686.72 44103.3 2757.7 6929.02 16906.3 5482.6 5206.31 2458.72 1767.01 3963.91 983.353 12942.4 10957.5
internal_count=215671 38958 176713 11125 27833 67793 22020 20910 9910 7108 15924 3957 51869 43911
is_linear=0
shrinkage=0.02


Tree=36
num_leaves=15
num_cat=0
split_feature=0 27 0 22 13 3 29 0 27 22 22 13 8 29
split_gain=84.5475 26.1728 19.9363 16.842 17.1212 16.5348 17.0899 12.7765 12.4938 13.9744 15.6075 11.9534 10.8165 12.6533
threshold=0.053288420662283904 -0.13222222775220868 0.020060267299413684 -0.30993221700191492 3.2265894333249896e-05 0.00020745034271385523 1.0804067059402846e-12 0.077433113008737578 -0.076666668057441698 -0.20973551273345944 0.13896037638187411 0.00014216658018995079 0.91666665673255932 5.8740154667419341e-13
decision_type=2 10 2 2 8 8 2 2 10 2 2 10 2 2
left_child=2 3 -1 -2 -5 8 -7 -6 9 -4 -11 12 13 -3
right_child=1 11 5 4 7 6 -8 -9 -10 10 -12 -13 -14 -15
leaf_value=-0.00078628933771093497 -0.0015820205139573265 -0.00043549564680433675 -0.0013618356948901123 -0.00031578305632808237 0.0027787596900751277 0.00056372155734786219 0.0040943211232789658 0.0054290616591451749 -0.00055249076109262891 0.0011215862477209184 -0.0017514813262097032 0.0034241639652734818 -0.00086139428415021304 0.0020077764514598645
leaf_weight=20531.551479458809 285.64167700707912 1307.9472872763872 1421.5304236859083 438.94271187484264 1866.7412303686142 2087.6225878447294 727.8475112169981 1281.755843386054 11873.628219649196 6534.8565339148045 836.89597529172897 635.17104835808277 1514.0019914209843 2358.4957642406225
leaf_count=82222 1150 5249 5702 1770 7512 8370 2922 5190 47566 26214 3357 2552 6076 9473
internal_value=4.11035e-05 0.0017305 -0.000331396 0.00300062 0.00337225 6.66653e-05 0.00149888 0.00388516 -0.000129708 0.000441138 0.000791558 0.000877235 0.00055299 0.00113854
internal_weight=53702.6 9688.7 44013.9 3873.08 3587.44 23482.4 2815.47 3148.5 20666.9 8793.28 7371.75 5815.62 5180.45 3666.44
internal_count=215325 38972 176353 15622 14472 94131 11292 12702 82839 35273 29571 23350 20798 14722
is_linear=0
shrinkage=0.02


Tree=37
num_leaves=15
num_cat=0
split_feature=0 0 26 1 26 0 25 27 27 1 17 20 26 0
split_gain=94.2053 28.5545 14.68 16.3708 14.3029 12.5903 13.54 14.0282 14.9067 14.9121 11.358 11.2332 10.51 10.2559
threshold=0.04467704892158509 0.085550121963024153 -0.18333333730697629 0.00010282656512572431 -0.093333333730697618 0.019626244902610782 -0.015184985008090733 0.026666667312383655 -0.13666667044162747 3.3876665838761262e-05 0.10778442770242692 0.089660622179508223 0.083333335816860213 0.041881682351231582
decision_type=2 2 10 10 10 2 10 8 10 10 2 2 10 2
left_child=5 2 -2 -4 -3 -1 13 8 9 -8 -11 -9 -13 -7
right_child=1 4 3 -5 -6 6 7 11 -10 10 -12 12 -14 -15
leaf_value=-0.00084566800432086305 0.0023048059439069288 0.0051178075765626061 0.00026637847674221109 0.0023231464162703683 0.0011856946791052138 0.0006245442731262924 -0.0021124306619533495 0.0028920291936205661 -0.0014330522989688605 0.0038286687488020168 -0.00035195270060060194 -0.0016729488738669793 0.0016988880625999217 -0.0016772560146387679
leaf_weight=20171.735055401921 2922.6067707240582 1125.1369097679853 7604.2147168070078 1925.807088047266 568.55692131817341 8508.4332767128944 477.71258446574211 674.91781897842884 6532.8931624293327 601.67252218723297 441.38023607432842 821.89306554198265 639.57423162460327 832.38634115457535
leaf_count=80779 11763 4562 30511 7733 2289 34104 1917 2704 26171 2416 1772 3293 2563 3339
internal_value=3.91137e-06 0.00140417 0.00106902 0.000686001 0.00382708 -0.000495466 -0.000133278 -0.000636864 -0.00101865 0.000757033 0.00208625 0.000798476 -0.000194335 0.000416279
internal_weight=53848.9 14146.3 12452.6 9530.02 1693.69 39702.6 19530.9 10190 8053.66 1520.77 1043.05 2136.39 1461.47 9340.82
internal_count=215916 56858 50007 38244 6851 159058 78279 40836 32276 6105 4188 8560 5856 37443
is_linear=0
shrinkage=0.02


Tree=38
num_leaves=15
num_cat=0
split_feature=26 2 28 5 30 18 30 9 8 13 7 13 9 7
split_gain=30.421 20.4317 14.6253 12.8943 10.9588 10.4646 10.4476 9.71961 15.3538 9.58175 14.5318 13.9237 15.8521 12.2353
threshold=-0.18333333730697629 0.75000000000000011 7.0214317758436627e-13 0.00012191696805530229 -0.54215165972709645 0.08765807002782823 0.41099782288074499 0.0001438530380255543 0.58333334326744091 0.00011193597674719059 0.00052555053844116639 8.5885560110909878e-05 0.0001213886935147457 0.00026989291654899722
decision_type=10 2 2 8 2 2 2 10 2 8 8 10 10 10
left_child=1 2 7 -4 -3 -6 9 -1 -9 11 -11 12 -2 -13
right_child=6 4 3 -5 5 -7 -8 8 -10 10 -12 13 -14 -15
leaf_value=-0.0011677553054527507 0.0010096875288108794 0.0033713030301581095 0.0012799214445968067 0.0034273767292163598 -0.0012802929842056162 0.0023997242796926664 0.00096167159646226336 -0.0018575375807418852 0.0027624681821548768 -5.7710967841275647e-06 0.0024391433485026468 -0.00064557267279138019 -0.00042763549941538361 -0.0022790080780700308
leaf_weight=974.5381341278553 3705.1982403695583 261.84622752666473 2424.2570948302746 2120.3729528188705 2241.8781514465809 339.21287570893764 2925.7482646405697 389.83565333485603 967.31527508795261 9988.3456149995327 1057.2876977324486 6451.1197392046452 17421.609322384 2558.0227911621332
leaf_count=3913 14852 1051 9750 8537 9000 1363 11731 1566 3884 40027 4242 25844 69821 10249
internal_value=3.41319e-05 0.00104581 0.00163407 0.00229248 -0.000378515 -0.000781924 -0.000189169 0.000342207 0.00142769 -0.000271358 0.000232242 -0.000455972 -0.000174843 -0.00111339
internal_weight=53826.6 9719.26 6876.32 4544.63 2842.94 2581.09 44107.3 2331.69 1357.15 41181.6 11045.6 30136 21126.8 9009.14
internal_count=215830 39064 27650 18287 11414 10363 176766 9363 5450 165035 44269 120766 84673 36093
is_linear=0
shrinkage=0.02


Tree=39
num_leaves=15
num_cat=0
split_feature=27 24 5 8 25 24 11 5 6 5 23 23 24 17
split_gain=33.5443 32.7744 17.5905 20.2858 14.449 13.982 10.6645 11.0119 10.7667 11.9207 16.4073 10.2283 9.66455 7.86775
threshold=-0.076666668057441698 -0.25496472418308253 0.00034320833219680941 0.91666665673255932 -0.27415312826633448 0.2001432999968529 0.00015150959370657804 0.00017692472465569156 0.41666667163372045 0.00019217575754737484 0.15379600971937182 0.01941673364490271 -0.07776064425706862 -0.44533236324787134
decision_type=10 8 8 2 10 10 8 10 2 10 2 2 10 2
left_child=1 -1 3 4 -3 6 7 -2 11 12 13 -8 -10 -11
right_child=5 2 -4 -5 -6 -7 8 -9 9 10 -12 -13 -14 -15
leaf_value=-0.0050164949464924866 -0.0013892742128759415 0.0042282103820235027 0.0032972966938685884 -0.00069161377213243307 0.00069367929175945058 0.0025302618864653228 -0.0003538447115137093 -0.0057536431708164462 0.00038828568897489015 0.0025124080346222008 0.0023408133728723443 -0.0044894195182555571 -0.0008826373511705137 -0.00030773449875983594
leaf_weight=405.58070780336857 1773.2930399477482 457.13510800898075 899.24053286015987 4681.1573098003864 16372.158780813217 567.94378730654716 454.05891662836075 250.87768526375294 2800.8030139654875 399.18299297988415 1211.5718569159508 494.43940331041813 16035.887983426452 7062.3631692528725
leaf_count=1628 7103 1839 3616 18776 65738 2277 1819 1005 11222 1600 4857 1981 64232 28297
internal_value=-9.88426e-05 0.000483157 0.000587077 0.000470819 0.000794593 -0.000526521 -0.000585096 -0.0019812 -0.000484473 -0.00041118 0.000202062 -0.00255785 -0.000693454 -0.000150548
internal_weight=53865.7 22815.3 22409.7 21510.5 16829.3 31050.4 30482.5 2024.17 28458.3 27509.8 8673.12 948.498 18836.7 7461.55
internal_count=215990 91597 89969 86353 67577 124393 122116 8108 114008 110208 34754 3800 75454 29897
is_linear=0
shrinkage=0.02


Tree=40
num_leaves=15
num_cat=0
split_feature=27 24 27 29 24 11 1 25 2 23 11 1 25 25
split_gain=35.5003 22.9452 17.9947 16.4754 14.7617 14.2996 16.2142 15.3878 13.8161 16.4876 13.3938 12.7194 11.9811 11.9086
threshold=-0.076666668057441698 -0.25496472418308253 0.026666667312383655 6.3069186917279206e-13 -0.076582316309213624 0.00013555475015891719 2.4241101527877621e-05 -0.26008790731430048 0.58333334326744091 -0.029990608803927895 0.001005771919153631 9.918087016558276e-05 0.0021858806721866135 -0.066454764455556856
decision_type=10 8 10 2 10 10 8 10 2 2 10 10 10 10
left_child=1 -1 4 8 -2 6 -5 -7 -3 12 -4 -9 -10 -13
right_child=2 3 10 5 -6 7 -8 11 9 -11 -12 13 -14 -15
leaf_value=-0.0039816531754697463 0.00037458342502220043 0.0011986920829854359 0.00029245127492993005 -0.0010764207434610534 -0.00090122111403836557 0.0043555676912506109 0.0039467274552435752 0.00043576842708725993 -0.00084107083228807957 0.0011795731358766892 0.0043584341942471102 0.0003132500755056189 -0.0041421277797243118 0.0031649272417947167
leaf_weight=404.97813194990158 4426.8339716643095 2514.2461822777987 6415.1698628664017 314.37750825285912 19835.888260886073 474.52524499595165 1228.13945966959 10006.696810871363 3428.0594202727079 1504.7744378298521 321.58447763323784 972.76019063591957 487.97107508778572 1470.850773692131
leaf_count=1625 17739 10088 25703 1263 79455 1910 4936 40183 13745 6034 1290 3911 1956 5915
internal_value=2.60246e-05 0.000624641 -0.000414517 0.000711388 -0.000668329 0.00111261 0.00292229 0.000892454 -2.10909e-05 -0.00058917 0.000498871 0.000753689 -0.00127137 0.00204148
internal_weight=53806.9 22807.4 30999.5 22402.4 24262.7 14467.3 1542.52 12924.8 7935.05 5420.8 6736.75 12450.3 3916.03 2443.61
internal_count=215753 91566 124187 89941 97194 58118 6199 51919 31823 21735 26993 50009 15701 9826
is_linear=0
shrinkage=0.02


Tree=41
num_leaves=15
num_cat=0
split_feature=27 24 11 5 5 19 3 19 13 24 27 20 13 11
split_gain=32.3589 26.7431 16.1806 14.8329 11.6175 11.425 11.1605 9.63171 9.25901 11.1699 8.38305 10.9622 10.4066 9.84869
threshold=-0.076666668057441698 -0.25496472418308253 0.00022635493951383981 0.0003940066671930254 0.00019217575754737484 -0.15652590245008466 0.00016529737331438812 0.38916787505149847 0.00011193597674719059 0.039370294660329826 -0.18777777999639508 -0.14777733385562894 3.5722239772439941e-05 0.0003756752703338862
decision_type=10 8 10 8 10 2 10 2 10 10 10 2 10 8
left_child=1 -1 7 5 -4 10 8 -2 9 -6 12 -12 -3 -14
right_child=2 3 4 -5 6 -7 -8 -9 -10 -11 11 -13 13 -15
leaf_value=-0.0044521195731868522 -0.0015311838691072419 -0.00031376730200335365 -0.00054724629150720481 0.0036878095927377081 -0.0027030878004436956 0.00016771447130950283 0.00094306137707740102 0.0014610900496997636 0.00064149754430219987 0.00046046621273771143 -0.00013418973365885098 0.0016503573559669307 0.0031521507487335832 -0.0004207643701461814
leaf_weight=404.03493891656399 6311.8247047960758 622.60092316567898 15684.597402080894 593.40977273881435 1124.0864040404558 13374.254297450185 5227.0979509651661 446.19970709085464 1474.1484807878733 723.70969085395336 3141.1022713929415 2427.7058031708002 1930.5443015992641 361.3959823846817
leaf_count=1621 25281 2503 62827 2388 4502 53686 20950 1788 5907 2899 12602 9741 7767 1454
internal_value=-4.50964e-05 0.000525568 -0.000466005 0.000619031 -0.000224196 0.000532422 0.000368386 -0.00132989 -0.000536101 -0.00147238 0.00110565 0.0006469 0.00197179 0.00259
internal_weight=53846.7 22855 30991.7 22451 24233.6 21857.6 8549.04 6758.02 3321.94 1847.8 8483.35 5568.81 2914.54 2291.94
internal_count=215916 91762 124154 90141 97085 87753 34258 27069 13308 7401 34067 22343 11724 9221
is_linear=0
shrinkage=0.02


Tree=42
num_leaves=15
num_cat=0
split_feature=0 0 27 13 27 24 22 13 8 0 6 22 7 9
split_gain=82.9826 25.6999 17.5095 16.108 15.5917 15.3046 16.4028 13.2153 11.2359 9.95823 9.60254 9.55659 10.3521 9.50039
threshold=0.066369172185659422 0.02734616864472628 -0.13222222775220868 0.00015532915131188932 -0.26388889551162714 -0.19902562350034711 0.13652865588665011 0.00027394181233830755 0.75000000000000011 0.03555386699736119 0.58333334326744091 -0.20973551273345944 0.00019671623158501464 0.00019063325453316796
decision_type=2 2 10 8 10 10 2 10 2 2 2 2 10 8
left_child=1 -1 5 -4 -2 -3 11 9 10 -5 -6 12 -7 -8
right_child=4 2 3 7 8 6 13 -9 -10 -11 -12 -13 -14 -15
leaf_value=-0.00064633965630119645 0.0050660226227835945 -0.0022350258510688251 -0.00026115610042854213 0.0002120738797668517 0.0048684507107017699 -0.0015316432679527599 -0.0034635793534408131 -0.0018110612364111969 0.00093350243494360902 0.0039785551900618048 0.0019921808323161636 0.0024595874267616543 0.0030034722120679666 0.001422532281181207
leaf_weight=27150.644514322281 761.60909189283848 442.92548625171185 14559.832371339202 419.24797074496746 712.8311360925436 545.91347114741802 359.58296704292297 301.54599456489086 2151.9968114942312 844.82479698956013 1420.2437544614077 3533.584148645401 292.52725206315517 259.13930509984493
leaf_count=108727 3088 1777 58348 1682 2877 2193 1444 1210 8664 3393 5725 14210 1176 1042
internal_value=1.61156e-05 -0.000237176 0.000278228 -5.30208e-05 0.00245214 0.00125786 0.00157554 0.00186146 0.00196618 0.00275211 0.00298967 0.00200642 8.37441e-05 -0.00143667
internal_weight=53756.4 48709.8 21559.1 16125.5 5046.68 5433.67 4990.75 1565.62 4285.07 1264.07 2133.07 4372.02 838.441 618.722
internal_count=215556 195202 86475 64633 20354 21842 20065 6285 17266 5075 8602 17579 3369 2486
is_linear=0
shrinkage=0.02


Tree=43
num_leaves=15
num_cat=0
split_feature=0 0 11 20 28 11 1 23 11 11 28 5 20 0
split_gain=83.8307 26.5707 15.0794 13.756 10.3619 12.1482 13.3331 11.4926 10.3295 18.4184 15.2226 9.71788 9.48429 11.2719
threshold=0.066369172185659422 0.024919435381889347 0.00024764156842138624 0.065173830837011351 6.5603308918062163e-13 9.7537791589275016e-05 8.350075222551824e-05 0.28768035769462591 0.00022074429580243307 0.00036426431324798619 3.7108021462475138e-13 0.00050895847380161296 0.04902556166052819 0.036728642880916602
decision_type=2 2 8 2 2 10 10 2 10 10 2 8 2 2
left_child=1 11 3 -2 8 -6 7 -7 10 12 -3 -1 -10 -14
right_child=2 4 -4 -5 5 6 -8 -9 9 -11 -12 -13 13 -15
leaf_value=-0.00077372670547651344 0.0048611921131748708 0.0010629010222372593 0.001448023129380463 0.0015553124842556667 0.0046174256607029798 0.00021645617009711862 0.0015207604719806565 -0.0036791871585022656 0.00044253277977993868 -0.00070471526302074566 -0.0019826573465130414 0.0024903823974865898 0.00048586596897502081 0.0041891489647569603
leaf_weight=24671.976295366883 1395.0205262899399 885.19317162036896 2844.9848902225494 821.73534747958183 276.68858909606934 7866.8298252522945 3634.2012917995453 295.01828268170357 2467.2236040085554 4506.0495939552784 2407.933606415987 351.32983368635178 601.80442100763321 720.57791516184807
leaf_count=98795 5636 3550 11467 3316 1111 31559 14589 1184 9890 18062 9653 1409 2411 2889
internal_value=-1.68219e-05 -0.000271859 0.0024276 0.00366059 0.000208569 0.00061816 0.000516696 6.69949e-05 -0.000218457 0.000158208 -0.00116254 -0.000725946 0.00118258 0.00253617
internal_weight=53746.6 48684.8 5061.74 2216.76 23661.5 12072.7 11796 8161.85 11588.8 8295.66 3293.13 25023.3 3789.61 1322.38
internal_count=215521 195102 20419 8952 94898 48443 47332 32743 46455 33252 13203 100204 15190 5300
is_linear=0
shrinkage=0.02


Tree=44
num_leaves=15
num_cat=0
split_feature=0 0 24 0 1 22 7 25 25 3 1 1 18 30
split_gain=65.8278 20.5609 18.69 14.5934 12.8109 17.8869 12.6558 11.7633 10.6132 12.1759 9.89348 9.60679 8.51973 8.00229
threshold=0.053288420662283904 0.083616543561220183 -0.050212485715746873 0.0074436687864363202 2.5951693714887373e-05 -0.13313937187194821 0.00010481319623067976 -0.13462111353874204 -0.063928481191396699 0.00044063832319807267 4.9722377298166982e-05 0.00010188911619479769 0.065715290606021895 -0.10245371982455252
decision_type=2 2 10 2 10 2 10 10 10 10 10 10 2 2
left_child=2 13 3 -1 5 -5 -3 10 12 -10 -4 -8 -9 -2
right_child=1 6 7 4 -6 -7 11 8 9 -11 -12 -13 -14 -15
leaf_value=-0.0012342387655808053 0.0018059783793415835 0.0064552028657928993 0.0044315125472587907 -0.0042957312692984547 0.00070022446787604319 0.00065717210945310893 0.0013860060500133905 -0.0010590243363591703 -0.00068749742519815427 0.0031202466854878836 -0.00032830344846408423 0.0049917066179284118 -0.0035558705729142976 0.00047000473385348964
leaf_weight=2369.7245357036591 2784.4361868053675 382.53544381260872 304.68452905118465 495.36240181326866 10553.00787422061 661.57711204886436 1111.2609650492668 1420.8579940348864 26786.094345599413 320.75497145950794 372.5507345199585 396.11947329342365 895.92650105059147 5032.8879159539938
leaf_count=9490 11195 1550 1222 1986 42300 2652 4496 5694 107301 1287 1495 1606 3590 20226
internal_value=-8.28735e-05 0.00140668 -0.000410644 0.000190646 0.00048061 -0.00150046 0.00326901 -0.000691837 -0.000752241 -0.000640173 0.0018788 0.00238649 -0.00204675 0.000949257
internal_weight=53887.8 9707.24 44180.5 14079.7 11709.9 1156.94 1889.92 30100.9 29423.6 27106.8 677.235 1507.38 2316.78 7817.32
internal_count=216090 39073 177017 56428 46938 4638 7652 120589 117872 108588 2717 6102 9284 31421
is_linear=0
shrinkage=0.02


Tree=45
num_leaves=15
num_cat=0
split_feature=0 0 27 6 1 1 9 0 7 24 18 24 1 7
split_gain=81.1379 27.141 23.1936 19.3011 11.6204 11.1484 11.7236 10.7006 15.9128 10.2345 11.6492 10.9838 10.1799 9.235
threshold=0.062100881710648544 0.023271461017429832 -0.13222222775220868 0.91666665673255932 3.1160820071818314e-05 3.5492796087055474e-05 8.7420936324633671e-05 0.076197277754545226 0.00010373405530117453 -0.076582316309213624 0.28108148276805883 -0.10820049419999121 3.6449979234021164e-05 0.00021959780860925096
decision_type=2 2 10 2 10 10 10 2 10 10 2 10 10 10
left_child=1 -1 5 7 -4 -3 -7 -2 -9 11 12 -6 -11 -5
right_child=3 2 4 13 9 6 -8 8 -10 10 -12 -13 -14 -15
leaf_value=-0.0007559354459558507 0.0017605508337055615 2.8212372806501666e-05 -0.0015118945245692309 -0.0014220891400024526 6.3832841863634951e-05 0.0057297507751056511 0.0015878950923423772 0.006838389402462587 0.0027791917558493634 0.001798173535292269 0.001316388335684033 0.0023720031634087806 -0.00062523546818804468 0.0020845589741836481
leaf_weight=23569.196509152651 2616.7294121533632 1844.8141444027424 2180.9263835847378 778.82883508503437 2013.532808855176 280.74461700022221 3590.0226836204529 482.18853013217449 1996.4563397020102 724.41061978042126 1681.4832677096128 1378.0328416526318 10243.694475963712 461.51701313257217
leaf_count=94377 10525 7409 8738 3134 8072 1128 14431 1953 8076 2902 6740 5524 41046 1856
internal_value=9.35516e-06 -0.00027446 0.000199839 0.00213164 -0.000149131 0.00130905 0.00191621 0.00267436 0.00361727 3.78e-05 -0.000224067 0.00101008 -0.000462195 -0.000104936
internal_weight=53842.6 47506.9 23937.7 6335.72 18222.1 5715.58 3870.77 5095.37 2478.64 16041.2 12649.6 3391.57 10968.1 1240.35
internal_count=215911 190367 95990 25544 73022 22968 15559 20554 10029 64284 50688 13596 43948 4990
is_linear=0
shrinkage=0.02


Tree=46
num_leaves=15
num_cat=0
split_feature=0 0 13 27 27 13 28 27 18 7 13 9 5 13
split_gain=79.3414 28.4577 15.5772 14.8695 14.0908 13.6351 13.4199 13.3373 13.5223 12.1388 13.9834 9.46671 9.36849 9.04662
threshold=0.070678327232599272 0.02734616864472628 0.00015532915131188932 -0.27666667103767389 -0.12000000104308127 5.4112490033730871e-05 3.605679529906578e-13 -0.076666668057441698 0.085253521800041213 0.00058887767954729508 0.00022940483904676515 0.00018400121916783976 0.00055653305025771271 4.3064577766926966e-05
decision_type=2 2 8 10 10 10 2 10 2 8 10 10 8 10
left_child=1 12 4 -2 11 6 -6 13 -9 10 -4 -3 -1 -8
right_child=3 2 9 -5 5 -7 7 8 -10 -11 -12 -13 -14 -15
leaf_value=-0.00068036637210638158 0.0057433400820440439 0.00022108457961971773 0.002551991399469016 0.0022065040837378302 0.0017041229044252094 6.2242998831520076e-05 -0.0030694601099409669 -0.0065790126751090229 -0.0015043946996711158 0.0060299597041439121 -0.0018034816963021377 0.0017633542948641851 0.0028223434432090794 0.0014283076504455056
leaf_weight=26876.027848035097 546.74965387582779 3383.4237995743752 1081.1039856076241 3451.6798561215401 352.33007022738457 12518.823336139321 287.60640358924866 436.34056715667248 417.51315133273602 252.54533050954342 386.47264103591442 2997.847278341651 289.62992580235004 408.61362645030022
leaf_count=107617 2223 13598 4341 13932 1412 50171 1153 1748 1673 1016 1551 12055 1162 1638
internal_value=1.31621e-05 -0.000205367 0.000320143 0.00271631 0.000167918 -0.000178482 -0.00174675 -0.00254285 -0.00418887 0.002138 0.00139619 0.000948871 -0.000640973 -0.000463536
internal_weight=53686.7 49688.3 22522.6 3998.43 20802.5 14421.2 1902.4 1550.07 853.854 1720.12 1467.58 6381.27 27165.7 696.22
internal_count=215290 199135 90356 16155 83448 57795 7624 6212 3421 6908 5892 25653 108779 2791
is_linear=0
shrinkage=0.02


Tree=47
num_leaves=15
num_cat=0
split_feature=0 0 22 27 0 19 29 22 13 11 30 7 29 3
split_gain=65.0895 23.1373 14.3637 19.5411 11.9422 13.7536 11.3016 10.6428 10.5949 12.4482 11.2102 10.648 13.1437 10.0914
threshold=0.04467704892158509 0.097167816013097777 -0.30993221700191492 -0.13666667044162747 0.020060267299413684 -0.12744452059268949 6.940261895998363e-13 -0.19802328199148175 0.00011193597674719059 0.00050398547318764042 0.18201388418674472 0.00044315816194284713 4.5307785572368952e-13 0.00022839931625640022
decision_type=2 2 2 10 2 2 2 2 10 10 2 10 2 10
left_child=4 2 -2 6 -1 13 -4 -7 9 -5 -11 12 -10 -6
right_child=1 -3 3 8 5 7 -8 -9 11 10 -12 -13 -14 -15
leaf_value=-0.00068912871137303102 -0.0028305516206479139 0.0044318367755721653 0.00058673855510937021 0.00060971572481856588 0.00052815806841415177 -0.0033215479047449476 0.0030549707877093775 -0.00024805039118134072 0.0048152974036142363 -0.0027943327305116469 0.0018308031611834483 0.0046561926010478243 0.00043034488052069448 0.0033124262819337886
leaf_weight=20587.484321027994 358.23097974061966 828.37007595598698 1045.8536414653063 5722.665663138032 5431.0132332593203 447.62162797152996 2631.2508714348078 12615.399469301105 307.55858482420444 845.56656058132648 261.18675921857357 405.34326301515102 1685.7076450437307 557.69603918492794
leaf_count=82433 1441 3365 4212 22969 21774 1795 10619 50555 1234 3392 1048 1630 6768 2238
internal_value=5.96706e-05 0.00122617 0.00101959 0.00113068 -0.00035543 5.51228e-06 0.00235992 -0.000358284 0.00063682 0.000233233 -0.00168971 0.0017745 0.00114805 0.000797604
internal_weight=53730.9 14091.7 13263.4 12905.1 39639.2 19051.7 3677.1 13063 9228.03 6829.42 1106.75 2398.61 1993.27 5988.71
internal_count=215473 56678 53313 51872 158795 76362 14831 52350 37041 27409 4440 9632 8002 24012
is_linear=0
shrinkage=0.02


Tree=48
num_leaves=15
num_cat=0
split_feature=0 0 27 13 26 9 4 20 13 0 22 23 22 19
split_gain=70.6472 22.8458 13.1924 13.0736 12.1979 11.5259 11.3736 10.7332 10.5467 12.1503 9.68695 9.42738 9.36274 9.0933
threshold=0.066369172185659422 0.032233405858278281 -0.13222222775220868 0.00014066529547562825 5.2735593669694944e-15 0.00022942751820664856 0.75000000000000011 -0.11709902435541152 3.3761803933884955e-05 0.10226704180240632 -0.30993221700191492 -0.24395468831062314 0.13416474312543872 -0.31146892905235285
decision_type=2 2 8 8 10 10 2 2 8 2 2 2 2 2
left_child=1 13 10 7 8 -6 -5 11 -2 -10 -3 -4 -12 -1
right_child=4 2 3 6 5 -7 -8 -9 9 -11 12 -13 -14 -15
leaf_value=0.00042900016206805404 -0.00043996567132282882 -0.0020323836993821238 -0.004495601473293382 0.0037503113451537846 0.0027249608809730035 -0.0017700701971403957 0.000390555866352455 8.3300470450960867e-05 0.002529813702976471 0.005885127967708112 0.001866829303741088 -0.00090526314837873455 -0.0009481658671485827 -0.00069415153049953704
leaf_weight=3199.6302341222763 387.60975109040737 316.40629357099533 320.33333751559258 612.13129948079586 371.73970226943493 526.54860371351242 1127.0031547099352 8701.980705589056 3263.7544016093016 498.28800088167191 3664.4445434361696 2223.5306174308062 529.69501550495625 28085.483863711357
leaf_count=12821 1569 1270 1284 2458 1495 2117 4525 34876 13175 2029 14743 8912 2129 112466
internal_value=-2.21458e-05 -0.000255544 0.000323001 -1.21381e-06 0.0022254 0.000108948 0.0016023 -0.000251596 0.00268083 0.003003 0.00125224 -0.00138891 0.0015085 -0.000579082
internal_weight=53828.6 48780.6 17495.5 12985 5047.94 898.288 1739.13 11245.8 4149.65 3762.04 4510.55 2543.86 4194.14 31285.1
internal_count=215869 195484 70197 52055 20385 3612 6983 45072 16773 15204 18142 10196 16872 125287
is_linear=0
shrinkage=0.02


Tree=49
num_leaves=15
num_cat=0
split_feature=0 0 0 24 29 26 24 24 7 29 29 7 8 28
split_gain=66.3182 22.4559 20.5295 12.7319 12.1385 11.3044 10.9633 10.7123 10.6199 10.3412 9.35472 8.73937 13.4678 11.771
threshold=0.050623988732695586 0.078768830746412291 0.019843135960400108 0.051635693758726127 7.2042727144137907e-13 -0.18333333730697629 -0.16155342757701871 -0.043807718902826302 0.00016200436220970008 7.350033125533285e-13 4.4175410942107201e-13 0.0003144300426356495 0.91666665673255932 7.9026143810258253e-13
decision_type=2 2 2 10 2 10 10 10 8 2 2 10 2 2
left_child=2 5 -1 4 -3 6 -2 9 -8 10 -4 12 13 -7
right_child=1 3 7 -5 -6 11 8 -9 -10 -11 -12 -13 -14 -15
leaf_value=-0.0007695511922180937 -0.0011979900957654517 0.0070590078883801342 0.0014475019662777478 0.0011728486735281091 0.0030316542686853257 -0.00020435822680917701 0.0013710860772010685 -0.00021595488955855982 0.0045685017913424464 0.001571189903318685 -0.00048014895642436306 0.0020604033079521951 -0.0013952570741855889 0.0020625599447899124
leaf_weight=20366.715535327792 303.69327399134636 417.17075188457966 1422.3172807395458 915.73918677866459 1179.7199798971415 2016.7698034197092 927.53921617567539 14528.595641225576 771.71653577685356 3200.5159359276295 3317.1734353750944 1178.2211469113827 1537.2182971686125 1654.0580783784389
leaf_count=81546 1222 1687 5701 3704 4788 8094 3737 58229 3112 12843 13296 4733 6168 6646
internal_value=4.4583e-05 0.00143581 -0.000309997 0.00308794 0.00415806 0.000934813 0.00223848 0.000106882 0.00285944 0.000696665 0.000101989 0.000520227 0.000165242 0.000822746
internal_weight=53737.2 10901.8 42835.3 2512.63 1596.89 8389.22 2002.95 22468.6 1699.26 7940.01 4739.49 6386.27 5208.05 3670.83
internal_count=215506 43891 171615 10179 6475 33712 8071 90069 6849 31840 18997 25641 20908 14740
is_linear=0
shrinkage=0.02


Tree=50
num_leaves=15
num_cat=0
split_feature=26 11 2 5 22 3 22 2 17 3 24 5 24 10
split_gain=29.3806 16.1248 16.7161 11.8892 8.54761 13.7217 13.5378 10.1155 8.91353 7.93442 7.52912 9.00784 7.41415 8.1834
threshold=-0.18333333730697629 0.00075417611515149485 0.75000000000000011 0.00047554523916915065 0.13652865588665011 6.0273461713222794e-05 -0.13093612343072888 0.41666667163372045 -0.18650252372026441 5.1103172154398642e-05 -0.17711907625198361 0.00011029696543118918 -0.013677790295332668 0.75000000000000011
decision_type=10 10 2 8 2 10 2 2 2 10 10 8 10 2
left_child=1 2 4 -2 6 -6 8 -8 10 -4 -1 -12 13 -9
right_child=3 -3 9 -5 5 -7 7 12 -10 -11 11 -13 -14 -15
leaf_value=-0.0010894176542328383 -0.00027167845132897498 0.0057717237863880279 0.0017723454526171129 0.0020196702276574045 -0.0037321648576939272 0.001331393855912385 0.0040785712828609946 0.0014243879224243887 -0.0014257973686904891 -0.00096914332757598099 0.00028518930387305132 0.0039884808487507658 0.00071255134137156715 0.0047125959821303362
leaf_weight=375.32906968891621 43249.770512148738 254.61791975796223 499.5022888481617 905.35905757546425 305.50542683899403 606.3940254598856 1020.1329264938831 749.24387834966183 705.35142059624195 2252.7009034454823 522.84942664206028 514.91068255901337 1412.9694923460484 519.97405242919922
leaf_count=1510 173331 1026 2006 3635 1228 2442 4108 3017 2838 9048 2103 2073 5686 2091
internal_value=-4.39785e-06 0.000988724 0.000848452 -0.000223803 0.00138408 -0.000408695 0.00166538 0.00239198 0.000385053 -0.000462389 0.00129623 0.00216334 0.00172506 0.00282371
internal_weight=53894.6 9739.48 9484.86 44155.1 6732.66 911.899 5820.76 3702.32 2118.44 2752.2 1413.09 1037.76 2682.19 1269.22
internal_count=216142 39176 38150 176966 27096 3670 23426 14902 8524 11054 5686 4176 10794 5108
is_linear=0
shrinkage=0.02


Tree=51
num_leaves=15
num_cat=0
split_feature=0 0 27 27 22 6 3 0 27 30 19 11 7 22
split_gain=61.6952 32.8106 18.3011 13.2926 19.2459 10.3612 10.2469 11.1181 9.77432 9.73381 8.8088 7.66745 12.1513 11.7832
threshold=0.033031640574336059 0.078768830746412291 -9.1593399531575395e-16 -0.12000000104308127 -0.30993221700191492 0.91666665673255932 0.00014245387865230444 0.034714728593826301 -0.027777778916060921 0.4498033225536347 -0.25582051277160639 0.0003166093811159954 0.00022750796779291707 -0.14643263816833493
decision_type=2 2 10 10 2 2 10 2 10 2 2 10 8 2
left_child=9 3 5 4 -2 -3 7 8 -5 10 -1 12 -6 -13
right_child=1 2 -4 6 11 -7 -8 -9 -10 -11 -12 13 -14 -15
leaf_value=0.00021184455962726758 -0.0027646234360919979 0.0041251042558216426 -0.001702514928867852 0.0045875845666309614 0.001696168356911163 0.00010702244017161402 0.0010390013836735869 -0.00034059622586466576 -0.00021395023329892038 0.0010330513111732032 -0.00073260627958127167 -0.0017904886402814119 0.0049768884907890332 0.0017705858678092603
leaf_weight=4660.650244101882 402.35934275388718 1953.963299036026 282.02019003033638 338.64254643023014 3547.3769236207008 296.3200509250164 4302.8322083353996 8437.4782881885767 318.46675561368465 1541.7256782501936 25612.722359955311 566.28273810446262 508.06636816263199 997.9748350083828
leaf_count=18674 1616 7931 1134 1357 14275 1198 17264 33828 1276 6176 102559 2278 2047 4020
internal_value=5.45938e-05 0.000869761 0.00300218 0.000588892 0.00136775 0.0036016 0.000237283 -0.000143473 0.00232295 -0.000508049 -0.000587162 0.00167237 0.00212958 0.000475099
internal_weight=53766.9 21951.8 2532.3 19419.5 6022.06 2250.28 13397.4 9094.59 657.109 31815.1 30273.4 5619.7 4055.44 1564.26
internal_count=215633 88224 10263 77961 24236 9129 53725 36461 2633 127409 121233 22620 16322 6298
is_linear=0
shrinkage=0.02


Tree=52
num_leaves=15
num_cat=0
split_feature=24 25 17 19 1 20 12 7 17 16 5 16 20 25
split_gain=22.2722 15.0823 13.4835 11.5115 10.0085 12.0365 8.35294 9.3484 8.59664 8.22835 8.18846 8.03792 7.22074 10.9746
threshold=-0.25496472418308253 -0.23914678394794461 0.03542591258883477 -0.18768679350614545 0.00015064028411870825 -0.19462428987026212 0.91666665673255932 0.00011784416710725056 -0.51032975316047657 -0.48232217133045191 0.00021242090588202703 -0.31236864626407618 0.24236784875392917 0.0055185628589242705
decision_type=10 10 2 2 8 2 2 10 2 2 8 2 2 10
left_child=-1 2 3 -2 6 -6 7 -3 9 -9 -7 -12 13 -8
right_child=1 4 -4 -5 5 10 12 8 -10 -11 11 -13 -14 -15
leaf_value=-0.0044750428622053777 0.0023350336455848649 0.00063997766430977604 0.0058047007263439896 -0.0025071186964183804 0.0040219108265068474 -0.0009073978249069586 -0.00015024087905176272 0.00028498694713761431 -0.00023504482272900849 0.0034149750320269685 -0.0020229276200234422 0.0016521255337951341 0.0010642622588646197 -0.0012857759851792739
leaf_weight=429.14119002223015 658.60064578056335 7996.8799749612808 289.59457059204578 257.85896548628807 428.11793240904808 1064.7409866899252 7800.2358635812998 1035.4054523706436 24066.09433439374 480.30333918333054 253.62477001547813 1947.5789880603552 1044.8300233185291 6029.5619817078114
leaf_count=1722 2652 32085 1165 1037 1721 4274 31266 4158 96501 1931 1019 7819 4189 24160
internal_value=-3.99825e-05 -2.64613e-06 0.00218998 0.000948177 -5.41769e-05 0.000946447 -0.000130823 4.40081e-05 -0.000142647 0.00130839 0.000521273 0.00121428 -0.000525024 -0.000646457
internal_weight=53782.6 53353.4 1206.05 916.46 52147.4 3694.06 48453.3 33578.7 25581.8 1515.71 3265.94 2201.2 14874.6 13829.8
internal_count=215699 213977 4854 3689 209123 14833 194290 134675 102590 6089 13112 8838 59615 55426
is_linear=0
shrinkage=0.02


Tree=53
num_leaves=15
num_cat=0
split_feature=0 0 7 27 28 27 19 3 2 25 23 25 22 21
split_gain=71.7302 22.5995 16.4672 14.3746 12.6469 12.8178 12.3983 13.0273 12.5422 12.1372 11.666 11.0814 10.2124 13.2934
threshold=0.066369172185659422 0.019843135960400108 0.00058887767954729508 -0.18777777999639508 6.1653877532832923e-13 -0.076666668057441698 -0.12462816759943961 0.00012903387687401849 0.41666667163372045 -0.1065368428826332 0.21942535787820819 0.067290619015693678 -0.19444309175014493 -0.34537427127361292
decision_type=2 2 8 10 2 10 2 10 2 10 2 10 2 2
left_child=1 12 4 -2 -3 6 8 10 -6 -9 11 -8 13 -1
right_child=3 2 -4 -5 5 -7 7 9 -10 -11 -12 -13 -14 -15
leaf_value=0.0014071630701870572 0.0037643996697268481 -0.00048719397016003626 0.002791804317129094 0.0014625104301649911 0.0049568310780905376 -0.00021208736403275356 -0.00066657284605601305 -0.00160975730309915 0.0013699850108475108 0.0031376285670197158 -0.0039205432545518868 0.0023231071062322622 -0.00068671172420665927 -0.0035184655394655136
leaf_weight=264.82822631299496 1596.7946393191814 12509.076232179999 840.59460739791393 3454.5887130647898 439.99620908498764 7513.0165527462959 2206.862132191658 267.81238210201263 2797.6129770427942 896.55073095858097 320.30211359262466 617.99027161300182 19049.442853808403 1034.9590047299862
leaf_count=1061 6487 50133 3377 13926 1770 30105 8859 1076 11238 3602 1286 2481 76267 4145
internal_value=-6.16978e-05 -0.000297035 6.74344e-05 0.00220214 -1.75962e-05 0.000372584 0.000953636 0.000248543 0.00188488 0.00203695 -0.000422227 -7.8953e-07 -0.000805443 -0.00250877
internal_weight=53810.4 48759 28409.8 5051.38 27569.2 15060.1 7547.13 4309.52 3237.61 1164.36 3145.15 2824.85 20349.2 1299.79
internal_count=215813 195400 113927 20413 110550 60417 30312 17304 13008 4678 12626 11340 81473 5206
is_linear=0
shrinkage=0.02


Tree=54
num_leaves=15
num_cat=0
split_feature=0 0 6 11 19 7 16 22 15 0 16 20 19 8
split_gain=66.8826 23.7089 12.6683 11.0058 10.9134 9.9867 8.98069 8.87273 9.38691 8.72889 9.03159 8.28502 8.19948 8.94691
threshold=0.066369172185659422 0.032233405858278281 0.91666665673255932 0.00024764156842138624 0.014916636515408756 0.00023751406843075531 -0.17159050703048703 -0.23941587656736371 -0.86359199881553639 0.085550121963024153 0.26984201371669775 -0.31268590688705439 -0.17500827461481092 0.75000000000000011
decision_type=2 2 2 8 2 10 2 2 2 2 2 2 2 2
left_child=1 -1 7 6 -4 -6 -2 11 -9 10 -8 -3 13 -10
right_child=3 2 4 -5 5 -7 9 8 12 -11 -12 -13 -14 -15
leaf_value=-0.00056448828447216211 0.0050599333197360727 0.00092753731491863228 -0.0013837979453789008 0.0013361464306489317 -0.00051782504905524399 0.0022454629538500143 -0.00034700372958862511 0.0028951790280712457 0.00052552554857134015 0.0041658858900724058 0.0037861011876390909 -0.0032661845829135175 0.00036998092902872879 0.0029096901449897233
leaf_weight=31189.756083205342 718.94280280172825 324.94248439371586 2623.9119670540094 2837.2951184511185 1381.3264709860086 816.60006318986416 622.28660276532173 791.3390311896801 1336.2244631946087 586.93302968144417 298.07964815199375 406.42565315961838 8681.5246766209602 1189.1639143079519
leaf_count=124898 2914 1305 10525 11454 5538 3276 2511 3181 5369 2385 1202 1632 34831 4773
internal_value=-6.1334e-06 -0.000233725 0.00035403 0.00217695 -0.000517516 0.000519815 0.00322709 0.000684456 0.000815376 0.00229806 0.00104364 -0.00142785 0.000663622 0.00166223
internal_weight=53804.8 48741.2 17551.5 5063.54 4821.84 2197.93 2226.24 12729.6 11998.3 1507.3 920.366 731.368 11206.9 2525.39
internal_count=215794 195328 70430 20466 19339 8814 9012 51091 48154 6098 3713 2937 44973 10142
is_linear=0
shrinkage=0.02


Tree=55
num_leaves=15
num_cat=0
split_feature=26 11 2 1 9 29 9 28 30 22 20 13 7 7
split_gain=24.9363 15.2287 17.7547 14.9751 14.745 11.9857 11.2036 9.99289 9.0126 11.8136 10.4466 9.31723 11.6879 11.5662
threshold=-0.18333333730697629 0.00075417611515149485 0.75000000000000011 2.229391884611687e-05 0.00043948947859462356 4.3494719002661058e-13 0.00026651173538994049 3.8053455243651507e-13 -0.33773012459278101 0.20645296573638919 0.095591202378273024 0.00011343209189362825 0.00058887767954729508 0.00012921413144795227
decision_type=10 8 2 10 10 2 10 2 2 2 2 10 10 10
left_child=1 2 3 -1 5 -5 -7 -4 9 10 -2 13 -13 -10
right_child=8 -3 7 4 -6 6 -8 -9 11 -11 -12 12 -14 -15
leaf_value=-0.00092384829314958296 -0.0010899924833098278 0.0055279988771406354 0.0029822909190082986 -0.00098229389779376573 -0.0026866523344135436 0.0017144351376200586 0.0040906868821917134 -0.0010203218137009615 0.00026107536516168842 0.002606508501410951 -0.0042778316995741783 0.00014925023528471293 0.002694857311008274 -0.00060213424035038168
leaf_weight=1031.6260776072741 2673.2600165009499 252.21819661557674 257.62598115205765 506.40314368903637 276.6876092851162 3880.4586600512266 1003.8986207991838 2490.5774131566286 8711.1795166581869 274.86581762135029 472.20090904831886 9653.0187975615263 760.02791032195091 21513.742773681879
leaf_count=4148 10713 1017 1034 2035 1116 15628 4046 10005 34918 1102 1892 38684 3053 86218
internal_value=-5.67625e-05 0.000860229 0.000724197 0.00127842 0.00168113 0.00191442 0.00221752 -0.000626267 -0.000258938 -0.00124192 -0.00159256 -0.000175635 0.000339859 -0.000353339
internal_weight=53757.8 9699.5 9447.28 6699.07 5667.45 5390.76 4884.36 2748.2 44058.3 3420.33 3145.46 40638 10413 30224.9
internal_count=215609 39029 38012 26973 22825 21709 19674 11039 176580 13707 12605 162873 41737 121136
is_linear=0
shrinkage=0.02


Tree=56
num_leaves=15
num_cat=0
split_feature=27 24 23 22 24 28 27 28 22 19 1 28 19 26
split_gain=24.6651 27.7597 15.8783 14.394 13.5518 11.9185 10.6823 10.5389 10.4677 11.6595 10.0667 9.99156 16.22 13.4715
threshold=-0.097777780145406709 -0.25496472418308253 -0.33430701494216913 -0.19444309175014493 0.068641193211078658 2.8444420755412153e-13 -0.15277778357267377 5.4025048865959112e-13 0.10329874232411386 0.032099839299917228 0.00013355941337067637 7.1587801333573852e-13 -0.16254565864801404 -0.3183333277702331
decision_type=10 8 2 2 10 2 8 2 2 2 10 2 2 8
left_child=1 -1 -3 10 5 -5 8 -8 -6 -10 -4 -7 13 -13
right_child=-2 2 3 4 6 11 7 -9 9 -11 -12 12 -14 -15
leaf_value=-0.0045850908501227838 -0.00027160465645787227 0.0030649460989754245 -0.0010781984615178275 0.0041660478796047545 0.0021645602108057399 0.00024014401840095708 -0.0050192625351166186 -0.00069013125227400222 -0.0036128484217974165 0.00074883691154882038 0.0029493321589860394 -6.382381527835103e-05 0.00080082785592667377 0.0037450842107158502
leaf_weight=379.51277062296867 35461.108575984836 1090.3519438803196 2591.3514760434628 497.60089835524559 927.03540687263012 3855.8939696252346 276.01921004056931 972.43518497049809 348.08522482216358 718.76371635496616 255.04765067994595 472.57971441745758 4230.2517352551222 1704.0297626256943
leaf_count=1523 142065 4390 10406 1999 3732 15475 1107 3905 1402 2893 1026 1906 17015 6856
internal_value=3.62232e-05 0.00063175 0.000747097 0.000593646 0.000857084 0.00119811 -0.000275084 -0.0017113 0.000632257 -0.000714564 -0.000699257 0.00104638 0.00152935 0.00292505
internal_weight=53780.1 18319 17939.4 16849.1 14002.7 10760.4 3242.34 1248.45 1993.88 1066.85 2846.4 10262.8 6406.86 2176.61
internal_count=215700 73635 72112 67722 56290 43251 13039 5012 8027 4295 11432 41252 25777 8762
is_linear=0
shrinkage=0.02


Tree=57
num_leaves=15
num_cat=0
split_feature=26 2 9 22 22 24 13 7 24 7 8 27 22 19
split_gain=21.436 11.8787 16.6751 12.3292 13.2941 10.3524 8.5939 19.1152 12.8004 12.4456 14.0788 11.0955 13.4294 15.2969
threshold=-0.18333333730697629 0.75000000000000011 0.00017660482262726876 0.15460998564958575 -0.19444309175014493 0.069960348308086409 0.00011193597674719059 0.00058887767954729508 -0.047032555565237992 0.00045182975009083753 0.91666665673255932 -0.076666668057441698 -0.17514259368181226 0.034663759171962745
decision_type=10 2 8 2 2 10 10 10 10 10 2 8 2 2
left_child=1 2 3 4 -1 -4 9 8 -8 11 -11 12 13 -2
right_child=6 -3 5 -5 -6 -7 7 -9 -10 10 -12 -13 -14 -15
leaf_value=-0.0017993956721815939 -0.00044934455815841967 -0.0002427352708182662 0.0028098083306957408 -0.002931028638698277 0.0014252510577037036 5.7846482236838544e-05 0.0010406313376780203 0.0031609908709468431 -0.00043249835798140658 -0.0034373424967716871 0.0010520744752426526 -0.00057848764660623994 0.00053263733758723082 -0.0048701777130333284
leaf_weight=632.55512218177319 1975.1230034381151 2852.0789694339037 2760.842940017581 397.18793603777885 2366.4290744811296 681.67374134063721 3458.6218427270651 827.6179977953434 7313.3730454295874 997.81129059195518 374.32259900867939 19194.731490895152 9519.698255687952 353.26118724048138
leaf_count=2545 7922 11457 11124 1598 9527 2747 13865 3325 29303 4000 1500 76872 38199 1417
internal_value=-1.01144e-05 0.000840442 0.00129157 0.000293974 0.000737684 0.00226836 -0.00019768 0.000269166 4.15392e-05 -0.000364802 -0.0022151 -0.000281643 0.00019943 -0.00115584
internal_weight=53705.3 9690.77 6838.69 3396.17 2998.98 3442.52 44014.6 11599.6 10772 32414.9 1372.13 31042.8 11848.1 2328.38
internal_count=215401 38998 27541 13670 12072 13871 176403 46493 43168 129910 5500 124410 47538 9339
is_linear=0
shrinkage=0.02


Tree=58
num_leaves=15
num_cat=0
split_feature=26 2 27 24 25 19 1 3 3 2 20 25 19 24
split_gain=27.8623 14.0863 14.8297 18.396 16.508 13.9859 11.7931 10.9248 14.1554 9.54728 16.3337 15.3312 12.5849 12.4573
threshold=-0.18333333730697629 0.58333334326744091 -0.34333333373069758 0.15551361441612246 -0.0075931774917989961 -0.13022147119045255 2.4241101527877621e-05 0.0001405464063282125 9.9422937637427835e-05 0.91666665673255932 -0.15777830779552457 -0.12834569066762921 0.38040645420551306 -0.12682344019412992
decision_type=10 2 8 10 10 2 10 8 10 2 2 10 2 10
left_child=1 2 4 5 -1 -4 -7 8 9 11 -11 13 -12 -2
right_child=7 -3 3 -5 -6 6 -8 -9 -10 10 12 -13 -14 -15
leaf_value=-0.0035291494995107137 0.00033049407000452466 0.00030012019342100189 0.0038051243739208374 -0.0027022725297216948 0.0027977543035882933 -0.0019807435241004758 0.0021576953999988052 0.00028304649597773237 -0.00099810881747649399 -0.003594306173497471 -0.00065556842429861679 -7.5388534617677931e-05 0.0035863934921854489 0.0035880749816181875
leaf_weight=382.01804046332836 1013.987362369895 5299.440074890852 1958.0503682941198 257.26143091917038 261.01314905285835 337.08723855018616 1219.5892318487167 13716.79776160419 10308.910427257419 714.24027024209499 4075.7736085057259 13050.828187257051 280.43600627779961 861.84877182543278
leaf_count=1541 4067 21308 7888 1036 1053 1355 4916 54988 41309 2862 16325 52303 1124 3458
internal_value=2.90441e-05 0.000997358 0.00182914 0.00230614 -0.000954067 0.00268595 0.00124779 -0.000184988 -0.000396872 -8.62355e-05 -0.000834241 0.000168631 -0.000367345 0.00184925
internal_weight=53737.3 9714.46 4415.02 3771.99 643.031 3514.73 1556.68 44022.8 30306 19997.1 5070.45 14926.7 4356.21 1875.84
internal_count=215533 39097 17789 15195 2594 14159 6271 176436 121448 80139 20311 59828 17449 7525
is_linear=0
shrinkage=0.02


Tree=59
num_leaves=15
num_cat=0
split_feature=0 0 0 22 27 1 27 9 24 1 20 19 21 26
split_gain=61.7725 17.5492 15.3643 11.7818 11.7051 10.434 12.0045 12.4474 8.97314 13.7034 11.9627 14.3358 13.7967 11.3887
threshold=0.053288420662283904 0.0068506477400660524 0.078768830746412291 -0.26622687280178065 -9.1593399531575395e-16 9.3512113380711539e-05 -0.12000000104308127 0.00017554454825585711 -0.043807718902826302 0.00012643478112295273 -0.084555573761463151 -0.058059358969330781 0.17515362799167636 -0.18333333730697629
decision_type=2 2 2 2 10 10 8 8 10 10 2 2 2 10
left_child=1 -1 3 -2 -4 6 7 -5 9 10 11 -3 13 -12
right_child=2 8 4 5 -6 -7 -8 -9 -10 -11 12 -13 -14 -15
leaf_value=-0.0012551353730350474 -0.0023935935042121025 -1.3675718397571481e-05 0.0032361989431584572 0.00051346033850407566 -0.0010339402088747774 0.0025397801606185104 -3.6387308327988055e-05 0.0037872649667444959 -0.00040451282490065472 0.0020607183380284876 0.0037636615807707346 -0.0022124696861502082 -0.0024313185411829912 0.00070149089334136533
leaf_weight=7209.675405845046 383.94573374092579 4678.539041146636 2223.5640036016703 1064.3818257302046 280.52298694849014 1584.6557701081038 3314.3065029978752 814.63813272118568 24094.660450771451 1459.6357685923576 534.50551036000252 1568.9920779615641 479.208003282547 4066.9783230572939
leaf_count=28864 1544 18757 9032 4290 1128 6378 13301 3285 96533 5856 2147 6288 1921 16293
internal_value=-3.65295e-05 -0.000354084 0.00140976 0.0009336 0.00275343 0.00112856 0.000689858 0.00195774 -0.000177365 0.000250586 1.41311e-05 -0.000571174 0.000733276 0.00107194
internal_weight=53758.2 44092.2 9666.01 7161.93 2504.09 6777.98 5193.33 1879.02 36882.5 12787.9 11328.2 6247.53 5080.69 4601.48
internal_count=215617 176659 38958 28798 10160 27254 20876 7575 147795 51262 45406 25045 20361 18440
is_linear=0
shrinkage=0.02


Tree=60
num_leaves=15
num_cat=0
split_feature=27 30 27 7 13 27 13 2 11 13 30 14 28 28
split_gain=20.1932 14.08 15.4253 16.312 15.8192 12.66 14.3764 12.3665 12.1781 10.8927 9.68503 9.0151 8.46523 8.33095
threshold=-0.076666668057441698 0.46066512167453771 0.026666667312383655 0.00058887767954729508 0.00011193597674719059 -1.804112415015879e-15 0.00010314535029465334 0.75000000000000011 0.00078599067637696873 9.7679949249140932e-05 -0.016260437667369839 -0.44864502549171442 2.9096404376583595e-13 6.9756009237094417e-13
decision_type=10 2 10 10 10 10 10 2 8 10 2 2 2 2
left_child=7 2 4 -4 5 -2 9 13 12 11 -8 -7 -9 -1
right_child=1 -3 3 -5 -6 6 10 8 -10 -11 -12 -13 -14 -15
leaf_value=0.00012839725140864511 -0.00075151385474072892 0.0018663734432721229 0.00012270847914019905 0.0046074844484251332 4.0688793606846296e-05 0.00044504348891961644 -0.007779793657443748 0.0029641452018481602 0.0035514586916580164 0.0016963341003796261 -0.0021067130703117417 -0.0023761918260157421 -0.00050966125490471996 0.0011149288427525659
leaf_weight=5682.9719038903713 11967.142152890563 1022.951986938715 6276.9510395079851 322.16369038820267 7202.626749753952 532.02121314406395 253.00140453875065 271.11919212341309 306.39458809792995 352.15868638455868 251.71378962695599 2826.3882350921631 7940.7586920112371 8615.868285626173
leaf_count=22813 47928 4099 25146 1294 28862 2130 1013 1088 1231 1410 1008 11317 31863 34685
internal_value=-8.68497e-05 -0.000419046 -0.000498208 0.000354912 -0.000739051 -0.00108573 -0.00202652 0.000364557 -0.000238361 -0.00157793 -0.00513863 -0.00192928 -0.000388049 0.000723566
internal_weight=53824.2 31007.1 29984.2 6599.11 23385.1 16182.4 4215.28 22817.1 8518.27 3710.57 504.715 3358.41 8211.88 14298.8
internal_count=215887 124207 120108 26440 93668 64806 16878 91680 34182 14857 2021 13447 32951 57498
is_linear=0
shrinkage=0.02


Tree=61
num_leaves=15
num_cat=0
split_feature=0 0 26 21 27 26 26 1 6 1 23 24 25 23
split_gain=57.2987 21.2084 11.8386 10.5105 12.4304 11.797 9.16751 9.09479 8.3663 7.81636 8.54908 10.2933 7.76626 14.1938
threshold=0.070678327232599272 0.032233405858278281 5.2735593669694944e-15 -0.21395283192396161 -0.12000000104308127 -0.3183333277702331 -0.18333333730697629 2.0012008462799716e-05 0.58333334326744091 0.00015396647359011697 0.082044035196304335 -0.033593589439988129 0.12046032398939134 -0.0075691400561481706
decision_type=2 2 10 2 8 10 10 10 2 10 2 10 10 2
left_child=1 -1 8 4 5 -3 7 -5 -2 -8 11 -11 13 -9
right_child=2 3 -4 6 -6 -7 9 12 -10 10 -12 -13 -14 -15
leaf_value=-0.00046157954884070308 0.0043601457477661495 -0.0028935066789970145 -3.4567950376078764e-06 -0.0016258020874960256 -0.0021651414896160888 0.0012575117270839616 0.00025840880597726443 0.0031278744553649125 0.0021384459707840422 0.00338535313206302 0.004714283381629881 -0.0017342152917980598 0.0048762460578714931 -0.00047538588490248125
leaf_weight=31201.476592451334 1002.212722197175 322.28673629462719 714.74106901884079 270.06299978494644 1281.5003511607647 1355.2606175988913 12327.304373964667 1015.9020832180977 2308.0462060421705 276.76006592810154 316.0004481524229 315.3657995313406 340.89604121446609 748.64813187718391
leaf_count=124943 4072 1299 2876 1086 5139 5451 49432 4092 9351 1112 1270 1266 1373 3015
internal_value=4.28014e-05 -0.000143186 0.00233198 0.000391703 -0.000697852 0.000435332 0.000598857 0.00173784 0.00283323 0.000392118 0.00216247 0.000691102 0.00218052 0.00161092
internal_weight=53796.5 49771.5 4025 18570 2959.05 1677.55 15610.9 2375.51 3310.26 13235.4 908.126 592.126 2105.45 1764.55
internal_count=215777 199478 16299 74535 11889 6750 62646 9566 13423 53080 3648 2378 8480 7107
is_linear=0
shrinkage=0.02


Tree=62
num_leaves=15
num_cat=0
split_feature=0 26 0 24 27 24 29 11 22 22 20 29 23 0
split_gain=47.8565 19.3151 14.542 16.0778 12.4626 12.2989 11.6522 11.167 12.9453 10.0448 13.9093 9.41967 8.81113 8.45417
threshold=0.053288420662283904 -0.18333333730697629 0.010296200402081014 -0.050212485715746873 0.026666667312383655 -0.14597114920616147 4.3738034298957539e-13 0.00019923453510273251 -0.19444309175014493 0.25425726175308233 0.091528128832578673 3.0459212626079984e-13 0.082044035196304335 0.04467704892158509
decision_type=2 10 2 10 8 10 2 8 2 2 2 2 2 2
left_child=2 5 -1 7 6 -2 11 8 -4 10 12 -5 -6 -13
right_child=1 -3 3 4 9 -7 -8 -9 -10 -11 -12 13 -14 -15
leaf_value=-0.00094780342877065493 -0.00017597020539115424 0.00067034048725753126 -0.0031639665008021908 0.0008352159521979798 0.00016364568495774221 0.0032741309504960986 -0.00040919768909520346 0.00087075927062347949 0.00018254146160602777 0.0036125464809522675 -0.00070558889670795382 -0.0026322017043117819 0.0032982837261663405 0.0011167542358106921
leaf_weight=10873.261943459511 502.68525923788548 6913.5956442058086 599.72336015105247 459.40815262496471 690.01585753262043 2254.0077733844519 15417.763004496694 8407.3274783045053 1813.3351916223764 376.76909844577312 2278.1444389522076 2276.2434953898191 731.97499902546406 257.68279586732388
leaf_count=43530 2034 27811 2405 1841 2764 9143 61782 33705 7272 1510 9126 9115 2932 1033
internal_value=-3.44125e-05 0.00123849 -0.000313454 -0.00010593 -0.000410634 0.00264827 -0.000632125 0.000526923 -0.000668346 0.000587814 0.000262053 -0.00177002 0.00180058 -0.0022452
internal_weight=53851.9 9670.29 44181.6 33308.4 22488 2756.69 18411.1 10820.4 2413.06 4076.9 3700.14 2993.33 1421.99 2533.93
internal_count=216003 38988 177015 133485 90103 11177 73771 43382 9677 16332 14822 11989 5696 10148
is_linear=0
shrinkage=0.02


Tree=63
num_leaves=15
num_cat=0
split_feature=0 27 0 11 2 22 9 27 30 0 27 9 8 28
split_gain=57.0256 29.6606 15.0827 11.8719 15.2108 14.5269 11.7783 14.4892 18.4068 11.0894 11.1069 10.8794 10.3715 14.3835
threshold=0.033031640574336059 -0.13222222775220868 0.08187092095613481 0.00022635493951383981 0.91666665673255932 -0.19083674997091291 0.0001438530380255543 -0.22111111134290692 -0.24548511207103726 0.066369172185659422 0.026666667312383655 0.00016583503020228821 0.91666665673255932 2.2915340415138878e-12
decision_type=2 10 2 8 2 2 8 8 2 2 10 10 2 2
left_child=3 2 6 4 5 -1 7 -2 -9 10 12 -11 13 -3
right_child=1 9 -4 -5 -6 -7 -8 8 -10 11 -12 -13 -14 -15
leaf_value=-0.0035099744722636968 -0.0018261953707263856 -1.4282948489727042e-05 0.003889511464706198 -0.00025111929193302176 -0.0026456868598867685 -0.00038372786805962374 0.0021362336216377356 -0.0029184805969546396 0.0029482135998864503 0.0035854833638396472 0.0014039619001713142 0.00070401036490291618 -0.001132884399163351 0.0034396361401269303
leaf_weight=635.24384711682796 803.1249458193779 6697.2126301974058 1251.7564942538738 22664.824183762074 1984.6385493725538 6507.0819502621889 3635.715173125267 259.95346879959106 914.60633024573326 711.89457176625729 2093.3155131787062 1895.9437587708235 3185.2743825316429 499.69422577321529
leaf_count=2545 3237 26848 5111 90757 7945 26060 14657 1047 3681 2870 8395 7636 12767 2005
internal_value=4.43985e-05 0.000828078 0.00191588 -0.000496821 -0.00110508 -0.000670803 0.00146353 0.000217849 0.00162267 0.000331084 8.22237e-05 0.0015119 -0.00018646 0.000234396
internal_weight=53740.3 21948.5 6865.16 31791.8 9126.96 7142.33 5613.4 1977.68 1174.56 15083.3 12475.5 2607.84 10382.2 7196.91
internal_count=215561 88254 27733 127307 36550 28605 22622 7965 4728 60521 50015 10506 41620 28853
is_linear=0
shrinkage=0.02


Tree=64
num_leaves=15
num_cat=0
split_feature=26 29 23 23 29 28 24 3 9 10 20 14 20 13
split_gain=20.1884 15.1664 10.5274 14.661 9.02162 12.3826 8.71924 8.6842 10.3431 9.70642 11.7727 9.0218 10.4202 8.26551
threshold=-0.18333333730697629 2.4668688044984099e-13 -0.33430701494216913 -0.26106904447078699 4.2768535295310139e-13 3.605679529906578e-13 -0.17711907625198361 0.00015509305376326668 0.00058696302585303794 0.91666665673255932 -0.1552072390913963 0.49841333925724035 -0.026363092474639412 0.00011193597674719059
decision_type=10 2 2 2 2 2 10 8 8 2 2 2 2 8
left_child=2 -2 6 -4 5 -5 -1 8 -3 11 -11 -9 -13 -6
right_child=1 7 3 4 13 -7 -8 9 -10 10 -12 12 -14 -15
leaf_value=3.1770796388298978e-05 0.0040284965878222313 -0.00030527952234319386 -0.0020396779678698469 0.0016851738019842463 0.00089962677068499992 -0.0032416654508749428 0.0042546443428023604 -0.00048342658060024433 -0.002719665765869946 0.0035268601396845579 0.00059174813446947615 -0.0016185150678629896 0.002351924069702676 0.0034157341462680447
leaf_weight=287.76575575768948 322.80709974467754 31913.915512472391 733.81036040186882 342.87302163243294 6787.4023322016001 451.55894127488136 592.52227208018303 5877.8610431700945 706.33539094030857 641.02675022184849 3232.7848006188869 341.80281062424183 993.1449831277132 550.08576206862926
leaf_count=1158 1295 127891 2955 1377 27328 1814 2391 23567 2831 2571 12958 1371 3984 2216
internal_value=2.02926e-05 -0.00016211 0.00084298 0.000632106 0.000877615 -0.0011261 0.00290556 -0.000194889 -0.000359193 0.000288319 0.00109306 -0.000145715 0.00132644 0.00109703
internal_weight=53775.7 44029.7 9746.02 8865.73 8131.92 794.432 880.288 43706.9 32620.3 11086.6 3873.81 7212.81 1334.95 7337.49
internal_count=215707 176468 39239 35690 32735 3191 3549 175173 130722 44451 15529 28922 5355 29544
is_linear=0
shrinkage=0.02


Tree=65
num_leaves=15
num_cat=0
split_feature=0 11 0 24 24 13 13 18 25 29 24 18 7 19
split_gain=45.3756 17.3489 14.7787 12.7432 12.3157 17.5212 15.3841 19.7159 16.1402 16.8797 11.2835 11.0905 11.7157 10.8102
threshold=0.066369172185659422 0.00024913724337238824 0.01049913000315428 0.096269365400075926 -0.050212485715746873 0.00011576852193684319 8.4229232015786706e-05 -0.36167408525943751 -0.093908030539751039 1.9960462319459919e-12 0.047047263011336334 0.28108148276805883 0.00020478120859479534 0.27923929691314703
decision_type=2 8 2 10 10 8 10 2 10 2 8 2 8 2
left_child=2 3 10 -2 5 6 8 -8 9 -4 -1 13 -13 -6
right_child=1 -3 4 -5 11 -7 7 -9 -10 -11 -12 12 -14 -15
leaf_value=-0.0012261552863668081 0.0038802610915649638 0.00074296861870562676 -0.00061909027869336351 0.00015329522258556227 -0.00032470110106677739 0.0019646975112857872 -0.0055800927452593664 -0.00049132904135476931 0.0017592277388437916 0.0035563412251406836 0.00020437519240887694 -0.00017859612202038736 0.002141259697554816 -0.002295823186501989
leaf_weight=8061.7619444727898 1757.5586293637753 2808.3858771771193 3678.0228539258242 464.56370037794113 20346.666186273098 2589.7770236432552 326.28424464166164 2571.8199613690376 2920.2559582293034 412.62572991847992 3026.2063508182764 2132.4782590270042 1448.4949346780777 1158.3325719088316
leaf_count=32274 7128 11350 14752 1881 81540 10388 1309 10307 11714 1658 12114 8548 5809 4645
internal_value=-7.98065e-06 0.00179647 -0.000195138 0.00310941 -5.71457e-06 0.000506712 0.000122469 -0.00109857 0.0006289 -0.000182659 -0.00083606 -0.000261225 0.000766461 -0.000432907
internal_weight=53703.2 5030.51 48672.7 2222.12 37584.8 12498.8 9909.01 2898.1 7010.9 4090.65 11088 25086 3580.97 21505
internal_count=215417 20359 195058 9009 150670 50128 39740 11616 28124 16410 44388 100542 14357 86185
is_linear=0
shrinkage=0.02


Tree=66
num_leaves=15
num_cat=0
split_feature=0 26 29 15 0 27 23 15 13 1 29 0 29 17
split_gain=47.6134 14.7421 10.8324 11.0206 9.99567 10.4464 23.1723 9.44528 9.31176 9.48967 8.7247 10.6939 9.70389 18.0073
threshold=0.053288420662283904 -0.26000000536441797 1.2942227042671286e-12 -0.28166832029819483 0.0068506477400660524 0.026666667312383655 0.0255041066557169 0.70945221185684215 0.00027394181233830755 2.4241101527877621e-05 5.0420556401906135e-13 0.04467704892158509 3.7776653008005095e-13 0.10778442770242692
decision_type=2 10 2 2 2 8 2 2 10 10 2 2 2 2
left_child=4 2 3 -2 -1 6 8 -7 9 -6 11 12 13 -8
right_child=1 -3 -4 -5 5 7 10 -9 -10 -11 -12 -13 -14 -15
leaf_value=-0.00094866169019776434 0.003673195666941232 0.00093786046352781725 0.0046475237616518065 -0.0011833163646244769 -0.0012510661371380233 0.00041727593192459624 -0.0034596937266717981 0.0032474371839508287 -0.0030012942613109358 0.00029220306153406332 -0.00068639694824395995 0.0016910135744957523 -0.0031519603024203206 0.0028451832858194647
leaf_weight=7232.6787251085043 349.5921123623848 8120.1204150915146 803.69620983302593 363.29248706996441 1716.6627987474203 4322.0723563283682 346.83564712107182 510.83146475255489 358.0594362616539 19385.158579692245 7750.1747393757105 270.38439190387726 1828.5262017250061 338.30714489519596
leaf_count=28953 1417 32704 3274 1473 6881 17313 1389 2047 1436 77690 31056 1084 7321 1355
internal_value=8.67829e-06 0.00128061 0.00307968 0.00123352 -0.000269973 -0.000136238 -0.000267246 0.000728571 0.000110005 0.00016559 -0.00103452 -0.0019918 -0.00239817 -0.000354098
internal_weight=53696.4 9636.7 1516.58 712.885 44059.7 36827 31994.1 4832.9 21459.9 21101.8 10534.2 2784.05 2513.67 685.143
internal_count=215393 38868 6164 2890 176525 147572 128212 19360 86007 84571 42205 11149 10065 2744
is_linear=0
shrinkage=0.02


Tree=67
num_leaves=15
num_cat=0
split_feature=0 0 6 19 0 23 11 28 18 11 19 1 28 11
split_gain=45.1525 19.1018 10.8807 16.1616 12.1424 14.167 9.61044 9.46002 10.5129 10.2866 9.70714 9.62298 8.14443 11.4245
threshold=0.033031640574336059 0.10855389758944513 0.91666665673255932 0.019835621118545536 0.078768830746412291 0.15681499242782596 0.00016035975568229335 2.6112454212801066e-12 0.25732471048831945 0.00041108390723820781 0.094206944108009352 5.1689228712348274e-05 6.131874250980136e-13 0.0006382602732628585
decision_type=2 2 2 2 2 2 10 2 2 8 2 10 2 10
left_child=-1 2 4 -4 7 -6 -5 8 10 11 12 -10 13 -2
right_child=1 -3 3 6 5 -7 -8 -9 9 -11 -12 -13 -14 -15
leaf_value=-0.00048351405465469125 0.00033313124205202851 0.0048877666704996081 -0.0011331238834314961 -0.0025092378146446591 0.0034071085178446502 -0.00081790528514519235 0.0014480630013606619 0.0024885865129177878 0.0011737380532790586 -0.00082021274217101373 -0.00071500002250883446 0.004712340646100128 0.0011800623335731315 -0.0031395847025276094
leaf_weight=31833.648085653782 3492.1204465329647 406.58987547457218 3027.4468136280775 256.76701132953167 1351.8365754634142 404.2359559237957 2260.4328865557909 1051.6328751891851 656.2944863140583 379.72511170804501 2749.0783450901508 589.53534986078739 4935.7559445053339 404.76254811882973
leaf_count=127471 14014 1664 12156 1031 5497 1638 9072 4239 2636 1525 11037 2369 19840 1624
internal_value=-2.32722e-06 0.000694819 0.000611288 -0.000151923 0.000875384 0.00243628 0.0010278 0.000680007 0.000532453 0.00202866 0.000319317 0.00289623 0.000642127 -4.1763e-05
internal_weight=53799.9 21966.2 21559.6 5544.65 16015 1756.07 2517.2 14258.9 13207.3 1625.55 11581.7 1245.83 8832.64 3896.88
internal_count=215813 88342 86678 22259 64419 7135 10103 57284 53045 6530 46515 5005 35478 15638
is_linear=0
shrinkage=0.02


Tree=68
num_leaves=15
num_cat=0
split_feature=26 5 18 25 11 13 7 13 3 7 12 23 13 18
split_gain=20.775 9.62382 10.0752 10.0666 8.4353 7.07351 11.6945 8.81449 15.2911 8.69697 7.24133 10.5672 12.3332 8.9273
threshold=-0.18333333730697629 0.00029439068748615688 0.28108148276805883 -0.027227044105529782 0.00018899705173680562 0.00011193597674719059 0.00058887767954729508 0.00027394181233830755 0.00018411457131151113 0.00052555053844116639 0.91666665673255932 -0.17943835258483884 8.5502822912530987e-05 -0.093869715929031358
decision_type=10 8 2 10 8 8 8 8 10 10 2 2 10 2
left_child=1 2 -1 -3 -4 9 7 -7 -9 10 11 12 13 -2
right_child=5 3 4 -5 -6 6 -8 8 -10 -11 -12 -13 -14 -15
leaf_value=0.0004209195089907693 0.0032910937443960332 0.00079450732407801916 6.4494982367566067e-07 0.0058956715951951387 0.0045916367450333732 0.00014136412467361022 0.0024514687355023162 -0.005831236147388996 0.00064699050652494911 -0.0024534497402897036 -0.00078681960462586859 -0.00028219940277731103 -0.0014377228204238064 0.00032112184214648086
leaf_weight=8432.5421608835459 936.15350759029388 344.61541958153248 250.80820249021053 272.11109112203121 422.57996276021004 10236.996284618974 823.29148209095001 253.55828543007374 304.30900248885155 778.6594804674387 9918.1169279515743 19622.277800217271 528.68600860238075 710.31510710716248
leaf_count=33947 3757 1392 1011 1100 1704 41025 3309 1016 1220 3122 39736 78646 2120 2851
internal_value=-5.56231e-05 0.000780286 0.00061256 0.00315973 0.00293103 -0.000240133 0.000183183 5.97448e-06 -0.00239736 -0.000391508 -0.00033937 -0.00013524 0.00118099 0.00202903
internal_weight=53835 9722.66 9105.93 616.727 673.388 44112.4 11618.2 10794.9 557.867 32494.2 31715.5 21797.4 2175.15 1646.47
internal_count=215956 39154 36662 2492 2715 176802 46570 43261 2236 130232 127110 87374 8728 6608
is_linear=0
shrinkage=0.02


Tree=69
num_leaves=15
num_cat=0
split_feature=0 0 26 13 23 11 25 25 23 28 22 28 8 23
split_gain=45.4595 19.4963 12.6378 10.6142 12.8135 12.11 11.0015 13.847 14.2139 12.7288 13.3669 10.0281 9.46706 12.4981
threshold=0.032758157700300224 0.087806593626737608 -0.093333333730697618 0.00015532915131188932 -0.054585015401244157 0.00044973958574701106 0.13035184890031817 -0.01086966088041663 -0.26106904447078699 5.5961691444034188e-13 -0.08752283081412314 5.6267401220104495e-13 0.91666665673255932 0.18566469848155978
decision_type=2 2 10 8 2 8 10 10 2 2 2 2 2 2
left_child=-1 3 -3 5 -5 12 7 8 -7 -10 -11 -6 13 -2
right_child=1 2 -4 4 11 6 -8 -9 9 10 -12 -13 -14 -15
leaf_value=-0.00052775422087431663 0.0011663754705633024 0.0041591461636257716 0.00018381834130843139 -0.00018125117380176422 0.0007713033161987049 -0.0042144812937769003 0.0019674121862725295 -0.0024403345740760481 -0.0014243336530700848 0.0043221647945713999 -1.4513962482072503e-06 0.0051945363942967537 -0.00022285715409130623 -0.00089736652366504896
leaf_weight=31683.468479752541 9920.4132024049759 975.55848298966885 474.13684731721878 586.14266663789749 329.83012184500694 250.35968627035618 562.11481805145741 1510.9858279973269 687.24708242714405 509.76401910185814 621.61605024337769 558.67716628313065 3864.1065193414688 1316.0998278707266
leaf_count=126867 39886 3994 1916 2359 1325 1007 2258 6061 2756 2048 2496 2248 15507 5292
internal_value=-4.18295e-05 0.000652555 0.00287917 0.000494121 0.00211817 0.000367593 -0.000588369 -0.00099837 6.79825e-05 0.000696955 0.00198787 0.00360568 0.000630244 0.000923491
internal_weight=53850.5 22167.1 1449.7 20717.4 1474.65 19242.7 4142.09 3579.97 2068.99 1818.63 1131.38 888.507 15100.6 11236.5
internal_count=216020 89153 5910 83243 5932 77311 16626 14368 8307 7300 4544 3573 60685 45178
is_linear=0
shrinkage=0.02


Tree=70
num_leaves=15
num_cat=0
split_feature=24 23 25 5 11 23 17 13 13 29 19 6 29 25
split_gain=16.9373 25.917 11.3798 10.8944 10.1479 9.34161 8.90013 6.97983 6.37539 6.13275 7.02182 11.0393 8.29142 7.91112
threshold=-0.25496472418308253 -0.33430701494216913 -0.27415312826633448 0.00047554523916915065 0.0003620178322307766 -0.29019676148891443 -0.31971585750579828 5.9997337302775129e-05 9.0437632024986683e-05 2.4668688044984099e-13 -0.17180661112070081 0.91666665673255932 3.8449591546665251e-13 0.068714786320924773
decision_type=10 2 10 8 8 2 2 10 10 2 2 2 2 10
left_child=-1 4 -3 5 7 6 -4 -2 -5 -7 11 12 -11 -13
right_child=1 2 3 8 -6 9 -8 -9 -10 10 -12 13 -14 -15
leaf_value=-0.0039209964810049498 0.0024049191894952998 0.00364090553734428 -0.004720924979598317 0.0045313430972869643 -0.00022266305563937338 0.0023496603100024369 -0.00029549652116078355 0.0062821360857557764 0.000954815857230851 -0.0014859747043570956 -0.00026047800278605429 -0.00029409117680680397 0.00089058081881465245 -0.0033637246466020295
leaf_weight=426.79464472830296 479.9794674962759 307.54929006099701 324.7145030349493 257.53576269745827 288.79828777909279 383.16454187035561 390.64869683980942 335.2611537873745 765.08045847713947 618.60663689672947 37868.935199782252 3419.8345292955637 7558.7844967544079 353.09582886099815
leaf_count=1713 1935 1240 1306 1036 1164 1538 1570 1351 3077 2481 151841 13710 30360 1415
internal_value=-4.31857e-05 -1.07071e-05 -7.53216e-05 -9.87191e-05 0.00299407 -0.000140106 -0.00237803 0.00411164 0.00192517 -0.000107282 -0.000127114 0.000295226 0.000707611 -0.00059759
internal_weight=53778.8 53352 52247.9 51940.4 1104.04 50917.8 715.363 815.241 1022.62 50202.4 49819.3 11950.3 8177.39 3772.93
internal_count=215737 214024 209574 208334 4450 204221 2876 3286 4113 201345 199807 47966 32841 15125
is_linear=0
shrinkage=0.02


Tree=71
num_leaves=15
num_cat=0
split_feature=0 11 0 1 24 9 1 20 26 9 24 28 28 11
split_gain=39.2484 15.729 13.9468 11.9573 11.1298 9.64037 9.13961 9.95893 8.4902 9.72524 10.7363 8.11171 10.4758 8.7583
threshold=0.067144490778446211 0.00025810164515860384 0.0098886820487678068 3.0460564630629964e-05 -0.055580521002411835 0.00026971354964189237 0.00012807560415240007 -0.093905225396156297 5.1625370645069787e-15 0.00023333495482802394 0.096269365400075926 1.8466904437922098e-12 1.4390318364004841e-12 0.00066618304117582749
decision_type=2 8 2 10 10 10 10 2 8 10 10 2 2 10
left_child=2 8 5 -4 6 -1 7 11 9 10 -2 12 13 -5
right_child=1 -3 3 4 -6 -7 -8 -9 -10 -11 -12 -13 -14 -15
leaf_value=-0.00028847001714334727 0.003531233495421266 0.00069204719952915827 -0.00078989347214991482 -0.00038215165783012247 -3.6586937623859588e-05 -0.0015452463239888289 0.0023166059689637285 0.0012830998127777518 -0.00049483061740802632 0.006676026096417648 -0.00043456030845557278 0.0020210266511704561 -0.0039011297508549552 0.0029290304173012894
leaf_weight=6528.4947703480721 1388.7262404710054 2558.7904226332903 5584.3385397195816 3746.7551921457052 22765.856973811984 3891.2224359661341 1293.7044048756361 3888.6775222569704 245.47840967774391 298.92589922249317 333.64798574149609 630.06878732144833 292.64705084264278 329.17213501036167
leaf_count=26133 5643 10348 22388 15023 91244 15577 5196 15592 989 1215 1354 2531 1175 1320
internal_value=5.84779e-05 0.0017755 -0.000111441 6.42122e-05 0.00020937 -0.000759872 0.000758351 0.000526827 0.00298177 0.0034047 0.00276683 -6.42816e-05 -0.00037288 -0.000101744
internal_weight=53776.5 4825.57 48950.9 38531.2 32946.9 10419.7 10181 8887.32 2266.78 2021.3 1722.37 4998.64 4368.57 4075.93
internal_count=215728 19549 196179 154469 132081 41710 40837 35641 9201 8212 6997 20049 17518 16343
is_linear=0
shrinkage=0.02


Tree=72
num_leaves=15
num_cat=0
split_feature=0 0 11 13 27 29 30 15 30 15 11 29 0 1
split_gain=35.9045 17.9567 10.5823 10.5263 14.6502 12.2762 11.6292 9.97993 9.61412 9.20931 10.933 9.10569 9.40515 8.9961
threshold=0.070678327232599272 0.024919435381889347 0.00039006175938993698 3.3007851016009233e-05 -0.28388889133930201 8.4198235406410259e-13 -0.21074638515710828 0.46855938434600836 0.4498033225536347 -0.27585932612419123 0.00026268711371812975 5.1743348104468799e-13 0.010712147224694492 0.00013162376126274469
decision_type=2 2 8 10 10 2 2 2 2 2 10 2 2 8
left_child=1 8 3 -2 -5 -6 -7 -8 9 10 11 -1 -13 -3
right_child=2 13 -4 4 5 6 7 -9 -10 -11 -12 12 -14 -15
leaf_value=-0.0025213690127785298 -0.0010989176277928067 0.00014091992126615612 0.00011476873421638919 0.0068656113778183415 0.0040139919765878806 0.0042714899901356573 -0.0013764379331990895 0.0025371671726983421 0.0012441550898449438 -0.00085075528182439034 0.00057955850802652946 -0.0016716264499186185 0.00099866355974502063 0.0013800477061235528
leaf_weight=973.56353072822094 289.01720756292343 22200.438799053431 1037.1963307857513 305.76226602494717 952.57980479300022 324.56870219111443 694.16543893516064 390.42686633765697 1202.8296326696873 15980.358546882868 4805.419817969203 932.87955871224403 1162.6925195604563 2601.1169112026691
leaf_count=3897 1176 89068 4195 1254 3854 1322 2817 1584 4817 63971 19239 3735 4656 10454
internal_value=3.69325e-05 -0.000109518 0.00185673 0.00246296 0.00285418 0.00228155 0.00107066 5.27952e-05 -0.000486937 -0.000575192 -1.5235e-05 -0.000944241 -0.000194627 0.000271883
internal_weight=53853 49859.3 3993.72 2956.52 2667.5 2361.74 1409.16 1084.59 25057.7 23854.9 7874.56 3069.14 2095.57 24801.6
internal_count=216039 199837 16202 12007 10831 9577 5723 4401 100315 95498 31527 12288 8391 99522
is_linear=0
shrinkage=0.02


Tree=73
num_leaves=15
num_cat=0
split_feature=24 26 30 22 24 24 9 24 13 5 7 5 7 22
split_gain=23.3419 18.4617 9.90087 8.67845 9.02502 8.93181 8.85441 7.15332 7.69396 9.95576 8.55523 7.86914 6.93892 9.2693
threshold=-0.25496472418308253 -0.18333333730697629 -0.33773012459278101 -0.13517150282859799 -0.064543496817350374 -0.0097137931734323484 0.00014710434334119785 -0.050212485715746873 0.00011576852193684319 0.00036023878783453261 0.0004836536390939728 0.00024384434072999286 0.00058887767954729508 0.070800121873617186
decision_type=10 10 2 2 10 10 10 10 10 10 8 10 8 2
left_child=-1 3 -3 4 6 -5 -2 8 10 11 -4 -10 -9 -14
right_child=1 2 7 5 -6 -7 -8 12 9 -11 -12 -13 13 -15
leaf_value=-0.0045134899868764702 -0.0011466629826778923 -0.0011501797350703885 0.00019255182791138946 0.0021196730087224831 -0.0018749854569735664 0.00062046564546616115 0.0015268849007101252 -0.00026557879383879622 0.0013540953696662948 0.0044077394071339671 -0.0031606091889902462 -0.0012777739564327933 -0.00020521422430967143 0.0039258201226279269
leaf_weight=431.57040818035603 736.19260454177856 3420.081969588995 8993.950944468379 2756.63466578722 774.60377046465874 3775.7404443621635 1426.1466935575008 27219.188704058528 2199.4123174399137 330.91569821536541 295.00443115830421 554.46049942076206 513.5735170096159 354.21351824700832
leaf_count=1732 2963 13706 36062 11107 3119 15212 5745 109070 8818 1330 1183 2224 2061 1424
internal_value=1.4506e-05 5.28124e-05 -0.000120116 0.000852729 -5.03456e-05 0.00125766 0.000614479 -3.25215e-05 0.000367771 0.00122972 7.94984e-05 0.000818807 -0.000209007 0.00153145
internal_weight=53781.7 53350.1 43880.8 9469.32 2936.94 6532.38 2162.34 40460.7 12373.7 3084.79 9288.96 2753.87 28087 867.787
internal_count=215756 214024 175878 38146 11827 26319 8708 162172 49617 12372 37245 11042 112555 3485
is_linear=0
shrinkage=0.02


Tree=74
num_leaves=15
num_cat=0
split_feature=26 29 13 29 26 29 9 8 9 27 28 29 13 27
split_gain=20.1054 11.569 9.60999 11.7852 17.299 16.0251 12.9525 12.883 11.419 13.0357 12.3161 17.1332 12.4478 10.4007
threshold=-0.18333333730697629 2.4668688044984099e-13 0.00011193597674719059 2.1341545067624094e-12 -1.3877787807814454e-16 1.4200865960586897e-12 0.00094087532488629233 0.75000000000000011 0.0001627440578886308 0.016666667070239786 6.5990664538731491e-13 7.2042727144137907e-13 0.00010916648534475827 -8.0491169285323839e-16
decision_type=10 2 8 2 10 2 8 2 10 8 2 2 10 10
left_child=-1 -2 8 5 -5 6 -4 -7 9 13 11 -10 -12 -3
right_child=1 2 3 4 -6 7 -8 -9 10 -11 12 -13 -14 -15
leaf_value=0.00081502829216904685 0.0034885735162682343 7.8744778192036571e-05 7.6067874507507806e-05 -0.0043254215986533355 0.0011279934650754294 0.0054696412695782624 0.004217198823058166 0.00089885315516548107 -0.00089668711609573672 0.0021300840973583601 -1.3115234625587902e-05 -0.0040981472442164621 -0.0037778076000232657 -0.0026762339906206641
leaf_weight=9698.8820918053389 319.46122567355633 8418.7327795475721 9362.1038725823164 497.13656790554523 410.79266740381718 412.24064315855503 292.22438178956509 597.18837335705757 11077.233069971204 1166.2243470698595 9977.6693840026855 694.16156230866909 344.13934759795666 566.24189850687981
leaf_count=39071 1282 33757 37516 1997 1648 1654 1175 2396 44364 4670 40011 2782 1379 2267
internal_value=-8.50558e-06 -0.000189766 -0.000218164 0.000275926 -0.00188689 0.000463259 0.000209874 0.00283552 -0.000395542 0.000159504 -0.000650483 -0.00109211 -0.000145697 -0.000100435
internal_weight=53834.4 44135.6 43816.1 11571.7 907.929 10663.8 9654.33 1009.43 32244.4 10151.2 22093.2 11771.4 10321.8 8984.97
internal_count=215969 176898 175616 46386 3645 42741 38691 4050 129230 40694 88536 47146 41390 36024
is_linear=0
shrinkage=0.02


Tree=75
num_leaves=15
num_cat=0
split_feature=0 1 11 11 0 27 27 22 1 3 13 13 1 27
split_gain=35.5413 16.7465 9.86965 11.1402 10.8993 22.3391 10.42 12.2431 13.0579 10.0605 11.4203 10.1152 10.0124 9.48306
threshold=0.053288420662283904 0.00010282656512572431 0.00021939510043011981 0.00032375223236158496 0.02734616864472628 0.016666667070239786 -2.1371793224034259e-15 -0.19802328199148175 4.3427635318948894e-05 9.1104811872355653e-05 9.9845434306189431e-05 8.250023165601307e-05 0.00021683648810721937 -0.12000000104308127
decision_type=2 8 10 10 2 8 10 2 10 10 10 10 10 10
left_child=2 -2 6 4 -4 13 7 8 -1 10 -8 -11 -5 -6
right_child=1 -3 3 12 5 -7 9 -9 -10 11 -12 -13 -14 -15
leaf_value=-0.0047924215094280248 0.00065212716220893418 0.0027469688847770626 -7.0527409059446185e-05 -0.00046173750085825259 0.0020112024964983209 0.0047928292745689745 -0.0017992128021103088 -0.00024593567812776501 -0.00029909617682608995 -0.00087789706488585395 0.0028960144817099754 -0.005037504399175898 0.0017418901606726905 -9.2579844299202569e-05
leaf_weight=497.52180822193623 7812.5056494325399 1883.8858973830938 7268.8168327063322 19650.307220503688 1278.0132158100605 575.91200998425484 857.17594249546528 8886.6435415148735 522.96942971646786 387.73308905959129 252.05543583631516 609.75004826486111 841.4591973721981 2517.9703454822302
leaf_count=1994 31515 7618 29100 78717 5141 2308 3431 35615 2097 1552 1009 2441 3378 10089
internal_value=-3.11962e-05 0.00106394 -0.000272108 -8.90851e-05 0.000404576 0.00119122 -0.000760664 -0.000486852 -0.00253975 -0.00203162 -0.000699901 -0.00346966 -0.000369639 0.00062254
internal_weight=53842.7 9696.39 44146.3 32132.5 11640.7 4371.9 12013.8 9907.13 1020.49 2106.71 1109.23 997.483 20491.8 3795.98
internal_count=216005 39133 176872 128733 46638 17538 48139 39706 4091 8433 4440 3993 82095 15230
is_linear=0
shrinkage=0.02


Tree=76
num_leaves=15
num_cat=0
split_feature=0 0 13 13 11 7 2 24 11 28 19 24 2 21
split_gain=42.1212 13.7394 15.6278 15.1033 12.5389 12.3265 12.1387 21.0108 10.471 9.98798 9.62061 9.29369 9.73088 9.13114
threshold=0.070678327232599272 0.026362299919128421 0.00015532915131188932 0.00027394181233830755 0.00050398547318764042 0.00017449427832616496 0.75000000000000011 0.096269365400075926 0.00033913228253368294 2.6870735183367333e-13 0.12461967766284944 -0.088317494839429841 0.91666665673255932 -0.083155628293752656
decision_type=2 2 8 10 8 8 2 10 10 2 2 10 2 2
left_child=1 -1 4 5 9 -4 7 8 10 -3 -2 -8 -13 -7
right_child=6 2 3 -5 -6 13 11 -9 -10 -11 -12 12 -14 -15
leaf_value=-0.00042828267977100472 0.0056965058711186565 0.0027806362713997225 -0.0010506355934373824 -0.0016713362422738354 -0.00097215852937984984 0.0013215905686655687 -0.0021675948419351749 -0.00055718860160911812 0.0015059780770310504 0.00021643611476466755 0.0019882367481793319 -0.0001799141713599103 0.0038304872218783395 0.0050579792453493725
leaf_weight=26403.076941996813 1024.2616354972124 609.97894109785557 248.54061457514763 341.55586887896061 3678.8821748942137 420.94299176335335 370.58354376256466 580.80147495865822 629.30768322944641 17331.687401324511 422.77912510931492 583.49924305081367 391.48209077119827 759.6710786819458
leaf_count=105701 4176 2450 998 1373 14755 1693 1500 2355 2555 69555 1720 2360 1580 3054
internal_value=4.32532e-05 -0.000115735 0.000237119 0.00203265 8.83237e-05 0.00292872 0.00201184 0.00279106 0.00372402 0.000306613 0.00465494 0.000454736 0.001475 0.00376999
internal_weight=53797.1 49794.3 23391.3 1770.71 21620.5 1429.15 4002.71 2657.15 2076.35 17941.7 1447.04 1345.56 974.981 1180.61
internal_count=215825 199579 93878 7118 86760 5745 16246 10806 8451 72005 5896 5440 3940 4747
is_linear=0
shrinkage=0.02


Tree=77
num_leaves=15
num_cat=0
split_feature=0 22 26 0 24 1 22 19 28 1 18 26 14 14
split_gain=36.3442 16.2162 14.6635 11.9868 12.1071 14.2841 12.0372 13.7193 11.8317 11.1166 9.82211 8.78063 8.9024 8.79322
threshold=0.053288420662283904 -0.30993221700191492 -0.19666666537523267 0.0098886820487678068 -0.050212485715746873 0.00012643478112295273 -0.19444309175014493 0.012418384198099377 1.7535399131005105e-12 0.00010282656512572431 -0.36167408525943751 -0.18333333730697629 0.4325596690177918 -0.17373896390199658
decision_type=2 2 10 2 10 10 2 2 2 10 2 10 2 2
left_child=3 -2 -3 -1 5 6 7 8 -5 -4 -8 -12 13 -13
right_child=1 2 9 4 -6 -7 10 -9 -10 -11 11 12 -14 -15
leaf_value=-0.00084757919719469362 -0.0034568432272209203 0.0025313187976273373 0.00034818283050393867 -0.0011180290517760112 -0.00033514706111987749 0.0024932441371739457 -0.0018414100542503541 -0.0051851679584782023 0.0033729012841254924 0.0023576768889692389 0.0025519753246061429 -2.8990342892826827e-06 -0.0010677346262308329 0.0016983045197507876
leaf_weight=10456.14180457592 284.49937780201435 2547.2712667882442 5469.9805194884539 1607.2645494788885 22774.626796498895 1222.9865586012602 592.88892829418182 266.21234577894211 254.5011890232563 1361.8808842301369 965.89453986287117 2328.2965385764837 1137.3875798285007 2522.2970485687256
leaf_count=41854 1149 10358 22012 6444 91249 4910 2379 1067 1022 5490 3882 9329 4558 10106
internal_value=-1.33695e-05 0.00109623 0.0012414 -0.000256746 -7.28831e-05 0.000474819 0.000215053 -0.00110687 -0.000474801 0.000754473 0.000589737 0.000801704 0.00051182 0.000885064
internal_weight=53792.1 9663.63 9379.13 44128.5 33672.4 10897.7 9674.74 2127.98 1861.77 6831.86 7546.76 6953.88 5987.98 4850.59
internal_count=215809 39009 37860 176800 134946 43697 38787 8533 7466 27502 30254 27875 23993 19435
is_linear=0
shrinkage=0.02


Tree=78
num_leaves=15
num_cat=0
split_feature=27 24 5 6 23 27 7 20 28 11 11 29 29 13
split_gain=20.9088 22.9966 12.3854 11.8046 11.9256 10.8308 14.017 13.4608 13.5146 14.1754 17.6658 11.9332 11.0718 10.6064
threshold=-0.076666668057441698 -0.25496472418308253 0.00047554523916915065 0.41666667163372045 0.01941673364490271 0.026666667312383655 0.00061832138453610252 0.097609050571918501 1.1094187092434984e-12 0.00045310180576052522 0.00022499871556647125 1.7532486963969809e-12 6.2743457348093955e-13 0.00011193597674719059
decision_type=10 8 8 2 2 10 10 2 2 10 10 2 2 10
left_child=1 -1 -3 4 -2 13 7 -7 9 10 -9 -10 -12 -5
right_child=3 2 -4 5 -6 6 -8 8 11 -11 12 -13 -14 -15
leaf_value=-0.0041902296740750503 -0.00013341753808950268 0.00045204271948525929 0.0041795654426581971 -0.00078280244385663794 -0.0043786347915740079 0.0014100088002754188 0.0047298796261133159 -0.0018123925559824514 -0.005508514806786791 -0.0017354305847001299 0.0010233130100613739 -0.00011944054001795175 0.0047674441016631259 0.00014113980962001944
leaf_weight=403.91381153464317 489.52597041428089 22039.220631703734 342.80535969138145 16192.362056732178 559.63947267830372 2355.482029274106 268.55892223119736 618.27826492488384 347.13793484866619 1154.9667099565268 1075.4072536826134 299.21005913615227 436.96382391452789 7158.8481438159943
leaf_count=1621 1961 88600 1386 64843 2242 9435 1080 2476 1392 4629 4308 1200 1751 28689
internal_value=-3.37538e-05 0.000425844 0.000512814 -0.000372105 -0.00243742 -0.000298072 0.000419312 0.000220779 -0.000495172 3.13436e-05 0.000996296 -0.00309225 0.0021532 -0.000499668
internal_weight=53742.3 22785.9 22382 30956.4 1049.17 29907.2 6556 6287.45 3931.96 3285.62 2130.65 646.348 1512.37 23351.2
internal_count=215613 91607 89986 124006 4203 119803 26271 25191 15756 13164 8535 2592 6059 93532
is_linear=0
shrinkage=0.02


Tree=79
num_leaves=15
num_cat=0
split_feature=0 18 27 1 24 24 0 0 14 23 18 23 31 16
split_gain=32.4156 14.488 13.0767 10.8422 9.71212 12.1816 13.1535 9.4498 9.1172 10.9737 10.0694 9.71746 8.47829 11.1063
threshold=0.070678327232599272 0.28108148276805883 -0.27666667103767389 4.6274337364593528e-05 -0.25496472418308253 -0.050212485715746873 0.0088585014455020445 0.019626244902610782 -0.27585932612419123 -0.1202971003949642 -0.22812566161155698 0.0057168190833181151 1.0000000180025095e-35 -0.12109456956386565
decision_type=2 2 10 10 10 10 2 2 2 2 2 2 2 2
left_child=1 4 -2 -3 -1 6 -6 -5 9 -4 -10 -12 13 -7
right_child=2 3 8 7 5 12 -8 -9 10 -11 11 -13 -14 -15
leaf_value=-0.0036620879809787627 0.0044430065395124107 -0.00040808484003858613 0.0004529101766592674 8.4264408851293538e-05 -0.0011016155302731368 -0.00093777693436946209 0.00043270142577512036 0.002266487290798664 -0.0031412891948820508 0.0045373613274705188 0.0026937523995348212 -9.2204260882116542e-05 -0.0007928640522235998 0.00042001785761952809
leaf_weight=325.41311718523502 563.17047795653343 1943.1138259470463 481.47501648962498 1260.9248414188623 2695.7853344231844 3783.3967129290104 12610.705588340759 2129.7023184597492 251.9149903357029 573.44357208907604 778.47803393006325 1339.9296288639307 18480.313489869237 6556.5275110602379
leaf_count=1303 2312 7788 1956 5048 10792 15161 50592 8547 1024 2328 3157 5418 74048 26269
internal_value=-6.3256e-05 -0.000202486 0.00166704 0.000780593 -0.000320742 -0.000294453 0.000161392 0.0014602 0.00118748 0.00271629 0.000490037 0.000947205 -0.000536497 -7.7653e-05
internal_weight=53774.3 49785.9 3988.41 5333.74 44452.1 44126.7 15306.5 3390.63 3425.24 1054.92 2370.32 2118.41 28820.2 10339.9
internal_count=215743 199548 16195 21383 178165 176862 61384 13595 13883 4284 9599 8575 115478 41430
is_linear=0
shrinkage=0.02


Tree=80
num_leaves=15
num_cat=0
split_feature=27 24 13 1 24 2 11 11 1 11 13 2 21 27
split_gain=18.028 22.7204 14.5906 11.9043 10.6792 14.8201 11.3378 17.594 13.3343 10.639 10.0198 9.57792 9.17897 9.96307
threshold=-0.097777780145406709 -0.25496472418308253 5.3775493142893545e-05 2.1754927729489285e-05 0.077927794307470336 0.41666667163372045 0.0003166093811159954 0.00080515691661275934 9.4265997176989927e-05 0.00025659141829237347 8.8570825028000413e-05 0.91666665673255932 -0.1332280486822128 -0.24333333224058148
decision_type=10 10 10 10 10 2 10 10 10 8 10 2 2 8
left_child=1 -1 3 -2 5 -3 8 12 9 11 -6 -7 -8 -14
right_child=2 4 -4 -5 10 6 7 -9 -10 -11 -12 -13 13 -15
leaf_value=-0.0041862963438234532 0.0019958761574974527 0.0023198991482549047 -0.00014429132175180896 -0.0019628998426696525 -0.00086441767197827297 0.00061595392914993411 -0.0016370323853205041 0.0041138770070149443 0.0029921414482944526 0.0021070494410943613 0.0030679240798469061 -0.0015856891001176246 -0.0032599661471879914 0.00087918937627824299
leaf_weight=385.09206998348236 323.14368288218975 2226.7291825711727 32341.686225324869 2885.8531767129898 2689.9762060791254 4972.3586000353098 1943.9963166862726 313.0740550160408 1115.3361226916313 1583.0335946679115 266.97763442993164 919.46958045661449 250.20834608376026 1657.4219575375319
leaf_count=1545 1295 8979 129567 11563 10827 20002 7814 1262 4497 6363 1075 3691 1010 6658
internal_value=-9.74495e-06 0.000499537 -0.000272374 -0.00155436 0.000604679 0.000821331 0.000556491 -0.000298946 0.000970955 0.000662191 -0.000491148 0.000268167 -0.000677034 0.000308099
internal_weight=53874.4 18323.7 35550.7 3209 17938.6 14981.6 12754.9 4164.7 8590.2 7474.86 2956.95 5891.83 3851.63 1907.63
internal_count=216148 73723 142425 12858 72178 60276 51297 16744 34553 30056 11902 23693 15482 7668
is_linear=0
shrinkage=0.02


Tree=81
num_leaves=15
num_cat=0
split_feature=0 2 24 0 17 28 13 4 26 21 8 25 28 11
split_gain=30.7973 15.2808 13.635 8.66113 8.48741 11.265 13.2231 10.6897 9.68901 8.89509 8.83123 8.80759 14.7122 8.14062
threshold=0.04891361482441426 0.41666667163372045 -0.19902562350034711 0.087806593626737608 0.028997103683650497 5.9678781014205217e-13 0.00010983948595821859 0.91666665673255932 -0.19666666537523267 0.054846324026584632 0.75000000000000011 0.015331636648625137 1.4390318364004841e-12 0.00024913724337238824
decision_type=2 2 8 2 2 2 10 2 10 2 2 10 2 8
left_child=2 3 -1 -2 5 6 -3 8 -6 -9 13 12 -7 -10
right_child=1 4 -4 -5 7 11 -8 9 10 -11 -12 -13 -14 -15
leaf_value=-0.0027224033348414644 0.0019859286634276172 -0.0019907662221618399 -0.00023678976514183238 0.0059585123538457227 0.002847099735209056 0.0013057489681850734 0.0020733240528939914 0.0054094732987012449 0.0030847599317309327 0.0015901847676906237 -0.00086678806238422415 0.0022804512360168143 -0.001684556420778987 9.371089002343319e-06
leaf_weight=882.42326259613037 1142.4943674951792 1533.9529487937689 41095.852921813726 265.77609500288963 654.19558925926685 1630.9321501106024 385.92129874229431 366.04318216443062 582.65463790297508 735.62951113283634 1514.2065010368824 1020.7218447327614 1074.468554392457 803.33598917722702
leaf_count=3536 4614 6171 164634 1091 2660 6576 1551 1472 2349 2957 6088 4120 4351 3233
internal_value=-3.72651e-05 0.000868783 -0.000290311 0.00280859 0.000598687 7.64868e-05 -0.00116087 0.00122888 0.00068723 0.00293301 0.000183867 0.000716828 0.000114482 0.00132772
internal_weight=53688.6 11710.3 41978.3 1408.27 10302.1 5646 1919.87 4656.07 3554.39 1101.67 2900.2 3726.12 2705.4 1385.99
internal_count=215403 47233 168170 5705 41528 22769 7722 18759 14330 4429 11670 15047 10927 5582
is_linear=0
shrinkage=0.02


Tree=82
num_leaves=15
num_cat=0
split_feature=24 27 24 22 1 20 17 18 6 24 1 18 21 17
split_gain=15.5042 15.7915 11.1699 9.51636 16.9491 13.8904 8.186 11.1497 8.66191 9.38206 10.4898 8.98134 8.4506 9.40639
threshold=-0.25496472418308253 -0.097777780145406709 0.096269365400075926 -0.19444309175014493 5.4363457820727497e-05 -0.28177532553672785 -0.1604092866182327 -0.32283571362495417 0.91666665673255932 0.032911250367760665 9.2780512204626589e-05 -0.14063291251659391 -0.19725304096937177 -0.0065402688924223176
decision_type=8 10 10 2 10 2 2 2 2 10 10 2 2 2
left_child=-1 2 3 4 5 -2 7 -3 -9 10 11 -10 -8 -14
right_child=1 6 -4 -5 -6 -7 12 8 9 -11 -12 -13 13 -15
leaf_value=-0.0036983619425221799 0.00048315799380937253 0.00080208695929899238 -0.00075919538428046113 0.00099833981501200363 0.0011539338774949482 -0.0031268857183908661 -0.0017911519093514125 -0.00054832196521555727 -0.0050895558724154948 6.3305341231008786e-05 -0.00030316501863056491 -0.0016702759043003023 0.00072578718533006822 -0.00016128388593886708
leaf_weight=424.03576819598675 733.03812755644321 1643.8995642960072 2294.9116237014532 12040.370480522513 1829.7631990760565 983.4965596050024 998.33385498821735 5422.4280782341957 737.82565376162529 664.8087559491396 525.49736188352108 563.92366971075535 6423.479057058692 18519.915299579501
leaf_count=1701 2947 6591 9238 48458 7360 3950 4000 21723 2955 2662 2106 2258 25729 74197
internal_value=2.34027e-05 5.43404e-05 0.00053869 0.000730513 -0.000179312 -0.00159742 -0.000189795 -0.000689463 -0.00100051 -0.00197222 -0.00270548 -0.003656 -5.29956e-06 6.75551e-05
internal_weight=53805.7 53381.7 17881.6 15586.7 3546.3 1716.53 35500.1 9558.38 7914.48 2492.06 1827.25 1301.75 25941.7 24943.4
internal_count=215875 214174 71953 62715 14257 6897 142221 38295 31704 9981 7319 5213 103926 99926
is_linear=0
shrinkage=0.02


Tree=83
num_leaves=15
num_cat=0
split_feature=0 13 27 0 13 18 20 27 27 1 1 28 27 7
split_gain=29.9732 16.7359 13.7074 11.853 10.8952 9.35811 15.5874 12.2391 16.751 16.9335 11.7363 11.2196 9.28825 9.02517
threshold=0.070678327232599272 3.3007851016009233e-05 -0.27666667103767389 0.019843135960400108 0.00016234647773671898 0.27620050311088568 0.097609050571918501 0.026666667312383655 -1.804112415015879e-15 0.00012643478112295273 4.5336650146055042e-05 5.5691513683661663e-13 -0.34888888895511622 0.00022086950775701555
decision_type=2 8 10 2 8 2 2 8 10 10 10 2 10 8
left_child=3 -2 -3 -1 5 6 7 8 9 12 -7 -10 -5 -6
right_child=1 2 -4 4 13 10 -8 -9 11 -11 -12 -13 -14 -15
leaf_value=-0.00046198336719905297 -0.0026161518745269536 0.0052275699798223175 0.0015984605724014972 -0.0035636577965127898 -0.00058909341517963195 -0.00052048297649305662 -0.001093863863313617 0.0022455408237163845 -0.0033485736461409928 0.0022425504592493975 0.0019591261812985468 -0.00026197819912911446 0.00012238303698854802 0.0024214204535012995
leaf_weight=20339.95209723711 313.26227200031281 466.27916590869427 3222.4410808384418 258.65548883378506 540.48025898635387 1186.7361171543598 4784.8702447712421 1062.03017821908 876.36337822675705 1542.1635466217995 2086.170471996069 1000.6116922050714 14622.604118838906 1425.6157519817352
leaf_count=81421 1276 1918 13063 1042 2169 4760 19183 4257 3509 6197 8372 4008 58663 5730
internal_value=4.32152e-05 0.00170391 0.00208292 -9.10695e-05 0.000165801 6.21469e-05 -7.41847e-05 0.000178669 5.64009e-05 0.000261637 0.00106233 -0.00172323 5.36179e-05 0.00159623
internal_weight=53728.2 4001.98 3688.72 49726.3 29386.3 27420.2 24147.3 19362.4 18300.4 16423.4 3272.91 1876.98 14881.3 1966.1
internal_count=215568 16257 14981 199311 117890 109991 96859 77676 73419 65902 13132 7517 59705 7899
is_linear=0
shrinkage=0.02


Tree=84
num_leaves=15
num_cat=0
split_feature=0 6 5 19 20 0 20 0 26 19 13 13 19 20
split_gain=31.5699 10.3713 22.6998 14.3998 10.1255 12.5663 16.4106 9.7371 9.49755 9.24769 8.97216 9.20374 8.65925 10.0732
threshold=0.04467704892158509 0.91666665673255932 0.00019497795437928292 0.02478132210671902 0.097609050571918501 0.02028679754585028 0.047241410240530975 0.074957404285669341 -0.13666667044162747 -0.07061928883194922 5.8630890634958639e-05 6.2001749029150246e-05 -0.12173789739608763 -0.1684305518865585
decision_type=2 2 10 2 2 2 2 2 10 2 10 10 2 2
left_child=4 7 3 -3 5 -1 12 -2 -9 -10 -6 -12 -7 -14
right_child=1 2 -4 -5 10 6 -8 8 9 -11 11 -13 13 -15
leaf_value=-0.00046515895476169155 0.00079566237999473494 -0.0023839668966219698 0.0027862236096136144 0.0006292482003047847 0.0001783123165495967 0.0006636687279243875 0.0019972905802929796 0.0034128394639153033 0.0036744812975300842 -1.5461705404519115e-05 -0.0038358419551590196 -0.00097426618280674381 -0.0024558775327184093 -0.00011340403260086504
leaf_weight=15476.740702301264 8185.6480666548014 1418.0268916338682 788.53058058023453 1123.026181653142 2718.514554426074 5423.9019909650087 2067.330820992589 1285.6885405778885 354.3451049476862 989.98201644420624 464.18692843616009 6983.762231439352 823.73625683784485 5679.6235652565956
leaf_count=61955 32917 5701 3172 4512 10891 21755 8285 5273 1436 4005 1859 27966 3303 22762
internal_value=2.88325e-05 0.000839288 -0.0001362 -0.00105775 -0.000260666 -7.27321e-05 0.000361301 0.00113929 0.00219471 0.000996761 -0.000804252 -0.00116241 7.48686e-05 -0.000416729
internal_weight=53783 14145.2 3329.58 2541.05 39637.8 29471.3 13994.6 10815.7 2630.02 1344.33 10166.5 7447.95 11927.3 6503.36
internal_count=215792 57016 13385 10213 158776 118060 56105 43631 10714 5441 40716 29825 47820 26065
is_linear=0
shrinkage=0.02


Tree=85
num_leaves=15
num_cat=0
split_feature=0 0 1 6 11 28 9 17 23 27 27 0 13 15
split_gain=33.6702 16.808 10.947 9.64695 10.8751 14.7284 9.84734 11.0656 9.77748 7.06728 15.0075 12.3232 8.66895 9.59746
threshold=0.04467704892158509 0.10855389758944513 0.00010282656512572431 0.91666665673255932 0.00044973958574701106 6.7586206271320902e-13 0.00016378259169869128 0.12810062617063525 -0.35046379268169398 0.026666667312383655 -1.52655665885959e-15 0.037364017218351371 0.00011576852193684319 -0.34064759314060206
decision_type=2 2 8 2 8 2 10 2 2 8 10 2 8 2
left_child=9 2 3 4 8 -6 7 -5 -2 10 12 -12 -1 -14
right_child=1 -3 -4 6 5 -7 -8 -9 -10 -11 11 -13 13 -15
leaf_value=-0.00035333937294341106 0.0048074411894412344 0.0048370748786165938 0.0018955054895526599 -0.0039697655154045334 -0.0030901956380077317 0.00095928222704073571 0.00025624753746632988 0.00080065181454216309 0.00096708634162967727 0.0004148692252366974 -0.0016686007002800333 0.0015695174421266292 0.001891397319402507 -7.4872856300753114e-06
leaf_weight=24046.833148539066 257.86125047504902 395.1670289337635 2658.0419815033674 549.04774488508701 608.96608880162239 821.8690837174654 1775.7346915751696 286.62207554280758 6735.69229388237 5238.5910717397928 4761.1598824262619 505.65425805747509 1490.9566824436188 3604.1514206826687
leaf_count=96337 1045 1624 10729 2208 2444 3308 7132 1152 27150 20979 19056 2026 5975 14440
internal_value=3.01347e-05 0.000869247 0.000747859 0.000468511 0.000797346 -0.000783024 -0.000590307 -0.00235311 0.00112199 -0.000268338 -0.000372534 -0.00135296 -0.000194537 0.000553397
internal_weight=53736.3 14089 13693.8 11035.8 8424.39 1430.84 2611.4 835.67 6993.55 39647.3 34408.8 5266.81 29141.9 5095.11
internal_count=215605 56792 55168 44439 33947 5752 10492 3360 28195 158813 137834 21082 116752 20415
is_linear=0
shrinkage=0.02


Tree=86
num_leaves=15
num_cat=0
split_feature=26 29 24 11 2 11 11 24 29 28 1 27 25 24
split_gain=12.506 14.3875 11.4426 9.59012 12.1905 11.9405 11.9219 10.6607 9.58293 10.9433 8.66888 8.68352 12.5689 11.8012
threshold=-0.18333333730697629 2.4668688044984099e-13 -0.17711907625198361 0.00071207419387064885 0.41666667163372045 0.0003620178322307766 0.00026418863853905355 0.053985020145773895 5.4037248850905005e-13 3.7108021462475138e-13 2.937115095846821e-05 -0.050000000745058053 -0.17824872583150861 0.055122520774602897
decision_type=10 2 10 8 2 10 10 10 2 2 8 8 10 10
left_child=2 -2 -1 4 7 6 8 -4 9 -6 -3 -12 -13 -14
right_child=1 10 3 -5 5 -7 -8 -9 -10 -11 11 12 13 -15
leaf_value=-0.0013907996061045058 0.0040123640697361717 -0.0009446059021289379 0.0032949710624622687 0.0043861538017440603 0.001484392747716825 -0.0012886661495668619 0.00234470398613762 -0.00024473882181139946 0.00076426570663934044 -0.003090862318161967 0.00030840498466313512 0.0037100787304024316 -0.00067896342609629246 0.00028348187620293777
leaf_weight=953.70688058435917 314.12707464396954 4900.280294418335 1185.3150327503681 285.01210340857506 301.47225266695023 1338.0627589970827 1454.8736713528633 470.5856066942215 3134.8830052912235 597.2232700586319 15744.213050588965 288.53186941146851 15094.74852488935 7674.4102108031511
leaf_count=3840 1261 19643 4789 1153 1212 5388 5862 1899 12641 2400 63165 1157 60457 30749
internal_value=2.12415e-05 -0.000122212 0.000669704 0.000896497 0.000769202 0.000392705 0.000805807 0.00229812 0.000241912 -0.00155717 -0.000153753 -5.34414e-05 -0.00030057 -0.000354604
internal_weight=53737.4 44016.3 9721.13 8767.43 8482.42 6826.51 5488.45 1655.9 4033.58 898.696 43702.2 38801.9 23057.7 22769.2
internal_count=215616 176432 39184 35344 34191 27503 22115 6688 16253 3612 175171 155528 92363 91206
is_linear=0
shrinkage=0.02


Tree=87
num_leaves=15
num_cat=0
split_feature=3 27 22 8 28 19 22 22 20 29 5 13 9 13
split_gain=15.9058 15.1683 11.8638 10.0415 8.61922 8.52191 12.1021 9.57717 10.7949 8.64036 9.29749 8.10949 11.3732 11.1269
threshold=0.00018964760965900498 -0.097777780145406709 0.29855290055274969 0.91666665673255932 2.4885379401682483e-13 -0.086411606520414339 -0.15350841730833051 0.052671415731310851 -0.084555573761463151 6.0371277204804296e-13 0.00019086163229076194 0.00011193597674719059 0.00055946942302398394 0.00027394181233830755
decision_type=8 10 2 2 2 2 2 2 2 2 10 10 10 10
left_child=1 2 3 4 -1 7 -7 8 9 -6 -11 12 -3 -13
right_child=-2 11 -4 -5 5 6 -8 -9 -10 10 -12 13 -14 -15
leaf_value=0.003269966670833882 0.00083457498727555811 -0.00052146430524365763 -0.0035232799342600676 -0.000556366932405693 -0.00056739181849984807 -0.0019420282601247639 0.00045461016444448623 -0.001048202747138809 0.0029176085696308806 0.0019672757443766264 -0.001510019467711614 0.00029404736410299686 -0.0034144296990264379 -0.0036473512241306282
leaf_weight=480.34941118955612 8106.9764037430286 20991.493995189667 287.86557668447495 3201.2903946191072 1154.9099375605583 979.5516344755888 5354.5743659883738 692.22949734330177 1405.6661738008261 2251.440653949976 340.70286791026592 7718.6926068812609 538.90300244092941 277.55109170079231
leaf_count=1933 32562 84072 1159 12854 4638 3937 21546 2791 5662 9073 1373 30928 2158 1112
internal_value=1.93184e-05 -0.000125685 0.00036686 0.000441813 0.00069471 0.000587946 7.90319e-05 0.0011373 0.00143383 0.000864667 0.00150217 -0.000395132 -0.000596976 0.000148482
internal_weight=53782.2 45675.2 16148.6 15860.7 12659.4 12179.1 6334.13 5844.95 5152.72 3747.05 2592.14 29526.6 21530.4 7996.24
internal_count=215798 183236 64966 63807 50953 49020 25483 23537 20746 15084 10446 118270 86230 32040
is_linear=0
shrinkage=0.02


Tree=88
num_leaves=15
num_cat=0
split_feature=27 13 20 23 21 11 13 20 13 18 1 13 9 9
split_gain=12.7433 9.54661 9.98985 14.8149 13.1465 10.7104 11.1209 9.87683 11.9539 12.0118 10.2747 10.6799 9.73776 9.45566
threshold=-0.097777780145406709 0.00011193597674719059 -0.12534879893064496 0.039212115108966834 -0.003682330134324729 0.001005771919153631 0.00011731905760825613 -0.088317800313234315 8.4229232015786706e-05 -0.22456870973110196 5.7390128858969554e-05 7.2260652814293294e-05 0.00021696718613384294 0.00071148647111840557
decision_type=10 10 2 2 2 10 10 2 10 2 10 10 10 8
left_child=13 7 -3 -4 -5 6 -6 8 9 -2 12 -12 -11 -1
right_child=1 2 3 4 5 -7 -8 -9 -10 10 11 -13 -14 -15
leaf_value=0.0003963426181567524 0.0012474258913529603 0.0015761068891632971 -0.00070919689763335159 0.004127211962502212 0.0031362838298638848 0.004176847049774877 -0.00027568188857991761 -0.00020002443596726468 -0.0022687677059193248 -0.0014726085736979091 -0.0045531555879578306 -0.00020882387161271892 0.0023453492942229928 0.0040271185815410364
leaf_weight=18000.588638812304 1152.3425018787384 1972.5346801280975 5029.3836273252964 433.71174071729183 420.73350712656975 272.120595946908 2855.9089555293322 19092.827069178224 2263.8627848029137 655.68576416373253 547.74303793907166 379.7550523430109 422.02123887836933 271.88040283322334
leaf_count=72441 4617 7911 20154 1738 1686 1094 11448 76470 9068 2626 2194 1521 1690 1099
internal_value=2.5847e-05 -0.000195036 0.000294571 1.1197e-05 0.000919965 0.000507059 0.000178797 -0.000414482 -0.00116624 -0.000366451 -0.00129707 -0.00281637 3.79642e-05 0.00045471
internal_weight=53771.1 35498.6 10984.4 9011.86 3982.47 3548.76 3276.64 24514.2 5421.41 3157.55 2005.21 927.498 1077.71 18272.5
internal_count=215757 142217 44031 36120 15966 14228 13134 98186 21716 12648 8031 3715 4316 73540
is_linear=0
shrinkage=0.02


Tree=89
num_leaves=15
num_cat=0
split_feature=5 23 22 22 3 26 18 18 9 22 25 7 9 23
split_gain=11.9293 8.72426 16.8895 10.7375 13.1914 10.658 9.43249 8.61082 7.35102 7.29361 17.1729 10.4531 10.8081 8.94904
threshold=0.00050895847380161296 -0.35046379268169398 -0.30993221700191492 -0.19444309175014493 0.00019363874889677393 -0.18333333730697629 -0.05431906878948211 -0.36167408525943751 0.00019616725330706688 0.13416474312543872 0.059140037745237357 0.0001934319952852093 0.00024843834398780024 -0.0030670509440824385
decision_type=8 2 2 2 10 10 2 2 10 2 10 8 10 2
left_child=1 2 -1 4 6 7 -3 -5 -8 11 -11 -9 -13 -14
right_child=-2 3 -4 5 -6 -7 8 9 -10 10 -12 12 13 -15
leaf_value=-0.0013177967207336219 0.002377199450958069 -0.00099663800688685696 0.0038446101020770626 -0.00065209016108988191 0.0019794743529037216 -7.276918309468581e-05 -0.0012940783375695387 0.0020310550013462807 -0.0059553946710814119 -0.0029083110726291174 0.0019290312451292239 -0.002035354194693883 0.0029732946623581701 -0.0009837862446263005
leaf_weight=406.16369937360287 844.51453183591366 2867.7257751971483 620.67297855019569 1405.1135042011738 490.31872862577438 40674.453463047743 268.34851795434952 3368.6246309280396 285.38113605976105 535.49041365087032 603.03000079095364 592.97797246277332 544.01288288831711 371.21523341536522
leaf_count=1634 3403 11518 2507 5657 1972 163017 1077 13577 1145 2160 2430 2393 2196 1500
internal_value=4.67486e-05 8.75599e-06 0.00181646 -2.76205e-05 -0.00103253 5.45083e-05 -0.00147316 0.000750486 -0.00382028 0.00107919 -0.000357089 0.00141458 2.91041e-05 0.00138159
internal_weight=53878 53033.5 1026.84 52006.7 3911.77 48094.9 3421.46 7420.46 553.73 6015.35 1138.52 4876.83 1508.21 915.228
internal_count=216186 212783 4141 208642 15712 192930 13740 29913 2222 24256 4590 19666 6089 3696
is_linear=0
shrinkage=0.02


Tree=90
num_leaves=15
num_cat=0
split_feature=2 17 14 18 17 8 13 29 29 12 29 9 9 13
split_gain=12.4761 12.1709 15.3519 10.9693 20.5003 9.40741 8.40191 11.3558 10.694 12.436 10.9534 14.9966 10.6871 19.6075
threshold=0.41666667163372045 -0.18650252372026441 -0.84771811962127674 0.27620050311088568 0.028997103683650497 0.91666665673255932 0.00011193597674719059 2.5446966582520773e-12 1.6697783021719927e-12 0.75000000000000011 4.575583889641217e-13 0.00063908280571922671 0.00058696302585303794 9.5244195108534782e-05
decision_type=2 2 2 2 2 2 8 2 2 2 2 10 10 10
left_child=1 2 -1 6 -5 -3 12 8 10 -10 -8 -12 -2 -14
right_child=3 5 -4 4 -6 -7 7 -9 9 -11 11 -13 13 -15
leaf_value=-0.0017070809100970194 -0.00036621731531533586 0.00071920055577391053 0.0033459558704998205 0.004912160052062165 0.00032247581227053509 -0.0020451319764509209 0.0013001955855459499 -0.0026083013174716487 0.0050544830953516131 0.00037789425402805509 -0.00057881913052918778 0.0024225964863246853 -0.00054190934575536383 -0.006584330459320842
leaf_weight=285.05361987650394 31772.050092369318 2663.8357712626457 1221.4337246716022 401.142313554883 5198.7195897698402 583.26923900842667 2448.1729190349579 521.74489779770374 382.80272798240185 530.5991992354393 6112.1078317016363 727.18136890232563 681.4444464892149 296.4850662201643
leaf_count=1151 127459 10718 4919 1612 20863 2340 9809 2100 1537 2130 24498 2922 2733 1189
internal_value=-6.91752e-05 0.000906965 0.00237999 -0.000164064 0.000667566 0.000213171 -0.000271447 0.000214179 0.000363362 0.00240414 0.000157921 -0.000253563 -0.000430478 -0.00246907
internal_weight=53826 4753.59 1506.49 49072.5 5599.86 3247.11 43472.6 10722.6 10200.9 913.402 9287.46 6839.29 32750 977.93
internal_count=215980 19128 6070 196852 22475 13058 174377 42996 40896 3667 37229 27420 131381 3922
is_linear=0
shrinkage=0.02


Tree=91
num_leaves=15
num_cat=0
split_feature=28 23 28 24 25 25 18 26 22 28 24 24 3 10
split_gain=17.3429 12.2971 8.96037 8.50823 18.5838 13.2223 14.0385 10.3837 12.8906 12.1652 10.0407 7.99837 7.60935 7.54909
threshold=6.5990664538731491e-13 -0.17083650082349774 4.3159403731018319e-13 -0.050212485715746873 -0.078252445906400667 -0.10492300242185591 -0.13511828333139417 3.4972025275692435e-15 -0.17514259368181226 3.1921633305426194e-13 -0.039635617285966866 -0.1927300617098808 0.00015509305376326668 0.91666665673255932
decision_type=2 2 2 10 10 10 2 10 2 2 10 10 8 2
left_child=2 11 3 4 7 -5 -7 8 -1 -10 -8 -2 -3 -14
right_child=1 12 -4 5 -6 6 10 -9 9 -11 -12 -13 13 -15
leaf_value=-0.0016869516826741268 -0.00073615981103385532 -5.2390894494384336e-05 -0.00065951218559018418 0.0039972917355616247 0.0028552641162783933 -0.0023436848625351249 -0.0036260632490083549 -0.0030736819219182717 -0.0010988016399035225 0.0031529809728353619 0.00016305645049748417 0.0016676257578632921 0.00035707760364434433 0.0020281284738677707
leaf_weight=694.02836789190769 637.36430698633194 16819.260795935988 16448.489422902465 253.918950304389 1225.0152290761471 1291.9200210422277 275.57636134326458 389.40768545866013 395.67115943133831 770.13178789615631 5200.690558642149 3745.652071967721 4103.6820302605629 1454.1444464027882
leaf_count=2785 2564 67522 65915 1021 4912 5177 1104 1560 1589 3088 20836 15084 16498 5836
internal_value=-1.04093e-05 0.000350102 -0.000368443 8.80678e-05 0.000894742 -0.00031245 -0.000485437 -0.000188781 0.000441528 0.00171574 -4.01202e-05 0.00131632 0.000159842 0.000799994
internal_weight=53705 26760.1 26944.8 10496.4 3474.25 7022.11 6768.19 2249.24 1859.83 1165.8 5476.27 4383.02 22377.1 5557.83
internal_count=215491 107504 107987 42072 13934 28138 27117 9022 7462 4677 21940 17648 89856 22334
is_linear=0
shrinkage=0.02


Tree=92
num_leaves=15
num_cat=0
split_feature=24 25 2 22 26 26 23 23 1 21 14 30 22 24
split_gain=20.6824 17.5909 9.84103 12.5147 10.0777 8.13597 7.4073 12.7085 11.8859 7.1232 6.64305 9.36799 8.4123 13.3103
threshold=-0.25496472418308253 -0.27415312826633448 0.41666667163372045 0.22679825127124789 -0.23000000417232511 -0.39000000059604639 -0.35046379268169398 -0.29019676148891443 4.6274337364593528e-05 -0.28543543815612787 -0.27585932612419123 0.2098120599985123 0.19753610342741015 0.050538785755634315
decision_type=10 10 2 2 10 8 2 2 10 2 2 2 2 10
left_child=-1 9 3 4 5 -3 -4 8 -8 -2 -9 12 -12 -14
right_child=1 2 6 -5 -6 -7 7 10 -10 -11 11 -13 13 -15
leaf_value=-0.0042051030681338405 0.0014566264674894217 -0.00047079629817172456 0.0023142056079399967 -0.0029033182582738743 0.00058013823255310851 0.0034450246186855664 -0.0055329148112904748 0.00035689685174680838 -0.00055014145256948696 0.0058131122329888353 -0.00049529896972249265 0.00037571562548544582 -0.0030699811326732702 0.0015044298072968624
leaf_weight=427.76979281008244 363.77462846040726 258.91208232939243 520.70134472846985 295.25607204437256 2975.4626601934433 1054.9632425457239 298.75859272480011 14583.82800412178 492.27059900760651 260.10532030463219 20815.777543798089 9339.3693761974573 278.29110795259476 1742.8083204627037
leaf_count=1716 1471 1047 2100 1188 11946 4265 1201 58505 1981 1050 83463 37465 1116 6994
internal_value=7.53704e-05 0.000111302 7.10968e-05 0.000954364 0.00123215 0.00267788 -1.3502e-05 -3.99535e-05 -0.00252209 0.00339706 3.09653e-06 -0.000157385 -0.00037554 0.000850656
internal_weight=53708 53280.3 52656.4 4584.59 4289.34 1313.88 48071.8 47551.1 791.029 623.88 46760.1 32176.2 22836.9 2021.1
internal_count=215508 213792 211271 18446 17258 5312 192825 190725 3182 2521 187543 129038 91573 8110
is_linear=0
shrinkage=0.02


Tree=93
num_leaves=15
num_cat=0
split_feature=23 22 22 19 1 29 27 13 23 7 15 23 19 29
split_gain=9.85364 17.6892 14.3519 15.5067 12.8827 13.5862 12.2002 16.5797 11.6643 11.1711 15.398 13.2025 10.2222 9.43873
threshold=-0.36972333490848536 -0.30993221700191492 -0.20163759589195249 0.0026077564107254152 6.7653381847776486e-05 6.940261895998363e-13 -0.076666668057441698 5.4112490033730871e-05 0.24729088693857196 0.00016579672228544953 0.1545398831367493 0.26133751869201666 -0.22201343625783918 2.5446966582520773e-12
decision_type=2 2 2 2 10 2 10 10 2 10 2 2 2 2
left_child=1 -1 3 4 5 12 9 8 -8 11 -11 -4 -2 -12
right_child=2 -3 6 -5 -6 -7 7 -9 -10 10 13 -13 -14 -15
leaf_value=-0.0012851257505034008 -0.0048368811750692771 0.0044705162703216885 0.001078942188653667 -0.0044533731287708838 0.00082473463564787714 9.961637904897739e-05 -0.002286799107626985 -6.1449731776763494e-05 0.0019534543101293695 -0.00075043522671426155 0.00060018808205721159 -0.0019596181313956264 -0.00075308155694446489 0.003919554780712424
leaf_weight=352.31410026550293 629.20299637317657 495.6363422870636 9537.8931933045387 498.80179107189178 1282.5059139430523 867.07983316481113 2130.4865711629391 28373.508470281959 279.65179295837879 5235.0427430719137 2732.9960850179195 590.36307252943516 407.61826187372208 373.83313550055027
leaf_count=1418 2524 2005 38350 2003 5156 3487 8533 113658 1121 21058 10988 2376 1634 1514
internal_value=-9.13829e-06 0.0021046 -4.37772e-05 -0.00124419 -0.000717177 -0.00175361 4.65072e-05 -0.000197287 -0.00178277 0.000452605 -8.94062e-05 0.000898315 -0.003276 0.00102211
internal_weight=53786.9 847.95 52939 3685.21 3186.41 1903.9 49253.8 30783.6 2410.14 18470.1 8341.87 10128.3 1036.82 3106.83
internal_count=215825 3423 212402 14804 12801 7645 197598 123312 9654 74286 33560 40726 4158 12502
is_linear=0
shrinkage=0.02


Tree=94
num_leaves=15
num_cat=0
split_feature=24 27 13 2 11 24 2 19 10 21 19 7 7 17
split_gain=13.235 14.7256 15.609 11.3331 11.0694 13.5293 9.20808 9.16542 11.3527 8.03064 10.9777 7.93673 8.79135 8.21819
threshold=-0.25496472418308253 -0.076666668057441698 5.4112490033730871e-05 0.75000000000000011 0.00022635493951383981 0.2001432999968529 0.91666665673255932 0.02478132210671902 0.75000000000000011 -0.4156374037265777 -0.45714589953422541 0.00015300724044209349 0.00023311484255827966 0.33160035312175756
decision_type=8 10 10 2 10 10 2 2 2 2 2 10 10 2
left_child=-1 3 7 -2 6 -6 -4 8 -3 -5 -11 -12 13 -13
right_child=1 2 4 9 5 -7 -8 -9 -10 10 11 12 -14 -15
leaf_value=-0.0033845332901354815 0.00080421178254364749 -0.005384161320806582 -0.00034652251708461334 0.0030029875855184622 4.9730830173824548e-05 0.0038856653844621561 -0.0021064036207380957 -0.00070858635842247777 -0.001097135028980294 -0.0031595522705699019 0.00065817150940184691 -0.0019830381658160544 0.00029914807960403333 0.0016644534590606417
leaf_weight=428.15575602650642 14031.436721712351 473.61240601539612 3994.6539098024368 296.04534512758255 22475.688182413578 353.91378273069859 1679.6812906265259 1436.9341240674257 520.72659845650196 466.50191052258015 3388.9112696051598 1898.8830476850271 2053.4740234166384 268.15129156410694
leaf_count=1717 56502 1897 15997 1192 90039 1420 6725 5756 2085 1875 13603 7619 8244 1077
internal_value=3.81275e-05 6.68599e-05 -0.000215894 0.000457139 -8.41311e-05 0.000112546 -0.00087304 -0.00174738 -0.00320498 -0.000125087 -0.000246891 -6.05131e-05 -0.000637973 -0.0015206
internal_weight=53766.8 53338.6 30935.2 22403.4 28503.9 22829.6 5674.34 2431.27 994.339 8371.97 8075.92 7609.42 4220.51 2167.03
internal_count=215748 214031 123919 90112 114181 91459 22722 9738 3982 33610 32418 30543 16940 8696
is_linear=0
shrinkage=0.02


Tree=95
num_leaves=15
num_cat=0
split_feature=0 26 1 29 22 7 5 6 19 7 22 1 19 19
split_gain=27.3134 14.3927 13.0501 12.2113 10.7316 10.1448 9.04653 8.78317 10.2949 8.76195 7.88352 7.56323 7.00606 9.71141
threshold=0.04467704892158509 -0.18333333730697629 0.00010375056081102231 1.6417361177120673e-12 -0.23941587656736371 0.00017644763283897194 0.00018286239355802539 0.91666665673255932 0.034663759171962745 0.00034017593134194618 0.14932002127170566 0.00030941347358748322 -0.20784386247396466 -0.42333956062793726
decision_type=2 10 10 2 2 8 10 2 2 10 2 8 2 2
left_child=11 3 4 12 -3 -5 7 -6 -9 -8 -10 -1 13 -2
right_child=1 2 -4 5 6 -7 9 8 10 -11 -12 -13 -14 -15
leaf_value=-0.00026699043451990014 0.00022004044857585364 -0.0031004364531301305 0.0018241089044338439 0.0016696092711175352 0.0010224505192694706 0.0052857002734882867 -0.0019602491521114786 -0.0022828544287642441 0.0022266183204120468 0.0010224253012043247 -0.0016601081674420856 0.0028818605406638622 -0.000198120962254185 0.0036952166572451896
leaf_weight=39379.946726486087 637.21715930104256 390.32311035692692 2058.5193272680044 676.15531955659389 4604.370728045702 600.24467793107033 1235.0996601134539 795.32952854037285 557.54204426705837 559.20700146257877 309.10844220221043 287.61652036011219 1072.6306983679533 635.10721260309219
leaf_count=157743 2580 1569 8293 2756 18520 2453 4964 3192 2239 2248 1241 1156 4351 2572
internal_value=2.62812e-05 0.000780682 0.000404357 0.00186459 5.50384e-05 0.00342544 0.000215132 0.000573707 -0.000666874 -0.00102966 0.000834162 -0.000242718 0.000993213 0.00198509
internal_weight=53798.4 14130.9 10509.5 3621.36 8450.98 1276.4 8060.66 6266.35 1661.98 1794.31 866.65 39667.6 2344.96 1272.32
internal_count=215877 56978 42266 14712 33973 5209 32404 25192 6672 7212 3480 158899 9503 5152
is_linear=0
shrinkage=0.02


Tree=96
num_leaves=15
num_cat=0
split_feature=24 25 11 29 9 27 11 9 2 5 26 24 29 21
split_gain=11.5924 13.9498 12.7218 15.0362 11.3506 8.26214 10.2149 11.4892 10.1444 11.1523 10.2209 9.43018 11.1036 18.1825
threshold=-0.25496472418308253 -0.23914678394794461 0.00033913228253368294 1.3140286385035507e-12 0.0010840049362741413 -0.076666668057441698 0.00022074429580243307 0.00013527063856599855 0.75000000000000011 3.2790539989946417e-05 -0.3183333277702331 0.08973060175776483 8.5893315029950134e-13 0.20991685986518863
decision_type=8 10 10 2 8 10 10 10 2 10 10 10 2 2
left_child=-1 2 3 -2 5 8 -7 -8 9 -3 -10 -9 -13 -14
right_child=1 4 -4 -5 -6 6 7 11 10 -11 -12 12 13 -15
leaf_value=-0.0032069921820392852 0.0013350074328753556 -0.0029878113258520046 -0.00096657467948979212 0.0069050396488546887 0.0032265212225666561 -0.00099303476167493195 0.0013286384685278921 -0.00041830103580147419 -0.0038050968143174746 0.00066788674121628282 -0.00018064311983000071 0.0012994800442409455 0.00073967422238499199 -0.004641692278555507
leaf_weight=432.62595292925835 523.18337777256966 323.16702121496201 359.4111690223217 300.30751170217991 401.61024677753448 6326.5154726803303 2063.1209686994553 18181.906098797917 304.53647680580616 12903.740436404943 7661.2979071587324 2899.1083522588015 748.26197992265224 354.75251689553261
leaf_count=1735 2109 1300 1450 1216 1618 25334 8263 72828 1227 51952 30748 11616 3000 1424
internal_value=-1.97688e-05 7.26864e-06 0.00213663 0.00348183 -4.18147e-05 -6.84072e-05 -0.000278697 -9.1649e-05 0.000234944 0.000574193 -0.00032839 -0.000224814 0.00065192 -0.00104293
internal_weight=53783.5 53350.9 1182.9 823.491 52168 51766.4 30573.7 24247.1 21192.7 13226.9 7965.83 22184 4002.12 1103.01
internal_count=215820 214085 4775 3325 209310 207692 122465 97131 85227 53252 31975 88868 16040 4424
is_linear=0
shrinkage=0.02


Tree=97
num_leaves=15
num_cat=0
split_feature=0 0 19 9 13 3 13 13 22 11 3 16 19 3
split_gain=35.3863 18.1651 10.7684 13.0375 11.6915 13.4365 9.4174 10.2462 9.57168 8.93397 9.56613 9.67611 15.6166 14.2075
threshold=0.070678327232599272 0.02734616864472628 0.25988496840000158 0.00021110494708409536 8.9022400061367093e-05 0.00016260539996437731 0.00015532915131188932 0.00027394181233830755 0.038318125531077392 0.00036426431324798619 0.00023590172349940988 -0.13109574466943738 -0.17500827461481092 6.6678647272055982e-05
decision_type=2 2 2 10 10 10 8 10 2 10 10 2 2 10
left_child=1 -1 4 -4 -2 -6 9 8 -8 10 11 -3 -13 -14
right_child=2 6 3 -5 5 -7 7 -9 -10 -11 -12 12 13 -15
leaf_value=-0.00054916366649710271 0.003090267991704739 -0.00041181631797316843 0.0021681236689200705 -0.0024690823173403064 -0.001452866961462178 0.0036842211949106069 0.001163723468403737 -0.0014488044912596575 0.0046782495289501361 -0.00046914289510990279 0.0033067986858127591 0.0030265635785526809 0.0016491558513820788 -0.00021349177009578974
leaf_weight=27151.743425786495 2198.1218143254519 4805.0887211412191 469.90771035850048 460.31463630497456 568.02473983168602 291.77323345839977 925.63614477217197 333.85261984169483 461.46350586414337 7200.9304647892714 418.65683199465275 1004.2530997246504 2404.0468399226665 5039.7584123462439
leaf_count=108698 8961 19301 1909 1866 2298 1185 3723 1343 1857 28888 1685 4039 9648 20222
internal_value=-5.51246e-05 -0.000200708 0.00175272 -0.000130239 0.00232264 0.000334531 0.000218161 0.00163141 0.00238282 0.00010019 0.000400304 0.000303645 0.000710598 0.000390875
internal_weight=53733.6 49745.4 3988.14 930.222 3057.92 859.798 22593.7 1720.95 1387.1 20872.7 13671.8 13253.1 8448.06 7443.81
internal_count=215623 199404 16219 3775 12444 3483 90706 6923 5580 83783 54895 53210 33909 29870
is_linear=0
shrinkage=0.02


Tree=98
num_leaves=15
num_cat=0
split_feature=24 5 18 28 9 25 24 5 18 18 13 13 28 13
split_gain=17.5243 8.47556 7.73813 8.30422 7.58505 9.88 9.8495 8.88693 10.4238 9.53324 8.88061 11.1665 12.5962 7.91947
threshold=-0.25496472418308253 0.00050895847380161296 0.44028224050998693 2.1277430772154164e-12 0.00041481337393634027 -0.26008790731430048 0.091354139149189009 0.00028541128267534083 -0.19823166728019712 0.17627168446779254 0.00012055465776938946 0.00030839623650535947 6.6384739502364797e-13 6.3859308284008889e-05
decision_type=10 8 2 2 8 10 10 10 2 2 10 10 2 10
left_child=-1 2 4 -4 5 13 10 -7 -9 -10 -6 12 -12 -2
right_child=1 -3 3 -5 6 7 -8 8 9 -11 11 -13 -14 -15
leaf_value=-0.0039752583567546872 0.000723124007664966 0.0019864373648912272 0.00071565792703061728 0.0045677600234590998 -0.0016698827548891544 -4.5407695203737487e-05 0.0011844406224299365 0.0039960507255325907 -0.00041543847413794078 0.0030692881604147031 -0.00096058308496153161 -0.0036415895100912698 0.002188613087364703 0.0050843208848672574
leaf_weight=418.68673746287823 454.26005125045776 858.75411075353622 1390.7910527139902 249.50514599680901 3240.9025235325098 41742.794799953699 952.97489155828953 431.07878792285919 1143.2142913043499 411.01663400232792 1088.1238247305155 280.53436581790447 919.79847626388073 250.62491890788078
leaf_count=1679 1836 3462 5584 1007 12995 167472 3824 1733 4588 1650 4362 1126 3694 1012
internal_value=5.79751e-06 3.84791e-05 5.9061e-06 0.00134957 -3.78944e-05 5.54461e-05 -0.000675897 1.70488e-05 0.0013176 0.000533384 -0.000999636 -4.41908e-05 0.000489373 0.00237126
internal_weight=53833.1 53414.4 52555.6 1640.3 50915.3 44433 6482.33 43728.1 1985.31 1554.23 5529.36 2288.46 2007.92 704.885
internal_count=216024 214345 210883 6591 204292 178291 26001 175443 7971 6238 22177 9182 8056 2848
is_linear=0
shrinkage=0.02


Tree=99
num_leaves=15
num_cat=0
split_feature=0 13 27 23 19 9 0 18 28 28 9 11 28 29
split_gain=24.6672 14.2323 13.6898 10.0442 11.6132 13.1804 9.11756 11.2468 11.3876 15.1085 15.3483 14.0739 9.30652 10.7565
threshold=0.070678327232599272 3.3007851016009233e-05 -0.27666667103767389 -0.13043195754289624 0.24265441298484805 0.00021110494708409536 0.032499210909008987 0.26199640333652502 6.1653877532832923e-13 3.241465798033139e-13 0.00055946942302398394 0.00018116905266651886 9.2314545764582443e-13 5.0211972166952511e-13
decision_type=2 10 10 2 2 10 2 2 2 2 10 10 2 2
left_child=6 -2 -3 -4 -5 -6 -1 8 9 -8 11 -11 13 -9
right_child=1 2 3 4 5 -7 7 12 -10 10 -12 -13 -14 -15
leaf_value=-0.00030933463244279136 -0.0025211808284291756 0.0050326167562990817 -0.00045209908772886331 0.0030357720586992455 0.0026746981026225278 -0.0024137945432095996 0.0016666852657502302 0.00023827218373394246 0.00052710810668919479 -0.0027403719746190917 -0.0046005270769478232 -0.00016360236959102534 -7.0667345307915013e-05 0.0037624398921137481
leaf_weight=31428.939677685499 302.85271184146404 461.25125686824322 857.36143608391285 1582.6821856200695 374.96690060198307 400.28883029520512 1026.7019238322973 546.37311320006847 9000.065769597888 1027.9922163337469 406.11170001327991 4455.2995417863131 911.9022041708231 940.3726542443037
leaf_count=125842 1235 1904 3486 6424 1520 1617 4123 2193 36175 4124 1631 17865 3668 3776
internal_value=1.87466e-05 0.00152989 0.00187542 0.0013942 0.00206368 5.27206e-05 -0.000102708 0.000251822 5.86512e-05 -0.000550723 -0.000941617 -0.000654891 0.00152252 0.00248768
internal_weight=53723.2 3979.4 3676.55 3215.3 2357.94 775.256 49743.8 18314.8 15916.2 6916.11 5889.4 5483.29 2398.65 1486.75
internal_count=215583 16186 14951 13047 9561 3137 199397 73555 63918 27743 23620 21989 9637 5969
is_linear=0
shrinkage=0.02


Tree=100
num_leaves=15
num_cat=0
split_feature=5 24 23 22 2 19 3 24 8 23 18 25 5 7
split_gain=14.5764 12.3026 12.3617 10.1346 8.18437 17.7518 12.3662 9.40814 9.9913 9.0606 9.01339 8.5195 16.6497 11.4771
threshold=0.00047554523916915065 -0.25496472418308253 -0.36972333490848536 -0.30993221700191492 0.41666667163372045 -0.20784386247396466 5.6372378821833997e-05 -0.1134057119488716 0.75000000000000011 -0.26737269759178156 -0.36941911280155176 -0.14608979225158689 5.6008271712926223e-05 0.0001676843021414243
decision_type=8 10 2 2 2 2 10 10 2 2 2 10 10 10
left_child=1 -1 3 -3 5 10 -7 -8 -9 -6 -4 12 -11 -14
right_child=-2 2 4 -5 9 6 7 8 -10 11 -12 -13 13 -15
leaf_value=-0.0033908446407854599 0.0023143458303232405 -0.00063093689887064081 -5.430519931590331e-05 0.0042909440942247665 -0.0015994435059024069 -0.0021301113405264248 0.004086271109049449 0.0014546763780290801 -0.0011288097982098345 0.0051908503718943941 0.0041357545382400681 -0.0001499024509208276 0.0017479244413465542 -0.00059297602615350487
leaf_weight=413.22143653035164 1058.556650057435 250.44121660292149 277.84219174087048 457.79842357337475 1581.311521217227 767.70162734389305 275.68613676726818 1317.9438137859106 1064.7277197539806 303.06133133172989 761.60068197548389 41846.878066539764 1470.5970346182585 1896.4359557628632
leaf_count=1657 4266 1009 1122 1854 6361 3087 1110 5305 4275 1219 3071 167808 5910 7618
internal_value=1.27245e-05 -3.43805e-05 -6.56021e-06 0.00258098 -4.30876e-05 0.000773273 7.31808e-05 0.00072062 0.000300426 -0.000120784 0.00303587 -6.87339e-05 0.000852556 0.000433728
internal_weight=53743.8 52685.2 52272 708.24 51563.8 4465.5 3426.06 2658.36 2382.67 47098.3 1039.44 45517 3670.09 3367.03
internal_count=215672 211406 209749 2863 206886 17970 13777 10690 9580 188916 4193 182555 14747 13528
is_linear=0
shrinkage=0.02


Tree=101
num_leaves=15
num_cat=0
split_feature=3 6 22 27 22 25 18 27 3 21 14 13 29 18
split_gain=8.55565 12.474 15.2531 9.66672 9.54267 17.7203 12.4628 11.6469 15.3154 11.1657 10.647 9.40645 11.3171 9.26605
threshold=0.00018411457131151113 0.75000000000000011 0.16295150667428973 -0.016666667070239779 -0.19444309175014493 -0.14608979225158689 0.26669290661811834 -0.076666668057441698 0.00011039365563192406 -0.049509629607200616 0.32407245039939886 9.625268648960629e-05 2.0638832439953684e-12 0.058320252224802978
decision_type=8 2 2 10 2 10 2 10 10 2 2 8 2 2
left_child=4 3 -3 13 10 6 -6 11 -9 -10 -1 -7 -13 -2
right_child=1 2 -4 -5 5 7 -8 8 9 -11 -12 12 -14 -15
leaf_value=-0.00055354092275838374 0.0012877817761806128 0.0008755556339638419 0.0043892195652915061 -0.0017462555883232475 0.0010269112152604299 0.00018435862286602452 0.0053096007528196385 4.9577295629996161e-05 -0.0020617762354268182 -0.00054406270732665265 -0.0034494757333250153 0.0027965375490194557 -0.0011934221016609591 -0.0013051381562160932
leaf_weight=3383.1456361562014 1666.9154787659645 4569.6714649051428 537.04969768226147 1174.6714237332344 3143.8784661144018 12195.495133027434 279.9058680832386 14402.459777101874 2725.5547441840172 6678.7524760365486 580.12033261358738 1158.6332960128784 362.12107576429844 800.18281844258308
leaf_count=13592 6713 18340 2158 4709 12647 49041 1128 57674 10916 26750 2330 4649 1460 3225
internal_value=5.34409e-05 0.00062488 0.00126075 -0.000268797 -5.81041e-05 3.2789e-05 0.00140584 -9.31769e-05 -0.000360529 -0.000987368 -0.000992623 0.000370705 0.00184329 0.000443057
internal_weight=53658.6 8748.49 5106.72 3641.77 44910.1 40946.8 3423.78 37523 23806.8 9404.31 3963.27 13716.2 1520.75 2467.1
internal_count=215332 35145 20498 14647 180187 164265 13775 150490 95340 37666 15922 55150 6109 9938
is_linear=0
shrinkage=0.02


Tree=102
num_leaves=15
num_cat=0
split_feature=0 1 2 24 7 0 12 11 13 13 11 1 16 0
split_gain=22.5718 17.032 14.633 13.9035 9.37275 8.10418 7.7738 7.55338 7.48028 13.3839 9.49221 7.42893 7.92498 7.31347
threshold=0.050623988732695586 0.00010098154962179252 0.58333334326744091 0.069960348308086409 0.00033666368108242756 0.083616543561220183 0.91666665673255932 0.00024477412807755178 8.7215299572562812e-05 0.00014374653983395549 0.00049960945034399639 1.6585385310463611e-05 0.15936001390218738 0.031969280913472183
decision_type=2 8 2 10 10 2 2 10 10 10 10 10 2 2
left_child=11 2 3 5 6 -2 7 -4 -3 10 -10 12 -1 -13
right_child=1 8 4 -5 -6 -7 -8 -9 9 -11 -12 13 -14 -15
leaf_value=-0.00053661223754763532 0.0017614671010113259 0.0036009554839562985 0.0011661431571054475 -0.00066217120370918529 0.0023694142153445953 0.0047966396048583666 -0.0015297065192884502 -0.00067424369048518123 0.0016643061714610293 0.0042021543637955723 -0.0027072492443232688 -0.00027695182369588472 -0.0039020833139509514 0.00031474778597890657
leaf_weight=849.56870666146278 1726.0666502565145 1075.7387739121914 1562.4056854248047 791.63930396735668 522.55159237980843 440.59171649813652 1627.3706094175577 2025.1698396652937 425.87637995183468 383.89796978235245 338.65017768740654 30121.15822249651 403.26564851403236 11541.819013863802
leaf_count=3405 6966 4368 6314 3201 2103 1812 6545 8155 1719 1554 1366 120602 1616 46316
internal_value=4.76574e-05 0.000858638 0.000456572 0.00159403 -0.000133408 0.0024169 -0.000392291 0.000129275 0.00241251 0.0012567 -0.000291744 -0.000159001 -0.00166419 -0.000112962
internal_weight=53835.8 10920 8695.8 2958.3 5737.5 2166.66 5214.95 3587.58 2224.16 1148.42 764.527 42915.8 1252.83 41663
internal_count=216042 44103 35096 11979 23117 8778 21014 14469 9007 4639 3085 171939 5021 166918
is_linear=0
shrinkage=0.02


Tree=103
num_leaves=15
num_cat=0
split_feature=24 23 23 27 29 1 23 3 29 24 27 7 20 29
split_gain=11.7141 9.66419 10.2737 11.5398 10.6999 12.1684 13.0927 14.0436 9.53465 9.18502 9.16592 9.71945 9.68726 11.8614
threshold=-0.25496472418308253 -0.36972333490848536 -0.26106904447078699 -0.076666668057441698 5.9799468979035441e-13 9.4265997176989927e-05 -0.18544930219650266 5.1728673497564166e-05 1.4912768285871294e-12 -0.14880687743425366 0.026666667312383655 0.00058887767954729508 0.091528128832578673 1.0804067059402846e-12
decision_type=8 2 2 10 2 8 2 10 2 10 10 10 2 2
left_child=-1 9 -3 4 -4 6 7 -6 -7 -2 -5 12 -12 -14
right_child=1 2 3 10 5 8 -8 -9 -10 -11 11 -13 13 -15
leaf_value=-0.0032487407728114628 -0.0006516746164085417 -0.0014049450523336161 -0.00025859270650616133 -0.00037617885725331853 0.0061164372439455831 0.0030000253672357552 0.0001618659828613168 0.0011989019205692253 0.00059874719510543133 0.0039849421034467338 0.0013233871714059095 0.0037094085963668652 0.00017447590812790664 -0.0027108700056389773
leaf_weight=421.20224756002426 261.04398493468761 2005.2430476546288 6252.968573525548 24112.186620086432 272.79428048431873 1488.3292519599199 9345.6844444721937 1201.2146759480238 1199.7568958848715 448.92959487438202 2270.675361931324 328.68914693593979 3487.048339009285 660.78252184391022
leaf_count=1689 1053 8070 25095 96576 1098 5994 37605 4834 4857 1818 9096 1323 13971 2650
internal_value=-3.26881e-06 2.35696e-05 -8.12876e-06 4.77371e-05 0.000424866 0.000741165 0.000440138 0.00217868 0.00194061 0.002309 -0.000193875 0.000456801 0.000279231 -0.000295985
internal_weight=53756.5 53335.3 52625.4 50620.1 19760.7 13507.8 10819.7 1474.01 2688.09 709.974 30859.4 6747.2 6418.51 4147.83
internal_count=215729 214040 211169 203099 79483 54388 43537 5932 10851 2871 123616 27040 25717 16621
is_linear=0
shrinkage=0.02


Tree=104
num_leaves=15
num_cat=0
split_feature=26 1 19 29 29 2 9 19 9 25 23 20 9 7
split_gain=12.8311 9.75067 9.78683 9.04425 7.09743 6.87232 8.64598 7.31246 11.3051 8.42841 14.444 7.64448 6.86982 9.87477
threshold=-0.18333333730697629 2.0012008462799716e-05 -0.35918968915939326 4.2768535295310139e-13 7.7302072620626116e-13 0.75000000000000011 0.00043948947859462356 -0.12173789739608763 0.00026803323999047285 0.10329056531190874 0.1306366249918938 -0.1552072390913963 0.00038293747638817882 0.00014941834524506706
decision_type=10 8 2 2 2 2 10 2 10 10 2 2 10 10
left_child=1 2 -1 -3 -4 6 7 11 9 10 -9 -5 13 -7
right_child=-2 3 4 5 -6 12 -8 8 -10 -11 -12 -13 -14 -15
leaf_value=0.0020624581965748233 -0.00010831161746827772 -0.0010767463594142188 -0.00012667364364192217 0.0013211589501985752 -0.0039491428704404672 0.0012045426266131685 -0.0014304586406971296 0.00036434875840195155 0.0036589078754243639 0.0024203040065334603 -0.0047614741978399952 0.0034027545772136502 0.0032080066469286255 -0.0015210350103083213
leaf_weight=268.75997342169285 44079.277436167002 808.49255362153053 351.08031079173088 1433.1192450225353 418.92335464060307 1034.4214353710413 358.09187470376492 1073.3550007790327 436.41744381189346 454.82684405148029 255.7980845272541 1454.1662101000547 251.68447504937649 1052.8696344345808
leaf_count=1083 176695 3251 1411 5786 1689 4160 1452 4337 1767 1837 1033 5879 1014 4234
internal_value=3.63895e-05 0.000696075 -0.00111906 0.000917068 -0.00225363 0.00112583 0.00151292 0.00172405 0.000850015 0.000129925 -0.000678087 0.00238574 0.000216106 -0.000171679
internal_weight=53731.3 9652.01 1038.76 8613.24 770.004 7804.75 5465.77 5107.68 2220.4 1783.98 1329.15 2887.29 2338.98 2087.29
internal_count=215628 38933 4183 34750 3100 31499 22091 20639 8974 7207 5370 11665 9408 8394
is_linear=0
shrinkage=0.02


Tree=105
num_leaves=15
num_cat=0
split_feature=5 18 9 5 10 1 5 5 13 29 9 10 29 28
split_gain=8.88229 7.97214 7.20373 6.94127 7.50635 6.92495 6.79236 9.89462 6.67011 15.4902 8.16708 10.6962 13.8141 7.49602
threshold=0.00047554523916915065 0.45511183142662054 0.00033562003227416431 8.573885133955629e-05 0.91666665673255932 0.0001574560010340065 0.00018681660731090235 0.00017583258158992979 0.00013267507165437567 2.1341545067624094e-12 0.0005368667480070145 0.91666665673255932 5.1743348104468799e-13 6.4491782140324593e-13
decision_type=8 2 10 10 2 8 10 10 10 2 10 2 2 2
left_child=1 2 6 -3 -5 -2 7 -1 10 -10 -4 12 -12 -14
right_child=5 3 8 4 -6 -7 -8 -9 9 -11 11 -13 13 -15
leaf_value=-1.2895038460801782e-07 -7.3903566220210774e-05 -0.00078395552068321369 -0.00049298160050806469 0.0033449819818844886 -0.00034373650545883606 0.0031602619896174229 0.00061888227505995503 -0.0017526314488672096 0.00071784728518577579 -0.0041486610579759735 0.00045115619253488655 0.00059109173049542074 -0.0070555811069078125 -0.0029434033280945453
leaf_weight=31757.459436684847 457.67815628647804 402.34565004706383 6539.2975578159094 733.00214746594429 307.21952833235264 605.55390134453773 6872.5820448845625 1323.1738792508841 2812.2199945151806 268.32911546528339 342.56230382621288 450.59225116670132 257.55208142101765 669.07609820365906
leaf_count=127443 1843 1617 26225 2948 1233 2443 27585 5309 11280 1081 1372 1806 1032 2685
internal_value=-3.18709e-07 -3.71292e-05 -7.86151e-05 0.00141888 0.00226962 0.00179242 4.77197e-05 -7.12429e-05 -0.000523034 0.000269927 -0.000818738 -0.00203749 -0.00296539 -0.00421128
internal_weight=53798.6 52735.4 51292.8 1442.57 1040.22 1063.23 39953.2 33080.6 11339.6 3080.55 8259.08 1719.78 1269.19 926.628
internal_count=215902 211616 205818 5798 4181 4286 160337 132752 45481 12361 33120 6895 5089 3717
is_linear=0
shrinkage=0.02


Tree=106
num_leaves=15
num_cat=0
split_feature=0 0 27 13 25 13 13 25 23 6 8 23 27 19
split_gain=23.9537 11.9113 10.2912 9.13135 18.2839 13.1798 8.88539 13.1774 10.6075 9.46842 7.97279 10.4057 8.343 9.0701
threshold=0.077433113008737578 0.033031640574336059 -9.1593399531575395e-16 0.00015532915131188932 0.032217685133218772 0.00018465882021700966 3.5722239772439941e-05 0.060512201860547073 0.064958840608596816 0.58333334326744091 0.41666667163372045 0.058333870023489005 0.072222225368022933 0.04976197890937329
decision_type=2 2 10 8 10 10 10 10 2 2 2 2 8 2
left_child=1 10 6 -3 5 -5 -2 8 9 -8 11 -1 -12 -14
right_child=2 3 -4 4 -6 -7 7 -9 -10 -11 12 -13 13 -15
leaf_value=-0.0006270280780128636 -0.00083869264258968745 0.0001735825677869899 -0.0015103383729867476 0.0027732456703962534 0.0049984792909867079 -0.0019236646255401237 0.0051241522673081139 0.0052602343070067871 -0.0019516936840580144 0.0012984853707702843 -0.00032740607554175696 -0.0045393938436183549 0.0046816017892111171 0.00030883555391855987
leaf_weight=854.03287999331951 309.89994224905968 17760.741704806685 312.24056196212769 414.80650559067726 463.58292959630489 510.74324534833431 357.4353551864624 580.36870643496513 248.00917319953442 891.32601287961006 29749.437289252877 384.53760296106339 251.146573767066 642.53708307445049
leaf_count=3421 1268 71360 1257 1670 1868 2057 1468 2369 1014 3641 119117 1540 1006 2573
internal_value=9.83979e-08 -9.73255e-05 0.00182913 0.00029674 0.00184655 0.000195498 0.00227487 0.00274297 0.00171042 0.00245703 -0.00033406 -0.00189453 -0.000269792 0.00161327
internal_weight=53730.8 51031.6 2699.28 19149.9 1389.13 925.55 2387.04 2077.14 1496.77 1248.76 31881.7 1238.57 30643.1 893.684
internal_count=215629 204612 11017 76955 5595 3727 9760 8492 6123 5109 127657 4961 122696 3579
is_linear=0
shrinkage=0.02


Tree=107
num_leaves=15
num_cat=0
split_feature=0 1 10 24 0 28 12 20 25 0 0 25 20 22
split_gain=27.1628 12.004 12.0573 10.7475 19.5736 9.96603 9.0383 14.3255 11.8993 10.8858 11.5401 9.54933 8.63534 10.8788
threshold=0.04891361482441426 0.00010282656512572431 0.91666665673255932 -0.050212485715746873 0.0088585014455020445 8.4304996794334907e-13 0.91666665673255932 0.28604044020175939 0.023077366873621944 0.033031640574336059 0.017836032435297969 0.037979209795594222 -0.23891033232212064 -0.1269237473607063
decision_type=2 8 2 8 2 2 2 2 10 2 2 10 2 2
left_child=3 2 5 4 12 -2 8 -8 -5 10 -10 -12 -1 -14
right_child=1 -3 -4 6 -6 -7 7 -9 9 -11 11 -13 13 -15
leaf_value=0.0014323380602073305 0.00021486693089537313 0.0021661882403067926 -0.00065126676395793875 -0.0006869361534858837 0.00065763646211624812 0.0017157647198949564 -0.0011422791669418806 0.0025782490090238142 0.00056991242204210547 0.0014541067725106489 0.0016063280402918228 -0.0014571612299091514 -0.0036718483338337728 -0.00076737310971451158
leaf_weight=408.03563703596592 3507.7675844430923 2288.5344659388065 2442.7520159184933 9864.6361534446478 10441.596790030599 3564.7701262533665 8432.226448059082 416.7561658769846 4491.5892262458801 2415.5165456831455 461.53249800205231 2701.2522975057364 728.62941181659698 1707.5888372063637
leaf_count=1634 14127 9269 9827 39516 41868 14441 33766 1670 17978 9692 1848 10818 2917 6835
internal_value=2.46033e-05 0.000871582 0.000556324 -0.000213343 0.000256914 0.000974069 -0.000430432 -0.000961636 -0.000193901 0.000289489 -8.08657e-05 -0.00100283 -0.00120851 -0.00165887
internal_weight=53873.2 11803.8 9515.29 42069.4 13285.9 7072.54 28783.5 8848.98 19934.5 10069.9 7654.37 3162.78 2844.25 2436.22
internal_count=216206 47664 38395 168542 53254 28568 115288 35436 79852 40336 30644 12666 11386 9752
is_linear=0
shrinkage=0.02


Tree=108
num_leaves=15
num_cat=0
split_feature=0 22 19 11 2 17 9 22 22 21 9 22 17 27
split_gain=21.5501 13.5819 11.2741 8.51474 13.6888 10.9809 9.35941 8.30074 7.86311 13.8742 8.93781 7.75569 9.57657 7.19988
threshold=0.051939448341727264 -0.30993221700191492 -0.58537012338638295 0.00022074429580243307 0.91666665673255932 -0.2544435560703277 0.00018400121916783976 0.13652865588665011 -0.19444309175014493 -0.31141000986099238 0.00016378259169869128 0.21125415712594989 0.084674853831529631 0.026666667312383655
decision_type=2 2 2 10 2 2 8 2 2 2 10 2 2 8
left_child=3 -2 -3 4 7 -6 -7 8 9 -1 -10 12 -9 -5
right_child=1 2 -4 13 5 6 -8 11 10 -11 -12 -13 -14 -15
leaf_value=0.0017934995381746258 -0.0032066898718154371 0.0050979405003660676 0.00088048491312109041 -0.00010741448413442259 -0.0042712641138034904 -5.6874213835848095e-05 -0.0029583925961191655 -0.0052030753306550968 0.00081621882581967898 -0.003519042957074477 -0.00061104289426830178 0.00011124641715123387 -0.00097962536491239221 0.00073534693270921607
leaf_weight=277.91987697780132 298.80172742903233 241.45420730113983 9753.3747340291739 26774.669100314379 588.27570734918118 1175.181368753314 696.18661506474018 363.30301108956337 4139.9435044527054 578.08246758580208 3017.1368326842785 613.03678597509861 515.32790374755859 4757.9193864911795
leaf_count=1115 1207 986 39410 107272 2356 4705 2787 1455 16595 2317 12092 2456 2064 19061
internal_value=4.25052e-05 0.000864476 0.000992347 -0.000152323 -0.000606117 -0.00192965 -0.00115617 -0.000260281 -3.82859e-06 -0.00179264 0.000214517 -0.00161964 -0.0028029 2.01344e-05
internal_weight=53790.6 10293.6 9994.83 43497 11964.4 2459.64 1871.37 9504.75 8013.08 856.002 7157.08 1491.67 878.631 31532.6
internal_count=215878 41603 40396 174275 47942 9848 7492 38094 32119 3432 28687 5975 3519 126333
is_linear=0
shrinkage=0.02


Tree=109
num_leaves=15
num_cat=0
split_feature=26 29 29 22 24 5 22 30 30 13 13 29 13 25
split_gain=10.0813 11.4679 9.18503 10.3599 15.0818 7.14815 7.24144 10.3488 9.65292 8.80604 7.7971 8.98087 8.43088 8.10692
threshold=-0.18333333730697629 2.4668688044984099e-13 4.5533748212894808e-13 -0.13517150282859799 -0.013677790295332668 0.00055653305025771271 0.21616266667842868 -0.2809243351221084 0.13765036314725879 0.00030839623650535947 6.5906780946534141e-05 3.1348549786851953e-13 6.0662930991384208e-05 -0.015184985008090733
decision_type=10 2 2 2 10 8 2 2 2 8 10 2 10 10
left_child=2 -2 3 -1 -5 6 7 -3 -8 10 12 -12 13 -9
right_child=1 5 -4 4 -6 -7 8 9 -10 -11 11 -13 -14 -15
leaf_value=-0.0034660117184331894 0.0034149254869993207 -0.0012160263219502321 0.00072459097435308097 0.0033635387809863772 -0.0021885323541316632 0.0020151056968884203 0.0016466389141360747 0.00033715934003750842 -0.0011042184080200346 -0.0030508064619757577 -0.0028716631052152957 4.7139480043309977e-05 -0.0017042957291049526 -0.00094635116017770552
leaf_weight=448.75814586877823 324.69800697267056 4733.9824506342411 8486.1682221889496 335.68024495244026 415.43197675049305 531.64190597832203 1627.6667919307947 3719.4795088618994 722.66209924221039 415.34094008803368 408.85714665055275 25128.780119225383 2339.5214473605156 4142.4164237678051
leaf_count=1803 1304 18971 34254 1351 1670 2142 6529 14927 2901 1666 1638 100695 9377 16614
internal_value=-9.09057e-05 -0.000219267 0.000492699 -0.00113236 0.000315632 -0.000247774 -0.000276516 -0.000338678 0.000798645 -0.000223191 -0.000188642 -1.80114e-06 -0.00065545 -0.000339805
internal_weight=53781.1 44095 9686.04 1199.87 751.112 43770.3 43238.7 40888.4 2350.33 36154.4 35739.1 25537.6 10201.4 7861.9
internal_count=215842 176764 39078 4824 3021 175460 173318 163888 9430 144917 143251 102333 40918 31541
is_linear=0
shrinkage=0.02


Tree=110
num_leaves=15
num_cat=0
split_feature=2 22 29 7 22 13 11 11 21 11 2 16 21 29
split_gain=6.68588 9.53355 6.41839 12.281 18.0914 16.8015 12.8933 14.4557 14.1513 11.2426 11.6034 10.5292 10.4516 13.5307
threshold=0.25000000745058065 0.0040613920427858838 6.3069186917279206e-13 0.00020017854694742712 -0.02847360540181398 8.9022400061367093e-05 0.00076948560308665048 0.00026418863853905355 -0.2284101992845535 0.00022635493951383981 0.91666665673255932 0.33333708345890051 -0.0774339623749256 6.741543358713271e-13
decision_type=2 2 2 10 2 10 10 10 2 10 2 2 2 2
left_child=1 -1 9 12 5 -5 7 -7 -9 10 -2 -6 -4 -14
right_child=2 -3 3 4 11 6 -8 8 -10 -11 -12 -13 13 -15
leaf_value=0.0039015720174702278 -0.00051706264160563808 -0.00059290285498428072 0.0011855001930747796 0.0017464008985065968 -0.0014258023663966497 0.00222213348916603 0.0022616302650958742 -0.0048910738709065857 -0.0008909058238570183 -3.243407151360894e-05 -0.0023732244347109293 0.00054840177063776076 0.0022636026106622933 -0.00014968016143584152
leaf_weight=386.33231982588768 5795.599819585681 343.97084699571133 5726.3104584217072 2430.0429489314556 5366.9067385792732 399.25423076748848 524.24136997759342 453.71266011893749 1448.1752360016108 18055.959195390344 1742.1559147387743 1340.3064611554146 1020.6709984689951 8668.6507852822542
leaf_count=1560 23241 1386 23039 9778 21549 1603 2110 1824 5812 72347 6977 5388 4091 34823
internal_value=-4.94531e-05 0.00182531 -7.59788e-05 0.000136834 -0.000343695 0.000533852 -0.000513976 -0.00116035 -0.00188615 -0.00030356 -0.000951211 -0.00103084 0.000509691 0.000108674
internal_weight=53702.3 730.303 52972 27378.3 11962.6 5255.43 2825.38 2301.14 1901.89 25593.7 7537.76 6707.21 15415.6 9689.32
internal_count=215528 2946 212582 110017 48064 21127 11349 9239 7636 102565 30218 26937 61953 38914
is_linear=0
shrinkage=0.02


Tree=111
num_leaves=15
num_cat=0
split_feature=12 25 20 28 13 6 19 28 8 2 25 11 25 20
split_gain=9.58495 9.5211 15.4138 11.5602 8.77627 8.86162 13.9961 13.6235 10.6036 13.2419 10.1631 9.02604 15.7243 10.2262
threshold=0.91666665673255932 0.0021858806721866135 -0.013165283482521771 1.0669775609914447e-12 3.3007851016009233e-05 0.91666665673255932 -0.13022147119045255 1.583259185648084e-12 0.75000000000000011 0.41666667163372045 -0.046047413721680634 0.00044643049477599567 0.13308394700288775 0.15701960772275927
decision_type=2 10 2 2 8 2 2 2 2 2 10 8 10 2
left_child=4 -2 3 -3 -1 6 8 10 -6 -10 -7 -8 13 -13
right_child=1 2 -4 -5 5 7 11 -9 9 -11 -12 12 -14 -15
leaf_value=-0.001175647070923813 4.3548597231581542e-05 -0.0031014395532558609 -0.00036179802612683722 0.00050558305212426995 0.00046520154054981557 -0.0010435526788246849 0.00037416360102889923 -0.0023639677102438787 0.0055483320353370506 0.0014957177076158005 0.00052611460951258054 -0.00061000226591622611 0.0025711626948992632 -0.0032864159539667142
leaf_weight=1809.9210086017847 8937.1884981244802 1687.1004036962986 5630.1329275220633 442.40784041583538 4684.1144304424524 2472.8220347613096 13743.824618414044 1109.8321186602116 342.04562266170979 3345.1416597813368 4859.7529767751694 3542.6032796949148 523.12576842308044 664.36062189936638
leaf_count=7286 35844 6758 22570 1777 18859 9913 55181 4457 1380 13433 19468 14205 2103 2665
internal_value=-4.02526e-06 -0.00040168 -0.000913267 -0.00235434 0.000175071 0.000244977 0.000422647 -0.000319645 0.0011 0.00189957 -4.63535e-06 0.000114854 -0.000637004 -0.00104621
internal_weight=53794.4 16696.8 7759.64 2129.51 37097.5 35287.6 26845.2 8442.41 8371.3 3687.19 7332.58 18473.9 4730.09 4206.96
internal_count=215899 66949 31105 8535 148950 141664 107826 33838 33672 14813 29381 74154 18973 16870
is_linear=0
shrinkage=0.02


Tree=112
num_leaves=15
num_cat=0
split_feature=3 10 24 20 13 30 13 13 21 16 19 13 13 30
split_gain=12.5812 16.1543 12.242 10.1218 9.48388 7.18707 9.85797 7.41609 7.08799 7.06132 6.99346 7.7362 17.9196 7.15821
threshold=0.00018964760965900498 0.91666665673255932 -0.25496472418308253 -0.15777830779552457 0.00027394181233830755 -0.23355087637901303 8.8135486294049783e-05 0.00013384887279244143 -0.43589727580547327 0.31501071155071264 -0.063141744583845125 0.00014066529547562825 0.00010368563016527334 -0.21074638515710828
decision_type=8 2 10 2 10 2 10 10 2 2 2 10 10 2
left_child=2 5 -1 -3 8 6 -2 -8 -4 10 13 12 -12 -5
right_child=1 3 4 9 -6 -7 7 -9 -10 -11 11 -13 -14 -15
leaf_value=-0.0035733848163932783 0.0035766470845629977 0.0044891881437556878 0.0020329335835221896 -0.00012606764911774347 -0.0033472168133398478 -0.00022572983796577084 -0.0021388740875134867 0.0022744003279016631 -5.9130582132718506e-05 0.0036893194859275052 -0.001403484210678126 -0.0023666641486766176 0.0050340354519476131 0.0040812219697066313
leaf_weight=378.84583629667759 501.92819136381149 522.44304801523685 637.4066524207592 265.62108694016933 327.10943059623241 4333.2010502964258 326.91137364506721 251.63816559314728 44271.788525402546 414.7092028260231 433.99861292541027 387.53456084430218 260.85926066339016 389.06675627827644
leaf_count=1519 2023 2100 2576 1066 1312 17417 1313 1012 177624 1666 1740 1557 1046 1561
internal_value=4.42059e-05 0.000770173 -8.47946e-05 0.00203567 -5.4012e-05 0.000139854 0.00158346 -0.000207478 -2.85457e-05 0.00140412 0.000822764 -0.000170377 0.00108648 0.0024211
internal_weight=53703.1 8087.91 45615.2 2674.23 45236.3 5413.68 1080.48 578.55 44909.2 2151.79 1737.08 1082.39 694.858 654.688
internal_count=215532 32501 183031 10736 181512 21765 4348 2325 180200 8636 6970 4343 2786 2627
is_linear=0
shrinkage=0.02


Tree=113
num_leaves=15
num_cat=0
split_feature=0 29 20 0 0 8 22 27 22 9 29 22 9 9
split_gain=21.2331 11.4427 11.0022 9.73717 8.69623 7.96573 7.21797 8.13487 8.51432 10.674 10.5656 11.4916 12.9139 8.81898
threshold=0.070678327232599272 2.4668688044984099e-13 0.22349958866834643 0.02028679754585028 0.10855389758944513 0.75000000000000011 0.23962134867906573 0.072222225368022933 0.10521033778786661 0.00013527063856599855 1.8395276621396843e-12 -0.15606114268302915 0.0007489709823857994 0.0001607209269423038
decision_type=2 2 2 2 2 2 2 8 2 8 2 2 10 10
left_child=1 -1 4 6 -2 -4 7 8 10 -10 11 -3 13 -13
right_child=2 3 5 -5 -6 -7 -8 -9 9 -11 -12 12 -14 -15
leaf_value=0.0032588346956014605 0.001565975747748954 -0.001584771763851751 0.0013974920209674311 0.00016301794569273598 0.0050105332108864786 -0.0030697408370108869 0.001782699209261378 0.0021451500201795826 -0.0038537799780591145 -0.00089324572785340762 -0.0018902418233201848 0.00097553340391546065 -0.003966252670033075 -0.00019805837294777215
leaf_weight=395.34349705278873 3062.6675709933043 2020.7075190097094 284.32013143599033 28753.268943831325 311.48024070262909 320.14481094479561 566.27092717587948 445.57854315638542 601.14637756347656 2354.4434585422277 1598.7643829882145 3527.2960845828056 295.74210219085217 9196.5906336307526
leaf_count=1587 12460 8091 1157 115382 1289 1294 2267 1784 2406 9423 6404 14119 1185 36807
internal_value=6.5698e-05 -4.6969e-05 0.00146786 -7.47558e-05 0.00191161 -0.000991043 -0.000406369 -0.00046994 -0.000531533 -0.00151725 -0.00035483 -0.000189324 2.93544e-05 0.000128303
internal_weight=53733.8 49755.2 3978.61 49359.8 3374.15 604.465 20606.5 20040.3 19594.7 2955.59 16639.1 15040.3 13019.6 12723.9
internal_count=215655 199455 16200 197868 13749 2451 82486 80219 78435 11829 66606 60202 52111 50926
is_linear=0
shrinkage=0.02


Tree=114
num_leaves=15
num_cat=0
split_feature=0 22 26 27 29 22 17 1 0 11 14 19 30 24
split_gain=28.3415 10.979 12.1207 9.59751 13.2151 12.5724 9.37393 9.08742 9.05172 8.24006 8.4503 8.58545 7.86018 7.76443
threshold=0.04467704892158509 -0.30993221700191492 -0.18333333730697629 0.026666667312383655 4.2523230488027147e-13 0.13896037638187411 0.45834019780159002 0.00010282656512572431 0.10226704180240632 0.00022499871556647125 0.70945221185684215 -0.14777860790491101 -0.10245371982455252 0.069960348308086409
decision_type=2 2 10 8 2 2 2 10 2 10 2 2 2 10
left_child=3 -2 8 5 -5 6 -1 -4 13 12 11 -11 -6 -3
right_child=1 2 7 4 9 -7 -8 -9 -10 10 -12 -13 -14 -15
leaf_value=-0.0002663650314317286 -0.0024036144879771119 0.0021652719645855953 0.00031715921315635207 0.0026351292495503014 -0.0043772896110089417 -0.0015430851216165387 0.001276917014209908 0.0017907286953694733 0.0053783093914068275 0.0032356238018153433 0.0033907341439520251 -0.00017186059848366394 -0.000174725811404944 -0.00032475078212563439
leaf_weight=29839.510526150465 382.0234115421772 2460.2209074646235 8305.5215179920197 1019.3799045532942 267.84112879633904 2966.6453030109406 1642.2566528469324 2080.775713339448 273.5950388610363 310.47678782045841 348.57032001018524 2801.7983056604862 471.18089051544666 621.68235169351101
leaf_count=119534 1541 9996 33399 4082 1072 11882 6582 8390 1141 1244 1397 11222 1886 2524
internal_value=9.22611e-05 0.000860951 0.000955068 -0.00018173 0.000615963 -0.000302875 -0.0001851 0.000615246 0.00199704 0.00011571 0.000526903 0.000186555 -0.00177305 0.00166413
internal_weight=53791.5 14123.8 13741.8 39667.7 5219.25 34448.4 31481.8 10386.3 3355.5 4199.87 3460.85 3112.28 739.022 3081.9
internal_count=215892 56991 55450 158901 20903 137998 126116 41789 13661 16821 13863 12466 2958 12520
is_linear=0
shrinkage=0.02


Tree=115
num_leaves=15
num_cat=0
split_feature=23 24 24 25 24 1 24 25 24 25 28 23 30 3
split_gain=12.5566 8.61957 8.56287 7.10324 15.037 15.1502 9.40599 13.0307 11.8469 11.4239 11.3294 9.63282 9.43447 10.6002
threshold=-0.36972333490848536 -0.17711907625198361 -0.25496472418308253 -0.13253248482942578 -0.07900697365403174 6.0981494243606e-05 -0.13106415420770642 -0.063928481191396699 -0.07900697365403174 -0.061511026695370667 2.3853809552609743e-12 -0.17943835258483884 0.41964584589004522 4.5035618313704624e-05
decision_type=2 10 8 10 8 10 10 8 10 10 2 2 2 10
left_child=1 -1 -2 4 -4 -6 -5 8 11 -9 12 -8 13 -10
right_child=2 -3 3 6 5 -7 7 9 10 -11 -12 -13 -14 -15
leaf_value=-0.00032076047439178308 -0.0032862128779151435 0.0038714408664838012 7.7399272307248075e-05 0.0014240851953150749 0.0041644580465158339 9.7244802550172402e-05 -0.0021018531806250794 0.003254345934046869 0.0017390010621889233 -3.4873218701360471e-05 -0.0047046567292151863 0.00057416874188810228 0.002216861719412619 -0.0017641653963113575
leaf_weight=298.14247624576092 302.61185601353645 537.92195276916027 5026.8575395047665 1535.0330586284399 809.539027094841 657.82602798938751 652.30303440988064 407.37144149839878 363.93606935441494 36049.751662418246 388.94385035336018 2674.8737455308437 283.02426718175411 3806.044199809432
leaf_count=1200 1213 2180 20203 6170 3260 2654 2619 1634 1461 144610 1569 10730 1136 15267
internal_value=1.04527e-06 0.00240392 -3.77828e-05 -1.78734e-05 0.000600397 0.00236693 -0.000105077 -0.000158291 -0.000879222 3.64465e-06 -0.00150851 4.01025e-05 -0.00120956 -0.00145158
internal_weight=53794.2 836.064 52958.1 52655.5 6494.22 1467.37 46161.3 44626.2 8169.13 36457.1 4841.95 3327.18 4453 4169.98
internal_count=215906 3380 212526 211313 26117 5914 185196 179026 32782 146244 19433 13349 17864 16728
is_linear=0
shrinkage=0.02


Tree=116
num_leaves=15
num_cat=0
split_feature=0 13 27 0 22 22 5 3 11 22 11 22 22 27
split_gain=19.691 12.8898 10.9616 8.16795 7.80644 7.75752 7.65649 7.45249 8.0096 13.1523 9.27663 18.4027 17.3965 13.5972
threshold=0.070678327232599272 3.3007851016009233e-05 -8.0491169285323839e-16 0.017628830857574943 -0.18421088159084317 -0.2587976455688476 4.5760767534375198e-05 0.00023590172349940988 0.00044643049477599567 0.0053564230911433705 0.00022635493951383981 0.13416474312543872 -0.19444309175014493 -8.0491169285323839e-16
decision_type=2 8 10 2 2 2 10 10 10 2 8 2 2 8
left_child=3 -2 5 4 -1 -3 -6 8 10 -10 11 12 -5 -12
right_child=1 2 -4 7 6 -7 -8 -9 9 -11 13 -13 -14 -15
leaf_value=-0.0019294729775779309 -0.0024607430515935476 -0.0012242875198684301 -0.00099098324242033876 -0.0024348450659510035 -0.0025203566858721434 0.0023886448766501193 -0.00027111120400167432 0.0010743428635415831 0.00018359768033976578 -0.0016190890457317623 0.00014582038472428705 -0.0023228487325442047 0.00041713308744670421 0.0017003838575935979
leaf_weight=1343.3192390501499 314.05013051629066 246.7352604418993 524.55413280427456 958.4199336618185 609.2451032102108 2903.1555334031582 16283.271932929754 2625.9366588145494 3483.4783611148596 2998.6476853638887 10329.936295986176 1538.1095807105303 6791.4105748236179 2859.1082738041878
leaf_count=5379 1281 1005 2112 3848 2439 11850 65177 10560 13969 12020 41448 6167 27258 11456
internal_value=-2.78528e-05 0.00132074 0.00165551 -0.000136303 -0.000473077 0.0020997 -0.000355117 5.83118e-05 -3.44972e-05 -0.000652745 0.000144221 -0.000339526 5.907e-05 0.000484881
internal_weight=53809.4 3988.5 3674.44 49820.9 18235.8 3149.89 16892.5 31585 28959.1 6482.13 22477 9287.94 7749.83 13189
internal_count=215969 16248 14967 199721 72995 12855 67616 126726 116166 25989 90177 37273 31106 52904
is_linear=0
shrinkage=0.02


Tree=117
num_leaves=15
num_cat=0
split_feature=23 22 24 24 25 25 7 7 9 22 29 7 9 24
split_gain=9.74357 8.90546 8.01979 8.44741 11.703 12.9729 10.9336 10.2673 9.85585 20.1722 11.1884 11.0361 9.84944 9.35262
threshold=-0.39414808154106135 -0.30993221700191492 -0.25496472418308253 -0.050212485715746873 -0.13462111353874204 -0.063928481191396699 0.00014766679669264707 0.00058887767954729508 0.0001627440578886308 0.085472434759140029 4.7554684799375201e-13 7.7014963608235134e-05 0.00010537125490373002 0.19187354296445849
decision_type=2 2 10 10 10 10 10 8 10 2 2 10 10 10
left_child=1 -1 -2 -4 6 12 -5 8 9 -7 -10 -11 -6 -13
right_child=2 -3 3 4 5 7 -8 -9 10 11 -12 13 -14 -15
leaf_value=-0.00031463486718050557 -0.0030988291445363369 0.0044554737867901345 0.00036782953458915004 0.004618530963647182 0.0017918155566842616 0.0011017191804972746 0.00018421182054802535 0.0019367156144043144 -0.0012032920527457085 -0.0031601689716550898 -0.00015433863766582833 -0.00069154674167620377 -0.0019499026813169754 0.0028979394326638509
leaf_weight=265.25363807380199 316.33658757805824 353.48263676464558 16896.526338338852 365.99915856122971 301.21938772499561 5692.7718559205532 528.94708560407162 923.79117225110531 5352.3200937211514 638.8269600123167 16776.484948113561 2525.144412279129 2488.0378537029028 307.9025561362505
leaf_count=1068 1268 1435 67862 1477 1210 22839 2135 3717 21437 2564 67296 10130 9990 1237
internal_value=9.23682e-06 0.0024647 -2.02841e-05 -6.72774e-07 -0.000174212 -0.000232447 0.002059 -0.000118712 -0.000180587 0.000370403 -0.000408908 -0.000828165 -0.00153594 -0.000283853
internal_weight=53733 618.736 53114.3 52798 35901.4 35006.5 894.946 32217.2 31293.5 9164.65 22128.8 3471.87 2789.26 2833.05
internal_count=215665 2503 213162 211894 144032 140420 3612 129220 125503 36770 88733 13931 11200 11367
is_linear=0
shrinkage=0.02


Tree=118
num_leaves=15
num_cat=0
split_feature=0 26 0 13 21 8 13 8 9 13 13 13 13 13
split_gain=20.1861 9.80049 9.0039 13.0864 13.7932 8.11257 8.069 6.91421 8.81803 9.18809 8.05313 8.38065 18.1888 10.9982
threshold=0.074957404285669341 -0.093333333730697618 0.02734616864472628 0.00015532915131188932 0.062677476555109038 0.91666665673255932 0.00019018566672457385 0.91666665673255932 0.00055946942302398394 0.00010916648534475827 0.00013384887279244143 9.8203538072993992e-05 8.4229232015786706e-05 9.3284841568674906e-05
decision_type=2 10 2 8 2 2 8 2 10 10 8 10 10 10
left_child=2 5 -1 7 6 -2 -5 8 10 -10 11 12 -4 -14
right_child=1 -3 3 4 -6 -7 -8 -9 9 -11 -12 -13 13 -15
leaf_value=-0.00037147518392758889 0.0028756374730063024 6.2580439924868114e-05 0.00055179560249432971 0.0022166739003856603 0.0043714903979145611 -0.0008030081448972483 -0.0010049594109607031 -0.00054839719852663431 -0.0034897805932092717 0.0011590422430245574 -0.0018755421306135068 0.0014763840883108687 -0.0027262543169968294 0.00063435738166137904
leaf_weight=27159.046217769384 1710.7129523307085 1163.8979921340942 10011.403502970934 593.350457072258 552.22806361317635 269.52003842592239 613.5146204829216 5996.7394466847181 467.7257657200098 248.74660848081112 601.95076315104961 2585.3683214336634 1186.3838768750429 565.70444796979427
leaf_count=108724 7029 4706 40249 2388 2224 1099 2469 24054 1878 1000 2416 10373 4762 2270
internal_value=-2.68965e-05 0.00152285 -0.000123791 0.00016347 0.0018124 0.00237193 0.000589259 2.80308e-05 0.00024908 -0.00188815 0.000353885 0.000449893 0.000222169 -0.00164629
internal_weight=53726.3 3144.13 50582.2 23423.1 1759.09 1980.23 1206.87 21664 15667.3 716.472 14950.8 14348.9 11763.5 1752.09
internal_count=215641 12834 202807 94083 7081 8128 4857 87002 62948 2878 60070 57654 47281 7032
is_linear=0
shrinkage=0.02


Tree=119
num_leaves=15
num_cat=0
split_feature=0 0 11 6 11 21 13 28 11 21 24 29 13 5
split_gain=24.7011 12.2631 11.2766 9.20253 12.5071 14.3492 12.6316 10.2279 9.39947 10.074 10.9257 9.87516 9.25265 8.94238
threshold=0.033031640574336059 0.083616543561220183 0.00024913724337238824 0.91666665673255932 0.00015329565940191972 -0.056972850114107125 0.00015532915131188932 2.6112454212801066e-12 0.00065676867961883556 0.23051865398883822 0.023701382800936702 7.4005227944026763e-13 0.00010850754188140856 0.00015799735410837459
decision_type=2 2 10 2 10 2 10 2 8 2 10 2 10 10
left_child=-1 3 -3 7 -5 -6 12 8 9 -2 -11 -12 -7 -4
right_child=1 2 13 4 5 6 -8 -9 -10 10 11 -13 -14 -15
leaf_value=-0.00038865315757964305 0.00080468594252618196 0.0036001524420617784 -0.0014295141328094251 -0.0034023623705374813 -0.0013255075028783621 0.0010911207765746075 0.004449240550930442 0.0024028879834503821 -0.0012078178382541427 -0.0041316548475013202 0.0019445115267054255 -0.0019559227156174279 -0.0017008632119435963 0.0023687734954768885
leaf_weight=31825.03434458375 11052.277341634035 907.01868978142738 473.78124096989632 475.69001270830631 2045.9484882056713 1793.9181940853596 326.63621716201305 1134.5603000223637 1238.2738043665886 319.81278096139431 506.02556911110878 492.72302760183811 623.73983463644981 479.29363995790482
leaf_count=127428 44450 3728 1934 1910 8217 7198 1316 4588 4978 1288 2032 1983 2503 1962
internal_value=-3.31485e-05 0.000484068 0.00202876 0.000338592 -0.000378058 -6.4835e-05 0.000877822 0.00059472 0.000440672 0.000607363 -0.00103393 1.96478e-05 0.000362762 0.000490041
internal_weight=53694.7 21869.7 1860.09 20009.6 5265.93 4790.24 2744.29 14743.7 13609.1 12370.8 1318.56 998.749 2417.66 953.075
internal_count=215515 88087 7624 80463 21144 19234 11017 59319 54731 49753 5303 4015 9701 3896
is_linear=0
shrinkage=0.02


Tree=120
num_leaves=15
num_cat=0
split_feature=0 0 24 27 21 25 20 13 6 27 28 25 6 28
split_gain=12.3103 9.78584 8.18779 9.24447 11.0073 13.4624 10.3947 13.9415 10.1533 18.8686 10.0904 9.56166 9.29856 8.093
threshold=0.10855389758944513 0.024919435381889347 -0.25496472418308253 -0.15777777880430219 0.27162092924118048 0.10329056531190874 -0.078931730240583406 0.00015749743033666166 0.91666665673255932 -2.3037127760971994e-15 6.887072834770026e-13 0.033345142379403121 0.91666665673255932 9.3307859268948488e-13
decision_type=2 2 10 8 2 10 2 8 2 8 2 10 2 2
left_child=1 -1 -3 4 12 -6 8 -8 9 -5 11 -9 -4 -10
right_child=-2 2 3 6 5 -7 7 10 13 -11 -12 -13 -14 -15
leaf_value=-0.00033801919324032473 0.0033632229789080184 -0.0029330595226584062 0.0016190088053807568 0.00029646093511572586 -0.0046704167599305024 0.0014915961091573552 0.00017462515497343367 -0.0015708019455722409 -0.00095017533123537901 -0.004403171624086287 0.0041109957401856126 0.0032078973072242208 -0.00096816197559275203 -0.0036885417332056503
leaf_weight=25105.842351734638 405.84030386805534 308.97189784049988 4235.0951347649097 4590.416398063302 271.39065571129322 261.92124380171299 14089.122094705701 360.7615363150835 1699.9380091577768 349.07960280776024 627.42403362691402 279.83028820157051 625.64141112565994 569.49182422459126
leaf_count=100499 1679 1239 17164 18447 1099 1060 56539 1449 6819 1402 2528 1126 2524 2289
internal_value=-2.37915e-05 -5.0795e-05 0.000204348 0.00024109 0.000983284 -0.00169959 6.29666e-05 0.000356964 -0.00056259 -5.20844e-05 0.00234879 0.000550603 0.0012834 -0.00166356
internal_weight=53780.8 53374.9 28269.1 27960.1 5394.05 533.312 22566.1 15357.1 7208.93 4939.5 1268.02 640.592 4860.74 2269.43
internal_count=215863 214184 113685 112446 21847 2159 90599 61642 28957 19849 5103 2575 19688 9108
is_linear=0
shrinkage=0.02


Tree=121
num_leaves=15
num_cat=0
split_feature=23 22 27 23 29 27 25 23 11 13 22 29 22 21
split_gain=8.52645 10.9386 11.8188 8.06308 10.3653 9.99039 8.3946 12.6238 7.83748 12.2926 12.2916 10.2011 15.0158 14.6323
threshold=-0.35046379268169398 -0.30993221700191492 -0.28777778148651117 -0.26106904447078699 5.1292940706458577e-13 -0.26388889551162714 -0.19457482546567914 -0.13463491946458814 0.00022074429580243307 0.00015077280113473537 0.042637944221496589 5.9548955935566371e-13 -0.19083674997091291 -0.09096041694283484
decision_type=2 2 8 2 2 8 10 2 8 10 2 2 2 2
left_child=1 -1 -3 4 -2 -6 7 -5 9 10 11 12 -8 -13
right_child=3 2 -4 6 5 -7 8 -9 -10 -11 -12 13 -14 -15
leaf_value=-0.00072402499634042995 0.0012642708328605005 -3.4038441844579223e-05 0.005493120566051851 8.775442176391672e-05 0.0012442230233310257 -0.0029158096311230732 -0.0047500806361582652 0.0037195138728347153 0.00012669368001939262 -0.0046067806020864488 -0.0010790010615638348 0.0021308906047978675 -0.00023343455539479995 -0.0001920532705092344
leaf_weight=418.89033967256546 463.91385272145271 249.88341434299946 385.43272617459297 1045.2067299634218 274.05932454764843 1176.7258113324642 304.42596787214279 585.02653484046459 35517.070480629802 257.18530431389809 5455.0752663612366 1859.351756721735 3212.7317883372307 2558.0501704216003
leaf_count=1686 1862 1017 1559 4206 1109 4734 1221 2358 142467 1031 21897 7483 12880 10287
internal_value=4.90739e-06 0.00176887 0.00338448 -3.10305e-05 -0.00129826 -0.00212373 1.72304e-05 0.00142033 -2.98539e-05 -0.000436872 -0.000350026 0.000152603 -0.000649018 0.000790907
internal_weight=53763 1054.21 635.316 52708.8 1914.7 1450.79 50794.1 1630.23 49163.9 13646.8 13389.6 7934.56 3517.16 4417.4
internal_count=215797 4262 2576 211535 7705 5843 203830 6564 197266 54799 53768 31871 14101 17770
is_linear=0
shrinkage=0.02


Tree=122
num_leaves=15
num_cat=0
split_feature=0 0 7 30 26 25 3 22 14 25 29 20 22 13
split_gain=21.5591 11.82 11.6209 10.9124 10.179 9.3832 8.46751 10.6071 13.6233 10.9284 13.5993 12.6913 13.1498 12.595
threshold=0.083616543561220183 0.010296200402081014 0.00010481319623067976 -0.52455782890319813 -0.24333333224058148 -0.031645266339182847 0.00015509305376326668 -0.20163759589195249 0.32407245039939886 -0.01086966088041663 4.575583889641217e-13 -0.088317800313234315 0.14658071100711825 0.00018465882021700966
decision_type=2 2 10 2 10 8 8 2 2 10 2 2 2 10
left_child=1 3 -2 -1 -4 -5 7 8 -3 10 -9 -12 -13 -11
right_child=2 6 4 5 -6 -7 -8 9 -10 13 11 12 -14 -15
leaf_value=0.0031711868085147429 0.0051477445837350101 -0.00066334133361897404 0.0041293046968374752 -0.0014629683585405582 0.00032722577637208012 -0.00024952815827087926 0.00061084362514632134 0.0017240570128061968 -0.0046995864246907396 -0.00022476282442253709 -0.00072421369393372594 0.00095635974823984481 -0.0023059274768289085 -0.0041026922921455515
leaf_weight=273.43101155757904 383.07964983582497 2287.2651375830173 357.51818460226059 4276.9015122205019 1125.1392961293459 6291.7638004571199 9956.0747588276863 2732.2324317842722 373.86153061687946 14875.383706331253 4098.4584110677242 6035.8176530003548 519.22026778757572 322.85387580096722
leaf_count=1095 1575 9186 1489 17120 4588 25180 39985 10954 1501 59648 16459 24225 2084 1295
internal_value=2.49618e-05 -5.11376e-05 0.00212572 -0.00063806 0.00128679 -0.000742416 0.000103546 -5.83892e-05 -0.00126122 5.43962e-05 0.000470732 0.000146671 0.000691728 -0.000312425
internal_weight=53909 52043.3 1865.74 10842.1 1482.66 10568.7 41201.2 31245.1 2661.13 28584 13385.7 10653.5 6555.04 15198.2
internal_count=216384 208732 7652 43395 6077 42300 165337 125352 10687 114665 53722 42768 26309 60943
is_linear=0
shrinkage=0.02


Tree=123
num_leaves=15
num_cat=0
split_feature=24 5 27 19 6 24 26 28 13 18 29 18 2 27
split_gain=9.16953 7.88208 6.11273 5.96976 10.1436 14.0729 9.0035 8.47391 8.44777 11.8625 8.36399 8.20281 7.87919 12.0616
threshold=-0.25496472418308253 0.00050895847380161296 -0.061111113056540482 -0.12744452059268949 0.91666665673255932 0.10344196483492853 -0.13666667044162747 2.0889723327879865e-12 0.00013048118853475901 -0.12725518643856046 2.4668688044984099e-13 -0.20741995424032209 0.58333334326744091 -0.33833332359790796
decision_type=8 8 8 2 2 10 10 2 8 2 2 2 2 10
left_child=-1 3 -3 4 5 6 12 8 9 -8 -5 -10 13 -2
right_child=1 2 -4 10 -6 -7 7 -9 11 -11 -12 -13 -14 -15
leaf_value=-0.0028361208421121076 -0.0015155602892676923 0.0043943507725128237 0.00076448977711779051 0.0031247949448226539 -0.00040916360639100662 -0.0019327391342634089 -0.00041552386493759849 -0.002334179989010705 0.004592124616147851 0.0019411366576899938 -0.00014075766401327745 0.0005886763140169342 0.00079644630925777837 0.0029605660511698973
leaf_weight=419.52887043356895 263.84721709787846 260.1187282204628 583.06151385605335 296.55207042396069 4957.9733223170042 757.40573520958424 3349.7484009861946 428.36116805672646 351.3871394097805 1124.7644604593515 35504.86850091815 471.51161512732506 3010.2565394192934 1851.5711299031973
leaf_count=1682 1071 1053 2351 1192 19880 3048 13427 1721 1410 4510 142426 1891 12121 7485
internal_value=4.08042e-05 6.45435e-05 0.00196016 3.32855e-05 0.000346962 0.000670041 0.000854931 0.000308083 0.000529718 0.000182875 -0.000111979 0.00236659 0.00146223 0.00239331
internal_weight=53631 53211.4 843.18 52368.2 16566.8 11608.9 10851.4 5725.77 5297.41 4474.51 35801.4 822.899 5125.67 2115.42
internal_count=215268 213586 3404 210182 66564 46684 43636 22959 21238 17937 143618 3301 20677 8556
is_linear=0
shrinkage=0.02


Tree=124
num_leaves=15
num_cat=0
split_feature=23 18 17 1 2 14 19 16 16 5 24 10 21 21
split_gain=9.25956 6.8286 15.5806 10.4209 7.87352 11.5465 10.3119 7.85827 7.22846 7.16514 10.992 9.66578 9.59104 10.5242
threshold=-0.36972333490848536 0.28108148276805883 0.032199081033468253 3.8002734072506435e-05 0.58333334326744091 -0.53640612959861744 -0.28272995352745051 0.24379903078079226 -0.06685351580381392 0.00018681660731090235 0.15551361441612246 0.91666665673255932 -0.03815969452261924 -0.003682330134324729
decision_type=2 2 2 10 2 2 2 2 2 8 10 2 2 2
left_child=-1 4 -3 7 5 -2 8 -4 -7 -6 11 12 -11 -14
right_child=1 2 3 -5 9 6 -8 -9 -10 10 -12 -13 13 -15
leaf_value=0.0021413744317879055 0.0016603133409134854 0.0041623367479030589 -0.0040127384256119477 0.00088675103624492576 -0.00037515451098376652 0.0008492834157058461 -0.00016216859816542685 -0.00033837920124291267 0.0042345440292125437 -0.0011476568720141861 0.0038438151293721423 0.0010036692253106746 0.002784926228386934 -0.00011947742796109601
leaf_weight=833.32450637221336 2319.5404073745012 452.31804528832436 272.16769573092461 4132.709976926446 24811.537022083998 1018.1282026469707 8483.7841140478849 1168.5815619081259 322.17654678225517 2966.3767015039921 311.06047566235065 3332.6222487837076 591.49071365594864 2705.7340495586395
leaf_count=3372 9346 1820 1092 16598 99484 4102 34084 4692 1302 11907 1249 13364 2372 10852
internal_value=7.45936e-05 4.12315e-05 0.000673823 0.000376839 -4.03626e-05 0.000397575 9.66651e-05 -0.00107793 0.00171331 -0.000193681 0.000260637 0.000136736 -0.000326253 0.000415194
internal_weight=53721.6 52888.2 6025.78 5573.46 46862.5 12143.6 9824.09 1440.75 1340.3 34718.8 9907.28 9596.22 6263.6 3297.22
internal_count=215636 212264 24202 22382 188062 48834 39488 5784 5404 139228 39744 38495 25131 13224
is_linear=0
shrinkage=0.02


Tree=125
num_leaves=15
num_cat=0
split_feature=1 20 25 24 25 11 29 29 11 13 29 24 11 15
split_gain=9.86866 9.56217 8.06517 6.51806 10.1172 10.5712 13.2453 7.70286 7.266 16.9979 14.7188 16.5209 10.6831 10.6586
threshold=0.00019744885503314438 -0.1502457186579704 -0.029430723749101158 -0.25496472418308253 -0.23914678394794461 0.00033913228253368294 1.3758047435682987e-12 2.4668688044984099e-13 0.00022635493951383981 0.00015301542589440945 5.9291639523464955e-13 0.097987260669469847 0.00030934695678297436 -0.26427398622035975
decision_type=8 2 8 8 10 10 2 2 10 10 2 10 10 2
left_child=3 -2 -3 -1 5 6 -5 -6 9 10 11 -9 -10 -14
right_child=1 2 -4 4 7 -7 -8 8 12 -11 -12 -13 13 -15
leaf_value=-0.0025083368468124079 0.0044475922543540745 -0.001309964669605611 0.001837626974454419 0.0010808331405479617 0.0026490320478939852 -0.0011526048263640527 0.0064528527121251048 -0.00068963712170184998 0.0005751457306606354 -0.0052726603830464602 0.00015635344530550867 -0.0036154984655621587 0.00043922382082377818 -0.00046611086848209564
leaf_weight=411.5331933349371 327.09584780037403 489.43605981767178 890.40334759652615 517.35715429484844 389.76423504948616 326.56967464089394 273.66756902635098 5348.3175226300955 10846.493932455778 269.17265096306801 8696.8828996568918 885.54251101613045 7583.064074575901 16457.016446813941
leaf_count=1650 1321 1973 3588 2089 1567 1318 1111 21438 43532 1079 34981 3549 30416 65990
internal_value=-1.11677e-05 0.00147624 0.000718396 -6.05368e-05 -4.00477e-05 0.00182519 0.00305267 -8.20526e-05 -0.000104354 -0.000468989 -0.000375451 -0.0011155 5.46931e-05 -0.00018041
internal_weight=53712.3 1706.94 1379.84 52005.4 51593.8 1117.59 791.025 50476.3 50086.5 15199.9 14930.7 6233.86 34886.6 24040.1
internal_count=215602 6882 5561 208720 207070 4518 3200 202552 200985 61047 59968 24987 139938 96406
is_linear=0
shrinkage=0.02


Tree=126
num_leaves=15
num_cat=0
split_feature=24 7 21 13 13 13 26 23 12 22 7 24 7 1
split_gain=14.7274 10.6164 10.0585 10.6244 14.5146 12.737 8.69107 7.94789 8.93105 8.70556 15.439 12.8369 10.7651 8.23639
threshold=-0.25496472418308253 0.00058887767954729508 0.16057188808918002 0.00012479259021347391 0.00020615132234524938 8.9470719103701426e-05 -0.18333333730697629 0.18188475817441943 0.75000000000000011 -0.13517150282859799 0.00020247099018888551 0.097987260669469847 0.00030338698707055306 3.7083589631947696e-05
decision_type=8 8 2 8 10 10 10 2 2 2 10 10 10 10
left_child=-1 6 3 5 -5 -3 7 9 -9 13 11 -11 -12 -2
right_child=1 2 -4 4 -6 -7 -8 8 -10 10 12 -13 -14 -15
leaf_value=-0.00355373558515299 -0.0016412998903710375 0.0019025904286776158 0.0051342603113291307 0.0052620290522964706 -0.0005965749949913545 -0.0039801424660882009 -8.0490642534969143e-05 -0.0024404506027839203 0.0012588360055143031 0.0024402765723869554 -0.0015962417726732307 -0.00077040508398198201 0.001870818778385498 0.00064388065351210987
leaf_weight=427.77814412117004 907.46981273591518 274.28403072059155 265.5788184851408 353.2819945961237 302.57949598133564 277.27048653364182 42536.849335968494 654.57095247507095 409.83217111229897 3254.0358099192381 1019.9178193360567 577.77740582823753 527.09853765368462 1953.2465224862099
leaf_count=1715 3657 1103 1072 1424 1220 1114 170511 2644 1654 13135 4121 2332 2133 7886
internal_value=5.82892e-05 8.8593e-05 0.00175134 0.000935706 0.00262151 -0.00109049 4.0691e-05 0.000593707 -0.00101915 0.000804023 0.00127668 0.00195467 -0.000406146 -8.73813e-05
internal_weight=53741.6 53313.8 1472.99 1207.42 655.861 551.555 51840.8 9303.95 1064.4 8239.55 5378.83 3831.81 1547.02 2860.72
internal_count=215721 214006 5933 4861 2644 2217 208073 37562 4298 33264 21721 15467 6254 11543
is_linear=0
shrinkage=0.02


Tree=127
num_leaves=15
num_cat=0
split_feature=0 9 3 13 20 22 13 13 24 4 7 1 20 7
split_gain=21.2289 10.7488 13.0671 9.32718 11.6939 9.91486 9.95961 13.629 11.5114 9.52127 9.22219 9.9974 8.8642 9.69142
threshold=0.083616543561220183 0.00016583503020228821 0.00015736988279968503 0.00011193597674719059 -0.084555573761463151 -0.048127979040145867 8.4229232015786706e-05 8.2087590271839886e-05 -0.25496472418308253 0.75000000000000011 9.9668253824347644e-05 2.4701406800886619e-05 -0.1502457186579704 0.00020478120859479534
decision_type=2 10 10 8 2 2 10 10 10 2 10 10 2 10
left_child=3 -2 -3 4 5 6 7 8 -1 -8 -10 -12 -7 -14
right_child=1 2 -4 -5 -6 12 9 -9 10 -11 11 -13 13 -15
leaf_value=-0.0040506280812387359 0.0040611001458326522 -0.00060028280601667891 0.003800829184884078 0.00041251893880937709 1.4821176726038501e-05 -0.0035283688013600279 -0.0028798994955598874 0.0041639030881642078 0.0013232907381429788 -0.00050140576778339265 -0.002953571646144325 -0.00015788789021550299 0.00015436997309585253 -0.0029735841927712226
leaf_weight=283.19971415400505 678.86986742913723 779.7511111497879 389.15266695618629 12024.783740252256 26896.201882481575 818.12691546976566 1110.5703812688589 272.99335511028767 1477.8096102774143 1690.5072152763605 550.24319209158421 5007.3528725653887 1077.5456910431385 604.92903719842434
leaf_count=1134 2792 3191 1600 48225 107847 3284 4456 1095 5937 6775 2210 20111 4322 2425
internal_value=3.1793e-07 0.00209513 0.00090423 -7.51656e-05 -0.000222682 -0.000717385 -0.000443471 -6.62316e-05 -0.000234939 -0.00145816 -7.02971e-05 -0.00044428 -0.00184324 -0.000991998
internal_weight=53662 1847.77 1168.9 51814.3 39789.5 12893.3 10392.7 7591.6 7318.61 2801.08 7035.41 5557.6 2500.6 1682.47
internal_count=215404 7583 4791 207821 159596 51749 41718 30487 29392 11231 28258 22321 10031 6747
is_linear=0
shrinkage=0.02


Tree=128
num_leaves=15
num_cat=0
split_feature=0 24 2 0 24 19 21 20 16 17 19 28 28 13
split_gain=18.6438 9.69518 15.675 8.22777 7.17054 8.10866 8.91843 6.99607 8.91034 12.8709 7.24046 7.07871 6.99271 11.8741
threshold=0.053288420662283904 0.086690936237573638 0.58333334326744091 0.083616543561220183 -0.15812543779611585 -0.19429728388786313 -0.20698968321084973 -0.11709902435541152 -0.26596702635288233 -0.38193428516387934 -0.40508700907230372 2.2915340415138878e-12 7.9026143810258253e-13 6.3565687014488517e-05
decision_type=2 10 2 2 10 2 2 2 2 2 2 2 2 10
left_child=-1 2 3 4 -2 6 -6 8 9 10 -4 -9 -3 -14
right_child=1 12 7 -5 5 -7 -8 11 -10 -11 -12 -13 13 -15
leaf_value=-0.00018896491080967165 -0.0013078098645177567 -0.0016845291599735216 0.0011624950254635249 0.0043799871300127967 0.0013781662500926628 0.0012191774635086402 0.0066377117012501874 0.00065969129875940449 -0.001812870053003478 0.003988378240641766 -0.003076502059767873 0.0034568522158064659 0.0028557953446932192 -0.001127772442356882
leaf_weight=44072.007130295038 258.70689006149769 936.46608808636665 329.96402533352375 612.87867194414139 257.17734426259995 1165.2805399596691 268.28507225215435 2655.2064353078604 972.58516724407673 324.77110750973225 281.30482967197895 402.23932002484798 509.13617464900017 671.53052346408367
leaf_count=176593 1045 3772 1337 2537 1045 4709 1088 10708 3927 1311 1136 1635 2070 2713
internal_value=-1.45849e-05 0.000780928 0.00111654 0.00238084 0.00171425 0.00218655 0.00420845 0.000457263 -0.000489719 0.000894256 -0.000823949 0.00104776 -0.000411757 0.000609008
internal_weight=53717.5 9645.53 7528.4 2562.33 1949.45 1690.74 525.462 4966.07 1908.63 936.04 611.269 3057.45 2117.13 1180.67
internal_count=215626 39033 30478 10424 7887 6842 2133 20054 7711 3784 2473 12343 8555 4783
is_linear=0
shrinkage=0.02


Tree=129
num_leaves=15
num_cat=0
split_feature=24 23 23 9 2 17 19 19 24 11 9 9 28 19
split_gain=10.3544 12.0994 13.2158 10.4263 8.88418 13.5176 8.76731 8.1289 9.02393 8.05525 11.6865 5.20294 10.2295 12.2158
threshold=-0.25496472418308253 -0.33430701494216913 -0.29019676148891443 0.0010840049362741413 0.41666667163372045 -0.18650252372026441 -0.2959971278905868 0.44077871739864355 -0.11708845570683478 0.00034109734406229114 0.00013858067541150379 0.00058696302585303794 5.344619061556367e-13 -0.012278646696358917
decision_type=8 2 2 8 2 2 2 2 10 8 10 10 2 2
left_child=-1 9 6 4 5 -4 -3 8 -7 10 -2 -6 -13 -14
right_child=1 2 3 -5 11 7 -8 -9 -10 -11 -12 12 13 -15
leaf_value=-0.0030176893896008338 -0.00013780650610549581 -0.0045213271732621654 0.0025883734727228532 0.0031498473183406025 -2.2714491283298863e-05 0.0031643637084303182 -0.00036722384583466031 0.0030529036682592054 -0.00058676194807220797 -0.00056232205626211907 0.0048915404066316968 -0.0028356546300417262 0.0020059662138931116 -0.0017625815824882539
leaf_weight=426.03597202897072 281.67275014519691 403.7577064037323 1274.6246787458658 407.12215250730515 44464.142465427518 265.67245599627495 397.88263243436813 323.9421621710062 2500.1393976360559 321.5160107165575 511.52164171636105 772.26860876381397 636.32429991662502 703.15815100073814
leaf_count=1708 1140 1627 5142 1643 178374 1071 1601 1307 10056 1300 2071 3097 2556 2825
internal_value=1.68956e-05 4.22917e-05 -2.16384e-06 3.80887e-05 1.19926e-05 0.000872699 -0.00251862 0.000152833 -0.000206313 0.00208542 0.0031461 -6.89995e-05 -0.0010342 3.08493e-05
internal_weight=53689.8 53263.7 52149 51347.4 50940.3 4364.38 801.64 3089.75 2765.81 1114.71 793.194 46575.9 2111.75 1339.48
internal_count=215518 213810 209299 206071 204428 17576 3228 12434 11127 4511 3211 186852 8478 5381
is_linear=0
shrinkage=0.02


Tree=130
num_leaves=15
num_cat=0
split_feature=0 27 13 27 13 29 25 27 13 27 25 29 29 22
split_gain=13.4207 10.0838 9.56959 7.68221 8.60444 11.8981 16.0325 10.2162 7.41094 8.95509 9.85531 9.01006 7.70595 17.4298
threshold=0.078768830746412291 0.083333335816860213 8.4625811723526581e-05 -9.1593399531575395e-16 3.5722239772439941e-05 7.7890076116346473e-13 0.097650941461324706 -0.26388889551162714 2.6147035896428864e-05 -0.34333333373069758 0.018652595579624179 2.4668688044984099e-13 3.7054806109344118e-13 0.13189949095249179
decision_type=2 8 10 10 8 2 10 10 10 10 10 2 2 2
left_child=1 8 -3 4 -2 -6 7 -7 -1 10 -10 -11 13 -13
right_child=3 2 -4 -5 5 6 -8 -9 9 11 -12 12 -14 -15
leaf_value=0.0020487150844802214 -0.0013225018456937089 0.0046821075510607244 0.00057327540867832517 -0.0016469507175455006 0.0049846213241185799 0.0035204806534739779 0.0050376207815298101 -0.00089342629519263326 -0.0039337493448123066 0.0028738216345895002 0.00085872125641046361 -0.001665744997951838 -0.00010847193276471464 0.0029313136795430152
leaf_weight=581.79544274508953 297.04217691719532 300.86628548800945 796.5906818062067 281.37728311121464 465.51789182424545 255.12093865871429 335.2905018478632 863.20615833997726 490.55800944566727 370.88163062930107 249.23846413195133 2784.3102541416883 45345.693082645535 355.43658471107483
leaf_count=2338 1219 1208 3199 1133 1901 1066 1376 3536 1979 1490 1005 11156 181825 1424
internal_value=-4.58868e-05 -0.000115842 0.00176334 0.00137982 0.00177541 0.0022636 0.00133637 0.000157669 -0.000157629 -0.000184326 -0.00233906 -0.000150754 -0.000175066 -0.00113007
internal_weight=53772.9 51275.4 1097.46 2497.55 2216.18 1919.14 1453.62 1118.33 50177.9 49596.1 739.796 48856.3 48485.4 3139.75
internal_count=215855 205624 4407 10231 9098 7879 5978 4602 201217 198879 2984 195895 194405 12580
is_linear=0
shrinkage=0.02


Tree=131
num_leaves=15
num_cat=0
split_feature=0 2 27 23 9 13 23 11 28 23 13 28 5 11
split_gain=17.899 13.2045 9.68038 12.002 9.51966 11.9142 12.0717 8.43836 8.64758 9.83873 8.33606 10.3043 10.4381 9.23909
threshold=0.053288420662283904 0.41666667163372045 0.026666667312383655 0.066608168184757247 0.00033823505509644752 9.2793798103230088e-05 -0.0046143713407218448 0.00032202200964093214 2.6870735183367333e-13 -0.08728530257940291 5.9997337302775129e-05 4.0673867540089869e-13 0.00021413531067082661 0.00040541049384046351
decision_type=2 2 8 2 10 8 2 8 2 2 10 2 10 10
left_child=2 -2 3 4 5 7 -7 8 9 -1 13 -12 -13 -9
right_child=1 -3 -4 -5 -6 6 -8 10 -10 -11 11 12 -14 -15
leaf_value=-0.00026320068548104118 0.0027833323837308565 0.00054624256685764042 0.00063900359595057163 -0.00089284370036179866 -0.00070434405624892216 0.00034041658237578552 0.0022157551836739114 -0.001006921157466714 -1.6619338121666044e-06 0.0050950824624802198 -0.0041617730969448893 -0.0015116095781952707 0.0020193206065531066 0.0024018202565941082
leaf_weight=255.87599425017834 1189.7571462243795 8422.2947347760201 5768.9856130182743 8653.8864302486181 6773.2617769539356 5411.3733103573322 1824.3062932789326 736.01219783723354 10843.636643841863 270.64316520094872 467.35742473602295 2142.4711841493845 378.35311163961887 529.98943214118481
leaf_count=1027 4851 34055 23111 34668 27144 21676 7304 2951 43470 1085 1871 8581 1516 2124
internal_value=4.73355e-05 0.000828349 -0.000123362 -0.000238507 -4.69458e-05 0.000148282 0.000818043 -0.000162536 0.000122051 0.00257674 -0.000920164 -0.00149349 -0.000969925 0.000435249
internal_weight=53668.2 9612.05 44056.2 38287.2 29633.3 22860 7235.68 15624.3 11370.2 526.519 4254.18 2988.18 2520.82 1266
internal_count=215434 38906 176528 153417 118749 91605 28980 62625 45582 2112 17043 11968 10097 5075
is_linear=0
shrinkage=0.02


Tree=132
num_leaves=15
num_cat=0
split_feature=0 20 0 23 1 2 2 5 5 24 18 20 19 0
split_gain=18.2621 13.9972 8.90491 10.975 9.87891 10.662 7.53748 8.11941 11.7411 7.22442 9.91719 9.4914 14.6321 11.0618
threshold=0.070678327232599272 0.22349958866834643 0.018045843578875068 -0.28190270066261286 2.937115095846821e-05 0.75000000000000011 0.75000000000000011 0.00012471506488509479 9.0882287622662275e-05 -0.042748358100652688 0.28108148276805883 -0.086429174989461885 -0.063141744583845125 0.040201446041464813
decision_type=2 2 2 2 10 2 2 8 10 10 2 2 2 2
left_child=2 6 3 -1 5 -4 7 8 -2 11 -11 12 13 -6
right_child=1 -3 4 -5 9 -7 -8 -9 -10 10 -12 -13 -14 -15
leaf_value=-0.0032364641161437041 0.0028607123782913601 -0.0014629498258405564 2.1830208085998596e-05 -0.00035200143498197335 0.0017006801035568621 -0.0020423403799099999 0.00047695146184043697 0.0036978481616336558 -0.0012383911677207623 -0.00019677559152313015 0.001141805132744568 0.001414837620092146 -0.0016564179593074868 -0.00030072763896919367
leaf_weight=523.89422118663788 693.16599942743778 600.65079790353775 2555.2893659472466 18159.812175810337 2225.5717976391315 1625.0651769638062 1138.1274428367615 1100.0370862483978 444.73841668665409 14497.774623706937 2592.2694038897753 4132.531474724412 1339.2535214573145 2163.9913440197706
leaf_count=2100 2840 2438 10261 72686 8929 6514 4617 4509 1820 58145 10407 16591 5375 8703
internal_value=1.29973e-05 0.00131377 -9.13274e-05 -0.000436257 0.000115829 -0.000786496 0.00181349 0.00248295 0.0012649 0.000256266 7.36169e-06 0.000686736 0.000158419 0.000717126
internal_weight=53792.2 3976.72 49815.5 18683.7 31131.7 4180.35 3376.07 2237.94 1137.9 26951.4 17090 9861.35 5728.82 4389.56
internal_count=215935 16224 199711 74786 124925 16775 13786 9169 4660 108150 68552 39598 23007 17632
is_linear=0
shrinkage=0.02


Tree=133
num_leaves=15
num_cat=0
split_feature=24 29 25 21 28 29 22 26 28 24 2 3 26 25
split_gain=13.7053 13.5897 13.5799 11.4586 11.2821 9.01153 7.20442 6.60427 10.5068 10.9774 9.09231 8.50857 8.80031 7.0272
threshold=-0.17711907625198361 4.1256314499676238e-13 -0.14608979225158689 -0.086938768625259386 2.3853809552609743e-12 2.4668688044984099e-13 -0.30993221700191492 -0.18333333730697629 4.6835845206490155e-13 0.069960348308086409 0.58333334326744091 8.258387970272453e-05 -0.3299999982118606 -0.018378993496298787
decision_type=8 2 10 2 2 2 2 10 2 10 2 8 10 10
left_child=1 -1 4 6 -2 -4 -3 8 9 -7 11 12 -10 -12
right_child=2 3 5 -5 -6 7 -8 -9 10 -11 13 -13 -14 -15
leaf_value=0.0025581713858650757 0.00070862794603517921 -0.0035345532999597031 0.0030402287054506916 -0.0047041585205164658 0.003801308686941297 0.0031808961801456253 -0.00043614352416777456 -0.00019781745875223822 -0.0028408428396376785 -0.0014262044795430699 -0.0016062674192864747 0.0019907203757720589 0.00080234071950512911 0.00025171175007550946
leaf_weight=269.27794666588306 3742.6241882741451 384.47157199680805 349.19333766400814 489.28530833125114 522.79127666354179 917.03562878072262 1192.1564662307501 39621.511260792613 350.6414056122303 252.7687831223011 1470.9900287687778 1469.9491701722145 913.41412922739983 1783.8232614248991
leaf_count=1081 15063 1545 1404 1968 2123 3689 4795 158816 1419 1017 5928 5962 3690 7189
internal_value=-4.26235e-05 -0.0015345 2.57324e-05 -0.00208736 0.00110365 -7.22511e-05 -0.00122652 -9.67738e-05 0.000461475 0.00217816 0.000120018 0.000966612 -0.000236764 -0.00059267
internal_weight=53729.9 2335.19 51394.7 2065.91 4265.42 47129.3 1576.63 46780.1 7158.62 1169.8 5988.82 2734 1264.06 3254.81
internal_count=215689 9389 206300 8308 17186 189114 6340 187710 28894 4706 24188 11071 5109 13117
is_linear=0
shrinkage=0.02


Tree=134
num_leaves=15
num_cat=0
split_feature=0 24 26 25 3 24 16 20 1 25 24 1 24 25
split_gain=12.6412 8.01775 7.89097 6.01967 8.89232 5.66454 8.97261 9.34196 8.76316 8.39125 10.8089 21.4409 8.24055 9.92005
threshold=0.093335133045911803 -0.25496472418308253 -0.093333333730697618 -0.27415312826633448 0.00010174798444495538 -0.17711907625198361 0.064558826386928572 -0.10715701803565024 4.2483528886805295e-05 -0.13253248482942578 -0.096945758908987031 6.063274304324296e-05 -0.12481387704610823 -0.063928481191396699
decision_type=2 8 10 10 10 10 2 2 10 10 10 10 10 10
left_child=1 -1 -2 4 -3 6 7 8 -5 10 -7 -12 -11 -14
right_child=2 3 -4 5 -6 9 -8 -9 -10 12 11 -13 13 -15
leaf_value=-0.002808280201398759 0.0033066634297077907 0.0040262350421110225 -0.00044621124122095349 -0.0035706408679461944 -0.00086046273812219313 9.3215251589059547e-06 0.0019123661557703786 -0.0051293174952436781 0.00020761610486299214 0.0012923470169869176 0.003836651842794568 -0.00045787639107364392 -0.00082033994846987643 -3.5086562634595552e-05
leaf_weight=406.38819482922554 702.10001900792122 325.97382938861847 318.6730422526598 345.62855602800846 251.13402046263218 3050.7879059016705 283.34397855401039 266.06139329075813 741.54027020931244 1563.844294667244 1029.6823985427618 827.96025913953781 7826.1480370610952 35793.02980427444
leaf_count=1628 2918 1318 1294 1388 1017 12256 1138 1069 2980 6282 4143 3335 31398 143535
internal_value=-3.37529e-05 -7.68216e-05 0.002149 -5.45341e-05 0.00194215 -7.75522e-05 -0.00122821 -0.00190407 -0.00103636 -3.94832e-05 0.000744178 0.00193807 -0.000124907 -0.000176288
internal_weight=53732.3 52711.5 1020.77 52305.1 577.108 51728 1636.57 1353.23 1087.17 50091.5 4908.43 1857.64 45183 43619.2
internal_count=215699 211487 4212 209859 2335 207524 6575 5437 4368 200949 19734 7478 181215 174933
is_linear=0
shrinkage=0.02


Tree=135
num_leaves=15
num_cat=0
split_feature=0 29 30 23 18 0 23 26 11 27 13 13 11 11
split_gain=12.2738 10.4107 10.3146 10.3828 12.0656 10.1441 9.46647 10.4782 10.0105 7.58613 7.424 13.7836 22.2042 12.0901
threshold=0.016324999742209915 2.4668688044984099e-13 0.4498033225536347 -0.29019676148891443 -0.20741995424032209 0.10226704180240632 -0.33430701494216913 -0.19666666537523267 0.0015195864834822716 -0.29888889193534846 0.00030839623650535947 0.00016234647773671898 0.00028436158027034258 0.0005082850402686746
decision_type=2 2 2 2 2 2 2 8 10 8 10 8 10 8
left_child=2 -2 3 -1 -5 6 7 9 10 -3 11 13 -13 -8
right_child=1 5 -4 4 -6 -7 8 -9 -10 -11 -12 12 -14 -15
leaf_value=-0.003781100060061748 0.0037139468949027111 0.00076642256099788237 0.0016745213827387604 0.00067670061656694206 -0.00077420983493794559 0.0026780183060509718 0.00010413423635504067 -0.0010235036829276457 0.003600904387480528 0.0052005936614966585 -0.0029405542652039224 -0.0036528644090689667 0.002561327601329389 -0.00094019798107717613
leaf_weight=380.70847617089748 307.2897170484066 265.31163561344147 820.08178509771824 2768.4629063904285 12953.425101593137 594.8356210142374 27186.651748552918 295.38596503436565 291.78369081020355 377.38178737461567 319.80822551250458 249.82352508604527 1608.5789697617292 5277.6962026357651
leaf_count=1526 1239 1078 3284 11085 51841 2464 109217 1189 1178 1528 1286 1003 6468 21174
internal_value=-4.24366e-05 0.000162687 -0.000487856 -0.000599923 -0.000518184 0.000130743 8.70358e-05 0.00204836 3.32272e-05 0.00344849 1.11739e-06 3.02234e-05 0.00169596 -6.61161e-05
internal_weight=53697.2 36774.5 16922.7 16102.6 15721.9 36467.3 35872.4 938.079 34934.3 642.693 34642.6 34322.8 1858.4 32464.3
internal_count=215560 147824 67736 64452 62926 146585 144121 3795 140326 2606 139148 137862 7471 130391
is_linear=0
shrinkage=0.02


Tree=136
num_leaves=15
num_cat=0
split_feature=9 2 19 9 24 9 24 11 27 27 21 18 2 3
split_gain=6.88429 5.52785 7.39901 5.05211 10.365 7.94694 7.50765 10.2928 15.0394 9.36331 8.35115 10.1236 8.89312 9.79335
threshold=0.0010840049362741413 0.25000000745058065 0.067623123526573195 0.00034076666634064173 0.15956635773181918 0.00034614230389706796 0.10531461238861085 0.00058473082026466738 -0.016666667070239779 0.072222225368022933 0.28453835844993597 0.33258706331253057 0.58333334326744091 0.00018581253243610266
decision_type=8 2 2 10 10 10 10 8 10 8 2 2 2 10
left_child=1 2 -1 6 5 -5 7 10 -9 -8 12 -12 -3 -14
right_child=-2 3 -4 4 -6 -7 9 8 -10 -11 11 -13 13 -15
leaf_value=0.0032692601071051819 0.0024755306462094732 0.00086187103436011225 -0.00079302000737480494 -0.00320557915921183 0.0023797501088971764 -0.00042255606553370074 -0.00089188391239957061 0.00027804293551057308 -0.0034403833150451657 0.0021527727152935269 -0.0026068966584229278 0.00097239727940152368 -8.6581211827656781e-06 0.0014272153667771693
leaf_weight=440.72565826773643 429.53398931026459 8680.8570835590363 282.94314396381378 407.58566033840179 492.51057563722134 10671.838472515345 4786.894181266427 1012.0896652638912 739.56241136789322 422.1472404897213 836.87151758372784 487.33307458460331 21970.401960641146 2059.8712131381035
leaf_count=1781 1735 34927 1142 1635 1979 42819 19220 4060 2962 1693 3366 1959 88113 8268
internal_value=1.08844e-05 -9.90201e-06 0.00170236 -3.41121e-05 -0.000402773 -0.000530529 7.00953e-05 0.00017344 -0.00131302 -0.000637851 0.000250668 -0.00129478 0.000313984 0.000115509
internal_weight=53721.2 53291.6 723.669 52568 11571.9 11079.4 40996 35787 1751.65 5209.04 34035.3 1324.2 32711.1 24030.3
internal_count=215659 213924 2923 211001 46433 44454 164568 143655 7022 20913 136633 5325 131308 96381
is_linear=0
shrinkage=0.02


Tree=137
num_leaves=15
num_cat=0
split_feature=24 5 13 15 13 16 16 27 22 24 2 22 22 11
split_gain=10.1629 6.50856 7.51244 5.69929 8.55986 10.3028 9.19936 5.86981 7.15049 9.53365 5.70166 7.19049 5.59674 5.56032
threshold=-0.25496472418308253 0.00047554523916915065 9.0437632024986683e-05 -0.65519982576370228 3.3761803933884955e-05 -0.0046075829304754725 -0.16129826009273526 -0.13666667044162747 0.042637944221496589 0.039370294660329826 0.25000000745058065 0.018898452632129196 -0.0080345477908849699 0.00027793493063654756
decision_type=10 8 10 2 10 2 2 10 2 10 2 2 2 8
left_child=-1 3 -3 4 -2 6 7 13 9 -9 11 -5 -8 -6
right_child=1 2 -4 10 5 -7 12 8 -10 -11 -12 -13 -14 -15
leaf_value=-0.0029628775128662543 -0.002126487606949631 0.0043634034706988966 0.00057606639890747245 0.0038865835195313154 0.00069615503090096826 -0.0011655186645669444 0.0013654139868805493 0.0001236024456790866 -0.0020345764331791442 0.0039810177381124348 -6.6873682675063948e-05 -0.0004803445826649836 0.0043443069668167439 0.0031985250687621104
leaf_weight=425.52028603851795 417.04994761943817 270.38111874461174 780.16297985613346 308.70055006444454 912.63688817620277 919.53416076302528 571.16301035881042 2042.9784351587296 476.32917927205563 273.28681614995003 45050.364677712321 271.41815645992756 474.61805802583694 577.67900501191616
leaf_count=1706 1681 1092 3149 1248 3689 3697 2295 8194 1909 1095 180776 1094 1905 2334
internal_value=4.52992e-05 7.03955e-05 0.00161413 3.87789e-05 0.000584154 0.000771289 0.00110862 0.000691091 0.00014675 0.000608907 -4.11054e-05 0.00189553 0.00277351 0.00169564
internal_weight=53771.8 53346.3 1050.54 52295.8 6665.28 6248.23 5328.69 4282.91 2792.59 2316.27 45630.5 580.119 1045.78 1490.32
internal_count=215864 214158 4241 209917 26799 25118 21421 17221 11198 9289 183118 2342 4200 6023
is_linear=0
shrinkage=0.02


Tree=138
num_leaves=15
num_cat=0
split_feature=3 28 23 6 14 29 11 22 9 11 11 28 7 20
split_gain=6.93059 6.93914 11.2082 11.1467 11.7732 10.7622 10.6155 10.3622 10.1455 9.77335 14.9627 10.589 11.9361 9.81148
threshold=2.6435709514771592e-05 6.5990664538731491e-13 -0.17083650082349774 0.58333334326744091 -0.37097580730915064 9.123664280671908e-13 0.00027028004114981746 -0.18421088159084317 0.00022691422054776925 0.00022635493951383981 0.00032375223236158496 4.1516666677860614e-13 0.00021192459826124835 0.23729889094829562
decision_type=10 2 2 2 2 2 8 2 10 10 10 2 10 2
left_child=-1 3 5 4 -2 8 7 -7 -3 -5 13 12 -12 -11
right_child=1 2 -4 9 -6 6 -8 -9 -10 10 11 -13 -14 -15
leaf_value=0.0017417535824028425 0.00055387706497781331 0.001018175913323268 2.3075819678573901e-06 -0.00075923413426124255 -0.0017251725384363884 -0.0002004123971122335 -0.00068865061299399634 0.0034123957064423889 0.0043998531085931002 0.00083062194197151829 -0.00081004288419020453 -0.00068297003706303382 0.0016185147449208092 0.0043437592419987734
leaf_weight=862.74753175675869 1204.0567379593849 830.92272946238518 22111.156957551837 6096.9761809557676 3553.1034591645002 583.44469884037971 1588.4561217874289 671.35948991775513 621.31613790988922 4798.0399788171053 1310.7893149107695 7153.4985049813986 2056.6782592684031 322.56385712325573
leaf_count=3469 4832 3343 88846 24442 14250 2356 6406 2719 2497 19230 5251 28662 8243 1293
internal_value=-1.57915e-05 -4.51015e-05 0.000184274 -0.000273673 -0.00114843 0.0011166 0.000394861 0.00175576 0.00250509 -8.13648e-05 0.000183496 -0.000248189 0.000673996 0.00106796
internal_weight=53765.1 52902.4 26406.7 26495.7 4757.16 4295.5 2843.26 1254.8 1452.24 21738.5 15641.6 10521 3367.47 5120.6
internal_count=215839 212370 106167 106203 19082 17321 11481 5075 5840 87121 62679 42156 13494 20523
is_linear=0
shrinkage=0.02


Tree=139
num_leaves=15
num_cat=0
split_feature=0 28 0 7 9 21 21 2 7 29 28 9 29 29
split_gain=21.3697 10.1216 9.84855 7.25681 17.4817 7.72594 10.2116 10.5085 9.1271 8.82332 9.45179 9.10764 9.59587 7.78884
threshold=0.02734616864472628 1.9841560442183592e-13 0.10855389758944513 0.00058887767954729508 0.00054805076797492813 0.21746411919593814 -0.20698968321084973 0.91666665673255932 0.00034791979123838251 3.7054806109344118e-13 3.4569076117277336e-13 0.00027293826860841369 5.6940541691419276e-13 5.0211972166952511e-13
decision_type=2 2 2 8 10 2 2 2 10 2 2 10 2 2
left_child=-1 -2 3 4 5 6 7 8 -3 -8 -11 12 -12 -7
right_child=1 2 -4 -5 -6 13 9 -9 -10 10 11 -13 -14 -15
leaf_value=-0.00042286217040745971 0.0039423368076300438 0.0003938415810682742 0.003378178441405514 0.0021869620793816026 -0.0023377832510443155 -0.002558401703936859 -0.0010261680041082468 -0.0024342383372955032 -0.0034371530546759349 0.0031473555090080945 -0.00055817235406650898 0.0014268103935205576 0.0007625487407255351 -8.3896956300031565e-05
leaf_weight=27288.870134785771 294.37875717878342 3016.9583732783794 397.68877594172955 755.77394956350327 1003.6469075530767 628.37110005319118 1113.1876711845398 813.99962230026722 250.95700992643833 640.93111796677113 3113.8460175991058 4733.7036119401455 7386.2999654263258 2370.6337328702211
leaf_count=109243 1191 12185 1652 3055 4034 2523 4470 3270 1013 2574 12493 19022 29745 9545
internal_value=-3.01005e-05 0.000374056 0.00033103 0.000281534 0.000222401 0.00033101 0.000466244 -0.000430383 8.05251e-05 0.00068194 0.000802858 0.000700221 0.000370569 -0.000615885
internal_weight=53809.2 26520.4 26226 25828.3 25072.5 24068.9 21069.9 4081.92 3267.92 16988 15874.8 15233.8 10500.1 2999
internal_count=216015 106772 105581 103929 100874 96840 84772 16468 13198 68304 63834 61260 42238 12068
is_linear=0
shrinkage=0.02


Tree=140
num_leaves=15
num_cat=0
split_feature=0 0 25 13 3 3 13 29 3 18 3 4 15 25
split_gain=16.8901 8.61142 9.28438 8.56724 7.36885 6.9963 7.22607 9.72671 10.7538 9.59696 8.21579 6.8525 8.11058 6.92152
threshold=0.066369172185659422 0.0068506477400660524 -0.030562004074454304 0.00027394181233830755 0.00019166617857990789 2.6435709514771592e-05 0.00011343209189362825 4.2272725576074371e-13 9.1619622253347202e-05 -0.011792832519859074 0.00031191903690341865 0.75000000000000011 -0.32352481782436365 -0.13046605139970777
decision_type=2 2 10 10 10 10 8 2 10 2 10 2 2 10
left_child=1 2 -1 5 -5 -3 -7 8 -8 -10 11 12 -9 -13
right_child=-2 3 -4 4 -6 6 7 10 9 -11 -12 13 -14 -15
leaf_value=-0.0016459273180646969 0.0010654761462279853 0.0020389023186678196 -0.00019175234043567255 -0.0048341850296977846 -0.00054169306926804539 -0.00017920823919370581 0.0051637447504099725 0.0026657074612365635 0.0028962544605877663 -0.00083868841706110189 0.0026509274476266133 0.0019131607831671838 0.00012576351896081807 -0.00075447797635895596
leaf_weight=2960.5333390533924 4994.5624041557312 638.97065833210945 4290.367601364851 250.53585070371628 405.78170315921307 31535.104001179338 310.04979455471039 673.11172044277191 520.82961809635162 546.17105148732662 480.75412294268608 413.12180517613888 1840.1165405511856 3869.3299453109503
leaf_count=11850 20342 2564 17170 1004 1632 126435 1242 2701 2088 2189 1936 1658 7379 15508
internal_value=-3.98165e-05 -0.000153482 -0.000788384 -4.21826e-05 -0.00227476 -5.19682e-06 -3.86946e-05 0.000472599 0.00200124 0.00100418 0.000178614 -3.55273e-06 0.000821706 -0.000489438
internal_weight=53729.3 48734.8 7250.9 41483.9 656.318 40827.6 40188.6 8653.48 1377.05 1067 7276.43 6795.68 2513.23 4282.45
internal_count=215698 195356 29020 166336 2636 163700 161136 34701 5519 4277 29182 27246 10080 17166
is_linear=0
shrinkage=0.02


Tree=141
num_leaves=15
num_cat=0
split_feature=0 8 28 5 27 28 27 13 7 7 5 24 24 27
split_gain=12.5283 9.97218 12.0652 10.6034 9.01286 8.16718 7.04776 6.67701 10.959 7.60163 6.67036 6.63958 8.07714 6.85182
threshold=0.04467704892158509 0.91666665673255932 8.2933028391733731e-13 0.00030971340311225509 -0.34333333373069758 2.0889723327879865e-12 0.026666667312383655 0.00011343209189362825 0.00021702372032450515 0.00029117111989762639 0.00013832260447088632 -0.19902562350034711 -0.057761315256357186 -0.24333333224058148
decision_type=2 2 2 10 8 2 10 10 8 10 10 10 10 8
left_child=4 2 -2 5 -1 7 -4 9 -9 10 -3 -6 13 -13
right_child=1 3 6 -5 11 -7 -8 8 -10 -11 -12 12 -14 -15
leaf_value=-0.0026009941317044877 0.00018301631200091332 -0.00121410446289595 0.0017247595451282906 0.0032533363470527844 -0.0019345277850358537 -0.0034245359341384578 -0.0012820380404814447 -0.0011822653404741075 0.0036310179475952087 -0.00394282727149654 0.0012400648413937658 0.0024508757080668056 -0.00023569986494362925 0.00028732427121659057
leaf_weight=563.53265082836151 5170.1590300947428 1328.0572208315134 4987.3277559131384 280.61284728348255 750.92544238269329 361.43296042084694 318.47791165113449 349.93511685729027 373.63086327910423 259.25626365840435 641.05955411493778 603.90888287127018 28048.864654168487 9693.6441151499748
leaf_count=2265 20829 5341 20257 1135 3009 1460 1281 1406 1503 1041 2577 2428 112330 38846
internal_value=4.82448e-05 0.000560547 0.00087199 -0.000347069 -0.000133689 -0.000669681 0.00154014 -0.000311603 0.001334 -0.000853055 -0.000410698 -9.68142e-05 -5.98372e-05 0.000418713
internal_weight=53730.8 14069.9 10476 3593.98 39660.9 3313.37 5305.81 2951.94 723.566 2228.37 1969.12 39097.3 38346.4 10297.6
internal_count=215708 56830 42367 14463 158878 13328 21538 11868 2909 8959 7918 156613 153604 41274
is_linear=0
shrinkage=0.02


Tree=142
num_leaves=15
num_cat=0
split_feature=2 11 11 9 19 8 11 15 7 21 27 20 7 11
split_gain=8.34677 13.0248 14.529 10.0348 9.06394 14.583 8.35114 8.27195 7.42935 7.64457 7.13308 8.59153 6.69475 6.64509
threshold=0.75000000000000011 0.00022635493951383981 0.00023334800062002617 0.00019174901535734537 -0.31694689393043513 0.58333334326744091 0.00032758052111603325 -0.55179059505462635 7.2549031756352647e-05 -0.20698968321084973 -0.19444444030523297 -0.19157031178474423 0.00015660710778320211 0.00035978444793727254
decision_type=2 8 10 10 2 2 8 2 10 2 10 2 10 10
left_child=4 3 -3 7 5 6 -1 -2 -9 -10 12 -12 -7 -6
right_child=1 2 -4 -5 13 10 -8 8 9 -11 11 -13 -14 -15
leaf_value=0.00029427570371760181 -0.0021406250416996543 0.0033358797741373904 -8.1310529650371053e-05 -0.0021160282515830784 0.0003476975223778723 0.0016889301190151642 -0.0038699458274768033 -0.0022469347534578611 -0.0023232511467778205 0.00068463377967309998 -0.00033215634889509653 0.0025014645558437826 0.005194286864902432 -0.00035602968946869124
leaf_weight=593.48244282603264 924.33430050313473 490.84308867156506 19305.964557528496 2189.6448569446802 15603.235136881471 498.53170724213123 263.43698029220104 503.81863716244698 364.557028606534 2786.2721628546715 812.25238564610481 875.05631445348263 412.66258831322193 8157.1536867171526
leaf_count=2401 3709 1968 77392 8778 62717 2019 1065 2021 1464 11170 3267 3520 1676 32744
internal_value=-4.35324e-07 -0.000252528 6.69667e-06 -0.00100849 0.000245638 0.00119965 -0.00104497 -0.000471975 -4.05862e-05 0.000324157 0.0019422 0.00114948 0.00335391 0.000106005
internal_weight=53781.2 26565.4 19796.8 6768.63 27215.8 3455.42 856.919 4578.98 3654.65 3150.83 2598.5 1687.31 911.194 23760.4
internal_count=215911 106502 79360 27142 109409 13948 3466 18364 14655 12634 10482 6787 3695 95461
is_linear=0
shrinkage=0.02


Tree=143
num_leaves=15
num_cat=0
split_feature=19 24 17 9 20 12 3 8 3 19 20 24 19 23
split_gain=8.45508 10.7682 8.29921 7.02055 8.30486 6.70464 7.92422 6.12271 5.69893 6.01914 10.039 7.80995 24.4248 7.13734
threshold=0.41861705482006079 0.071226581931114211 0.35444106161594396 0.00094087532488629233 0.014934804290533068 0.75000000000000011 0.00010174798444495538 0.91666665673255932 3.5695435144589289e-05 -0.25582051277160639 -0.049713589251041405 -0.19902562350034711 -0.055497683584690087 0.063236650079488768
decision_type=2 10 2 8 2 2 10 2 10 2 2 10 2 2
left_child=3 2 -2 8 -5 6 -3 -7 -1 10 -10 12 -11 -12
right_child=1 5 -4 4 -6 7 -8 -9 9 11 13 -13 -14 -15
leaf_value=0.00094503170393426823 -0.00041577582896879656 0.00031450398694505042 0.0031783425463460832 -2.125704107884028e-05 0.0044963623909981655 0.0025901192703716635 -0.0043072940373302246 -0.0010445373397811805 2.8629461717990477e-05 0.0010682005674465169 0.0023636064796675941 -0.00016846381004403618 -0.0061522596099067971 -0.0008212568314803476
leaf_weight=2141.8702546060085 331.96502025425434 323.35067869722843 1056.4802137315273 359.64078439772129 277.06171081960201 419.18041163682938 250.35192488133907 305.89003272354603 6703.1778081059456 401.03131863474846 1384.1776631772518 39189.569008111954 323.82132104039192 341.2093853354454
leaf_count=8608 1335 1301 4252 1451 1118 1686 1009 1228 26966 1611 5576 157211 1301 1373
internal_value=2.47118e-05 0.00111395 0.00232532 -3.29576e-05 0.00202166 -0.000196679 -0.00177951 0.00106987 -5.96602e-05 -0.000104546 0.000380509 -0.000207113 -0.00223606 0.00173158
internal_weight=53808.8 2687.22 1388.45 51121.6 636.702 1298.77 573.703 725.07 50484.9 48343 8428.56 39914.4 724.853 1725.39
internal_count=216026 10811 5587 205215 2569 5224 2310 2914 202646 194038 33915 160123 2912 6949
is_linear=0
shrinkage=0.02


Tree=144
num_leaves=15
num_cat=0
split_feature=0 2 24 24 0 3 17 24 1 3 22 22 1 17
split_gain=12.4733 9.11831 11.2562 8.87378 14.4663 7.66828 7.34578 7.07104 6.7812 13.2852 8.93252 8.59887 8.06557 7.87932
threshold=0.061451720073819167 0.58333334326744091 0.064903602004051222 -0.043807718902826302 0.0074436687864363202 0.0001324838449363597 -0.16409739851951596 0.16837365180253985 7.6909582276130109e-05 0.000156222922669258 0.21616266667842868 -0.16393186897039411 1.2635700841201471e-05 -0.51032975316047657
decision_type=2 2 10 10 2 10 2 10 10 10 2 2 10 2
left_child=3 2 -2 4 5 -1 -7 -3 9 11 -10 -5 -13 -14
right_child=1 7 -4 8 -6 6 -8 -9 10 -11 -12 12 13 -15
leaf_value=-0.0019058848434807213 0.0026760975839782495 -1.0710098768725192e-05 -0.00032045357466977287 -0.0027859950253097689 0.00049426111639233865 -0.0018488478948475399 0.0018032775156150446 0.0031538445922991761 -0.0009090220979617289 0.0012829488361361609 0.0013932192727740978 -0.0029240563077891496 0.0019573919961241772 -0.00025118338679248447
leaf_weight=1705.4426357746124 1653.3786554038525 3814.2049947530031 710.32924324274063 524.55950759351254 13808.424020513892 343.13538990914822 541.39887472987175 285.00969111919403 9776.7147678732872 2347.9181006848812 706.37899722158909 414.54317469894886 652.7727320343256 16370.746071174741
leaf_count=6826 6765 15448 2893 2103 55398 1374 2167 1152 39187 9408 2835 1662 2619 65569
internal_value=-2.59184e-05 0.000796705 0.00178046 -0.000138866 0.000236767 -0.00112933 0.000376963 0.000223559 -0.000338924 -0.00012543 -0.000751533 -0.000310743 -0.000233178 -0.000164297
internal_weight=53655 6462.92 2363.71 47192 16398.4 2589.98 884.534 4099.21 30793.6 20310.5 10483.1 17962.6 17438.1 17023.5
internal_count=215406 26258 9658 189148 65765 10367 3541 16600 123383 81361 42022 71953 69850 68188
is_linear=0
shrinkage=0.02


Tree=145
num_leaves=15
num_cat=0
split_feature=23 27 22 9 13 1 22 6 7 28 23 13 28 13
split_gain=7.59221 9.79701 15.7844 6.79729 6.24869 5.66356 8.9252 8.46263 6.32456 6.2746 7.76737 11.1713 9.50822 8.74158
threshold=-0.35046379268169398 -0.27666667103767389 -0.27484102547168726 0.0010840049362741413 0.00027394181233830755 2.3764247089275162e-05 -0.12891041487455365 0.58333334326744091 0.00012398116814438256 6.2702799766625749e-13 -0.17357365787029264 9.4253657152876271e-05 1.9802556946654785e-12 0.00012938192230649295
decision_type=2 8 2 8 10 10 2 2 10 2 2 10 2 10
left_child=1 -1 -3 4 5 6 8 -8 -2 -7 11 -11 13 -13
right_child=3 2 -4 -5 -6 9 7 -9 -10 10 -12 12 -14 -15
leaf_value=-0.00061521632827398029 -0.00079385683747697276 0.00023058579261442852 0.0065802246797697882 0.0024493058863466282 -0.0018637224174025708 -0.00019970951457274187 -0.0019349413539087794 0.00032925680502940278 -0.0044693703673239667 0.0019222200875606006 0.00012219768494651731 -0.00090210933890687685 -0.0036286610473191573 0.0034017797874292478
leaf_weight=429.50891399383545 381.52932149171829 328.72670915722847 281.71761365234852 421.62279799580574 722.79728601872921 22217.810933291912 882.18490765988827 2446.8895712345839 368.86942327022552 2323.3518163263798 21875.561718195677 535.0378664880991 271.58471108973026 266.86410947144032
leaf_count=1745 1534 1323 1143 1704 2901 89042 3548 9823 1482 9367 87882 2148 1095 1073
internal_value=1.21313e-05 0.00168803 0.00327671 -2.15589e-05 -4.24097e-05 -1.61697e-05 -0.000729409 -0.000278714 -0.00266973 4.53798e-05 0.000260834 0.0011477 -0.000533082 0.000578103
internal_weight=53754.1 1039.95 610.444 52714.1 52292.5 51569.7 4079.47 3329.07 750.399 47490.2 25272.4 3396.84 1073.49 801.902
internal_count=215810 4211 2466 211599 209895 206994 16387 13371 3016 190607 101565 13683 4316 3221
is_linear=0
shrinkage=0.02


Tree=146
num_leaves=15
num_cat=0
split_feature=26 11 2 25 22 14 17 1 25 11 29 11 14 23
split_gain=7.43396 13.1021 9.09784 10.6894 8.24781 8.5073 11.071 9.94117 7.13883 6.55425 8.54316 6.69641 8.48077 6.38741
threshold=-0.18333333730697629 0.00075417611515149485 0.41666667163372045 -0.033813746646046632 0.13652865588665011 -0.71355924010276783 -0.18650252372026441 3.5821221899823292e-05 -0.26008790731430048 0.00032758052111603325 1.7811978021003984e-12 0.00026418863853905355 0.59592238068580639 0.042493680492043502
decision_type=10 8 2 10 2 2 2 10 10 10 2 10 2 2
left_child=1 2 4 8 5 -1 -7 -8 -4 11 -11 12 -5 -10
right_child=-2 -3 3 9 -6 6 7 -9 13 10 -12 -13 -14 -15
leaf_value=-0.00041025968077109082 -0.00016446684393039483 0.0047406520159310747 0.0015478699619286807 0.0013942148738236846 -0.0015268135892417037 0.0052100759060763838 -0.0018210040560463869 0.0030986527434497479 -0.00070269767526929476 -0.0019901383050511361 0.0021450933393698567 0.0032195064398428735 -0.0017568091993106264 -0.0034763319433043188
leaf_weight=383.94682660698891 44140.688935697079 256.32255813479424 485.36550077795982 1706.0395374894142 273.89538848400116 493.4253566712141 249.03378814458847 410.28040990233421 3213.8202718198299 602.2171323299408 275.51367001235485 556.84914790093899 407.84523160755634 353.30903722345829
leaf_count=1557 176972 1041 1966 6880 1108 2003 1006 1667 12968 2423 1116 2247 1648 1426
internal_value=-5.4421e-05 0.000447319 0.000320586 1.57066e-05 0.00158634 0.0021537 0.00300012 0.00124151 -0.000684569 0.000814805 -0.000673246 0.00130522 0.0007755 -0.000995265
internal_weight=53808.6 9667.86 9411.54 7600.96 1810.58 1536.69 1152.74 659.314 4052.49 3548.46 877.731 2670.73 2113.88 3567.13
internal_count=216028 39056 38015 30674 7341 6233 4676 2673 16360 14314 3539 10775 8528 14394
is_linear=0
shrinkage=0.02


Tree=147
num_leaves=15
num_cat=0
split_feature=0 29 7 28 24 2 8 28 9 7 9 9 24 23
split_gain=14.6072 7.46733 14.3782 10.6828 9.73625 11.8729 7.80034 10.0976 10.6458 8.50243 12.8191 7.57 7.5238 7.14036
threshold=0.04467704892158509 6.0089048537284594e-13 0.00023165110178524631 4.5282333926369855e-13 0.096269365400075926 0.58333334326744091 0.91666665673255932 2.2068092795854426e-12 0.00015022706793388355 6.9219728175085051e-05 8.7420936324633671e-05 0.00020998707623220983 -0.088317494839429841 -0.085446137934923158
decision_type=2 2 10 2 10 2 2 2 10 8 10 10 10 2
left_child=-1 2 3 11 5 -5 9 8 -8 -3 -11 12 -2 -7
right_child=1 6 -4 4 -6 13 7 -9 -10 10 -12 -13 -14 -15
leaf_value=-0.00016829845750381358 -0.001319207937648451 -0.0018825955545218546 0.0015137940210759153 0.0016317835041682368 -0.0050226062458029724 -0.0040110979355086141 -0.0021695275903715365 -0.003115444809070716 0.0013836293264206357 0.0054268432231720318 0.0011895985163885711 -0.0015937913617717816 0.0024242045171068306 -0.00074249905220210265
leaf_weight=39620.084947600961 282.84770701825619 318.36421881616116 1570.1044136285782 426.52513602375984 297.4910364896059 480.91331522166729 433.16615624725819 359.15802888572216 1304.7586288303137 280.92262609302998 6532.7754759639502 480.43598398566246 751.65313562750816 597.73609817028046
leaf_count=158715 1140 1294 6314 1722 1196 1934 1746 1453 5251 1142 26479 1931 3025 2402
internal_value=2.85578e-05 0.000580507 -5.16035e-05 -0.000797083 -0.00182912 -0.00114036 0.000914658 -0.000156549 0.000483421 0.00122919 0.00137967 0.000438803 0.00139509 -0.00224629
internal_weight=53736.9 14116.9 4887.71 3317.6 1802.67 1505.17 9229.15 2097.08 1737.92 7132.06 6813.7 1514.94 1034.5 1078.65
internal_count=215744 57029 19664 13350 7254 6058 37365 8450 6997 28915 27621 6096 4165 4336
is_linear=0
shrinkage=0.02


Tree=148
num_leaves=15
num_cat=0
split_feature=0 8 30 19 3 3 13 19 3 8 3 19 14 27
split_gain=13.2062 7.27113 8.21237 8.17792 8.00246 7.8453 8.0785 7.37528 6.50858 7.17098 14.642 6.14698 7.0735 12.8449
threshold=0.04467704892158509 0.41666667163372045 0.4498033225536347 0.19680580496788028 8.5731513536302386e-05 0.00012509569933172318 8.8135486294049783e-05 -0.060485986992716782 0.00032428724807687109 0.91666665673255932 0.00017404529353370893 -0.38878671824932093 0.87703433632850658 -0.18777777999639508
decision_type=2 2 2 2 10 10 10 2 8 2 10 2 2 8
left_child=1 3 11 7 -4 -6 -7 -1 9 -2 -11 -3 -13 -14
right_child=8 2 4 -5 5 6 -8 -9 -10 10 -12 12 13 -15
leaf_value=-0.0021953001143180479 0.00072046052151887119 0.00080946316700723504 0.0027750466556878284 -0.0042940500395250089 -0.0019538625315858537 -0.0006031952799502218 0.0037530251070855736 0.00086143380722968315 0.0027614457600877561 -0.00091505792949858199 0.0025498580255255837 -0.0001931478695631611 -0.0049293037830617373 -0.00056416873559994465
leaf_weight=643.21439380943775 10120.304306417704 2296.0050346106291 728.50328435003757 313.88389889895916 432.16295346617699 353.14215421676636 300.59835897386074 586.91686125099659 487.68690897524357 2880.3085023462772 566.74977575242519 32468.771716713905 333.92149513959885 1160.2096303999424
leaf_count=2579 40928 9215 2920 1258 1732 1416 1205 2351 1987 11583 2284 130039 1341 4647
internal_value=1.01305e-05 -0.00017675 -0.000121781 -0.00151332 0.00118393 8.56059e-05 0.0014518 -0.00074643 0.000536397 0.00045247 -0.000333949 -0.000187736 -0.000255586 -0.00159195
internal_weight=53672.4 39617.3 38073.3 1544.02 1814.41 1085.9 653.741 1230.13 14055 13567.4 3447.06 36258.9 33962.9 1494.13
internal_count=215485 158703 152515 6188 7273 4353 2621 4930 56782 54795 13867 145242 136027 5988
is_linear=0
shrinkage=0.02


Tree=149
num_leaves=15
num_cat=0
split_feature=24 30 11 24 1 13 11 17 13 24 3 14 29 24
split_gain=10.0628 9.16932 5.89399 10.3347 8.31421 13.3128 14.2902 9.29248 7.67379 10.9512 8.62815 10.7223 7.53134 9.55845
threshold=-0.25496472418308253 0.46066512167453771 0.00035978444793727254 0.10720172896981241 9.3512113380711539e-05 0.00014713653945364061 0.00025067832029890274 -0.44533236324787134 0.00011651870590867476 -0.070443224161863313 0.00010057769031845966 0.46102239191532141 4.8455732698862729e-13 -0.00093360347091220308
decision_type=8 2 8 10 10 10 10 2 10 10 10 2 2 10
left_child=-1 2 3 4 5 8 -7 -6 10 -10 -2 -12 -11 -14
right_child=1 -3 -4 -5 7 6 -8 -9 9 12 11 -13 13 -15
leaf_value=-0.0030335952075615786 0.00034607454322820773 0.0011705869131445402 -0.00034416900560165848 -0.00086069587150239268 0.0035237946522613727 -0.00561264662248309 -0.00020827237887422468 0.00068955241738330843 0.0041332039603839531 0.0028860841732365468 -0.00091292795879932141 0.0012175500609455606 -0.0025636156503490233 0.0014248365986096307
leaf_weight=425.70524446666241 14019.679172471166 2464.1364160329103 19727.211601763964 3916.5957569926977 510.2805872708559 313.1367946267128 478.32410790026188 3784.1767466664314 431.64171461760998 357.16644631326199 5316.5380153506994 1130.0977761000395 433.95187570154667 491.95757016539574
leaf_count=1707 56305 9910 79141 15730 2063 1255 1918 15213 1732 1430 21347 4539 1739 1971
internal_value=-4.09213e-05 -1.59251e-05 -7.37907e-05 9.73659e-05 0.000235511 8.41403e-05 -0.00243212 0.0010411 0.000176035 0.00145324 6.77136e-05 -0.000536844 0.000502067 -0.000459137
internal_weight=53800.6 53374.9 50910.8 31183.5 27267 22972.5 791.461 4294.46 22181 1714.72 20466.3 6446.64 1283.08 925.909
internal_count=216000 214293 204383 125242 109512 92236 3173 17276 89063 6872 82191 25886 5140 3710
is_linear=0
shrinkage=0.02


Tree=150
num_leaves=15
num_cat=0
split_feature=0 27 25 25 1 8 11 9 24 25 7 24 23 14
split_gain=8.41722 10.0681 13.232 8.66401 10.0292 8.25382 11.2247 11.3148 11.0359 16.2273 13.3121 16.3283 11.6898 10.831
threshold=0.02734616864472628 0.050000000745058067 0.07741232588887216 0.11576690152287485 9.918087016558276e-05 0.91666665673255932 0.00041108390723820781 0.00021229365665931257 0.096269365400075926 0.059140037745237357 0.00012921413144795227 0.13811399787664416 0.16580922156572345 -0.84771811962127674
decision_type=2 8 10 10 10 2 10 8 10 10 10 10 2 2
left_child=1 3 -3 -1 -5 6 7 8 9 12 11 -10 -2 -9
right_child=5 2 -4 4 -6 -7 -8 13 10 -11 -12 -13 -14 -15
leaf_value=-0.0001803389464805012 0.00045560106456376918 -0.00021053160631597434 0.003260820716670128 -0.0020357766698890674 0.0012422654075768731 -0.00026905543535435703 -0.00026817967094065894 0.004555371583758838 -0.0024336168000671354 0.0027774439849509729 -0.0030530385540080934 0.0032989145593673697 -0.0037028889326635402 0.0012620855089396626
leaf_weight=22988.330314606428 5689.2388541549444 1041.7530596405268 736.5874974578619 1986.9918124973774 444.37135243415833 7338.5944708585739 5263.911720097065 419.80765365064144 349.22284013032913 1217.7374480515718 741.27872057259083 411.73255342245102 263.92226849496365 4912.265271410346
leaf_count=92026 22957 4170 2949 7953 1780 29477 21179 1701 1407 4914 2988 1660 1065 19797
internal_value=4.84138e-05 -0.000198936 0.00124757 -0.000301034 -0.00143141 0.000301211 0.000518449 0.000814068 0.000366846 0.000693592 -0.00118149 0.000673152 0.000259461 0.00153743
internal_weight=53805.7 27198 1778.34 25419.7 2431.36 26607.7 19269.1 14005.2 8673.13 7170.9 1502.23 760.955 5953.16 5332.07
internal_count=216023 108878 7119 101759 9733 107145 77668 56489 34991 28936 6055 3067 24022 21498
is_linear=0
shrinkage=0.02


Tree=151
num_leaves=15
num_cat=0
split_feature=0 6 19 18 8 23 1 9 27 21 29 29 20 0
split_gain=10.5815 12.9943 11.3367 9.72167 9.00998 11.5017 8.11472 7.69047 12.2016 8.44987 11.078 8.94527 9.53594 7.60416
threshold=0.033031640574336059 0.91666665673255932 0.067623123526573195 0.1408522501587868 0.41666667163372045 -0.064144570380449281 4.2164869228145114e-05 0.00054805076797492813 -0.027777778916060921 0.26565290987491613 1.9341210490825271e-12 8.1941438768821938e-13 0.29346892237663275 0.073833867907524123
decision_type=2 2 2 2 2 2 10 10 8 2 2 2 2 2
left_child=4 7 -3 -4 5 -1 -7 9 -9 13 11 12 -11 -2
right_child=1 2 3 -5 -6 6 -8 8 -10 10 -12 -13 -14 -15
leaf_value=0.00070592174321567084 0.00069038479574647733 -0.0012088482052213642 0.0027946886651166476 -0.00017061585175562414 -0.00014764574708961428 -0.00030157891674354251 -0.0046490557131991118 0.0011396098151201398 -0.0032601073315768896 -0.0021220740497617835 0.0025597430537397233 -0.0037365697519290034 0.002773926836114559 0.0019599172422534276
leaf_weight=435.70999601483345 11737.447267442942 3351.3271539956331 584.5410662740469 1639.673607006669 30599.949013382196 252.76602093875408 535.7191469669342 489.48315946757793 483.7032835483551 362.45874634385109 298.02632313966751 458.67308823764324 252.52197839319706 2242.2165139317513
leaf_count=1746 47201 13467 2349 6589 122521 1012 2145 1978 1951 1459 1212 1854 1015 9199
internal_value=1.7213e-05 0.000355388 -0.000477002 0.00062665 -0.000215582 -0.00188406 -0.00329731 0.000639922 -0.0010688 0.000749495 -0.000740242 -0.00168632 -8.76401e-05 0.000896516
internal_weight=53724.2 21900.1 5575.54 2224.21 31824.1 1224.2 788.485 16324.5 973.186 15351.3 1371.68 1073.65 614.981 13979.7
internal_count=215698 88274 22405 8938 127424 4903 3157 65869 3929 61940 5540 4328 2474 56400
is_linear=0
shrinkage=0.02


Tree=152
num_leaves=15
num_cat=0
split_feature=24 7 23 29 23 9 16 13 26 13 13 29 1 26
split_gain=8.05242 6.35464 5.39721 5.75948 5.37006 12.786 10.3096 10.2512 8.40277 8.31905 8.73594 10.4735 8.23423 7.80271
threshold=-0.25496472418308253 0.00058887767954729508 0.11717478558421136 5.7950226648589852e-13 0.014756056014448406 0.00058696302585303794 0.46618558466434484 0.00013267507165437567 0.11666667088866235 6.9623034505639239e-05 9.625268648960629e-05 4.7554684799375201e-13 7.960263246786782e-05 -1.3877787807814454e-16
decision_type=10 8 2 2 2 8 2 8 8 10 10 2 10 10
left_child=-1 4 3 -3 6 8 -2 -7 -6 -10 -11 -12 13 -8
right_child=1 2 -4 -5 5 7 12 -9 9 10 11 -13 -14 -15
leaf_value=-0.0027661666748025619 6.5840449032427723e-06 -0.0011596506427719101 0.0035025002748245103 0.0016743495276682336 -0.00036771652386944866 -0.0048719520290936196 0.0048865690523068753 0.00010114780442188358 0.0034872396580359699 -0.0017248226963501865 -0.0018862724579982021 0.0027794535402965604 -0.0009429200519666135 0.00053482686254630496
leaf_weight=425.69959981739521 28200.097721979022 452.67748759686947 305.13095770776272 714.84689757227898 20135.520299971104 417.39765155315399 414.77368128299713 265.72305546700954 407.38530284166336 520.43311884999275 252.5201294273138 658.15277460217476 249.43651556968689 274.15325872600079
leaf_count=1707 113248 1818 1233 2885 80800 1673 1672 1067 1633 2086 1012 2640 1005 1099
internal_value=-8.90411e-05 -6.66163e-05 0.00121999 0.000574514 -0.000103654 -0.000334456 7.59168e-05 -0.00298964 -0.000249269 0.00103799 0.000302318 0.00147296 0.00211591 0.00321877
internal_weight=53693.9 53268.2 1472.66 1167.52 51795.6 22657.1 29138.5 683.121 21974 1838.49 1431.11 910.673 938.363 688.927
internal_count=215578 213871 5936 4703 207935 90911 117024 2740 88171 7371 5738 3652 3776 2771
is_linear=0
shrinkage=0.02


Tree=153
num_leaves=15
num_cat=0
split_feature=5 25 23 23 23 20 25 9 20 26 15 25 27 21
split_gain=10.1826 8.16107 8.72882 6.3242 13.2055 7.34861 11.3101 9.74421 9.73625 9.27001 8.79905 9.64551 9.17223 8.44767
threshold=0.00047554523916915065 -0.23914678394794461 -0.21656684577465055 -0.26106904447078699 -0.33430701494216913 0.097609050571918501 0.10733103752136232 0.00013196250802138823 0.061453541740775115 -0.058333335444331162 0.041198823601007468 0.14166285842657092 0.072222225368022933 0.20991685986518863
decision_type=8 10 2 2 2 2 10 10 2 10 2 10 10 2
left_child=1 2 -1 4 -3 7 -7 8 -5 -10 11 -8 13 -12
right_child=-2 3 -4 5 -6 6 10 -9 9 -11 12 -13 -14 -15
leaf_value=0.00040504207815556019 0.0019232146874168783 0.0011019122232508226 0.00377202812705089 0.00055558126720580444 -0.0022936195986124432 -0.00080689408451110368 0.0037564927442093718 -3.3748386667610205e-05 0.00074656705520236011 0.0054176788869768752 0.00073999466591254397 0.00043826452396602015 0.0023013262819727952 -0.0017195694211124875
leaf_weight=1017.1603924781084 1061.4887521415949 672.19103822112083 425.37042956054211 5484.6748889684677 1355.6399044692516 9545.9343394190073 533.98448839783669 29234.987454161048 351.86577995121479 322.74102926254272 905.29687735438347 970.56692537665367 452.27156563103199 1401.3620811998844
leaf_count=4111 4288 2719 1718 22031 5453 38296 2142 117303 1415 1293 3634 3897 1816 5631
internal_value=2.17457e-06 -3.72535e-05 0.0014359 -7.92773e-05 -0.00116829 -3.39394e-05 -0.000424898 0.000118751 0.000840353 0.00307294 0.000430165 0.00164978 -0.000242023 -0.000756199
internal_weight=53735.5 52674 1442.53 51231.5 2027.83 49203.7 13809.4 35394.3 6159.28 674.607 4263.48 1504.55 2758.93 2306.66
internal_count=215747 211459 5829 205630 8172 197458 55416 142042 24739 2708 17120 6039 11081 9265
is_linear=0
shrinkage=0.02


Tree=154
num_leaves=15
num_cat=0
split_feature=0 1 21 20 6 24 0 20 13 27 24 22 9 0
split_gain=12.8169 7.68753 8.20933 9.05648 8.94414 7.92582 12.1937 8.19164 12.9109 12.8352 10.6776 10.1864 9.87465 8.93897
threshold=0.10855389758944513 3.0460564630629964e-05 0.0035542903933674101 -0.1552072390913963 0.91666665673255932 -0.055580521002411835 0.0090627083554863947 -0.10521975159645079 0.00011193597674719059 -0.12000000104308127 -0.18679363280534741 -0.3499025553464889 0.00028145669784862554 0.034714728593826301
decision_type=2 8 2 2 2 10 2 2 10 8 8 2 10 2
left_child=1 2 3 4 -1 6 -3 8 9 11 -9 -8 -10 -11
right_child=-2 5 -4 -5 -6 -7 7 10 12 13 -12 -13 -14 -15
leaf_value=-0.00033397274184882974 0.0035078210714951335 -0.00081646735648731469 -0.0012624819197374546 0.00074328744209603711 -0.0039479378429985567 -6.9002891953700719e-05 -0.0029142809499427824 -0.0023712002392681695 0.0037857906100001869 -2.02952293054674e-06 0.0015538931399158432 0.0011853474557481924 0.0005028618914296629 -0.0024710414169944149
leaf_weight=1166.2596236616373 401.7461334168911 2322.3234921395779 3641.6355215013027 2633.2399773299694 339.79835753142834 31566.18793271482 251.73976312577724 275.87108124792576 618.13068678975105 1126.3436944484711 5049.7512928396463 2287.8704136013985 877.97826755046844 1203.9566873311996
leaf_count=4691 1673 9296 14612 10576 1363 126639 1013 1110 2483 4510 20292 9230 3533 4835
internal_value=3.49697e-05 7.51878e-06 -0.000572658 3.73813e-05 -0.00119041 0.000106768 0.000502222 0.000765102 0.00027941 -0.000221491 0.00134246 0.000759374 0.00189128 -0.00128782
internal_weight=53762.8 53361.1 7780.93 4139.3 1506.06 45580.2 14014 11691.6 6366.02 4869.91 5325.62 2539.61 1496.11 2330.3
internal_count=215856 214183 31242 16630 6054 182941 56302 47006 25604 19588 21402 10243 6016 9345
is_linear=0
shrinkage=0.02


Tree=155
num_leaves=15
num_cat=0
split_feature=9 23 9 19 24 24 24 28 11 24 9 7 23 12
split_gain=8.27012 7.40851 7.40511 7.14738 6.35574 5.67376 7.31728 4.72108 5.7594 9.76599 6.96912 8.57891 6.84597 6.4347
threshold=0.0010840049362741413 -0.36972333490848536 0.00015854931552894416 -0.42333956062793726 -0.25496472418308253 -0.22405101358890531 -0.19902562350034711 4.2087896210719905e-13 0.00020218853751430291 0.15154645591974261 0.00011636048657237553 0.0001725394977256656 -0.17083650082349774 0.91666665673255932
decision_type=8 2 10 2 10 10 10 2 10 10 10 10 2 2
left_child=1 2 -1 -4 -3 -6 -7 8 12 10 -10 13 -8 -12
right_child=-2 4 3 -5 5 6 7 -9 9 -11 11 -13 -14 -15
leaf_value=-0.00068159702536961552 0.0026863102129301205 -0.00286659341946526 0.0053266928625170604 0.00067824030755928358 0.0023549450614302968 -0.0023043869598565591 -0.0031557642211195109 -0.00012692602333270558 0.0027468520092563827 0.0039644670655994141 -0.0014470331406507282 0.00083583944292860103 -4.7931902010803844e-05 0.00097624246210487498
leaf_weight=295.15085972845554 431.66234247386456 301.08557710051537 274.93149331212044 252.02473630011082 371.39734679460526 555.7024831622839 311.20960941910744 41973.712812393904 484.87040255963802 320.52592471241951 1473.2185567468405 4041.4348157793283 1973.469855055213 604.13326640427113
leaf_count=1196 1746 1207 1116 1020 1495 2235 1251 168533 1944 1286 5906 16197 7914 2420
internal_value=-8.60803e-06 -3.14617e-05 0.00182958 0.00320959 -6.13404e-05 -4.40383e-05 -6.21625e-05 -3.69275e-05 0.000372669 0.000659557 0.000487658 0.000300267 -0.00049498 -0.00073971
internal_weight=53664.5 53232.9 822.107 526.956 52410.8 52109.7 51738.3 51182.6 9208.86 6924.18 6603.66 6118.79 2284.68 2077.35
internal_count=215466 213720 3332 2136 210388 209181 207686 205451 36918 27753 26467 24523 9165 8326
is_linear=0
shrinkage=0.02


Tree=156
num_leaves=15
num_cat=0
split_feature=0 28 3 1 13 11 13 5 13 24 28 23 20 23
split_gain=8.90346 11.4614 10.85 10.9644 10.2212 13.3391 9.04346 8.66833 8.63174 7.9718 7.74919 11.9661 7.22755 12.039
threshold=0.02734616864472628 3.3301212807278218e-13 5.1103172154398642e-05 3.5492796087055474e-05 0.00016234647773671898 0.00051794745377264928 0.00027394181233830755 0.00011562963481992484 6.8964363890700056e-05 -0.17711907625198361 5.317345684856951e-13 -0.05930082127451896 -0.078931730240583406 0.11488774046301843
decision_type=2 2 10 10 8 8 10 10 10 8 2 2 2 2
left_child=9 2 -2 -4 5 12 10 -7 -9 -1 -6 -12 -3 -14
right_child=1 4 3 -5 6 7 -8 8 -10 -11 11 -13 13 -15
leaf_value=-0.0021816583042012748 0.0049457864554095492 -0.00026740922107073705 -0.0023103973571771286 0.0018684847708082468 -6.9827128745284892e-06 -0.0032192301518520088 -0.0010038192040138472 0.0017754383770778341 -0.0010943131854300144 -0.00019440102457777956 0.00055717981750993029 0.0054301966236971989 0.00096755965491225268 -0.00034642254340345639
leaf_weight=813.27280083298683 331.72161014378071 7024.3430078625679 297.84335236251354 1204.0330562591553 340.49343733489513 605.17759290337563 364.59921778738499 483.49739350378513 2519.3785555958748 26369.056282788515 333.96740594506264 508.42134889960289 8404.6456123739481 4156.8966561406851
leaf_count=3257 1336 28324 1198 4844 1370 2429 1472 1946 10125 105558 1349 2052 33848 16731
internal_value=-1.01357e-06 0.000259202 0.00177616 0.00102028 0.000145435 3.97656e-05 0.00170852 -0.00107428 -0.000623561 -0.000255418 0.00254733 0.003556 0.000245878 0.000532874
internal_weight=53757.3 26575 1833.6 1501.88 24741.4 23193.9 1547.48 3608.05 3002.88 27182.3 1182.88 842.389 19585.9 12561.5
internal_count=215839 107024 7378 6042 99646 93403 6243 14500 12071 108815 4771 3401 78903 50579
is_linear=0
shrinkage=0.02


Tree=157
num_leaves=15
num_cat=0
split_feature=22 23 23 16 25 9 5 24 15 15 6 28 22 19
split_gain=9.63992 12.6735 7.28776 7.99931 6.64575 6.18901 5.94534 5.49696 5.38877 8.30828 13.3864 11.086 9.93172 9.69009
threshold=-0.30993221700191492 -0.36972333490848536 -0.29019676148891443 -0.12780693918466565 -0.26008790731430048 0.00094087532488629233 0.00047554523916915065 -0.16889861226081845 -0.27585932612419123 -0.059230763465166085 0.58333334326744091 1.4160237652577347e-12 -0.18421088159084317 -0.40508700907230372
decision_type=2 2 2 2 10 8 8 10 2 2 2 2 2 2
left_child=7 -2 3 -3 -4 8 -7 -1 -6 10 11 -10 -12 -11
right_child=1 2 4 -5 5 6 -8 -9 9 13 12 -13 -14 -15
leaf_value=-0.0034301094932481201 0.0032041726852993849 -0.0030280159949779223 0.0024722422991792269 0.00056000459847286969 0.00029499769253123832 -5.1051758318160344e-05 0.00382567963057261 -0.00017516135418013345 -0.0034536591836946753 0.00250650132453396 -0.0032449050476025467 0.0011383794432381134 -0.00010563927949791655 -5.0782763465263831e-05
leaf_weight=489.62183372676373 478.45668059587479 626.41646958887577 423.11869746446609 394.96069154143333 15690.37664540112 301.68629162013531 311.57971085608006 353.91788844764233 1059.5629294663668 585.95630516111851 416.19049435853958 250.76066783070564 5337.742808625102 27058.022029086947
leaf_count=1968 1949 2526 1710 1593 62996 1214 1262 1426 4250 2363 1671 1011 21401 108585
internal_value=-4.03621e-06 3.01467e-05 -1.38758e-08 -0.00165644 3.35099e-05 1.23208e-05 0.0019772 -0.00210014 -1.23633e-05 -0.0001514 -0.000762479 -0.00257096 -0.00034316 5.19569e-06
internal_weight=53778.4 52934.8 52456.4 1021.38 51435 51011.9 613.266 843.54 50398.6 34708.2 7064.26 1310.32 5753.93 27644
internal_count=215925 212531 210582 4119 206463 204753 2476 3394 202277 139281 28333 5261 23072 110948
is_linear=0
shrinkage=0.02


Tree=158
num_leaves=15
num_cat=0
split_feature=0 1 13 9 13 19 22 19 20 12 28 0 0 20
split_gain=10.9878 12.8698 6.79667 10.8967 12.3735 11.7616 11.9312 10.2264 8.64097 8.57138 9.97736 7.71513 8.97378 9.31242
threshold=0.04467704892158509 0.00010282656512572431 6.6185602918267264e-05 0.00012614452862180772 5.9654568758560351e-05 -0.12744452059268949 0.13652865588665011 0.31737673282623297 0.18952606618404391 0.41666667163372045 6.1653877532832923e-13 0.042568689212203033 0.0068506477400660524 -0.071834150701761232
decision_type=2 8 8 10 10 2 2 2 2 2 2 2 2 2
left_child=2 -2 3 8 7 -6 -7 -5 -1 10 -4 12 -11 -14
right_child=1 -3 9 4 5 6 -8 -9 -10 11 -12 -13 13 -15
leaf_value=0.00080629477946147013 0.00015159657531846706 0.0016759099231865261 -0.00043866958208573756 -0.00074906066946656721 -4.1312863353802072e-05 -0.0036895343028573776 0.00027469158648828234 0.0015383341954588209 -0.0020084936445170835 -0.00079468510982558054 0.0039845991459421561 -0.0020157674765040757 -0.00044056308899430513 0.00047501969016586139
leaf_weight=2967.9123293757439 11339.54352080822 2735.07681684196 364.4252070337534 6314.9104968458414 816.76509745419025 1517.8103633970022 375.11581891775131 872.96790246665478 491.37131205201149 4755.2538351714611 433.13366116583347 776.36555428802967 6642.6566005647182 13327.320367649198
leaf_count=11897 45780 11092 1459 25313 3274 6078 1502 3499 1968 19029 1736 3115 26616 53374
internal_value=-2.99211e-05 0.000449769 -0.000200313 -0.000567348 -0.000904595 -0.00205145 -0.0029093 -0.000467759 0.000397223 -1.36126e-05 0.0020022 -7.81766e-05 -1.57567e-05 0.000170331
internal_weight=53730.6 14074.6 39656 13356.9 9897.57 2709.69 1892.93 7187.88 3459.28 26299.2 797.559 25501.6 24725.2 19970
internal_count=215732 56872 158860 53531 39666 10854 7580 28812 13865 105329 3195 102134 99019 79990
is_linear=0
shrinkage=0.02


Tree=159
num_leaves=15
num_cat=0
split_feature=0 11 24 24 28 28 3 5 11 22 4 3 11 9
split_gain=9.93261 10.0111 9.43245 9.45955 8.32815 13.5746 13.4774 9.86585 9.20673 15.97 10.6399 8.78367 14.1065 8.23193
threshold=0.019626244902610782 0.0015195864834822716 0.08973060175776483 0.10531461238861085 6.1653877532832923e-13 3.7420872065103977e-13 3.7581892684102065e-05 0.00027384684653952723 0.00016875720029929656 0.049820100888609893 0.75000000000000011 0.00020745034271385523 0.00039256892341654753 0.00025713370996527379
decision_type=2 8 8 10 2 2 10 10 10 2 2 10 10 10
left_child=2 4 -1 -4 5 6 -2 -8 9 -6 -11 -10 -13 -5
right_child=1 -3 3 13 8 -7 7 -9 11 10 -12 12 -14 -15
leaf_value=-0.00050793994301681351 0.0049322051844248958 0.0038384455725574153 0.0027227715214600719 -0.00089801494256317577 0.0026068309805616151 -0.00053892027119968133 0.00015129655288739064 0.0037475439876954687 9.5943965290095821e-05 0.0011918435976024859 -0.002855873484187906 0.0035632462499571526 0.00023868910013674958 0.0016707186678370598
leaf_weight=17359.340246871114 280.1690966039896 284.2970459908247 697.61458848416805 1317.1100479960442 1849.9887961149216 10518.866035014391 3095.8448047637939 318.74925644695759 14056.170616179705 612.02123272418976 421.82932905852795 785.21074402332306 1403.5652253329754 776.19377659261227
leaf_count=69485 1127 1152 2792 5271 7479 42198 12433 1282 56583 2471 1696 3178 5667 3107
internal_value=1.6566e-05 0.000226931 -0.000334368 0.000741171 0.000193855 -0.000172705 0.000867186 0.00050687 0.000466123 0.0015036 -0.000482552 0.000280325 0.00145282 6.12647e-05
internal_weight=53777 33626.7 20150.3 2790.92 33342.4 14213.6 3694.76 3414.59 19128.8 2883.84 1033.85 16244.9 2188.78 2093.3
internal_count=215921 135266 80655 11170 134114 57040 14842 13715 77074 11646 4167 65428 8845 8378
is_linear=0
shrinkage=0.02


Tree=160
num_leaves=15
num_cat=0
split_feature=24 25 24 7 26 24 25 7 4 15 1 13 21 23
split_gain=7.11562 10.2576 6.86535 10.8005 7.90474 8.8782 10.8896 10.3204 9.49721 10.1146 9.39348 7.82611 7.58985 8.24756
threshold=-0.25496472418308253 -0.26008790731430048 -0.17711907625198361 0.00012220407370477918 -0.18333333730697629 -0.041754916310310357 -0.046047413721680634 0.00010677926911739634 0.41666667163372045 0.43944407999515539 5.8089288359042264e-05 5.196544589125552e-05 -0.17059305310249326 -0.21265873312950132
decision_type=8 10 10 10 10 10 10 10 2 2 10 8 2 2
left_child=-1 -2 3 -3 5 6 10 11 -9 -10 -4 -7 13 -12
right_child=1 2 4 -5 -6 7 -8 8 9 -11 12 -13 -14 -15
leaf_value=-0.002476958173567708 0.0022459427774194326 0.0014410500400968433 -0.00045728960785227827 -0.0022349061274347178 -5.7482273592340938e-05 0.00027440380932219124 0.0031061826617210433 0.0022792542549644372 -0.0014762237325065095 0.0011353148223002729 0.0027708734034577265 0.0033060076695203993 0.0040325600744969756 -0.0018876447663881469
leaf_weight=430.4047207981348 815.60780641436577 419.59028390049934 1334.0434348881245 1184.6570673584938 42513.307869523764 826.65847550332546 1024.068208783865 420.51014812290668 2452.8117145299911 764.12346661090851 294.68819509446621 564.14217017591 429.43835699558258 275.02836258709431
leaf_count=1726 3311 1688 5383 4763 170443 3335 4140 1705 9904 3094 1193 2277 1738 1111
internal_value=2.63352e-05 4.74637e-05 1.24693e-05 -0.00126756 5.32956e-05 0.000613723 0.00140685 8.069e-05 -0.000480161 -0.000852719 0.000640936 0.00153353 0.00208745 0.000534244
internal_weight=53749.1 53318.7 52503.1 1604.25 50898.8 8385.51 3357.27 5028.25 3637.45 3216.94 2333.2 1390.8 999.155 569.717
internal_count=215811 214085 210774 6451 204323 33880 13565 20315 14703 12998 9425 5612 4042 2304
is_linear=0
shrinkage=0.02


Tree=161
num_leaves=15
num_cat=0
split_feature=0 6 26 21 7 28 13 7 24 23 23 30 6 21
split_gain=11.5151 8.33009 10.7022 10.4947 9.7966 8.34532 9.06469 8.97383 8.12957 6.85139 6.67883 6.87665 6.46676 8.53068
threshold=0.04467704892158509 0.58333334326744091 -0.18333333730697629 -0.20373266190290448 0.00033666368108242756 1.4390318364004841e-12 0.00013384887279244143 0.00042000773828476673 -0.092523962259292589 0.094869066029787077 0.059844499453902252 -0.1503840237855911 0.91666665673255932 0.23514103889465335
decision_type=2 2 10 2 10 2 10 10 10 2 2 2 2 2
left_child=-1 2 8 -4 12 6 7 -6 -2 -10 11 -5 13 -3
right_child=1 4 3 10 5 -7 -8 -9 9 -11 -12 -13 -14 -15
leaf_value=-0.00016430099040766857 0.00018304137141209194 0.00060345865737003034 -0.002993801481233173 -0.00083587818079825394 0.0033618362617681631 -0.00074474149432706099 0.0052463691897241338 -0.00075094898998309407 0.0051494130540188253 0.0011587177968766021 -0.00036597241593332863 0.0028756316635252222 -0.00081998065454069518 -0.0016004700297854776
leaf_weight=39707.46132978797 318.74941816926003 5636.147947832942 273.27327565848827 247.94179175794125 412.15711255371571 407.52897703647614 331.77571919560432 405.20386655628681 566.79881958663464 263.46214832365513 760.63477179408073 864.91291038691998 2785.4041804522276 782.71488420665264
leaf_count=159067 1304 22781 1103 1000 1659 1658 1342 1632 2326 1078 3067 3489 11204 3163
internal_value=9.86768e-06 0.000501395 0.001378 0.000533987 0.000230855 0.00168754 0.0025481 0.0013537 0.00291882 0.00394011 0.00107475 0.00204856 -1.86299e-05 0.000330576
internal_weight=53764.2 14056.7 3295.77 2146.76 10760.9 1556.67 1149.14 817.361 1149.01 830.261 1873.49 1112.85 9204.27 6418.86
internal_count=215873 56806 13367 8659 43439 6291 4633 3291 4708 3404 7556 4489 37148 25944
is_linear=0
shrinkage=0.02


Tree=162
num_leaves=15
num_cat=0
split_feature=0 25 15 1 26 17 20 27 15 11 30 27 11 25
split_gain=8.43503 8.47389 7.44298 9.79518 7.85451 7.26848 7.00302 6.86469 7.57238 6.51915 6.3943 13.328 9.29866 15.995
threshold=0.0068506477400660524 -0.030562004074454304 -0.27585932612419123 0.00017360851052217188 -0.39000000059604639 -0.64139407873153675 0.0016184054547920825 -0.050000000745058053 -0.042741781100630753 0.00017034226766554641 -0.010777230374515055 0.094444446265697493 0.00027028004114981746 -0.025027724914252755
decision_type=2 10 2 8 8 2 2 8 2 10 2 8 8 10
left_child=1 6 3 4 -2 -4 9 8 -3 -1 11 -7 13 -12
right_child=2 7 5 -5 -6 10 -8 -9 -10 -11 12 -13 -14 -15
leaf_value=-0.0034679504432563548 -0.0026518680044923062 -0.00050045589387965586 0.003142525462767708 0.0027339694081092393 0.00041538321859954847 -0.00059725547758479765 -0.002830439790957995 -0.00067605965285886421 0.0022719841270124651 -0.00027192437944302062 0.0016303382132199498 0.0038709831589466559 -0.00026191808068113265 -0.00014098631011486226
leaf_weight=282.01571147143841 322.42593388259411 728.64816392958164 256.85652519762516 700.32496048510075 13887.785068675876 11103.652719825506 980.74783450365067 2735.5262138545513 823.09351852536201 1678.2045345008373 3530.4227269887924 253.84640763700008 11616.978667363524 4783.75571359694
leaf_count=1129 1309 2917 1040 2829 55796 44578 3925 10945 3295 6717 14201 1022 46633 19218
internal_value=-8.86028e-06 -0.000643437 9.01099e-05 0.00045801 0.000342159 -8.39647e-05 -0.00146632 -7.47737e-05 0.000980333 -0.000762117 -0.000112442 -0.000490759 0.000103412 0.000613273
internal_weight=53684.3 7228.24 46456 14910.5 14210.2 31545.5 2940.97 4287.27 1551.74 1960.22 31288.7 11357.5 19931.2 8314.18
internal_count=215554 28928 186626 59934 57105 126692 11771 17157 6212 7846 125652 45600 80052 33419
is_linear=0
shrinkage=0.02


Tree=163
num_leaves=15
num_cat=0
split_feature=0 7 19 9 8 28 20 29 0 22 24 28 18 24
split_gain=9.79203 9.42233 8.67113 8.66121 6.74557 8.52051 9.44106 8.28801 10.298 9.65507 8.0662 10.623 10.2295 14.3793
threshold=0.049335053190588958 0.00058887767954729508 -0.58537012338638295 0.0005368667480070145 0.91666665673255932 7.9026143810258253e-13 0.1467356085777283 8.4198235406410259e-13 0.063448216766119017 -0.099073778837919221 -0.10323719680309294 4.0394295167892757e-13 -0.14637437462806699 -0.040739426389336579
decision_type=2 8 2 10 2 2 2 2 2 2 10 2 2 10
left_child=-1 2 -2 4 5 10 7 8 -7 -9 -4 -12 -13 -14
right_child=1 -3 3 -5 -6 6 -8 9 -10 -11 11 12 13 -15
leaf_value=-0.00020359298792448072 0.0035234114527900339 0.0037068897811970529 -0.00183606846217211 -0.0024628627785428714 -0.00052068858215916327 1.5987369831201611e-05 0.0029684905014021167 0.0018701070541342468 0.0054287997561789439 -0.00058823650905996411 0.0024846928420999789 -0.0027630199852193122 0.0041060192109243707 -0.00048452720728839446
leaf_weight=42270.045623198152 314.86396934092045 325.80043010413647 776.50215898454189 430.05326245725155 2545.6125353723764 260.03241348266602 977.87490306794643 970.42385973036289 286.39519780874252 1783.375014603138 729.44090722501278 487.96528120338917 326.24984222650528 1274.1884848624468
leaf_count=169360 1290 1328 3134 1735 10248 1047 3969 3953 1168 7260 2945 1971 1316 5132
internal_value=-6.28562e-05 0.000454403 0.000353017 0.000254683 0.000371366 0.000660406 0.00126135 0.000740679 0.00294448 0.000285308 -5.78753e-05 0.000441621 -0.000288787 0.000490385
internal_weight=53758.8 11488.8 11163 10848.1 10418.1 7872.45 4278.1 3300.23 546.428 2753.8 3594.35 2817.84 2088.4 1600.44
internal_count=215856 46496 45168 43878 42143 31895 17397 13428 2215 11213 14498 11364 8419 6448
is_linear=0
shrinkage=0.02


Tree=164
num_leaves=15
num_cat=0
split_feature=21 9 22 6 12 30 2 18 17 30 5 9 25 5
split_gain=6.17923 6.65634 5.57389 4.4915 6.82652 9.44336 6.01878 5.06132 10.0515 5.73143 4.25565 8.79698 8.76793 8.18809
threshold=-0.43589727580547327 0.0001438530380255543 -0.30993221700191492 0.41666667163372045 0.75000000000000011 -0.14136140048503873 0.58333334326744091 -0.18512935191392896 -0.12832256406545636 0.18891917169094088 0.00018681660731090235 0.00033823505509644752 0.10523334518074991 0.00019642007100628692
decision_type=2 10 2 2 2 2 2 2 2 2 10 10 10 10
left_child=1 -1 -2 4 7 -6 -7 -4 -9 -10 -5 13 -13 -12
right_child=2 -3 3 10 5 6 -8 8 9 -11 11 12 -14 -15
leaf_value=-0.00093323267327853805 -0.0019222268459404338 0.0028275136524505097 -0.0022371760701247446 -8.8678449203652201e-05 -0.0046674730659383087 0.0015395932881436362 -0.0019485092786505457 0.0040950040522235711 -0.0017730775580358611 0.0017517829393723825 0.0025552069009257211 -0.00047675193254919816 0.0014889468252856045 0.0005547806818039765
leaf_weight=262.04451344907284 601.31527532637119 582.28508761525154 253.0481136739254 36332.38366292417 336.17274013161659 284.41901710629463 552.91519603133202 254.92182783782482 444.79438517987728 286.62393338978291 939.38908629119396 5857.4886140525341 1053.6471008658409 5720.3854741901159
leaf_count=1062 2418 2359 1022 145817 1352 1146 2219 1028 1789 1155 3771 23519 4241 22971
internal_value=-1.16719e-05 0.00166575 -3.90554e-05 -1.66842e-05 -0.000855813 -0.00193554 -0.000755422 0.000181018 0.000833543 -0.000381915 2.42155e-05 0.000326144 -0.000173637 0.000843755
internal_weight=53761.8 844.33 52917.5 52316.2 2412.9 1173.51 837.334 1239.39 986.34 731.418 49903.3 13570.9 6911.14 6659.77
internal_count=215869 3421 212448 210030 9711 4717 3365 4994 3972 2944 200319 54502 27760 26742
is_linear=0
shrinkage=0.02


Tree=165
num_leaves=15
num_cat=0
split_feature=0 1 8 11 29 1 7 17 15 0 9 19 0 19
split_gain=10.7874 11.8952 7.16811 8.89341 7.30222 7.09743 8.92999 6.88988 12.506 12.6659 8.10462 6.82257 10.0107 9.17105
threshold=0.050199288874864585 0.00010282656512572431 0.91666665673255932 0.00025965494569391018 1.9009409931575187e-12 2.937115095846821e-05 0.00011784416710725056 0.33690883219242101 0.18297953903675082 0.066369172185659422 0.00017554454825585711 -0.12744452059268949 0.0032066263956949119 -0.18447517603635785
decision_type=2 8 2 10 2 8 10 2 2 2 10 2 2 2
left_child=5 2 3 7 -4 6 -1 8 9 10 -2 12 -7 -14
right_child=1 -3 4 -5 -6 11 -8 -9 -10 -11 -12 -13 13 -15
leaf_value=0.00010146486705600016 -0.0013263438147269285 0.0018408388459635423 -0.00031554070194765035 -0.0002183856386557036 -0.0035838482693100688 -0.001705090930886999 -0.0015225498458110835 0.0030441027740804169 -0.001253917840950605 0.0032954388154952459 0.0023173862949811201 -0.00025807097923462075 0.00016023893006495565 0.0015230349408354702
leaf_weight=2323.8376835733652 616.70895537734032 2175.9695337563753 1872.401039481163 3318.5347937494516 301.24147947132587 873.07852220535278 3218.4455056190491 656.97114495933056 828.18150454759598 940.4664192199707 376.08248147368431 25718.718107834458 7917.9832888245583 2614.3238037973642
leaf_count=9313 2484 8848 7532 13408 1217 3495 12893 2667 3359 3854 1514 103018 31758 10475
internal_value=-3.29765e-05 0.000522276 0.000196881 0.000518973 -0.000797035 -0.000177432 -0.000843696 0.00123189 0.000781965 0.00165802 7.24543e-05 -7.75643e-05 0.000329211 0.000500757
internal_weight=53752.9 11086.6 8910.59 6736.95 2173.64 42666.4 5542.28 3418.41 2761.44 1933.26 992.791 37124.1 11405.4 10532.3
internal_count=215835 44883 36035 27286 8749 170952 22206 13878 11211 7852 3998 148746 45728 42233
is_linear=0
shrinkage=0.02


Tree=166
num_leaves=15
num_cat=0
split_feature=21 23 28 24 30 0 14 29 0 28 28 30 14 0
split_gain=10.4514 10.8074 8.91814 7.93334 9.67758 9.80632 9.38274 9.10145 8.71019 6.76927 12.586 13.6576 9.08356 9.50935
threshold=-0.43589727580547327 -0.26106904447078699 1.9841560442183592e-13 -0.0544963851571083 -0.43403632938861841 0.0082451365888118761 -0.59467646479606617 3.1348549786851953e-13 0.10226704180240632 3.487668053664406e-12 1.8466904437922098e-12 0.026597416028380397 0.33420413732528692 0.034168474376201637
decision_type=2 2 2 10 2 2 2 2 2 2 2 2 2 2
left_child=-1 -2 -3 4 6 -6 -4 -7 -5 10 12 -12 -9 -14
right_child=1 2 3 8 5 7 -8 9 -10 -11 11 -13 13 -15
leaf_value=0.0022110848534210273 -0.001332718887804694 0.0027292231724019016 -0.0035487430587017176 -0.00016046598017198743 -0.00069607553562233858 -0.002889325148544892 0.0009659832734597014 0.001025165388876173 0.0027259513733431792 -0.0022568712970401535 0.00063129416158696713 0.0048304572268593896 0.00075291557863869474 -0.0018913394379255228
leaf_weight=847.60750916600227 2313.3876086175442 475.58184304833412 443.46036633849144 35321.837694600224 2108.1301331818104 244.79675866663456 293.85561050474644 7569.5131073594093 403.23278886079788 252.30275028944016 601.25080977380276 634.67587360739708 1189.6182488948107 970.45182654261589
leaf_count=3435 9325 1915 1787 141680 8437 984 1183 30401 1671 1028 2425 2559 4766 3911
internal_value=3.37821e-05 -1.97954e-06 5.9474e-05 3.30168e-05 0.000430627 0.000552697 -0.00177142 0.000783176 -0.00012638 0.000868318 0.000944202 0.00283024 0.000699308 -0.000441518
internal_weight=53669.7 52822.1 50508.7 50033.1 14308.1 13570.7 737.316 11462.6 35725.1 11217.8 10965.5 1235.93 9729.58 2160.07
internal_count=215507 212072 202747 200832 57481 54511 2970 46074 143351 45090 44062 4984 39078 8677
is_linear=0
shrinkage=0.02


Tree=167
num_leaves=15
num_cat=0
split_feature=0 11 28 13 25 30 21 27 13 13 28 20 10 15
split_gain=8.7969 7.56022 9.32493 8.79505 8.89239 10.5546 9.95597 8.33624 8.1911 8.13546 8.28652 9.69201 8.58157 7.88748
threshold=0.066369172185659422 0.00022074429580243307 2.5484979794890287e-12 2.6147035896428864e-05 0.15827166289091113 0.47253634035587316 0.036218693479895599 -0.26388889551162714 4.3591571738943464e-05 4.5407923607854179e-05 5.4847904104766986e-13 -0.011577340774238108 0.58333334326744091 -0.27032527327537531
decision_type=2 8 2 10 10 2 2 10 10 10 2 2 2 2
left_child=1 2 3 -1 5 6 7 8 -5 -9 11 12 -11 -3
right_child=-2 13 -4 4 -6 -7 -8 9 -10 10 -12 -13 -14 -15
leaf_value=0.0025153001238482028 0.00083159019733955789 0.00054697366867740335 0.0017266974014834963 -0.005024747060101125 -0.0026130076915202318 0.0021545779065385105 -0.0014308444337618525 0.0015060045104701 -5.6727669459493416e-05 0.0012965395210496296 0.00031983329673793452 0.0011667624728697065 -0.0026288643884267555 -9.4674452878975703e-05
leaf_weight=339.71393412351608 5045.5476270020008 11240.04090218246 728.11682234704494 251.64510329067707 848.65505510568619 545.69281846284866 4076.471463650465 1167.7210927605629 260.53147101402283 252.11907884478569 3189.5916642546654 482.9649174362421 1385.6722748726606 23974.767714336514
leaf_count=1364 20579 45071 2929 1012 3402 2190 16331 4686 1050 1010 12789 1934 5549 96092
internal_value=3.83318e-05 -4.40872e-05 -0.000445579 -0.000571641 -0.000659693 -0.000512694 -0.000647865 -0.000188479 -0.00259474 9.16881e-06 -0.000324394 -0.00128724 -0.00201624 0.000110324
internal_weight=53789.3 48743.7 13528.9 12800.8 12461.1 11612.4 11066.7 6990.25 512.177 6478.07 5310.35 2120.76 1637.79 35214.8
internal_count=215988 195409 54246 51317 49953 46551 44361 28030 2062 25968 21282 8493 6559 141163
is_linear=0
shrinkage=0.02


Tree=168
num_leaves=15
num_cat=0
split_feature=5 25 23 7 11 25 2 20 25 2 18 25 4 30
split_gain=5.28402 6.31749 5.32416 4.90598 9.40419 12.5909 10.4404 8.08538 12.3917 9.19467 8.76977 16.3998 8.0095 10.5685
threshold=0.00047554523916915065 -0.066454764455556856 0.029911458492279056 0.00011325450759613888 0.00022635493951383981 -0.23914678394794461 0.91666665673255932 0.099652498960495009 0.074495539069175734 0.58333334326744091 -0.31171618402004236 -0.040545936673879616 0.91666665673255932 0.013329370412975551
decision_type=8 8 2 8 10 10 2 2 10 2 2 10 2 2
left_child=3 -2 -3 -1 5 -5 7 8 10 -10 11 -7 13 -6
right_child=1 2 -4 4 12 6 -8 -9 9 -11 -12 -13 -14 -15
leaf_value=0.00032348241807905731 -0.00093017298079402266 0.0042688300361441063 0.000824579695220033 0.0030072280003185432 0.00022121993021119432 -0.0038247765702078967 -0.0020793298604205395 -0.0014863159853071332 0.00018952017764895277 -0.0039106138618250482 0.00072662329505883601 0.002321309658048284 0.00050199572701487645 -0.00064393020428265852
leaf_weight=10604.077893972397 323.50104634463787 311.30856697261333 418.57150773704052 336.89246371388435 11786.518961310387 464.98829054832458 2059.695433229208 2245.7965198308229 370.54763032495975 507.96553589403629 3895.4849887639284 253.94885343313217 9369.3818733543158 10811.23400759697
leaf_count=42606 1311 1255 1692 1364 47321 1876 8253 9024 1494 2041 15655 1023 37552 43401
internal_value=-3.23466e-05 0.00135685 0.00236829 -6.0615e-05 -0.000157463 -0.000687662 -0.000820568 -0.000481047 -6.61393e-05 -0.0022155 0.000350859 -0.00164974 1.0964e-05 -0.000192889
internal_weight=53759.9 1053.38 729.88 52706.5 42102.5 10135.3 9798.43 7738.73 5492.94 878.513 4614.42 718.937 31967.1 22597.8
internal_count=215868 4258 2947 211610 169004 40730 39366 31113 22089 3535 18554 2899 128274 90722
is_linear=0
shrinkage=0.02


Tree=169
num_leaves=15
num_cat=0
split_feature=13 12 4 27 9 9 10 27 9 13 25 21 25 16
split_gain=6.84899 8.8196 8.85703 8.90116 8.91998 8.58491 9.55001 11.8932 8.22933 8.20239 13.1282 12.4246 8.09607 8.05711
threshold=0.00011193597674719059 0.91666665673255932 0.91666665673255932 -0.26388889551162714 0.00049876945558935415 0.0005368667480070145 0.75000000000000011 -0.038888890296220772 0.0004832395061384887 0.00012214886373840275 0.10935534909367563 -0.12172171473503111 0.0099467872641980665 -0.079192273318767534
decision_type=8 2 2 10 10 10 2 10 10 10 8 2 10 2
left_child=1 5 3 -3 -5 -1 12 -8 13 10 -2 -11 -7 -4
right_child=9 2 8 4 -6 6 7 -9 -10 11 -12 -13 -14 -15
leaf_value=0.00019062458227769475 0.00091896251975667937 0.002598800735873466 -0.0011287862418582833 -0.00087881752915330293 -0.0040522799464864237 -0.00518780602911844 0.0032244655334871058 -0.002400441517728107 0.0033739262628907918 0.0014711970054759524 0.005186207367846688 -0.00020919508177792251 -0.00056420712757468416 0.00078680462010758334
leaf_weight=28511.912015020847 2422.2144500017166 260.53955811262131 1489.7908055186272 7253.3590578585863 354.78464436531067 341.55595810711384 272.57804490625858 289.62852601706982 291.71873942017555 2301.6696473360062 309.89465206861496 7260.1727115511894 270.05221563577652 2079.770122051239
leaf_count=114582 9712 1055 5971 29087 1422 1372 1096 1160 1170 9249 1244 29129 1085 8332
internal_value=6.07774e-05 -6.2321e-05 -0.000526132 -0.00091037 -0.00103704 0.000121179 -0.00154058 0.0003438 0.000257542 0.000474897 0.00143715 0.000197525 -0.00322879 -1.45205e-05
internal_weight=53709.6 41415.7 11730 7868.68 7608.14 29685.7 1173.81 562.207 3861.28 12294 2732.11 9561.84 611.608 3569.56
internal_count=215666 166332 47037 31564 30509 119295 4713 2256 15473 49334 10956 38378 2457 14303
is_linear=0
shrinkage=0.02


Tree=170
num_leaves=15
num_cat=0
split_feature=0 22 21 27 13 28 13 0 13 22 21 21 11 22
split_gain=8.27827 8.3964 10.8906 7.34917 6.83563 8.31809 9.50953 10.2204 8.14416 6.8814 6.51523 14.0031 11.1281 6.49726
threshold=0.04467704892158509 -0.30993221700191492 -0.43589727580547327 0.026666667312383655 8.507629900122994e-05 6.2702799766625749e-13 0.00013798035797663036 0.007044695084914566 0.00015749743033666166 0.09595599398016931 0.12898823618888858 0.22186352312564853 0.00033331148733850574 0.10521033778786661
decision_type=2 2 2 8 10 2 10 2 10 2 2 2 10 2
left_child=3 -2 -3 13 -5 6 7 -6 10 -8 12 -12 -7 -1
right_child=1 2 -4 4 5 8 9 -9 -10 -11 11 -13 -14 -15
leaf_value=-0.00012802581158811554 -0.0023961009606654092 0.0044597599260334129 0.00043581807893094282 0.0016582830970413923 -0.0030927923387489759 -0.0013077007711307213 -0.00031116675536767161 0.0011202080039568072 0.0037461888130318152 -0.0043264952098369417 -0.0037965345512624839 0.0022757603458115208 0.0037627377519203805 -0.00093164932138052495
leaf_weight=29817.697551980615 387.96593680977821 254.86638690531254 13435.162795245647 1577.5672645121813 272.65804241597652 281.9917328953743 299.05004192888737 1062.6899817585945 353.61495898663998 388.39945818483829 326.67910957336426 252.63250422477722 397.72497899830341 4633.9320476800203
leaf_count=119460 1567 1048 54293 6317 1091 1129 1198 4255 1419 1557 1308 1012 1593 18557
internal_value=1.72605e-05 0.000433559 0.000517128 -0.000130639 0.000567835 8.81604e-05 -0.000762929 0.000227032 0.00115198 -0.00263795 0.000376178 -0.00116089 0.00168193 -0.000236595
internal_weight=53742.6 14078 13690 39664.6 5213.01 3635.44 2022.8 1335.35 1612.64 687.45 1259.03 579.312 679.717 34451.6
internal_count=215804 56908 55341 158896 20879 14562 8101 5346 6461 2755 5042 2320 2722 138017
is_linear=0
shrinkage=0.02


Tree=171
num_leaves=15
num_cat=0
split_feature=0 18 17 29 29 27 25 23 7 29 1 0 23 28
split_gain=13.1133 10.2722 11.6922 9.51604 9.72961 8.93635 8.70304 11.7704 11.4042 8.59219 8.41123 9.78383 7.11725 6.90496
threshold=0.071700509637594237 0.28108148276805883 -0.0097895106300711614 8.4198235406410259e-13 6.4972414384398279e-13 -0.34333333373069758 0.1114025041460991 0.14051859080791476 0.00020363298972370106 2.4668688044984099e-13 4.6274337364593528e-05 0.018732932396233085 -0.036017911508679383 8.8077424043389595e-13
decision_type=2 2 2 2 2 8 10 2 10 2 10 2 2 2
left_child=1 5 -3 4 -2 13 7 -5 -8 -7 12 -12 -4 -1
right_child=3 2 10 6 -6 9 8 -9 -10 -11 11 -13 -14 -15
leaf_value=-0.0047021665696632469 0.0012267168621004079 0.0044034880531023876 0.002155811402947063 0.00033709784996057378 0.0047269107454684161 0.0029587768660264734 0.0051095551379762918 -0.0041964878470253418 -0.00062591767848054511 -0.00016731202324356856 -0.0003615656056021195 0.0019313438096394083 -0.0011247372613865175 -0.00069712835309175482
leaf_weight=281.0656813532114 980.1130365729332 308.67134067416191 299.6800327450037 1544.3369084000587 465.78914539515972 334.59335376322269 287.01310336589813 248.51286351680756 245.74987801909447 43572.361390292645 1145.3525668531656 2077.3341130167246 1533.8196442872286 422.01030379533768
leaf_count=1132 3984 1240 1203 6354 1900 1345 1175 1016 1004 174687 4585 8346 6147 1703
internal_value=6.99349e-06 -7.90083e-05 0.000746195 0.00114098 0.00240339 -0.000178538 0.000342293 -0.000330682 0.00253701 -0.000142153 0.000506454 0.00111923 -0.000571065 -0.00238398
internal_weight=53746.4 49974.9 5364.86 3771.51 1445.9 44610 2325.61 1792.85 532.763 43907 5056.19 3222.69 1833.5 703.076
internal_count=215821 200388 21521 15433 5884 178867 9549 7370 2179 176032 20281 12931 7350 2835
is_linear=0
shrinkage=0.02


Tree=172
num_leaves=15
num_cat=0
split_feature=22 16 1 20 21 16 25 24 23 13 13 23 8 18
split_gain=6.89083 11.4173 11.3779 11.3612 11.0599 9.52655 9.40463 10.5548 9.08622 12.847 11.352 9.58827 7.89849 9.92487
threshold=-0.032588509842753403 -0.18251620978116986 0.00021683648810721937 -0.15275890380144116 -0.062501057982444749 -0.42883904278278345 0.10733103752136232 -0.088317494839429841 -0.022572299465537068 0.00010200834731222132 3.5722239772439941e-05 -0.20192908495664594 0.58333334326744091 0.090271390974521651
decision_type=2 2 8 2 2 2 8 10 2 10 8 2 2 2
left_child=2 3 8 -2 5 -5 7 -3 10 -10 11 -1 13 -9
right_child=1 6 -4 4 -6 -7 -8 12 9 -11 -12 -13 -14 -15
leaf_value=0.00020058514990533752 -0.0043562816151713904 0.0015530386987701486 0.003058569220229553 0.0032810745132078327 -0.0014133125121910254 -0.00032065430861708639 0.00065100372614688019 0.0016590916295242245 0.00050641338856344449 0.0036978003079433798 0.00011612117628050839 -0.0037431316350356094 -0.00057190555234170302 -0.00050130083865170395
leaf_weight=426.1904451996088 370.01378343999386 1188.8752552270889 536.7101126909256 381.66050158441067 3481.7940723747015 1082.3008948713541 5899.3798321634531 1555.6350459158421 2435.586149007082 619.285519734025 18281.943693131208 558.93646655976772 15099.078711599112 1833.3800254315138
leaf_count=1719 1488 4777 2170 1537 13970 4349 23697 6249 9798 2486 73429 2252 60554 7367
internal_value=-2.89465e-05 -0.00022368 0.000234189 -0.00106521 -0.000802438 0.000649896 -4.80809e-05 -0.000258123 0.000163603 0.00117322 2.47352e-06 -0.00206694 -0.000376142 0.000494284
internal_weight=53750.8 30892.1 22858.7 5315.77 4945.76 1463.96 25576.3 19677 22321.9 3054.87 19267.1 985.127 18488.1 3389.02
internal_count=215842 123988 91854 21344 19856 5886 102644 78947 89684 12284 77400 3971 74170 13616
is_linear=0
shrinkage=0.02


Tree=173
num_leaves=15
num_cat=0
split_feature=9 18 8 27 9 20 2 9 25 11 11 11 13 27
split_gain=5.60432 5.43701 9.09396 9.44534 7.52133 7.04281 9.69761 8.82045 8.74363 7.97067 8.28354 10.2467 9.25861 12.9232
threshold=0.0010840049362741413 0.45511183142662054 0.75000000000000011 -0.038888890296220772 0.00018295757763553413 0.097609050571918501 0.58333334326744091 0.00085438319365493964 0.094098504632711424 0.0006382602732628585 0.00021087367349537092 0.00033142398751806473 0.00010542674135649578 -7.4940054162198057e-16
decision_type=8 2 2 10 10 2 2 10 10 10 8 10 10 10
left_child=1 5 4 -4 -3 6 -1 -8 9 10 -7 -12 -13 -14
right_child=-2 2 3 -5 -6 8 7 -9 -10 -11 11 12 13 -15
leaf_value=0.00061590114916953423 0.0022283823784976817 0.0050385646724412959 -0.0026284902078449013 0.0016746000881305166 0.00077703220672411372 -0.0016302501609047422 -6.6376313492128364e-05 -0.0036804699405776713 0.00027045652311892538 -0.0027181162382846945 0.0006965717247104685 -0.0019349824599115897 0.0039210892932450715 -0.00096505477456579369
leaf_weight=10219.123266562819 430.22394895553589 312.31363573670387 351.59031954407692 432.90154454112053 347.67651522159576 2282.9102704077959 28566.561213195324 252.70965823531151 4383.9935425519943 790.09840427339077 2617.903256714344 1716.6882553994656 285.5750437527895 725.03873640298843
leaf_count=41153 1742 1258 1415 1737 1402 9168 114596 1016 17602 3168 10506 6884 1146 2905
internal_value=6.34992e-06 -1.24201e-05 0.00118935 -0.000271342 0.00288251 -4.6352e-05 8.71802e-05 -0.000100598 -0.000453039 -0.000829565 -0.000627358 -0.000194548 -0.00104877 0.00046495
internal_weight=53715.3 53285.1 1444.48 784.492 659.99 51840.6 39038.4 28819.3 12802.2 8418.21 7628.12 5345.21 2727.3 1010.61
internal_count=215698 213956 5812 3152 2660 208144 156765 115612 51379 33777 30609 21441 10935 4051
is_linear=0
shrinkage=0.02


Tree=174
num_leaves=15
num_cat=0
split_feature=0 27 29 25 28 27 29 25 19 25 24 0 29 12
split_gain=9.05991 9.87417 10.1201 22.5592 17.2373 9.42486 10.1876 12.261 10.4474 9.06677 12.4046 10.5419 8.81833 11.2981
threshold=0.078768830746412291 0.026666667312383655 4.2015504031663047e-13 0.10733103752136232 3.605679529906578e-13 -9.1593399531575395e-16 7.9171597663213477e-13 0.10935534909367563 0.12461967766284944 -0.031645266339182847 -0.047032555565237992 0.0044215582311153421 4.7554684799375201e-13 0.91666665673255932
decision_type=2 8 2 10 2 10 2 10 2 10 10 2 2 2
left_child=1 -1 3 4 -3 6 -2 8 -8 10 -4 -11 13 -13
right_child=5 2 9 -5 -6 -7 7 -9 -10 11 -12 12 -14 -15
leaf_value=-0.00015185588971718895 0.0037682509376823774 -0.0022515785792125609 0.0011650484308964454 0.0068376311442767236 0.0033202371778067018 -0.002085182863129247 0.0010350785765369159 0.0040150399637075658 -0.0028800191659072044 -0.0023953880536246603 -0.0040396562801154612 0.001337441494361218 0.0013044495276650771 -0.0035734827608573071
leaf_weight=44503.822281911969 620.34726929664612 412.38692346215248 314.56107665598392 305.39678387343884 437.69959956407547 292.60860587656498 860.22222939133644 339.1625284999609 375.0612246543169 403.32014115154743 395.89514169096947 363.99011620879173 3689.5187671631575 349.74098306894302
leaf_count=178517 2542 1652 1262 1225 1753 1179 3560 1398 1544 1614 1587 1458 14797 1402
internal_value=1.32859e-05 -4.42077e-05 0.000672085 0.00235738 0.00062766 0.00118709 0.00163824 0.00076225 -0.000180584 0.000311877 -0.00176642 0.000625116 0.000911362 -0.00110081
internal_weight=53663.7 51176.3 6672.51 1155.48 850.087 2487.4 2194.79 1574.45 1235.28 5517.03 710.456 4806.57 4403.25 713.731
internal_count=215490 205267 26750 4630 3405 10223 9044 6502 5104 22120 2849 19271 17657 2860
is_linear=0
shrinkage=0.02


Tree=175
num_leaves=15
num_cat=0
split_feature=0 25 1 14 14 7 22 14 22 20 21 1 4 19
split_gain=7.5542 7.58487 7.31816 8.40005 8.85656 9.23922 9.63468 7.80725 8.74558 9.37512 7.99204 7.31989 11.5079 9.58604
threshold=0.097167816013097777 0.053949335590004928 3.0826868169242523e-05 0.32407245039939886 0.39841902256011968 0.00015840808919165286 0.0027477468829602007 0.24081806838512423 -0.22840950638055799 0.091528128832578673 0.15242928266525271 3.2522844776394784e-05 0.75000000000000011 -0.025123653002083298
decision_type=2 10 8 2 2 10 2 2 2 2 2 10 2 2
left_child=2 -2 3 7 -5 6 -6 8 -1 -10 -11 12 -4 -14
right_child=1 -3 11 4 5 -7 -8 -9 9 10 -12 -13 13 -15
leaf_value=-0.0029784839391492775 0.00026908387075518181 0.0041544691261038279 0.00390462067915714 -0.0046539314168418918 -0.0022328485955309682 -0.0029178001491799057 0.0012226998760646946 0.0026188361278698898 0.00040807525090300008 -0.0034426943857817699 -0.00014122023557378415 4.9464900388849775e-05 0.0023919725251993645 -0.0027388140811105965
leaf_weight=441.21535769104958 479.61108221113682 329.70043937861919 487.47673361003399 304.1364388614893 499.61602169275284 687.14854836463928 831.95118018984795 360.53907509148121 3629.0015193521976 517.36549101769924 649.68014991283417 44029.787489920855 261.42657750844955 282.15806993842125
leaf_count=1773 1999 1361 1958 1220 2008 2758 3339 1446 14572 2076 2605 176707 1049 1131
internal_value=1.98896e-05 0.00191395 -9.75409e-06 -0.000569602 -0.00157516 -0.00107021 -8.7708e-05 -0.000148215 -0.00034794 -9.45776e-05 -0.00163815 8.88633e-05 0.00173835 -0.000273943
internal_weight=53790.8 809.312 52981.5 7920.65 2322.85 2018.72 1331.57 5597.8 5237.26 4796.05 1167.05 45060.8 1031.06 543.585
internal_count=216002 3360 212642 31797 9325 8105 5347 22472 21026 19253 4681 180845 4138 2180
is_linear=0
shrinkage=0.02


Tree=176
num_leaves=15
num_cat=0
split_feature=0 2 8 6 15 11 3 15 15 0 29 13 0 13
split_gain=10.3467 6.74693 8.0188 6.3459 8.8574 9.97073 9.30557 8.85968 9.95945 8.41075 9.91167 8.31082 7.6059 8.60534
threshold=0.061451720073819167 0.58333334326744091 0.91666665673255932 0.58333334326744091 -0.32978722453117365 0.0002348001362406649 0.00017263408517464998 -0.22415588051080701 -0.27585932612419123 0.045062836259603507 7.5590973909987768e-13 5.483708264364396e-05 0.0072461105883121499 6.8027555244043483e-05
decision_type=2 2 2 2 2 8 10 2 2 2 2 8 2 8
left_child=3 2 -2 4 5 -1 11 8 -6 12 -11 -7 -9 -14
right_child=1 -3 -4 -5 7 6 -8 9 -10 10 -12 -13 13 -15
leaf_value=-0.0011154613536733576 0.0020980719664982612 0.00029619545204793984 -0.0011537549505068467 5.3536140248269145e-05 -0.00058378943070887485 -0.00078494795615340865 -0.0013622934921943505 0.00058126402491160138 -0.005859595062717906 -0.001001957471125367 0.0029765588451837618 0.0030362327493792828 -0.0024543209678666235 -0.00057279070841608534
leaf_weight=1011.8764581084251 2055.3260085135698 4131.0844608843327 342.09495075047016 38193.022794395685 285.84803894162178 284.41703401505947 367.58978641033173 928.14797081053257 276.89757692813873 487.82891710102558 478.99947173893452 993.91634081304073 1757.068369269371 2183.1236625313759
leaf_count=4062 8428 16748 1388 153067 1146 1142 1477 3715 1110 1959 1933 3985 7046 8747
internal_value=4.38342e-05 0.000788874 0.00162835 -5.94006e-05 -0.000534786 0.00043338 0.00138753 -0.000937076 -0.00329175 -0.000699523 0.000989512 0.00218706 -0.00103763 -0.00141999
internal_weight=53777.2 6528.51 2397.42 47248.7 9055.71 2657.8 1645.92 6397.91 562.746 5835.17 966.828 1278.33 4868.34 3940.19
internal_count=215953 26564 9816 189389 36322 10666 6604 25656 2256 23400 3892 5127 19508 15793
is_linear=0
shrinkage=0.02


Tree=177
num_leaves=15
num_cat=0
split_feature=0 8 6 3 10 14 14 16 26 14 14 16 22 23
split_gain=11.1502 8.37038 7.86022 9.21574 17.0848 9.68081 12.8088 7.68231 7.52544 7.18923 8.07261 7.2866 9.9611 6.85318
threshold=0.033031640574336059 0.41666667163372045 0.91666665673255932 0.00018767965957522395 0.91666665673255932 -0.31134563684463495 -0.74608150124549855 0.63780573010444652 -0.41666667163372034 0.32407245039939886 0.64062547683715831 0.10591484606266023 0.11677308008074762 -0.065781388431787477
decision_type=2 2 2 10 2 2 2 2 10 2 2 2 2 2
left_child=1 13 8 5 -5 6 -4 -3 -2 11 -11 -7 -13 -1
right_child=2 7 3 4 -6 9 -8 -9 -10 10 -12 12 -14 -15
leaf_value=0.00019123094135085647 -0.0027611681627084717 -0.00022718458955975359 0.00076778164192362996 -0.0018753669654417915 0.0036193541545682063 -0.00017865900457158916 -0.0032917433550861677 0.0023095220805720716 0.0006085586492360031 -0.0025557401784876729 0.00053822793130614164 0.0043035817771602102 -0.00068130338518612602 -0.0029000235579371746
leaf_weight=432.67141634225845 250.0904602855444 30205.626343294978 441.46986365318298 354.50119158625603 561.56485648453236 1255.4185775667429 981.17440345883369 465.32030527293682 16082.407056972384 737.99088835716248 597.24533614516258 396.94249230623245 252.66530518233776 817.74471946060658
leaf_count=1734 1026 120941 1776 1428 2266 5040 3941 1865 64912 2963 2401 1594 1014 3274
internal_value=-1.48255e-05 -0.000253241 0.00033242 -0.000314885 0.00149836 -0.00067599 -0.00203883 -0.000187219 0.000553646 -6.87968e-05 -0.0011843 0.000717244 0.00240227 -0.00184421
internal_weight=53832.8 31921.4 21911.5 5578.97 916.066 4662.91 1422.64 30670.9 16332.5 3240.26 1335.24 1905.03 649.608 1250.42
internal_count=216175 127814 88361 22423 3694 18729 5717 122806 65938 13012 5364 7648 2608 5008
is_linear=0
shrinkage=0.02


Tree=178
num_leaves=15
num_cat=0
split_feature=1 22 22 11 20 9 29 9 11 18 17 12 20 22
split_gain=6.54791 8.0798 7.44221 7.25198 6.86238 6.8333 6.68265 14.364 6.51283 5.86694 7.28831 6.17795 6.67456 8.6403
threshold=2.3764247089275162e-05 -0.1269237473607063 -0.068816512823104845 0.00039006175938993698 -0.25850753486156458 0.00022185628768056634 7.7890076116346473e-13 0.00012614452862180772 0.00017966105224331844 0.42687666416168218 0.5777021348476411 0.91666665673255932 0.28604044020175939 -0.053848929703235619
decision_type=8 2 2 8 2 10 2 10 10 2 2 2 2 2
left_child=1 4 -3 5 -1 6 7 -4 -8 11 -11 -2 13 -13
right_child=9 2 3 -5 -6 -7 8 -9 -10 10 -12 12 -14 -15
leaf_value=-2.5876675825195398e-05 0.00015138070934264832 0.0017763355039579483 0.0021642995433674419 -0.0034451753908533327 -0.003717063995432192 0.0018035235133344841 -0.00436231998098388 -0.0020287110471722946 -0.00065011797799459077 0.002209919023014702 -0.00051764193408449562 0.00019159243169002851 0.0020862466227818816 -0.00079560858671291789
leaf_weight=305.28122726082802 32702.191867113113 542.6548345386982 623.89889384806156 328.64980256557465 574.05268242955208 455.3776564002037 326.67348738014698 643.60461378097534 434.2942373752594 1036.4840262234211 612.67827601730824 5834.8428474962711 422.48697789013386 8996.0292363464832
leaf_count=1229 131374 2182 2504 1318 2308 1829 1317 2581 1748 4167 2468 23418 1696 36064
internal_value=-2.76425e-05 -0.000780636 -0.000327291 -0.00074285 -0.00246466 -0.00036063 -0.000859332 3.67596e-05 -0.00231462 3.69252e-05 0.00120255 -3.64438e-06 -0.000335771 -0.000407484
internal_weight=53839.2 4234.49 3355.15 2812.5 879.334 2483.85 2028.47 1267.5 760.968 49604.7 1649.16 47955.6 15253.4 14830.9
internal_count=216203 17016 13479 11297 3537 9979 8150 5085 3065 199187 6635 192552 61178 59482
is_linear=0
shrinkage=0.02


Tree=179
num_leaves=15
num_cat=0
split_feature=0 24 27 20 23 28 27 26 5 0 18 24 6 23
split_gain=8.75686 9.37175 8.90929 10.4695 14.9804 14.1809 9.73388 11.8071 9.7195 11.3065 10.0205 8.07545 7.09137 6.98773
threshold=0.077433113008737578 0.050538785755634315 0.026666667312383655 0.091528128832578673 0.040774192661046989 1.1094187092434984e-12 0.061111113056540496 0.083333335816860213 0.00019217575754737484 0.034168474376201637 0.16981531679630282 0.077927794307470336 0.58333334326744091 0.082044035196304335
decision_type=2 10 8 2 2 2 10 10 10 2 2 10 2 2
left_child=2 12 -1 13 -5 6 8 11 9 10 -6 -8 -2 -4
right_child=1 -3 3 4 5 -7 7 -9 -10 -11 -12 -13 -14 -15
leaf_value=-0.00010947249593855253 0.0040217379764381136 -0.00039552698169399594 0.00065535994784925655 -0.0043411069194433521 0.0017825772951377836 -0.0023289611180280314 -0.0046349799627673719 0.001291245788069403 0.003966812460711182 0.0036394896419791414 -0.0025588730260567112 -0.00032299094323521438 0.0011877491709117679 0.0028072083026569419
leaf_weight=44372.659990295768 495.16161122918129 979.80121350288391 1247.6749537736177 267.0484764277935 388.61917123198509 625.85476438701153 282.14415915310383 882.53225794434547 591.1065585911274 370.54336674511433 424.52238246798515 416.45473237335682 1214.4865086078644 1179.1809922903776
leaf_count=177982 2054 4007 5002 1070 1555 2512 1130 3542 2371 1486 1699 1670 4992 4726
internal_value=5.19026e-05 0.00115989 -6.90231e-06 0.000673163 7.2655e-05 0.000388892 0.000906546 -0.000234842 0.00191468 0.000840999 -0.00049101 -0.00214501 0.00204556 0.00171532
internal_weight=53737.8 2689.45 51048.3 6675.68 4248.83 3981.78 3355.92 1581.13 1774.79 1183.68 813.142 698.599 1709.65 2426.86
internal_count=215798 11053 204745 26763 17035 15965 13453 6342 7111 4740 3254 2800 7046 9728
is_linear=0
shrinkage=0.02


Tree=180
num_leaves=15
num_cat=0
split_feature=6 26 24 13 0 24 24 20 24 19 6 0 8 21
split_gain=7.06968 8.49091 8.26829 6.04294 5.91382 11.8985 19.9605 11.7432 9.74692 8.45331 11.0346 16.4506 12.5096 15.5567
threshold=0.41666667163372045 -0.093333333730697618 0.030799362808465961 8.6315812950488193e-05 0.0088585014455020445 0.091354139149189009 0.10531461238861085 0.1391318961977959 -0.10646243020892142 -0.12744452059268949 0.91666665673255932 0.031969280913472183 0.75000000000000011 0.082724113017320647
decision_type=2 10 10 8 2 10 10 2 10 2 2 2 2 2
left_child=1 3 -3 -1 5 7 -7 8 -2 10 12 -12 13 -6
right_child=4 2 -4 -5 9 6 -8 -9 -10 -11 11 -13 -14 -15
leaf_value=-0.00059520630695074513 -0.002066228100246534 -0.00082975081745197685 -0.0043266186309834495 0.0026342568837684553 0.00058556435364323688 0.0058347677989393863 -2.9251793612022769e-05 -0.002631189316193171 -1.4427911895937006e-05 -2.0253826223230562e-06 0.0010001740889565331 -0.001470076341451753 0.0017253251928286174 -0.0037591567334752576
leaf_weight=1123.0194695144892 1087.6905369460583 678.12845957279205 443.92722840607166 270.72205197811127 4533.6838609576225 291.60568402707577 910.25932313501835 1024.8051681816578 5650.8399492502213 28507.518915012479 2127.5471841543913 2146.7011763602495 4611.4862775355577 335.46836252510548
leaf_count=4537 4354 2719 1780 1094 18290 1167 3643 4101 22614 114466 8521 8631 18553 1354
internal_value=4.45703e-05 -0.000986279 -0.00226478 6.04808e-05 9.55606e-05 -0.000370465 0.00146574 -0.000657769 -0.000350751 0.000194548 0.000601365 -0.000241555 0.000981095 0.000272075
internal_weight=53743.4 2515.8 1122.06 1393.74 51227.6 8965.2 1201.87 7763.34 6738.53 42262.4 13754.9 4274.25 9480.64 4869.15
internal_count=215824 10130 4499 5631 205694 35879 4810 31069 26968 169815 55349 17152 38197 19644
is_linear=0
shrinkage=0.02


Tree=181
num_leaves=15
num_cat=0
split_feature=18 25 17 24 25 7 22 22 29 25 25 9 9 25
split_gain=8.35636 9.3001 8.06832 7.25676 8.52216 7.83849 9.73836 9.29603 7.68068 9.91318 15.0515 13.8519 8.89872 14.4318
threshold=0.27620050311088568 -0.16173961758613584 0.032199081033468253 -0.25496472418308253 -0.27415312826633448 0.00058887767954729508 0.064567271620035185 -0.038086319342255585 3.6684341003269399e-13 0.10329056531190874 -0.014060961548238991 0.00030833139317110186 0.00021229365665931257 -0.072918917983770357
decision_type=2 10 2 8 10 8 2 2 2 10 10 10 10 10
left_child=3 -2 -3 -1 -5 8 7 -7 9 10 12 -12 13 -6
right_child=1 2 -4 4 5 6 -8 -9 -10 -11 11 -13 -14 -15
leaf_value=-0.0027038739276448948 0.0042802040595397795 0.003004906633614635 0.00026224645221693279 0.0022637127587358118 -0.0038578430099215633 0.0019399995457269653 0.0041859945411761848 -0.0019809795869875336 -0.00011704066826722668 0.0019416842596769685 -0.0019128181936407119 -0.0069353529633076616 0.0012747935888241435 0.0012937831942885147
leaf_weight=416.59131407737732 248.8829278498888 445.39798001945019 5571.5170851945877 575.75607001781464 489.35225515067577 562.17172177135944 339.33523386716843 394.1315093934536 42056.199205771089 350.42934833467007 841.43359358608723 290.30424265563488 749.30525386333466 365.97471484541893
leaf_count=1671 1007 1793 22383 2342 1966 2268 1369 1586 168838 1406 3373 1163 3005 1468
internal_value=-4.64118e-05 0.000638854 0.000474552 -0.000137169 -0.000113285 -0.000143718 0.00137819 0.000316527 -0.000187989 -0.00114765 -0.00155449 -0.00329922 -0.000298485 -0.00167438
internal_weight=53696.8 6265.8 6016.92 47431 47014.4 46438.6 1295.64 956.303 45143 3086.8 2736.37 1131.74 1604.63 855.327
internal_count=215638 25183 24176 190455 188784 186442 5223 3854 181219 12381 10975 4536 6439 3434
is_linear=0
shrinkage=0.02


Tree=182
num_leaves=15
num_cat=0
split_feature=0 14 6 30 30 7 14 17 22 7 24 24 17 30
split_gain=9.40883 7.71016 8.71587 9.25103 7.53976 10.3643 6.88299 6.77447 6.75472 11.6717 7.27621 6.82285 9.01043 10.3966
threshold=0.02734616864472628 -0.27585932612419123 0.58333334326744091 -0.24548511207103726 0.2928901612758637 0.00010951072908937932 0.38523416221141821 0.61222708225250255 -0.12300241738557814 0.00021577275037998336 -0.088317494839429841 0.013796767219901087 -0.16409739851951596 -0.018941896967589852
decision_type=2 2 2 2 2 8 2 2 2 8 10 10 2 2
left_child=1 8 3 -3 -2 -6 -4 -7 9 -1 -10 12 -12 -14
right_child=4 2 6 -5 5 7 -8 -9 10 -11 11 -13 13 -15
leaf_value=-0.0018891159881474289 0.0001270635773536537 -0.004333003045793489 -0.00059131812202905111 -0.0010227935153515868 0.0030559819586648091 0.0010016413100497675 0.00030385392286871063 -0.0013541607924688521 0.0023950496657438934 0.0011880215773878186 -0.0014935103441862882 0.00097088673956608992 0.002640842330941673 -0.00084665881779601637
leaf_weight=1311.6233353316784 22651.011950343847 362.8685085773468 9946.699310824275 3116.5148490071297 816.02951093018055 2429.1162980645895 5227.892191156745 591.44616316258907 737.02966660261154 765.97314435243607 1438.1281566023827 2969.7648087143898 615.5914875715971 724.53316113352776
leaf_count=5253 91238 1453 39812 12477 3295 9788 20927 2393 2952 3069 5758 11887 2464 2900
internal_value=-1.87576e-06 -0.000262935 -0.000490837 -0.00139081 0.000266365 0.00108387 -0.000282923 0.000534487 0.000233542 -0.000754119 0.000551302 0.000307406 -0.00040368 0.000770614
internal_weight=53704.2 27216.6 18654 3479.38 26487.6 3836.59 15174.6 3020.56 8562.64 2077.6 6485.05 5748.02 2778.25 1340.12
internal_count=215666 108952 74669 13930 106714 15476 60739 12181 34283 8322 25961 23009 11122 5364
is_linear=0
shrinkage=0.02


Tree=183
num_leaves=15
num_cat=0
split_feature=24 0 2 24 0 19 24 13 7 24 0 28 11 11
split_gain=10.8828 9.15612 8.52581 10.2407 8.62924 8.70163 10.4839 6.64051 9.67642 6.37987 12.0231 8.53321 9.92346 12.4168
threshold=-0.25496472418308253 0.053288420662283904 0.58333334326744091 0.069960348308086409 0.083616543561220183 -0.20454707741737363 0.0088212643750011938 0.00014216658018995079 0.00028218518127687281 -0.050212485715746873 0.0074436687864363202 3.0808685680741581e-12 0.00019923453510273251 0.0002094941810355522
decision_type=8 2 2 10 2 2 10 10 10 10 2 2 8 10
left_child=-1 9 3 4 5 -3 -7 -4 -9 10 -2 12 -12 -14
right_child=1 2 7 -5 -6 6 -8 8 -10 -11 11 -13 13 -15
leaf_value=-0.0030986405551075274 -0.0010137752817267187 0.0033794431978073072 -3.0788204006470175e-05 -0.00036211345349782621 0.0042875463696823981 -0.00079980640953029847 0.0032445654238396184 -0.00046936552632135734 0.0045614302164462732 -0.00023386491039485431 -0.00048523866007881396 -0.0026284142874840929 0.0047704146709806735 0.00080859275369300104
leaf_weight=422.33041732013226 2343.1357570141554 586.70141613483429 5654.3146714866161 896.55235646665096 554.01337517797947 833.18926507234573 346.95117177069187 286.26940302550793 300.19902110099792 30036.136039793491 2414.735530808568 308.29156975448132 310.05668416619301 8397.1076710373163
leaf_count=1694 9378 2389 22859 3646 2315 3376 1404 1155 1219 120322 9689 1242 1244 33679
internal_value=2.55198e-05 5.14432e-05 0.00061508 0.00144799 0.00214436 0.00143187 0.000423459 0.000182423 0.00217128 -7.04676e-05 0.000285683 0.000553371 0.000646128 0.00096028
internal_weight=53690 53267.7 9458.19 3217.41 2320.86 1766.84 1180.14 6240.78 586.468 43809.5 13773.3 11430.2 11121.9 8707.16
internal_count=215611 213917 38363 13130 9484 7169 4780 25233 2374 175554 55232 45854 44612 34923
is_linear=0
shrinkage=0.02


Tree=184
num_leaves=15
num_cat=0
split_feature=9 0 7 18 23 3 25 30 20 9 7 3 20 9
split_gain=9.03864 7.78261 7.49481 6.98134 13.4831 13.1271 7.63405 7.25838 8.44613 9.83217 7.05609 9.72326 11.312 9.61042
threshold=0.0010840049362741413 0.097167816013097777 0.00013094637688482183 0.27620050311088568 -0.065781388431787477 0.00010907127216341907 -0.067802403122186647 0.35930015146732336 0.072590947151184096 0.00011246026042499581 0.0001676843021414243 0.00012283346586627888 -0.23891033232212064 0.00027792538458015775
decision_type=8 2 10 2 2 10 10 2 2 10 10 10 2 10
left_child=1 3 -3 10 5 -5 -6 8 -8 -10 -1 -12 13 -13
right_child=-2 2 -4 4 6 -7 7 -9 9 -11 11 12 -14 -15
leaf_value=0.00010461800362979326 0.0027911726654873954 0.0045380430915637144 0.00048377380507215413 0.0052611076974461071 -0.0020925717366752977 -0.00034518163812506582 0.0036926246748132823 -0.00073341630543862543 -0.0024284147018199267 0.0010158005457215991 -0.00080183989419900265 0.0039937796020836679 -0.00020885491636696356 0.00039090520519582131
leaf_weight=20411.368146523833 428.1586352288723 258.74122889339924 543.92804680764675 421.07802978157997 502.89240469038486 265.15222318470478 379.19663640856743 1433.0120268017054 359.66412833333015 2631.7861376851797 12245.919763565063 463.12017507851124 12656.594169199467 778.0263134688139
leaf_count=81936 1735 1078 2257 1695 2020 1067 1522 5755 1443 10561 49112 1864 50795 3131
internal_value=-3.73104e-05 -6.10476e-05 0.00186922 -9.12325e-05 0.000550172 0.00314647 0.000203872 0.000451965 0.000957277 0.000588322 -0.000173998 -0.000391438 -2.91815e-05 0.00177729
internal_weight=53778.6 53350.5 802.669 52547.8 5992.78 686.23 5306.55 4803.66 3370.65 2991.45 46555 26143.7 13897.7 1241.15
internal_count=215971 214236 3335 210901 24063 2762 21301 19281 13526 12004 186838 104902 55790 4995
is_linear=0
shrinkage=0.02


Tree=185
num_leaves=15
num_cat=0
split_feature=29 5 18 25 25 17 1 29 29 7 7 16 29 13
split_gain=5.90453 7.00529 5.57915 11.4982 7.37208 11.5772 8.46012 6.53224 8.70388 13.2441 6.83117 10.0469 6.45858 8.75662
threshold=2.9474788224275605e-13 0.00015700755466241392 0.26199640333652502 -0.15091519057750699 -0.072918917983770357 0.37383608520030981 4.6274337364593528e-05 2.4527196679918765e-12 1.051894628258804e-12 0.00027376011712476617 0.00016864575445652011 0.37038548290729528 3.6684341003269399e-13 0.00010259271948598327
decision_type=2 10 2 8 10 2 10 2 2 10 10 2 2 10
left_child=1 -1 12 -4 5 -5 -6 8 10 -10 11 -8 13 -2
right_child=2 -3 3 4 6 -7 7 -9 9 -11 -12 -13 -14 -15
leaf_value=0.0026164951977297435 -0.0019138515931566729 -0.00081325953071468909 0.0042387940486768912 -0.0041252043827701345 -0.00042809049841714008 0.0012119179458673942 -0.0018489052712395546 0.0041358159956839755 0.00088457363373827371 -0.0042517388950926325 0.002249419997128545 0.0021730106826861103 4.3313186473302183e-06 0.00074878748698600339
leaf_weight=720.50996951758862 1561.6129578948021 339.65865778923035 304.55759331583977 329.13840414583683 2061.5373035222292 290.88828603923321 484.56866963207722 255.42120364308357 605.53201825916767 276.74111238121986 1690.7213389724493 469.51287634670734 43627.559285983443 705.4817700535059
leaf_count=2896 6261 1365 1232 1322 8278 1170 1943 1035 2438 1115 6786 1884 175198 2827
internal_value=5.91925e-05 0.00152295 2.91585e-05 0.000564305 0.000378639 -0.00166164 0.000600033 0.00115969 0.000922058 -0.000785058 0.00149315 0.000134298 -4.99773e-05 -0.00108598
internal_weight=53723.4 1060.17 52663.3 6768.62 6464.06 620.027 5844.03 3782.5 3527.08 882.273 2644.8 954.082 45894.7 2267.09
internal_count=215750 4261 211489 27203 25971 2492 23479 15201 14166 3553 10613 3827 184286 9088
is_linear=0
shrinkage=0.02


Tree=186
num_leaves=15
num_cat=0
split_feature=23 13 23 14 19 13 23 0 14 19 7 21 13 13
split_gain=6.35148 7.63085 6.31654 5.65868 4.98715 5.42162 5.38816 4.76116 6.40107 9.3742 6.33448 11.3044 12.1343 7.13453
threshold=-0.33430701494216913 6.0328377003315843e-05 -0.26106904447078699 -0.51256221532821644 -0.35243657231330866 6.7398665123619153e-05 -0.29019676148891443 0.0068506477400660524 0.24081806838512423 -0.31146892905235285 0.00058887767954729508 0.14955155551433566 0.00012479259021347391 0.0001975214545382187
decision_type=2 10 2 2 2 10 2 2 2 2 8 2 8 8
left_child=1 -1 4 -3 6 -6 -2 8 9 -4 -9 12 -12 -14
right_child=2 3 7 -5 5 -7 -8 10 -10 -11 11 -13 13 -15
leaf_value=-0.00014282754087862286 -0.0042730688053517129 0.0051530892025496615 0.0016334789067323514 0.0012459577317482779 0.0011148832509318969 -0.0016869220982407276 -0.00050577270606324697 3.1393917792616966e-05 0.00037705830330297778 -0.0012179290270360875 -0.0019455932102728887 0.0050010212409200795 0.0046767686026512245 1.6603167759123728e-05
leaf_weight=652.48803588747978 337.57229617238045 248.71723948419094 500.21101616322994 370.38840407133102 492.62806761264801 581.0585128813982 274.4398780465126 42599.810271963477 2286.4293005615473 4207.4691885858774 441.77676358819008 262.35109883546829 260.74357372522354 247.31068634986877
leaf_count=2645 1361 1009 2003 1499 1984 2336 1106 171090 9150 16836 1777 1063 1053 1000
internal_value=-1.12396e-05 0.00137433 -4.53153e-05 0.00292773 -0.00124246 -0.00040452 -0.00265319 -5.12173e-06 -0.000488921 -0.000909326 7.22994e-05 0.001486 0.000432015 0.00249484
internal_weight=53763.4 1271.59 52491.8 619.106 1685.7 1073.69 612.012 50806.1 6994.11 4707.68 43812 1212.18 949.831 508.054
internal_count=215912 5153 210759 2508 6787 4320 2467 203972 27989 18839 175983 4893 3830 2053
is_linear=0
shrinkage=0.02


Tree=187
num_leaves=15
num_cat=0
split_feature=13 13 25 27 24 25 13 3 20 21 8 8 13 14
split_gain=7.99576 8.26344 9.03485 10.8499 6.06875 6.54202 5.08181 7.4775 7.33645 8.96133 10.6627 7.74603 7.17075 6.96887
threshold=2.6147035896428864e-05 3.1393356039188809e-05 -0.12444471940398215 -0.15777777880430219 -0.25496472418308253 -0.27415312826633448 0.00016234647773671898 0.00044063832319807267 -0.19462428987026212 0.14160636812448504 0.91666665673255932 0.75000000000000011 0.00027394181233830755 -0.075210254639387117
decision_type=10 10 10 10 10 10 10 10 2 2 2 2 10 2
left_child=-1 2 -2 -4 -3 -6 7 -7 -8 11 -11 -10 13 -13
right_child=1 4 3 -5 5 6 8 -9 9 10 -12 12 -14 -15
leaf_value=0.0021795137524711979 0.0014777891830984921 -0.0024329582002858723 -0.0045803055259227643 0.00012807772224864526 0.0021469929299394981 -8.2772640858961696e-05 0.0033912487383960296 0.0027255535238740383 0.0013931612243376207 -0.00024583859796593519 0.0052849849829523692 0.0014638464157597287 -0.0029917084045524628 -0.0014206007710016921
leaf_weight=639.25988535583019 248.13216687738895 387.16318859159946 491.92059448361397 315.27067837119102 551.14005689322948 47130.311251685023 349.52746668457985 362.33091393113136 925.63351376354694 257.64610920846462 279.55497878789902 602.01033744215965 441.77174758911133 706.29726426303387
leaf_count=2576 1001 1553 1984 1266 2245 189203 1408 1466 3720 1038 1126 2417 1773 2835
internal_value=-9.51522e-06 -3.67054e-05 -0.00177209 -0.00278268 -8.14023e-07 1.8368e-05 -5.44224e-06 -6.02091e-05 0.000720941 0.000411261 0.00271874 -6.87452e-05 -0.000848966 -9.12822e-05
internal_weight=53688 53048.7 1055.32 807.191 51993.4 51606.2 51055.1 47492.6 3562.44 3212.91 537.201 2675.71 1750.08 1308.31
internal_count=215611 213035 4251 3250 208784 207231 204986 190669 14317 12909 2164 10745 7025 5252
is_linear=0
shrinkage=0.02


Tree=188
num_leaves=15
num_cat=0
split_feature=13 13 27 13 11 1 11 20 13 14 27 11 13 11
split_gain=5.44619 12.2132 16.4303 9.15239 11.8712 10.0289 10.0264 8.2624 9.48295 8.62384 8.20017 10.4217 13.1826 10.3698
threshold=0.00011193597674719059 8.5885560110909878e-05 0.094444446265697493 8.1674392276909216e-05 0.00019339739810675385 5.2015298933838501e-05 0.0003620178322307766 -0.16300196945667264 8.7215299572562812e-05 0.13297318667173388 -0.027777778916060921 0.00023617988335900011 9.188696640194395e-05 0.00019637532386695969
decision_type=8 10 8 10 10 10 10 2 10 2 8 10 10 10
left_child=1 2 3 -1 -5 -6 -7 9 -9 -3 11 12 -10 -12
right_child=-2 7 -4 4 5 6 -8 8 10 -11 13 -13 -14 -15
leaf_value=-8.6479877737491057e-05 0.00032818616606951492 -0.0027328735472837411 0.0049616906681793187 -0.0017917113610009892 0.0039806903786266633 -0.0012162238315046967 0.0026487693581980572 -0.0030561503455214041 0.0059203172308983426 0.00074029810118113716 -0.0032634177997263019 -0.00025012603814771056 0.00068883016067100122 -0.00049666877468670402
leaf_weight=28663.810479804873 12349.264747172594 1343.5996347218752 249.9887842386961 388.54289239645004 626.27947479486465 503.39116087555885 534.6831801533699 521.00825157761574 251.9808211773634 352.52027371525764 606.7606333643198 2585.7380215078592 683.02286715805531 4089.3736248910427
leaf_count=115217 49563 5393 1010 1559 2511 2020 2144 2089 1013 1414 2429 10375 2743 16379
internal_value=-4.00981e-05 -0.000150058 4.94516e-05 6.27075e-06 0.00128965 0.00202173 0.000786965 -0.000741136 -0.000490651 -0.0020108 -0.000320955 0.000407461 0.00219316 -0.000866468
internal_weight=53750 41400.7 30966.7 30716.7 2052.9 1664.35 1038.07 10434 8737.88 1696.12 8216.88 3520.74 935.004 4696.13
internal_count=215859 166296 124461 123451 8234 6675 4164 41835 35028 6807 32939 14131 3756 18808
is_linear=0
shrinkage=0.02


Tree=189
num_leaves=15
num_cat=0
split_feature=1 7 9 19 12 9 2 19 7 9 9 29 9 1
split_gain=4.83215 9.87757 5.87402 6.89984 5.35617 4.78991 4.33872 5.31388 6.3433 6.80954 6.88897 5.01594 4.78558 5.11556
threshold=2.3764247089275162e-05 0.00011784416710725056 0.00021943288447801026 0.091677665710449233 0.75000000000000011 0.00027460373530630028 0.41666667163372045 0.44077871739864355 9.3383339844876914e-05 0.00019286554743302989 0.00043425845797173684 4.8455732698862729e-13 0.0001341455717920326 5.6723201851127676e-05
decision_type=8 10 10 2 2 10 2 2 10 10 10 2 10 10
left_child=1 -1 4 5 -3 -4 7 8 -2 11 -11 -10 -8 -14
right_child=6 2 3 -5 -6 -7 12 -9 9 10 -12 -13 13 -15
leaf_value=0.00036313019974398587 0.0025132455585324706 -0.001063754763803231 0.00040804551869842178 0.0019950444553064684 -0.0036168754505502168 -0.0031636857095273018 0.00044277872863266571 0.0032688822625607204 0.0013786377242962845 0.0014216355262898917 -0.0014709704172379803 -0.0017116865966517745 -0.0004057561881468475 7.1283387960860108e-05
leaf_weight=1971.0693923085928 498.18272189795971 660.1551713347435 263.34554000198841 316.26648478209972 684.50917042791843 317.32416719198227 7458.5416970402002 271.814851552248 251.89206281304359 1602.406025737524 395.8423807322979 950.09368474781513 14510.205834716558 23577.346908345819
leaf_count=7926 2011 2655 1058 1270 2747 1274 29958 1100 1012 6461 1598 3839 58207 94657
internal_value=-1.98377e-05 -0.000668449 -0.00157072 -0.000306132 -0.0023974 -0.00158418 3.55914e-05 0.000667969 0.000460261 0.000127047 0.000839727 -0.0010521 -1.98016e-05 -0.000110572
internal_weight=53729 4212.67 2241.6 896.936 1344.66 580.67 49516.3 3970.23 3698.42 3200.23 1998.25 1201.99 45546.1 38087.6
internal_count=215773 16930 9004 3602 5402 2332 198843 16021 14921 12910 8059 4851 182822 152864
is_linear=0
shrinkage=0.02


Tree=190
num_leaves=15
num_cat=0
split_feature=16 17 13 13 28 5 16 13 17 28 9 13 5 14
split_gain=6.8609 11.5905 9.64637 11.843 10.3443 7.70283 7.93092 7.7279 7.67972 7.49023 7.66896 8.06484 9.22883 7.43496
threshold=-0.17883468419313428 -0.33022938668727869 8.4229232015786706e-05 8.6315812950488193e-05 2.8916692174432716e-12 0.00027735631738323724 -0.21554731577634809 6.2638508097734316e-05 -0.19033718854188916 6.3771782451114988e-13 0.00012968706141691658 4.6746261432417675e-05 0.00011029696543118918 0.083491615951061263
decision_type=2 2 8 10 2 10 2 10 2 2 10 10 10 2
left_child=2 -2 5 -4 13 6 7 9 -8 10 -1 -12 -13 -5
right_child=1 -3 3 4 -6 -7 8 -9 -10 -11 11 12 -14 -15
leaf_value=0.0004566676314067831 0.0026405473342403724 0.00012854386642902163 -0.004695769212948237 -0.00082270416235334491 -0.0043447249016467446 0.0024349409460000279 -0.0032592714158616379 0.00093714396227077986 0.00013988139478920167 0.00043711322708733357 -0.00026017729926741228 -0.0056032946313765786 -0.0012708608364373664 0.0011719082573391302
leaf_weight=712.37611116468906 729.46412087976933 37581.716755002737 295.21022805571556 5012.1004570126534 279.13656854629517 512.37804102897644 544.37687191367149 3140.7602200955153 499.67109332978725 2249.1496495008469 575.69066433608532 368.56176126003265 429.52116604149342 859.85916437208652
leaf_count=2862 2949 150855 1185 20111 1131 2066 2188 12619 2007 9082 2314 1479 1723 3448
internal_value=3.41628e-05 0.000177726 -0.000320939 -0.000910665 -0.000714376 0.000101019 -4.47114e-05 0.000184754 -0.00166042 -0.000362125 -0.00121978 -0.00208319 -0.00335969 -0.000527637
internal_weight=53790 38311.2 15478.8 6446.31 6151.1 9032.49 8520.11 7476.06 1044.05 4335.3 2086.15 1373.77 798.083 5871.96
internal_count=216019 153804 62215 25875 24690 36340 34274 30079 4195 17460 8378 5516 3202 23559
is_linear=0
shrinkage=0.02


Tree=191
num_leaves=15
num_cat=0
split_feature=0 0 22 13 22 20 0 0 11 13 13 13 1 14
split_gain=9.36577 5.6813 7.41747 8.322 14.4957 8.08732 6.56206 6.50118 6.22897 8.06268 7.81529 10.9136 8.68649 9.70566
threshold=0.097167816013097777 0.0068506477400660524 -0.1269237473607063 6.4143689087359248e-05 -0.067233223468065248 0.076199792325496687 0.0072461105883121499 0.0009791064076125624 0.0015195864834822716 0.00030839623650535947 0.00011193597674719059 0.00011053412526962349 3.2189474950428128e-05 0.057134659960865981
decision_type=2 2 2 10 2 2 2 2 10 10 8 10 10 2
left_child=1 2 -1 4 -4 -6 -3 -5 9 10 11 -8 13 -12
right_child=-2 6 3 7 5 -7 8 -9 -10 -11 12 -13 -14 -15
leaf_value=-0.0019416748643617246 0.0021755221444893342 0.0025308973413113857 0.0049118050982546067 0.0011578923961108824 -0.0012613363781669056 0.0017162088402825804 -6.9975418378276566e-06 -0.00099216012935242847 0.0026141853791487746 -0.0026078248503591003 0.00058283840276033628 -0.0034361199865399375 0.00075449352193121143 -0.0044880765133436156
leaf_weight=1157.4067690223455 807.73900355398655 424.99834369122982 286.72873458266258 645.03083129227161 768.6943399310112 659.12241479754448 34536.033947333694 3713.1795008033514 367.77537289261818 425.86076492071152 323.87501265108585 355.2816220074892 8998.8112663477659 256.41200239956379
leaf_count=4633 3359 1701 1148 2581 3077 2638 138704 14858 1488 1712 1299 1424 36118 1028
internal_value=6.45331e-05 3.15021e-05 -0.00048864 -0.000206241 0.000966996 0.000117907 0.000113991 -0.000670109 9.019e-05 6.83595e-05 9.51481e-05 -4.38631e-05 0.000600525 -0.00173273
internal_weight=53726.9 52919.2 7230.16 6072.76 1714.55 1427.82 45689 4358.21 45264 44896.3 44470.4 34891.3 9579.1 580.287
internal_count=215768 212409 28935 24302 6863 5715 183474 17439 181773 180285 178573 140128 38445 2327
is_linear=0
shrinkage=0.02


Tree=192
num_leaves=15
num_cat=0
split_feature=0 23 25 13 13 26 29 18 17 18 22 25 25 3
split_gain=6.93476 6.71686 6.69133 6.39769 6.33195 6.05742 6.98846 5.2095 10.7607 9.05375 11.631 13.2903 9.93011 8.30881
threshold=0.085550121963024153 0.0014959654072299602 0.055222077295184142 6.3859308284008889e-05 4.9341597332386307e-05 -0.39000000059604639 2.4668688044984099e-13 0.26199640333652502 -0.0097895106300711614 0.21663566678762439 0.21125415712594989 0.16614536941051486 0.17997390776872638 0.00014439320511883127
decision_type=2 2 10 10 10 8 2 2 2 2 2 10 10 10
left_child=5 4 -3 -4 -2 -1 -7 9 -9 10 11 -8 -13 -10
right_child=1 2 3 -5 -6 6 7 8 13 -11 -12 12 -14 -15
leaf_value=-0.0017215739598005211 0.0050616702887008591 -0.0021898837061420347 0.0033854931127299502 -0.00078318779484294859 0.0012242177606685443 0.0025230066079923973 -5.9192908305842729e-05 0.0035531796886192307 -0.00020929671986949218 -0.0013780929717824067 0.0019225525842404185 -0.0050808668820307287 -0.0010572382450502878 0.0014405513729604754
leaf_weight=847.65393733978271 253.43247869610786 318.9720144867897 279.15472333133221 278.00287379324436 514.21572662889957 403.23652894794941 39819.830550193787 404.33701066672802 4317.2054314017296 2204.7810693979263 1121.3638278394938 316.27599966526031 966.28376303613186 1680.3218319416046
leaf_count=3426 1057 1317 1151 1135 2136 1623 159733 1626 17319 8841 4498 1269 3880 6752
internal_value=-2.38642e-05 0.00124723 4.13832e-05 0.0013504 0.00258748 -6.44454e-05 -3.63673e-05 -5.76551e-05 0.000474844 -0.000134564 -6.90093e-05 -0.000124252 -0.00211223 0.000256191
internal_weight=53725.1 1643.78 876.13 557.158 767.648 52081.3 51233.6 50830.4 6401.86 44428.5 42223.8 41102.4 1282.56 5997.53
internal_count=215763 6796 3603 2286 3193 208967 205541 203918 25697 178221 169380 164882 5149 24071
is_linear=0
shrinkage=0.02


Tree=193
num_leaves=15
num_cat=0
split_feature=13 11 23 28 13 11 4 27 21 7 11 2 27 16
split_gain=5.90792 16.1849 8.65185 11.7474 8.19276 7.69129 15.5481 10.6335 10.9595 9.9734 8.96073 14.2786 14.1529 9.14169
threshold=0.00015987540973583239 0.00026418863853905355 -0.08728530257940291 4.8880617977732642e-13 0.00018465882021700966 0.00032948047737590974 0.91666665673255932 -0.038888890296220772 -0.21041798591613767 0.00016676234372425827 0.00022914223518455404 0.91666665673255932 -0.24666666984558103 -0.10847740992903708
decision_type=8 8 2 2 10 8 2 8 2 10 10 2 10 2
left_child=5 -2 3 -3 -4 10 -7 8 -8 -10 11 -1 -12 -14
right_child=1 2 4 -5 -6 6 7 -9 9 -11 12 -13 13 -15
leaf_value=0.00016424394716792372 -0.0031716965016455644 0.003093922170651138 0.0032583544807608718 -0.001742301463869343 0.00090651869712088124 -0.00067222799036350373 -0.00068373705260278575 -0.00017975261784867978 0.0045515470812109585 0.0013313659362190285 0.0029790004970501839 -0.0013345560952498327 -0.00033086904989845621 0.00081453234894466697
leaf_weight=13271.108364269137 353.54829341173172 259.02169513702393 961.97231861948967 699.30015976727009 1552.1171071529388 14504.923069521785 664.17474402487278 3534.543355807662 534.32539729773998 1350.210856705904 895.62704606354237 3124.0917279720306 4367.6838009506464 7639.3166597485542
leaf_count=53390 1418 1040 3865 2818 6238 58219 2665 14160 2142 5413 3635 12521 17538 30650
internal_value=3.77466e-05 0.000793045 0.00121257 -0.000398607 0.00182502 -2.04749e-05 -0.000316549 0.000530955 0.00151029 0.0022826 0.000187657 -0.000122629 0.000581512 0.000398022
internal_weight=53712 3825.96 3472.41 958.322 2514.09 49886 20588.2 6083.25 2548.71 1884.54 29297.8 16395.2 12902.6 12007
internal_count=215712 15379 13961 3858 10103 200333 82599 24380 10220 7555 117734 65911 51823 48188
is_linear=0
shrinkage=0.02


Tree=194
num_leaves=15
num_cat=0
split_feature=0 20 6 2 24 19 23 1 28 11 26 9 26 0
split_gain=9.59199 8.20319 11.5168 8.32169 7.73654 14.323 7.60004 6.01505 7.92672 5.4301 5.15298 9.01555 8.03398 10.0041
threshold=0.078768830746412291 0.22349958866834643 0.91666665673255932 0.75000000000000011 -0.17711907625198361 -0.058059358969330781 -0.12628612667322156 5.9155177950742661e-05 8.0286932701081902e-13 0.0002973968221340329 -0.39000000059604639 0.00018838707910617816 -0.18333333730697629 0.042568689212203033
decision_type=2 2 2 2 8 2 2 10 2 10 8 8 10 2
left_child=4 2 3 -2 5 6 7 9 -9 -1 11 -6 13 -12
right_child=1 -3 -4 -5 10 -7 -8 8 -10 -11 12 -13 -14 -15
leaf_value=-0.0034104649017060009 0.0032278138480197646 -0.0012192918675796095 -0.0017337966264103486 0.00010536448858312923 -0.0038119427375348214 -0.0038131915998296851 0.0027869071484996756 -0.0014520246357717678 0.0030245737628826364 0.0002521262751531613 0.00016174971618554339 0.00058529110426204067 -4.6844342236711471e-05 0.0017621223148661883
leaf_weight=425.36586476862431 1275.4433806091547 428.27243766188622 302.7736964225769 465.46872729063034 352.97817370295525 580.4989248663187 265.4957592189312 323.76743058860302 274.46567790210247 250.32177387177944 4839.2187587171793 363.8348400592804 41196.360427841544 2290.6887137889862
leaf_count=1708 5293 1748 1234 1903 1424 2329 1066 1299 1104 1004 19432 1471 165098 9290
internal_value=4.29184e-05 0.0012546 0.00177981 0.00240364 -1.60916e-05 -0.00119324 -0.000169054 -0.000818655 0.000633215 -0.00208535 3.52571e-05 -0.00162472 6.05412e-05 0.000679406
internal_weight=53635 2471.96 2043.69 1740.91 51163 2119.92 1539.42 1273.92 598.233 675.688 49043.1 716.813 48326.3 7129.91
internal_count=215403 10178 8430 7196 205225 8510 6181 5115 2403 2712 196715 2895 193820 28722
is_linear=0
shrinkage=0.02


Tree=195
num_leaves=15
num_cat=0
split_feature=0 26 18 0 18 24 5 1 18 4 6 29 25 18
split_gain=10.1286 6.4202 7.74078 5.35786 9.67366 8.09766 6.9981 7.13384 10.9 6.42085 5.893 11.2698 10.7881 7.42586
threshold=0.093335133045911803 -0.3599999994039535 -0.12725518643856046 0.043968614190816886 -0.099054567515850053 -0.16515394300222394 0.00023437393974745649 0.00010282656512572431 0.14378948509693149 0.75000000000000011 0.91666665673255932 5.0865019661505705e-13 -0.14608979225158689 -0.23574688285589215
decision_type=2 8 2 2 2 10 10 10 2 2 2 2 10 2
left_child=1 2 -1 -3 10 -6 -7 8 -8 -9 13 -12 -13 -5
right_child=-2 3 -4 4 5 6 7 9 -10 -11 11 12 -14 -15
leaf_value=-5.3598759169724844e-05 0.00203989862259976 -4.6596337313558865e-05 -0.0030259661205625211 0.001076225419635185 -0.0022676933475029594 0.0012361859394335508 0.00065926790257765807 -0.001063162554271991 -0.0045829558536159406 0.0028286203956550261 0.001618472364531575 0.00066233507502003566 -0.0038489895259202584 -0.00074710190201020526
leaf_weight=851.75869451463223 1007.4917974025011 38444.764576017857 576.34824651479721 1732.2509799152613 302.45260424911976 6522.0737703293562 315.68882101774216 298.77066577970982 290.3110027462244 348.88105016946793 347.82351695001125 296.44611994922161 681.02244031429291 1803.5465957075357
leaf_count=3447 4186 153996 2332 7011 1220 26278 1271 1212 1170 1412 1397 1195 2739 7280
internal_value=7.32213e-05 3.49452e-05 -0.0012784 7.19299e-05 0.00042362 0.000847065 0.000973727 -0.000389677 -0.00191826 0.00105522 -0.000280651 -0.00140737 -0.00249495 0.000147208
internal_weight=53819.6 52812.1 1428.11 51384 12939.3 8078.18 7775.73 1253.65 606 647.652 4861.09 1325.29 977.469 3535.8
internal_count=216146 211960 5779 206181 52185 32563 31343 5065 2441 2624 19622 5331 3934 14291
is_linear=0
shrinkage=0.02


Tree=196
num_leaves=15
num_cat=0
split_feature=28 23 3 28 13 14 5 29 30 13 25 13 5 25
split_gain=7.3396 10.6227 8.95649 9.83372 6.741 8.87251 10.1409 7.87038 6.67989 6.43779 13.1153 8.14424 10.0702 7.26475
threshold=3.7420872065103977e-13 -0.42759253084659571 4.7865296437521472e-05 2.7698406990326474e-13 0.00011576852193684319 0.32407245039939886 0.00024649426632095134 3.5455292131045262e-13 -0.41575255990028376 8.379840437555687e-05 -0.040545936673879616 6.7092816607328145e-05 0.00011157198605360465 -0.14138332754373548
decision_type=2 2 10 2 10 2 10 2 2 10 10 10 10 10
left_child=2 -2 3 -1 9 6 7 -6 -3 11 -11 13 -13 -4
right_child=1 8 4 -5 5 -7 -8 -9 -10 10 -12 12 -14 -15
leaf_value=0.0051664794980131037 0.0033081408722390442 -0.0010297109599102603 -0.0027920248011166406 0.00077004374292419069 -0.0015173308992636654 -0.0013560183603317777 0.0057894125993469452 0.0027840558020976311 -6.5181442719359082e-05 0.0014393267077365357 -0.0031554635919733638 0.0046018218838717725 0.00028945414567448693 0.00023883319953462695
leaf_weight=320.19970445334911 342.64902625977993 3052.6028360277414 357.21161225438118 527.90015225112438 254.78254249691963 295.30290558934212 255.78203210234642 437.50846484303474 44074.837420269847 384.96530242264271 635.94965599477291 336.88449440896511 558.49007505178452 1945.4293191581964
leaf_count=1288 1394 12284 1439 2118 1021 1184 1027 1753 176997 1543 2547 1350 2239 7808
internal_value=-1.66156e-05 -0.000101882 0.000623094 0.0025107 0.000321926 0.00160352 0.00253432 0.00120287 -0.000128068 -6.1562e-05 -0.0014285 0.000380977 0.00197708 -0.000251341
internal_weight=53780.5 47470.1 6310.41 848.1 5462.31 1243.38 948.073 692.291 47127.4 4218.93 1020.91 3198.02 895.375 2302.64
internal_count=215992 190675 25317 3406 21911 4985 3801 2774 189281 16926 4090 12836 3589 9247
is_linear=0
shrinkage=0.02


Tree=197
num_leaves=15
num_cat=0
split_feature=24 25 7 9 6 12 19 30 0 25 24 22 24 14
split_gain=7.96423 9.73023 13.799 10.3886 9.34906 7.52456 9.85159 9.31537 8.08917 7.30966 10.3021 10.3337 8.7633 8.46037
threshold=-0.25496472418308253 -0.13253248482942578 0.00014409431605599823 0.00010693783042370343 0.41666667163372045 0.75000000000000011 0.070184517651796355 -0.15973867475986478 0.037028068676590926 -0.090873748064041124 -0.0544963851571083 -0.19444309175014493 -0.12889824062585828 0.46855938434600836
decision_type=8 10 10 8 2 2 2 2 2 10 10 2 10 2
left_child=-1 2 3 -2 5 6 -3 -7 -9 12 -11 -12 -6 -13
right_child=1 4 -4 -5 9 7 -8 8 -10 10 11 13 -14 -15
leaf_value=-0.0025969905793131872 -0.00012519963951658437 0.0014085345355666029 9.2461434931120302e-05 0.0027097571387732907 0.0010853780583425026 -0.0055548262758500092 -0.0023776136419614092 -0.002934811707627705 0.0012091754697842077 0.00086006423131283836 -0.0028854996963590378 -0.00015157012325427423 -0.0010998150775485788 0.00061529232722745556
leaf_weight=429.77804970741272 711.27942854166031 646.1537878215313 4447.8740109801292 1856.7928628176451 883.13360023498535 275.41978551447392 448.13950747251511 455.77354426681995 297.34368067979813 6342.9776462167501 475.48193962872028 25009.442328944802 3960.7059215456247 7452.6785604059696
leaf_count=1724 2872 2604 17919 7485 3549 1107 1805 1825 1201 25485 1911 100318 15907 29930
internal_value=5.32463e-05 7.55977e-05 0.000768511 0.00192966 -2.98076e-05 -0.00131991 -0.00015683 -0.00253075 -0.00130974 3.28291e-05 0.000123332 -1.89804e-05 -0.000698584 2.47572e-05
internal_weight=53693 53263.2 7015.95 2568.07 46247.3 2122.83 1094.29 1028.54 753.117 44124.4 39280.6 32937.6 4843.84 32462.1
internal_count=215642 213918 28276 10357 185642 8542 4409 4133 3026 177100 157644 132159 19456 130248
is_linear=0
shrinkage=0.02


Tree=198
num_leaves=15
num_cat=0
split_feature=23 11 9 23 28 23 6 9 2 11 1 11 15 28
split_gain=7.01386 8.88717 11.9591 8.32774 7.76757 5.05856 7.84003 10.4706 7.7966 11.2577 11.6575 10.0417 10.6028 10.4643
threshold=-0.33430701494216913 0.00034718900860752916 0.00016795590636320415 -0.30933836102485651 1.6383866241779721e-13 0.01635720115154982 0.41666667163372045 0.0001607209269423038 0.75000000000000011 0.00020067312289029363 4.279799941286911e-05 0.00016203933773795145 -0.16827037185430524 4.0394295167892757e-13
decision_type=2 8 10 2 2 2 2 10 2 8 10 10 2 2
left_child=1 2 -1 -2 -5 8 7 -7 11 10 -10 -6 13 -13
right_child=3 -3 -4 4 5 6 -8 -9 9 -11 -12 12 -14 -15
leaf_value=0.00016030959448622733 -0.002767593718019646 -0.0011356736059890836 0.0047332858848800723 0.0030745163104714153 0.0017440481523164526 0.00094862882168631152 -0.00017601283656950358 -0.0032202496397418174 -0.0029280785241920554 7.8431680678606262e-05 -0.00025494549991595143 0.0030632296620907305 -0.00025981754843871867 0.00055211845596037611
leaf_weight=447.76088605821133 424.4550134986639 364.33047442138195 450.78819781541824 302.81294131278992 2094.2338681519032 342.18417039513588 21856.954763948917 738.13301420211792 1086.8590865731239 11954.429261729121 1600.331398576498 764.97676384449005 6957.3314034789801 4398.614797860384
leaf_count=1816 1710 1475 1830 1222 8440 1377 87723 2969 4360 47929 6419 3070 27965 17704
internal_value=-5.86107e-06 0.00145523 0.00250761 -4.15337e-05 -1.82698e-05 -3.75315e-05 -0.000259108 -0.00190654 0.00013865 -0.00018517 -0.00134976 0.000471976 0.000249679 0.000934519
internal_weight=53784.2 1262.88 898.549 52521.3 52096.9 51794 22937.3 1080.32 28856.8 14641.6 2687.19 14215.2 12120.9 5163.59
internal_count=216009 5121 3646 210888 209178 207956 92069 4346 115887 58708 10779 57179 48739 20774
is_linear=0
shrinkage=0.02


Tree=199
num_leaves=15
num_cat=0
split_feature=22 22 26 21 21 22 1 16 21 22 22 1 27 1
split_gain=4.53658 9.51465 5.55633 9.82505 5.92309 6.45521 15.4929 8.65715 10.3782 8.60072 9.90164 12.1718 8.76297 8.51301
threshold=-0.30993221700191492 -0.28493309020996088 -0.39000000059604639 -0.19725304096937177 -0.43589727580547327 -0.19444309175014493 5.5370590416714556e-05 -0.45395316183567042 -0.27370159327983851 -0.097330939024686799 -0.12300241738557814 7.2457922215107842e-05 -0.050000000745058053 2.2788643946114465e-05
decision_type=2 2 8 2 2 2 10 2 2 2 2 10 10 10
left_child=-1 -2 3 -3 -4 6 7 -6 -9 10 13 12 -12 -7
right_child=1 2 4 -5 5 9 -8 8 -10 -11 11 -13 -14 -15
leaf_value=-0.0013381586801342721 0.0030603028555522922 -0.0042306755754449692 0.0024288149576759516 0.00018882769824811457 -0.0054055505368611053 -0.0025485586994677002 0.00054506024843458355 0.0014744017094929722 -0.0026243364645804827 3.376706107924102e-05 0.0035113697768014923 1.3365207295475031e-05 0.00033535762348163752 0.00045744001601978081
leaf_weight=847.50276218354702 416.61464661359787 306.59127546846867 421.39673416316509 519.90371115505695 267.11019913852215 385.37164318561554 1653.9110617488623 328.55613927543163 860.29173354804516 39419.165248557925 1321.2820495069027 1093.5399376600981 475.11281937360764 5363.0107977241278
leaf_count=3412 1678 1247 1714 2109 1074 1550 6653 1321 3454 158219 5311 4394 1903 21553
internal_value=9.65273e-05 0.000120039 9.55109e-05 -0.00151183 0.000121838 0.000101897 -0.000778268 -0.00226853 -0.00148594 0.000159153 0.000729928 0.00168068 0.00268432 0.00024778
internal_weight=53679.4 52831.9 52415.2 826.495 51588.7 51167.4 3109.87 1455.96 1188.85 48057.5 8638.32 2889.93 1796.39 5748.38
internal_count=215592 212180 210502 3356 207146 205432 12502 5849 4775 192930 34711 11608 7214 23103
is_linear=0
shrinkage=0.02


Tree=200
num_leaves=15
num_cat=0
split_feature=7 27 28 13 13 13 13 28 14 23 20 28 9 20
split_gain=5.63296 11.0628 7.72444 5.68294 13.2553 12.4453 9.82869 8.7372 10.1873 8.67009 9.06922 8.59823 11.4245 8.49871
threshold=0.00058887767954729508 0.038888890296220786 5.0764554777697767e-13 8.4229232015786706e-05 9.8757558589568375e-05 8.2939663116121678e-05 0.00010090689102071339 6.5990664538731491e-13 -0.58549940586090077 -0.17083650082349774 -0.066724222153425203 2.2473594166183557e-12 0.00033320931834168738 0.11394289508461954
decision_type=8 10 2 10 10 8 10 2 2 2 2 2 10 2
left_child=3 2 -2 5 7 -1 -6 9 -9 -5 -11 -8 -13 -10
right_child=1 -3 -4 4 6 -7 11 8 13 10 -12 12 -14 -15
leaf_value=0.00013307045008470898 -0.0020160836851069387 0.0048695554278453948 0.0014280126487343176 0.0011335552674664434 0.0021803623659257206 0.002920676630743373 0.00011273548087979117 -0.0027502207534974301 0.00080292917792600159 -0.0039730389502757391 -0.0013923091787020386 -0.00022643771649242983 -0.0041348015503003726 -0.0016895753973672485
leaf_weight=29216.466102600098 347.84534339606762 256.70417611300945 876.10266783833504 350.354856133461 825.8966475725174 635.0756469219923 13837.174736410379 546.24067251384258 2175.604401320219 768.14047093689442 1897.8702255934477 875.10869988799095 436.55254183709621 709.02549274265766
leaf_count=117450 1398 1038 3540 1405 3310 2547 55474 2196 8730 3076 7599 3522 1761 2845
internal_value=4.83034e-05 0.00125643 0.000432525 1.36157e-05 -0.000226886 0.000194291 8.22843e-05 -0.000990822 -0.00029735 -0.00177244 -0.00215992 -3.48244e-05 -0.0015698 0.000182871
internal_weight=53754.2 1480.65 1223.95 52273.5 22422 29851.5 15974.7 6447.24 3430.87 3016.37 2666.01 15148.8 1311.66 2884.63
internal_count=215891 5976 4938 209915 89918 119997 64067 25851 13771 12080 10675 60757 5283 11575
is_linear=0
shrinkage=0.02


Tree=201
num_leaves=15
num_cat=0
split_feature=2 19 14 29 19 24 30 18 17 22 17 24 18 13
split_gain=6.31114 13.2518 9.48323 8.30069 8.90804 7.61663 8.25206 6.65307 13.5752 8.13554 15.5288 9.11622 7.25854 6.92018
threshold=0.41666667163372045 -0.20454707741737363 -0.80440318584442128 4.3738034298957539e-13 -0.042361706495285027 -0.016641177237033841 0.069450996816158309 0.28108148276805883 -0.0097895106300711614 0.21616266667842868 -0.11460354924201964 0.079323109239339842 0.29131866991519934 6.1685670516453697e-05
decision_type=2 2 2 2 2 10 2 2 2 2 2 10 2 10
left_child=1 2 -1 -3 -5 6 -6 9 -9 -2 -11 -12 -10 -13
right_child=7 3 -4 4 5 -7 -8 8 12 10 11 13 -14 -15
leaf_value=-0.00097802001134581883 -0.00022839635156353855 0.0022620511544058993 0.0033139920800636597 -0.0021698896289403737 0.0042753064915138032 -0.00058467610390321102 0.00011851952455037691 0.0045572372003747927 0.0030151454127073508 0.0054640307193176149 -0.0029124963670006288 0.0035241817838916477 0.00010096162627799908 -0.00023483469970804602
leaf_weight=249.78301395475864 42306.943808048964 544.82692584395409 975.64190444350243 792.40897116065025 309.33662644028664 1426.0066891610622 457.70506183803082 300.30277505517006 348.48173023760319 268.74078154563904 257.45855174958706 308.89475257694721 4759.7758861929178 478.74955581128597
leaf_count=1015 169814 2188 3952 3195 1248 5746 1848 1211 1399 1080 1033 1241 19125 1922
internal_value=-3.03458e-05 0.000663716 0.00243748 3.77481e-05 -0.000380525 0.000279789 0.00186093 -9.7911e-05 0.00056245 -0.00018001 0.00135814 0.00021957 0.000310749 0.00129012
internal_weight=53785.1 4755.71 1225.42 3530.28 2985.46 2193.05 767.042 49029.3 5408.56 43620.8 1313.84 1045.1 5108.26 787.644
internal_count=216017 19192 4967 14225 12037 8842 3096 196825 21735 175090 5276 4196 20524 3163
is_linear=0
shrinkage=0.02


Tree=202
num_leaves=15
num_cat=0
split_feature=0 30 11 13 8 28 29 20 24 24 6 11 0 29
split_gain=6.27301 8.50879 7.79731 16.4739 8.94161 10.8319 8.22281 6.47243 6.37832 6.82111 9.86661 14.3248 9.56404 7.07251
threshold=0.02734616864472628 0.56972104310989391 0.00036426431324798619 0.00015749743033666166 0.91666665673255932 7.731548149099433e-13 3.237271670349096e-12 -0.1502457186579704 0.18490465730428698 -0.050212485715746873 0.75000000000000011 0.0006382602732628585 0.040874211117625243 5.4770080072825976e-13
decision_type=2 2 10 10 2 2 2 2 10 10 2 10 2 2
left_child=1 -1 4 8 6 -6 -2 -7 9 12 11 -11 -4 -12
right_child=2 -3 3 -5 5 7 -8 -9 -10 10 13 -13 -14 -15
leaf_value=-0.00027843766764557026 0.00063729554143358358 0.0023315115469316272 0.0015739702064439998 0.0017208535751169634 0.00047539630498636461 -0.0036182467359683664 0.00365247365779454 -0.00080671567971594971 0.0022556026880164136 0.00081024572312784668 -0.00054725542985203577 -0.0028769942249585725 -0.0007998628957939666 -0.0026100619901694298
leaf_weight=26707.869936004281 12295.86912894249 489.32665279507637 1060.6324122697115 1427.2837485522032 2562.7901151776314 440.03224651515484 353.9710481762886 1197.753550350666 284.34053549170494 1656.0335952937603 1038.0027346611023 543.0643842369318 1806.3186288774014 1895.0049056559801
leaf_count=106916 49632 1961 4256 5766 10284 1775 1452 4819 1145 6665 4162 2185 7281 7612
internal_value=-1.63806e-05 -0.000229801 0.00020216 -0.000248914 0.000462094 -0.00033622 0.000727299 -0.00159664 -0.000591645 -0.000698229 -0.00113336 -0.000118036 8.316e-05 -0.00188868
internal_weight=53758.3 27197.2 26561.1 9710.68 16850.4 4200.58 12649.8 1637.79 8283.4 7999.06 5132.11 2199.1 2866.95 2933.01
internal_count=215911 108877 107034 39072 67962 16878 51084 6594 33306 32161 20624 8850 11537 11774
is_linear=0
shrinkage=0.02


Tree=203
num_leaves=15
num_cat=0
split_feature=0 7 14 14 24 29 5 27 25 26 24 24 28 28
split_gain=6.53717 13.184 9.33842 6.36048 6.96876 6.8774 11.9071 6.08826 12.4746 5.00694 9.165 10.4975 10.7427 9.52673
threshold=0.076197277754545226 0.00010373405530117453 -0.76837387681007374 0.9181010127067567 0.066167779266834273 7.852624800408493e-13 0.00014897934306645769 -0.34333333373069758 0.012081130873411896 -0.18333333730697629 -0.013677790295332668 -0.13316655904054639 1.8144487648474874e-12 4.7113398252141013e-13
decision_type=2 10 2 2 10 2 10 8 10 10 10 10 2 2
left_child=7 -2 -3 4 5 -4 -7 8 -1 10 11 12 -9 -13
right_child=1 2 3 -5 -6 6 -8 9 -10 -11 -12 13 -14 -15
leaf_value=-0.0035290081163216148 0.0036347414803049628 0.0036468608721247709 0.0023672885266117594 0.0026664037308715277 -0.0023634312610487261 -0.0030509229835143977 0.0016428717249984313 -0.0012771030818650401 0.001530878809633384 -6.4020692884444739e-05 -0.00030611527971731862 0.0039894285370094176 0.0030808906645879612 0.0011658955576990193
leaf_weight=515.75717879831791 571.10728590190411 270.13162429630756 393.85962207615376 252.79932092130184 585.18099622428417 424.20082195103168 403.18382653594017 1085.9877976626158 291.86534275114536 42288.350626900792 3328.7934283167124 579.35028190910816 264.69772343337536 2530.6676695197821
leaf_count=2081 2358 1120 1608 1044 2384 1747 1665 4368 1177 169471 13399 2331 1068 10202
internal_value=4.65742e-05 0.000966771 0.00028727 -0.000184286 -0.000608054 0.000257596 -0.00077885 -6.23608e-06 -0.00170762 2.18734e-05 0.000487153 0.00107785 -0.000390562 0.00171401
internal_weight=53785.9 2900.46 2329.36 2059.22 1806.43 1221.24 827.385 50885.5 807.623 50077.8 7789.5 4460.7 1350.69 3110.02
internal_count=216023 11926 9568 8448 7404 5020 3412 204097 3258 200839 31368 17969 5436 12533
is_linear=0
shrinkage=0.02


Tree=204
num_leaves=15
num_cat=0
split_feature=17 24 14 23 20 20 0 0 11 11 24 29 18 29
split_gain=6.55722 9.38992 8.60662 5.71335 10.1731 8.91961 8.03454 10.8569 7.94855 7.81396 9.33871 11.8972 10.4268 8.80187
threshold=-0.7655678093433379 -0.25496472418308253 -0.9989713430404662 0.014756056014448406 -0.039616841822862618 0.023381478153169159 0.0072461105883121499 0.016957215964794162 0.00016875720029929656 0.00023045088892104107 0.069960348308086409 5.3807013098566846e-13 0.16673896461725238 3.8449591546665251e-13
decision_type=2 8 2 2 2 2 2 2 10 10 10 2 2 2
left_child=2 -2 -1 4 -3 6 -6 -8 -9 10 -5 13 -13 -12
right_child=1 3 -4 9 5 -7 7 8 -10 -11 11 12 -14 -15
leaf_value=-0.00064997762395519701 -0.0030345607979795682 -0.0001082345237760145 0.0039484803238761888 -0.00020792199442013805 -0.00060229673521812823 0.00015763804714672276 0.0034708822162122089 0.0034937272805625847 0.00063441025374747276 8.8671570415443278e-06 -0.00041300076303282687 -0.0022390976349582069 0.00067872570881742525 -0.0047468951632453557
leaf_weight=277.19399479031563 392.58575248718262 18531.544053137302 358.18641762435436 4456.3374433219433 739.96068117022514 6247.801344871521 975.2545407563448 438.36989186704159 2668.5708154588938 15825.548300072551 265.86956410109997 947.18014584481716 978.28019568324089 650.27893161773682
leaf_count=1123 1575 74463 1449 17900 2961 25106 3904 1767 10729 63507 1066 3805 3935 2605
internal_value=-4.57696e-06 -2.90982e-05 0.00198372 -5.57764e-06 0.00017838 0.000657515 0.00130185 0.00164826 0.00105761 -0.000241022 -0.000781447 -0.00167314 -0.000764884 -0.00352488
internal_weight=53753 53117.6 635.38 52725 29601.5 11070 4822.16 4082.2 3106.94 23123.5 7297.95 2841.61 1925.46 916.148
internal_count=215895 213323 2572 211748 118930 44467 19361 16400 12496 92818 29311 11411 7740 3671
is_linear=0
shrinkage=0.02


Tree=205
num_leaves=15
num_cat=0
split_feature=0 0 25 30 16 19 20 21 11 20 26 11 20 19
split_gain=7.38508 6.65043 6.31072 12.37 7.24776 8.83567 7.15861 6.21666 10.2772 12.7747 8.55268 7.39738 7.18939 6.53814
threshold=0.10855389758944513 0.0098886820487678068 -0.031645266339182847 0.26057724654674536 0.15936001390218738 0.11615863442420961 0.06883783265948297 0.25463692843914038 0.00029079683008603757 0.23729889094829562 0.083333335816860213 0.00036426431324798619 0.20741462707519534 0.41861705482006079
decision_type=2 2 8 2 2 2 2 2 10 2 10 10 2 2
left_child=1 2 3 4 5 6 -1 13 9 -9 -11 -10 -13 -3
right_child=-2 7 -4 -5 -6 -7 -8 8 11 10 -12 12 -14 -15
leaf_value=-0.0012672537338798545 0.0026590558229083374 0.00012937253539876874 -5.7556825270249392e-05 0.0012174284014700881 -0.0043021925547866088 0.0017641807037435209 -0.0046415260178408416 -0.0036931751103125182 0.0023479615821392556 -0.0013082137506521352 0.0027789427978646454 0.0023296444691075827 -0.0013696956391655115 0.0017458173861136118
leaf_weight=2514.2912368029356 397.91450782120228 38464.224429965019 6236.2908618599176 765.40090772509575 332.36752605438232 330.34286507964134 264.85196360945702 753.81302344799042 524.93088820576668 815.41856862604618 251.5024485886097 257.03057330846786 856.19505175948143 1007.8684493005276
leaf_count=10064 1668 154537 24957 3064 1330 1322 1060 3035 2111 3278 1009 1036 3442 4058
internal_value=1.07353e-05 -9.99686e-06 -0.000462133 -0.00105871 -0.00156899 -0.00125122 -0.00161969 0.000100155 -0.000710429 -0.0017364 -0.000311353 0.000437075 -0.000489521 0.00017151
internal_weight=53772.4 53374.5 10443.5 4207.25 3441.85 3109.49 2779.14 42931 3458.89 1820.73 1066.92 1638.16 1113.23 39472.1
internal_count=215971 214303 41797 16840 13776 12446 11124 172506 13911 7322 4287 6589 4478 158595
is_linear=0
shrinkage=0.02


Tree=206
num_leaves=15
num_cat=0
split_feature=24 25 0 11 7 7 24 29 21 11 24 29 21 5
split_gain=6.30249 7.02698 10.0302 6.93823 10.4504 10.1764 9.93555 11.6252 10.0926 8.32077 7.22877 7.07214 7.70078 7.01411
threshold=-0.25496472418308253 -0.27415312826633448 0.048100749030709274 0.00022635493951383981 0.00010373405530117453 7.7014963608235134e-05 0.10720172896981241 5.4037248850905005e-13 0.24456853419542315 0.00023763404169585559 0.094684664160013213 9.3291222186611698e-13 -0.1911136135458946 9.7965876193484305e-05
decision_type=8 10 2 10 10 8 10 2 2 8 10 2 2 10
left_child=-1 2 -2 4 5 -3 -6 -8 13 10 -5 12 -7 -9
right_child=1 3 -4 9 6 11 7 8 -10 -11 -12 -13 -14 -15
leaf_value=-0.0024092682572235393 -0.000127813117599258 -0.00061085265946953632 0.0049247162194164373 0.0020356715556599991 -0.00050156934040819978 -0.0022184266813808813 -0.0049981499799849364 -0.0047312841368862954 0.0019305689480594551 3.9093642589496059e-05 -0.0015434687388421857 0.0028995754782207427 0.0011399606323038694 -0.00071875530494866383
leaf_weight=425.2058370411396 360.11536978185177 2233.7821129411459 257.5279668867588 1408.6050674468279 9436.275188818574 310.22284242510796 420.61652848124504 276.0526909083128 297.94852405786514 35365.476693063974 252.84833163022995 708.23802633583546 1578.3155195116997 445.01368586719036
leaf_count=1706 1452 8983 1064 5660 37923 1248 1686 1110 1199 141955 1016 2861 6334 1790
internal_value=-3.95221e-05 -1.97396e-05 0.00206724 -4.4958e-05 -0.000396915 0.0003761 -0.000740311 -0.00227687 -0.00107902 0.000104472 0.0014791 0.00122327 0.000570825 -0.00234114
internal_weight=53776.2 53351 617.643 52733.4 15706.5 4830.56 10875.9 1439.63 1019.01 37026.9 1661.45 2596.78 1888.54 721.066
internal_count=215987 214281 2516 211765 63134 19426 43708 5785 4099 148631 6676 10443 7582 2900
is_linear=0
shrinkage=0.02


Tree=207
num_leaves=15
num_cat=0
split_feature=26 22 21 22 23 5 18 18 22 9 14 17 1 22
split_gain=6.34487 9.66328 11.9694 7.71679 20.5756 5.78513 5.72907 10.3511 13.3259 12.1002 8.91703 8.44334 11.6427 11.6166
threshold=-0.39000000059604639 -0.16120493412017819 -0.056972850114107125 -0.30993221700191492 -0.36972333490848536 0.00015799735410837459 0.28108148276805883 0.21663566678762439 0.21125415712594989 0.00020998707623220983 -0.042741781100630753 -0.0097895106300711614 4.6571341954404495e-05 0.23261107504367831
decision_type=8 2 2 2 2 10 2 2 2 10 2 2 10 2
left_child=1 -1 -3 5 -5 -2 7 8 -6 -10 -11 -8 13 -13
right_child=3 2 -4 4 6 -7 11 -9 9 10 -12 12 -14 -15
leaf_value=0.0013861881936743118 -0.0030974211771831856 -0.0057633633536359388 -0.00037692284507364297 0.0045449682642080087 -2.0365401305450156e-05 0.00054806735372842693 0.0035909540333733396 -0.0011478780417806115 1.6341110925215094e-05 0.0068017783779069666 0.0018401205349485323 4.0913362264452065e-05 0.0011142649348060865 -0.0035245125034305542
leaf_weight=286.60463432967663 516.93055705726147 295.22503860294819 352.6241208165884 387.72152729332447 41359.125157222152 249.80018676817417 339.03290106356144 3131.6531716585159 574.6731930077076 250.33159771561623 358.41968899965286 1617.1013512015343 3569.246691480279 452.10621646046638
leaf_count=1162 2079 1200 1431 1584 166033 1007 1368 12568 2308 1005 1440 6495 14351 1816
internal_value=1.08203e-05 -0.00160531 -0.00293061 4.00162e-05 6.97114e-05 -0.00192598 3.43719e-05 -4.19227e-05 3.99903e-05 0.00211462 0.00403192 0.000615537 0.000424569 -0.000764388
internal_weight=53740.6 934.454 647.849 52806.1 52039.4 766.731 51651.7 45674.2 42542.5 1183.42 608.751 5977.49 5638.45 2069.21
internal_count=215847 3793 2631 212054 208968 3086 207384 183354 170786 4753 2445 24030 22662 8311
is_linear=0
shrinkage=0.02


Tree=208
num_leaves=15
num_cat=0
split_feature=9 9 29 13 7 7 11 28 29 22 24 7 11 29
split_gain=6.95726 5.55022 8.28885 7.13846 6.4107 8.97062 7.03373 7.69827 9.37209 8.62423 8.17641 7.78095 7.12749 5.64018
threshold=0.0010840049362741413 0.00041942503594327723 2.2057041523110281e-12 9.9299464636715143e-05 0.00026044652622658765 0.00028218518127687281 0.00035766416112892335 5.344619061556367e-13 5.5013047069174547e-13 0.14932002127170566 -0.01066909823566675 0.000461807954707183 0.0004829056997550652 7.6161313041812905e-13
decision_type=8 10 2 10 10 10 8 2 2 2 8 10 10 2
left_child=1 -1 4 -4 -3 -6 -7 8 12 10 13 -12 -8 -9
right_child=-2 2 3 -5 5 6 7 9 -10 -11 11 -13 -14 -15
leaf_value=5.1082751414544868e-05 0.0024763843012975463 -0.0018060005157854938 -0.00020774697180176162 -0.0046584730218987482 0.003297628705217799 0.0019487603553063457 -0.0037708662784087751 -0.0019250785843438821 -0.0047229420414050243 -0.0027323811786302229 0.00023857770672592603 0.0035562758744543659 -0.00018254177124563304 0.00070173393560240464
leaf_weight=46505.761416003108 427.78013616800308 984.6744804084301 249.10452830791473 328.56747935712337 279.95462772250175 496.09938098490238 253.47766114771366 588.89254575967789 289.11967121064663 343.45546168088913 604.04713495075703 516.79418994486332 1175.2933031320572 689.73701950907707
leaf_count=186779 1735 3947 1008 1329 1122 1991 1016 2362 1160 1381 2422 2076 4713 2774
internal_value=-6.18475e-06 -2.7029e-05 -0.000559886 -0.0028104 -0.00034259 -6.16044e-05 -0.000263815 -0.000517481 -0.00155901 0.000141391 0.000571924 0.00180382 -0.000862413 -0.000519101
internal_weight=53732.8 53305 6799.22 577.672 6221.55 5236.87 4956.92 4460.82 1717.89 2742.93 2399.47 1120.84 1428.77 1278.63
internal_count=215815 214080 27301 2337 24964 21017 19895 17904 6889 11015 9634 4498 5729 5136
is_linear=0
shrinkage=0.02


Tree=209
num_leaves=15
num_cat=0
split_feature=21 22 11 14 25 7 27 10 29 18 3 28 13 13
split_gain=4.31914 10.4982 8.31878 12.8698 8.2511 10.8972 8.09779 8.37799 7.58891 8.38254 9.01921 7.52688 8.64056 6.84378
threshold=-0.19725304096937177 -0.1058855503797531 0.00034512864658609038 -0.22415588051080701 -0.1901198327541351 0.00018156175792682919 -0.076666668057441698 0.91666665673255932 1.3969233755850576e-12 -0.36167408525943751 0.00013960732030682268 7.2527969957950088e-13 4.8053829232230789e-05 8.1674392276909216e-05
decision_type=2 2 8 2 10 10 8 2 2 2 10 2 10 10
left_child=1 2 8 6 5 -2 7 -4 9 -1 13 -3 -13 -11
right_child=4 11 3 -5 -6 -7 -8 -9 -10 10 -12 12 -14 -15
leaf_value=-0.0014695395539178124 0.0031520110870339596 -0.0026130571043932751 -0.0019883874367128181 -0.0026241389951184315 1.9010478206657283e-05 -0.00058100642685319397 0.0032472557108868707 0.0017705499718219224 0.0024033753444115771 -0.00057439565459495182 0.0039827350395841192 0.0024570136882143896 -0.0012784051113472296 0.0023202687863167677
leaf_weight=842.16069136559963 750.40090453624725 1213.9650365710258 563.15688654780388 952.81970269978046 44205.451822862029 517.49890770018101 290.87838515639305 380.62305054068565 760.89700925350189 1093.4952169805765 298.22584049403667 297.71739654242992 1110.2832016795874 442.737903252244
leaf_count=3391 3028 4879 2270 3829 177432 2087 1168 1530 3083 4398 1200 1209 4486 1776
internal_value=-1.1429e-05 -0.000431957 5.62936e-05 -0.000903081 6.49934e-05 0.001643 0.000445765 -0.000467138 0.000668488 0.000161135 0.000917518 -0.00147191 -0.000465213 0.000278936
internal_weight=53720.3 8246.96 5624.99 2187.48 45473.4 1267.9 1234.66 943.78 3437.52 2676.62 1834.46 2621.97 1408 1536.23
internal_count=215766 33219 22645 8797 182547 5115 4968 3800 13848 10765 7374 10574 5695 6174
is_linear=0
shrinkage=0.02


Tree=210
num_leaves=15
num_cat=0
split_feature=9 13 24 25 11 9 24 19 19 0 11 16 25 16
split_gain=5.57862 6.16386 5.0903 8.66301 9.81468 11.4347 4.6391 10.7569 7.75909 4.32868 10.6519 12.9449 10.1026 5.21829
threshold=0.00094087532488629233 0.00014539007679559293 -0.25496472418308253 -0.23914678394794461 0.00033913228253368294 0.00018400121916783976 -0.1927300617098808 -0.065576881170272813 -0.29152420163154596 0.08187092095613481 0.00025810164515860384 -0.063459243625402437 0.057793121784925468 0.13860736042261126
decision_type=8 8 10 10 10 10 10 2 2 2 10 2 10 2
left_child=2 -2 -1 4 5 -4 7 8 -5 -8 11 -11 -13 -12
right_child=1 -3 3 6 -6 -7 9 -9 -10 10 13 12 -14 -15
leaf_value=-0.0021450033274878328 -0.00016912366191634454 0.0036785422118321186 0.00090769827186304984 -0.0022839101091170254 -0.0011070825852131979 0.005731563123251281 -5.8851348480753764e-05 -0.0046350789840681238 0.0021314168691198222 0.0053219917486203652 -0.0020660926476653413 -0.0017836776373786859 0.0032481207049462855 0.00095905556438028675
leaf_weight=430.21953132748604 319.98477482795715 323.52758461236954 500.00757819414139 281.23541992902756 342.67294408380985 314.16582484543324 48841.782495215535 270.87838652729988 317.6541907787323 349.11132760345936 466.35042710602283 327.70877939462662 275.80871643126011 412.78586754202843
leaf_count=1726 1290 1315 2030 1133 1387 1278 195901 1089 1277 1454 1922 1356 1135 1688
internal_value=-4.6592e-06 0.00181787 -2.74094e-05 -9.31513e-06 0.00168739 0.00286188 -4.80359e-05 -0.00147966 5.12001e-05 -2.28891e-05 0.000926278 0.0023699 0.000546291 -0.00065594
internal_weight=53773.9 643.512 53130.4 52700.2 1156.85 814.173 51543.3 869.768 598.89 50673.5 1831.77 952.629 603.517 879.136
internal_count=215981 2605 213376 211650 4695 3308 206955 3499 2410 203456 7555 3945 2491 3610
is_linear=0
shrinkage=0.02


Tree=211
num_leaves=15
num_cat=0
split_feature=24 19 17 23 27 16 23 27 5 24 15 27 5 9
split_gain=6.28709 12.9949 10.0927 8.57308 8.27995 7.41097 6.28623 7.50384 11.915 8.58683 6.72677 9.17512 9.94039 6.44594
threshold=-0.17711907625198361 -0.065576881170272813 -0.19402836263179776 -0.36972333490848536 -0.27666667103767389 0.064558826386928572 -0.24928269535303113 -0.050000000745058053 0.00050895847380161296 0.2001432999968529 -0.042741781100630753 -0.17555555701255796 0.00012902596063213426 0.00058696302585303794
decision_type=10 2 2 2 8 2 2 10 8 10 2 10 8 10
left_child=1 2 -1 4 -2 -3 10 8 -8 13 11 -5 -13 -9
right_child=3 5 -4 6 -6 -7 7 9 -10 -11 -12 12 -14 -15
leaf_value=-0.0011654431183284633 -0.00015671766802792766 -0.0051057209952710784 0.0020943047826021788 0.0018749195020949802 0.0047429975577043875 -0.00076266742287390144 0.0002417723548613348 -0.00016625579802202327 0.0042447600156146157 0.0023333233185068038 -0.0025986273848793533 -0.0040937898004944932 0.00050603366178981872 -0.0014159203687600045
leaf_weight=1138.1822953373194 253.1441061347723 383.44332015514374 545.44029369950294 491.42474825680256 279.95875987410545 270.69531932473183 23234.026223391294 23085.581832900643 281.39334492385387 503.28110691905022 735.0946092903614 325.26147688925266 403.90501418709755 1759.0766068547964
leaf_count=4582 1036 1541 2194 1991 1140 1089 93474 92470 1145 2021 2963 1306 1624 7066
internal_value=-2.8067e-05 -0.00103792 -9.71995e-05 1.82918e-05 0.00249483 -0.00338443 -8.65885e-06 3.60458e-05 0.00029324 -0.000202598 -0.00111467 -0.000193486 -0.00160034 -0.000255804
internal_weight=53689.9 2337.76 1683.62 51352.1 533.103 654.139 50819 48863.4 23515.4 25347.9 1955.69 1220.59 729.166 24844.7
internal_count=215642 9406 6776 206236 2176 2630 204060 196176 94619 101557 7884 4921 2930 99536
is_linear=0
shrinkage=0.02


Tree=212
num_leaves=15
num_cat=0
split_feature=24 24 23 13 20 23 24 11 20 7 13 23 13 13
split_gain=10.3051 8.02111 6.94119 5.64282 9.05404 15.7059 8.40555 11.4615 15.1574 11.1935 12.5533 8.30933 8.05462 12.4534
threshold=-0.25496472418308253 -0.22405101358890531 -0.36972333490848536 0.00011193597674719059 -0.084555573761463151 -0.046757334843277924 -0.058841954916715615 0.00055382566642947506 -0.12940144538879392 0.00058887767954729508 0.00018465882021700966 -0.064144570380449281 8.4229232015786706e-05 8.250023165601307e-05
decision_type=8 10 2 8 2 2 10 8 2 8 10 2 10 10
left_child=-1 -2 -3 4 12 -6 7 11 -9 -8 -11 -5 13 -4
right_child=1 2 3 6 5 -7 9 8 -10 10 -12 -13 -14 -15
leaf_value=-0.0030198908821293673 0.0027004707847615439 0.0020292375818368432 -0.00041238467121482196 0.00110447771840326 0.00091120123156520879 -0.00020599290902755267 -0.00017589774202104135 0.0020830309196303047 -0.0024770927324783095 0.0050071692257801347 -0.00058146798898200166 0.0036664618575764809 -0.0014267236561693638 0.0038358705703906322
leaf_weight=429.18025174736977 423.55204045772552 645.57045760750771 8630.2405058592558 1457.9874821901321 6577.4092510193586 21213.867306947708 8164.7719947099686 510.28350739181042 628.53572905063629 344.91097159683704 280.6515761911869 779.20800083875656 3347.7865637689829 265.20032054185867
leaf_count=1722 1707 2632 34716 5855 26449 85137 32737 2056 2526 1393 1136 3127 13427 1065
internal_value=-3.26173e-06 2.21666e-05 -3.12891e-07 -2.618e-05 -0.000140823 5.88805e-05 0.000350675 0.00119575 -0.000433101 2.41386e-05 0.00255955 0.00202139 -0.000593493 -0.00027741
internal_weight=53699.2 53270 52846.4 52200.9 40034.5 27791.3 12166.3 3376.01 1138.82 8790.33 625.563 2237.2 12243.2 8895.44
internal_count=215685 213963 212256 209624 160794 111586 48830 13564 4582 35266 2529 8982 49208 35781
is_linear=0
shrinkage=0.02


Tree=213
num_leaves=15
num_cat=0
split_feature=27 25 6 24 24 13 20 0 4 28 11 10 1 25
split_gain=6.27079 11.7572 11.0519 10.2593 8.51695 9.19147 17.5034 17.9185 12.7579 9.62111 8.36164 11.8689 8.30589 9.89714
threshold=-0.050000000745058053 -0.18208537250757215 0.41666667163372045 0.023701382800936702 0.2001432999968529 6.6185602918267264e-05 0.12511980533599856 0.017836032435297969 0.75000000000000011 3.605679529906578e-13 0.00078599067637696873 0.91666665673255932 7.6909582276130109e-05 0.16224827617406848
decision_type=10 10 2 10 10 10 2 2 2 2 10 2 10 10
left_child=10 -2 3 -3 5 6 7 8 -4 -9 -1 -12 13 -7
right_child=1 2 4 -5 -6 12 -8 9 -10 -11 11 -13 -14 -15
leaf_value=0.00017624394913555604 0.0036919663809124098 -0.0002672467512732796 0.0024691796963153749 -0.0046671715138640445 0.0023853813961321603 0.00043368376658705433 0.00065243522688492137 2.0487249270999836e-05 -0.0019049994203657989 -0.0041861987363572559 0.00055041021492570146 0.0052791659091200125 -0.00051341362390897862 -0.0025184285184570083
leaf_weight=27239.387946978211 288.34898594021797 426.190907523036 439.67426079511642 406.88138660788536 495.22227612137794 11025.612835481763 1469.0426293462515 262.50177682936192 615.40447694063187 1242.3391410410404 683.03712677955627 291.74120600521564 8419.9859929084778 453.98628504574299
leaf_count=109648 1157 1707 1759 1630 1989 44152 5885 1052 2462 4977 2757 1177 33758 1820
internal_value=3.66999e-05 -0.000190231 -0.000237439 -0.00247526 -0.000159146 -0.000213756 -0.00108239 -0.00207527 -7.01593e-05 -0.00346175 0.000242153 0.00204336 -3.69788e-05 0.000312759
internal_weight=53759.4 25545.2 25256.8 833.072 24423.8 23928.5 4028.96 2559.92 1055.08 1504.84 28214.2 974.778 19899.6 11479.6
internal_count=215930 102348 101191 3337 97854 95865 16135 10250 4221 6029 113582 3934 79730 45972
is_linear=0
shrinkage=0.02


Tree=214
num_leaves=15
num_cat=0
split_feature=0 6 19 29 3 22 22 0 29 13 13 27 17 16
split_gain=7.59488 6.99756 9.34797 12.0973 7.31614 7.40376 9.40672 9.27061 7.79026 7.56532 6.61104 13.728 13.0141 8.57061
threshold=0.032233405858278281 0.91666665673255932 0.019835621118545536 5.0645292538724361e-13 5.1103172154398642e-05 -0.23941587656736371 -0.097330939024686799 0.039554558694362647 5.9799468979035441e-13 0.00011731905760825613 0.00011193597674719059 -0.13222222775220868 0.61222708225250255 -0.22346168011426923
decision_type=2 2 2 2 10 2 2 2 2 10 8 10 2 2
left_child=-1 4 3 -3 -2 -6 7 -7 -9 -10 11 12 -8 -12
right_child=1 2 -4 -5 5 6 10 8 9 -11 13 -13 -14 -15
leaf_value=-0.00022896917674394783 0.0015093407020830365 0.00088882184774823775 0.00053009859044760954 -0.0018564083409061813 -0.0014531358191110007 0.00341085042299812 0.0015528188425384857 -0.0006929950566589055 0.002222159517632123 -0.0012749667364820362 -0.0017996545634834571 -0.00068315557738576427 -0.0029275005220135669 0.0016720132709841763
leaf_weight=31255.100102394819 2271.2388160973787 881.29943832755089 2623.6997300088406 2250.3669630140066 891.92597305774689 669.62722989916801 2326.8601647615433 905.70530764758587 1353.9818842858076 287.9673265516758 321.83606764674187 5729.1194621324539 272.96377342939377 1750.126658514142
leaf_count=125149 9182 3537 10548 9050 3608 2692 9496 3647 5505 1167 1297 23014 1116 7052
internal_value=-2.72307e-05 0.000252506 -0.000348413 -0.00108312 0.000458768 0.000292472 0.000408765 0.00135029 0.00078634 0.00160087 0.000115493 -0.000136658 0.00106366 0.00112071
internal_weight=53791.8 22536.7 5755.37 3131.67 16781.4 14510.1 13618.2 3217.28 2547.65 1641.95 10400.9 8328.94 2599.82 2071.96
internal_count=216060 90911 23135 12587 67776 58594 54986 13011 10319 6672 41975 33626 10612 8349
is_linear=0
shrinkage=0.02


Tree=215
num_leaves=15
num_cat=0
split_feature=13 29 13 7 30 19 3 29 18 29 29 13 25 12
split_gain=6.93988 14.1464 10.6441 10.5023 11.7506 9.40617 8.63003 8.73703 13.9194 11.1898 8.57785 8.54812 16.6846 13.6754
threshold=0.00011193597674719059 2.5446966582520773e-12 8.5885560110909878e-05 0.00026989291654899722 -0.19644653797149655 0.0076215488370507964 5.9162408433621756e-05 6.0679648697208054e-13 0.16673896461725238 6.9021017742344769e-13 2.9791180373300867e-12 8.1674392276909216e-05 -0.048264248296618455 0.75000000000000011
decision_type=8 2 10 10 2 2 10 2 2 2 2 10 10 2
left_child=2 -2 10 6 -5 -3 -4 8 -8 -9 11 -1 -13 -14
right_child=1 5 3 4 -6 -7 7 9 -10 -11 -12 12 13 -15
leaf_value=-4.3953414845652477e-05 0.00062276599614740193 -0.0042245261327386492 0.0013029666625698527 -0.0039883802527366325 -0.00095638916099318404 0.0003475239260989108 -0.00066624759699013757 0.0024723939946019024 -0.0042533601446005168 -0.00041024888635942834 0.002194508780488652 0.0036256176846873149 0.0025822355190266372 -0.0016235971916630846
leaf_weight=28165.208712026477 11596.707994252443 395.49623784422874 1196.8356132358313 647.55901102721691 2275.6926263719797 312.55665719509125 2105.5881804078817 631.40947668254375 528.16429315507412 3092.2343948930502 742.84735623002052 747.8947671353817 466.34733620285988 829.26854099333286
leaf_count=113203 46529 1598 4798 2598 9127 1264 8430 2529 2115 12412 3028 3003 1870 3323
internal_value=3.72922e-05 0.000453947 -8.6617e-05 -0.000636964 -0.00165057 -0.00225218 -0.000241406 -0.000535322 -0.00141223 8.91512e-05 9.99732e-05 4.70496e-05 0.00128959 -9.34974e-05
internal_weight=53733.8 12304.8 41429.1 10477.5 2923.25 708.053 7554.23 6357.4 2633.75 3723.64 30951.6 30208.7 2043.51 1295.62
internal_count=215827 49391 166436 42009 11725 2862 30284 25486 10545 14941 124427 121399 8196 5193
is_linear=0
shrinkage=0.02


Tree=216
num_leaves=15
num_cat=0
split_feature=1 19 7 2 19 15 18 9 11 5 29 1 1 6
split_gain=3.85388 5.10819 4.09241 4.04944 11.1284 8.09001 5.38093 8.07979 7.94946 6.2903 6.10014 5.19146 4.82906 4.58803
threshold=1.2635700841201471e-05 0.14832767844200137 0.00010584306073724294 0.41666667163372045 -0.20784386247396466 -0.037463428452610963 0.085253521800041213 0.0002231808612123132 0.00044295609404798603 0.00013061595382168892 4.2015504031663047e-13 7.3422936111455797e-05 1.4827521681581858e-05 0.58333334326744091
decision_type=8 2 10 2 2 2 2 10 8 8 2 10 10 2
left_child=1 2 -1 4 5 11 10 9 -9 -8 -6 -2 -5 -12
right_child=3 -3 -4 12 6 -7 7 8 -10 -11 13 -13 -14 -15
leaf_value=0.0014042446483578373 0.0021206035250792878 -0.0035693789003773458 -0.0018572151206041846 0.0022384564540806461 0.0020011785930864759 0.0044427026116642364 0.00063015755784289959 0.0041088395651004408 -0.00036292431398619369 -0.0029672721493756637 0.00032015185537993417 -0.0013441115740385476 -0.00012434675852110181 -0.0020005361560626093
leaf_weight=276.35326613485813 470.90059496462345 269.21604247391224 300.84367403388023 328.54303036630154 248.40360100567341 399.10566920042038 641.99699082970619 406.43644288182259 248.73660184442997 255.84594796597958 491.03777879476547 250.36165195703506 48061.569725126028 1057.9222201555967
leaf_count=1114 1906 1083 1211 1320 998 1619 2586 1640 1002 1032 1985 1018 192949 4259
internal_value=-7.58176e-05 -0.00139892 -0.000300945 -5.41108e-05 0.000520439 0.00222698 -6.00552e-05 0.000796737 0.00245067 -0.000437273 -0.000800989 0.000914129 -0.000107386 -0.00127015
internal_weight=53707.3 846.413 577.197 52860.9 4470.75 1120.37 3350.38 1553.02 655.173 897.843 1797.36 721.262 48390.1 1548.96
internal_count=215722 3408 2325 212314 18045 4543 13502 6260 2642 3618 7242 2924 194269 6244
is_linear=0
shrinkage=0.02


Tree=217
num_leaves=15
num_cat=0
split_feature=23 0 25 21 14 28 14 25 18 11 5 21 0 16
split_gain=5.45173 7.09588 13.8643 6.53237 6.23246 8.11477 6.28462 7.31555 7.76696 6.958 11.8192 8.91499 7.16821 11.0439
threshold=0.34489683806896215 0.061451720073819167 0.2049733176827431 0.443626418709755 0.54349279403686535 3.7420872065103977e-13 0.18836343288421634 0.087029431015253081 0.03462494537234307 0.00024618853058200335 0.0001076855478459038 -0.17630929499864575 0.066369172185659422 -0.16805458068847653
decision_type=2 2 10 2 2 2 2 10 2 8 8 2 2 2
left_child=1 -1 4 -2 5 -3 9 8 -8 12 -11 -12 -7 -14
right_child=3 2 -4 -5 -6 6 7 -9 -10 10 11 -13 13 -15
leaf_value=-5.8826980762831533e-05 -0.0030607983553352282 0.0028028328259987272 0.0048798006536034466 0.00047225722962117463 0.0017448502291128854 -0.0012696716135937422 -0.0024788085210337937 -0.0043570993980105019 0.0015565347769818886 -0.0029688032546038973 -0.0016511450356208755 0.0015637119396069807 0.0040326638120866771 7.8503425369066512e-05
leaf_weight=46744.381247758865 479.01532404124737 394.07751941680908 276.589803352952 352.4565846323967 1166.4047007709742 314.40259267389774 361.54814976453781 247.45625138282776 362.66333095729351 534.71055394411087 510.18723447620869 971.14350000023842 553.59654252231121 558.39285099506378
leaf_count=187383 1930 1600 1128 1424 4759 1268 1471 1002 1472 2172 2080 3945 2281 2290
internal_value=4.00535e-07 2.58991e-05 0.000657623 -0.00158724 0.000446531 0.000125651 -0.000124923 -0.00152822 -0.000470506 0.000277714 -0.000477583 0.000449233 0.00133708 0.00208352
internal_weight=53827 52995.6 6251.17 831.472 5974.58 4808.18 4414.1 971.668 724.211 3442.43 2016.04 1481.33 1426.39 1111.99
internal_count=216205 212851 25468 3354 24340 19581 17981 3945 2943 14036 8197 6025 5839 4571
is_linear=0
shrinkage=0.02


Tree=218
num_leaves=15
num_cat=0
split_feature=22 19 1 20 24 11 27 26 21 27 20 28 28 28
split_gain=5.6849 12.5218 10.7551 8.81207 7.41132 7.33789 7.3796 7.28686 11.9197 9.42617 6.76526 6.42936 6.02909 13.8951
threshold=-0.17514259368181226 0.0026077564107254152 5.5370590416714556e-05 -0.24808122962713239 -0.075341850519180284 0.00034109734406229114 -0.15777777880430219 -0.3599999994039535 0.049175286665558822 -0.30333334207534784 -0.21138515323400495 1.0173650116795942e-12 6.3414074338852277e-13 1.0807194440569381e-12
decision_type=2 2 10 2 10 8 10 8 2 10 2 2 2 2
left_child=1 2 3 4 -1 11 -7 8 -2 -9 -5 -4 -8 -14
right_child=7 -3 5 10 -6 6 12 9 -10 -11 -12 -13 13 -15
leaf_value=0.00074892382940213028 -0.0031844855013987055 -0.002878142275532113 0.00057338571721528894 -0.0048269605525993976 -0.0029682716326139649 -0.0031424868135159888 -0.0011596137399338766 0.0024062879689504429 0.0010160231082147826 3.1125475535893009e-05 -0.0014432421255403504 0.0034258426544325721 0.0046915147539551621 -0.0015576905604579667
leaf_weight=993.00806674361229 675.54170081019402 828.46932442486286 856.6163370013237 324.53738816082478 252.20121961832047 290.0524835139513 516.05608493089676 658.21380612254143 429.23493333160877 46040.256083846092 847.79620587825775 490.56351125240326 285.76205724477768 251.9938542842865
leaf_count=3996 2745 3332 3444 1304 1015 1173 2071 2686 1741 184789 3408 1987 1149 1014
internal_value=-4.52585e-05 -0.000627865 -0.000253132 -0.00121631 -3.89669e-05 0.000614745 -0.000429037 2.73322e-05 -0.00156343 6.56191e-05 -0.00244521 0.001647 0.000362435 0.00181227
internal_weight=53740.3 5937.06 5108.59 2417.54 1245.21 2691.04 1343.86 47803.2 1104.78 46698.5 1172.33 1347.18 1053.81 537.756
internal_count=215854 23893 20561 9723 5011 10838 5407 191961 4486 187475 4712 5431 4234 2163
is_linear=0
shrinkage=0.02


Tree=219
num_leaves=15
num_cat=0
split_feature=22 25 27 19 22 5 21 2 29 30 13 7 13 21
split_gain=5.90349 10.0563 5.06546 4.94635 4.87606 9.86487 7.93872 11.4565 9.73285 9.07446 6.67912 5.92952 5.92782 10.8759
threshold=-0.30993221700191492 -0.23914678394794461 -0.12000000104308127 -0.060485986992716782 0.169074721634388 0.00014301940973382446 0.20991685986518863 0.58333334326744091 1.051894628258804e-12 0.15366878360509875 8.507629900122994e-05 0.00028433343686629092 6.3859308284008889e-05 0.34811012446880346
decision_type=2 10 8 2 2 10 2 2 2 2 10 10 10 2
left_child=-1 2 3 -2 -3 12 7 -7 9 11 -9 -8 -6 -14
right_child=1 4 -4 -5 5 6 8 10 -10 -11 -12 -13 13 -15
leaf_value=-0.0016094445443057266 0.0019627144254839289 -5.9268226612456484e-05 0.0040545105248685617 -0.0012300169391545742 0.00069306309215734149 -0.00051084916285199389 0.0050265402220393812 0.0059492244556077099 -0.0021212048390065546 -0.0011340103690798682 0.0020353203424709441 0.00080129137398731994 -0.00025665576672858487 -0.0046735185139514151
leaf_weight=852.43028375506401 658.72671127319336 46358.195886716247 291.51144103705883 256.10152640938759 1599.9045421779156 288.3741279989481 288.68430589139462 379.82495050132275 378.19018080830574 289.37618677318096 365.06613197922707 248.91617949306965 1262.3890272527933 251.54679404199123
leaf_count=3432 2678 186143 1176 1040 6431 1162 1158 1525 1526 1163 1466 1001 5063 1010
internal_value=2.23768e-05 4.92617e-05 0.00183926 0.00106173 6.80828e-06 0.000577214 0.0015836 0.00285289 0.000466561 0.00167213 0.00413442 0.0031691 -0.000151736 -0.0010419
internal_weight=53769.2 52916.8 1206.34 914.828 51710.5 5352.27 2238.43 1033.27 1205.17 826.977 744.891 537.6 3113.84 1513.94
internal_count=215974 212542 4894 3718 207648 21505 9001 4153 4848 3322 2991 2159 12504 6073
is_linear=0
shrinkage=0.02


Tree=220
num_leaves=15
num_cat=0
split_feature=0 3 3 17 19 7 7 29 3 11 28 11 28 0
split_gain=6.51677 8.16779 11.9922 9.74292 9.31966 8.09309 7.87073 7.30012 6.8083 6.7623 6.72873 6.53297 6.25421 6.09458
threshold=0.01049913000315428 9.8249085567658781e-05 9.3260812718654065e-05 0.10778442770242692 0.070184517651796355 0.00034017593134194618 0.00023751406843075531 2.4668688044984099e-13 0.00014746232773177328 0.00047130574239417916 7.2055317441865895e-13 0.0015195864834822716 2.3373951428887211e-12 0.011732524726539852
decision_type=2 10 8 2 2 10 10 2 10 8 2 10 2 2
left_child=1 2 12 5 -5 6 10 -2 -6 -7 -3 13 -1 -9
right_child=7 3 -4 4 8 9 -8 11 -10 -11 -12 -13 -14 -15
leaf_value=-0.00037940275615525542 0.0028619482034250767 -0.00081458533022854736 0.0033167573040502568 0.0022343606957003063 -0.0020828393760832739 -0.0056210302188906122 0.00039135749847219381 0.0013747969158201681 0.00054728188616509957 -0.0018887778286413291 -0.0031818905738529037 0.0026884331381111875 0.0026794755165237263 -4.1054884558790199e-05
leaf_weight=4457.8463069498539 345.80620460212231 1192.0829744935036 403.06734399497509 570.41218766570091 734.72643937170506 300.78570587933064 971.74512808024883 1233.5243785232306 809.35793378949165 580.59364990890026 807.08888171613216 345.03116783499718 264.43891085684299 40709.295921087265
leaf_count=17840 1396 4770 1613 2283 2940 1204 3889 4938 3240 2325 3231 1399 1059 163673
internal_value=-6.36591e-05 -0.000495034 9.06549e-05 -0.000996752 9.42201e-05 -0.00159297 -0.00108025 4.87528e-05 -0.000714847 -0.00325893 -0.00179234 2.4406e-05 -0.000197533 1.22024e-06
internal_weight=53725.8 11092.1 5125.35 5966.79 2114.5 3852.3 2970.92 42633.7 1544.08 881.379 1999.17 42287.9 4722.29 41942.8
internal_count=215800 44394 20512 23882 8463 15419 11890 171406 6180 3529 8001 170010 18899 168611
is_linear=0
shrinkage=0.02


Tree=221
num_leaves=15
num_cat=0
split_feature=24 19 23 29 23 23 22 13 22 22 20 5 3 22
split_gain=6.07045 28.9801 9.76433 8.75266 8.41789 5.17928 7.79828 5.51842 6.71518 8.34714 10.085 8.8813 7.11929 7.80521
threshold=-0.19902562350034711 -0.047617079690098756 -0.1918162405490875 1.0954251286436625e-12 -0.36972333490848536 -0.26737269759178156 -0.28493309020996088 2.6147035896428864e-05 -0.097330939024686799 -0.092270188033580766 -0.19786472618579862 3.2790539989946417e-05 7.5906256824964671e-05 -0.20163759589195249
decision_type=8 2 2 2 2 2 2 10 2 2 2 10 10 2
left_child=1 2 3 -1 -2 6 -6 -7 12 -10 -11 -12 13 -9
right_child=4 -3 -4 -5 5 7 -8 8 9 10 11 -13 -14 -15
leaf_value=0.00065814932581629269 0.0023776518975425478 -0.0061217056917645066 0.0031308917426495224 -0.0036483983357111661 0.0015240382348119866 0.0020310006910186805 -0.0018261939476770653 -0.0022673616332813205 -0.0023724882939652175 -0.0021270165753325722 -0.0028553289605152614 3.4391395695313826e-05 0.00082691701837665408 0.00019683519113736995
leaf_weight=523.39113004505634 593.00870616734028 347.57433992624283 329.91741427779198 271.11678984761238 339.62434501945972 539.54066310822964 1245.3588982969522 629.67726284265518 608.50493513047695 892.01398453116417 410.3367073982954 37266.153314977884 7270.2996263056993 2452.4162637740374
leaf_count=2103 2421 1397 1328 1095 1366 2175 5025 2530 2444 3587 1649 149579 29218 9857
internal_value=1.18497e-05 -0.00124605 0.000341723 -0.000864912 4.77529e-05 2.00948e-05 -0.00109827 5.59222e-05 3.35959e-05 -8.61652e-05 -4.88824e-05 1.42109e-06 0.000486106 -0.000317977
internal_weight=53718.9 1472 1124.43 794.508 52246.9 51653.9 1584.98 50068.9 49529.4 39177 38568.5 37676.5 10352.4 3082.09
internal_count=215774 5923 4526 3198 209851 207430 6391 201039 198864 157259 154815 151228 41605 12387
is_linear=0
shrinkage=0.02


Tree=222
num_leaves=15
num_cat=0
split_feature=5 29 22 14 14 14 14 4 16 11 12 11 29 28
split_gain=5.78803 4.85131 8.5699 11.4123 9.10852 10.7294 11.1503 10.5706 8.47865 7.41199 6.39494 11.9902 11.2383 12.1936
threshold=0.00050895847380161296 3.7054806109344118e-13 0.16599500179290774 -0.65519982576370228 -0.29343289136886591 0.33420413732528692 0.6786731779575349 0.91666665673255932 -1.0000000180025095e-35 0.00027491011132951831 0.91666665673255932 0.00084758191951550554 1.6697783021719927e-12 7.3025919621223799e-13
decision_type=8 2 2 2 2 2 2 2 2 10 2 10 2 2
left_child=1 2 3 -1 -5 7 9 8 -6 -7 -3 12 13 -12
right_child=-2 10 -4 4 5 6 -8 -9 -10 -11 11 -13 -14 -15
leaf_value=0.001962483184810385 0.0015773370488279747 0.00013114551068457876 0.002115758359796919 -0.003519860767690407 0.00076710431534512957 -0.0017095284183463741 0.00034210200781594797 0.0027885601105981173 -0.0027215154002807412 -0.0065201108512920351 -0.00025939851643413269 0.002273485012738493 0.0010801324081995136 -0.0015791324799740482
leaf_weight=417.46430324018002 842.05224515497684 33943.483369275928 355.48449835181236 673.11855711042881 568.63169158995152 257.11374808847904 312.02790117263794 410.02301433682442 514.00786633789539 279.66550214588642 8835.6154441535473 640.92967009544373 1619.1315231770277 4086.7957149744034
leaf_count=1677 3412 136414 1427 2701 2281 1032 1253 1643 2062 1121 35403 2575 6514 16404
internal_value=-4.83242e-05 -7.47808e-05 -0.000762528 -0.00107118 -0.00150146 -0.000896316 -0.00266342 0.000130483 -0.000908519 -0.00436005 -2.14678e-05 -0.000362389 -0.000481531 -0.000678568
internal_weight=53755.5 52913.5 3787.54 3432.05 3014.59 2341.47 848.807 1492.66 1082.64 536.779 49126 15182.5 14541.5 12922.4
internal_count=215919 212507 15197 13770 12093 9392 3406 5986 4343 2153 197310 60896 58321 51807
is_linear=0
shrinkage=0.02


Tree=223
num_leaves=15
num_cat=0
split_feature=24 2 9 26 21 25 29 21 29 9 19 5 11 7
split_gain=5.98509 6.55712 7.85794 5.51402 6.90693 6.35441 5.54805 5.62025 8.243 7.19472 6.39251 8.61558 8.08033 6.92861
threshold=-0.25496472418308253 0.25000000745058065 0.00021816823573317381 -0.39000000059604639 -0.31141000986099238 -0.26008790731430048 2.4668688044984099e-13 -0.15495614707469937 3.6684341003269399e-13 0.0010840049362741413 -0.12173789739608763 9.9822915217373534e-05 0.00076948560308665048 0.00011415318294893952
decision_type=10 2 8 8 2 10 2 2 2 8 2 10 10 10
left_child=-1 2 -2 -3 -5 -6 -7 8 -8 -9 11 -10 13 -13
right_child=1 3 -4 4 5 6 7 9 10 -11 -12 12 -14 -15
leaf_value=-0.0022927473783364415 9.2962451106769624e-05 -0.0015975676074752886 0.0042626720504207781 0.0010542233279979894 0.002572189639712254 0.0023649544568663987 -0.0030705155051132548 3.3472544538237039e-06 0.0012157101855257905 0.0028732351356202373 -0.0012920512164032441 0.0019193354994279557 0.0024727589294118234 -0.0011218300004092827
leaf_weight=429.93343666195869 419.79123297333717 832.97713994979858 298.74528047442436 2456.8497400283813 353.06681184470654 358.23883946239948 469.01012371480465 40317.098578795791 1583.5403263270855 332.47222486138344 2181.6287223398685 313.93966022133827 305.87118428945541 3045.1195359677076
leaf_count=1725 1700 3381 1210 9923 1433 1443 1882 161784 6368 1349 8759 1263 1232 12237
internal_value=4.27883e-06 2.36719e-05 0.00189509 -2.62804e-06 2.36685e-05 -2.81376e-05 -4.79535e-05 -6.67248e-05 -0.000554165 2.82214e-05 -0.000387508 -8.04021e-06 -0.000540526 -0.000827923
internal_weight=53698.3 53268.3 718.537 52549.8 51716.8 49260 48906.9 48548.7 7899.11 40649.6 7430.1 5248.47 3664.93 3359.06
internal_count=215689 213964 2910 211054 207673 197750 196317 194874 31741 163133 29859 21100 14732 13500
is_linear=0
shrinkage=0.02


Tree=224
num_leaves=15
num_cat=0
split_feature=24 23 27 6 27 13 24 24 24 19 20 23 20 27
split_gain=5.38732 5.6186 10.0558 5.67491 9.10029 6.39493 6.18749 6.18346 6.32099 6.37072 3.88031 9.16564 9.24502 8.73691
threshold=-0.25496472418308253 -0.36972333490848536 -0.31000000238418574 0.41666667163372045 -0.038888890296220772 9.625268648960629e-05 0.050538785755634315 -0.08700899779796599 0.091354139149189009 -0.034967686980962746 -0.041303278878331177 0.011817303951829674 0.023381478153169159 -0.25444445013999933
decision_type=8 2 10 2 10 8 10 10 10 2 2 2 2 8
left_child=-1 2 -2 4 5 7 -6 -3 9 -9 -5 12 -12 -14
right_child=1 3 -4 10 6 -7 -8 8 -10 -11 11 -13 13 -15
leaf_value=-0.0022562461982024436 -0.0014415087792348236 -0.0030781239222545244 0.0034413297806545956 -0.00023878461637375393 -0.0012985968112878552 0.0025734740118575411 -0.0050651313458929519 0.0026346395265491223 -0.002633043223584916 -0.00077078988791278564 0.0012595587526124843 -0.000140051349381123 0.0029383581012045849 -0.00015028461705889642
leaf_weight=426.42052040994167 249.29068540036678 321.54989185929298 449.12389314174652 20583.541989728808 459.14664556086063 260.58426846563816 282.55006149411201 394.92742070555687 256.3349931538105 452.52389800548553 4633.7406713962555 19214.392892926931 373.06742070615292 5368.8731993287802
leaf_count=1711 1021 1298 1827 82686 1839 1052 1132 1595 1034 1824 18603 77110 1516 21553
internal_value=-6.82918e-05 -4.99475e-05 0.00170685 -7.39133e-05 -0.00101428 -0.000192208 -0.00282878 -0.000726452 1.21514e-06 0.000840356 -2.80283e-05 0.000118641 0.000597053 5.98944e-05
internal_weight=53726.1 53299.6 698.415 52601.2 2427.62 1685.92 741.697 1425.34 1103.79 847.451 50173.6 29590.1 10375.7 5741.94
internal_count=215801 214090 2848 211242 9774 6803 2971 5751 4453 3419 201468 118782 41672 23069
is_linear=0
shrinkage=0.02


Tree=225
num_leaves=15
num_cat=0
split_feature=23 13 17 28 19 1 7 9 21 17 3 7 16 23
split_gain=6.26861 8.70422 7.00564 6.13576 8.62082 6.57888 7.50963 9.33698 7.55763 6.7204 6.27365 12.3682 5.87157 7.33754
threshold=-0.35046379268169398 6.0328377003315843e-05 -0.36940725147724146 2.6870735183367333e-13 0.15134485065937045 2.937115095846821e-05 0.00012572074047056961 0.00022942751820664856 0.12649165093898776 0.247161440551281 5.522318497241941e-05 0.00017541406850796196 0.14537069946527484 -0.094247736036777482
decision_type=2 10 2 2 2 8 10 10 2 2 10 10 2 2
left_child=1 2 -1 4 10 6 8 9 -5 12 -2 -12 13 -8
right_child=3 -3 -4 5 -6 -7 7 -9 -10 -11 11 -13 -14 -15
leaf_value=0.0018083449087082689 0.0028949299387521195 0.0033807744743038627 -0.0026073926884807993 0.00062503840382556626 0.0035143171032088285 1.2689129349680294e-06 -0.0041006090257403186 -5.9584792107140117e-05 -0.0016082691162457626 -8.305915608114171e-05 -0.0029928933787374025 0.00169691473801258 -0.0054837462461135014 -0.0010360437411248572
leaf_weight=289.06272953748703 250.53812438249588 491.40966406464577 248.85112994909286 2314.6132409125566 432.04337561130524 44507.611922085285 485.83028458058834 1447.2816111594439 798.65394367277622 488.32275360822678 416.77161599695683 445.08089503645897 254.34062716364861 869.62237213551998
leaf_count=1176 1008 1997 1009 9306 1737 178720 1953 5809 3208 1961 1675 1788 1021 3491
internal_value=-1.84188e-05 0.00151226 -0.000254714 -4.88719e-05 0.00118497 -8.65633e-05 -0.000671894 -0.00129858 4.55139e-05 -0.00214461 0.000234178 -0.000587409 -0.00276128 -0.00217812
internal_weight=53740 1029.32 537.914 52710.7 1544.43 51166.3 6658.66 3545.4 3113.27 2098.12 1112.39 861.853 1609.79 1355.45
internal_count=215859 4182 2185 211677 6208 205469 26749 14235 12514 8426 4471 3463 6465 5444
is_linear=0
shrinkage=0.02


Tree=226
num_leaves=15
num_cat=0
split_feature=0 29 17 7 1 18 23 6 28 18 0 1 28 29
split_gain=4.87118 6.23911 15.474 11.9062 11.8109 10.4815 8.08196 8.02902 7.04729 6.14717 9.06763 9.41141 13.7477 6.71704
threshold=0.10855389758944513 2.0638832439953684e-12 0.40847344696521765 0.00028218518127687281 8.350075222551824e-05 -0.12725518643856046 0.40319368243217474 0.75000000000000011 1.878275204640623e-12 0.25289462506771093 0.077433113008737578 2.4241101527877621e-05 5.842465454573149e-13 1.6697783021719927e-12
decision_type=2 2 2 10 10 2 2 2 2 2 2 10 2 2
left_child=1 6 3 5 -5 7 8 -3 9 10 11 12 -1 -13
right_child=-2 2 -4 4 -6 -7 -8 -9 -10 -11 -12 13 -14 -15
leaf_value=0.00012067960378001992 0.0021157893307513632 0.0022690806215194975 0.0021282973999753375 -0.0053028809567528101 -0.00095045899769707334 -0.0014383832397720118 -0.0030325310291500996 -0.00086620494662126497 0.0011203309651783393 0.00059493826211392978 0.0016013929794867873 -0.00010979503685263413 -0.0025577177421380309 0.001497752214378302
leaf_weight=1532.3262294977903 399.43458330631256 696.46638524532318 645.84097984433174 465.62117551267147 534.83334521949291 2087.3107585757971 324.06427708268166 585.45009498298168 2294.6693969815969 5824.088533103466 1195.4879674315453 34564.738471537828 1510.4267923235893 1051.9610627740622
leaf_count=6143 1677 2819 2611 1874 2167 8406 1305 2359 9252 23378 4901 138570 6060 4227
internal_value=-3.1144e-05 -4.80166e-05 -0.000717954 -0.00114641 -0.00304035 -0.000569405 2.1822e-05 0.000845888 4.37094e-05 -1.08409e-05 -9.96188e-05 -0.000153021 -0.0012169 -6.15012e-05
internal_weight=53712.7 53313.3 5015.52 4369.68 1000.45 3369.23 48297.8 1281.92 47973.7 45679 39854.9 38659.5 3042.75 35616.7
internal_count=215749 214072 20236 17625 4041 13584 193836 5178 192531 183279 159901 155000 12203 142797
is_linear=0
shrinkage=0.02


Tree=227
num_leaves=15
num_cat=0
split_feature=5 3 23 28 28 22 14 3 29 13 28 26 13 27
split_gain=5.55431 7.87833 5.96194 9.8225 9.94924 8.86942 10.0369 8.13236 8.02032 7.18897 9.31767 6.97876 8.72107 14.8194
threshold=3.2790539989946417e-05 2.6435709514771592e-05 -0.23402605950832364 6.3414074338852277e-13 7.5087332185308507e-13 -0.18762085586786267 0.025990271940827373 0.00013771555677521977 1.3341034548787491e-12 6.8653738708235337e-05 4.8880617977732642e-13 -0.18333333730697629 5.4112490033730871e-05 -0.083333335816860185
decision_type=8 10 2 2 2 2 2 10 2 10 2 10 10 8
left_child=-1 -2 3 9 -5 6 7 8 -6 10 -3 -4 13 -13
right_child=1 2 11 4 5 -7 -8 -9 -10 -11 -12 12 -14 -15
leaf_value=-0.0017885078117101908 0.0021462143395668378 -0.0015889408393699345 0.00065823945330317627 0.0031416474504587155 -0.0040480031237551959 0.0012014109336667487 -0.0044391942514650463 0.0021396884051273287 0.00044514958944148373 -0.00041696290085830424 -0.0060520757790134272 0.0001376497652725047 0.00010844228071757599 -0.0018426460119201332
leaf_weight=641.57879409193993 691.24502763152122 553.7070467621088 7259.9074615836143 340.94401255249977 287.10734817385674 772.60692717134953 319.80533362925053 311.20895655453205 321.9518223553896 672.59770295023918 280.30986012518406 3541.4773724675179 35116.569364786148 2613.8765644580126
leaf_count=2581 2782 2230 29354 1373 1156 3144 1289 1260 1303 2702 1128 14245 140777 10474
internal_value=3.27472e-05 5.54247e-05 2.7031e-05 -0.000727377 8.23533e-05 -0.000461697 -0.00150049 -0.000406552 -0.00173426 -0.00197684 -0.00319559 8.73118e-05 -1.3387e-05 -0.000706529
internal_weight=53724.9 53083.3 52392.1 3860.24 2353.62 2012.68 1240.07 920.268 609.059 1506.61 834.017 48531.8 41271.9 6155.35
internal_count=215798 213217 210435 15585 9525 8152 5008 3719 2459 6060 3358 194850 165496 24719
is_linear=0
shrinkage=0.02


Tree=228
num_leaves=15
num_cat=0
split_feature=0 4 24 7 7 16 7 18 18 19 17 13 0 28
split_gain=6.00598 7.90884 9.49473 8.94905 12.1402 8.88342 8.75857 8.51949 8.747 8.14779 8.92037 7.7657 8.41312 8.13928
threshold=0.033031640574336059 0.75000000000000011 -0.046007711440324776 0.00025513597938697791 0.00024046038015512752 -0.18251620978116986 0.00017644763283897194 0.44028224050998693 0.36851519346237188 0.25988496840000158 -0.47928923368453974 0.00010724045569077135 0.0064526402857154616 2.8103220705427705e-12
decision_type=2 2 10 10 8 2 10 2 2 2 2 10 2 2
left_child=1 3 9 4 7 6 -4 8 11 10 -3 13 -13 -1
right_child=-2 2 5 -5 -6 -7 -8 -9 -10 -11 -12 12 -14 -15
leaf_value=-0.0008102489513725342 0.00021657884858861131 -0.0013073227850893766 -3.8559444380740919e-06 -0.0014190357083315838 0.0027513827953388843 4.3617365835312767e-05 -0.0022238222962040967 0.002936576560058858 -0.0040719697654888953 -0.0020189091431009466 0.001218808531117978 -0.0018153592202062947 0.0017351046201541395 0.0024425130473704625
leaf_weight=7364.2710090577602 21882.170637980103 615.88508576154709 1290.2914321869612 3658.6167654693127 486.92246381938457 9394.9267832040787 1563.2826218903065 273.01894694566727 250.86252906918526 384.47117421030998 4805.1939104348421 330.87943765521049 1119.2923670560122 302.0283657759428
leaf_count=29492 88297 2469 5165 14656 1950 37604 6258 1094 1005 1540 19245 1324 4482 1212
internal_value=-3.83915e-05 -0.000213647 6.18429e-05 -0.000573997 -0.00026652 -0.00025393 -0.00122704 -0.000424331 -0.000528336 0.000726642 0.000928066 -0.000422124 0.000911335 -0.000676078
internal_weight=53722.1 31839.9 18054.1 13785.9 10127.3 12248.5 2853.57 9640.35 9367.33 5805.55 5421.08 9116.47 1450.17 7666.3
internal_count=215793 127496 72281 55215 40559 49027 11423 38609 37515 23254 21714 36510 5806 30704
is_linear=0
shrinkage=0.02


Tree=229
num_leaves=15
num_cat=0
split_feature=20 19 19 10 17 13 1 22 23 4 28 25 25 23
split_gain=6.69006 7.59328 10.9868 11.5375 9.64397 9.40149 9.328 8.79887 15.4045 8.70108 7.85568 8.40649 7.50585 7.10176
threshold=-0.071834150701761232 0.20757807791233066 -0.065576881170272813 0.75000000000000011 0.25169883668422705 0.00012387175229378047 4.6871184167684994e-05 -0.035318309441208832 -0.028483513742685315 0.91666665673255932 4.44882059793747e-13 0.051386561244726188 0.053949335590004928 0.011817303951829674
decision_type=2 2 2 2 2 10 10 2 2 2 2 10 10 2
left_child=1 2 7 5 6 10 -5 8 -1 -8 -4 -12 -10 -2
right_child=13 -3 3 4 -6 -7 9 -9 12 -11 11 -13 -14 -15
leaf_value=-0.00011700515640520267 0.00048864875616946542 0.0017261403379672127 -0.0054530878339216163 0.0018616673968876814 -0.0033232572319783675 0.0010355781279859904 -0.0017164310761284642 -0.0013141440801472204 0.0036722454881644535 0.0014688803983416183 -0.00287433916666465 0.0010235339588085444 -0.00029272897847270376 -9.4365937430205844e-05
leaf_weight=10318.472065508366 13735.186528131366 670.51426427066326 364.37708503007889 781.27640761435032 362.57973356544971 273.67297886312008 1133.5536545813084 2045.6704594045877 656.64108668267727 470.57798759639263 1158.6923030167818 261.65438795089722 262.17382818460464 21283.561174869537
leaf_count=41502 55181 2701 1462 3133 1455 1099 4548 8218 2642 1886 4657 1054 1056 85423
internal_value=-2.88055e-05 -0.00033338 -0.000411542 -0.00122881 -0.000375397 -0.00235354 9.65804e-05 -0.000114415 0.000105935 -0.000775427 -0.00287896 -0.00215204 0.00255875 0.000134455
internal_weight=53778.6 18759.9 18089.3 4806.38 2747.99 2058.4 2385.41 13283 11237.3 1604.13 1784.72 1420.35 918.815 35018.7
internal_count=216017 75413 72712 19294 11022 8272 9567 53418 45200 6434 7173 5711 3698 140604
is_linear=0
shrinkage=0.02


Tree=230
num_leaves=15
num_cat=0
split_feature=24 21 22 23 25 7 17 24 17 15 3 17 1 23
split_gain=6.127 5.42122 5.72689 5.60979 8.82878 12.9319 7.61211 7.25555 7.02748 8.56528 6.88925 6.64273 5.7283 5.49929
threshold=-0.25496472418308253 -0.43589727580547327 -0.2231982350349426 -0.26737269759178156 -0.1901198327541351 0.00016961968503892424 0.0063562067225575456 -0.14880687743425366 -0.25901494920253748 -1.0000000180025095e-35 9.5455532573396354e-05 -0.24637874215841291 4.0909839299274615e-05 -0.17083650082349774
decision_type=10 2 2 2 10 10 2 10 2 2 10 2 10 2
left_child=-1 2 -2 8 5 7 11 -5 12 -10 -11 -7 -3 -6
right_child=1 3 -4 4 13 6 -8 -9 9 10 -12 -13 -14 -15
leaf_value=-0.0023852299621541645 0.0034058172361847751 -0.004413612693456667 -3.5041473959606688e-05 0.0012981263078721927 0.00064359955093018072 0.00042059583950889486 0.0024251744869435168 0.0050646344807143383 0.0020826735495149806 0.00068455533628768812 -0.0038691231227661435 -0.0038138903556844384 -0.00117583262952234 -0.00012085550891978477
leaf_weight=423.4340084195137 356.2802449464798 310.20001132786274 397.45175588130951 444.35613594949245 4089.3653185367584 298.42857737839222 248.54457907378674 391.44525799155235 456.50261680781841 253.75654964148998 247.7246260792017 267.5329674333334 714.66162736713886 44798.171011820436
leaf_count=1699 1444 1251 1622 1790 16445 1204 1003 1586 1840 1023 1001 1078 2888 179819
internal_value=-4.40188e-05 -2.45224e-05 0.00163741 -4.89872e-05 -7.84342e-06 0.00142201 -0.000373181 0.00313929 -0.00108709 0.000147182 -0.00162702 -0.00164292 -0.00222155 -5.6673e-05
internal_weight=53697.9 53274.4 753.732 52520.7 50537.8 1650.31 814.506 835.801 1982.85 957.984 501.481 565.962 1024.86 48887.5
internal_count=215693 213994 3066 210928 202925 6661 3285 3376 8003 3864 2024 2282 4139 196264
is_linear=0
shrinkage=0.02


Tree=231
num_leaves=15
num_cat=0
split_feature=23 22 0 23 11 24 24 22 26 22 21 7 24 22
split_gain=8.92878 7.68173 4.63839 8.55455 11.8253 6.29513 15.2467 6.61433 8.8735 7.49718 9.51722 9.76222 9.643 9.07431
threshold=-0.39414808154106135 -0.30993221700191492 0.04467704892158509 -0.24928269535303113 0.00024477412807755178 0.073890790343284621 0.055122520774602897 0.11282723397016527 3.8302694349567909e-15 -0.10772423073649405 -0.047632213681936257 0.0003234278410673142 0.019654518924653534 0.045582292601466186
decision_type=2 2 2 2 10 10 10 2 8 2 2 8 10 2
left_child=1 -1 -2 4 -4 6 7 9 -9 -5 12 13 -11 -12
right_child=2 -3 3 5 -6 -7 -8 8 -10 10 11 -13 -14 -15
leaf_value=-0.00030045372088624345 -0.00019270280408284252 0.0041547668125248684 0.00096710102642252372 0.0010817838428621898 -0.0030987910867628084 -0.00035512463856061374 0.0033680951759697954 0.0037661986302945688 -0.00064527287612399899 -0.0018205309281509169 0.0007742619815975444 0.0030959664702783826 0.0018268265605363659 -0.0018447951066876596
leaf_weight=260.90586778521538 39340.47162681818 351.76880434155464 478.67274895310402 2695.9896392226219 664.45669098198414 3371.3303680121899 739.6235476732254 479.33995041251183 279.19399489462376 1781.3655393719673 1781.35873234272 468.18247666954994 328.82661472260952 729.2518118917942
leaf_count=1053 157601 1441 1949 10909 2692 13620 2990 1945 1123 7207 7203 1897 1331 2945
internal_value=-5.39674e-05 0.002308 -8.20587e-05 0.000233238 -0.00140889 0.000383568 0.000652023 0.000409572 0.0021676 0.000233162 -0.000218887 0.000508172 -0.00124036 4.94249e-06
internal_weight=53750.7 612.675 53138.1 13797.6 1143.13 12654.5 9283.13 8543.51 758.534 7784.97 5088.99 2978.79 2110.19 2510.61
internal_count=215906 2494 213412 55811 4641 51170 37550 34560 3068 31492 20583 12045 8538 10148
is_linear=0
shrinkage=0.02


Tree=232
num_leaves=15
num_cat=0
split_feature=0 11 16 0 27 24 0 1 0 29 29 0 23 1
split_gain=10.6186 11.8181 16.4737 8.96037 6.74807 5.97348 11.3258 9.56259 9.18874 8.03931 9.40347 14.0174 10.68 9.07563
threshold=0.078768830746412291 0.00024477412807755178 -0.0077026674989610902 0.090264979749917998 -0.34333333373069758 -0.050212485715746873 0.0068506477400660524 0.00013162376126274469 0.004819998750463129 4.4175410942107201e-13 3.7427275634185219e-13 0.027583304792642597 -0.090830098837614046 3.0826868169242523e-05
decision_type=2 10 2 2 8 10 2 10 2 2 2 2 2 10
left_child=4 2 -2 -4 -1 6 8 9 -6 10 -8 -12 -13 -11
right_child=1 -3 3 -5 5 -7 7 -9 -10 13 11 12 -14 -15
leaf_value=-0.0017739145610611499 0.0053545058504202506 5.4921678948367245e-05 -0.0020796305280759799 0.0026314499204240032 -0.00013792450166237607 -0.00012249282891308838 2.4878089214212263e-06 0.0020816597367501765 -0.0029574886381742928 -0.001187588467582215 0.0047433777083618987 -0.0013811360706831727 0.0036287325898145006 0.00039552107330613262
leaf_weight=824.52500322461128 522.9263351559639 1340.2556515187025 271.22417403757572 343.86191120743752 1514.3232575953007 34003.56501737237 1023.465913400054 1438.3815051317215 646.85471118986607 1713.257554218173 599.40683980286121 422.40153358876705 257.29330193996429 8801.7240740805864
leaf_count=3328 2177 5506 1111 1428 6061 136338 4107 5795 2589 6882 2400 1696 1033 35349
internal_value=6.11531e-05 0.00133439 0.00281426 0.000554013 -9.18278e-07 2.87673e-05 0.000341829 0.000546551 -0.00100122 0.000371306 0.00143629 0.00256584 0.000564827 0.000135812
internal_weight=53723.5 2478.27 1138.01 615.086 51245.2 50420.7 16417.1 14255.9 2161.18 12817.5 2302.57 1279.1 679.695 10515
internal_count=215800 10222 4716 2539 205578 202250 65912 57262 8650 51467 9236 5129 2729 42231
is_linear=0
shrinkage=0.02


Tree=233
num_leaves=15
num_cat=0
split_feature=25 0 28 28 3 21 28 28 2 27 19 19 18 27
split_gain=5.86658 14.7013 9.55782 10.145 9.88513 8.74155 7.74418 11.0321 7.95875 7.65955 7.61046 7.58063 7.11356 9.42829
threshold=0.10329056531190874 0.033031640574336059 7.6746801188493096e-13 1.2540262881929889e-12 9.0015841124113663e-05 0.16057188808918002 2.051930457144802e-12 7.6163527524750206e-13 0.91666665673255932 -0.35444444417953486 0.25559601187705999 0.46735814213752752 -0.059119572862982743 -0.12000000104308127
decision_type=8 2 2 2 10 2 2 2 2 8 2 2 2 10
left_child=5 2 -2 -4 -5 9 7 11 -9 -1 -8 -7 13 -3
right_child=1 12 3 4 -6 6 10 8 -10 -11 -12 -13 -14 -15
leaf_value=-0.0023404162215627331 0.00047018968593760975 0.0020424106038770804 -0.0030915881510005429 0.002685890594276289 -0.0017311296531733538 -0.0015949814203139257 -0.00068078722100745439 5.26441675300101e-05 0.0033203435194448573 9.7744810782765678e-05 -0.0049289987437720001 0.0016486408683553102 0.0018348879993708284 -0.0024538782635688573
leaf_weight=502.17984142899513 2594.1698361486197 329.51238138973713 776.44201642274857 325.76507242023945 469.7588707357645 2631.2858694493771 353.48626257479191 1414.5776402652264 357.98391507565975 39720.367716833949 316.26959066092968 307.05925308167934 3172.4195037484169 380.68379037082195
leaf_count=2042 10385 1345 3109 1305 1883 10546 1427 5686 1435 159511 1280 1233 12798 1529
internal_value=5.26841e-05 0.000549786 -0.000275257 -0.0014959 9.914e-05 -3.52547e-05 -0.000790778 -0.000498634 0.000742267 6.61563e-05 -0.00277161 -0.00124717 0.00143195 -0.000368917
internal_weight=53652 8048.75 4166.14 1571.97 795.524 45603.2 5380.66 4710.91 1772.56 40222.5 669.756 2938.35 3882.62 710.196
internal_count=215514 32354 16682 6297 3188 183160 21607 18900 7121 161553 2707 11779 15672 2874
is_linear=0
shrinkage=0.02


Tree=234
num_leaves=15
num_cat=0
split_feature=5 5 11 16 24 24 26 0 26 29 29 23 7 18
split_gain=5.81437 8.93809 8.67404 8.53729 9.37951 7.78788 8.4011 7.45141 7.18361 6.97616 6.51886 6.33304 6.13667 10.029
threshold=0.00028541128267534083 0.00032205857860390102 0.0015195864834822716 -0.16481061279773709 -0.046007711440324776 0.075195021927356734 4.6074255521944004e-15 0.020970031619071964 -0.39000000059604639 1.3969233755850576e-12 7.2042727144137907e-13 -0.42759253084659571 0.00047251532669179147 -0.051813958212733262
decision_type=8 10 8 2 8 10 8 2 8 2 2 2 10 2
left_child=8 3 5 -2 -5 6 12 -6 9 -1 -8 -10 13 -3
right_child=1 2 -4 4 7 -7 10 -9 11 -11 -12 -13 -14 -15
leaf_value=-0.0038016714761642673 0.0041263331936107353 0.0018895735148838672 0.0033556967731330667 -0.0021211618401999195 0.0042407575340385507 -0.0021830196787118498 0.00047487776119436244 0.00031422529026023805 0.0028478088359826575 -0.00014541218866346114 0.0040340734582694172 -8.5729835265202956e-05 -0.001847881363238275 -0.002199435949043798
leaf_weight=389.64875638484955 452.8829116076231 675.50446815788746 273.50993750989437 286.68146398663521 320.79182527959347 636.3092093616724 543.41559985280037 454.85629940032959 276.21340388059616 428.98874308168888 317.63926492631435 47465.090248227119 776.36381264030933 346.93283618986607
leaf_count=1575 1821 2720 1111 1152 1284 2564 2180 1831 1125 1744 1278 190567 3133 1399
internal_value=-3.23751e-05 0.000609722 6.05585e-05 0.00188585 0.000872106 -0.000231456 0.000248219 0.00200394 -9.98348e-05 -0.00193485 0.00184962 -6.75721e-05 -0.000530253 0.000486515
internal_weight=53644.8 5084.89 3569.68 1515.21 1062.33 3296.17 2659.86 775.648 48559.9 818.637 861.055 47741.3 1798.8 1022.44
internal_count=215484 20473 14385 6088 4267 13274 10710 3115 195011 3319 3458 191692 7252 4119
is_linear=0
shrinkage=0.02


Tree=235
num_leaves=15
num_cat=0
split_feature=0 4 11 11 11 25 17 28 19 29 17 25 22 29
split_gain=7.65623 7.04312 17.3221 7.9746 7.17079 8.67736 8.19245 6.72452 10.6599 8.08796 10.1798 9.63434 9.72478 9.70539
threshold=0.10855389758944513 0.91666665673255932 0.00022635493951383981 0.00023334800062002617 0.00032375223236158496 -0.26008790731430048 0.72170546650886547 9.9460430126249742e-13 -0.22923887521028516 1.2549179902697496e-12 0.38053129613399511 0.13581005483865741 0.15460998564958575 5.9799468979035441e-13
decision_type=2 2 10 10 8 10 2 2 2 2 2 10 2 2
left_child=1 4 -3 -4 5 -1 7 9 -9 10 11 13 -13 -7
right_child=-2 2 3 -5 -6 6 -8 8 -10 -11 -12 12 -14 -15
leaf_value=0.002388892379078402 0.00262983820719588 -0.00086753032582501859 0.0039957603016071916 0.00063054890323573337 -0.00050255551678772656 -0.00027674788084766942 -0.002714394825398282 0.00097847216462821664 -0.00094257269705521815 0.0029570463955751482 0.0018211007046840142 -0.003321399536184085 0.00058396063637886997 0.00090550335685262134
leaf_weight=594.4813167154789 409.38480667769909 3646.5253649204969 270.26533888280392 10664.74575906992 16839.970145538449 7183.3653252124786 422.60584235191345 1484.4537976980209 4985.3251601755619 416.08736045658588 1362.1548059284687 634.71706590056419 409.21438898146152 4501.7623584568501
leaf_count=2413 1721 14621 1084 42762 67599 28804 1706 6010 20078 1680 5468 2547 1641 18079
internal_value=-3.01475e-05 -5.15106e-05 0.000322998 0.000720865 -0.000192226 4.56207e-05 -2.16449e-05 3.51372e-05 -0.000500143 0.000274214 0.000190917 1.38851e-05 -0.00180832 0.00017949
internal_weight=53825.1 53415.7 14581.5 10935 38834.1 21994.2 21399.7 20977.1 6469.78 14507.3 14091.2 12729.1 1043.93 11685.1
internal_count=216213 214492 58467 43846 156025 88426 86013 84307 26088 58219 56539 51071 4188 46883
is_linear=0
shrinkage=0.02


Tree=236
num_leaves=15
num_cat=0
split_feature=24 25 1 7 11 13 13 13 7 19 30 1 24 13
split_gain=5.75286 7.67675 10.4355 9.29473 8.65313 8.30869 14.0766 12.2458 10.8613 10.6657 10.4442 9.91135 7.10261 7.09315
threshold=-0.046007711440324776 -0.089467529207468019 0.00019744885503314438 0.00037855574919376528 0.00068806315539404761 7.1270693297265111e-05 6.3859308284008889e-05 0.00012055465776938946 0.00014588915655622261 -0.15050683170557019 0.13765036314725879 4.8791562221595093e-05 -0.040739426389336579 7.4280480475863455e-05
decision_type=10 8 10 10 10 8 10 10 10 2 2 10 10 10
left_child=1 2 3 -1 -5 6 8 10 -3 -8 11 -7 13 -2
right_child=12 5 -4 4 -6 7 9 -9 -10 -11 -12 -13 -14 -15
leaf_value=7.8940761003222881e-05 0.00024273874368560552 -0.00045237314088763191 0.0034497034526528481 -0.003522826638276075 0.00043765474433445225 0.00070821186056669065 0.0069112130176911838 0.0017071125307155962 0.0021614131356219209 0.0019897158395640068 0.001277267730787543 -0.00219225006123308 -2.9894247119496855e-05 -0.0030318819048236498
leaf_weight=9411.8485322892666 448.21729350090027 1261.3900000602007 320.41029685735703 557.96863709390163 350.44729402661324 690.48297347128391 282.06065607070923 1556.8348598480225 1250.8318571895361 482.19244761765003 935.45916700363159 1412.1444455385208 34177.223813146353 616.23977617919445
leaf_count=37857 1803 5080 1298 2243 1411 2770 1135 6251 5038 1936 3754 5666 137210 2471
internal_value=6.94946e-05 0.000354771 4.2133e-06 -0.000109223 -0.00201844 0.000827448 0.00159381 0.000276444 0.00085582 0.00393601 -0.000463057 -0.00124207 -8.0474e-05 -0.00167397
internal_weight=53753.8 18512.1 10640.7 10320.3 908.416 7871.4 3276.47 4594.92 2512.22 764.253 3038.09 2102.63 35241.7 1064.46
internal_count=215923 74439 42809 41511 3654 31630 13189 18441 10118 3071 12190 8436 141484 4274
is_linear=0
shrinkage=0.02


Tree=237
num_leaves=15
num_cat=0
split_feature=24 18 16 23 1 26 26 5 29 29 5 17 27 7
split_gain=7.40546 9.61892 10.3498 6.16325 7.78834 9.46945 5.98815 9.81374 7.5769 6.85589 6.74332 6.29969 6.06209 5.2912
threshold=-0.17711907625198361 -0.071222763508558259 0.092941299080848708 -0.30933836102485651 6.8083507358096554e-05 -0.23000000417232511 -0.18333333730697629 0.00028541128267534083 3.2121653698469898e-13 2.4668688044984099e-13 0.00024914136156439787 -0.64139407873153675 -0.061111113056540482 0.00010773691974463874
decision_type=8 2 2 2 10 10 10 8 2 2 10 2 10 8
left_child=1 3 -3 -1 5 -5 7 8 -2 -8 12 -11 13 -10
right_child=6 2 -4 4 -6 -7 9 -9 10 11 -12 -13 -14 -15
leaf_value=-0.0022694897276316901 -0.0029127414694706368 -0.0054516443065400393 -0.00019085526413097881 -0.0038134671745514367 0.0023191456089126355 0.00070343194189942425 0.0028679402701673263 0.002909963626827113 0.0012226359910470458 -0.0029153197272128303 -0.0025378652749406673 -6.2633954886284038e-05 0.0029532722530839568 5.4724799963351386e-05
leaf_weight=463.6113007068634 259.63847096264362 339.12170334160328 258.94043213129044 261.345438554883 486.26065489649773 531.75436137616634 297.1424054056406 613.72231601178646 2232.9459008723497 291.9653010815382 273.84890675544739 42019.647982537746 379.06287837028503 4991.2403087317944
leaf_count=1869 1048 1363 1042 1054 1958 2135 1197 2504 9031 1173 1111 168506 1521 20201
internal_value=-1.4169e-05 -0.00110938 -0.00325378 -0.000345008 0.000376579 -0.000842184 3.61647e-05 0.000512078 0.000324523 -6.17668e-05 0.000438334 -8.36866e-05 0.000551906 0.000418097
internal_weight=53700.2 2341.03 598.062 1742.97 1279.36 793.1 51359.2 8750.46 8136.74 42608.8 7877.1 42311.6 7603.25 7224.19
internal_count=215713 9421 2405 7016 5147 3189 206292 35416 32912 170876 31864 169679 30753 29232
is_linear=0
shrinkage=0.02


Tree=238
num_leaves=15
num_cat=0
split_feature=0 22 1 14 30 25 1 17 7 22 23 13 1 25
split_gain=10.2598 7.71865 7.46234 9.51438 9.62996 7.83295 7.42573 6.98431 6.87904 6.87065 6.69379 6.40193 5.50469 7.4165
threshold=0.050623988732695586 -0.30993221700191492 0.00010282656512572431 -0.28166832029819483 0.26057724654674536 0.053949335590004928 1.8044052922050472e-05 0.56209680438041698 0.0002435451824567281 -0.11519465968012808 -0.0014997262624092398 8.9926194050349309e-05 0.00014780196215724575 -0.11162687838077544
decision_type=2 2 8 2 2 10 10 2 8 2 2 10 10 10
left_child=-1 -2 3 8 6 12 -5 9 -3 -6 -11 -10 13 -4
right_child=1 2 5 4 7 -7 -8 -9 11 10 -12 -13 -14 -15
leaf_value=-0.00011526494358447428 -0.0023856340207629762 0.0008483673395002718 0.0044305059017456013 0.0026984071506152836 -0.00060808403705038224 0.0033932542356800077 -0.00073416639695966194 -0.00072215905220439868 0.0052560197948672725 0.0053577435352367897 0.0015100455854352613 0.00092665643971670271 -0.00066253414816533796 0.00041358613783522508
leaf_weight=42783.189835995436 323.02147242426872 2150.5063946992159 272.12199348211288 249.03042982518673 247.76975798606873 720.6122138351202 4105.4809479862452 445.2506815046072 294.01220142841339 309.50232394039631 452.30939988791943 260.07140742242336 571.47951421141624 508.78239113092422
leaf_count=171443 1308 8731 1112 1012 1005 2934 16600 1809 1193 1256 1829 1050 2340 2066
internal_value=2.43971e-05 0.000571288 0.000665836 0.000401728 -5.54178e-05 0.00173634 -0.000526421 0.00134238 0.00137686 0.00224924 0.00317033 0.00332701 0.000816878 0.00188905
internal_weight=53693.1 10910 10586.9 8513.93 5809.34 2073 4354.51 1454.83 2704.59 1009.58 761.812 554.084 1352.38 780.904
internal_count=215688 44245 42937 34485 23511 8452 17612 5899 10974 4090 3085 2243 5518 3178
is_linear=0
shrinkage=0.02


Tree=239
num_leaves=15
num_cat=0
split_feature=1 0 11 20 3 22 14 9 22 3 1 14 0 11
split_gain=6.14728 5.50386 7.31023 11.658 7.18118 6.48906 11.7978 9.78087 13.6269 6.18971 6.06439 8.2461 5.97395 6.39523
threshold=1.2635700841201471e-05 0.032233405858278281 0.00066618304117582749 -0.1552072390913963 0.00020745034271385523 -0.20556426793336866 0.32407245039939886 0.00055946942302398394 0.0040613920427858838 0.00013415011198958385 0.00014496500807581472 0.25251820683479315 0.013361089862883093 0.00087077496573328983
decision_type=10 2 10 2 8 2 2 10 2 8 10 2 2 10
left_child=-1 2 10 -4 5 6 -3 -7 -9 -5 -2 -12 13 -11
right_child=1 4 3 9 -6 7 -8 8 -10 12 11 -13 -14 -15
leaf_value=-0.0016740313623454526 -0.00018163974502980138 -0.00033568267358702271 0.0037804760130705764 0.0016629774637720064 0.0012272906689600788 0.00033425881687635663 -0.0048202721433967905 0.0010117026809713808 -0.0050791482630008489 0.0025932728466050831 -0.0024590596711299151 0.00054860638617214557 -0.0014604039049102677 -0.00095375406938740795
leaf_weight=852.4946893453598 26233.066385194659 1661.9010719954967 422.68919309973717 829.96442325413227 2674.3039930164814 16871.955266073346 253.95160266757011 261.42204193770885 299.81165938079357 396.46086029708385 1055.0383265316486 542.26997070014477 958.23880235850811 381.81986698508263
leaf_count=3433 105026 6709 1696 3322 10836 68026 1025 1052 1207 1587 4229 2173 3842 1530
internal_value=-8.95277e-06 1.85325e-05 -0.000153976 0.000782668 0.000259862 0.00012502 -0.000973786 0.000246753 -0.00230485 0.000263527 -0.000255067 -0.00144383 -0.000416656 0.000872825
internal_weight=53695.4 52842.9 30819.5 2989.17 22023.3 19349 1915.85 17433.2 561.234 2566.48 27830.4 1597.31 1736.52 778.281
internal_count=215693 212260 123405 11977 88855 78019 7734 70285 2259 10281 111428 6402 6959 3117
is_linear=0
shrinkage=0.02


Tree=240
num_leaves=15
num_cat=0
split_feature=1 7 20 28 20 0 0 29 3 21 28 14 20 19
split_gain=4.75554 8.15767 6.32544 6.12491 6.81889 9.42583 7.50042 8.14062 5.58773 7.00125 6.48159 5.52084 4.98222 8.09923
threshold=2.937115095846821e-05 0.00010373405530117453 -0.19157031178474423 7.5622123038403276e-13 -0.18534033745527265 0.053288420662283904 0.037673052400350578 1.1111648168422863e-12 6.0803229644079699e-05 0.056699579581618316 5.7507056300080971e-13 -0.20167440921068189 -0.086429174989461885 -0.050338475033640855
decision_type=8 10 2 2 2 2 2 2 8 2 2 2 2 2
left_child=1 2 -1 11 -5 6 7 -6 10 -10 -4 -3 -13 -14
right_child=-2 3 8 4 5 -7 -8 -9 9 -11 -12 12 13 -15
leaf_value=0.0027543276689698999 9.0712037987601883e-05 0.00086289080162711685 0.00080023749295861032 -0.0043376341529607343 -0.0030310998392727023 0.0013221072014689393 -0.0047736564228070795 0.00051307065450243252 -0.00031741136402044337 0.0037403178338932842 -0.0019337341370430207 -0.0027928607311109607 0.0024510859496121684 -0.0012263697440209964
leaf_weight=387.92748928070068 46469.206694230437 993.63228961825371 616.50828759372234 325.85829155147076 478.51087035238743 422.31817248463631 294.45991472899914 529.85264268517494 373.56565244495869 287.94656652212143 748.59403444826603 435.61414277553558 295.4419219493866 978.87698310613632
leaf_count=1563 186655 3985 2476 1314 1916 1720 1183 2123 1502 1156 3015 1747 1185 3923
internal_value=1.66908e-05 -0.000462022 0.000482047 -0.000941466 -0.00176024 -0.00122927 -0.0020638 -0.00119503 2.44292e-05 0.00150679 -0.00070529 -0.000311955 -0.000996735 -0.000349077
internal_weight=53638.3 7169.11 2414.54 4754.57 2051 1725.14 1302.82 1008.36 2026.61 661.512 1365.1 2703.57 1709.93 1274.32
internal_count=215463 28808 9712 19096 8256 6942 5222 4039 8149 2658 5491 10840 6855 5108
is_linear=0
shrinkage=0.02


Tree=241
num_leaves=15
num_cat=0
split_feature=0 11 19 0 1 1 23 9 2 19 26 17 0 5
split_gain=5.41634 7.28384 7.02268 6.68967 10.2979 6.38244 6.69053 6.22248 6.19491 6.11398 6.10182 6.42856 5.81737 5.89655
threshold=0.032233405858278281 8.1831560237333192e-05 -0.25582051277160639 0.021418066695332531 3.2865955290617428e-05 2.5951693714887373e-05 -0.27438896894454951 0.00012854870874434712 0.25000000745058065 -0.24045270681381223 -0.13666667044162747 -0.19033718854188916 0.030107086524367336 6.2332193920156001e-05
decision_type=2 8 2 2 10 10 2 10 2 2 10 2 2 10
left_child=1 -1 3 5 -5 -3 -7 -4 -2 -9 -8 -12 13 -11
right_child=8 2 7 4 -6 6 10 9 -10 12 11 -13 -14 -15
leaf_value=-0.0031652594756726164 0.0026346652630311737 0.0025633183437976594 0.00040744400719175248 -0.001738259009496238 0.0024730983021944018 -0.0029215714976167633 0.00094354625050368276 -0.0028482447261690713 0.00013448641663350351 -0.0015656502868609675 -0.0019219447503155032 0.0015348319970839661 -0.0017648458547453757 -0.00023449814554009327
leaf_weight=314.05844578146935 383.75506244599819 327.27378621697426 3972.5865365713835 274.21789456903934 1154.7893871515989 324.45031875371933 1358.681277230382 397.79380212724209 22109.892817676067 1410.2304393351078 820.02116951346397 272.57887306809425 1169.7104706317186 19431.920445099473
leaf_count=1258 1567 1311 15905 1100 4635 1302 5445 1593 89197 5645 3282 1091 4688 77787
internal_value=-5.70838e-05 -0.00022746 -0.000195587 0.000530142 0.00165213 6.17089e-06 -0.000311511 -0.000320562 0.000179444 -0.000449865 5.48034e-05 -0.00104747 -0.000403976 -0.000325982
internal_weight=53722 31228.3 30914.3 4532.01 1429.01 3103.01 2775.73 26382.2 22493.6 22409.7 2451.28 1092.6 22011.9 20842.2
internal_count=215806 125042 123784 18166 5735 12431 11120 105618 90764 89713 9818 4373 88120 83432
is_linear=0
shrinkage=0.02


Tree=242
num_leaves=15
num_cat=0
split_feature=11 0 2 4 17 13 22 11 27 8 0 8 26 26
split_gain=6.73929 12.5003 13.2797 10.6345 9.47891 9.44336 8.8024 8.70674 11.1836 8.49587 8.13989 7.98465 7.59514 9.843
threshold=0.00022074429580243307 0.056837143376469619 0.91666665673255932 0.58333334326744091 -0.52112081646919239 5.5579421314178041e-05 0.097730483859777464 0.00030934695678297436 0.072222225368022933 0.91666665673255932 0.0040240935049951085 0.75000000000000011 -0.3599999994039535 -0.26000000536441797
decision_type=10 2 2 2 2 8 2 8 8 2 2 2 8 10
left_child=1 2 6 -4 -3 11 -1 8 10 -5 -2 -6 -9 -14
right_child=7 4 3 9 5 -7 -8 12 -10 -11 -12 -13 13 -15
leaf_value=7.8785811343645275e-05 -0.0012316939997038515 0.0042938524391474562 0.001550809050861756 -0.0013247210545970073 0.00055920613961552219 0.0017776784633225513 -0.0013188344715099629 -0.002454457601626818 0.0043795592272299544 -0.0038514291914662144 0.00067469336795018581 -0.0026395011450628947 0.0020025485169131831 -5.6254703272710521e-05
leaf_weight=7651.373493283987 956.49462087452412 275.42409962415695 308.42371736466885 1390.8526575267315 789.29799607396126 1172.0491544008255 2337.2448161095381 485.41455948352814 288.71591578423977 879.08120465278625 11056.891007602215 490.57337385416031 945.27208219468594 24616.324597761035
leaf_count=30690 3828 1135 1235 5569 3231 4766 9363 1971 1159 3519 44445 1998 3835 98745
internal_value=3.90404e-05 -0.000315674 -0.000582096 -0.00185595 0.000907237 0.000495156 -0.000250226 0.000180598 0.000618628 -0.00232834 0.000521114 -0.000688602 -2.66016e-05 2.13863e-05
internal_weight=53643.4 15294.3 12567 2578.36 2727.34 2451.92 9988.62 38349.1 12302.1 2269.93 12013.4 1279.87 26047 25561.6
internal_count=215489 61506 50376 10323 11130 9995 40053 153983 49432 9088 48273 5229 104551 102580
is_linear=0
shrinkage=0.02


Tree=243
num_leaves=15
num_cat=0
split_feature=9 19 24 19 24 25 17 26 18 11 12 9 23 14
split_gain=5.96161 4.15051 10.5177 12.5995 9.75769 9.72661 8.62648 7.88599 10.1277 9.80036 10.3916 10.0959 8.73988 7.98983
threshold=0.0010840049362741413 -0.15342398732900617 -0.16515394300222394 -0.078483570367097841 0.10720172896981241 -0.1901198327541351 0.074743375182151808 -0.13666667044162747 -0.14637437462806699 0.00040820130379870539 0.75000000000000011 0.00024293653405038643 0.089335884898901 -0.21258719265460965
decision_type=8 2 10 2 10 10 2 10 2 8 2 10 2 2
left_child=1 4 3 -3 7 6 -4 9 12 11 -11 -1 -9 -12
right_child=-2 2 5 -5 -6 -7 -8 8 -10 10 13 -13 -14 -15
leaf_value=0.00082002569270083056 0.0023610521378689452 0.0014108023352161539 0.00011294958343050593 -0.0030645544783496907 -0.0018451877953572907 -6.0042201709420907e-05 0.0046578050589610332 -0.00060332219520930564 0.0013188077536722947 -0.0024026426276615369 0.0023261750310045386 0.0028382470514290458 0.0030711283561662339 -0.0016348681151395379
leaf_weight=4263.7027472257614 424.11521652340889 330.95861081779003 337.68946267664433 913.5573495477438 774.8404970318079 36161.299225702882 312.58417277038097 5439.2399383336306 1703.6563736945391 643.56885319948196 549.599708288908 1283.9538381099701 252.12258534133434 299.66738545894623
leaf_count=17222 1724 1331 1366 3673 3120 145118 1266 21811 6836 2597 2212 5189 1010 1206
internal_value=5.34385e-05 3.41857e-05 -7.74422e-05 -0.00187092 0.000313212 -1.58259e-05 0.00237144 0.000431459 -2.49205e-05 0.000909532 -0.000523483 0.00129564 -0.000430363 0.000923047
internal_weight=53690.6 53266.4 38056.1 1244.52 15210.4 36811.6 650.274 14435.5 7395.02 7040.49 1492.84 5547.66 5691.36 849.267
internal_count=215681 213957 152754 5004 61203 147750 2632 58083 29657 28426 6015 22411 22821 3418
is_linear=0
shrinkage=0.02


Tree=244
num_leaves=15
num_cat=0
split_feature=0 29 9 7 27 9 25 20 22 12 29 19 7 5
split_gain=5.49105 8.71188 8.56174 10.4866 8.75382 10.8459 7.38141 6.71249 11.748 9.85194 14.2518 10.1222 9.73275 9.15493
threshold=0.026362299919128421 2.5991841057920743e-12 0.00055946942302398394 0.00058887767954729508 -5.2735593669694926e-16 0.00063908280571922671 0.029884820803999904 -0.11510190367698668 -0.046686176210641854 0.91666665673255932 4.7554684799375201e-13 -0.025123653002083298 0.00035178489633835858 0.00016821307508507746
decision_type=2 2 10 10 8 10 10 2 2 2 2 2 8 10
left_child=1 -1 7 4 5 -4 -5 8 9 11 -11 -2 -9 -10
right_child=2 -3 3 6 -6 -7 -8 12 13 10 -12 -13 -14 -15
leaf_value=-0.00017752016003579635 0.0010337833809923344 -0.0022182372450533856 -0.0035974509542283681 -0.0010205409316082037 -0.0048874755000949156 0.0016596539775411564 0.0030738116053013044 0.00031104671122153158 -0.0035830640649185635 0.0018793933103799793 -0.0019852421714912543 -0.0015356110670925497 0.0019498902618079491 0.00085039723923485255
leaf_weight=25508.241695255041 3532.448759123683 845.43506762385368 293.40504613518715 420.80279976129532 370.64272980391979 297.23730412125587 274.64227056503296 16899.921315386891 655.26825258135796 482.12444825470448 1598.6601074635983 722.8244414627552 1567.1388191878796 248.11841070652008
leaf_count=102112 14276 3389 1181 1709 1489 1196 1118 68071 2643 1936 6435 2918 6317 1001
internal_value=-3.86656e-05 -0.00024462 0.000159723 -0.00122524 -0.00255809 -0.000984136 0.00063711 0.000249865 -0.000265791 4.12253e-05 -0.00108043 0.00059219 0.00045208 -0.00237335
internal_weight=53716.9 26353.7 27363.2 1656.73 961.285 590.642 695.445 25706.5 7239.44 6336.06 2080.78 4255.27 18467.1 903.387
internal_count=215791 105501 110290 6693 3866 2377 2827 103597 29209 25565 8371 17194 74388 3644
is_linear=0
shrinkage=0.02


Tree=245
num_leaves=15
num_cat=0
split_feature=30 14 24 22 17 28 28 17 14 30 14 14 25 28
split_gain=8.40412 9.99976 8.53925 9.24886 8.59614 8.7974 11.3797 14.4936 10.5373 6.82584 6.47787 6.84601 6.34923 14.3096
threshold=-0.44428981840610499 -0.76837387681007374 -0.0544963851571083 -0.20163759589195249 -0.66631889343261708 3.487668053664406e-12 1.8466904437922098e-12 0.028997103683650497 0.13840229809284213 -0.62123969197273243 0.32407245039939886 0.37876980006694799 -0.11704514548182486 4.6579173894681368e-13
decision_type=2 2 10 2 2 2 2 2 2 2 2 2 8 2
left_child=1 9 4 -4 -2 6 10 8 -8 -1 12 -12 -6 -14
right_child=2 -3 3 -5 5 -7 7 -9 -10 -11 11 -13 13 -15
leaf_value=-0.00023959940008753762 0.0037163821228636015 -5.3390622683479027e-05 -0.0026543715916534749 1.1272762799146867e-05 3.1900176551200291e-05 -0.002586901721396122 -0.00047381972246637204 0.0044493058589416302 0.0040613165176114595 -0.0036741447729883108 -0.0028532445180255023 -9.5478858519173446e-05 0.0025285980351946432 0.0003663371221841255
leaf_weight=351.29883004724979 311.71060086786747 1746.0131375044584 508.6188879609108 34516.843267843127 4780.7509738206863 350.62710750102997 826.5320969671011 621.39111113548279 251.06381252408028 675.57976944744587 397.04407431185246 2646.920550763607 1730.6383525729179 4100.5519055128098
leaf_count=1419 1262 7026 2046 138564 19220 1431 3337 2507 1013 2722 1594 10634 6943 16468
internal_value=8.76655e-05 -0.000980673 0.000146064 -2.89289e-05 0.000528287 0.000460366 0.000533225 0.00206722 0.00063755 -0.0025262 0.00033963 -0.000471469 0.000572738 0.00101452
internal_weight=53815.6 2772.89 51042.7 35025.5 16017.2 15705.5 15354.9 1698.99 1077.6 1026.88 13655.9 3043.96 10611.9 5831.19
internal_count=216186 11167 205019 140610 64409 63147 61716 6857 4350 4141 54859 12228 42631 23411
is_linear=0
shrinkage=0.02


Tree=246
num_leaves=15
num_cat=0
split_feature=3 22 17 0 11 29 29 20 3 20 22 29 3 17
split_gain=6.35646 9.71065 11.3476 8.17355 6.96456 12.1387 10.9591 7.87196 6.50435 10.6952 12.1635 10.0469 7.555 7.53071
threshold=0.00018411457131151113 -0.19444309175014493 0.14581598341464999 0.015053157694637777 0.00022914223518455404 8.9375525751979333e-13 6.940261895998363e-13 -0.25850753486156458 0.00010351015225751327 -0.17963597178459165 -0.081207901239395128 3.0459212626079984e-13 0.00011849779548356311 -0.1827852204442024
decision_type=8 2 2 2 8 2 2 2 10 2 2 2 10 2
left_child=1 2 3 -1 6 -6 7 -5 -3 10 -10 -11 -13 -14
right_child=-2 8 -4 4 5 -7 -8 -9 9 11 -12 12 13 -15
leaf_value=-0.0025040043204949138 0.00048596567520233603 0.00019350454261763683 -0.0041590485772557903 -0.0010172082134728444 0.0018818988782833654 -0.0015184243340441706 0.00065747021001170784 -0.0058372526391825066 0.0022849259715416325 -0.0038693922158134085 -0.0018632046345532045 -0.0011356777130460524 -0.001082130595782895 0.00017569996843412074
leaf_weight=747.6892764121294 8732.4897125065327 24657.914388731122 400.1449439227581 292.47833001613617 1089.7407116293907 657.19740532338619 509.77012005448341 250.42341849207878 1137.7331689745188 322.5124693363905 357.43954315781593 4037.047248005867 2468.5855923742056 8087.4124088138342
leaf_count=2994 35146 99019 1609 1176 4377 2653 2064 1006 4573 1295 1437 16200 9916 32451
internal_value=-7.21911e-06 -0.000103063 -0.00104794 -0.000675645 -0.000173049 0.000599991 -0.0014432 -0.00336895 -1.17779e-05 -0.000320085 0.00128176 -0.000482159 -0.000402107 -0.000119942
internal_weight=53748.6 45016.1 3947.44 3547.3 2799.61 1746.94 1052.67 542.902 41068.6 16410.7 1495.17 14915.6 14593 10556
internal_count=215916 180770 15879 14270 11276 7030 4246 2182 164891 65872 6010 59862 58567 42367
is_linear=0
shrinkage=0.02


Tree=247
num_leaves=15
num_cat=0
split_feature=24 24 21 16 21 25 13 24 25 7 24 30 4 15
split_gain=7.19313 8.90275 5.05866 7.78026 7.27489 10.5399 10.7479 6.15104 8.82756 13.426 7.70768 5.54636 5.92948 9.67962
threshold=-0.25496472418308253 -0.22405101358890531 -0.43589727580547327 -0.39217726886272425 -0.26340672373771662 -0.0086612715385854227 6.2312919908436029e-05 -0.20590536296367642 -0.1901198327541351 0.00019562178204068917 -0.14880687743425366 -0.45479136705398554 0.75000000000000011 -0.026675014756619927
decision_type=10 10 2 2 2 10 10 10 10 10 10 2 2 2
left_child=-1 -2 3 -3 5 11 -7 -6 9 10 -9 -4 -13 -14
right_child=1 2 4 -5 7 6 -8 8 -10 -11 -12 12 13 -15
leaf_value=-0.0025509294452159999 0.0028238493912761159 0.0038029775459486018 -0.0041033982639420543 -0.00033839097965100104 -0.0028796323862688338 -0.0014183917807429898 0.0039894745146983792 0.00082639785955526061 7.1981082293295439e-06 -0.0010070697131215637 0.0047951541137431566 -0.0020536220815543897 0.00090656384561494773 -0.0025315549237968113
leaf_weight=419.82584907114506 428.30101481080055 329.00942441821098 252.06011568009853 371.74154871702194 267.96290381252766 252.52962817251682 307.0931810438633 340.14407563209534 47051.050532743335 465.16873572766781 474.72263117134571 1309.053216829896 996.62225989997387 463.40013962984085
leaf_count=1685 1727 1339 1019 1514 1078 1020 1236 1370 188892 1880 1924 5285 4008 1863
internal_value=-3.71946e-06 1.72899e-05 -6.50061e-06 0.00165759 -2.94752e-05 -0.000896891 0.00158444 3.47783e-05 5.21212e-05 0.00167787 0.00319799 -0.00136392 -0.00108692 -0.000204133
internal_weight=53728.7 53308.9 52880.6 700.751 52179.8 3580.76 559.623 48599 48331.1 1280.04 814.867 3021.14 2769.08 1460.02
internal_count=215840 214155 212428 2853 209575 14431 2256 195144 194066 5174 3294 12175 11156 5871
is_linear=0
shrinkage=0.02


Tree=248
num_leaves=15
num_cat=0
split_feature=23 21 11 30 11 30 13 29 18 29 10 30 11 2
split_gain=5.76744 7.91526 8.42134 9.95421 7.97941 11.6524 10.629 12.5408 11.492 9.04769 9.80394 9.00547 6.71785 6.48083
threshold=-0.36972333490848536 -0.19725304096937177 0.00075417611515149485 0.28814934194087988 0.00041651181527413433 -0.52455782890319813 6.5303906012559323e-05 4.6896500897029857e-13 -0.34748205542564387 6.860866855109422e-13 0.91666665673255932 -0.077208433300256715 0.00016713651712052527 0.58333334326744091
decision_type=2 2 10 2 8 2 10 2 2 2 2 2 10 2
left_child=-1 2 3 4 5 -2 9 -8 -9 10 13 -6 -11 -7
right_child=1 -3 -4 -5 11 6 7 8 -10 12 -12 -13 -14 -15
leaf_value=0.0017492660225437377 -0.0041993386364753962 0.00019212449112549087 0.0021822059933597165 0.0015751693552083659 -0.00075180750350885815 -0.0011789251322677217 0.0037477088562390937 0.0023525010842937893 -0.00092621713689082768 0.0027096464165026831 0.0004990806415778599 -0.0039115105044031963 -0.00089820737061687892 -0.0049230737344442858
leaf_weight=834.10115192830563 304.11010965704918 45369.974738314748 419.63129553198814 692.50906072556973 798.57142150402069 303.01261159777641 403.24036426842213 569.75668595731258 1535.2969960421324 264.09661254286766 311.94746959209442 656.76369026303291 735.38480530679226 527.49356688559055
leaf_count=3397 1230 182157 1692 2789 3208 1221 1617 2294 6172 1071 1252 2636 2976 2119
internal_value=0.000118828 9.24643e-05 -0.00050758 -0.000672187 -0.000919139 -0.000532169 -0.000275391 0.000606354 -2.50062e-05 -0.00130401 -0.00250375 -0.00221141 8.95643e-05 -0.00361686
internal_weight=53725.9 52891.8 7521.81 7102.18 6409.67 4954.34 4650.23 2508.29 2105.05 2141.94 1142.45 1455.34 999.481 830.506
internal_count=215831 212434 30277 28585 25796 19952 18722 10083 8466 8639 4592 5844 4047 3340
is_linear=0
shrinkage=0.02


Tree=249
num_leaves=15
num_cat=0
split_feature=13 13 24 24 25 9 15 11 25 24 30 17 4 1
split_gain=4.85073 6.51641 9.35723 7.79012 12.3442 7.6811 5.91357 6.88156 11.3849 10.2011 9.15915 12.0182 8.68438 8.6373
threshold=2.6147035896428864e-05 3.3007851016009233e-05 0.11327809840440752 -0.047032555565237992 -0.12634570151567456 0.00015533911937382075 -0.21258719265460965 0.00032375223236158496 0.13308394700288775 0.030799362808465961 0.2098120599985123 0.28894722461700445 0.91666665673255932 6.6432534367777421e-05
decision_type=10 10 10 10 10 10 2 8 10 10 2 2 2 10
left_child=-1 2 3 4 -2 -5 -3 9 10 -8 11 -9 -12 -11
right_child=1 6 -4 5 -6 -7 7 8 -10 13 12 -13 -14 -15
leaf_value=0.001624376986173001 0.00069981728495470809 0.00023307584752882052 -0.0047184798296677558 0.0026180383848687073 -0.005178716705225809 -0.0015234400606938393 0.00044668337155120009 -0.00085898811968342938 0.001017932930305683 -0.0010343228570664123 -0.00058985566620086761 -0.0038936829515052664 0.0013395830309248251 0.00049448419678694341
leaf_weight=648.21344006061554 266.86043247580528 18559.187007367611 256.01336242258549 380.70743684470654 277.47151517868042 306.2191841006279 10642.646308481693 9420.6188173592091 1705.8197588026524 4597.5686637610197 2590.1464881896973 535.12565799057484 1432.4483626931906 2159.7199121117592
leaf_count=2615 1078 74580 1031 1533 1120 1233 42768 37785 6863 18458 10402 2149 5744 8683
internal_value=-6.91033e-05 -9.03679e-05 -0.00138664 -0.000629509 -0.00237408 0.000780975 -5.25143e-05 -0.000212766 -0.000516298 6.11143e-05 -0.000704712 -0.00102958 0.000100447 -0.000545678
internal_weight=53778.8 53130.6 1487.27 1231.26 544.332 686.927 51643.3 33084.1 15684.2 17399.9 13978.3 9955.74 4022.59 6757.29
internal_count=216042 213427 5995 4964 2198 2766 207432 132852 62943 69909 56080 39934 16146 27141
is_linear=0
shrinkage=0.02


Tree=250
num_leaves=15
num_cat=0
split_feature=27 27 11 11 21 23 9 28 8 28 17 7 24 19
split_gain=5.00505 8.51273 7.42854 8.82571 8.1542 12.8708 10.9778 8.41563 8.36888 7.07656 11.6598 7.0109 10.4893 9.50232
threshold=0.026666667312383655 -7.4940054162198057e-16 0.00015685112157370898 0.00043062122131232178 0.045350389555096633 0.071652710437774672 0.00026013181195594376 5.4025048865959112e-13 0.91666665673255932 6.5603308918062163e-13 0.12109418958425523 0.00017056954675354066 0.0050454260781407365 0.047184277325868614
decision_type=8 10 10 10 2 2 10 2 2 2 2 10 10 2
left_child=1 -1 -3 4 8 7 -7 -6 -4 10 -5 12 -2 -14
right_child=11 2 3 9 5 6 -8 -9 -10 -11 -12 -13 13 -15
leaf_value=1.4229633967470485e-05 0.0041606900964131421 -0.0034984941557850702 7.5718594252888856e-06 -0.0010234767533858706 0.0059797158155957472 -0.0017260238866623034 0.0025940765184892557 0.0010895078858510808 -0.0033589920339347347 -0.00022275414269101208 -0.0051428843804351126 6.8830459737111841e-05 0.0029136589641343192 -0.00030124125103876323
leaf_weight=41526.630122750998 430.98279485106468 369.51470324397087 927.00400771200657 720.83015890419483 252.81740711629391 694.28439982235432 331.07237254083157 313.78504948318005 413.41314244270325 828.44024655222893 437.7276609390974 4770.7448764592409 516.36589682102203 1159.6909128129482
leaf_count=166919 1726 1479 3712 2886 1012 2780 1326 1257 1655 3321 1753 19154 2068 4647
internal_value=-8.09866e-06 -8.2172e-05 -0.000836289 -0.000622963 7.59415e-05 0.00103779 -0.000308185 0.00340099 -0.00106487 -0.00164487 -0.00264074 0.000494878 0.00144982 0.000711896
internal_weight=53693.3 46815.5 5288.89 4919.37 2932.38 1591.96 1025.36 566.602 1340.42 1987 1158.56 6877.78 2107.04 1676.06
internal_count=215695 188100 21181 19702 11742 6375 4106 2269 5367 7960 4639 27595 8441 6715
is_linear=0
shrinkage=0.02


Tree=251
num_leaves=15
num_cat=0
split_feature=19 5 22 6 30 19 20 3 22 7 25 25 9 25
split_gain=6.36699 12.7171 7.83443 7.10156 7.72307 12.8261 8.70258 6.59702 11.5798 9.26536 9.14714 8.98458 16.1527 10.413
threshold=0.41861705482006079 6.2332193920156001e-05 0.18235686421394351 0.41666667163372045 -0.1630994230508804 0.11042011529207231 -0.086429174989461885 0.00018964760965900498 -0.2231982350349426 0.0001676843021414243 0.22305876016616824 -0.14608979225158689 0.00010537125490373002 -0.063928481191396699
decision_type=2 10 2 2 2 2 2 10 2 8 10 10 8 10
left_child=3 -2 -3 4 -1 6 -6 9 -9 11 -11 12 -5 -13
right_child=1 2 -4 7 5 -7 -8 8 -10 10 -12 13 -14 -15
leaf_value=-0.0028862677677225362 -0.002643675133454349 0.0023113664477715751 -6.9812021018528052e-05 -0.0016047696244699187 -0.0012922020826674745 -0.0028952039032336392 0.0022301845692580193 0.0037142840853564541 0.00032119217832456387 -0.00037431805263875805 -0.0037845351543386902 -0.00086926186865649957 0.0021198017965835363 0.00027605251178106831
leaf_weight=698.42392687499523 333.03020036220551 1475.1487140357494 874.99487416446209 588.99831591546535 454.33751763403416 533.39695255458355 673.10825955867767 407.87779265642166 6849.5803966671228 20650.256017386913 299.80151265859604 4110.3899876028299 2002.2721998095512 13711.915353015065
leaf_count=2816 1341 5945 3523 2378 1830 2146 2710 1648 27554 82855 1208 16516 8075 55033
internal_value=-3.58558e-05 0.000910063 0.00143171 -8.59783e-05 -0.00115285 -0.000398239 0.000812953 -3.37571e-05 0.000521572 -0.000131397 -0.000426682 0.000171769 0.0012674 1.12283e-05
internal_weight=53663.5 2683.17 2350.14 50980.4 2359.27 1660.84 1127.45 48621.1 7257.46 41363.6 20950.1 20413.6 2591.27 17822.3
internal_count=215578 10809 9468 204769 9502 6686 4540 195267 29202 166065 84063 82002 10453 71549
is_linear=0
shrinkage=0.02


Tree=252
num_leaves=15
num_cat=0
split_feature=1 7 3 3 6 13 11 28 28 13 1 16 30 28
split_gain=4.66716 7.65661 5.73473 5.59312 12.4707 5.71015 5.3639 5.52361 6.42809 5.11746 4.9711 7.60064 6.14549 7.91384
threshold=2.937115095846821e-05 0.00010373405530117453 6.8191824539098902e-05 3.45989756169729e-05 0.91666665673255932 3.3761803933884955e-05 0.00011809621355496348 5.842465454573149e-13 6.6384739502364797e-13 3.6947758417227312e-05 3.5155699151800952e-05 -0.35492582619190211 0.08051167801022531 9.0595158328335433e-13
decision_type=8 10 10 10 2 10 10 2 2 10 10 2 2 2
left_child=1 2 9 4 -2 -5 -3 -8 -9 -1 11 -7 -13 -14
right_child=3 6 -4 5 -6 10 7 8 -10 -11 -12 12 13 -15
leaf_value=0.0016156710862398941 0.0028132467931854506 -0.0035289437452837454 0.0021022661298181816 -0.0012047279017539099 -0.0019874081465621508 -0.0016942027955633469 7.8711415709278577e-05 -0.0036479715559323699 -0.00092719909235233267 -0.00076270317007994925 -2.1915814726646587e-06 0.0020265425430172866 -0.00095534129502393222 0.0024207737356721059
leaf_weight=470.98525539040565 754.13490249216557 285.79270040988922 587.69003318250179 1462.7060812711716 284.09284000098705 402.17666098475456 1799.4441064596176 394.92800977826118 2310.4704912900925 1357.0746422111988 40908.193264871836 1537.4714944958687 842.54992572963238 389.67676936089993
leaf_count=1897 3037 1150 2363 5902 1139 1617 7214 1583 9294 5458 164309 6169 3378 1569
internal_value=-2.38558e-05 -0.000496773 0.000418967 4.94894e-05 0.0014869 1.60829e-05 -0.00095837 -0.000780413 -0.00134823 -0.00013908 5.71209e-05 0.000817305 0.00119152 0.000133926
internal_weight=53787.4 7206.39 2415.75 46581 1038.23 45542.8 4790.64 4504.84 2705.4 1828.06 44080.1 3171.87 2769.7 1232.23
internal_count=216079 28959 9718 187120 4176 182944 19241 18091 10877 7355 177042 12733 11116 4947
is_linear=0
shrinkage=0.02


Tree=253
num_leaves=15
num_cat=0
split_feature=13 13 27 0 13 29 29 13 3 6 15 5 29 10
split_gain=6.40772 6.44807 8.99194 8.80756 12.885 11.585 8.43914 7.53082 7.49741 6.52301 8.92529 5.9372 5.46289 11.3408
threshold=2.454640707583167e-05 3.3007851016009233e-05 -0.31000000238418574 0.074957404285669341 5.196544589125552e-05 1.3140286385035507e-12 2.4668688044984099e-13 6.5303906012559323e-05 0.00016124238754855472 0.58333334326744091 -0.42789685726165766 6.8749846832361086e-05 3.7054806109344118e-13 0.91666665673255932
decision_type=10 10 8 2 10 2 2 10 10 2 2 10 2 2
left_child=-1 2 -2 6 -5 7 -3 -6 -7 -4 -11 -12 13 -8
right_child=1 3 9 4 5 8 12 -9 -10 10 11 -13 -14 -15
leaf_value=0.0023800772547752547 -0.0045659051784280079 0.0029872371148101364 -0.0026426019362799326 0.0032333686108147399 -0.00086578882178963367 -0.0022293913390439867 -0.0017413127057193942 0.0028867648472748857 0.0014532224718343124 -0.0027631613424107448 0.0037733507539448592 9.5501687493106178e-05 -2.2322968604136358e-05 0.00083349793518091621
leaf_weight=424.27478329837322 253.69522267580032 342.04700513184071 417.03689134120941 784.50533451139927 293.90399748086929 764.30152586102486 2050.2299835979939 697.02854846417904 292.04820799827576 264.25484210252762 250.2411889731884 504.25789427757263 45345.86817471683 1007.4036909788847
leaf_count=1711 1028 1377 1682 3250 1207 3148 8216 2836 1213 1064 1007 2030 181883 4037
internal_value=-1.1883e-05 -3.18214e-05 -0.00124028 8.22875e-06 0.00108856 0.000243353 -5.49519e-05 0.00177867 -0.00120318 -0.000598008 0.000273732 0.00138126 -7.76747e-05 -0.000893082
internal_weight=53691.1 53266.8 1689.49 51577.3 2831.79 2047.28 48745.5 990.933 1056.35 1435.79 1018.75 754.499 48403.5 3057.63
internal_count=215689 213978 6811 207167 11654 8404 195513 4043 4361 5783 4101 3037 194136 12253
is_linear=0
shrinkage=0.02


Tree=254
num_leaves=15
num_cat=0
split_feature=2 19 0 21 8 14 21 27 13 28 11 4 13 0
split_gain=6.05627 11.2789 7.12567 16.9731 9.26853 6.77446 5.86645 5.58665 9.11459 7.48097 5.21072 12.408 10.9006 9.31969
threshold=0.41666667163372045 -0.20454707741737363 0.033597726374864585 -0.094872232526540742 0.91666665673255932 -0.71355924010276783 0.23955763876438144 -0.027777778916060921 6.4729665609775125e-05 5.904372585470442e-13 0.00022499871556647125 0.91666665673255932 0.00015749743033666166 0.035842835903167732
decision_type=2 2 2 2 2 2 2 8 10 2 8 2 8 2
left_child=1 5 3 -3 6 -1 -4 8 9 -5 -2 12 -12 -14
right_child=10 2 4 7 -6 -7 -8 -9 -10 -11 11 -13 13 -15
leaf_value=-0.00031234950502620945 -0.00041593020039538866 -0.0042701690269530143 0.0023223519228106056 0.0019951014585856599 -0.002294843229654623 0.0031463106393284481 -0.00099254946766113889 -0.0014535571719740598 0.003266500127352205 -0.0023841349130991284 -0.00034398885604854524 0.00060974463275807592 0.0002076398949022328 0.0029623553101987407
leaf_weight=294.94272321462631 14107.074463188648 405.22101502120495 1116.6713187843561 255.34249982237816 259.5518901348114 910.40032947063446 250.93401086330414 497.39609321951866 422.71121750771999 341.4860845208168 22066.375923663378 10595.30988407135 1477.3595248162746 718.50496660172939
leaf_count=1200 56699 1625 4538 1023 1046 3692 1021 1991 1694 1369 88588 42488 5922 2909
internal_value=-2.5643e-05 0.000654299 8.26764e-05 -0.000738462 0.00104987 0.00230871 0.00170858 0.000248258 0.0010905 -0.000506616 -9.19082e-05 3.93889e-05 -0.000209982 0.00112761
internal_weight=53719.3 4754.66 3549.31 1922.16 1627.16 1205.34 1367.61 1516.94 1019.54 596.829 48964.6 34857.6 24262.2 2195.86
internal_count=215805 19199 14307 7702 6605 4892 5559 6077 4086 2392 196606 139907 97419 8831
is_linear=0
shrinkage=0.02


Tree=255
num_leaves=15
num_cat=0
split_feature=0 13 3 1 20 13 13 13 13 23 7 25 1 9
split_gain=6.80078 6.03052 5.73139 9.10695 5.08239 8.25491 10.8668 11.354 9.76956 20.4686 17.7012 12.4974 9.15051 12.0323
threshold=0.10855389758944513 0.00038090624730102723 2.4458895495627079e-05 9.6817375379032472e-06 -0.084555573761463151 0.00011193597674719059 8.4229232015786706e-05 8.250023165601307e-05 9.0437632024986683e-05 -0.11049182340502738 0.00040687088039703673 -0.01086966088041663 5.8446552429813898e-05 0.00033823505509644752
decision_type=2 10 10 10 2 10 10 10 10 2 10 10 10 10
left_child=1 2 -1 -4 5 6 7 -5 9 -8 11 -10 13 -7
right_child=-2 -3 3 4 -6 12 8 -9 10 -11 -12 -13 -14 -15
leaf_value=0.0018726077611977675 0.0025337887807759282 -0.0023565993785994886 -0.0031709437184019528 -0.00029261586377764948 0.00013645454710501189 0.00029744837121123516 -0.00056411980659734097 0.0037541107432091637 -0.0010827704854900089 -0.0063098000492367084 -0.0056386711276891922 0.0022904761073475385 0.0011863881499461885 -0.0043745618328005645
leaf_weight=626.60982368886471 401.01161812245846 417.50257655978203 344.7947818338871 9245.1708792895079 35205.052145808935 794.94726994633675 561.14509697258472 265.9297042787075 1685.8470919281244 430.72108145058155 249.76041050255299 571.85558693110943 2603.025617107749 283.94148898124695
leaf_count=2522 1688 1683 1388 37197 141306 3189 2253 1068 6761 1727 1003 2292 10461 1139
internal_value=1.84627e-06 -1.81516e-05 1.19916e-06 -2.19552e-05 1.79503e-07 -0.000287051 -0.000523545 -0.000171829 -0.00147309 -0.0031346 -0.000796253 -0.000215748 0.000546939 -0.000989369
internal_weight=53687.3 53286.3 52868.8 52242.2 51897.4 16692.3 13010.4 9511.1 3499.33 991.866 2507.46 2257.7 3681.91 1078.89
internal_count=215677 213989 212306 209784 208396 67090 52301 38265 14036 3980 10056 9053 14789 4328
is_linear=0
shrinkage=0.02


Tree=256
num_leaves=15
num_cat=0
split_feature=24 19 17 17 24 27 16 22 27 22 16 1 14 4
split_gain=4.90876 19.9437 13.8569 8.36829 7.71436 7.01565 6.7589 6.73034 5.53964 5.45876 8.85121 7.94078 5.62847 5.64955
threshold=-0.17711907625198361 -0.055497683584690087 -0.19402836263179776 -0.52112081646919239 -0.050212485715746873 -0.37666666507720942 0.064558826386928572 -0.2231982350349426 -0.12000000104308127 -0.25200921297073359 -0.63702359795570362 3.483012369542849e-05 -0.49147465825080866 0.75000000000000011
decision_type=8 2 2 2 10 10 2 2 10 2 2 10 2 2
left_child=1 2 3 -1 9 -6 -3 -7 -5 11 -11 -2 -13 -14
right_child=4 6 -4 8 5 7 -8 -9 -10 10 -12 12 13 -15
leaf_value=0.001275682461425152 -0.0012951503220195446 -0.0056672312825704852 0.0027088080058627058 -0.0035539600887600632 0.002491987463517897 -0.0030724753885381525 -0.001345910158087042 -0.00011700748631102351 -3.067979636006819e-05 -0.0026057231389263369 0.00040032731054683712 0.0046194258818259707 -0.00080144802275523255 0.0032504135920906519
leaf_weight=393.56218864023685 249.67559920251369 351.48929637670517 575.05553251504898 467.48996719717979 388.90652821958065 290.95719061791897 263.2510037124157 35456.482710793614 282.18022510409355 383.44707970321178 13827.398832663894 335.90331053733826 257.93668466806412 260.34553442895412
leaf_count=1588 1005 1412 2314 1884 1587 1171 1059 142329 1133 1550 55589 1357 1041 1047
internal_value=5.56096e-06 -0.000887738 0.000228774 -0.00104383 4.63964e-05 -0.000113049 -0.00391742 -0.000142767 -0.00226304 0.000422278 0.000315668 0.00176471 0.00266826 0.00127904
internal_weight=53784.1 2333.03 1718.29 1143.23 51451.1 36136.3 614.74 35747.4 749.67 15314.7 14210.8 1103.86 854.186 518.282
internal_count=216066 9390 6919 4605 206676 145087 2471 143500 3017 61589 57139 4450 3445 2088
is_linear=0
shrinkage=0.02


Tree=257
num_leaves=15
num_cat=0
split_feature=24 0 27 23 23 25 12 25 22 27 11 0 24 25
split_gain=4.80072 5.69576 8.08843 8.95566 12.8668 7.36657 6.8999 8.4738 13.2598 7.86078 11.2944 18.0095 14.9443 9.96784
threshold=-0.25496472418308253 0.067144490778446211 -0.27666667103767389 -0.13043195754289624 0.029911458492279056 -0.20481726527214048 0.91666665673255932 0.0065465595107525596 0.17889415472745898 0.026666667312383655 0.00049960945034399639 0.024435764178633693 0.096269365400075926 0.016477370634675029
decision_type=8 2 8 2 2 10 2 10 2 8 10 2 10 10
left_child=-1 6 -3 5 -5 -4 9 -8 -9 -2 11 13 -12 -11
right_child=1 2 3 4 -6 -7 7 8 -10 10 12 -13 -14 -15
leaf_value=-0.002019408652728798 4.8007772596006725e-05 0.0029931772927750404 0.0016873730102639783 0.0025559070567378129 -8.3070297166267724e-05 -0.002058601706752641 7.2552015218627214e-05 -0.0012646655343108275 0.0010401666483753637 -0.0019037307678083143 -0.0018709628906907728 0.0036832866967878926 0.0030821474231857494 0.0015291190890497478
leaf_weight=427.99668857455254 29566.681440621614 535.09357829391956 263.42748966813087 1209.92221583426 1848.5669062286615 817.80517026782036 8425.8167999684811 5779.3437737673521 1190.2084035724401 512.21978525817394 896.65960817039013 1094.4226934462786 312.34255276620388 909.77886140346527
leaf_count=1718 118593 2243 1086 4946 7523 3343 33779 23154 4774 2050 3596 4391 1254 3641
internal_value=4.23525e-05 5.96394e-05 0.000724923 0.00041875 0.000970718 -0.00113188 -4.51039e-06 -0.000354364 -0.000869213 0.000157389 0.0010206 0.00177939 -0.000562007 0.000283315
internal_weight=53790.3 53362.3 4674.82 4139.72 3058.49 1081.23 48687.5 15395.4 6969.55 33292.1 3725.42 2516.42 1209 1422
internal_count=216091 214373 19141 16898 12469 4429 195232 61707 27928 133525 14932 10082 4850 5691
is_linear=0
shrinkage=0.02


Tree=258
num_leaves=15
num_cat=0
split_feature=22 23 24 23 29 19 23 25 2 28 29 3 13 23
split_gain=4.87224 11.7637 9.30352 7.36103 12.3664 6.99383 5.73244 9.2446 10.2965 8.68197 10.3942 8.57061 5.74575 5.70647
threshold=-0.30993221700191492 -0.36972333490848536 -0.16515394300222394 -0.29019676148891443 5.3334970446204676e-13 -0.24045270681381223 -0.17083650082349774 -0.066454764455556856 0.91666665673255932 1.3312354690819819e-12 6.4643220789271937e-13 9.2714635684387772e-05 7.8133369243005304e-05 -0.14122694730758664
decision_type=2 2 10 2 2 2 2 10 2 2 2 10 10 2
left_child=2 -2 -1 4 -3 -6 7 8 -5 10 11 -9 -10 -8
right_child=1 3 -4 6 5 -7 13 9 12 -11 -12 -13 -14 -15
leaf_value=-0.0032096665758270596 0.0030311241622738802 0.0020340711607132788 0.00098839714843207611 0.00068867969372460541 -0.004376016622359132 -0.00043818345893151597 -0.00098680396522041604 -0.0014476616992035692 -0.0034324230866845536 -0.00064663286795800534 0.0050667212179683922 0.0033078114197334619 -0.0003599180867331482 -1.6874748602772875e-05
leaf_weight=499.55409842729568 486.60925121605396 252.02798792719841 343.04675091803074 3181.7350037544966 478.92765308916569 290.19640664756298 2550.5383649766445 275.29492288827896 395.18514174222946 360.43403789401054 467.44786430895329 295.47167237102985 601.58688278496265 43260.135771438479
leaf_count=2010 1995 1013 1384 12819 1938 1171 10252 1104 1586 1458 1881 1185 2415 173677
internal_value=-2.62301e-05 -1.91483e-06 -0.00151723 -3.12217e-05 -0.00169612 -0.002939 2.50924e-06 0.000606728 0.000132466 0.00200176 0.00291604 0.00104277 -0.00162161 -7.12832e-05
internal_weight=53738.2 52895.6 842.601 52409 1021.15 769.124 51387.8 5577.16 4178.51 1398.65 1038.21 570.767 996.772 45810.7
internal_count=215888 212494 3394 210499 4122 3109 206377 22448 16820 5628 4170 2289 4001 183929
is_linear=0
shrinkage=0.02


Tree=259
num_leaves=15
num_cat=0
split_feature=13 29 29 13 27 25 14 11 22 25 25 5 14 30
split_gain=5.52911 10.301 9.92452 10.0973 7.70469 7.55308 6.58531 8.14246 6.38482 7.46983 6.37047 9.84491 9.76311 8.49872
threshold=5.2717432481586009e-05 2.8843254824481583e-12 2.7272914829290511e-12 8.4625811723526581e-05 -0.076666668057441698 -0.063928481191396699 0.20566894114017489 0.0003620178322307766 -0.30993221700191492 -0.23914678394794461 -0.063928481191396699 0.00063671742100268613 0.52825358510017406 0.41099782288074499
decision_type=8 2 2 8 10 10 2 8 2 10 10 8 2 2
left_child=1 4 8 5 -1 -4 7 -5 -2 -10 12 -12 -11 -14
right_child=2 -3 3 6 -6 -7 -8 -9 9 10 11 -13 13 -15
leaf_value=-0.00019529784207999009 -0.0019967532658843237 0.0033910871494625501 -0.0019612123546918301 -0.0012552313526667488 -0.0015413537988380481 0.0021254804167398418 -0.00039709686646313312 -0.0057542159208417674 0.0023261034805090847 1.6841087846811179e-05 0.00031317156733497501 0.0041095787263043439 -0.0025462956150902683 0.0010573097577654242
leaf_weight=8211.7118088006973 503.10094431042671 263.44158616662025 283.89089512825012 308.53777597844601 2127.8950038105249 428.67856070399284 365.04320175945759 351.79504270851612 647.38436843454838 9853.7287626564503 28680.229485809803 256.02757629752159 1123.3619741648436 327.20653063058853
leaf_count=33122 2025 1078 1155 1245 8526 1742 1479 1426 2623 39566 115010 1038 4511 1315
internal_value=3.62454e-05 -0.000372504 0.00013686 -0.00133509 -0.000474758 0.000488231 -0.00258728 -0.00375078 0.00019928 0.000227264 0.00019236 0.000349577 -0.000209986 -0.0017301
internal_weight=53732 10603 43129 1737.95 10339.6 712.569 1025.38 660.333 41391 40887.9 40240.6 28936.3 11304.3 1450.57
internal_count=215861 42726 173135 7047 41648 2897 4150 2671 166088 164063 161440 116048 45392 5826
is_linear=0
shrinkage=0.02


Tree=260
num_leaves=15
num_cat=0
split_feature=14 14 25 13 13 29 29 13 16 18 24 25 13 17
split_gain=6.8031 7.01345 6.62982 8.97169 7.18781 6.65108 6.58794 6.24617 5.99408 7.55342 6.1999 5.85441 5.76132 7.27865
threshold=-0.27585932612419123 0.49841333925724035 0.019767676480114463 4.8053829232230789e-05 6.7713233875110759e-05 2.4076994738220229e-12 1.4668257385629104e-12 0.00027394181233830755 -0.070022128522396074 0.12973383069038394 -0.055580521002411835 -0.011897763703018425 8.379840437555687e-05 0.17583414912223819
decision_type=2 2 10 8 10 2 2 10 2 2 10 10 10 2
left_child=-1 7 3 -3 -5 6 -4 -2 -6 12 -11 -12 -10 -14
right_child=1 2 5 4 8 -7 -8 -9 9 10 11 -13 13 -15
leaf_value=0.00034561942633855639 -0.00026501324170041064 0.0015617656228078026 0.00093742782488975536 -0.0017921446140161069 0.0021403265223071521 0.0034460818628445594 -0.0012202190688965198 -0.002512691664609218 0.00058391217636579514 0.0028084542046287299 -0.0014054602998509458 0.0018557977778935514 -0.00074076425298820578 -0.0042765396342613563
leaf_weight=17292.165996640921 25812.623464569449 948.72926995158195 3900.7675309032202 1310.0058948248625 417.16960687935352 343.51780840754509 643.8540461063385 484.5875413864851 396.65706299245358 372.70347692072392 572.70760282874107 330.49153366684914 561.24864649772644 391.20118640363216
leaf_count=69514 103617 3828 15662 5273 1676 1395 2598 1949 1593 1497 2300 1325 2252 1570
internal_value=1.90939e-05 -0.000135763 0.0003093 -0.000180503 -0.000565705 0.000839035 0.000627739 -0.00030831 -2.93273e-05 -0.000387708 0.000710165 -0.000197775 -0.00142122 -0.0022511
internal_weight=53778.4 36486.3 10189.1 5300.91 4352.19 4888.14 4544.62 26297.2 3042.18 2625.01 1275.9 903.199 1349.11 952.45
internal_count=216049 146535 40969 21314 17486 19655 18260 105566 12213 10537 5122 3625 5415 3822
is_linear=0
shrinkage=0.02


Tree=261
num_leaves=15
num_cat=0
split_feature=23 13 28 12 13 13 21 11 0 27 22 12 0 25
split_gain=6.64674 11.0373 4.95657 7.8095 8.75652 10.8159 8.95047 8.92284 13.5658 10.6912 11.4064 7.74672 8.85876 9.4179
threshold=0.34489683806896215 6.2947030528448536e-05 6.5990664538731491e-13 0.58333334326744091 3.6362156606628566e-05 8.5885560110909878e-05 0.11471671611070634 0.0003733144403668121 0.019173940643668178 -0.027777778916060921 -0.070323731750249849 0.41666667163372045 0.019397973082959655 0.12525193393230441
decision_type=2 10 2 2 10 10 2 10 2 10 2 2 2 10
left_child=2 -2 3 4 -1 7 -7 9 -9 10 -6 -4 13 -13
right_child=1 -3 11 -5 5 6 -8 8 -10 -11 -12 12 -14 -15
leaf_value=-0.0037273759960799579 0.00025762287362139045 -0.0043161331842427935 0.0018489332565396919 -6.9268712209554205e-05 0.0021720042518671165 -0.0028813144301544436 0.0011752450087626095 0.0016863038234648179 -0.0041220392834266442 0.0035495965097204012 -0.0016081359309350243 -0.00021363925620837798 0.00036768708989815083 -0.0025294352684287346
leaf_weight=408.08093610405922 463.69055417180061 364.13749235868454 1036.6926880031824 22564.836219653487 524.26180601119995 1099.6163310110569 258.25784140825272 251.37430609762669 387.0227263122797 426.08897750079632 752.48924760520458 7752.4680459946394 16750.510472878814 753.04753918945789
leaf_count=1643 1871 1469 4180 90470 2107 4406 1035 1006 1553 1706 3022 31039 67588 3015
internal_value=-5.17542e-05 -0.0018086 -2.36228e-05 -0.000215638 -0.00101556 -0.000697958 -0.00210393 0.000128392 -0.0018532 0.000884184 -4.63688e-05 0.000171179 0.000100903 -0.000424124
internal_weight=53792.6 827.828 52964.7 26672 4107.19 3699.11 1357.87 2341.24 638.397 1702.84 1276.75 26292.7 25256 8505.52
internal_count=216110 3340 212770 106948 16478 14835 5441 9394 2559 6835 5129 105822 101642 34054
is_linear=0
shrinkage=0.02


Tree=262
num_leaves=15
num_cat=0
split_feature=1 28 25 9 13 29 10 7 29 7 4 13 9 5
split_gain=4.63358 4.64913 8.27649 7.74998 8.72542 13.146 11.8685 11.1275 8.53589 8.38462 11.4257 9.4695 8.08784 7.47026
threshold=1.2635700841201471e-05 6.5990664538731491e-13 -0.26008790731430048 0.00013196250802138823 5.5212020015460446e-05 6.0947365318649037e-13 0.75000000000000011 0.00014409431605599823 4.977085638156049e-13 0.00023311484255827966 0.75000000000000011 0.00017499763634987178 0.00030833139317110186 6.8012919655302553e-05
decision_type=8 2 10 10 8 2 2 10 2 10 2 8 10 10
left_child=-1 3 -3 4 7 6 -6 13 -8 11 12 -5 -11 -2
right_child=1 2 -4 9 5 -7 8 -9 -10 10 -12 -13 -14 -15
leaf_value=-0.0013923230715999384 0.0015923417842846762 0.002448143950521594 0.00021416158402141842 -0.00049277411183457499 0.0028808787270525765 0.0041012505766719227 0.00085033593501488498 -0.0040949943742987424 -0.0022762554364075534 0.00059469722039375396 0.0007642583909558587 -0.0036881731489509595 -0.0014441027839031217 -0.00093905834213540431
leaf_weight=844.26978988945484 843.30716498196125 661.24372063577175 25681.22155816853 12499.347987636924 635.83778028190136 545.56255035102367 884.4811645001173 253.48988430202007 549.70399107038975 1202.218082934618 5555.9425483196974 363.01581117510796 2141.2774881273508 994.78409846127033
leaf_count=3400 3391 2692 103333 50105 2548 2188 3543 1018 2202 4823 22275 1455 8588 3997
internal_value=6.03074e-05 8.40482e-05 0.000272053 -0.000103123 0.000631038 0.00139674 0.000651529 -0.000330653 -0.000362869 -0.000262358 0.000209341 -0.000588544 -0.000711836 0.000226974
internal_weight=53655.7 52811.4 26342.5 26469 4707.17 2615.59 2070.02 2091.58 1434.19 21761.8 8899.44 12862.4 3343.5 1838.09
internal_count=215558 212158 106025 106133 18887 10481 8293 8406 5745 87246 35686 51560 13411 7388
is_linear=0
shrinkage=0.02


Tree=263
num_leaves=15
num_cat=0
split_feature=15 11 13 11 25 25 1 9 18 25 9 22 25 16
split_gain=4.35614 6.412 11.2033 7.61785 6.70886 6.35449 10.2064 5.7059 11.7853 10.137 12.3214 8.23749 8.47872 8.17313
threshold=-0.27585932612419123 0.00016035975568229335 7.9684377851663171e-05 0.00016713651712052527 0.085432682186365141 -0.058948662132024758 3.483012369542849e-05 0.00021580661268671977 0.21663566678762439 0.067290619015693678 0.00018620285118231553 -0.24518798291683194 -0.16808065772056577 -0.12109456956386565
decision_type=2 8 10 10 10 10 10 10 2 10 10 2 10 2
left_child=1 2 4 -3 5 -1 -7 9 11 -5 -11 12 -9 -13
right_child=-2 3 -4 7 -6 6 -8 8 -10 10 -12 13 -14 -15
leaf_value=-0.00075311130417898473 -0.00019049655885863042 0.0034176239680438676 -0.0034436319460023745 -0.00055635860872304838 -0.0026524682791019866 -0.0010015958429425897 0.0037217230104648648 0.00048991036306571874 -0.0025629817848524406 0.0026132095681212471 -0.002137179609254896 0.00010840580789540398 0.0052937753174292215 0.0014954060086345771
leaf_weight=768.74286046624184 36435.8129157722 296.34856641292572 477.92841057479382 5144.1862941682339 306.81418851017952 296.16396240890026 431.17642897367477 281.55175207555294 421.28755171597004 895.36831916868687 270.2111475020647 4688.8904157727957 298.03640043735504 2648.5273171663284
leaf_count=3105 146333 1193 1919 20681 1235 1191 1736 1136 1694 3597 1085 18843 1201 10632
internal_value=-6.6627e-05 0.000195306 -0.000788009 0.000346233 -5.39746e-05 0.000506881 0.00182311 0.00027952 0.000622297 -0.000173991 0.00149447 0.000797826 0.00305434 0.000611764
internal_weight=53661 17225.2 2280.83 14944.4 1802.9 1496.08 727.34 14648.1 8338.29 6309.77 1165.58 7917.01 579.588 7337.42
internal_count=215581 69248 9186 60062 7267 6032 2927 58869 33506 25363 4682 31812 2337 29475
is_linear=0
shrinkage=0.02


Tree=264
num_leaves=15
num_cat=0
split_feature=30 22 23 4 17 25 21 7 25 24 21 11 30 11
split_gain=5.12227 8.68578 5.93948 4.79275 4.31462 5.59306 4.80027 4.26044 9.10702 12.5128 8.81155 8.04288 7.49692 7.93834
threshold=0.43947131931781774 -0.17514259368181226 0.19713165611028674 0.91666665673255932 0.54705429077148449 -0.025027724914252755 0.088741727173328414 0.00016961968503892424 -0.15614922344684598 -0.065682530403137193 -0.35663564503192896 0.00014185543841449547 -0.39841842651367182 0.00057198264403268706
decision_type=2 2 2 2 2 10 2 10 8 10 2 10 2 10
left_child=7 -2 3 4 5 -3 -6 -1 10 12 -9 -11 -10 -14
right_child=1 2 -4 -5 6 -7 -8 8 9 11 -12 -13 13 -15
leaf_value=0.00017217536460259882 -0.0020323245211696758 0.0014045139412118958 -0.0013397886891427502 0.0028525679843387957 0.00029157262852076227 -0.0018543849803965172 0.0036397744774764955 0.0010540073813390949 -0.0020048480670641494 -0.0024851620184116237 -0.0019028576091875682 -0.0002371459080586227 0.0013903252334190686 -0.00051523211191656804
leaf_weight=22539.024723023176 353.83680774271488 440.8207551240921 300.13371811807156 769.69121141731739 329.73053167760372 368.08057726919651 345.13166877627373 486.49865336716175 344.81092955172062 638.258176445961 2056.2234924584627 19694.572076946497 3928.619096621871 1111.7472260296345
leaf_count=90563 1425 1776 1212 3089 1331 1482 1391 1974 1389 2565 8283 79037 15783 4467
internal_value=1.40336e-05 0.000827528 0.00123652 0.00158842 0.000903431 -8.73706e-05 0.00205936 -3.28326e-05 -0.00019634 -8.29803e-05 -0.00133331 -0.000310085 0.000772475 0.000969644
internal_weight=53707.2 2907.43 2553.59 2253.45 1483.76 808.901 674.862 50799.8 28260.7 25718 2542.72 20332.8 5385.18 5040.37
internal_count=215767 11706 10281 9069 5980 3258 2722 204061 113498 103241 10257 81602 21639 20250
is_linear=0
shrinkage=0.02


Tree=265
num_leaves=15
num_cat=0
split_feature=0 29 29 24 0 1 3 19 24 3 3 7 12 27
split_gain=7.21826 10.4869 8.96019 8.28468 12.9293 7.69629 8.47342 7.26414 11.4538 8.13383 6.70412 14.2519 6.66422 6.30485
threshold=0.066369172185659422 8.2678585115389401e-13 6.860866855109422e-13 0.096269365400075926 0.083616543561220183 2.937115095846821e-05 2.823721206368646e-05 0.39924290776252752 0.071226581931114211 0.00010291588478139603 0.00011502910274430179 0.00020134963415330279 0.91666665673255932 -0.24333333224058148
decision_type=2 2 2 10 2 8 8 2 10 10 8 10 2 10
left_child=5 2 3 4 12 -1 -7 -8 -9 -10 11 -3 -2 -12
right_child=1 10 -4 -5 -6 6 7 8 9 -11 13 -13 -14 -15
leaf_value=-0.00072929276854867141 -0.00043439601346896307 0.00017317443309211418 0.0042125191033887295 -0.0016772669500932935 0.0054389653911305139 0.0027946009824766755 -7.3855809618932419e-05 0.0024900592983729494 0.0014845113737184388 -0.0021897798901942154 0.0034206085806705983 -0.0040825729178283494 0.0029878059236059834 0.00020164728837342464
leaf_weight=6380.1417912244797 684.35424937307835 1249.1464144736528 456.68185336887836 331.7487273812294 280.07617163658142 414.14003901183605 39859.279079601169 1116.4157507121563 430.60353457927704 499.71275813877583 307.76035729050636 400.12092679738998 318.02082453668118 956.47074553370476
leaf_count=25579 2775 5135 1863 1342 1156 1662 159822 4483 1727 2008 1295 1635 1285 3908
internal_value=-8.60727e-06 0.00071473 0.00179548 0.00106847 0.0017936 -8.29025e-05 1.48451e-05 -1.39461e-05 0.0011422 -0.000493657 -6.04562e-05 -0.000895836 0.000688565 0.00102633
internal_weight=53684.7 4984.38 2070.88 1614.2 1282.45 48700.3 42320.2 41906 2046.73 930.316 2913.5 1649.27 1002.38 1264.23
internal_count=215675 20394 8421 6558 5216 195281 169702 168040 8218 3735 11973 6770 4060 5203
is_linear=0
shrinkage=0.02


Tree=266
num_leaves=15
num_cat=0
split_feature=3 25 11 29 28 11 25 2 25 25 28 22 14 28
split_gain=5.62602 9.96768 5.63755 10.1126 12.1416 13.345 10.7125 9.80274 7.80328 14.0039 7.44328 7.20679 8.3548 7.17771
threshold=2.6435709514771592e-05 0.025417620316147808 0.00019051161507377404 6.0089048537284594e-13 9.9460430126249742e-13 0.00016713651712052527 0.12782315164804461 0.75000000000000011 -0.1859878525137901 0.012081130873411896 1.3947241256882794e-12 0.077327545732259764 -0.57673409581184376 6.3414074338852277e-13
decision_type=10 10 10 2 2 8 10 2 10 10 2 2 2 2
left_child=1 -1 3 -2 5 6 7 13 -6 11 -11 12 -10 -5
right_child=2 -3 -4 4 8 -7 -8 -9 9 10 -12 -13 -14 -15
leaf_value=0.0031924371842269031 -0.0011777683435667072 -0.0012038103686165208 5.1626627433065827e-05 0.0014216424544776893 0.0020048278885268596 -0.0010748523284095789 -0.0018997292380986059 0.00060848245747865438 -0.004727442157764261 -0.0017826790339556006 0.0014914011137527881 -0.0053742038380868327 -0.0007750389025383813 0.0048701513314525846
leaf_weight=534.19754765927792 4511.4601284563541 315.00752882659435 42389.044884696603 408.52549868822098 326.61935187876225 870.77942328155041 251.62127542495728 747.78927899897099 268.85697203874588 400.21009659767151 801.654805585742 270.97503212094307 867.05955299735069 659.87553943693638
leaf_count=2153 18098 1267 170237 1645 1331 3499 1011 3000 1088 1612 3240 1093 3500 2659
internal_value=-2.44797e-05 0.0015715 -5.07465e-05 -0.000467888 7.94778e-05 0.000984938 0.00185433 0.00238945 -0.000827506 -0.00119467 0.000389828 -0.00253475 -0.00177613 0.0036019
internal_weight=53623.7 849.205 52774.5 10385.4 5873.97 2938.59 2067.81 1816.19 2935.38 2608.76 1201.86 1406.89 1135.92 1068.4
internal_count=215433 3420 212013 41776 23678 11814 8315 7304 11864 10533 4852 5681 4588 4304
is_linear=0
shrinkage=0.02


Tree=267
num_leaves=15
num_cat=0
split_feature=1 23 22 17 19 30 23 1 0 22 0 9 22 25
split_gain=5.04693 8.06788 8.48086 9.93106 7.32235 5.53589 5.33032 5.03487 4.64526 5.97186 6.22478 4.13781 20.8383 10.7649
threshold=2.3764247089275162e-05 0.25394566357135778 -0.0067247631959617129 -0.35758374631404871 -0.14777860790491101 0.045427700504660613 -0.42759253084659571 1.8044052922050472e-05 0.055212417617440231 -0.12097536772489546 0.021879257634282116 0.00013196250802138823 0.085472434759140029 -0.04495424032211303
decision_type=8 2 2 2 2 2 2 10 2 2 2 10 2 8
left_child=1 2 3 7 -4 -6 -2 -1 9 -5 -11 12 13 -8
right_child=6 -3 4 8 5 -7 11 -9 -10 10 -12 -13 -14 -15
leaf_value=0.0029057744366608046 0.0024957450957751068 -0.0037791383527459141 0.0031231800433652074 -0.0043107774570464623 -0.0012269343452470003 0.0011608596991076949 0.0001604239872181345 -0.00088371046815213523 0.00015426487711225252 0.00035912452602595283 -0.0031487998470471567 1.7072653521714622e-06 -0.0012416825790148014 0.0018793132458717521
leaf_weight=271.06411375105381 348.81788085401058 280.32180044054985 350.28661574423313 472.94784910976887 744.60472796857357 769.30004830658436 2662.4873184859753 256.75040812790394 308.42902165651321 389.17126072943211 393.34263667464256 41158.708535790443 2022.3966339826584 3210.7147041559219
leaf_count=1094 1425 1127 1411 1896 2988 3089 10717 1034 1254 1558 1579 165296 8124 12902
internal_value=4.33956e-05 -0.000617462 -0.000375537 -0.00124436 0.000602178 -1.42468e-05 0.00010029 0.00109745 -0.0020386 -0.00257129 -0.00143872 8.22458e-05 0.000501017 0.00110328
internal_weight=53639.3 4236.22 3955.9 2091.71 1864.19 1513.9 49403.1 527.815 1563.89 1255.46 782.514 49054.3 7895.6 5873.2
internal_count=215494 17030 15903 8415 7488 6077 198464 2128 6287 5033 3137 197039 31743 23619
is_linear=0
shrinkage=0.02


Tree=268
num_leaves=15
num_cat=0
split_feature=11 22 16 11 22 27 19 4 27 27 20 4 23 26
split_gain=4.06082 9.87205 9.96259 8.72477 8.08531 15.0367 9.54392 7.4349 8.64149 7.42704 8.07899 9.23091 8.90492 7.38964
threshold=0.00019923453510273251 0.12087173014879228 -0.029216940514743325 0.00032375223236158496 -0.19444309175014493 -0.13222222775220868 -0.096952430903911577 0.91666665673255932 -1.0269562977782696e-15 -0.10888889059424399 -0.18246337026357648 0.58333334326744091 -0.15038347244262693 -0.16333333402872083
decision_type=8 2 2 10 2 8 2 2 8 8 2 2 2 8
left_child=1 4 -3 -2 5 6 -1 9 -9 -5 11 -11 -13 -4
right_child=3 2 13 7 -6 -7 -8 8 -10 10 -12 12 -14 -15
leaf_value=0.00078125650545591869 0.00040323926285921395 -0.0039629284571943849 -0.0029242650361858101 -0.0012188393065335685 0.00014007356436532081 -0.0057590266052795014 -0.0036234029718279093 0.00085390326923836775 -0.00055065098728140525 -0.0017693298349180549 -0.00035438871293809552 0.0042155438051513774 0.00033300173356102874 -6.1868071712402778e-05
leaf_weight=712.20624576508999 17142.834058016539 501.52640198171139 470.2319194227457 3612.0127692967653 8559.5758377164602 250.54892174899578 249.40493766963482 4750.1047562360764 2752.3038433641195 276.76003721356392 12117.25682464242 458.42135244607925 474.27603535354137 1369.448248565197
leaf_count=2875 68893 2015 1898 14583 34433 1005 1004 19050 11038 1111 48583 1841 1902 5493
internal_value=-3.63237e-05 -0.00035826 -0.00151884 5.75799e-05 -7.76623e-05 -0.0015925 -0.000411692 -0.000184995 0.00033854 -0.000417001 -0.000198174 0.00134721 0.00228971 -0.000817092
internal_weight=53696.9 12112.9 2341.21 41584 9771.74 1212.16 961.611 24441.1 7502.41 16938.7 13326.7 1209.46 932.697 1839.68
internal_count=215724 48723 9406 167001 39317 4884 3879 98108 30088 68020 53437 4854 3743 7391
is_linear=0
shrinkage=0.02


Tree=269
num_leaves=15
num_cat=0
split_feature=23 25 25 7 3 14 14 22 25 17 14 25 20 25
split_gain=4.21189 12.739 9.19845 9.13268 8.78778 8.22256 8.07044 12.409 10.6468 9.85167 9.12748 8.57543 8.43286 8.80913
threshold=0.066608168184757247 -0.07038171216845511 -0.13671251386404035 0.00012834879453293982 0.00029238103888928896 0.1715006232261658 0.19403314590454104 -0.17210137844085691 0.064510796219110503 -0.37598955631256098 0.33420413732528692 -0.017329753376543518 -0.14534597843885419 0.023077366873621944
decision_type=2 8 10 10 8 2 2 2 10 2 2 10 2 10
left_child=3 2 -2 -1 -3 -6 8 10 11 -10 -8 -5 -9 -14
right_child=1 4 -4 6 5 -7 7 12 9 -11 -12 -13 13 -15
leaf_value=0.00059578376546847421 0.00044062591938280669 -0.00028476675937343018 -0.0039485311243790773 -0.00047690533162869268 0.0041536092235815707 -0.00013348565448624599 0.0011816831310391199 0.0025125773252407885 0.0014606865677215125 -0.002415597636424959 -0.0031949574327627245 0.00049912899527901789 -3.4449763743116589e-05 0.0015611826633792215
leaf_weight=9747.3793947398663 268.52855189144611 14675.140885204077 611.14243714511395 12149.974454566836 333.74117082357407 359.73434452712536 263.46449176967144 845.55228914320469 300.84478771686554 1550.6682587563992 595.91256672143936 5095.1450312137604 4915.0365173071623 1905.9567582905293
leaf_count=39202 1085 58909 2455 48845 1348 1456 1059 3397 1212 6223 2397 20440 19737 7649
internal_value=-4.67831e-05 -0.000315401 -0.00262869 7.01169e-05 -0.000179748 0.00198831 -0.000115676 0.000395355 -0.000344007 -0.00177688 -0.00185682 -0.000188288 0.000651987 0.000414671
internal_weight=53618.2 16248.3 879.671 37369.9 15368.6 693.476 27622.6 8525.92 19096.6 1851.51 859.377 17245.1 7666.55 6820.99
internal_count=215414 65253 3540 150161 61713 2804 110959 34239 76720 7435 3456 69285 30783 27386
is_linear=0
shrinkage=0.02


Tree=270
num_leaves=15
num_cat=0
split_feature=27 27 9 7 13 20 5 13 18 13 28 28 7 17
split_gain=4.98789 8.72117 8.45459 11.0288 10.2606 9.99288 9.08508 8.30443 8.19823 8.14138 10.6529 7.47748 7.43981 5.862
threshold=0.026666667312383655 -1.0824674490095274e-15 0.0002231808612123132 0.00058887767954729508 0.00013267507165437567 0.097609050571918501 0.00014985119923949244 7.0611135015496998e-05 0.30779908597469335 0.00015749743033666166 7.4572075944856496e-13 7.4572075944856496e-13 0.00016864575445652011 0.18703826516866687
decision_type=10 10 10 10 10 2 8 10 2 10 2 2 10 2
left_child=1 -1 4 7 5 -2 11 -4 13 12 -11 -7 -9 -3
right_child=2 8 3 -5 -6 6 -8 9 -10 10 -12 -13 -14 -15
leaf_value=8.4671771780096079e-05 0.0039790160977135345 -0.00057818603017208202 0.0021803716689681812 0.0035066002836711858 -0.0015492891202891596 0.0010617450510203694 0.0037370215611135411 0.0013151921717628862 0.0014609868770928658 -0.0006073090094452729 0.0042868349734004841 -0.002859926058136225 -0.0014656936975843589 -0.0020672741557235764
leaf_weight=40832.729518890381 701.40704698860645 4157.8490315973759 479.64922699332237 320.35815016925335 350.43206763267517 673.33105878531933 331.76312497258186 439.07632745802402 603.07279618084431 445.01984795928001 271.82820908725262 250.3013107329607 2469.2714965939522 1410.7574950456619
leaf_count=164171 2809 16649 1922 1296 1405 2697 1330 1759 2417 1786 1093 1003 9896 5650
internal_value=5.16596e-05 -2.13499e-05 0.000559949 4.65206e-05 0.00153583 0.00209841 0.00100176 -0.000239211 -0.000720813 -0.000569552 0.00131453 -3.91052e-05 -0.00103975 -0.000961482
internal_weight=53736.8 47004.4 6732.44 4425.2 2307.23 1956.8 1255.4 4104.85 6171.68 3625.2 716.848 923.632 2908.35 5568.61
internal_count=215883 188887 26996 17752 9244 7839 5030 16456 24716 14534 2879 3700 11655 22299
is_linear=0
shrinkage=0.02


Tree=271
num_leaves=15
num_cat=0
split_feature=12 11 29 28 17 5 11 9 11 18 23 18 29 17
split_gain=5.32471 8.0565 8.0491 9.03579 7.15027 6.66967 8.61745 6.6498 7.43699 10.6102 6.31465 5.8889 6.27962 6.84446
threshold=0.91666665673255932 0.001005771919153631 3.7054806109344118e-13 2.5958716513146967e-13 0.10440468043088914 4.1275483454228386e-05 0.00024477412807755178 0.00030833139317110186 0.00020508756279014054 0.015746396034955982 -0.07049261778593062 0.44028224050998693 3.4527784277538225e-13 -0.131693460047245
decision_type=2 10 2 2 2 8 10 10 10 2 2 2 2 2
left_child=2 11 3 4 -1 6 10 8 -5 -10 -4 12 13 -2
right_child=1 -3 5 7 -6 -7 -8 -9 9 -11 -12 -13 -14 -15
leaf_value=-0.00058448852920470087 0.0037888131405074371 0.0019795991868063402 -0.00020344318477027984 -0.0028785189063557921 0.0035176744270811662 0.00021887609161536204 0.0012049394192547456 -0.0037210319550566129 -0.0018326909413440618 0.0023452582908625799 -0.004123525005760552 0.0018205869802993299 -0.00057630276406341193 -0.00017173833496362045
leaf_weight=442.8732134103775 258.48222109675407 558.32843326032162 265.09627518057823 512.14502176642418 251.24281080067158 33438.711508199573 328.37205266952515 463.47301958501339 511.88467274606228 427.90728279948235 422.08843985199928 435.42782363295555 14993.552768245339 463.23558841645718
leaf_count=1782 1037 2254 1071 2056 1010 134427 1320 1858 2054 1716 1698 1750 60141 1857
internal_value=-4.49063e-05 -0.000341097 8.87338e-05 -0.000977944 0.000957267 0.000170043 -0.00141102 -0.00168188 -0.000989249 7.88484e-05 -0.00265979 -0.000423672 -0.00048809 0.00131064
internal_weight=53772.8 16709 37063.8 2609.53 694.116 34454.3 1015.56 1915.41 1451.94 939.792 687.185 16150.7 15715.3 721.718
internal_count=216031 67039 148992 10476 2792 138516 4089 7684 5826 3770 2769 64785 63035 2894
is_linear=0
shrinkage=0.02


Tree=272
num_leaves=15
num_cat=0
split_feature=26 27 24 13 1 10 13 7 20 26 13 16 13 0
split_gain=5.85478 5.90955 8.63383 7.55548 10.0154 8.39662 7.0084 16.1042 9.27608 12.6825 8.72565 8.3926 8.02136 9.31878
threshold=-0.39000000059604639 -0.076666668057441698 -0.25496472418308253 5.4112490033730871e-05 2.2788643946114465e-05 0.75000000000000011 6.3247513025999083e-05 0.00016200436220970008 -0.014817864634096621 9.4368957093138326e-16 6.6487325966591029e-05 0.070798899978399291 7.0937978307483731e-05 0.018045843578875068
decision_type=8 10 8 10 10 2 10 10 2 10 10 2 10 2
left_child=-1 2 -2 4 -3 -6 7 11 -9 -10 -8 -5 13 -12
right_child=1 3 -4 6 5 -7 10 8 9 -11 12 -13 -14 -15
leaf_value=-0.0014833469558192913 -0.002578232755102881 0.0024226836317222033 0.00041099093591454863 -0.0021529130229379248 -0.0029052440428682723 -0.00041615994337676509 -0.0017212525985713389 0.00011575192555281258 0.0064985879098136993 0.0016273161215212806 -0.00047199115831437349 0.0010912662560642495 -9.3260829794269401e-05 0.0025892294056599251
leaf_weight=924.31206992268562 373.87863284349442 263.28172531723976 21451.708015978336 653.79662579298019 1007.059811681509 1164.8200096189976 1213.2399684339762 435.45422817766666 356.50540551543236 538.40928709506989 659.58979530632496 588.32610738277435 23166.531860113144 961.95513233542442
leaf_count=3753 1501 1055 86464 2618 4036 4666 4859 1744 1428 2157 2639 2357 92844 3855
internal_value=7.76481e-05 0.000105508 0.000357471 -7.1952e-05 -0.00113664 -0.00158628 1.9516e-05 0.00101115 0.00252389 0.00366751 -7.92952e-05 -0.000623378 2.39243e-06 0.00135345
internal_weight=53758.9 52834.6 21825.6 31009 2435.16 2171.88 28573.8 2572.49 1330.37 894.915 26001.3 1242.12 24788.1 1621.54
internal_count=215976 212223 87965 124258 9757 8702 114501 10304 5329 3585 104197 4975 99338 6494
is_linear=0
shrinkage=0.02


Tree=273
num_leaves=15
num_cat=0
split_feature=17 11 22 11 19 15 0 18 11 3 29 13 13 13
split_gain=6.05148 7.29686 6.79322 14.5505 11.8126 7.39634 9.14617 10.2192 8.47744 11.6837 10.9853 6.7037 16.9225 8.47403
threshold=-0.7655678093433379 0.00022778376296628269 -0.17514259368181226 0.00076948560308665048 0.034663759171962745 0.61312416195869457 0.0076453555375337609 -0.17884417623281476 0.00036865916626993572 0.00010844158896361479 8.9375525751979333e-13 9.8757558589568375e-05 8.5885560110909878e-05 0.00010145190390176141
decision_type=2 8 2 10 2 2 2 2 8 10 2 8 8 10
left_child=1 -1 3 4 5 6 -2 8 9 -8 -10 12 -4 -13
right_child=2 -3 11 -5 -6 -7 7 -9 10 -11 -12 13 -14 -15
leaf_value=0.0041824462794382072 -0.0028727563466506146 -5.4402902668724569e-05 8.4754533705762333e-05 0.0035031629021049361 -0.0034449197034462369 -0.0037335926866949899 -0.0010865423248490286 0.0014653663708227729 -0.00054108721299445692 0.0021484205228793759 -0.0051638881878978563 0.0021938924648734581 -0.0011666263383592712 0.00026822246182769819
leaf_weight=282.51996538043022 499.80747754871845 350.44361220300198 26777.124700456858 295.02859872579575 633.63976316154003 259.3008723706007 1288.756082072854 1213.8902811259031 533.40016502141953 657.90062437951565 320.20897467434406 956.52784788608551 5134.2278940528631 14478.263073891401
leaf_count=1145 2001 1420 107637 1191 2548 1044 5193 4882 2142 2657 1291 3834 20585 58095
internal_value=-6.77007e-06 0.00190688 -3.03135e-05 -0.000681231 -0.000921622 -0.000573683 -0.000376496 -5.29828e-05 -0.000716898 1.749e-05 -0.00235373 4.83315e-05 -0.000117185 0.000390245
internal_weight=53681 632.964 53048.1 5701.93 5406.9 4773.26 4513.96 4014.16 2800.27 1946.66 853.609 47346.1 31911.4 15434.8
internal_count=215665 2565 213100 22949 21758 19210 18166 16165 11283 7850 3433 190151 128222 61929
is_linear=0
shrinkage=0.02


Tree=274
num_leaves=15
num_cat=0
split_feature=24 13 24 1 22 7 7 18 1 10 0 18 30 3
split_gain=4.31013 6.09456 7.58179 11.714 8.72663 8.36424 7.70771 7.01864 6.43799 7.27303 5.63951 8.63473 8.38932 6.61794
threshold=0.10531461238861085 3.3007851016009233e-05 0.17882130295038226 5.4363457820727497e-05 0.24655171483755114 0.0001725394977256656 0.00030082292505539959 0.30779908597469335 6.2476279708789675e-05 0.58333334326744091 0.032233405858278281 0.039527030661702163 0.12269756570458414 7.8479046351276352e-05
decision_type=8 8 10 10 2 10 10 2 10 2 2 2 2 10
left_child=-1 -2 3 10 8 7 -7 -4 -5 -10 13 -12 -13 -3
right_child=1 2 5 4 -6 6 -8 -9 9 -11 11 12 -14 -15
leaf_value=9.6308254344288496e-05 -0.0027649484805501601 -0.0041409739655093028 0.0037208892588898126 0.0021076512456164433 0.0031906138370757908 -0.0020577208128651943 0.0019977707990601668 -0.00021245496328981971 0.0020323780995089098 -0.0012143227501371201 -0.0033534831532717846 0.0026001824029928799 -0.0016926716806995592 -0.0010830187852541441
leaf_weight=46961.775384783745 404.17267595231533 597.67839305102825 502.60620695352554 375.62174059450626 322.58034132421017 483.11269146203995 279.71530044078827 274.8187385648489 311.49899695813656 1660.2018709480762 302.09844616055489 367.91546627879143 324.53378227353096 557.71484799683094
leaf_count=188666 1627 2392 2020 1507 1299 1943 1127 1106 1254 6668 1217 1480 1307 2232
internal_value=2.82716e-05 -0.000442973 -0.00028721 -0.000677264 0.000208297 0.000926402 -0.000557598 0.00236 -0.00022504 -0.000686135 -0.00176878 -0.000645296 0.000597191 -0.00270843
internal_weight=53726 6764.27 6360.1 4819.84 2669.9 1540.25 762.828 777.425 2347.32 1971.7 2149.94 994.548 692.449 1155.39
internal_count=215845 27179 25552 19356 10728 6196 3070 3126 9429 7922 8628 4004 2787 4624
is_linear=0
shrinkage=0.02


Tree=275
num_leaves=15
num_cat=0
split_feature=27 25 21 9 24 21 0 25 18 11 11 28 0 25
split_gain=6.61118 8.54733 10.4285 10.0132 8.19115 12.6212 7.79401 9.78423 11.9826 10.9579 7.81099 7.63795 7.40048 7.16411
threshold=0.026666667312383655 -0.031645266339182847 -0.032589992508292191 0.00024426421441603457 0.0069762219209223994 0.1193775311112404 0.074957404285669341 0.095852777361869826 -0.037830116227269166 0.00039006175938993698 0.00018899705173680562 1.878275204640623e-12 0.021418066695332531 0.07741232588887216
decision_type=8 10 2 10 10 2 2 10 2 10 10 2 2 10
left_child=6 3 -3 -2 5 -4 -1 8 9 11 -10 -8 -5 -6
right_child=1 2 4 12 13 -7 7 -9 10 -11 -12 -13 -14 -15
leaf_value=-0.0001708216053473876 0.0013240410780489434 0.0037831591445738424 0.0050257919880816616 -0.0005386476477511322 -0.00061828263150475382 -0.00021745208844434633 0.0038079236013195145 0.0030805281681644658 -0.0038803525498629821 -0.0018670231747524328 -0.00013036748466970221 -0.000201301576907476 -0.0052734124951175389 0.00093105873239157937
leaf_weight=43999.410433143377 342.41245298087597 422.40611973404884 369.51377776265144 261.96352471411228 2016.8756623417139 344.42263951897621 645.09731447696686 623.29353986680508 303.44989135861397 261.24985486268997 714.33458612859249 263.41230799257755 257.0708857178688 2868.2941224724054
leaf_count=176508 1372 1693 1482 1049 8085 1381 2663 2565 1254 1070 2938 1101 1040 11517
internal_value=-2.02817e-05 0.000557548 0.000824606 -0.00128554 0.000588737 0.00255931 -0.000105447 0.000911864 0.000271639 0.0016394 -0.00130165 0.0026662 -0.00299237 0.00029149
internal_weight=53693.2 6882.96 6021.51 861.447 5599.11 713.936 46810.2 2810.84 2187.54 1169.76 1017.78 908.51 519.034 4885.17
internal_count=215718 27619 24158 3461 22465 2863 188099 11591 9026 4834 4192 3764 2089 19602
is_linear=0
shrinkage=0.02


Tree=276
num_leaves=15
num_cat=0
split_feature=26 17 8 14 11 29 26 7 29 20 25 11 14 21
split_gain=4.79379 9.20405 7.07438 9.16738 5.84854 8.83764 8.4906 8.2911 8.99365 12.4341 10.3827 8.98172 8.24211 8.08805
threshold=-0.39000000059604639 -0.7655678093433379 0.75000000000000011 -0.35265849530696863 0.00022074429580243307 5.9799468979035441e-13 -0.27666667103767389 0.00013006794324610385 4.8234224774013078e-13 -0.051337726414203637 -0.017329753376543518 0.00017657610442256558 -0.23015573620796201 -0.073883578181266771
decision_type=8 2 2 2 8 2 10 10 2 2 8 10 2 2
left_child=2 -2 3 -1 5 6 -3 8 10 -10 12 -11 -8 -7
right_child=1 4 -4 -5 -6 13 7 -9 9 11 -12 -13 -14 -15
leaf_value=-0.0051263335681496526 0.0028794105326262675 -0.0043007230431001374 0.0013850249723193076 -0.00045887115294897203 0.00012682954954235031 0.00090086024655917994 3.0480923912302177e-05 -0.0014827977668849036 -0.0036376148896579176 0.0018810868923457888 -0.00053879584522636579 -0.0023985327294693704 0.0039809973396012065 -0.00038794615910569071
leaf_weight=276.55888815224171 426.12889790534973 261.27103655040264 248.94375398755074 399.43798227608204 37659.07326541841 3069.3528153300285 346.60377942025661 3033.3966490775347 514.20613446831703 507.55825889110565 974.87809120118618 292.50564983487129 522.17789795994759 5251.44177749753
leaf_count=1124 1726 1053 1010 1622 151198 12392 1392 12158 2064 2035 3908 1172 2096 21133
internal_value=-6.37293e-06 1.88611e-05 -0.00141833 -0.00246083 -5.4762e-06 -0.000342454 -0.000896719 -0.000739686 -2.10393e-05 -0.00127441 0.000876526 0.000296109 0.00244108 8.84855e-05
internal_weight=53783.5 52858.6 924.941 675.997 52432.5 14773.4 6452.6 6191.33 3157.93 1314.27 1843.66 800.064 868.782 8320.79
internal_count=216083 212327 3756 2746 210601 59403 25878 24825 12667 5271 7396 3207 3488 33525
is_linear=0
shrinkage=0.02


Tree=277
num_leaves=15
num_cat=0
split_feature=22 23 18 17 1 13 13 13 5 1 14 22 28 14
split_gain=6.1999 8.07691 4.84758 14.5525 13.1082 5.76634 9.10989 8.41327 7.31137 5.91175 9.02493 7.3496 7.31783 6.94705
threshold=-0.3499025553464889 -0.39414808154106135 0.28108148276805883 -0.0065402688924223176 4.6274337364593528e-05 5.6247155953315093e-05 4.8478717872058048e-05 6.8964363890700056e-05 0.00012902596063213426 6.3662399043096243e-05 0.68826678395271312 0.12961963564157489 1.2909542141878452e-12 0.41176682710647589
decision_type=2 2 2 2 10 8 10 10 10 10 2 2 2 2
left_child=-1 -2 -3 -4 -5 6 -6 8 -7 11 12 -9 13 -11
right_child=1 2 3 4 5 7 -8 9 -10 10 -12 -13 -14 -15
leaf_value=-0.0022622663848647405 0.0027814999986867186 -1.1423472395889999e-05 0.0044385605513794953 -0.00092567631170798067 0.0011591965614328301 0.00091020020631016687 -0.0031046803600012539 0.0045299050934832982 0.0054154286885048043 0.0015258873795513581 0.002550331730548376 0.0001502446655487073 -0.0034251209473033029 -0.0021370164909740126
leaf_weight=435.9145881831646 419.04749904572964 46784.563855975866 349.14823731780052 2069.180329605937 532.7093438655138 256.75521279871464 294.88439504802227 321.7321861833334 338.68617908656597 559.6308875232935 463.75436623394489 280.47102947533131 274.61554172635078 302.43931940197945
leaf_count=1757 1717 187895 1410 8313 2149 1032 1189 1291 1362 2247 1868 1126 1107 1215
internal_value=6.01513e-05 8.00062e-05 5.75329e-05 0.000589577 0.000338891 0.0010617 -0.000397498 0.00149305 0.00356548 0.000905765 0.00025921 0.00256051 -0.000703476 0.000221517
internal_weight=53683.5 53247.6 52828.6 6044.01 5694.86 3625.68 827.594 2798.08 595.441 2202.64 1600.44 602.203 1136.69 862.07
internal_count=215678 213921 212204 24309 22899 14586 3338 11248 2394 8854 6437 2417 4569 3462
is_linear=0
shrinkage=0.02


Tree=278
num_leaves=15
num_cat=0
split_feature=11 2 17 9 22 13 26 22 28 13 11 27 13 20
split_gain=6.8401 12.8569 17.5626 8.10923 7.29461 9.38729 11.8706 8.76369 8.52935 7.89509 11.5243 11.9026 9.30057 10.3081
threshold=0.00019923453510273251 0.91666665673255932 -0.14590826630592343 0.00017868075519800189 0.13189949095249179 8.0891175457509248e-05 -0.16333333402872083 0.169074721634388 5.6553530304939713e-13 6.0328377003315843e-05 0.00017034226766554641 -0.076666668057441698 6.9282545155147104e-05 -0.018151435069739815
decision_type=10 2 2 10 2 10 8 2 2 8 8 8 10 2
left_child=1 4 -3 -4 9 6 -6 -8 -9 10 11 -1 13 -11
right_child=-2 2 3 -5 5 -7 7 8 -10 12 -12 -13 -14 -15
leaf_value=0.00075493874684161245 0.00012286476628023152 -0.0041250095315158615 0.00067921221300794939 -0.0023897168871039086 -0.0029005589137717819 -0.0043425133996847463 -0.0019784579996400316 0.0048367015528987664 0.00015061870670909818 0.0040305903825813708 -0.0020608413070293892 -0.0026373893071808064 0.00017821183594345165 0.00014210648208355301
leaf_weight=2584.4999971985817 41646.34064489603 795.24626879394054 924.23529045283794 523.18569241464138 526.14629410207272 305.42805214226246 287.20925959944725 250.50661326944828 368.14929404854774 609.96404995024204 1230.1039868146181 471.96632957458496 2764.1143023371696 483.50125350058079
leaf_count=10443 167259 3189 3705 2096 2124 1225 1152 1004 1480 2457 4957 1891 11106 1943
internal_value=1.1289e-06 -0.000416543 -0.0017765 -0.000447536 -0.00010493 -0.0012736 -0.000568252 0.000819797 0.00214015 0.000146899 -0.000442936 0.00021737 0.000801232 0.00234464
internal_weight=53770.6 12124.3 2242.67 1447.42 9881.59 1737.44 1432.01 905.865 618.656 8144.15 4286.57 3056.47 3857.58 1093.47
internal_count=216031 48772 8990 5801 39782 6985 5760 3636 2484 32797 17291 12334 15506 4400
is_linear=0
shrinkage=0.02


Tree=279
num_leaves=15
num_cat=0
split_feature=20 8 23 28 14 17 17 0 21 28 14 16 14 22
split_gain=4.95391 7.90956 7.29007 4.97237 4.23794 6.82708 10.3343 9.97396 9.05394 8.73807 8.21787 8.10249 10.2649 10.7084
threshold=0.36494500935077673 0.75000000000000011 0.34489683806896215 8.7318983966154517e-13 0.21145714074373248 -0.0065402688924223176 -0.022813812829554077 0.031422179192304618 -0.03815969452261924 4.179067573766016e-13 -0.054038349539041512 -0.070022128522396074 -0.39538702368736262 0.01074966322630644
decision_type=2 2 2 2 2 2 2 2 2 2 2 2 2 2
left_child=2 -2 4 -4 5 6 9 -7 -9 11 -8 12 -1 -14
right_child=1 -3 3 -5 -6 7 10 8 -10 -11 -12 -13 13 -15
leaf_value=-0.00073789149139535037 0.0037410097206978183 -0.00015286922239458081 -0.0003036441901530264 -0.0039597285805438474 0.00022178875943009173 -0.00099739056554137406 0.00073490518756267448 -0.00111634550342688 0.00073174525061373463 -0.00021527552882010708 0.0051185430541272189 0.0030492498187069329 0.002505771334429099 -0.00097931107061427426
leaf_weight=1516.9015057086945 339.21449135243893 494.30571313202381 286.36684802174568 298.03945089876652 17830.955506727099 7406.8332523852587 475.34505239129066 1513.6023368686438 3417.7859359532595 17624.996275737882 254.70252977311611 547.38599878549576 1211.3853902816772 481.55990515649319
leaf_count=6089 1369 1987 1152 1207 71627 29652 1908 6107 13771 70867 1022 2196 4860 1930
internal_value=-2.92248e-05 0.00148234 -5.36087e-05 -0.00223753 -2.83503e-05 -0.000157871 5.25023e-05 -0.000534373 0.000162289 -2.84136e-05 0.00235999 0.000844645 0.000452133 0.00151458
internal_weight=53699.4 833.52 52865.9 584.406 52281.5 34450.5 22112.3 12338.2 4931.39 21382.2 730.048 3757.23 3209.85 1692.95
internal_count=215744 3356 212388 2359 210029 138402 88872 49530 19878 85942 2930 15075 12879 6790
is_linear=0
shrinkage=0.02


Tree=280
num_leaves=15
num_cat=0
split_feature=28 3 19 17 16 1 21 22 18 28 6 21 11 22
split_gain=5.33708 6.90943 6.65623 6.68251 5.6158 5.25204 8.96736 8.09262 10.5891 7.65965 9.36494 15.7772 11.381 13.0345
threshold=2.6870735183367333e-13 4.7865296437521472e-05 0.15134485065937045 -0.27690781652927393 1.0000000180025095e-35 2.8644231861107986e-05 0.28453835844993597 -0.1269237473607063 -0.05431906878948211 6.5990664538731491e-13 0.75000000000000011 0.30732823908329016 0.00022635493951383981 -0.043786130845546715
decision_type=2 10 2 2 2 8 2 2 2 2 2 2 10 2
left_child=1 -1 3 -3 -5 6 7 8 -2 10 -7 12 -12 -14
right_child=5 2 -4 4 -6 9 -8 -9 -10 -11 11 -13 13 -15
leaf_value=0.0037971839315106251 -0.00068551298070152757 0.0022289409668208495 0.0027508169661216672 -0.0029929241351357612 0.00050744084948763177 -0.0007269856028025443 -0.0031334674931311418 5.1558158401225862e-05 -0.0048601156599129003 0.00030416715135559791 -0.0010748323143672342 0.0036057700773103342 0.0011852141070731105 -0.00028129573869559106
leaf_weight=295.32401649653912 999.25543035566807 265.59847684204578 357.23352713882923 376.04776605963707 332.03050960600376 8662.4348825365305 479.16818614304066 4653.904415383935 304.94235830008984 23412.784795284271 3098.6140731871128 478.49593995511532 4030.5606367439032 6023.6644311398268
leaf_count=1190 4022 1070 1437 1512 1334 34740 1926 18696 1226 94242 12417 1921 16161 24136
internal_value=1.16281e-05 0.00113284 0.000494168 -0.000372479 -0.00138269 -2.37606e-05 -0.000557685 -0.000340742 -0.00172026 5.16478e-05 -0.000213581 0.000113264 -1.90743e-05 0.000307788
internal_weight=53770.1 1626.23 1330.91 973.677 708.078 52143.8 6437.27 5958.1 1304.2 45706.6 22293.8 13631.3 13152.8 10054.2
internal_count=216030 6543 5353 3916 2846 209487 25870 23944 5248 183617 89375 54635 52714 40297
is_linear=0
shrinkage=0.02


Tree=281
num_leaves=15
num_cat=0
split_feature=11 25 29 29 28 16 29 25 1 25 3 13 16 29
split_gain=5.83875 7.93206 16.1925 9.82846 10.9568 10.5696 9.25648 10.288 9.43912 10.4827 12.3566 8.88783 8.88052 9.70357
threshold=0.00035978444793727254 -0.011897763703018425 4.508272417489898e-13 7.6161313041812905e-13 2.8916692174432716e-12 -0.18976109474897382 4.4628946263385044e-13 0.037979209795594222 0.00013555134501075375 0.023077366873621944 8.5208459495333968e-05 0.00011731905760825613 0.10591484606266023 8.7522429082810559e-13
decision_type=10 10 2 2 2 2 2 10 10 10 10 10 2 2
left_child=-1 2 -2 5 12 11 -3 8 9 10 -8 -4 13 -5
right_child=1 6 3 4 -6 -7 7 -9 -10 -11 -12 -13 -14 -15
leaf_value=8.5920382237991317e-05 0.0009093299174128093 -0.0011927997405722784 0.00064239130877927588 0.0020208298119426941 -0.0033787854556017174 -0.0025218877536265188 -0.0019890573963419807 -0.00018281922403300157 -0.0012254122272783849 0.0037259303328016991 0.0018539606302102546 -0.0027176931449992641 0.0015972062584481447 -0.0012018603966751488
leaf_weight=33158.275524869561 1904.0591889470816 1954.8674849569798 998.73403841257095 433.03944829106331 422.28315070271492 2764.8897897601128 427.9501625597477 5558.9413473457098 491.71891342103481 743.74267640709877 1320.5557681769133 436.35568380355835 947.05763702094555 2141.2360319793224
leaf_count=133296 7634 7834 4005 1740 1715 11082 1715 22324 1977 2981 5293 1753 3805 8611
internal_value=-7.82356e-05 -0.000342993 -0.000744082 -0.00113195 -0.000411689 -0.00180309 4.15834e-05 0.000326173 0.0012693 0.00176734 0.000901517 -0.000402593 -3.87983e-05 -0.000648346
internal_weight=53703.7 20545.4 10047.7 8143.6 3943.62 4199.98 10497.8 8542.91 2983.97 2492.25 1748.51 1435.09 3521.33 2574.28
internal_count=215765 82469 40345 32711 15871 16840 42124 34290 11966 9989 7008 5758 14156 10351
is_linear=0
shrinkage=0.02


Tree=282
num_leaves=15
num_cat=0
split_feature=30 1 15 15 26 12 29 1 9 21 25 25 26 0
split_gain=5.82361 9.36051 8.01196 6.41034 5.47559 5.44641 5.03739 7.38644 12.2981 8.45693 18.4824 7.97716 6.97098 5.72077
threshold=0.28814934194087988 1.6585385310463611e-05 -0.11333662644028662 -0.43463803827762598 -0.39000000059604639 0.75000000000000011 2.3633373903708681e-12 0.00010098154962179252 0.00036315590841695672 0.19490815699100497 0.068714786320924773 0.0076299277134239682 -0.13666667044162747 0.018957725726068023
decision_type=2 10 2 2 8 2 2 8 10 2 10 10 10 2
left_child=4 -2 3 -3 -1 -5 -6 8 9 10 11 13 -9 -8
right_child=1 2 -4 5 6 -7 7 12 -10 -11 -12 -13 -14 -15
leaf_value=-0.0017130665097034167 -0.0029326717219700588 -0.00017942673848343554 0.00036884989214240252 0.0011244129683118912 -3.574971558228423e-05 0.0050320854451910762 -0.0034802673926866718 0.0031446103471112932 -0.0049295782391076256 0.0024526747420942634 -0.0058773896105880118 0.0025494348713982875 -0.0010447773744484831 -0.0001786382642850193
leaf_weight=826.67161284387112 290.95731627941132 270.28432133793831 6626.6512675285339 253.54858788847923 42400.363857761025 354.84291805326939 278.61591324210167 290.162323102355 325.59633113443851 255.02148288488388 274.01830661296844 281.97625797986984 310.53027629852295 714.73578438162804
leaf_count=3356 1171 1090 26648 1020 170207 1425 1116 1191 1313 1030 1107 1136 1252 2899
internal_value=-3.37209e-05 0.000470994 0.000610386 0.00238322 -0.000119508 0.00349117 -8.95732e-05 -0.000918982 -0.00146877 -0.000797081 -0.00135643 -0.000309301 0.00101501 -0.00115509
internal_weight=53754 7796.28 7505.33 878.676 45957.7 608.392 45131 2730.66 2129.96 1804.37 1549.35 1275.33 600.693 993.352
internal_count=215961 31354 30183 3535 184607 2445 181251 11044 8601 7288 6258 5151 2443 4015
is_linear=0
shrinkage=0.02


Tree=283
num_leaves=15
num_cat=0
split_feature=3 22 23 23 30 20 1 0 22 17 24 24 22 20
split_gain=6.18024 5.90275 6.77888 10.1436 7.68527 7.4294 5.43007 6.39255 8.05055 9.28067 6.58552 8.34477 5.90546 8.27089
threshold=2.6435709514771592e-05 -0.3499025553464889 -0.36972333490848536 -0.29019676148891443 0.10260748118162157 -0.23456646502017972 2.3764247089275162e-05 0.076197277754545226 -0.13093612343072888 -0.17129150032997129 -0.029531992971897122 -0.00093360347091220308 0.0922871269285679 0.17675261944532397
decision_type=10 2 2 2 2 2 10 2 2 2 10 10 2 2
left_child=-1 -2 5 4 -4 -3 7 8 9 -5 -10 -12 -13 -14
right_child=1 2 3 6 -6 -7 -8 -9 10 -11 11 12 13 -15
leaf_value=0.0017107789002367222 -0.0022998344393306332 0.0045426850783029009 -0.0030543388208903407 -0.00057970987927178416 0.00036343601659647855 4.5670600311209916e-05 9.3522168496623423e-05 0.0022673079611870003 0.00095826973490460439 -0.0057652201391148608 -0.0039945237854623963 0.00057966890018047094 -0.0037899736294339254 0.00028019200356765622
leaf_weight=837.20241242647171 423.09903338551521 256.13197822868824 731.62801000475883 288.13202749192715 398.95104710757732 314.98295371234417 47091.895152896643 249.03777234256268 846.32943241298199 254.19574642181396 318.79512543976307 877.83954812586308 385.38225908577442 388.55783833563328
leaf_count=3372 1705 1045 2953 1156 1608 1293 189123 1026 3397 1019 1278 3520 1544 1557
internal_value=2.61838e-05 -1.15204e-06 1.82782e-05 -6.00771e-06 -0.00186294 0.00214794 3.6119e-05 -0.000709442 -0.000942237 -0.00312883 -0.000502171 -0.00113273 -0.000539224 -0.00179096
internal_weight=53662.2 52825 52401.9 51830.7 1130.58 571.115 50700.2 3608.27 3359.23 542.328 2816.9 1970.57 1651.78 773.94
internal_count=215596 212224 210519 208181 4561 2338 203620 14497 13471 2175 11296 7899 6621 3101
is_linear=0
shrinkage=0.02


Tree=284
num_leaves=15
num_cat=0
split_feature=2 17 17 14 25 9 18 8 26 13 25 5 8 29
split_gain=6.78484 6.82191 8.75037 7.95446 5.00593 8.49895 6.16814 12.2757 7.11563 4.80835 4.77904 4.9062 4.36139 7.62155
threshold=0.41666667163372045 -0.18650252372026441 -0.131693460047245 -0.9000052511692046 -0.082283943891525255 0.00014499537064693871 0.037114243954420097 0.75000000000000011 -0.13666667044162747 6.2001749029150246e-05 -0.10492300242185591 0.00013747468619840222 0.41666667163372045 4.9104313280465283e-13
decision_type=2 2 2 2 10 10 2 2 10 10 10 8 2 2
left_child=1 3 -3 -1 9 -6 8 -8 -7 -4 -5 -12 13 -2
right_child=12 2 4 10 5 6 7 -9 -10 -11 11 -13 -14 -15
leaf_value=-0.0013365206365817406 -0.0031958623813938369 -0.0031919842724945249 0.0034846735787311851 0.00069135252991108312 -0.0018912162988389486 0.0016892836495529624 0.0036364777766026875 -0.00064229970045993651 -0.0026158383736809483 0.000178274405180879 0.0018804181336117066 0.0050842099129676348 -5.0547741286167326e-05 -0.00028857568315123253
leaf_weight=255.16932241618633 463.36665447056293 261.60050089657307 362.73670075833797 428.24238827824593 635.33348599076271 247.61405368149281 571.34962375462055 481.34489543735981 344.23480094969273 329.79840806126595 477.89605814218521 349.83720171451569 47058.331087574363 1439.8626374900341
leaf_count=1037 1859 1055 1469 1741 2559 1005 2306 1936 1381 1333 1930 1415 188955 5797
internal_value=-1.86408e-05 0.000701813 0.000179945 0.00180173 0.000496057 3.84087e-05 0.000797644 0.00170451 -0.000818345 0.0019593 0.00245026 0.00332249 -8.87223e-05 -0.00102227
internal_weight=53706.7 4745.16 3234.01 1511.14 2972.41 2279.88 1644.54 1052.69 591.849 692.535 1255.98 827.733 48961.6 1903.23
internal_count=215778 19167 13044 6123 11989 9187 6628 4242 2386 2802 5086 3345 196611 7656
is_linear=0
shrinkage=0.02


Tree=285
num_leaves=15
num_cat=0
split_feature=14 14 14 23 18 7 3 3 23 16 17 9 9 18
split_gain=5.05438 7.19774 7.15906 9.10651 7.86102 7.82956 7.27415 6.81492 8.39286 6.53232 6.40488 6.99394 16.3322 8.06919
threshold=-0.27585932612419123 -0.42789685726165766 0.025990271940827373 0.022541363723576072 0.26199640333652502 0.00020602242148015651 0.00010907127216341907 0.00022839931625640022 -0.17943835258483884 0.1157524846494198 0.058003580197691924 0.00022813240502728152 0.00014179335266817364 -0.11435252428054808
decision_type=2 2 2 2 2 10 10 10 2 2 2 8 10 2
left_child=1 -1 3 6 5 -5 -2 8 -8 10 11 12 13 -3
right_child=2 9 -4 4 -6 -7 7 -9 -10 -11 -12 -13 -14 -15
leaf_value=8.9317686308662891e-06 -0.00039630063147507138 0.00036515734008504656 3.5280374298072165e-05 0.00059408159413573333 0.0021118181822993498 -0.0012517247649165724 3.8812892469174125e-05 9.8325550138474494e-05 -0.0027338475290395055 0.0025430505710530133 -0.0017341447210872233 0.001709854549164076 -0.0016107050061694222 0.0046652809779880152
leaf_weight=12390.469830945134 3585.2039821445942 394.9924700409174 25216.686580464244 2067.8424543738365 665.14117550849915 1623.205000013113 551.11276249587536 670.99045594036579 2073.2302838861942 804.36866736412048 408.94522739946842 1834.9402194619179 1053.7075947374105 298.15393655002117
leaf_count=49837 14401 1589 101285 8297 2673 6514 2221 2702 8318 3230 1641 7366 4231 1197
internal_value=-1.86171e-05 0.000263953 -0.000151904 -0.000571286 0.000144053 -0.000220016 -0.00102328 -0.00169891 -0.0021557 0.000920151 0.000581991 0.000854593 -5.29818e-05 0.0022938
internal_weight=53639 17185.6 36453.4 11236.7 4356.19 3691.05 6880.54 3295.33 2624.34 4795.11 3990.74 3581.79 1746.85 693.146
internal_count=215502 69091 146411 45126 17484 14811 27642 13241 10539 19254 16024 14383 7017 2786
is_linear=0
shrinkage=0.02


Tree=286
num_leaves=15
num_cat=0
split_feature=26 28 27 5 28 24 23 29 24 28 22 20 0 9
split_gain=5.72763 9.65256 6.25418 6.73052 5.72842 5.15739 5.41334 4.46857 10.805 6.53329 8.71803 7.51607 7.6259 8.34919
threshold=-0.39000000059604639 1.0413050630098122e-12 -0.37666666507720942 0.00055653305025771271 1.9841560442183592e-13 -0.25496472418308253 -0.36972333490848536 3.6684341003269399e-13 0.11764294281601907 4.3159403731018319e-13 -0.0094502554275095445 -0.088317800313234315 0.020970031619071964 0.00015228106349240991
decision_type=8 2 10 8 2 10 2 2 10 2 2 2 2 10
left_child=1 -1 -2 4 -4 -6 -7 8 -8 10 11 12 -9 -14
right_child=2 -3 3 -5 5 6 7 9 -10 -11 -12 -13 13 -15
leaf_value=-0.0037760961204539568 0.0027161400243991339 0.00028983223014262827 0.0022635403763412412 0.0021082737034180776 -0.0023276203197541852 0.0019741848658833714 -0.001141254865009384 0.0019357173006684775 0.002812635468042442 -9.2800675662410657e-05 -0.00011423729437621592 0.0023184354634467759 0.0021707311439223688 -0.0016938974394855363
leaf_weight=406.76484993100166 322.28921918570995 510.06877374649048 415.52660097181797 580.95549516379833 371.16537946462631 517.51524542272091 2881.687265381217 761.47801326215267 286.49243102967739 40320.963439926505 3624.5632926821709 1537.7307271659374 288.76749740540981 798.03033907711506
leaf_count=1646 1321 2076 1675 2355 1490 2112 11557 3048 1150 161956 14526 6165 1161 3204
internal_value=-6.066e-06 -0.00155617 2.14779e-05 3.86918e-06 -2.05352e-05 -3.98777e-05 -2.23281e-05 -4.35615e-05 -0.000768311 5.25425e-06 0.000567872 0.00129442 0.000426764 -0.000646377
internal_weight=53624 916.834 52707.2 52384.9 51803.9 51388.4 51017.2 50499.7 3168.18 47331.5 7010.57 3386.01 1848.28 1086.8
internal_count=215442 3722 211720 210399 208044 206369 204879 202767 12707 190060 28104 13578 7413 4365
is_linear=0
shrinkage=0.02


Tree=287
num_leaves=15
num_cat=0
split_feature=0 23 3 9 13 0 11 20 8 28 10 28 13 9
split_gain=5.11332 6.29732 6.7195 6.51034 6.16507 5.18703 7.25057 8.21816 7.99035 9.0798 9.67131 8.56788 8.09679 9.04547
threshold=0.10855389758944513 0.25394566357135778 7.7953034633537768e-05 0.00011888254448422232 6.4143689087359248e-05 0.053288420662283904 0.00013112638407619673 -0.19786472618579862 0.75000000000000011 7.8462618889087187e-13 0.75000000000000011 4.0673867540089869e-13 5.8981646361644387e-05 0.00020998707623220983
decision_type=2 2 10 10 8 2 8 2 2 2 2 2 10 10
left_child=1 5 3 -3 -5 -1 -7 -8 9 10 11 -9 13 -10
right_child=-2 2 -4 4 -6 6 7 8 12 -11 -12 -13 -14 -15
leaf_value=-1.7595752832493471e-05 0.0022723152392078688 -0.0048616584459075718 -0.000152344097706383 0.00057330495050316431 -0.0033231133855260078 0.0024498568335636619 -0.00098311003827687162 0.0018936937074723341 -0.0032629836976743897 0.0023073503204617614 0.0022922936950833146 -0.0023987177048755723 0.00052883004204847906 0.0012181291679352029
leaf_weight=42523.556536570191 388.21428322792053 262.66757184267044 1516.6200553923845 358.42170222103596 269.81931588053703 696.02036646008492 1488.1116888076067 246.78359119594097 522.15027703344822 1775.5080192089081 501.68091312050819 609.83945612609386 2412.3851202130318 256.93936295807362
leaf_count=170428 1637 1055 6105 1441 1083 2837 6041 1001 2120 7245 2026 2467 9736 1043
internal_value=4.24111e-05 2.53681e-05 -0.000969908 -0.00232777 -0.00115104 7.26828e-05 0.000522809 0.00034533 0.000659978 0.00137393 0.000138028 -0.00114713 -4.52631e-05 -0.00179164
internal_weight=53828.7 53440.5 2407.53 890.909 628.241 51033 8509.42 7813.4 6325.29 3133.81 1358.3 856.623 3191.47 779.09
internal_count=216265 214628 9684 3579 2524 204944 34516 31679 25638 12739 5494 3468 12899 3163
is_linear=0
shrinkage=0.02


Tree=288
num_leaves=15
num_cat=0
split_feature=29 11 29 24 19 24 19 11 1 5 5 20 14 21
split_gain=4.31503 9.10623 8.46387 7.99107 19.324 11.6716 8.38771 7.84836 8.68459 9.7653 7.43934 7.02045 6.45825 6.04585
threshold=6.3069186917279206e-13 8.1831560237333192e-05 6.3983654529156674e-13 -0.17711907625198361 -0.065576881170272813 -0.15812543779611585 -0.16856614500284192 0.00013112638407619673 2.3764247089275162e-05 0.00013667112216353419 0.00010964847751893104 -0.37595595419406885 0.13297318667173388 -0.066300414502620683
decision_type=2 8 2 10 2 10 2 8 10 10 10 2 2 2
left_child=1 -1 10 4 -4 6 -5 8 -7 12 -2 -9 13 -10
right_child=2 -3 3 5 -6 7 -8 11 9 -11 -12 -13 -14 -15
leaf_value=-0.0034328674727018968 0.0049801515343027456 -0.00011899782453590239 0.00017927573716595752 0.0054475193443153562 -0.0050458661189871235 -0.001625557944712752 0.00057211168826750206 0.0032771298604517452 0.003767897290266586 -0.00075211453492646479 0.0006189545397825636 2.6178719836021793e-05 0.0049006694615849958 -0.00022376536842247418
leaf_weight=316.0979742705822 251.4044015109539 25531.368388682604 964.68657627701759 268.59130457043648 379.95530685782433 282.29479244351387 286.57723546028137 248.76510266959667 263.85203970968723 342.40897305309772 385.16339196264744 23395.951732814312 437.91609777510166 321.67889955639839
leaf_count=1270 1009 102364 3893 1086 1530 1139 1155 1009 1068 1383 1545 94140 1767 1296
internal_value=2.38555e-05 -0.000162147 0.000196605 0.000142319 -0.0013495 0.000220909 0.00303825 0.000156718 0.0014826 0.00213918 0.00244059 6.31226e-05 0.00310238 0.00164
internal_weight=53676.7 25847.5 27829.2 27192.7 1344.64 25848 555.169 25292.9 1648.15 1365.86 636.568 23644.7 1023.45 585.531
internal_count=215654 103634 112020 109466 5423 104043 2241 101802 6653 5514 2554 95149 4131 2364
is_linear=0
shrinkage=0.02


Tree=289
num_leaves=15
num_cat=0
split_feature=23 27 13 3 13 8 20 13 11 25 8 18 5 20
split_gain=6.057 10.3811 12.6127 5.64585 3.95548 8.44538 8.71786 5.79383 14.0968 8.99445 8.84044 10.1291 6.59956 5.00092
threshold=0.34489683806896215 -0.21000000089406964 6.2947030528448536e-05 2.1774873857793867e-05 0.00027394181233830755 0.75000000000000011 -0.022973149083554741 0.00016234647773671898 0.00026418863853905355 -0.074291612952947603 0.91666665673255932 0.1408522501587868 0.00022573963360628116 0.083952575922012343
decision_type=2 8 10 10 10 2 2 8 8 10 2 2 10 2
left_child=3 -2 -3 -1 7 -6 -7 -5 -9 12 11 -11 -10 -12
right_child=1 2 -4 4 5 6 -8 8 9 10 13 -13 -14 -15
leaf_value=0.0023490208831667193 -0.0048542576581504706 0.0028018172831586201 -0.0029180345172894425 -8.1973366602603227e-06 0.0016608151278156968 9.9552690581737084e-05 -0.0047325202180375191 -0.0030493909130929315 0.0011798616846513755 0.0021074504914847378 0.0023971057054797706 -0.0021465828264355482 -0.0028077127885365355 0.0060573747597037399
leaf_weight=399.63142700493336 255.59342920780182 281.16780249774456 296.05048739910126 48942.966575115919 249.4918629527092 264.49065715074539 320.6766459941864 297.45278778672218 356.20856446027756 853.45615671575069 427.98472881317139 283.13789193332195 278.57094103097916 257.75215402245522
leaf_count=1611 1036 1131 1192 196609 1006 1064 1290 1193 1432 3430 1718 1140 1124 1038
internal_value=1.1447e-05 -0.00166066 -0.000131324 3.83726e-05 1.99074e-05 -0.00132961 -0.00261735 4.22012e-05 0.000931284 0.00143391 0.00214205 0.00102893 -0.000602382 0.00390559
internal_weight=53764.6 832.812 577.218 52931.8 52532.2 834.659 585.167 51697.5 2754.56 2457.11 1822.33 1136.59 634.78 685.737
internal_count=216014 3359 2323 212655 211044 3360 2354 207684 11075 9882 7326 4570 2556 2756
is_linear=0
shrinkage=0.02


Tree=290
num_leaves=15
num_cat=0
split_feature=5 25 9 26 29 25 1 20 29 21 20 23 29 5
split_gain=6.26723 7.25035 5.2133 4.86442 4.44747 17.1608 9.26404 11.7051 9.15809 17.9597 12.079 8.28312 8.2613 7.60535
threshold=0.00047554523916915065 -0.06518977507948874 0.00085438319365493964 0.016666667535904015 4.575583889641217e-13 -0.011897763703018425 5.5370590416714556e-05 0.17382627725601199 4.1256314499676238e-13 0.047228235751390464 0.057850331068038947 -0.0061509348452091208 3.8449591546665251e-13 0.00020557831157930198
decision_type=8 10 8 10 2 10 10 2 2 2 2 2 2 10
left_child=2 -2 4 -3 5 -1 12 8 10 11 13 -10 -7 -8
right_child=1 3 -4 -5 -6 6 7 -9 9 -11 -12 -13 -14 -15
leaf_value=0.001151343561683551 -0.00094614544101164811 0.0040118317474296524 -0.0021245836975275312 0.00071649030741375392 -0.0001258095073427341 -2.9692681716434676e-05 -0.0038517906441233748 0.0029036398253416964 0.0061309615088830441 -0.0018836319917848205 0.0010430823550072969 0.00099742748810490735 -0.002358104348159128 0.00020620974954779309
leaf_weight=5184.9024056345224 327.11736267805099 398.96240989863873 461.0502640157938 331.30843596160412 41616.513254314661 1071.423711925745 634.22632473707199 541.42775142192841 251.17858225107193 395.67508429288864 537.01997298002243 251.70446053147316 1395.4210027605295 254.69888789951801
leaf_count=20801 1329 1617 1857 1340 167245 4296 2541 2172 1006 1585 2152 1008 5590 1021
internal_value=-2.11501e-05 0.00148887 -5.20623e-05 0.00257576 -3.29262e-05 0.000334137 -0.000461742 0.000311344 -0.000312078 0.00125263 -0.00130176 0.00369794 -0.00135518 -0.00271012
internal_weight=53652.6 1057.39 52595.2 730.271 52134.2 10517.7 5332.78 2865.93 2324.5 898.558 1425.95 502.883 2466.84 888.925
internal_count=215560 4286 211274 2957 209417 42172 21371 11485 9313 3599 5714 2014 9886 3562
is_linear=0
shrinkage=0.02


Tree=291
num_leaves=15
num_cat=0
split_feature=18 25 1 25 29 29 15 15 21 6 8 19 18 21
split_gain=4.12255 12.3423 8.06956 6.68934 6.12324 8.38936 8.24917 7.58932 6.75508 6.63565 8.69194 7.95462 7.59741 5.96879
threshold=0.28108148276805883 -0.13908194750547406 3.6449979234021164e-05 -0.07038171216845511 2.2446662584219017e-12 1.5149316263257664e-12 0.10517125576734544 -0.27032527327537531 0.032611010596156127 0.75000000000000011 0.91666665673255932 0.40857908129692083 0.39631105959415441 0.039897514507174499
decision_type=2 10 10 10 2 2 2 2 2 2 2 2 2 2
left_child=-1 -2 13 -4 5 6 7 -5 -8 -10 11 -11 -12 -3
right_child=1 2 3 4 -6 -7 8 -9 9 10 12 -13 -14 -15
leaf_value=-3.2806104994940582e-05 0.0041750029904218996 0.0015688520195966732 -0.0017405666814270992 -0.00011746162197867341 0.003421431797816414 -0.0018245591120599758 0.0033203240638228497 0.0040277243202722227 -0.0015874554271434135 0.00046014034083348784 0.0011313971439240796 0.0046299081323579322 -0.0028254557465813958 -0.0016929283246222449
leaf_weight=47743.568662896752 328.49534057080746 264.44989740848541 386.11884585022926 251.81876856088638 348.11366969347 441.38860632479191 270.7514686435461 563.44690856337547 648.71936993300915 415.35121150314808 403.69764772057533 314.29461090266705 340.30412326753139 1089.8854629099369
leaf_count=191794 1332 1064 1553 1012 1412 1780 1088 2263 2608 1667 1621 1263 1367 4377
internal_value=2.96745e-05 0.000519864 0.000296849 0.000713454 0.000957949 0.000705617 0.00106285 0.00277521 0.000461332 6.90175e-05 0.000809711 0.00233187 -0.000705042 -0.00104247
internal_weight=53810.4 6066.84 5738.34 4384.01 3997.89 3649.77 3208.38 815.266 2393.12 2122.37 1473.65 729.646 744.002 1354.34
internal_count=216201 24407 23075 17634 16081 14669 12889 3275 9614 8526 5918 2930 2988 5441
is_linear=0
shrinkage=0.02


Tree=292
num_leaves=15
num_cat=0
split_feature=23 26 27 24 24 24 23 11 29 23 17 13 30 27
split_gain=7.77028 8.39028 6.95592 4.80911 4.90841 4.69499 7.2952 4.99248 9.13435 6.25269 5.87747 5.36252 3.88789 8.43897
threshold=-0.24928269535303113 -0.27666667103767389 -0.35444444417953486 -0.22405101358890531 -0.20590536296367642 -0.22405101358890531 -0.35046379268169398 0.00022499871556647125 5.1292940706458577e-13 -0.26737269759178156 -0.2544435560703277 8.5502822912530987e-05 -0.40680365264415735 -1.5820678100908479e-15
decision_type=2 10 8 8 10 10 2 10 2 2 2 10 2 8
left_child=1 2 -1 -2 -5 -3 -7 10 -9 11 -8 -10 13 -6
right_child=3 5 -4 4 12 6 7 8 9 -11 -12 -13 -14 -15
leaf_value=-0.0017272164773187201 0.0021241500648740471 -0.0037662214543902691 0.0020924464857963645 -0.0025666131765905227 -0.00010518609611670447 0.00097722653259624671 -0.0052757843226340752 0.0019205634561007862 -0.001202490551057965 0.00054925689847170776 -0.0012152748026834912 -0.0049383111390661344 8.9934827189173505e-05 -0.0025932866708238164
leaf_weight=270.23290532827377 421.37829314172268 304.32770176231861 543.72042708098888 270.11819384992123 2662.5999726057053 485.93671827018261 275.07665498554707 304.23478910326958 333.3204677850008 265.77598215639591 306.39343492686749 295.53177298605442 46341.780782982707 666.30107982456684
leaf_count=1100 1695 1224 2213 1087 10719 1978 1109 1221 1342 1070 1233 1189 186091 2670
internal_value=-1.68337e-05 -0.000941568 0.000813307 4.56615e-05 2.72808e-05 -0.00149922 -0.00116451 -0.00175345 -0.000987298 -0.00199654 -0.00324774 -0.00305626 4.24142e-05 -0.000615709
internal_weight=53746.7 3384.55 813.953 50362.2 49940.8 2570.6 2266.27 1780.33 1198.86 894.628 581.47 628.852 49670.7 3328.9
internal_count=215941 13679 3313 202262 200567 10366 9142 7164 4822 3601 2342 2531 199480 13389
is_linear=0
shrinkage=0.02


Tree=293
num_leaves=15
num_cat=0
split_feature=5 24 24 19 16 30 16 3 24 1 23 24 29 24
split_gain=4.71982 11.3672 5.09162 13.3801 10.3155 10.5973 7.33996 6.37662 5.25049 10.0732 10.9774 7.66265 8.91466 8.20245
threshold=3.2790539989946417e-05 0.014764266554266216 -0.17711907625198361 -0.078483570367097841 -0.24006250500679013 -0.19999989867210385 0.086792211979627623 0.00011298929166514428 -0.050212485715746873 7.3905106546590118e-05 0.1894139647483826 0.069960348308086409 1.0254775002251084e-12 0.12954385578632358
decision_type=8 10 10 2 2 2 2 8 10 10 2 10 2 10
left_child=1 -1 3 4 5 -2 -5 -6 -4 -10 -11 -12 13 -13
right_child=2 -3 8 6 7 -7 -8 -9 9 10 11 12 -14 -15
leaf_value=0.00060935377845254513 0.00089850117177352185 -0.0046073447062863803 0.00034140545137112768 -0.0047986550746941673 0.00030234400640993727 -0.0031943879638678401 -0.00048376888377055628 0.0042685970203372404 0.000154782158600805 -0.00076445943862191341 0.0028000690511665806 -0.0010536583961032737 -0.0024939168865865911 0.0030470002643855072
leaf_weight=370.03852733969688 476.8220252841711 278.67275682091713 15185.990040436387 423.59804083406925 388.45297937095165 503.0506798774004 252.25961777567863 262.46357770264149 22455.629778474569 11443.071620136499 569.51519609987736 339.44718112051487 367.1332481354475 415.17507037520409
leaf_count=1491 1923 1120 61079 1702 1564 2024 1015 1057 90127 45968 2296 1364 1484 1671
internal_value=-3.26389e-05 -0.0017024 -1.15996e-05 -0.000926483 6.34756e-05 -0.00122459 -0.00324834 0.00198119 3.03101e-05 -0.000102549 -0.000542072 0.00095394 -1.59703e-05 0.00122285
internal_weight=53731.3 648.711 53082.6 2306.65 1630.79 979.873 675.858 650.917 50776 35590 13134.3 1691.27 1121.76 754.622
internal_count=215885 2611 213274 9285 6568 3947 2717 2621 203989 142910 52783 6815 4519 3035
is_linear=0
shrinkage=0.02


Tree=294
num_leaves=15
num_cat=0
split_feature=22 23 23 30 23 21 10 23 15 22 29 29 0 18
split_gain=6.10754 8.41017 7.75921 7.0152 5.16704 7.37964 6.81728 6.00839 6.65561 5.78939 12.2565 8.33508 7.51057 8.11438
threshold=-0.30993221700191492 -0.36972333490848536 -0.29019676148891443 -0.013542645610868929 -0.16812422871589658 -0.1911136135458946 0.91666665673255932 -0.22510623931884763 -0.30557410418987269 -0.092270188033580766 4.508272417489898e-13 4.508272417489898e-13 0.034714728593826301 -0.18212982267141339
decision_type=2 2 2 2 2 2 2 2 2 2 2 2 2 2
left_child=-1 -2 3 -3 6 9 -4 8 -8 10 -6 -11 -13 -14
right_child=1 2 4 -5 5 -7 7 -9 -10 11 -12 12 13 -15
leaf_value=-0.0016475932988837035 0.0026148010256941859 -0.0033180965606628976 0.0011209905673333089 -6.1399215123475253e-06 0.0036390799989902117 5.6571777625782517e-05 0.00034276701318335703 0.00056469294668141424 -0.0032588091893988626 -0.0049682934962798474 -0.00087727861684225219 9.8238128280913077e-05 -0.0052452306474411615 -0.00056070004627706076
leaf_weight=843.65166202187538 485.70300307869911 503.89146848022938 3763.0361349135637 500.08590841293335 274.17524300515652 42380.069435253739 368.15477614104748 1228.5026903301477 434.12720391154289 250.53139215707779 1293.780469045043 849.85944411158562 268.20536889135838 314.93491551280022
leaf_count=3399 1995 2036 15164 2017 1100 170147 1480 4933 1744 1005 5203 3405 1086 1278
internal_value=2.07377e-05 4.79492e-05 2.3182e-05 -0.00170074 5.74861e-05 -1.40522e-05 0.000619025 -0.000312976 -0.00163796 -0.000929288 -5.1654e-05 -0.00173647 -0.00111084 -0.00281776
internal_weight=53758.7 52915.1 52429.4 1003.98 51425.4 45631.6 5793.82 2030.78 802.282 3251.49 1567.96 1683.53 1433 583.14
internal_count=215992 212593 210598 4053 206545 183224 23321 8157 3224 13077 6303 6774 5769 2364
is_linear=0
shrinkage=0.02


Tree=295
num_leaves=15
num_cat=0
split_feature=5 18 18 3 21 25 29 22 15 22 20 11 15 29
split_gain=6.25057 9.93418 10.1709 9.54849 6.88213 9.13627 7.5748 7.31837 5.75922 4.5571 9.67379 8.94497 12.8538 11.6886
threshold=0.00028541128267534083 -0.33511455357074732 0.10598707571625711 0.00015166444791248071 0.025172324851155285 -0.027227044105529782 6.940261895998363e-13 -0.040971355512738221 -0.13042685389518735 -0.19444309175014493 -0.27561022341251368 0.0002348001362406649 0.31819999217987066 4.8455732698862729e-13
decision_type=8 2 2 8 2 10 2 2 2 2 2 10 2 2
left_child=9 -2 3 -3 5 7 -6 -5 -7 10 -1 -12 13 -13
right_child=1 2 -4 4 6 8 -8 -9 -10 -11 11 12 -14 -15
leaf_value=0.00044496676146840269 0.0035390153102964222 -0.0028763803541233452 0.001676113079079111 0.00072986197998683403 -0.0031232844885242311 0.00067291321974369343 0.00080375661983306235 -0.0028860002419967517 0.0043571018006585763 2.3296344231370718e-05 -0.0030127485725424731 0.0037076134878534835 -0.0044544852101375751 -0.00073677202226222983
leaf_weight=1812.0578064918518 429.72317644953728 454.49145545065403 1645.9193646907806 818.36335818469524 413.95935066044331 323.97499556839466 346.87685310840607 285.64366695284843 357.46563720703125 44384.288616716862 919.26903468370438 289.98966500163078 253.91740025579929 982.9475065767765
leaf_count=7302 1739 1825 6634 3298 1662 1302 1401 1150 1437 178244 3700 1163 1020 3952
internal_value=3.30217e-05 0.000699404 0.000422757 -0.000271253 0.000212535 0.000889488 -0.00135816 -0.000240388 0.00267467 -3.6782e-05 -0.000660178 -0.00147582 -0.000523503 0.0003174
internal_weight=53718.9 5076.42 4646.69 3000.78 2546.28 1785.45 760.836 1104.01 681.441 48642.5 4258.18 2446.12 1526.85 1272.94
internal_count=215829 20448 18709 12075 10250 7187 3063 4448 2739 195381 17137 9835 6135 5115
is_linear=0
shrinkage=0.02


Tree=296
num_leaves=15
num_cat=0
split_feature=0 3 28 9 9 25 25 25 25 1 19 7 25 21
split_gain=6.69511 4.38026 4.28445 4.05848 8.77453 7.34086 8.27352 8.13619 7.45716 11.1032 7.30378 7.00552 6.99155 6.89125
threshold=0.10855389758944513 0.00044063832319807267 1.6383866241779721e-13 0.00034076666634064173 0.00034614230389706796 0.09953233972191812 0.060512201860547073 0.075895231217145934 0.15827166289091113 0.00010470320921740496 0.15437752753496173 0.0003440021828282625 -0.23914678394794461 0.13895519822835925
decision_type=2 10 2 10 10 10 10 10 10 10 2 10 8 2
left_child=1 2 -1 11 -5 6 -6 -8 10 -10 -7 12 -4 -13
right_child=-2 -3 3 4 5 8 7 -9 9 -11 -12 13 -14 -15
leaf_value=0.0021596855225827524 0.0025610385895531457 0.0016581306753235083 0.0016675212925248456 -0.0031231346612953393 -0.00024432489635011834 0.00052196137259183882 -0.0039826580707689038 -0.00053963501299406883 -0.0024721069853643543 0.0025941127832906615 0.0039324004097084963 -0.0020952209470950834 7.2970127713041641e-05 0.0014393594996639802
leaf_weight=342.4961563795805 395.64103434979916 619.46827581524849 1112.3575358241796 420.61667294800282 8175.4872381538153 577.23312406241894 478.61702951788902 627.35694153606892 449.93736627697945 254.61895686388016 434.73374006152153 1032.2440703362226 38498.548230275512 263.89627718925476
leaf_count=1385 1669 2512 4508 1688 32810 2316 1920 2517 1809 1028 1748 4145 154575 1060
internal_value=3.25401e-05 1.28132e-05 -7.16068e-06 -2.21635e-05 -0.000355204 -0.000243868 -0.000466327 -0.0020739 0.000950511 -0.000620163 0.00203488 7.09281e-05 0.000118567 -0.00136464
internal_weight=53683.3 53287.6 52668.1 52325.6 11418.6 10998 9281.46 1105.97 1716.52 704.556 1011.97 40907 39610.9 1296.14
internal_count=215690 214021 211509 210124 45836 44148 37247 4437 6901 2837 4064 164288 159083 5205
is_linear=0
shrinkage=0.02


Tree=297
num_leaves=15
num_cat=0
split_feature=25 25 18 16 3 17 5 16 17 23 23 19 9 25
split_gain=4.44018 10.5544 8.16673 9.93601 10.3338 7.48594 9.17068 8.37075 6.5405 6.75464 10.3141 9.71982 8.08689 8.45728
threshold=-0.063928481191396699 -0.061511026695370667 0.10331718623638154 0.45627161860466009 0.00016529737331438812 -0.52112081646919239 3.2790539989946417e-05 -0.51669302582740773 0.39407898485660559 0.048794461414217956 -0.08728530257940291 0.034663759171962745 0.0004832395061384887 -0.17824872583150861
decision_type=10 10 2 2 8 2 8 2 2 2 2 2 10 10
left_child=2 -2 8 4 -4 -3 -7 -8 9 10 11 -1 13 -12
right_child=1 5 3 -5 -6 6 7 -9 -10 -11 12 -13 -14 -15
leaf_value=-0.00020205634524449501 0.0031581559949651139 0.0014455584582027442 -0.0011037353228001232 0.0011385331110299443 -0.0043224978413892706 -0.0030293646217127881 -0.0032825959400700142 6.9619999166514566e-05 0.0029403715357649318 -0.0021882082554904266 0.0046123300596710029 -0.0026983383744365727 -0.002212547056269454 0.0008815060133891252
leaf_weight=8789.9471038728952 426.83055594563484 1487.3761824071407 2082.1534032821655 575.90083235502243 481.26211947202682 373.64597168564796 280.57043367624283 34350.376508817077 261.49628576636314 594.59763307869434 248.37123054265976 652.01199932396412 284.59185597300529 2811.8848421275616
leaf_count=35397 1714 5998 8373 2324 1937 1501 1130 137888 1055 2391 1002 2621 1143 11291
internal_value=-1.96378e-05 0.000102978 -0.000289179 -0.00120547 -0.00173682 6.55324e-05 6.10192e-06 4.05823e-05 -7.68775e-05 -0.00014014 -4.16345e-05 -0.000379776 0.000909466 0.00121228
internal_weight=53701 36918.8 16782.2 3139.32 2563.42 36492 35004.6 34630.9 13642.9 13381.4 12786.8 9441.96 3344.85 3060.26
internal_count=215765 148231 67534 12634 10310 146517 140519 139018 54900 53845 51454 38018 13436 12293
is_linear=0
shrinkage=0.02


Tree=298
num_leaves=15
num_cat=0
split_feature=23 14 7 25 16 3 3 7 25 9 2 26 26 24
split_gain=5.82128 4.72686 3.98674 10.8865 9.75695 8.72541 11.3545 8.69813 8.50391 8.2076 7.81978 7.3761 8.04566 7.03557
threshold=0.34489683806896215 0.072599865496158614 0.0001676843021414243 -0.14608979225158689 -0.27038912475109095 9.7699710750021054e-05 0.00012586842058226469 0.0001857495590229519 -0.071650534868240343 0.00010966981426463464 0.41666667163372045 -0.12666666880249974 -0.18333333730697629 0.07655739784240724
decision_type=2 2 10 8 2 10 10 10 10 10 2 10 10 10
left_child=2 -2 3 4 9 -6 -7 13 10 -1 -5 12 -12 -4
right_child=1 -3 7 8 5 6 -8 -9 -10 -11 11 -13 -14 -15
leaf_value=-0.0031342876623847381 0.00043430680737325064 -0.0027131083243862758 -0.0005991971384415141 0.0017737174438819012 0.0030526439489805225 -0.0027913804823614698 0.0027370073757346574 4.2215209408604725e-07 0.00025861265231154308 0.00085382965239195476 -0.00072191368539746982 -0.00027375495977116111 -0.0036099671753891775 -0.0027880467026487506
leaf_weight=263.54093693196774 281.59167087078094 541.83335384726524 3064.2142147272825 414.91495893895626 1347.5894423872232 266.68472598493099 288.55266265571117 25949.943177893758 16205.978096529841 739.76372835040092 826.5765175819397 2038.7984013259411 725.04936125874519 712.24106767773628
leaf_count=1066 1135 2186 12307 1677 5440 1076 1166 104235 65070 2988 3337 8174 2912 2859
internal_value=-3.53175e-06 -0.00165199 2.27702e-05 0.000219658 0.00135983 0.00219418 7.69504e-05 -0.000130389 5.4534e-05 -0.000234525 -0.00076837 -0.00107034 -0.00210022 -0.00102453
internal_weight=53667.3 823.425 52843.8 23117.4 2906.13 1902.83 555.237 29726.4 20211.3 1003.3 4005.34 3590.42 1551.63 3776.46
internal_count=215628 3321 212307 92906 11736 7682 2242 119401 81170 4054 16100 14423 6249 15166
is_linear=0
shrinkage=0.02


Tree=299
num_leaves=15
num_cat=0
split_feature=27 25 28 27 13 25 25 17 30 17 16 11 16 11
split_gain=5.07398 14.9986 6.52708 4.5061 12.0734 5.00991 4.12036 3.74361 4.75229 6.01744 9.99232 11.3315 10.9561 10.9178
threshold=-0.34333333373069758 0.018652595579624179 1.9841560442183592e-13 0.083333335816860213 8.4625811723526581e-05 0.2932868897914887 0.10733103752136232 -0.82193881273269642 -0.42479839920997614 -0.32493519783020014 -0.18251620978116986 0.0002150071304640733 -0.31236864626407618 0.00032202200964093214
decision_type=8 10 2 8 10 10 10 2 2 2 2 10 2 10
left_child=1 -1 -2 5 -5 7 -6 -4 -9 10 12 -12 -10 -14
right_child=2 -3 3 4 6 -7 -8 8 9 -11 11 -13 13 -15
leaf_value=-0.0031947358429051343 0.0023673908316067323 0.0019671931781235965 0.0021574812103792415 0.0043542669395670074 -0.0013071031381317409 -0.0024682583750506386 0.0013995616416611098 -0.0008167221273684143 0.00081800463561904329 -5.5284170471748047e-05 -0.00038521049474924567 0.0049055236919392214 0.00023694825519938773 -0.0037380676294314998
leaf_weight=630.69381840527058 452.87918466329575 327.79630871117115 298.07154874503613 328.54186411201954 465.36509701609612 312.5654332190752 399.36347699165344 2801.1141306906939 3981.374170511961 41939.096633598208 256.71601292490959 406.2263645529747 663.50685179233551 451.02837631106377
leaf_count=2565 1827 1334 1209 1327 1875 1260 1610 11268 16012 168364 1040 1642 2672 1812
internal_value=1.7734e-06 -0.00142527 2.82308e-05 7.07939e-06 0.00121172 -2.15087e-05 -5.36856e-05 -5.48781e-06 -1.91038e-05 2.80598e-05 0.000633107 0.00290547 0.000327285 -0.00140919
internal_weight=53714.3 958.49 52755.8 52303 1193.27 51109.7 864.729 50797.1 50499.1 47697.9 5758.85 662.942 5095.91 1114.54
internal_count=215817 3899 211918 210091 4812 205279 3485 204019 202810 191542 23178 2682 20496 4484
is_linear=0
shrinkage=0.02


Tree=300
num_leaves=15
num_cat=0
split_feature=23 26 27 23 29 28 11 28 9 22 22 27 9 28
split_gain=5.27143 9.47604 8.65913 7.34889 9.45969 8.6514 6.70183 7.3014 6.19378 10.6995 8.5253 9.86412 9.28555 8.3056
threshold=-0.33430701494216913 -0.13666667044162747 -0.31000000238418574 -0.26106904447078699 5.1292940706458577e-13 6.0977422113375767e-13 0.00020508756279014054 1.0293772128092129e-12 0.0001627440578886308 -0.19444309175014493 0.083897344768047347 0.026666667312383655 0.00014179335266817364 7.3025919621223799e-13
decision_type=2 10 8 2 2 2 10 2 10 2 2 10 10 2
left_child=1 2 -1 4 -2 -6 -7 -8 9 -5 11 -11 -12 -14
right_child=3 -3 -4 8 5 6 7 -9 -10 10 12 -13 13 -15
leaf_value=-0.00047252306006515736 0.0012105215904562015 -0.0019922312695924162 0.003458475251717958 -0.0018420520034816508 -0.0052407473327263599 0.0012980512420872146 0.00030200783877652916 -0.0037912951691576467 -0.00015242267399154976 0.0006655601347172952 -0.00088093635440080365 0.0041714376946544564 0.002890972750646426 -0.00059604740756100051
leaf_weight=330.10749563574791 421.57852165400982 266.03681150078773 650.63586986064911 831.75105433166027 271.82102946937084 276.82573162019253 272.81008948385715 449.53827294707298 36121.249480932951 9490.5944717377424 2962.0606448948383 313.30277653038502 568.10152448713779 499.59736029803753
leaf_count=1349 1693 1073 2648 3345 1092 1119 1097 1815 145035 38152 11899 1255 2277 2010
internal_value=-2.43958e-05 0.00125049 0.00215234 -5.51488e-05 -0.00134374 -0.00219659 -0.00128185 -0.00227889 -1.16917e-05 0.000334668 0.000468014 0.000785862 -0.000305333 0.00127837
internal_weight=53726 1246.78 980.743 52479.2 1692.57 1271 999.174 722.348 50786.7 14665.4 13833.7 9803.9 4029.76 1067.7
internal_count=215859 5070 3997 210789 6816 5123 4031 2912 203973 58938 55593 39407 16186 4287
is_linear=0
shrinkage=0.02


Tree=301
num_leaves=15
num_cat=0
split_feature=1 5 12 20 11 28 29 29 13 7 29 7 20 30
split_gain=4.16751 4.9654 4.74742 7.29477 7.02886 10.7219 16.4896 15.5076 15.9711 13.5048 11.4538 9.14567 8.02045 9.03646
threshold=1.2635700841201471e-05 6.2332193920156001e-05 0.91666665673255932 0.28604044020175939 0.00041108390723820781 6.5603308918062163e-13 2.7272914829290511e-12 5.5723760566776813e-13 0.00011053412526962349 0.00029596236709039664 6.24385769866856e-13 0.00031757463875692343 0.15701960772275927 0.19575756788253787
decision_type=8 10 2 2 8 2 2 2 10 10 2 10 2 2
left_child=1 -1 4 -4 -2 7 12 -6 9 10 -9 -10 -7 -14
right_child=2 -3 3 -5 5 6 -8 8 11 -11 -12 -13 13 -15
leaf_value=-0.0031007105383575135 0.00034183341565901908 -5.2225612356718124e-05 -0.00033430590537393014 0.0017974675524498364 -0.00019259995868096499 0.00099066233662229927 -0.0031510104880951191 -0.0021574881967937501 -0.0078317553879789364 -0.0039116053526667407 0.0030520006628280967 -0.0023717755710012355 -0.0026083886043820202 0.0016620074270090979
leaf_weight=354.54502530395985 25466.780529037118 499.36340223252773 15863.394303068519 649.4240600168705 3513.0497398972511 4432.6087538599968 479.24599716067314 290.64645704627037 269.22483243048191 395.04433128237724 351.45158740878105 256.14554780721664 545.80302572250366 288.32502390444279
leaf_count=1428 102440 2011 63646 2610 14076 17805 1947 1164 1079 1584 1409 1029 2192 1160
internal_value=9.89327e-06 -0.00135996 3.25533e-05 -0.000248393 0.000160463 -0.000266206 0.000325098 -0.000934263 -0.00257826 -0.00109733 0.000699979 -0.00535433 0.000652129 -0.00112793
internal_weight=53655.1 853.908 52801.1 16512.8 36288.3 10821.5 5745.98 5075.56 1562.51 1037.14 642.098 525.37 5266.74 834.128
internal_count=215580 3439 212141 66256 145885 43445 23104 20341 6265 4157 2573 2108 21157 3352
is_linear=0
shrinkage=0.02


Tree=302
num_leaves=15
num_cat=0
split_feature=27 20 13 21 9 27 15 13 10 9 13 28 9 28
split_gain=7.86375 13.8353 11.3447 8.75487 8.97691 7.84962 10.0353 6.79864 6.5804 6.23509 6.16529 8.63715 7.42597 6.20059
threshold=0.026666667312383655 0.091528128832578673 7.1270693297265111e-05 0.060729712247848518 0.00026651173538994049 -1.6375789613221057e-15 0.79983168840408336 0.00010200834731222132 0.58333334326744091 0.00028145669784862554 0.00015749743033666166 1.1399844826801011e-12 0.00037595014146063482 3.605679529906578e-13
decision_type=8 2 10 2 10 10 2 10 2 10 10 2 10 2
left_child=5 3 -3 4 7 -1 -7 -2 -4 -5 11 13 -12 -10
right_child=1 2 8 9 -6 6 -8 -9 10 -11 12 -13 -14 -15
leaf_value=3.2985289540026263e-05 0.00434877277313701 0.0021176757718466667 0.0019996395788442391 0.0016605695993632517 -0.00028454117703885393 -0.0009188063120661252 0.0023585320582986077 0.00065436065216056393 -0.0034296689816482573 0.0054058881141100116 -0.0012984198184858031 -0.0036038850815415259 0.0032705248149977602 -0.00025115937765212034
leaf_weight=40433.328606456518 400.7783188521862 790.14291536808014 359.04799227416515 371.35085771977901 940.55274803936481 6045.2608135789633 379.34988443553448 394.27252079546452 260.71515379846096 373.07092474400997 252.92965792119503 462.70566336810589 282.60802383720875 1990.1097714751959
leaf_count=162572 1606 3169 1441 1488 3780 24210 1520 1580 1045 1499 1016 1858 1142 7979
internal_value=2.24625e-05 0.000652924 -2.22587e-05 0.00184094 0.00104103 -7.03221e-05 -0.000718573 0.0025777 -0.000499974 0.00362988 -0.000786745 -0.00117329 0.00114359 -0.000646293
internal_weight=53736.2 6878.28 4398.26 2480.03 1735.6 46857.9 6424.61 795.051 3608.12 744.422 3249.07 2713.53 535.538 2250.82
internal_count=215905 27603 17650 9953 6966 188302 25730 3186 14481 2987 13040 10882 2158 9024
is_linear=0
shrinkage=0.02


Tree=303
num_leaves=15
num_cat=0
split_feature=11 7 0 4 22 9 22 1 25 27 22 24 9 13
split_gain=6.5617 12.7194 12.3934 8.60719 7.78786 10.3377 8.72267 7.33408 8.43367 12.7492 10.6702 8.81465 8.69638 7.81256
threshold=0.00022635493951383981 0.00010373405530117453 0.077433113008737578 0.91666665673255932 0.15460998564958575 0.00012011934450129048 -0.19083674997091291 0.00016110686556203294 -0.23914678394794461 -0.24333333224058148 -0.19444309175014493 -0.0544963851571083 0.00019398173026274892 0.00014713653945364061
decision_type=10 10 2 2 2 8 2 10 10 8 2 10 10 8
left_child=1 2 4 -2 6 -6 -1 8 -3 11 12 -10 -11 -12
right_child=3 7 -4 -5 5 -7 -8 -9 9 10 13 -13 -14 -15
leaf_value=-0.0018873436878861971 -5.6098452847604959e-05 0.0021177718205367753 0.0040094496641038969 0.00060943677530489232 -0.003999177144513635 0.0011318298707518931 0.00088337304647553828 0.0023990949969364961 -0.00071558959481073353 -0.0011527712550680124 -0.00038280376153589064 -0.0046143593131792631 -0.0058107657363956414 -0.0036699363117974268
leaf_weight=501.99570846557617 26585.474668294191 363.38132509589195 351.26389269530773 10962.648926660419 352.22053867578506 259.4059072136879 3538.7357507497072 274.91626374423504 394.63259084522724 405.9358453899622 8578.4247044324875 573.67943578958511 259.7741319835186 279.7640600502491
leaf_count=2017 106822 1477 1460 43970 1412 1040 14211 1113 1602 1631 34440 2330 1044 1121
internal_value=-6.51007e-06 -0.000343585 0.000492619 0.000138434 0.000211065 -0.00185606 0.000531556 -0.000719702 -0.000802952 -0.000907943 -0.000681936 -0.00307206 -0.00308689 -0.000494653
internal_weight=53682.3 16134.1 5003.62 37548.1 4652.36 611.626 4040.73 11130.5 10855.6 10492.2 9523.9 968.312 665.71 8858.19
internal_count=215690 64898 20140 150792 18680 2452 16228 44758 43645 42168 38236 3932 2675 35561
is_linear=0
shrinkage=0.02


Tree=304
num_leaves=15
num_cat=0
split_feature=7 7 11 11 30 18 24 23 25 25 17 4 23 17
split_gain=4.09689 7.48532 7.1055 8.35202 11.9125 7.88622 5.70931 7.13423 6.97953 7.57487 8.72666 8.58439 6.3333 9.17972
threshold=0.00058887767954729508 0.0004345402703620494 0.00043062122131232178 0.00054799599456600856 0.16302995383739474 -0.033300969749689095 -0.046007711440324776 -0.21656684577465055 -0.13253248482942578 -0.066454764455556856 -0.49940294027328486 0.91666665673255932 0.048794461414217956 0.28894722461700445
decision_type=8 10 8 10 2 2 10 2 10 10 2 2 2 2
left_child=1 6 5 -4 -5 -3 7 -1 -8 12 11 -11 13 -10
right_child=-2 2 3 4 -6 -7 8 -9 9 10 -12 -13 -14 -15
leaf_value=-0.00048015220417770753 0.0010386175653744007 0.0033495284916227452 -0.0040152952643671145 -0.002015959554697255 0.0022004620836930363 -0.0012929801790158744 0.0016050433150024022 0.00053036705608811897 -0.0013997690199595639 0.0026788831517839864 -0.00015941577647953978 -0.00091477830097017781 -0.0036401231481934821 0.0023734544677847199
leaf_weight=3490.3096447139978 1480.8390773683786 248.56331427395344 454.16839735209942 987.80828657746315 346.81370477378368 304.70193773508072 887.8204465508461 13736.246247321367 1590.359899058938 830.34774108231068 28391.832086384296 374.79011778533459 362.74617123603821 288.35728621482849
leaf_count=14076 5987 1000 1826 3965 1393 1225 3604 55207 6393 3351 113920 1503 1456 1160
internal_value=8.3569e-06 -2.1203e-05 -0.00112137 -0.00172959 -0.000903973 0.000836833 3.08069e-05 0.000325304 -0.000124316 -0.000173516 -8.82081e-05 0.00156459 -0.00128921 -0.000801731
internal_weight=53775.7 52294.9 2342.06 1788.79 1334.62 553.265 49952.8 17226.6 32726.3 31838.4 29597 1205.14 2241.46 1878.72
internal_count=216066 210079 9409 7184 5358 2225 200670 69283 131387 127783 118774 4854 9009 7553
is_linear=0
shrinkage=0.02


Tree=305
num_leaves=15
num_cat=0
split_feature=0 11 11 26 26 7 5 18 28 3 18 28 28 13
split_gain=5.17021 7.00048 8.78633 8.0973 9.75734 9.11302 8.58984 6.12201 14.4586 6.04968 5.43403 6.38385 5.8354 6.60533
threshold=0.031422179192304618 0.00044973958574701106 0.001005771919153631 3.6082248300317595e-15 -0.058333335444331162 0.00030610196699853992 0.00011495551370899194 0.25732471048831945 6.5603308918062163e-13 6.9242880272213383e-05 -0.47767391800880427 7.7889883670460857e-13 4.2087896210719905e-13 0.00019018566672457385
decision_type=2 8 10 8 10 10 10 2 2 8 2 2 2 10
left_child=10 -2 3 4 9 -6 -5 8 -8 -3 11 -1 -12 -14
right_child=1 2 -4 6 5 -7 7 -9 -10 -11 12 -13 13 -15
leaf_value=0.0035989465695005032 0.0003660206436500232 -0.0035378648289479853 0.0016683628576524452 -0.0048058274372352675 0.0031701585578570381 -0.00080472588549714529 -0.0040791403059457169 0.00074537255738191439 0.00065800476966018195 -0.00043986655265289623 0.00030018165017262028 -0.00062291174933415839 -0.00033110645851195351 -0.0019741999975653626
leaf_weight=297.46550497412682 17518.22491940856 271.11613927781582 671.65786950290203 297.93758822977543 551.01105138659477 375.87258847057819 565.7373088747263 458.2814334332943 451.53928419947624 1948.6586410552263 5893.8054589480162 251.80025106668472 23149.049307927489 1003.1148924231529
leaf_count=1193 70744 1092 2726 1195 2211 1511 2270 1846 1816 7858 23597 1011 92693 4021
internal_value=-5.6291e-05 0.000169414 -0.000445631 -0.000739802 -0.000127658 0.0015753 -0.00181237 -0.00115177 -0.00200432 -0.000846459 -0.000226776 0.00170963 -0.000263289 -0.000400926
internal_weight=53705.3 23110 5591.81 4920.15 3146.66 926.884 1773.5 1475.56 1017.28 2219.77 30595.2 549.266 30046 24152.2
internal_count=215784 93269 22525 19799 12672 3722 7127 5932 4086 8950 122515 2204 120311 96714
is_linear=0
shrinkage=0.02


Tree=306
num_leaves=15
num_cat=0
split_feature=23 22 23 16 23 14 11 20 13 12 27 13 22 20
split_gain=6.27254 7.06922 4.83153 6.10556 6.25323 4.6535 4.21089 9.27717 9.03578 10.6278 10.2707 8.08297 6.4609 6.43068
threshold=-0.36972333490848536 -0.30993221700191492 -0.29019676148891443 -0.17505379021167752 -0.33430701494216913 0.015840352512896064 0.00045310180576052522 0.095591202378273024 0.00015532915131188932 0.91666665673255932 -1.2490009027033009e-15 9.7679949249140932e-05 0.063050985336303725 0.067023359239101424
decision_type=2 2 2 2 2 2 10 2 10 2 8 10 2 2
left_child=1 -1 3 4 -2 -5 -4 13 10 -10 11 12 -9 -8
right_child=2 -3 6 5 -6 -7 7 8 9 -11 -12 -13 -14 -15
leaf_value=-0.00043605082626344319 0.00021096616733920278 0.0032428443875911084 9.7452503903324247e-05 0.0022892619593078501 -0.0035679662920915338 -0.0013868207304247827 -0.00015771686364691166 -0.0036002846012718284 -0.0014090991423370276 0.0037909549284547458 -0.0025636124585096025 0.0027977788362471157 0.00029765205016974464 0.0016936674942916775
leaf_weight=354.51963064074516 256.93763862550259 474.32540242373943 38704.882230043411 253.11242619156837 516.27784875035286 259.06644673645496 8568.820245206356 250.52353984117508 326.00303399562836 270.5238938331604 1827.2611045539379 269.9765657633543 450.79399345815182 802.3024517595768
leaf_count=1432 1038 1949 155494 1022 2079 1045 34388 1005 1313 1093 7329 1085 1810 3219
internal_value=-9.50509e-06 0.00169608 -3.69338e-05 -0.00123854 -0.00233858 0.000447614 -6.45642e-06 -0.00032115 -0.00121355 0.000995594 -0.00168817 -2.27366e-05 -0.00115598 4.05757e-06
internal_weight=53585.3 828.845 52756.5 1285.39 773.215 512.179 51471.1 12766.2 3395.08 596.527 2798.56 971.294 701.318 9371.12
internal_count=215301 3381 211920 5184 3117 2067 206736 51242 13635 2406 11229 3900 2815 37607
is_linear=0
shrinkage=0.02


Tree=307
num_leaves=15
num_cat=0
split_feature=22 18 11 22 20 22 23 8 6 25 19 22 18 19
split_gain=4.20859 11.1297 7.36739 4.78881 7.36982 8.46476 7.271 12.9072 11.0395 7.41496 7.13204 8.86178 6.72778 6.48516
threshold=0.21616266667842868 0.20215824991464618 0.00030071919900365179 -0.032588509842753403 -0.19786472618579862 -0.020314217545092102 -0.054585015401244157 0.58333334326744091 0.91666665673255932 0.018652595579624179 -0.16560314595699308 -0.045211464166641228 0.5150514841079713 -0.44511057436466211
decision_type=2 2 8 2 2 2 2 2 2 10 2 2 2 2
left_child=3 2 -2 6 -5 -6 10 -8 -9 -10 -1 -12 13 -7
right_child=1 -3 -4 4 5 12 7 8 9 -11 11 -13 -14 -15
leaf_value=0.00032139290062623737 0.00078191142724000557 -0.00025049441732710639 0.0041773387564686673 -0.0034398046700709305 -0.0015552541466501493 0.002324095816879793 -0.0011120221840491306 0.001922211511308568 0.00085936580290450597 -0.0023425313549378726 -0.00064096451296242335 0.0020572639808850734 0.0022546486706740412 -0.00023697951838984744
leaf_weight=8636.9441275298595 582.29685725271702 1865.7061668932438 452.42986200749874 272.43029482662678 1827.3947091549635 381.94792823493481 1143.1617596894503 2968.7652928829193 752.2896059602499 443.18342268466949 8367.9716782867908 497.61182197928429 435.92087090015411 25063.547196507454
leaf_count=34786 2341 7507 1818 1097 7337 1548 4605 11941 3017 1777 33604 1998 1757 100599
internal_value=-6.3081e-05 0.000675271 0.00231761 -0.000105494 -0.000280747 -0.000247228 0.000109549 0.000756511 0.00127232 -0.000346649 -8.72732e-05 -0.000485227 -0.000153744 -0.000196742
internal_weight=53691.6 2900.43 1034.73 50791.2 27981.2 27708.8 22809.9 5307.4 4164.24 1195.47 17502.5 8865.58 25881.4 25445.5
internal_count=215732 11666 4159 204066 112338 111241 91728 21340 16735 4794 70388 35602 103904 102147
is_linear=0
shrinkage=0.02


Tree=308
num_leaves=15
num_cat=0
split_feature=24 0 13 16 0 4 16 9 0 13 9 23 24 13
split_gain=7.79823 6.22785 5.94689 4.94903 6.67193 4.66075 8.35243 8.67796 8.07717 7.26418 8.60782 9.98675 11.7849 19.5025
threshold=-0.25496472418308253 0.10855389758944513 0.00027394181233830755 0.12909103184938434 0.026864585466682914 0.91666665673255932 -0.14802583307027814 0.00015749962767586115 0.038933390751481063 0.00016234647773671898 0.00034076666634064173 0.23005677014589312 0.12698890268802646 6.2947030528448536e-05
decision_type=8 2 10 2 2 2 2 10 2 8 10 2 10 10
left_child=-1 2 5 4 -4 9 7 8 -7 10 11 -2 -13 -14
right_child=1 -3 3 -5 -6 6 -8 -9 -10 -11 -12 12 13 -15
leaf_value=-0.0026055530597892565 0.00014136544210326726 0.0025244759533417363 -0.00058703622473755624 0.00071265231240229341 -0.0047965950188219812 -0.00064705909346527172 0.00073141026170990878 0.00018625375379307057 -0.0042179984930991237 0.0012155848987645743 -0.00073933572797287646 -0.0026159149976159603 0.0030851200778091339 -0.0030999428423535438
leaf_weight=422.82216303050518 27335.027149289846 386.87731382250786 329.77794326841831 251.82604402303696 267.53104183077812 819.47892080247402 9225.957121565938 3701.4612445831299 352.94931662082672 1718.2222380787134 6955.8434425294399 1147.5328433811665 470.44507139921188 329.46322511136532
leaf_count=1698 109859 1634 1322 1015 1081 3282 36993 14847 1422 6911 27933 4615 1891 1323
internal_value=3.7594e-05 5.95344e-05 4.05621e-05 -0.00160019 -0.00256679 6.79301e-05 0.000378151 -0.000290803 -0.00177478 -4.74472e-05 -0.000107971 4.24079e-05 -0.00133392 0.000524163
internal_weight=53715.2 53292.4 52905.5 849.135 597.309 52056.4 14099.8 4873.89 1172.43 37956.5 36238.3 29282.5 1947.44 799.908
internal_count=215826 214128 212494 3418 2403 209076 56544 19551 4704 152532 145621 117688 7829 3214
is_linear=0
shrinkage=0.02


Tree=309
num_leaves=15
num_cat=0
split_feature=6 5 28 17 3 9 5 22 23 11 23 23 17 3
split_gain=4.6013 10.2906 6.50437 5.55694 5.25574 4.64058 4.55516 3.98966 11.7961 9.06167 5.16182 8.14065 5.56871 3.36238
threshold=0.41666667163372045 8.1613998190732686e-05 6.3771782451114988e-13 -0.016144635155797001 0.0001065920587279834 0.00034614230389706796 0.00015243184316204864 -0.30993221700191492 -0.36972333490848536 0.00027639325708150869 -0.29019676148891443 -0.33430701494216913 -0.20938622951507566 2.6435709514771592e-05
decision_type=2 10 2 2 10 8 10 2 2 10 2 2 2 10
left_child=1 3 4 -1 -3 6 -4 9 -9 -2 11 -10 -13 -12
right_child=7 2 5 -5 -6 -7 -8 8 10 -11 13 12 -14 -15
leaf_value=0.0036162249914386767 -0.0032824789001512705 -0.00094460488317462668 8.6758788962771753e-05 -0.00037083209389766783 -0.0041826631831287705 0.0016551810128042123 -0.002784481281775923 0.0032917212820902098 0.0013511557577385272 0.00093821571749262331 0.0013896237805714376 -0.0039823176955286798 -0.00028955539811376579 3.9281745589732138e-05
leaf_weight=253.8789925724268 423.10633586347103 365.00828053057194 482.43990775942802 278.8156495988369 468.5855275541544 280.58919279277325 386.05713760852814 427.79389433562756 288.22806161642075 363.19800537824631 729.06483885645866 410.9191475212574 268.44909097254276 48324.117708936334
leaf_count=1025 1706 1465 1948 1123 1881 1133 1561 1759 1167 1462 2935 1656 1082 194065
internal_value=-3.37207e-06 -0.000835068 -0.0014964 0.00159147 -0.00282016 -0.000504272 -0.00122349 3.77699e-05 6.00544e-05 -0.001358 3.11115e-05 -0.00140049 -0.00257315 5.99097e-05
internal_weight=53750.3 2515.37 1982.68 532.695 833.594 1149.09 868.497 51234.9 50448.6 786.304 50020.8 967.596 679.368 49053.2
internal_count=215968 10136 7988 2148 3346 4642 3509 205832 202664 3168 200905 3905 2738 197000
is_linear=0
shrinkage=0.02


Tree=310
num_leaves=15
num_cat=0
split_feature=20 19 19 22 0 7 3 25 17 29 19 4 17 29
split_gain=5.49346 9.03524 8.52582 7.33993 9.77075 13.0651 9.03279 7.17318 7.38663 6.16324 6.09618 8.3851 8.86221 7.14875
threshold=-0.071834150701761232 0.2038979306817055 0.16061671078205111 -0.039556225761771195 0.021642304025590423 0.00020247099018888551 0.000156222922669258 0.039172818884253509 -0.35182398557662958 5.5481641958628213e-13 -0.055497683584690087 0.75000000000000011 0.081425867974758162 6.2149105848653695e-13
decision_type=2 2 2 2 2 10 8 10 2 2 2 2 2 2
left_child=1 2 3 10 5 9 -7 8 -6 -5 -1 -12 13 -13
right_child=-2 -3 -4 4 7 6 -8 -9 -10 -11 11 12 -14 -15
leaf_value=0.00010896373218566271 0.00014733870208832897 0.0019316127156234089 -0.0034140222929283769 -0.0003877477037504567 -0.0039004983395483257 -0.0039564006159428702 0.00079322191033630416 -0.0041128441311551267 -0.00043338631057139354 0.0031392820615424224 -0.0019340672424765768 -0.0026983731048188502 0.0019036854270274956 0.00069615829473535092
leaf_weight=11300.830003321171 34987.132258445024 693.21391867101192 339.48824042081833 321.3437675088644 309.87678971886635 372.82877704501152 260.75378547608852 505.79348845779896 988.89482823014259 480.81225523352623 1530.8333169221878 499.14958003163338 646.6634958833456 462.80506151914597
leaf_count=45475 140516 2793 1364 1286 1251 1492 1044 2036 3979 1925 6153 2000 2594 1858
internal_value=-5.82932e-07 -0.000277005 -0.000364016 -0.000301661 -0.00115881 7.4428e-05 -0.00203721 -0.00213006 -0.00130722 0.00175129 -0.000107985 -0.000884663 0.000125485 -0.00108432
internal_weight=53700.4 18713.3 18020.1 17680.6 3240.3 1435.74 633.583 1804.57 1298.77 802.156 14440.3 3139.45 1608.62 961.955
internal_count=215766 75250 72457 71093 13013 5747 2536 7266 5230 3211 58080 12605 6452 3858
is_linear=0
shrinkage=0.02


Tree=311
num_leaves=15
num_cat=0
split_feature=9 2 0 9 27 26 9 26 18 31 0 12 20 1
split_gain=3.88466 8.0187 5.45462 4.40604 10.0332 15.1353 10.515 7.42064 8.61859 7.09347 7.14991 6.95383 7.42066 6.95802
threshold=7.3162358603440239e-05 0.58333334326744091 0.029596663080155853 0.00034076666634064173 0.026666667312383655 2.7755575615628918e-16 0.00034614230389706796 -0.3183333277702331 0.095386531203985228 1.0000000180025095e-35 0.036728642880916602 0.75000000000000011 0.077986340969800963 8.9305776782566695e-05
decision_type=8 2 2 10 8 10 10 10 2 2 2 2 2 10
left_child=1 2 -1 -2 5 6 -5 -8 -9 10 -7 -6 -13 -14
right_child=3 -3 -4 4 11 9 7 8 -10 -11 -12 12 13 -15
leaf_value=-0.0012262285974522489 9.5212968147547722e-05 -0.0021456793438739841 0.0026492343078987142 -0.0039205749928572231 0.002386242743023351 -0.0014732290210503981 -0.0029697159458383355 1.1070868108402055e-05 0.00247475189919191 -0.0024929523036611419 0.0016369806577726624 0.0019747107941563784 -0.0022959521849628562 0.00066391690744956966
leaf_weight=254.75160616636276 40105.275576919317 935.42328630387783 292.63072335720062 248.09681266546249 735.52462173998356 1074.831371113658 274.22230766713619 5060.3464257419109 619.80776642262936 1934.7421944588423 386.59429220855236 557.14672286808491 591.6918708384037 646.67544075846672
leaf_count=1021 161140 3759 1188 997 2958 4304 1115 20324 2498 7757 1555 2240 2374 2607
internal_value=-3.46715e-05 -0.0010372 0.000865948 -5.82641e-06 -0.000339507 -0.000634775 -4.58405e-05 0.00012819 0.000287643 -0.00170379 -0.000639486 0.000776454 9.79886e-05 -0.000764322
internal_weight=53717.8 1482.81 547.382 52235 12129.7 9598.64 6202.47 5954.38 5680.15 3396.17 1461.43 2531.04 1795.51 1238.37
internal_count=215837 5968 2209 209869 48729 38550 24934 23937 22822 13616 5859 10179 7221 4981
is_linear=0
shrinkage=0.02


Tree=312
num_leaves=15
num_cat=0
split_feature=9 13 14 9 16 9 22 24 29 21 1 13 14 27
split_gain=5.35224 6.69779 4.86385 9.07854 8.89104 8.60999 8.38877 8.04028 8.49511 7.00407 6.67843 8.96806 7.02692 6.94067
threshold=0.0010840049362741413 0.00027394181233830755 -0.27585932612419123 0.00021346662833821031 -0.63702359795570362 0.00020070495520485568 -0.21394959837198255 0.040484376251697547 5.2404350932462606e-13 -0.11965278163552283 6.6432534367777421e-05 0.00011193597674719059 -0.72347471117973317 -0.18277777731418607
decision_type=8 10 2 10 2 10 2 10 2 2 10 10 2 10
left_child=1 2 3 5 -5 7 -6 -1 -9 -10 -8 13 -13 -12
right_child=-2 -3 -4 4 6 -7 10 8 9 -11 11 12 -14 -15
leaf_value=-0.00037584114643129197 0.0021580083309033892 -0.0019228867005950494 -0.00014725790560648569 -0.0020723773056680783 0.0028351675058515928 -0.0022316854368585799 0.0013136552205851438 -0.00093214484779727117 0.0046472564264612055 0.0011740491557485667 0.002048175212041742 -0.0011860011545004703 0.00205522177648479 -0.0010264789873547257
leaf_weight=5739.1974332481623 426.21800504624844 726.34286198019981 35695.384650617838 413.95049965381622 766.9208767414093 740.86297389864922 3351.7812555581331 561.32472071051598 285.31647016108036 1070.5726707577705 319.66557702422142 331.94236116111279 1155.5637896806002 2194.1790124475956
leaf_count=23094 1734 2917 143363 1672 3089 2978 13452 2251 1153 4302 1303 1334 4640 8801
internal_value=-2.33106e-05 -4.15385e-05 -1.48519e-05 0.000264138 0.000722776 -0.000202579 0.000870011 -9.31732e-07 0.00111366 0.00196184 0.000657914 0.000104822 0.00132579 -0.000622419
internal_weight=53779.2 53353 52626.7 16931.3 8534 8397.27 8120.05 7656.41 1917.21 1355.89 7353.13 4001.35 1487.51 2513.84
internal_count=216083 214349 211432 68069 34291 33778 32619 30800 7706 5455 29530 16078 5974 10104
is_linear=0
shrinkage=0.02


Tree=313
num_leaves=15
num_cat=0
split_feature=25 11 24 22 24 7 11 23 28 28 14 23 22 9
split_gain=5.27353 13.9354 12.0403 10.6333 13.6036 9.98782 11.2955 10.2815 11.6684 9.84377 9.47193 8.8963 7.14613 8.71431
threshold=0.080574758350849165 0.00022074429580243307 -0.017623614519834515 0.12087173014879228 0.096269365400075926 0.00017644763283897194 0.00046751063200645154 0.042493680492043502 8.1576176477922434e-13 4.3159403731018319e-13 0.20566894114017489 0.094869066029787077 0.12087173014879228 0.00014179335266817364
decision_type=8 8 10 2 10 8 10 2 2 2 2 2 2 10
left_child=12 -2 -3 5 -5 11 10 -8 -9 -6 -7 -4 -1 -14
right_child=1 2 3 4 9 6 7 8 -10 -11 -12 -13 13 -15
leaf_value=5.1276410398294072e-05 -0.00065226982635577507 0.0046318026933227134 7.8301447175368886e-05 0.0037524471775721752 0.0034259665601484553 -0.0032243251661262452 0.0035754136450711887 0.0013586734226643843 -0.003846724680264296 0.00024124388491762931 0.00015826969478517468 0.0032492017513017324 -0.0023905826788835857 -0.00030583776098368692
leaf_weight=38333.629980653524 3178.1661997437477 315.19580386579037 902.95777522027493 832.80989602208138 456.35226966440678 844.99424888193607 337.07488422095776 446.52051581442356 253.69135175645351 2118.1071706116199 533.597924888134 563.1442204862833 1025.7556760311127 3474.3564217090607
leaf_count=154017 12780 1276 3623 3348 1833 3393 1352 1791 1023 8515 2144 2262 4122 13952
internal_value=6.2191e-05 0.000457087 0.000921221 0.000748536 0.0015604 3.16099e-05 -0.000756885 0.00081125 -0.000581726 0.00082783 -0.00193152 0.00132361 -3.73838e-05 -0.00078951
internal_weight=53616.4 10782.6 7604.45 7289.25 3407.27 3881.98 2415.88 1037.29 700.212 2574.46 1378.59 1466.1 42833.7 4500.11
internal_count=215431 43340 30560 29284 13696 15588 9703 4166 2814 10348 5537 5885 172091 18074
is_linear=0
shrinkage=0.02


Tree=314
num_leaves=15
num_cat=0
split_feature=3 13 10 3 22 19 13 2 19 20 11 27 11 13
split_gain=4.60226 11.9018 8.68114 7.83577 6.41301 11.2924 7.1075 5.96731 9.02793 8.13965 8.6182 7.70894 5.77241 7.95679
threshold=0.00018964760965900498 0.00027394181233830755 0.91666665673255932 0.00020020853116875517 -0.19444309175014493 0.0099172065965831297 0.00020615132234524938 0.41666667163372045 -0.20784386247396466 -0.24808122962713239 0.00025659141829237347 -0.21666666120290753 0.0005082850402686746 0.00014216658018995079
decision_type=8 10 2 10 2 2 8 2 2 2 10 10 10 10
left_child=1 4 12 -4 5 7 -6 -1 9 11 -11 -9 -2 -14
right_child=2 -3 3 -5 6 -7 -8 8 -10 10 -12 -13 13 -15
leaf_value=0.0019807122884953825 0.00053048693112285269 -0.0038068728876495873 0.0040826805604512201 0.00091323906878703633 -2.2984619498561979e-05 -0.0036030584382101072 0.0023854052319029271 0.0018596577142603122 0.00076989049745947852 -0.005433301935572927 -0.0010598541877310363 -0.001463373373699959 -0.0015773956522233258 0.00088825712467367301
leaf_weight=351.16676798462868 3067.1237190365791 323.19908927381039 344.79485708475113 2321.35450309515 40787.007218301296 493.29406805336475 476.10230226814747 370.29588025808334 1080.7289438843727 331.38237355649471 395.18406118452549 967.64457874000072 1594.3550270199776 759.14176492393017
leaf_count=1422 12366 1297 1384 9340 163794 1982 1911 1498 4340 1334 1588 3889 6410 3063
internal_value=-1.83615e-05 -9.64237e-05 0.000420739 0.00135047 -6.82533e-05 -0.000831856 5.94605e-06 -0.000422609 -0.00070176 -0.00147214 -0.00314667 -0.000529829 -3.98336e-05 -0.000781294
internal_weight=53662.8 45576 8086.77 2666.15 45252.8 3989.7 41263.1 3496.4 3145.24 2064.51 726.566 1337.94 5420.62 2353.5
internal_count=215618 183055 32563 10724 181758 16053 165705 14071 12649 8309 2922 5387 21839 9473
is_linear=0
shrinkage=0.02


Tree=315
num_leaves=15
num_cat=0
split_feature=24 25 11 1 11 0 22 22 30 22 23 30 21 8
split_gain=6.50657 6.38055 10.0357 8.82128 5.27291 9.43721 9.14112 12.7628 13.4995 9.13909 9.07954 13.8354 10.79 8.63118
threshold=-0.25496472418308253 -0.26008790731430048 0.00031302793649956589 4.5025200961390517e-05 0.00022074429580243307 0.085550121963024153 0.13189949095249179 0.21616266667842868 0.14723192155361178 0.064567271620035185 -0.23402605950832364 -0.14136140048503873 -0.31141000986099238 0.75000000000000011
decision_type=8 10 10 8 10 2 2 2 2 2 2 2 2 2
left_child=-1 2 3 -2 5 6 10 -8 -9 -6 11 -3 -12 -11
right_child=1 4 -4 -5 9 -7 7 8 -10 13 12 -13 -14 -15
leaf_value=-0.0024227605788137109 0.00047695801551952028 -0.0051503132868912253 -0.0013536376298514286 0.0056112359229805679 -8.9224398585982753e-05 0.002036628983831011 -0.0026532922785612654 0.001955077130895792 -0.003319662065864969 0.0012615389194247056 0.0034287907266589636 -0.0003118417012512747 -0.00014880409188483066 0.000136114654378458
leaf_weight=421.04697845876217 247.33884382247925 341.54404675960541 262.62909138202667 282.50709569454193 26388.018848285079 624.96084426343441 1522.3154024481773 618.98130516707897 258.92856284976006 4547.4859294444323 328.48663654923439 691.07565850019455 10401.282487377524 6774.0837266594172
leaf_count=1691 1008 1378 1071 1157 105957 2607 6103 2483 1039 18279 1323 2782 41751 27183
internal_value=-3.54719e-06 1.6469e-05 0.00177528 0.00331902 -1.07472e-05 -0.000330575 -0.000437758 -0.00155725 0.000360069 0.00011478 -0.000207059 -0.00197964 -3.31023e-05 0.000589586
internal_weight=53710.7 53289.6 792.475 529.846 52497.2 14787.6 14162.6 2400.23 877.91 37709.6 11762.4 1032.62 10729.8 11321.6
internal_count=215812 214121 3236 2165 210885 59466 56859 9625 3522 151419 47234 4160 43074 45462
is_linear=0
shrinkage=0.02


Tree=316
num_leaves=15
num_cat=0
split_feature=27 13 13 13 24 13 29 20 23 13 13 7 23 27
split_gain=4.47491 5.97396 4.2381 7.465 13.8947 7.9166 7.4193 6.79293 10.6144 21.3341 9.36017 8.86744 8.69548 6.56106
threshold=0.094444446265697493 8.5502822912530987e-05 2.6147035896428864e-05 3.3007851016009233e-05 0.10531461238861085 4.5407923607854179e-05 1.8694473052915943e-12 -0.17111720144748685 0.013302959967404606 4.2542798837530433e-05 3.954232306568884e-05 0.00010677926911739634 0.051988516002893455 -0.28388889133930201
decision_type=8 10 10 10 10 10 2 2 2 10 10 10 2 10
left_child=2 -2 -1 4 13 6 7 11 9 10 -9 -5 -10 -4
right_child=1 -3 3 5 -6 -7 -8 8 12 -11 -12 -13 -14 -15
leaf_value=0.001582204749897459 0.0039469509010782175 0.00030404591206236337 -0.0031698197558421327 0.0018560917081478915 -0.0052938252213402164 -6.0396108786875141e-05 0.003233976381567642 0.0020238713896371151 -0.0029519050536043661 0.0057554227648322865 -0.0016286886404753493 -0.0026192400304982134 0.00053726603928461983 0.00033877674012968047
leaf_weight=646.93581674993038 246.29522399604321 567.75512520968914 254.46877509355545 248.23798088729382 276.46251539885998 46136.65064150095 435.13826124370098 716.59347319602966 332.014668405056 438.35755094885826 434.95140840113163 512.49099673330784 1497.218819513917 941.34948988258839
leaf_count=2611 998 2293 1031 1002 1113 185263 1772 2891 1336 1766 1754 2066 6021 3792
internal_value=2.0901e-05 0.00147444 -2.02822e-06 -2.22515e-05 -0.00141646 1.87359e-05 0.000806673 0.000539786 0.000919962 0.00210437 0.000640006 -0.00114873 -0.000121112 -0.00044771
internal_weight=53684.9 814.05 52870.9 52223.9 1472.28 50751.7 4615 4179.86 3419.14 1589.9 1151.54 760.729 1829.23 1195.82
internal_count=215709 3291 212418 209807 5936 203871 18608 16836 13768 6411 4645 3068 7357 4823
is_linear=0
shrinkage=0.02


Tree=317
num_leaves=15
num_cat=0
split_feature=7 22 29 22 3 19 7 2 29 29 11 29 0 3
split_gain=6.04521 9.76188 4.4224 3.38218 8.42531 7.82635 8.50477 9.03716 5.59481 7.31547 5.89719 8.64416 5.1882 5.7236
threshold=0.00058887767954729508 0.094109661877155318 2.4668688044984099e-13 -0.20163759589195249 0.00019166617857990789 0.0099172065965831297 7.7014963608235134e-05 0.41666667163372045 6.9021017742344769e-13 9.123664280671908e-13 0.00025965494569391018 5.2404350932462606e-13 0.056310394778847701 9.8249085567658781e-05
decision_type=8 2 2 2 10 2 10 2 2 2 10 2 2 10
left_child=2 -2 -1 4 5 6 -4 -8 10 -10 -9 -12 13 -11
right_child=1 -3 3 -5 -6 -7 7 8 9 12 11 -13 -14 -15
leaf_value=0.0019612174214796228 0.00034934677927013263 0.0041364310834863397 -0.0036667664469607611 1.364265670707521e-05 0.0018543780566007357 -0.0033658853306613046 0.0030878140681132003 -0.0029558257181146446 0.0027700188273196307 -0.001379068993165733 0.0015771326587677614 -0.0026282662115522308 -0.0026700635477949412 0.002330876950630474
leaf_weight=428.29240420460701 1118.8071595281363 341.6999808549881 297.64070627093315 47688.083755671978 480.35357567667961 437.12160722911358 277.67995166778564 583.68144772946835 342.87873031198978 317.82417805492878 421.49471786618233 331.20727960765362 294.97403675317764 308.87027807533741
leaf_count=1729 4519 1387 1199 191537 1939 1756 1125 2343 1379 1276 1691 1329 1201 1241
internal_value=1.90247e-05 0.00127928 -1.67057e-05 -3.38161e-05 -0.000584045 -0.000916627 -0.000560603 -0.00021635 -0.000589979 0.000361881 -0.00148273 -0.000293477 -0.000573798 0.000464939
internal_weight=53670.6 1460.51 52210.1 51781.8 4093.73 3613.37 3176.25 2878.61 2600.93 1264.55 1336.38 752.702 921.668 626.694
internal_count=215651 5906 209745 208016 16479 14540 12784 11585 10460 5097 5363 3020 3718 2517
is_linear=0
shrinkage=0.02


Tree=318
num_leaves=15
num_cat=0
split_feature=24 7 7 18 16 24 9 28 0 23 26 24 28 28
split_gain=5.64683 8.13567 6.86565 5.30369 8.92187 4.62463 7.33922 6.42517 4.61452 8.31456 7.43345 6.46783 8.21042 7.53748
threshold=-0.17711907625198361 0.00012482627789722758 9.3383339844876914e-05 -0.071222763508558259 -0.23588843643665311 -0.15812543779611585 0.00014499537064693871 5.344619061556367e-13 0.053288420662283904 0.32737322151660925 -0.26000000536441797 0.0040658223442733296 1.6954848441018413e-12 8.0286932701081902e-13
decision_type=8 10 10 2 2 10 8 2 2 2 10 10 2 2
left_child=1 2 -1 4 -3 6 -2 -8 -7 10 -10 -12 13 -13
right_child=5 3 -4 -5 -6 8 7 -9 9 -11 11 12 -14 -15
leaf_value=-0.001151557909291798 -0.0015770520199319652 -0.0023995338440504299 0.0027614853071867241 -0.0036579735923412517 0.0010156113755614067 -0.00012425238227796207 -0.00038864595197974944 0.0033943429513762437 0.0019779654587056788 -0.0024885024547431256 -0.00033878627757990854 0.00057243774385153828 -0.00087125804610526021 0.0027421944996316619
leaf_weight=342.37985827028751 256.24871826171875 761.02165220677853 338.45030482113361 418.23425561189651 488.31723968684673 41769.71436855197 256.76554767787457 549.45930391550064 1172.9961258322001 365.60539835691452 3505.2672759592533 1714.2260761409998 819.08943399786949 1016.1382628828287
leaf_count=1380 1033 3064 1364 1682 1965 167412 1031 2216 4865 1487 14205 6914 3333 4117
internal_value=-5.35805e-05 -0.00100841 0.000816965 -0.00175452 -0.00106972 -9.60191e-06 0.00128384 0.0022093 -3.73874e-05 0.000384147 0.00051752 0.000269785 0.000869311 0.00139401
internal_weight=53773.9 2348.4 680.83 1667.57 1249.34 51425.5 1062.47 806.225 50363 8593.32 8227.72 7054.72 3549.45 2730.36
internal_count=216068 9455 2744 6711 5029 206613 4280 3247 202333 34921 33434 28569 14364 11031
is_linear=0
shrinkage=0.02


Tree=319
num_leaves=15
num_cat=0
split_feature=20 25 11 29 0 26 11 29 29 25 2 5 16 20
split_gain=4.85669 8.77515 11.3465 9.95619 8.85868 9.81088 11.5253 8.64644 9.88245 7.71824 12.5534 7.45073 7.30454 11.5496
threshold=0.097609050571918501 0.10131099447607995 0.00044643049477599567 3.9066138019829005e-13 0.04467704892158509 -0.058333335444331162 0.00053230012417770933 7.7890076116346473e-13 9.0288334534532898e-13 0.053949335590004928 0.58333334326744091 0.00012191696805530229 0.33333708345890051 0.2325413599610329
decision_type=2 10 8 2 2 10 10 2 2 10 2 10 2 2
left_child=-1 2 7 -3 12 -6 -7 -2 -9 10 -10 -11 13 -5
right_child=1 3 -4 4 5 6 -8 8 9 11 -12 -13 -14 -15
leaf_value=7.5466595853744463e-05 0.00025485559090781997 0.0033286755974711074 -0.0019328724769905107 -0.00097016696247831228 0.0033200791154020066 -0.00114231782402731 0.0035292059276241313 -0.0036719108752291418 -0.0032549140950875262 0.0036045840803192231 2.276337739740359e-05 -0.00087855782134820687 -0.0021893318774092842 0.0024788028766334186
leaf_weight=39482.20591583848 4349.835610806942 391.81955489516258 2256.4204149842262 1268.4719670861959 558.98602232336998 789.26463593542576 265.88288675248623 491.4836340546608 726.59122540056705 281.6896645128727 1249.1575511693954 279.20956815779209 817.29120872914791 535.96050672233105
leaf_count=158654 17440 1574 9053 5081 2275 3178 1075 1974 2941 1134 5023 1125 3276 2148
internal_value=-3.88253e-05 -0.000354887 -0.00069824 0.000359872 7.09039e-05 0.00122804 7.85959e-05 -0.000316445 -0.00113339 -0.00061667 -0.00120316 0.00141951 -0.000645421 7.02046e-05
internal_weight=53744.3 14262.1 9634.39 4627.68 4235.86 1614.13 1055.15 7377.97 3028.13 2536.65 1975.75 560.899 2621.72 1804.43
internal_count=215951 57297 38690 18607 17033 6528 4253 29637 12197 10223 7964 2259 10505 7229
is_linear=0
shrinkage=0.02


Tree=320
num_leaves=15
num_cat=0
split_feature=29 25 25 25 23 22 20 13 13 13 1 24 13 29
split_gain=4.95387 11.7069 13.5759 9.40221 8.84255 8.50535 7.78864 13.601 13.8049 7.72992 7.65667 8.88293 8.06758 7.54407
threshold=3.9345409525923252e-13 0.094098504632711424 -0.013036913704127072 0.16614536941051486 -0.23402605950832364 0.099485363811254515 0.057850331068038947 0.00011125317905680278 7.1270693297265111e-05 8.9022400061367093e-05 4.7837960664764985e-05 -0.095442857593297944 9.8203538072993992e-05 3.2796404210010821e-13
decision_type=2 10 10 10 2 2 2 10 10 10 10 10 10 2
left_child=1 2 4 5 -1 -3 7 8 -4 -8 11 -6 13 -12
right_child=-2 3 6 -5 10 -7 9 -9 -10 -11 12 -13 -14 -15
leaf_value=-0.0028966044177808391 8.5615676596178145e-05 0.00052864780958741093 -0.0024090907675389231 -0.0013096853129135721 -0.00094958873697490332 0.0056684431664111466 0.001001621061469357 0.00026034129567085773 -0.00795434491217668 -0.0029043773688567139 -0.0040918752828357748 0.0032796061946447574 0.0012624192519207313 -0.00023537486401801038
leaf_weight=351.41941510140896 48385.555532813072 249.87477254867554 468.83984799683094 262.66688705980778 285.92177754640579 256.08261993527412 447.95570410788059 300.3267642557621 300.90564893186092 339.5025672763586 309.62360568344593 579.63264420628548 612.76255820691586 534.62705166637897
leaf_count=1417 194449 1002 1881 1056 1148 1028 1796 1203 1205 1360 1245 2326 2457 2144
internal_value=2.19551e-05 -0.000557346 -0.000945308 0.00169589 -2.98102e-05 0.0032467 -0.00224885 -0.00334552 -0.00472336 -0.000712627 0.000424981 0.00189267 -0.000460735 -0.00171168
internal_weight=53685.7 5300.14 4531.52 768.624 2673.99 505.957 1857.53 1070.07 769.745 787.458 2322.57 865.554 1457.01 844.251
internal_count=215717 21268 18182 3086 10737 2030 7445 4289 3086 3156 9320 3474 5846 3389
is_linear=0
shrinkage=0.02


Tree=321
num_leaves=15
num_cat=0
split_feature=16 17 13 29 30 23 27 12 14 7 7 5 26 7
split_gain=4.7245 8.60695 7.16395 8.56344 13.7122 8.45088 16.6419 9.04973 8.32645 7.72455 10.05 11.7746 8.20371 7.1216
threshold=-0.17883468419313428 -0.35182398557662958 9.8757558589568375e-05 2.5991841057920743e-12 0.23605518788099292 -0.05930082127451896 -0.027777778916060921 0.75000000000000011 -1.0000000180025095e-35 0.00012658217019634324 0.00021451734210131693 0.00013747468619840222 0.050000002607703216 0.00035178489633835858
decision_type=2 2 8 2 2 2 8 2 2 10 10 10 8 10
left_child=-1 -2 3 -3 -5 9 7 8 -7 -4 11 -11 13 -12
right_child=1 2 5 4 -6 6 -8 -9 -10 10 12 -13 -14 -15
leaf_value=-0.0002966258100149527 0.0024246125290381961 -0.00018978928052853017 0.0020691306215134832 0.0033389781805070176 -0.0014467010552490671 0.0034547087098594359 0.00038529121516198437 0.0038322633482184604 -0.00098617878593103411 -0.004202148125196239 0.00064023388440514974 -7.382309605319555e-05 0.0029692434624374628 -0.0020103505988485495
leaf_weight=15466.946924909949 615.98985792696476 24324.17734067142 437.52175039052963 659.69416040182114 355.48184907436371 260.09578682482243 7209.7335669100285 965.22704710066319 409.24734143912792 561.59931226074696 981.68696616590023 527.92236582934856 320.21054001152515 662.74026907980442
leaf_count=62205 2498 97683 1756 2675 1448 1045 28918 3877 1647 2252 3939 2118 1284 2666
internal_value=-1.84203e-06 0.000117322 7.83317e-05 -0.000114119 0.00166761 0.00047319 0.00080159 0.00261094 0.000789643 -0.000358463 -0.000717426 -0.00223918 0.000140547 -0.00043933
internal_weight=53758.3 38291.3 37675.3 25339.4 1015.18 12336 8844.3 1634.57 669.343 3491.68 3054.16 1089.52 1964.64 1644.43
internal_count=216011 153806 151308 101806 4123 49502 35487 6569 2692 14015 12259 4370 7889 6605
is_linear=0
shrinkage=0.02


Tree=322
num_leaves=15
num_cat=0
split_feature=9 22 16 4 8 20 29 29 7 24 24 19 29 1
split_gain=5.76666 6.97614 10.2809 8.42488 8.72048 7.90985 7.30071 6.72322 6.44401 10.5107 7.02271 7.20427 13.4207 8.33584
threshold=0.00034076666634064173 0.10901696607470514 -0.10514121502637862 0.91666665673255932 0.58333334326744091 0.14175587147474292 7.4005227944026763e-13 1.9341210490825271e-12 0.0001978287837118842 -0.046007711440324776 -0.0077624265104532233 -0.042361706495285027 7.2524484247965547e-13 6.6432534367777421e-05
decision_type=10 2 2 2 2 2 2 2 10 10 10 2 2 10
left_child=-1 3 -3 5 -5 8 -4 -8 9 -2 -10 13 -13 -12
right_child=1 2 6 4 -6 -7 7 -9 10 -11 11 12 -14 -15
leaf_value=6.7308729142606034e-05 0.00020161328593671659 0.0036802506764616379 0.00099724993410613854 -0.0027033163517152406 0.00059580706707599684 -0.0035882778790312952 -0.0025027068149796913 0.0011498156888138222 -0.0012097721558668947 -0.0047944068560361866 0.0040750601932567042 -0.0026194778064809604 0.0016082311468361805 0.00019111454515601659
leaf_weight=41656.304426789284 287.74051776528358 333.45064118504524 1217.5711873620749 343.72322218120098 2681.177496060729 444.75388450920582 615.55627602338791 281.05380323529243 3388.8241146504879 381.02393561601639 314.99018168449402 672.50697150826454 512.55002781748772 655.99444441497326
leaf_count=167385 1156 1339 4891 1378 10759 1788 2477 1137 13625 1528 1264 2695 2065 2636
internal_value=-4.44855e-05 -0.000427854 0.000522971 -0.000668775 0.00020563 -0.00106544 -4.82005e-06 -0.00135767 -0.000873933 -0.0027014 -0.000644606 0.000246666 -0.000794604 0.00150789
internal_weight=53787.2 12130.9 2447.63 9683.28 3024.9 6658.38 2114.18 896.61 6213.63 668.764 5544.87 2156.04 1185.06 970.985
internal_count=216123 48738 9844 38894 12137 26757 8505 3614 24969 2684 22285 8660 4760 3900
is_linear=0
shrinkage=0.02


Tree=323
num_leaves=15
num_cat=0
split_feature=0 9 1 1 19 11 30 9 0 17 1 17 20 11
split_gain=4.64858 6.57002 7.02147 4.22649 6.54375 8.47352 9.42757 9.95001 6.49581 6.31348 7.22401 5.25775 6.23596 5.25358
threshold=0.093335133045911803 0.00016902750940062108 8.7928565335460021e-05 7.2457922215107842e-05 -0.2959971278905868 0.00075417611515149485 -0.34369152784347529 0.00022942751820664856 0.020060267299413684 -0.21752012521028516 0.0001424166694050655 -0.28609748184680933 -0.13835608959197995 0.00033913228253368294
decision_type=2 10 10 10 2 10 2 10 2 2 10 2 2 10
left_child=3 -2 -3 -1 5 6 7 -5 9 10 -6 12 13 -8
right_child=1 2 -4 4 8 -7 11 -9 -10 -11 -12 -13 -14 -15
leaf_value=0.00011018104895861889 0.003290969670587477 -0.0016517325803272276 0.0025781883762044213 0.0010113433775114941 -0.0013221828724000394 0.0040352159871471557 0.0026417119417741159 -0.0035544878890375908 -7.9380735710673375e-05 -0.00059102153064547315 -0.0050798364172648025 -0.00035788062670289009 0.0044410849249664139 -0.00084998123256123815
leaf_weight=32898.581199854612 390.34355221688747 376.42804317176342 239.87553730607033 332.15958686172962 941.3063929527998 251.31174913048744 333.35871817171574 407.5724436044693 10329.009155318141 5751.0285148769617 250.81395226716995 544.64593262970448 288.72385394573212 322.04693953692913
leaf_count=132040 1637 1563 1007 1340 3768 1016 1347 1642 41558 23023 1005 2193 1167 1296
internal_value=-2.67328e-06 0.0013302 2.39115e-05 -2.86524e-05 -0.000259769 0.000697205 0.000288229 -0.00153165 -0.000397812 -0.000869939 -0.00218354 0.0012008 0.00208873 0.000951633
internal_weight=53657.2 1006.65 616.304 52650.6 19752 2479.82 2228.51 739.732 17272.2 6943.15 1192.12 1488.78 944.13 655.406
internal_count=215602 4207 2570 211395 79355 10001 8985 2982 69354 27796 4773 6003 3810 2643
is_linear=0
shrinkage=0.02


Tree=324
num_leaves=15
num_cat=0
split_feature=13 13 27 14 9 3 13 30 11 11 9 28 14 11
split_gain=4.27723 8.76315 8.54033 8.1444 5.80572 4.56762 4.50979 3.97433 10.7436 7.39826 7.13068 9.73041 6.59749 8.17773
threshold=2.6147035896428864e-05 3.3007851016009233e-05 -0.28777778148651117 -0.064661335200071321 0.00013527063856599855 7.3866121965693323e-05 3.4472308470867581e-05 0.2098120599985123 0.00018899705173680562 0.00017966105224331844 0.00019506768148858103 1.2540262881929889e-12 -0.27585932612419123 0.00043062122131232178
decision_type=10 10 8 2 10 10 10 2 10 8 10 2 2 8
left_child=5 2 -2 -4 -5 -1 -3 12 9 10 11 -9 -8 -14
right_child=1 6 3 4 -6 -7 7 8 -10 -11 -12 -13 13 -15
leaf_value=0.0030397654767157227 -0.0044112170790852742 0.0020993241506033085 -0.0024987929493981939 0.0028438959865157544 -0.00081054656651705363 -0.00031882586032317306 0.0002936567719491017 0.0011577172656328776 0.00069968960408491791 -0.0038452572837926842 -0.0026397616406175529 -0.0025850202241259703 4.2241071545202428e-06 -0.00079075662199167658
leaf_weight=370.17368747293949 292.91753195226192 418.20171676576138 528.6976897418499 284.11793404817581 390.76218834519386 270.97683224081993 15345.738830551505 1131.0902407169342 8989.0278239697218 269.17648637294769 420.21848130226135 346.42157435417175 17241.832465142012 7375.9160947203636
leaf_count=1493 1186 1689 2129 1144 1573 1095 61689 4545 36124 1082 1691 1402 69240 29596
internal_value=5.48544e-05 3.49107e-05 -0.00146357 -0.000685812 0.00076551 0.00165358 7.89728e-05 6.163e-05 0.000395038 -0.000863594 -0.00040498 0.00025738 -3.15931e-05 -0.000234415
internal_weight=53675.3 53034.1 1496.5 1203.58 674.88 641.151 51537.6 51119.4 11155.9 2166.91 1897.73 1477.51 39963.5 24617.7
internal_count=215678 213090 6032 4846 2717 2588 207058 205369 44844 8720 7638 5947 160525 98836
is_linear=0
shrinkage=0.02


Tree=325
num_leaves=15
num_cat=0
split_feature=30 22 7 28 29 7 24 9 15 0 3 7 30 9
split_gain=5.2457 7.94297 5.52397 10.6843 10.7567 6.09108 8.39213 7.36792 6.91146 8.7578 6.84447 8.45121 5.44085 5.57792
threshold=0.28814934194087988 0.23261107504367831 0.00010951072908937932 1.0669775609914447e-12 7.3007282185878774e-13 0.00026044652622658765 -0.14055088907480237 0.00031270965700969105 0.32407245039939886 0.013983393087983133 8.4176077507436289e-05 0.00018470909708412367 0.26935929059982305 0.0001850900080171414
decision_type=2 2 10 2 2 10 10 10 2 2 10 8 2 10
left_child=12 2 3 4 -2 6 -4 8 9 -8 -10 -12 -1 -14
right_child=1 -3 5 -5 -6 -7 7 -9 10 -11 11 -13 13 -15
leaf_value=-0.00010982110629770514 0.0016802193685800917 -0.0024464534525793875 -0.0028360953380716109 0.0042987873552948535 -0.0028958691405111181 0.0012301693981149908 -0.00094424992312129574 -0.0020621383848670963 0.0012027620832399267 0.002722263685737122 -0.0025652069002594096 0.00079735434663625096 -0.0037194067841616702 -0.00042547825302876338
leaf_weight=44981.336338087916 812.38015192747116 349.18709526956081 396.32726581394672 412.74906338751316 253.33136704564095 1860.7815601527691 354.73674570024014 496.52036276459694 791.95955969393253 881.17832753062248 696.00262868404388 500.37206797301769 317.29536712169647 542.34629315137863
leaf_count=180709 3262 1407 1595 1670 1021 7488 1420 1993 3184 3546 2799 2012 1276 2179
internal_value=-5.86909e-05 0.000419929 0.00056035 0.00164659 0.000559126 0.000287105 -0.000143013 0.000157477 0.000509893 0.00167161 -0.000221666 -0.00116886 -0.000140335 -0.0016982
internal_weight=53646.5 7805.53 7456.34 1478.46 1065.71 5977.88 4117.1 3720.77 3224.25 1235.92 1988.33 1196.37 45841 859.642
internal_count=215561 31397 29990 5953 4283 24037 16549 14954 12961 4966 7995 4811 184164 3455
is_linear=0
shrinkage=0.02


Tree=326
num_leaves=15
num_cat=0
split_feature=27 1 0 20 14 14 3 26 30 1 14 23 24 25
split_gain=5.1479 4.55058 6.21498 8.35342 10.1824 10.5625 10.0361 7.40047 6.96741 5.72795 6.93758 9.60949 7.12064 6.90565
threshold=0.10555555671453477 2.3764247089275162e-05 0.077433113008737578 0.18003576248884204 0.32974921166896826 -0.080545492470264421 7.1299804403679459e-05 -0.13666667044162747 -0.21797941625118253 7.6909582276130109e-05 0.66919517517089855 -0.073826499283313737 -0.0544963851571083 -0.063928481191396699
decision_type=8 8 2 2 2 2 10 10 2 10 2 2 10 10
left_child=1 2 3 4 5 8 7 -6 -1 -3 12 -12 -11 -14
right_child=-2 9 -4 -5 6 -7 -8 -9 -10 10 11 -13 13 -15
leaf_value=0.00012364594062858647 0.0018687237484893348 0.00019276261156409876 0.0020988348861809033 0.0012984047829021348 -0.0038241484519020204 0.0011553804315604984 -0.0059415576216733934 0.00067766699023007269 -0.0025680914500381849 0.00021004725404839134 -0.0016680441013350162 0.001557046815467847 -0.0021615366837042229 -0.00051578445687778195
leaf_weight=616.93343041837215 559.43550668656826 30919.234172716737 285.97694781422615 589.64883317053318 252.13674153387547 877.57062973082066 300.31838893890381 304.43740852177143 993.89459371566772 5175.0086218863726 460.54344780743122 1604.8235230743885 1125.6829925477505 9567.0967889726162
leaf_count=2477 2269 124156 1183 2364 1014 3521 1205 1220 3988 20835 1859 6463 4535 38415
internal_value=-6.21146e-06 -2.66713e-05 -0.000655103 -0.000864851 -0.0012516 -0.000593201 -0.00310645 -0.00142363 -0.00154831 2.7872e-05 -0.00025632 0.000828803 -0.000398426 -0.000692753
internal_weight=53632.7 53073.3 4220.92 3934.94 3345.29 2488.4 856.893 556.574 1610.83 48852.4 17933.2 2065.37 15867.8 10692.8
internal_count=215504 213235 16972 15789 13425 9986 3439 2234 6465 196263 72107 8322 63785 42950
is_linear=0
shrinkage=0.02


Tree=327
num_leaves=15
num_cat=0
split_feature=14 9 29 3 16 21 3 20 20 0 19 21 0 25
split_gain=5.8018 8.09412 10.4667 9.91778 8.27202 8.07078 7.9174 8.6071 8.99856 8.62005 8.48706 8.76493 8.36626 6.91609
threshold=-0.21258719265460965 0.00021696718613384294 2.5446966582520773e-12 0.000156222922669258 -0.06685351580381392 -0.0774339623749256 0.00011714125139405952 -0.039616841822862618 0.12290604040026666 0.071700509637594237 -0.25582051277160639 -0.047632213681936257 0.029596663080155853 0.027653954923152927
decision_type=2 8 2 10 2 2 10 2 2 2 2 2 2 10
left_child=1 3 -3 6 -5 -4 7 9 12 -1 -8 -12 -9 -10
right_child=-2 2 5 4 -6 -7 10 8 13 -11 11 -13 -14 -15
leaf_value=-0.0010774910699416309 -0.00016678791088874407 0.00083167506728234781 -0.0040853470627407054 -0.0031948496667923349 0.00072012762937193888 0.00067677733029288401 0.0038560484831941973 0.00019297297634194037 -0.0029444575061901134 0.002111941103802608 -0.0017947934335386419 0.0020210474881901148 0.0026633789112248969 0.00043451432090820078
leaf_weight=3738.3440788835287 34427.348849475384 9210.0182455033064 298.02838641405106 692.17659516632557 300.63486142456532 248.77048596739769 395.69688595831394 1237.8550918549299 401.69986751675606 354.04114480316639 397.23882378637791 550.66652542352676 969.30940665304661 559.30218254029751
leaf_count=15005 138297 36988 1211 2787 1209 1008 1596 4956 1615 1464 1596 2211 3913 2246
internal_value=-1.10649e-05 0.000265828 0.000670875 -0.000146503 -0.00201854 -0.00197135 7.36861e-05 -0.000188441 0.000592088 -0.000792637 0.00147216 0.000417899 0.00129206 -0.00100913
internal_weight=53781.1 19353.8 9756.82 9596.97 992.811 546.799 8604.15 7260.55 3168.17 4092.39 1343.6 947.905 2207.16 961.002
internal_count=216102 77805 39207 38598 3996 2219 34602 29199 12730 16469 5403 3807 8869 3861
is_linear=0
shrinkage=0.02


Tree=328
num_leaves=15
num_cat=0
split_feature=11 4 25 13 11 29 7 3 4 11 24 19 27 25
split_gain=3.62854 11.5577 7.96324 6.98396 5.16578 9.3453 5.26526 5.50646 4.92194 5.71254 4.568 10.138 3.98659 17.2083
threshold=0.00011204103793716059 0.58333334326744091 0.075895231217145934 4.7189829274429946e-05 0.00013112638407619673 5.3807013098566846e-13 4.2842202674364678e-05 2.4458895495627079e-05 0.75000000000000011 9.7537791589275016e-05 0.056300969794392593 0.039710229262709625 -0.3322222232818603 0.012081130873411896
decision_type=10 2 10 10 10 2 10 10 2 10 10 2 8 10
left_child=1 3 8 -1 5 -2 -6 -8 -3 -10 11 -7 13 -9
right_child=4 2 -4 -5 6 10 7 12 9 -11 -12 -13 -14 -15
leaf_value=-0.00058901798719497632 -0.00092616677927552103 -0.0025242827143350539 -0.0043628497487143911 0.0036629808773515778 -0.0025763092349745109 0.0032488728635433474 0.0021439781377800842 -0.0033348231839176717 0.0015029155155491015 -0.0019488938492764703 0.0045426910669539517 -0.001544084870143943 4.2317525683047122e-05 0.0021470818141296165
leaf_weight=298.15049503743649 523.33100758492947 444.64035861194134 328.96189787983894 290.44470001757145 290.04302608966827 445.14844904839993 471.77855442464352 581.33452300727367 448.11831796169281 304.90558043122292 259.3115119189024 269.14599990844727 48492.239054694772 352.70082214474678
leaf_count=1206 2100 1794 1323 1172 1167 1797 1901 2365 1803 1225 1044 1084 194766 1436
internal_value=2.33831e-05 -0.000784584 -0.00169725 0.00156057 5.674e-05 0.00120661 2.19763e-05 3.81056e-05 -0.000905461 9.09879e-05 0.00234859 0.00145002 1.71457e-05 -0.00126319
internal_weight=53800.3 2115.22 1526.63 588.595 51685 1496.94 50188.1 49898.1 1197.66 753.024 973.606 714.294 49426.3 934.035
internal_count=216183 8523 6145 2378 207660 6025 201635 200468 4822 3028 3925 2881 198567 3801
is_linear=0
shrinkage=0.02


Tree=329
num_leaves=15
num_cat=0
split_feature=29 11 20 11 23 9 11 20 16 9 18 9 11 7
split_gain=4.65843 11.445 11.304 13.5417 9.96289 7.22229 11.6607 6.98233 10.0892 7.81837 10.7692 7.17558 7.73761 7.05568
threshold=3.963006409580389e-13 0.0006063304317649455 0.038686318323016174 0.00015685112157370898 0.047293718904256828 0.00038293747638817882 0.00038754935667384421 0.097609050571918501 -0.33772459626197809 0.00013196250802138823 0.20215824991464618 0.00018295757763553413 0.00020654744002968076 0.00012572074047056961
decision_type=2 10 2 10 2 10 10 2 2 10 2 10 8 8
left_child=1 2 4 -4 5 6 -1 9 -9 10 -2 12 13 -11
right_child=7 -3 3 -5 -6 -7 -8 8 -10 11 -12 -13 -14 -15
leaf_value=-0.00083859651463862885 0.00058896969052487421 -0.0030711533303451276 -0.0026674380353866982 0.0017571731834152826 -0.0036859434383722796 -0.0035383788430612402 0.0026422426818959732 -0.0037318703392973879 -0.00025255328054005948 0.0016020562269014292 0.0035858632969427433 0.00023212370257438296 -0.0010364642383373854 -0.00055503856090878697
leaf_weight=1864.6123772412539 5604.2156749367714 621.40093524754047 317.13988038897514 1554.0941504240036 442.71076308190823 258.39958484470844 463.82094870507717 322.70553380250931 12491.885656297207 1047.4140041619539 506.24691143631935 22588.590571671724 4178.2253361493349 1388.0673175156116
leaf_count=7486 22554 2493 1273 6235 1776 1036 1859 1299 50190 4218 2038 90746 16786 5587
internal_value=-9.50174e-06 -0.000558598 -0.000228828 0.000987004 -0.000981349 -0.000493756 -0.000128621 5.3708e-05 -0.000345851 0.000198817 0.000848148 6.24593e-05 -0.000515969 0.000378144
internal_weight=53649.5 5522.18 4900.78 1871.23 3029.54 2586.83 2328.43 48127.4 12814.6 35312.8 6110.46 29202.3 6613.71 2435.48
internal_count=215576 22158 19665 7508 12157 10381 9345 193418 51489 141929 24592 117337 26591 9805
is_linear=0
shrinkage=0.02


Tree=330
num_leaves=15
num_cat=0
split_feature=2 9 21 1 16 25 16 15 22 19 9 19 8 25
split_gain=5.39553 12.9748 3.96973 8.6256 11.21 6.29205 11.0187 9.63601 5.42279 13.9609 10.9365 7.5584 5.87753 5.85446
threshold=0.25000000745058065 0.00023199988936539742 0.28453835844993597 2.5126580112555533e-05 -0.1147518791258335 0.04394918121397496 0.38433206081390386 0.10001061856746675 0.21125415712594989 0.26914855837821966 0.00020998707623220983 0.41861705482006079 0.75000000000000011 -0.015184985008090733
decision_type=2 8 2 10 2 10 2 2 2 2 8 2 2 10
left_child=1 -1 8 -4 -5 6 -6 -7 11 10 -10 -2 -12 -13
right_child=2 -3 3 4 5 7 -8 -9 9 -11 12 13 -14 -15
leaf_value=-0.00039627386280914541 -4.0905099118032171e-05 0.0049994920027296294 -0.0035364202053426649 0.0035620271019494751 -0.0046722721491944258 0.0021107695557985658 0.0006957261986294636 -0.0010491592878455885 0.00026745980840010689 -0.0014992658945701912 0.0062360677997634851 0.0034127764569595134 0.0022419424316660135 0.00050578212358264615
leaf_weight=451.05519062280655 46928.934308767319 271.90270307660103 356.82226070761681 250.88427731394768 348.88196706771851 523.51962561905384 253.44887982308865 1312.4832469075918 574.11676460504532 545.97555056214333 269.26349918544292 416.25359706580639 376.66466110944748 783.4547982364893
leaf_count=1829 188502 1103 1434 1011 1404 2107 1021 5286 2308 2196 1084 1679 1513 3155
internal_value=2.04766e-05 0.00171302 -3.27488e-06 -0.000701791 -0.000302344 -0.0007257 -0.00246376 -0.000135098 3.96332e-05 0.00112178 0.00229997 -5.24246e-07 0.00404423 0.00155382
internal_weight=53663.7 722.958 52940.7 3046.04 2689.22 2438.33 602.331 1836 49894.7 1766.02 1220.04 48128.6 645.928 1199.71
internal_count=215632 2932 212700 12263 10829 9818 2425 7393 200437 7101 4905 193336 2597 4834
is_linear=0
shrinkage=0.02


Tree=331
num_leaves=15
num_cat=0
split_feature=29 7 24 24 11 28 22 29 19 30 30 27 7 28
split_gain=5.46761 4.84306 9.14885 10.3852 10.3649 8.46467 6.47595 8.44822 8.21772 7.36385 6.45759 5.59218 5.53861 12.6789
threshold=2.4668688044984099e-13 8.6472864495590343e-05 0.013796767219901087 -0.095442857593297944 0.00015685112157370898 5.4559639141651971e-13 0.082269895821809783 6.7795251292197832e-13 0.052253421396017082 0.13474726676940921 -0.052313813939690583 -0.13222222775220868 0.00010373405530117453 1.7535399131005105e-12
decision_type=2 8 10 10 8 2 2 2 2 2 2 10 10 2
left_child=-1 2 3 -2 11 -6 7 8 -4 10 -8 -5 13 -3
right_child=1 12 6 4 5 -7 9 -9 -10 -11 -12 -13 -14 -15
leaf_value=0.0021633793185971604 -0.0015813677716553 0.00030678255570955006 -0.0038669187501925734 0.0046562892521161796 0.0019545178071477621 -0.0012923217993297293 -0.0029207010578001119 0.001500569681094415 0.00074668997044759699 -0.0049862105149292638 0.00094519931733165756 0.00082816345592012937 -3.4641377323249721e-05 0.0038300996739504618
leaf_weight=435.34204219281673 959.1771821975708 2907.6012074947357 362.14767834544182 344.68438360095024 495.1410104483366 833.0883622020483 429.04716920852661 460.98390889167786 249.79256968200207 356.55464212596416 268.27257001399994 280.33615818619728 44900.552103161812 456.20148153603077
leaf_count=1758 3866 11681 1453 1394 1987 3354 1724 1859 1002 1433 1077 1124 180376 1847
internal_value=-1.89255e-05 -3.75536e-05 -0.000626266 0.000103243 0.000938143 -7.0917e-05 -0.00161691 -0.000507384 -0.00201963 -0.002716 -0.00144853 0.0030182 2.41471e-05 0.000804431
internal_weight=53738.9 53303.6 5039.23 2912.43 1953.25 1328.23 2126.8 1072.92 611.94 1053.87 697.32 625.021 48264.4 3363.8
internal_count=215935 214177 20273 11725 7859 5341 8548 4314 2455 4234 2801 2518 193904 13528
is_linear=0
shrinkage=0.02


Tree=332
num_leaves=15
num_cat=0
split_feature=5 9 7 30 9 25 24 24 13 20 30 1 16 9
split_gain=4.45538 7.85908 10.845 6.42778 6.32129 8.18603 7.28573 10.5781 7.23545 7.50401 6.43089 7.12695 8.14126 6.12615
threshold=0.00028541128267534083 0.00019174901535734537 0.00029117111989762639 0.13765036314725879 0.00065997091587632905 0.060512201860547073 0.073890790343284621 0.024681126698851589 0.0001975214545382187 -0.0099477320909500105 -0.1475197151303291 0.00011731147606042215 -0.0046075829304754725 0.00079368398291990172
decision_type=8 8 10 2 8 10 10 10 10 2 2 10 2 8
left_child=13 -2 3 -3 6 8 7 10 9 -6 -4 12 -12 -1
right_child=1 2 4 -5 5 -7 -8 -9 -10 -11 11 -13 -14 -15
leaf_value=-2.8592326160130174e-05 -0.0026586762171516994 0.0039211552764214074 -0.0023096539617133553 0.0002208886549120745 -0.00023668661368057075 0.00415570962309299 -0.0022207516280265236 0.0029064808102482087 -0.0022537517092286715 0.0041565239801341358 0.0015562205558194966 0.0019442442991577113 -0.0028701860808022449 -0.0028292101617345146
leaf_weight=48306.842459067702 264.58071145415306 586.40201430022717 491.82821661233902 275.62921634316444 359.7834599763155 319.33268736302853 554.57439875602722 468.3634375333786 253.42741657793522 251.25509466230869 265.84221160411835 574.54731498658657 383.60519897937775 294.45904475450516
leaf_count=194055 1064 2358 1982 1109 1452 1296 2233 1885 1027 1013 1068 2315 1541 1184
internal_value=1.21147e-05 0.000576357 0.000765572 0.00276985 0.000313289 0.00152145 -0.000216169 0.000308336 0.00047639 0.00164426 -0.000426189 0.000355594 -0.00106594 -4.67171e-05
internal_weight=53650.5 5049.17 4784.59 862.031 3922.56 1183.8 2738.76 2184.19 864.466 611.039 1715.82 1223.99 649.447 48601.3
internal_count=215582 20343 19279 3467 15812 4788 11024 8791 3492 2465 6906 4924 2609 195239
is_linear=0
shrinkage=0.02


Tree=333
num_leaves=15
num_cat=0
split_feature=27 30 14 22 21 21 9 18 1 24 7 9 1 9
split_gain=3.7442 5.13913 3.32151 7.46483 9.24001 8.6267 7.24908 6.63906 6.34553 6.33602 5.90199 12.044 7.21411 7.01846
threshold=0.10555555671453477 -0.027069393545389172 0.46855938434600836 -0.17210137844085691 0.1912556737661362 0.090866986662149443 0.00041059823706746107 0.18933409452438357 6.6829372372012599e-05 0.07655739784240724 0.00033325771801173692 0.0003602495562518016 7.6409112807596116e-05 0.00025713370996527379
decision_type=8 2 2 2 2 2 10 2 10 10 8 8 10 10
left_child=2 -2 -1 -4 5 10 7 9 -9 -7 11 13 -12 -5
right_child=1 -3 3 4 -6 6 -8 8 -10 -11 12 -13 -14 -15
leaf_value=-9.0863299141408991e-05 0.0035908527901472665 -0.00019398024073438299 -0.0017960346309365358 1.1419300836038528e-05 -0.00060035965475104089 0.0046400139672470777 -0.00095084995598311963 0.0023945719348155499 -0.00098609886126405045 0.00082141091936811241 -0.00059853223412833936 -0.0029808785638389505 0.0035624023629164158 0.0019408376623270011
leaf_weight=42387.090656712651 254.30282109975815 296.87387652695179 619.11037847399712 3442.2423817366362 2570.4302864819765 622.62255144119263 300.03258083760738 563.4793299883604 344.18945015966892 251.84296627342701 253.65405240654945 435.81389471888542 439.15155638754368 945.78892630338669
leaf_count=170274 1031 1205 2492 13848 10345 2500 1206 2263 1383 1011 1018 1749 1766 3798
internal_value=6.19907e-06 0.00161686 -1.10975e-05 0.000301888 0.000432886 0.000783057 0.0018737 0.0023545 0.00111899 0.00358323 0.000366131 0.00011463 0.00206493 0.000434202
internal_weight=53726.6 551.177 53175.4 10788.4 10169.2 7598.82 2082.17 1782.13 907.669 874.466 5516.65 4823.85 692.806 4388.03
internal_count=215889 2236 213653 43379 40887 30542 8363 7157 3646 3511 22179 19395 2784 17646
is_linear=0
shrinkage=0.02


Tree=334
num_leaves=15
num_cat=0
split_feature=25 22 18 29 29 18 18 25 11 20 0 22 24 30
split_gain=5.40188 6.46855 10.7591 5.33095 8.25325 7.7907 11.0715 8.03957 5.911 7.97358 6.50162 9.13915 11.4399 8.06939
threshold=-0.23914678394794461 -0.30993221700191492 -0.27639213204383845 1.8105879209112665e-12 1.724900983764849e-12 0.47221651673316961 0.1408522501587868 0.12281588092446329 0.00055382566642947506 -0.064980801194906221 0.060211071744561202 -0.097330939024686799 -0.015697420574724671 0.072194956243038191
decision_type=10 2 2 2 2 2 2 10 10 2 2 2 10 2
left_child=1 -1 -3 4 -2 6 8 -8 10 -10 11 -5 -13 -14
right_child=3 2 -4 5 -6 -7 7 -9 9 -11 -12 12 13 -15
leaf_value=-0.0015130581988449894 6.4411939100133064e-06 0.0046974152866426618 0.00056390089853618393 0.0021152702244307663 0.0023151999289957753 0.0027401641039427062 -0.0027809312083232006 0.00050009057313841836 -0.004153528713357251 0.0001611149242478164 -0.0014035680222854667 -0.0020767644214686001 0.0017968535017111858 -0.0019786392979183592
leaf_weight=271.68265222012997 45160.358089476824 344.16323745250702 838.68867427110672 976.76315471529961 607.95146270096302 253.15895241498947 1348.1718886494637 375.13682053983212 308.79497738182545 354.73507177829742 864.80770505964756 789.63093574345112 989.15078443288803 274.06838363409042
leaf_count=1096 181262 1402 3409 3928 2450 1027 5439 1519 1246 1431 3561 3172 3969 1100
internal_value=-4.63115e-06 0.00118919 0.0018247 -3.82732e-05 3.81069e-05 -0.000571738 -0.000713494 -0.00206916 -0.000194131 -0.00190962 0.000106418 0.000543824 -0.000217079 0.00095965
internal_weight=53757.3 1454.53 1182.85 52302.7 45768.3 6534.42 6281.26 1723.31 4557.95 663.53 3894.42 3029.61 2052.85 1263.22
internal_count=216011 5907 4811 210104 183712 26392 25365 6958 18407 2677 15730 12169 8241 5069
is_linear=0
shrinkage=0.02


Tree=335
num_leaves=15
num_cat=0
split_feature=17 28 25 25 28 23 3 23 22 17 21 28 13 3
split_gain=7.10037 4.99346 8.33489 16.3369 8.25042 8.00057 9.58504 9.14848 7.18948 6.98529 9.41149 9.41344 7.5763 7.50365
threshold=-0.7655678093433379 4.3159403731018319e-13 0.12281588092446329 0.19767192006111148 4.3691504407472608e-13 0.0255041066557169 4.920627725368832e-05 -0.22082130610942838 0.087163779884576811 0.012571254745125772 -0.049509629607200616 3.5706821614051037e-13 0.00012479259021347391 0.00013155385386198762
decision_type=2 2 10 10 2 2 10 2 2 2 2 2 10 10
left_child=-1 2 5 8 -3 7 -7 -2 -4 12 11 -11 13 -9
right_child=1 4 3 -5 -6 6 -8 9 -10 10 -12 -13 -14 -15
leaf_value=0.0020821298879221441 -0.0013643067108236968 -0.0028393062487921672 0.00090441151453708995 -0.001602292892078297 -8.5229251957108775e-05 0.0022543349831092032 -0.001030491291598149 0.0016244978091954851 0.0050499193467774149 -0.0038246307847392383 0.0011094865000676438 0.00044870064683051792 0.0033912644101138627 -0.00072770056513173
leaf_weight=631.89091996848583 799.25300627946854 419.6537549495697 266.71293951570988 332.16665980219841 42256.151055335999 386.86900655925274 2830.3019671440125 1960.1627647429705 480.64819349348545 391.0781896263361 1145.6886754631996 406.17916730046272 638.50949221849442 733.77245560288429
leaf_count=2563 3218 1682 1070 1336 169846 1552 11344 7862 1929 1570 4594 1628 2561 2942
internal_value=7.54493e-06 -1.79427e-05 0.000375246 0.00202202 -0.000113629 0.000179991 -0.000623999 0.00060644 0.00363263 0.000909045 -4.46673e-05 -0.00168979 0.00146205 0.000983166
internal_weight=53679 53047.1 10371.3 1079.53 42675.8 9291.81 3217.17 6074.64 747.361 5275.39 1942.95 797.257 3332.44 2693.94
internal_count=215697 213134 41606 4335 171528 37271 12896 24375 2999 21157 7792 3198 13365 10804
is_linear=0
shrinkage=0.02


Tree=336
num_leaves=15
num_cat=0
split_feature=24 17 27 9 15 17 29 22 24 20 19 23 9 18
split_gain=4.00021 8.06633 8.31723 8.73553 7.9191 7.69567 12.5203 12.4299 7.479 7.25131 7.04282 10.7394 6.51597 6.89746
threshold=0.073890790343284621 0.72170546650886547 0.072222225368022933 0.00031270965700969105 -0.37097580730915064 0.23852413892745974 2.322670376343761e-12 0.19753610342741015 0.14424023777246478 0.0098384446464478987 0.41861705482006079 0.22462537139654162 0.00030204180802684283 0.025145035237073902
decision_type=8 2 10 10 2 2 2 2 10 2 2 2 10 2
left_child=10 2 4 -4 -2 6 7 -6 -9 -7 11 -1 13 -13
right_child=1 -3 3 -5 5 9 -8 8 -10 -11 -12 12 -14 -15
leaf_value=0.00013701779777658109 0.00076760156388828212 -0.0030692804820798758 0.0033045292210237762 -0.00039619574115596913 -0.0013301453485167897 0.0030978565803872217 -0.0047526176327688944 0.003612876722233337 -0.00038352344048316105 -0.00018348031258731169 0.0015135739255062719 -0.00049163210875095061 0.00065932267903991571 -0.0047169374720185909
leaf_weight=40407.539018988609 1943.0039243996143 382.88494519889355 512.33589492738247 482.60514155030251 3655.5761601775885 279.79946541786194 338.61125013232231 334.26473374664783 390.16406254470348 2639.4903552234173 1415.8488666713238 257.58673782646656 248.18144375085831 386.44059076905251
leaf_count=162342 7809 1547 2056 1944 14667 1125 1368 1342 1568 10605 5710 1038 1000 1553
internal_value=4.9092e-05 -0.000291453 -0.000185282 0.00153702 -0.000366966 -0.000656839 -0.00115451 -0.000856009 0.00150801 0.000149959 0.000136555 8.86376e-05 -0.00205743 -0.00309268
internal_weight=53674.3 10958.7 10575.9 994.941 9580.91 7637.91 4718.62 4380 724.429 2919.29 42715.6 41299.7 892.209 644.027
internal_count=215674 44031 42484 4000 38484 30675 18945 17577 2910 11730 171643 165933 3591 2591
is_linear=0
shrinkage=0.02


Tree=337
num_leaves=15
num_cat=0
split_feature=29 2 9 1 7 9 19 3 28 24 22 21 0 3
split_gain=6.27195 5.35451 11.4193 4.99873 11.2506 7.46843 9.10181 7.21179 8.19642 5.76712 5.54452 8.27621 12.3633 12.9402
threshold=2.4668688044984099e-13 0.25000000745058065 0.00023199988936539742 2.4241101527877621e-05 0.00011784416710725056 0.00022185628768056634 0.10776311531662942 5.2327401135698899e-05 4.2884162746500287e-13 -0.0077624265104532233 -0.099073778837919221 -0.19725304096937177 0.028579994104802612 8.258387970272453e-05
decision_type=2 2 8 10 10 10 2 10 2 10 2 2 2 10
left_child=-1 2 -2 4 7 -6 -7 8 -3 -9 -5 12 13 -12
right_child=1 3 -4 10 5 6 -8 9 -10 -11 11 -13 -14 -15
leaf_value=0.0023676272326112126 -0.00024931198216060843 0.0023125795035275993 0.0048261110183576853 0.00042355630278753344 -0.0025342721552740438 -0.0015849457046896403 0.0026047657587830375 7.0733321606704201e-05 -0.0016315566282955698 0.0033040948407104275 -0.0027510410021853869 3.3803269424615992e-06 -0.0027532391029799746 0.0019105526172992454
leaf_weight=438.29227671027184 458.03462149202824 263.12030097842216 267.44300216436386 12022.086207017303 1371.0508664101362 598.84466746449471 292.04317520558834 417.49915391206741 812.60059960186481 450.12822841107845 344.38925349712372 34231.270482331514 1081.142461553216 668.48720781505108
leaf_count=1770 1857 1057 1085 48369 5507 2404 1173 1680 3272 1809 1380 137416 4389 2679
internal_value=3.79238e-05 1.78773e-05 0.00170099 -5.99599e-06 -0.000665692 -0.00161851 -0.000184475 0.000448518 -0.000642223 0.00178486 5.16364e-05 -7.16183e-05 -0.00128607 0.00030298
internal_weight=53716.4 53278.1 725.478 52552.7 4205.29 2261.94 890.888 1943.35 1075.72 867.627 48347.4 36325.3 2094.02 1012.88
internal_count=215847 214077 2942 211135 16902 9084 3577 7818 4329 3489 194233 145864 8448 4059
is_linear=0
shrinkage=0.02


Tree=338
num_leaves=15
num_cat=0
split_feature=29 17 19 21 17 17 18 1 28 2 19 3 14 7
split_gain=3.46147 10.5748 9.257 8.22303 10.7803 8.98478 9.25215 7.28811 6.77543 3.90065 13.2723 10.3518 5.83119 4.50088
threshold=2.3633373903708681e-12 0.2343232408165932 0.10225476697087289 -0.051234774291515343 0.0093332068063318747 -0.074716720730066286 -0.24330684542655942 6.2118699133861824e-05 2.7390963846032905e-12 0.41666667163372045 -0.20784386247396466 4.7865296437521472e-05 -0.60276484489440907 0.00036441252450458711
decision_type=2 2 2 2 2 2 2 8 2 2 2 10 2 10
left_child=9 2 3 5 7 6 -2 -5 -3 10 12 -12 -1 -13
right_child=1 8 -4 4 -6 -7 -8 -9 -10 -11 11 13 -14 -15
leaf_value=0.00018546398785975433 -0.00050740195808414825 -0.00063102027783565134 -0.003672981289832602 0.00010707990742336968 -0.0024576946748238598 0.0011961118263559662 -0.0043718946666658539 0.0045733253371852576 0.0027693435503763704 -3.223540135444758e-05 -0.0026386080641418097 0.00074102791700672728 0.0035161600036203089 -0.0019274239046741825
leaf_weight=296.81783632934093 469.77612254023552 423.21322463452816 496.43912880122662 287.72135710716248 248.82520817220211 322.24700112640858 518.81635449826717 279.08916732668877 488.83126109838486 46076.622349053621 494.72808051109314 2365.563933596015 720.7731344550848 263.55124923586845
leaf_count=1206 1910 1711 2006 1161 1005 1304 2105 1130 1989 184963 1993 9526 2923 1062
internal_value=-2.19729e-05 -0.000625077 -0.00126814 -0.000677717 0.000885664 -0.00164918 -0.00258198 0.00238711 0.0012118 2.07128e-05 0.000607126 -4.35517e-05 0.00256694 0.000461001
internal_weight=53753 3534.96 2622.91 2126.48 815.636 1310.84 988.592 566.811 912.044 50218.1 4141.43 3123.84 1017.59 2629.12
internal_count=215994 14321 10621 8615 3296 5319 4015 2291 3700 201673 16710 12581 4129 10588
is_linear=0
shrinkage=0.02


Tree=339
num_leaves=15
num_cat=0
split_feature=16 17 21 6 18 8 28 18 11 10 29 28 29 5
split_gain=3.90512 10.0883 8.37227 5.91553 7.68377 14.8553 8.10837 7.7722 7.71371 7.80778 7.99887 7.50667 8.02954 8.46893
threshold=-0.12109456956386565 -0.28156696259975428 -0.43589727580547327 0.91666665673255932 -0.19823166728019712 0.75000000000000011 4.0946594530820451e-13 -0.23198662698268888 0.00020218853751430291 0.91666665673255932 6.940261895998363e-13 5.1558147399870257e-13 6.5974827055496909e-13 0.0001609642349649221
decision_type=2 2 2 2 2 2 2 2 10 2 2 2 2 8
left_child=2 -2 -1 4 5 7 -6 -4 -7 -10 -11 -8 -13 -14
right_child=1 -3 3 -5 6 8 11 -9 9 10 -12 12 13 -15
leaf_value=0.001928174181543505 0.0024351732697476141 3.7671033467254418e-05 -0.00098684175466167584 -0.00090994092087167777 0.00095464534997330582 0.0032801694375866677 -0.0023540707423504162 0.001699764168568503 0.001702685662418113 0.0009983457038106546 -0.0031386504780621166 0.00070508504543426414 -0.0018186857242674876 0.00021913623784893037
leaf_weight=649.75106926262379 696.88148194551468 33940.085153385997 2586.4786500632763 5316.3316237777472 1166.7244822978973 681.55190521478653 1076.1594608575106 497.16446702182293 1423.6646621525288 410.85871407389641 312.66197122633457 1480.1664993613958 2134.6794130057096 1306.4255218952894
leaf_count=2646 2823 136308 10435 21322 4681 2747 4313 2002 5729 1648 1258 5936 8593 5260
internal_value=-3.91975e-05 8.72853e-05 -0.000269109 -0.000348741 -0.000119542 0.000413363 -0.00055926 -0.000545528 0.00145515 0.000850939 -0.000825752 -0.000855965 -0.000520164 -0.00104823
internal_weight=53679.6 34637 19042.6 18392.9 13076.5 5912.38 7164.16 3083.64 2828.74 2147.19 723.521 5997.43 4921.27 3441.1
internal_count=215701 139131 76570 73924 52602 23819 28783 12437 11382 8635 2906 24102 19789 13853
is_linear=0
shrinkage=0.02


Tree=340
num_leaves=15
num_cat=0
split_feature=2 22 11 29 9 18 23 9 29 22 0 11 2 29
split_gain=4.7613 7.817 3.77842 13.6341 11.1761 11.3352 10.0661 9.47294 9.03835 11.3528 7.61269 7.50226 9.29716 9.49045
threshold=0.25000000745058065 0.0053564230911433705 0.00022635493951383981 6.0947365318649037e-13 0.00019616725330706688 -0.018961327150464054 0.18188475817441943 0.00023468770814361053 4.977085638156049e-13 -0.0189818050712347 0.014416020829230549 0.00023763404169585559 0.91666665673255932 4.7554684799375201e-13
decision_type=2 2 10 2 10 2 2 10 2 2 2 10 2 2
left_child=1 -1 3 4 6 7 8 -6 -2 10 -10 12 13 -4
right_child=2 -3 11 -5 5 -7 -8 -9 9 -11 -12 -13 -14 -15
leaf_value=0.0035303929385538408 0.00055141419986794594 -0.0005713596676586184 0.0038322401840422816 0.00023945742606620404 -0.0061034478819776876 -0.00076314903445363284 -0.0030056531679537621 -0.0018691208001527417 0.00021886697453335702 0.00042710688212736374 -0.0037477506211314078 2.1731075259592197e-05 0.0041672693927352631 -0.00030228544754226416
leaf_weight=371.09924480319023 2838.8000154942274 344.94459801912308 262.07558155059814 8825.6097480654716 398.8760641515255 990.28559942543507 534.45781192183495 479.42218874394894 260.31094899773598 862.53602769970894 711.19493794441223 35450.24080003798 355.38432234525681 1032.6019282490015
leaf_count=1509 11392 1396 1052 35578 1600 3969 2143 1922 1042 3458 2858 142354 1425 4157
internal_value=-4.93032e-06 0.00159259 -2.71052e-05 -0.000284841 -0.00093762 -0.00225622 -0.000457631 -0.0038852 -0.000154632 -0.00124164 -0.00270194 8.34565e-05 0.00139344 0.000580215
internal_weight=53717.8 716.044 53001.8 15901.5 7075.88 1868.58 5207.3 878.298 4672.84 1834.04 971.506 37100.3 1650.06 1294.68
internal_count=215855 2905 212950 63962 28384 7491 20893 3522 18750 7358 3900 148988 6634 5209
is_linear=0
shrinkage=0.02


Tree=341
num_leaves=15
num_cat=0
split_feature=1 28 3 7 18 14 14 14 4 9 13 10 22 16
split_gain=4.19506 8.19632 10.8311 6.89497 4.8806 5.514 15.9423 8.00217 6.76245 7.60015 6.2668 4.5475 4.35991 3.76126
threshold=2.3764247089275162e-05 3.7736618842786068e-13 5.522318497241941e-05 5.7186683989129967e-05 0.24873512983322146 0.32407245039939886 0.56039950251579296 -0.15760520100593564 0.75000000000000011 0.00014179335266817364 7.1923033829079954e-05 0.75000000000000011 -0.051072794944047921 -0.0017299494356848297
decision_type=8 2 10 10 2 2 2 2 2 10 10 2 2 2
left_child=1 2 -1 -3 5 7 -7 8 9 -5 13 -6 -10 -9
right_child=-2 3 -4 4 11 6 -8 10 12 -11 -12 -13 -14 -15
leaf_value=0.0037027400093357843 2.9594468464506605e-05 0.0019864724965889592 -0.001268784817313337 -0.0058768289673747521 0.0021636691989609692 -0.006591861986543191 -0.00047774205459311743 0.00069622815463205089 0.0012761807560602509 -0.001535402544614199 0.0025905377079208621 -0.0013913631007734389 -0.0021528903442205915 -0.0025540809456487822
leaf_weight=351.93554420769215 49500.931330308318 266.63180622458458 316.92775772511959 271.67385439574718 279.95680506527424 283.41747277975082 397.46114927530289 281.77606348693371 283.25801557302475 406.25245717167854 312.03766562044621 257.94524277746677 271.38753016293049 254.83505207300186
leaf_count=1415 198895 1074 1272 1095 1127 1138 1600 1134 1138 1635 1252 1036 1089 1025
internal_value=-2.21965e-05 -0.000624781 0.00137864 -0.00100608 -0.00125838 -0.00159596 -0.00313824 -0.00106633 -0.00208283 -0.00339375 0.000424003 0.000470127 -0.000418194 -0.000883644
internal_weight=53736.4 4235.5 668.863 3566.63 3300 2762.1 680.879 2081.22 1232.57 677.926 848.649 537.902 554.646 536.611
internal_count=215925 17030 2687 14343 13269 11106 2738 8368 4957 2730 3411 2163 2227 2159
is_linear=0
shrinkage=0.02


Tree=342
num_leaves=15
num_cat=0
split_feature=28 3 7 20 24 24 23 3 24 29 22 29 24 28
split_gain=5.22131 9.59463 13.0371 7.41481 6.12003 4.44876 6.72547 4.98314 3.98918 10.5407 11.1475 9.15311 4.80843 8.65297
threshold=2.6870735183367333e-13 5.2327401135698899e-05 0.00017541406850796196 -0.039616841822862618 0.020680557936429981 -0.25496472418308253 -0.36972333490848536 0.00011571857248782182 0.17882130295038226 9.6453303243676534e-13 0.20645296573638919 5.0211972166952511e-13 -0.050212485715746873 3.487668053664406e-12
decision_type=2 10 10 2 10 8 2 10 8 2 2 2 10 2
left_child=1 -1 4 -4 -3 -2 7 -7 12 11 -11 -10 13 -8
right_child=5 2 3 -5 -6 6 8 -9 9 10 -12 -13 -14 -15
leaf_value=0.0040402422378405384 -0.0020210040681169425 4.7901645126401221e-05 -0.0003381794906690665 0.003998953092767263 -0.0038727830862437074 0.0034050158259110348 0.0003518200933187197 -0.0001458858727978114 -0.00047820926920324948 0.0019916784698869095 -0.0032096522724358494 0.0036228328085842303 -0.00014002373769563176 -0.002646437013350354
leaf_weight=346.21819320321083 395.8164002597332 363.12151636183262 252.42061392962933 387.51423771679401 262.98852510750294 393.4972743242979 15884.45680218935 253.35550434887409 315.81802512705326 272.4985414147377 361.22157773375511 651.50285913050175 33204.255220830441 374.75822924077511
leaf_count=1396 1590 1461 1016 1559 1057 1608 63851 1041 1268 1099 1458 2618 133309 1530
internal_value=7.4377e-05 0.00118824 0.00035761 0.00232978 -0.00166783 3.94701e-05 5.60169e-05 0.00205156 2.99454e-05 0.00100622 -0.000980581 0.00230133 -2.04876e-06 0.000279547
internal_weight=53719.4 1612.26 1266.04 639.935 626.11 52107.2 51711.4 646.853 51064.5 1601.04 633.72 967.321 49463.5 16259.2
internal_count=215861 6489 5093 2575 2518 209372 207782 2649 205133 6443 2557 3886 198690 65381
is_linear=0
shrinkage=0.02


Tree=343
num_leaves=15
num_cat=0
split_feature=0 23 0 18 11 13 13 11 0 13 28 22 11 10
split_gain=4.38005 7.80657 10.3542 7.22021 6.38526 11.2323 7.05001 15.6509 9.4694 7.51184 10.2042 15.3598 6.84098 6.33899
threshold=0.0098886820487678068 -0.037560446187853806 0.00058611168060451757 -0.29583747684955591 0.0015195864834822716 0.00030839623650535947 0.00016234647773671898 0.00028436158027034258 0.022800112143158916 0.00013798035797663036 1.2909542141878452e-12 0.10329874232411386 0.00052744866115972411 0.91666665673255932
decision_type=2 2 2 2 10 10 8 8 2 10 2 2 8 2
left_child=1 2 -1 -3 5 6 9 -8 12 -2 11 -11 -9 -4
right_child=4 3 13 -5 -6 -7 7 8 -10 10 -12 -13 -14 -15
leaf_value=0.0027359622966305498 8.5889876657785919e-05 0.0030586742522649541 -0.001827520458733595 -8.516784553697932e-05 0.0027010140065941955 -0.003238784008231803 -0.0029456752688586025 0.0018692075802793477 0.0027632164392880536 0.00050948885893885006 -0.0037034010629600242 -0.004381927766023256 -0.0021883768686788781 -0.0001061596518084932
leaf_weight=253.77242378890514 38097.167805984616 287.40456588566303 2747.0766415894032 5894.0782209783792 346.6494467407465 391.32822521030903 301.67012353241444 305.87393791973591 1331.4528990834951 1387.1608011871576 458.77727879583836 294.2956554889679 319.42254622280598 1242.5780973285437
leaf_count=1016 153221 1151 10999 23588 1409 1575 1211 1225 5374 5565 1848 1182 1280 4974
internal_value=-1.59013e-05 -0.000383472 -0.00104186 7.03962e-05 7.28669e-05 5.0375e-05 8.21729e-05 0.00116448 0.00182153 2.08778e-05 -0.00112645 -0.000388072 -0.000207127 -0.00129461
internal_weight=53658.7 10424.9 4243.43 6181.48 43233.8 42887.1 42495.8 2258.42 1956.75 40237.4 2140.23 1681.46 625.296 3989.65
internal_count=215618 41728 16989 24739 173890 172481 170906 9090 7879 161816 8595 6747 2505 15973
is_linear=0
shrinkage=0.02


Tree=344
num_leaves=15
num_cat=0
split_feature=21 26 29 17 24 3 27 30 21 13 29 0 24 13
split_gain=4.05638 12.2047 9.86285 9.1241 10.5686 9.06058 8.96928 8.26846 7.68077 7.24137 9.63962 6.08221 9.57783 13.4936
threshold=-0.19725304096937177 -0.18333333730697629 2.9474788224275605e-13 0.20994304865598681 0.10720172896981241 0.00010596741776680575 -0.33833332359790796 -0.52455782890319813 0.24456853419542315 7.0611135015496998e-05 8.7522429082810559e-13 0.042568689212203033 -0.11892652511596678 7.7750355558237074e-05
decision_type=2 10 2 2 10 10 10 2 2 8 2 2 10 10
left_child=7 3 5 4 8 -3 -5 -1 11 10 -8 -2 -13 -14
right_child=1 2 -4 6 -6 -7 9 -9 -10 -11 -12 12 13 -15
leaf_value=-0.0031473816887440708 0.0012328973472663261 0.0039881033223122513 -0.00018395903479084865 0.0028107959705214402 -0.0012374924494359832 -0.00034986570838128005 0.0002115630464419251 -0.00033815799566907638 -0.0015875602079658149 0.0016411642951071582 -0.003669805514071472 -0.00045036672350803073 0.0049306995468056747 -0.00034533429163980918
leaf_weight=423.33427853882313 2506.2622085511684 418.93978440761566 38459.299187645316 248.88760551810265 584.46838285028934 337.83736905455589 452.69608074426651 7852.4622687697411 266.91657619178295 266.5806737691164 562.76472075283527 267.64551644027233 832.79918196797371 247.71462258696556
leaf_count=1714 10067 1684 154251 1015 2361 1357 1827 31649 1082 1081 2287 1094 3416 1015
internal_value=-8.24071e-05 -8.17604e-06 -0.000138986 0.000812162 0.00124719 0.00209242 -0.000523889 -0.000489101 0.00160384 -0.00120449 -0.00196881 0.00183189 0.00291114 0.00373684
internal_weight=53728.6 45452.8 39216.1 6236.74 4705.81 756.777 1530.93 8275.8 4121.34 1282.04 1015.46 3854.42 1348.16 1080.51
internal_count=215900 182537 157292 25245 19035 3041 6210 33363 16674 5195 4114 15592 5525 4431
is_linear=0
shrinkage=0.02


Tree=345
num_leaves=15
num_cat=0
split_feature=28 21 20 24 20 20 1 20 3 9 24 11 30 11
split_gain=4.38696 7.72502 8.21245 6.23199 4.35204 10.4053 6.78954 8.17989 7.33389 10.4543 7.32715 6.95483 10.3369 10.2469
threshold=2.5958716513146967e-13 -0.049509629607200616 -0.13609351217746732 0.01279851980507374 0.097609050571918501 0.04555978253483773 3.0460564630629964e-05 0.17675261944532397 0.00010232760541839526 0.00013963349920231852 0.040484376251697547 0.00045310180576052522 0.17546417564153674 0.00021362382540246474
decision_type=2 2 2 10 2 2 10 2 10 8 10 10 2 8
left_child=1 2 -1 -3 5 -2 7 -6 -8 -10 -9 13 -13 -11
right_child=4 3 -4 -5 6 -7 8 10 9 11 -12 12 -14 -15
leaf_value=0.0018255339130587953 -3.3813172962217333e-05 0.0042465301173936808 -0.0027767142666930422 0.00075623356223924305 -0.0027110838305665491 0.00088615368847438372 0.00043420041246218191 0.0022041749948809538 -0.0029912819524439121 -0.001763983793658484 -0.0012302704071575016 -0.0020892022193127651 0.00069696723979955678 0.00081546052920107386
leaf_weight=273.47437608242035 32606.337299138308 359.84753654897213 310.56636491417885 467.02695406973362 943.88885682821274 5770.9495621174574 5257.368090108037 334.5048700273037 622.40237544476986 768.64666241407394 811.55676473677158 1546.2429195642471 794.84748442471027 2798.3937875926495
leaf_count=1102 131044 1448 1253 1878 3789 23172 21109 1344 2502 3090 3259 6213 3199 11246
internal_value=2.50627e-05 0.00111761 -0.000632641 0.00233959 -4.85278e-06 0.000104916 -0.000308116 -0.00135303 -0.000120878 -0.000567702 -0.000207235 -0.000303156 -0.00114535 0.000252891
internal_weight=53666.1 1410.92 584.041 826.874 52255.1 38377.3 13877.9 2089.95 11787.9 6530.53 1146.06 5908.13 2341.09 3567.04
internal_count=215648 5681 2355 3326 209967 154216 55751 8392 47359 26250 4603 23748 9412 14336
is_linear=0
shrinkage=0.02


Tree=346
num_leaves=15
num_cat=0
split_feature=25 25 24 5 10 5 19 29 27 29 23 11 9 27
split_gain=5.42131 13.9998 7.42145 9.13635 13.6472 11.4791 9.92717 9.07911 8.98491 7.8762 6.97713 8.55651 9.026 8.04349
threshold=-0.063928481191396699 -0.061511026695370667 -0.0544963851571083 0.0001589498788234778 0.75000000000000011 0.00011980078852502631 0.012418384198099377 5.9799468979035441e-13 -0.097777780145406709 8.3443072330241518e-13 0.048794461414217956 0.00027793493063654756 0.00028145669784862554 -0.34888888895511622
decision_type=8 10 10 8 2 10 2 2 10 2 2 10 10 10
left_child=10 -2 3 5 8 6 7 -3 -5 -7 13 -12 -13 -1
right_child=1 2 -4 4 -6 9 -8 -9 -10 -11 11 12 -14 -15
leaf_value=-0.002939324683659717 0.0036370412096123411 5.2043404010016651e-06 -2.0099375798791464e-05 0.0023854771283905465 0.003903738274124133 -0.0002085164557922458 -0.00073791136885706138 0.0037139234733522385 -0.0022788518661180776 -0.00435332249736535 -0.00015556878569454697 -0.0054985599068227888 -0.00052941544755356537 -0.00011778027490878509
leaf_weight=395.30120885372162 427.97374825179577 438.40578539669514 32551.743860110641 297.45453757047653 781.61092129349709 458.91143728792667 741.55335660278797 644.03131978213787 324.42932423949242 287.84049111604691 664.5853168964386 336.14389435946941 255.96718129515648 15147.096661686897
leaf_count=1614 1719 1760 130671 1208 3143 1842 2982 2597 1302 1162 2676 1350 1028 60946
internal_value=-1.25544e-05 0.000122867 7.97238e-05 0.000893351 0.0021789 0.000180102 0.00103395 0.00223917 -4.30341e-05 -0.00187804 -0.000310241 -0.00173172 -0.00343791 -0.000193228
internal_weight=53753 36954 36526 3974.24 1403.49 2570.74 1823.99 1082.44 621.884 746.752 16799.1 1256.7 592.111 15542.4
internal_count=216000 148386 146667 15996 5653 10343 7339 4357 2510 3004 67614 5054 2378 62560
is_linear=0
shrinkage=0.02


Tree=347
num_leaves=15
num_cat=0
split_feature=11 29 21 27 11 25 7 5 28 25 30 30 27 29
split_gain=4.41578 11.5953 10.7613 11.3343 12.5067 11.2055 11.0435 11.7261 9.69947 11.0159 9.42362 8.82026 7.74151 7.28773
threshold=0.00022499871556647125 6.3069186917279206e-13 -0.018198475241661068 -0.14333333820104596 0.00015150959370657804 0.095852777361869826 0.00014409431605599823 0.00018038704729406166 6.7586206271320902e-13 0.064510796219110503 -0.31020224094390864 -0.10245371982455252 -0.016666667070239779 5.8488860998386082e-13
decision_type=10 2 2 8 10 10 8 8 2 10 2 2 10 2
left_child=1 8 6 4 -4 -6 -3 10 -1 13 -8 -12 -5 -10
right_child=-2 2 3 12 5 -7 7 -9 9 -11 11 -13 -14 -15
leaf_value=-0.00059036371178748366 8.8267379108373641e-05 0.0018651353446288682 0.00030551208460365381 0.0010872081370760854 -0.004549484602634709 3.8862837731794655e-05 -0.0044517970292257446 0.002631544578803048 4.488418749358923e-05 -0.0061065224839559566 0.0023000628536632437 -0.0014588805754906448 -0.0011612531565533032 -0.0040168101853717284
leaf_weight=6530.0832064449787 37730.04870018363 2259.6187083125114 690.40091246366501 1773.028685092926 690.85709285736084 303.44578744471073 253.03705289959908 418.29151321947575 500.9190204590559 257.12410114705563 341.09789010882378 790.72321420907974 911.24810449779034 252.63743934035301
leaf_count=26190 151539 9132 2797 7120 2797 1229 1023 1692 2014 1032 1377 3188 3650 1015
internal_value=-2.97421e-05 -0.000308264 0.000201263 -0.000486775 -0.00176243 -0.00317604 0.00093992 -0.000227256 -0.000877021 -0.00268174 -0.00111592 -0.000305777 0.000320966 -0.00138549
internal_weight=53702.6 15972.5 8431.75 4368.98 1684.7 994.303 4062.77 1803.15 7540.76 1010.68 1384.86 1131.82 2684.28 753.556
internal_count=215795 64256 34005 17593 6823 4026 16412 7280 30251 4061 5588 4565 10770 3029
is_linear=0
shrinkage=0.02


Tree=348
num_leaves=15
num_cat=0
split_feature=29 7 25 13 13 20 13 18 5 29 29 5 7 19
split_gain=4.33569 3.63737 16.8278 8.20685 8.54094 10.8388 8.00305 9.52494 7.65506 7.61345 8.93178 7.36961 7.27291 6.67363
threshold=2.4668688044984099e-13 0.00016676234372425827 -0.15345327556133267 0.00015077280113473537 5.5212020015460446e-05 -0.16567097604274747 4.6309492972795858e-05 -0.14063291251659391 0.00018945501506095755 4.6213130978217675e-13 1.3969233755850576e-12 4.8450594476889826e-05 9.8645450634649037e-05 -0.58537012338638295
decision_type=2 10 10 10 8 2 10 2 8 2 2 10 10 2
left_child=-1 2 11 4 5 12 -7 -8 -6 -9 -11 -2 -4 -3
right_child=1 13 3 -5 8 6 7 9 -10 10 -12 -13 -14 -15
leaf_value=0.0019405247691989228 0.0045867015255605624 0.0023188919035607154 -0.00040990426074521096 -0.0022050406973499253 0.00020658257367514788 0.0004057574595711643 -0.0039046817201402683 -0.0028642115789754893 0.0020759495487332764 0.0011158700755963687 -0.0028563727436515208 0.0012788709543815628 -0.0038891356706939008 -0.00019817342774787792
leaf_weight=435.92276583611965 291.45946019887924 407.46732302010059 415.14802853763103 646.2840721309185 12558.640722990036 3374.5938860327005 389.40988105535507 391.62209288775921 922.59294329583645 1021.8445187658072 269.43382175266743 2297.1031255573034 568.18173648416996 29788.140994936228
leaf_count=1761 1181 1657 1674 2593 50390 13595 1567 1570 3703 4105 1090 9279 2290 119644
internal_value=-1.55203e-06 -1.81445e-05 0.000170407 -2.15836e-05 5.14283e-05 -0.000547308 -0.000194694 -0.00116701 0.000337399 -0.00049512 0.000256111 0.00168363 -0.0024577 -0.000162695
internal_weight=53777.8 53341.9 23146.3 20557.8 19911.5 6430.23 5446.9 2072.31 13481.2 1682.9 1291.28 2588.56 983.33 30195.6
internal_count=216099 214338 93037 82577 79984 25891 21927 8332 54093 6765 5195 10460 3964 121301
is_linear=0
shrinkage=0.02


Tree=349
num_leaves=15
num_cat=0
split_feature=1 21 22 10 22 28 21 3 1 16 19 3 16 16
split_gain=7.24559 10.6787 8.96218 8.26568 7.84474 6.47184 6.47155 8.07261 5.25178 7.71917 10.3486 4.98287 6.66682 7.97927
threshold=2.937115095846821e-05 0.27808928489685064 -0.13093612343072888 0.75000000000000011 -0.10960133001208304 2.7698406990326474e-13 -0.19403851777315137 6.5089370764326318e-05 3.2522844776394784e-05 0.32038111984729772 -0.2780186235904693 0.00012666408292716372 0.12909103184938434 -0.050891343504190438
decision_type=8 2 2 2 2 2 2 8 10 2 2 10 2 2
left_child=1 2 6 -3 -4 -6 -1 -8 9 10 -2 12 13 -7
right_child=8 3 4 -5 5 11 7 -9 -10 -11 -12 -13 -14 -15
leaf_value=-0.00047701614558670255 -0.0017119151906114208 -0.0054729977703757583 0.003051356273808157 -0.00068752263980285109 0.002757848481110992 -0.00038602058492941338 -0.0051782250508497201 -0.00075222677016269582 3.7204649612852021e-05 -0.001873962328907286 0.002362752113736074 -0.0022643989928332773 -0.0011659486687959177 0.0018656386050430779
leaf_weight=753.97580254077911 289.82375310361385 284.63313062489033 300.01173776388168 286.93570013344288 262.98190939426422 1626.2982964068651 350.70876218378544 311.0249350965023 44525.004273205996 279.72186493873596 1343.9662160128355 470.58048442006111 1547.6184734553099 1001.6719979941845
leaf_count=3037 1168 1145 1208 1152 1059 6535 1410 1250 178912 1124 5395 1891 6217 4022
internal_value=-1.0052e-05 -0.000599641 -0.000368554 -0.00317509 1.69863e-05 -0.000180081 -0.00176764 -0.00318104 8.15337e-05 0.00110196 0.00162797 -0.000357481 -0.000132805 0.000479826
internal_weight=53635 7196.44 6624.87 571.569 5209.16 4909.15 1415.71 661.734 46438.5 1913.51 1633.79 4646.17 4175.59 2627.97
internal_count=215525 28926 26629 2297 20932 19724 5697 2660 186599 7687 6563 18665 16774 10557
is_linear=0
shrinkage=0.02


Tree=350
num_leaves=15
num_cat=0
split_feature=13 13 13 7 17 5 13 21 8 27 28 3 7 27
split_gain=4.22487 7.85194 9.78644 8.95776 8.20356 6.80941 6.70967 8.10208 9.77406 14.6581 8.75232 4.49861 5.05997 10.8988
threshold=0.00019018566672457385 0.00016234647773671898 0.00015077280113473537 0.00023751406843075531 -0.14969464391469953 0.00020710935496026653 0.00020615132234524938 -0.053146244958043092 0.75000000000000011 0.026666667312383655 7.2055317441865895e-13 0.00044063832319807267 0.00016961968503892424 0.026666667312383655
decision_type=10 8 10 8 2 10 10 2 2 8 2 10 10 8
left_child=1 2 11 -3 -4 -6 -2 10 -9 -10 -8 12 13 -1
right_child=6 3 4 -5 5 -7 7 8 9 -11 -12 -13 -14 -15
leaf_value=0.00011581589386096202 -0.0030502988775112367 -0.00042211879708537765 -0.0044079431445747629 0.002722825596464893 -0.0021344155952892278 0.001671039827049743 0.0035366815319740133 0.0014578075845819178 -0.0051220314345540568 0.00061194894925466193 -0.0008903523368640298 0.0021794807847027491 -0.00016170507883643309 0.0016835502799782242
leaf_weight=21347.423607096076 422.24317182600498 593.96562865376472 326.4776623249054 889.99020832777023 463.57240697741508 289.41212750971317 344.46424141526222 316.12518593668938 398.22813294827938 304.15482783317566 337.7059565782547 373.7599004805088 25452.945539802313 1914.9225473254919
leaf_count=85841 1699 2385 1312 3584 1859 1163 1383 1273 1599 1226 1363 1517 102217 7673
internal_value=1.51549e-05 5.12368e-05 8.54689e-06 0.00147516 -0.0018576 -0.000666384 -0.000855034 -0.000280875 -0.0013999 -0.00269083 0.00138216 5.0323e-05 3.30997e-05 0.000246205
internal_weight=53775.4 51652.5 50168.5 1483.96 1079.46 752.985 2122.92 1700.68 1018.51 702.383 682.17 49089.1 48715.3 23262.3
internal_count=216094 207551 201582 5969 4334 3022 8543 6844 4098 2825 2746 197248 195731 93514
is_linear=0
shrinkage=0.02


Tree=351
num_leaves=15
num_cat=0
split_feature=3 13 29 24 13 29 5 12 19 28 24 12 22 20
split_gain=5.29391 5.40146 5.9064 6.04598 10.8749 12.6692 4.79609 4.68894 8.02903 5.67569 4.99056 4.48097 4.34864 8.66916
threshold=2.6435709514771592e-05 3.3007851016009233e-05 2.4668688044984099e-13 0.19187354296445849 6.7092816607328145e-05 8.6706363660107876e-13 5.0799544624169364e-05 0.41666667163372045 0.22290670126676562 7.4572075944856496e-13 0.01869288366287947 0.75000000000000011 -0.12300241738557814 -0.041303278878331177
decision_type=10 8 2 10 10 2 8 2 2 2 10 2 2 2
left_child=6 11 -3 7 -5 -6 -1 8 9 10 -4 12 -2 -14
right_child=1 2 3 4 5 -7 -8 -9 -10 -11 -12 -13 13 -15
leaf_value=-0.00021909848464485423 -0.0039448775140904545 0.0024754344999013099 -0.0008083500768216867 0.0032464319811929734 0.0022373575178694367 -0.0037438774914557021 0.0027776665343981896 -0.00012437980600823128 -0.0019094480780888674 0.0028782935594838161 0.0025314610991117687 5.3406789076684347e-05 0.0019065171165595859 -0.0023612185335185544
leaf_weight=368.71671350300312 286.24060842394829 351.9887380450964 498.76453574001789 577.21992041170597 274.14833292365074 254.1444089114666 479.04834155738354 47587.605833634734 308.51337386667728 668.04430778324604 253.73042921721935 807.43005384504795 251.41451174020767 633.50732655823231
leaf_count=1487 1156 1422 2002 2324 1102 1024 1930 191164 1242 2696 1017 3252 1016 2555
internal_value=-5.02006e-05 -7.56604e-05 -3.5502e-05 -5.4005e-05 0.00139544 -0.000671627 0.00149928 -8.70492e-05 0.000930051 0.00156468 0.00035417 -0.00109553 -0.00187523 -0.00113338
internal_weight=53600.5 52752.8 50774.2 50422.2 1105.51 528.293 847.765 49316.7 1729.05 1420.54 752.495 1978.59 1171.16 884.922
internal_count=215389 211972 203993 202571 4450 2126 3417 198121 6957 5715 3019 7979 4727 3571
is_linear=0
shrinkage=0.02


Tree=352
num_leaves=15
num_cat=0
split_feature=1 1 28 0 23 23 21 28 21 5 28 0 19 25
split_gain=3.83304 7.54753 10.2775 8.97742 8.30446 7.1789 7.12212 6.52022 6.29958 5.88218 7.86602 5.83638 5.82069 6.79398
threshold=7.6909582276130109e-05 8.350075222551824e-05 3.8373583553363155e-13 0.04891361482441426 -0.08056821301579474 0.16580922156572345 -0.31141000986099238 8.6529321576857287e-13 -0.21395283192396161 0.0001589498788234778 4.5542478750888748e-13 0.046155652031302459 -0.12744452059268949 0.0055185628589242705
decision_type=10 10 2 2 2 2 2 2 2 10 2 2 2 10
left_child=-1 2 -2 6 -4 -6 7 -3 -5 12 -11 -8 -10 -14
right_child=1 3 4 8 5 -7 11 -9 9 10 -12 -13 13 -15
leaf_value=0.00013145181865868027 0.0021027135313559102 -0.00024574249724274402 9.8764166434052201e-05 -0.00094913170329551143 -0.0031182897307467285 0.00049395353637851896 -0.0003274191616537677 0.0040880282652610784 0.0049076356278768161 -0.0024929479181288383 0.0010931883151203497 -0.0026301884337169203 -0.00064789991361723271 0.0030132657520125054
leaf_weight=35536.179504424334 307.85439531505108 275.98865181207657 705.35695426166058 631.14514657855034 1282.5496837645769 258.77755559980869 11316.86522077024 255.20608621835709 259.88689149916172 272.17850053310394 1500.224506303668 438.75182294845581 338.94757199287415 463.28505881130695
leaf_count=142730 1235 1110 2837 2580 5144 1040 45367 1030 1058 1101 6109 1766 1376 1878
internal_value=1.03502e-05 -0.00022461 -0.00122857 -6.04488e-05 -0.00169957 -0.00251326 -0.000314151 0.00190915 0.000835642 0.00123691 0.000520812 -0.000417686 0.00240019 0.00148827
internal_weight=53843.2 18307 2554.54 15752.5 2246.68 1541.33 12286.8 531.195 3465.67 2834.52 1772.4 11755.6 1062.12 802.233
internal_count=216361 73631 10256 63375 9021 6184 49273 2140 14102 11522 7210 47133 4312 3254
is_linear=0
shrinkage=0.02


Tree=353
num_leaves=15
num_cat=0
split_feature=20 9 5 23 16 11 23 24 7 15 24 21 26 5
split_gain=4.65816 7.46982 6.94154 6.82826 6.64296 5.92589 7.31168 7.27319 12.7976 10.6043 7.97689 9.80939 5.92712 9.58867
threshold=0.097609050571918501 0.00079368398291990172 0.00030971340311225509 -0.12830281257629392 -0.32275193929672236 0.0004829056997550652 -0.26737269759178156 0.096269365400075926 0.00021702372032450515 -0.054038349539041512 0.042655557394027717 0.14955155551433566 2.9420910152566652e-15 0.00012902596063213426
decision_type=2 10 10 2 2 8 2 10 10 2 10 2 10 10
left_child=1 5 -3 -2 -5 7 -7 10 12 -10 -1 -12 13 -9
right_child=3 2 -4 4 -6 6 -8 8 9 -11 11 -13 -14 -15
leaf_value=-2.5851817036112679e-05 -0.0026597815856124235 -0.0043963304198911023 -0.00044122926618486171 -0.0028247776823418936 -0.00015862833102121956 -0.0021153021416835962 0.00077442491553190974 -0.0018546882697046128 -0.0063917855754545725 -0.0010092976719006605 0.0012068466724270638 -0.002710409814549545 0.0020011812512986844 0.0019336316370867309
leaf_weight=24678.712988317013 460.31045266985893 253.3558040112257 521.03093926608562 364.66476318240166 13423.028937295079 348.64584384858608 7407.7428929358721 935.72362089157104 262.93788129091263 322.18925672769547 3690.6348888278008 255.95266346633434 371.55399830639362 352.71098682284355
leaf_count=99222 1865 1018 2111 1466 53910 1406 29715 3762 1056 1294 14821 1031 1489 1419
internal_value=-5.49764e-06 0.00010658 -0.00181332 -0.00031515 -0.000233134 0.000145988 0.000639427 2.16751e-05 -0.00106933 -0.00355933 0.000107931 0.000940411 -0.000159711 -0.000803925
internal_weight=53649.2 39401.2 774.387 14248 13787.7 38626.8 7756.39 30870.4 2245.12 585.127 28625.3 3946.59 1659.99 1288.43
internal_count=215585 158344 3129 57241 55376 155215 31121 124094 9020 2350 115074 15852 6670 5181
is_linear=0
shrinkage=0.02


Tree=354
num_leaves=15
num_cat=0
split_feature=29 5 25 23 20 7 11 0 0 28 5 28 0 28
split_gain=4.47179 8.75753 12.6933 9.53189 9.89786 10.9007 8.94345 8.47504 8.24602 8.12593 8.24557 11.2526 8.10711 6.66841
threshold=3.7054806109344118e-13 9.6707164630061029e-05 0.10733103752136232 0.042493680492043502 -0.037962254136800759 0.00019115168106509375 0.00017034226766554641 0.022571832872927192 0.020060267299413684 4.0946594530820451e-13 0.00017031419702107089 3.8991548976120149e-13 0.02028679754585028 3.8373583553363155e-13
decision_type=2 10 10 2 2 10 10 2 2 2 10 2 2 2
left_child=1 6 3 4 8 -6 -1 -5 -3 10 -2 12 -12 -8
right_child=9 2 -4 7 5 -7 13 -9 -10 -11 11 -13 -14 -15
leaf_value=-0.0015687073495436001 0.00023969183086471207 -0.0045684887182463434 0.0024218257909559304 -0.0014811763621168242 -0.0021789853699841866 0.0029941333036882199 0.0029534492997879435 -0.0062438291621233098 -0.00079954551365609794 -5.7061229082697949e-05 -0.00081477752291441569 0.0046562614244554995 0.0022950779092282235 -0.00085247233908341093
leaf_weight=456.71174485981464 4058.801373898983 369.63171717524529 295.17232447862625 308.05659554898739 258.78127105534077 375.35967747867107 602.64051039516926 303.61234223842621 601.46889567375183 44099.552753463387 580.90050074458122 419.73384493589401 747.99133916199207 250.80107724666595
leaf_count=1836 16283 1480 1187 1233 1039 1506 2420 1219 2418 177261 2326 1683 3008 1007
internal_value=-1.49379e-05 -0.000672409 -0.00136007 -0.00188077 -0.00104638 0.000881002 0.000646742 -0.00396804 -0.00229737 3.56652e-05 0.000737576 0.00187746 0.000943737 0.00184109
internal_weight=53729.2 3822.24 2512.08 2216.91 1605.24 634.141 1310.15 611.669 971.101 49907 5807.43 1748.63 1328.89 853.442
internal_count=215906 15345 10082 8895 6443 2545 5263 2452 3898 200561 23300 7017 5334 3427
is_linear=0
shrinkage=0.02


Tree=355
num_leaves=15
num_cat=0
split_feature=13 3 13 13 13 5 13 30 7 27 7 13 20 5
split_gain=4.33903 8.4226 4.41063 9.76472 7.20377 6.94036 6.87907 10.3116 5.49682 5.7066 5.24809 11.9236 13.3222 11.8142
threshold=0.00027394181233830755 0.00018062128219753507 0.00020615132234524938 0.00019018566672457385 0.00016234647773671898 0.00028110078710597014 0.00014539007679559293 -0.10245371982455252 0.00022086950775701555 -2.2204460492503127e-15 0.00016961968503892424 7.0254791353363557e-05 -0.16039312630891797 0.00018681660731090235
decision_type=10 10 8 10 10 10 10 2 10 8 10 10 2 10
left_child=2 -2 3 4 6 -4 10 -8 -6 -10 11 -1 -13 -14
right_child=1 -3 5 -5 8 -7 7 -9 9 -11 -12 12 13 -15
leaf_value=-0.00016332452484834161 -0.0040107576311727402 7.6083289127893851e-05 0.0026357204179314826 -0.002979618447905692 -0.0002756920542475997 -0.0011168373538338685 -0.0033888314055210956 -0.00013787981244867682 0.00074097081664045304 0.0038327670400033994 -0.00018177669527928789 -0.00086791835257357035 0.00083702532764051436 0.0034380559363359768
leaf_weight=13051.580735683441 297.03848958015442 552.51921980082989 579.84234797954559 419.6477742344141 517.81772446632385 279.88604159653187 578.85418067872524 1125.6400600671768 502.11388282477856 457.05701038241386 25305.355920165777 1673.3605104535818 7597.5113099962473 753.19544976949692
leaf_count=52542 1192 2228 2329 1688 2079 1130 2324 4518 2022 1840 101638 6724 30475 3022
internal_value=-1.09111e-05 -0.00141222 1.2144e-05 -1.16176e-05 1.36838e-05 0.00141645 -2.71668e-05 -0.00126842 0.0013808 0.00226244 1.70693e-05 0.000235098 0.000753145 0.00107928
internal_weight=53691.4 849.558 52841.9 51982.1 51562.5 859.728 50085.5 1704.49 1476.99 959.171 48381 23075.6 10024.1 8350.71
internal_count=215751 3420 212331 208872 207184 3459 201243 6842 5941 3862 194401 92763 40221 33497
is_linear=0
shrinkage=0.02


Tree=356
num_leaves=15
num_cat=0
split_feature=22 22 13 1 21 7 27 21 13 29 23 11 27 7
split_gain=4.77625 10.8523 9.57875 8.35114 8.81983 8.62934 7.30786 7.27341 10.4681 10.3801 9.71126 7.25236 8.74439 19.3369
threshold=-0.12300241738557814 -0.099073778837919221 0.0001366257783956826 0.00021683648810721937 -0.075687669217586503 0.00037855574919376528 -0.097777780145406709 -0.20373266190290448 2.6147035896428864e-05 4.4845270346597498e-13 -0.20192908495664594 0.00022074429580243307 -0.24333333224058148 0.00011043110862374307
decision_type=2 2 10 10 2 10 10 2 10 2 2 10 8 10
left_child=3 2 -2 4 5 -1 -7 9 -9 -3 -10 12 13 -12
right_child=1 7 -4 -5 -6 6 -8 8 10 -11 11 -13 -14 -15
leaf_value=9.8478609642178619e-05 0.0018260708578476201 -0.0042789812839612662 -0.0015759424735024049 0.0031548530849246472 -0.0015562838720510907 -0.003929334701332045 -0.00010649413697492 0.003265684978410106 0.0037060514551940076 -0.0004582094695384872 0.0013480700474338631 0.00024785026372488734 -0.00021825772828635404 -0.0053244160136216544
leaf_weight=7587.6188554316759 2399.4975394010544 313.89645184576511 367.83210977911949 251.07629261910915 2093.1421390324831 394.38098691403866 388.87952384352684 404.19920635223389 277.36967998743057 1965.3203015178442 288.99878931045532 27143.87868180871 9471.1098018586636 391.79597432911396
leaf_count=30534 9650 1263 1478 1020 8422 1591 1562 1630 1126 7939 1174 108946 38021 1591
internal_value=6.48248e-05 0.00015893 0.00136581 -0.000312623 -0.000401682 -0.000109952 -0.00208125 7.53288e-05 0.000141389 -0.00101705 0.00010606 7.73143e-05 -0.000378251 -0.0025343
internal_weight=53739 43023.9 2767.33 10715.1 10464 8370.88 783.261 40256.6 37977.4 2279.22 37573.2 37295.8 10151.9 680.795
internal_count=215947 172818 11128 43129 42109 33687 3153 161690 152488 9202 150858 149732 40786 2765
is_linear=0
shrinkage=0.02


Tree=357
num_leaves=15
num_cat=0
split_feature=23 11 11 5 16 17 23 18 25 18 28 28 5 2
split_gain=3.53719 5.80009 5.92654 9.25891 5.51349 10.9519 7.91142 6.63281 7.07868 6.63479 5.264 4.55371 6.09183 4.3578
threshold=-0.33430701494216913 0.00034718900860752916 0.00025364343309775 0.00010444302097312176 -0.10203853994607924 -0.13521829992532727 -0.30933836102485651 -0.05431906878948211 -0.055495010688900941 0.10331718623638154 6.4491782140324593e-13 2.7698406990326474e-13 0.00010314577593817377 0.75000000000000011
decision_type=2 8 10 10 2 2 2 2 10 2 2 2 10 2
left_child=1 2 3 -1 6 7 -2 10 -9 -10 -6 12 -7 -8
right_child=4 -3 -4 -5 5 11 13 8 9 -11 -12 -13 -14 -15
leaf_value=-0.0014172856696902496 -0.0034907135237672625 -0.0010799573162996435 0.0042583181381200454 0.0032944129283303948 0.00092097850189363898 0.0029537142103914886 2.2272257906953734e-05 -0.0013029310445829298 -1.6231450406443324e-05 0.0035871319879085869 0.0043960354423327169 -4.523242575571713e-05 -8.5664128778074859e-05 -0.00058146474122729662
leaf_weight=347.46114906668663 292.13621586561203 367.00154076516628 264.04563489556313 287.19637307524681 306.97159366309643 460.5279303342104 9561.1103088259697 465.06628723442554 416.51007334887981 381.01333850622177 427.61014863848686 30022.491545692086 582.36701335012913 9545.0136539340019
leaf_count=1414 1176 1489 1076 1172 1233 1853 38491 1877 1675 1536 1727 120549 2341 38284
internal_value=-3.86625e-05 0.000997776 0.0018513 0.000750368 -6.4039e-05 9.30123e-05 -0.000331539 0.00152106 0.000623266 0.0017509 0.00300676 2.84576e-07 0.00128681 -0.000279635
internal_weight=53726.5 1265.7 898.703 634.658 52460.8 33062.6 19398.3 1997.17 1262.59 797.523 734.582 31065.4 1042.89 19106.1
internal_count=215893 5151 3662 2586 210742 132791 77951 8048 5088 3211 2960 124743 4194 76775
is_linear=0
shrinkage=0.02


Tree=358
num_leaves=15
num_cat=0
split_feature=27 12 20 18 19 27 14 4 29 23 17 25 29 22
split_gain=6.7561 8.36461 10.5052 12.4096 10.7588 13.443 11.0426 9.14503 6.93889 11.8122 9.84319 7.91289 7.74149 8.49081
threshold=-0.097777780145406709 0.75000000000000011 0.072590947151184096 -0.29583747684955591 -0.21502128243446347 -0.24333333224058148 -1.0000000180025095e-35 0.58333334326744091 6.3069186917279206e-13 -0.032919451594352715 -0.31469903886318201 -0.049447886645793908 8.2678585115389401e-13 -0.067233223468065248
decision_type=10 2 2 2 2 10 2 2 2 2 2 10 2 2
left_child=1 2 3 7 -5 6 -6 -1 9 10 -3 -12 -10 -14
right_child=-2 8 -4 4 5 -7 -8 -9 12 -11 11 -13 13 -15
leaf_value=0.00094979054488479207 -0.00015590462110119801 0.0010559213218229826 -0.0012170240867151671 0.0023872671406278065 0.00075906069732739557 0.00092028151309318188 -0.0035560075640750518 -0.0021691039792879215 0.0024371593599697627 0.0019214920368075704 -0.00076559834212765166 -0.0039751280818474547 -0.00019334925326536169 0.0016044849839614015
leaf_weight=539.01640433073044 35430.650515109301 785.83188731968403 2454.5718208253384 1247.8994234502316 393.96189421415329 3031.4008108526468 554.36874733865261 1155.6471150815487 1440.2001938819885 910.78884343802929 1109.4922855645418 412.30854071676731 2020.11193805933 2161.1563396155834
leaf_count=2188 142019 3161 9927 5059 1600 12214 2252 4672 5797 3661 4458 1655 8171 8743
internal_value=5.01491e-06 0.000317823 -9.8335e-05 0.000300704 0.000782586 0.000269996 -0.00178476 -0.00117758 0.000758486 1.73477e-05 -0.000744243 -0.00167546 0.00118124 0.000739105
internal_weight=53647.4 18216.8 9376.87 6922.29 5227.63 3979.73 948.331 1694.66 8839.89 3218.42 2307.63 1521.8 5621.47 4181.27
internal_count=215577 73558 37912 27985 21125 16066 3852 6860 35646 12935 9274 6113 22711 16914
is_linear=0
shrinkage=0.02


Tree=359
num_leaves=15
num_cat=0
split_feature=13 13 29 24 19 25 5 29 25 23 6 13 16 7
split_gain=7.19994 8.00077 8.35659 7.76751 18.0089 7.81351 10.9379 8.24152 7.07663 6.94536 6.42886 6.9195 5.9013 5.0068
threshold=2.6147035896428864e-05 3.1393356039188809e-05 2.4668688044984099e-13 -0.18194096535444257 -0.063141744583845125 -0.18208537250757215 0.00024649426632095134 7.0710443251555132e-13 -0.028356013819575306 -0.20192908495664594 0.91666665673255932 7.1588714490644647e-05 -1.0000000180025095e-35 0.00054397471831180166
decision_type=10 10 2 10 2 10 10 2 10 2 2 10 2 10
left_child=12 8 -3 4 9 6 7 -5 -2 10 11 -4 -1 -7
right_child=1 2 3 5 -6 13 -8 -9 -10 -11 -12 -13 -14 -15
leaf_value=0.00011642863162081424 0.00010222921146826152 0.0029670874706841867 -0.001697336903525373 0.00017302668809429317 -0.0043496778405452382 -2.718051290676087e-05 -0.0022175482648637613 0.0030028400331035578 -0.0031721920254689576 0.0017294630020914018 -0.0036023643666274309 0.0023917786985601717 0.0038761363200162592 0.0010601242410042152
leaf_weight=320.67139463126659 474.61949440836906 366.60180030763149 377.54170715808868 681.65640425682068 514.52084821462631 45951.220891520381 287.59449836611748 1029.3814617544413 571.54438076913357 531.03914529085159 265.50723302364349 263.62770092487335 331.37535110116005 1738.8324927836657
leaf_count=1296 1914 1482 1523 2748 2069 184498 1171 4188 2301 2138 1067 1063 1337 7018
internal_value=2.8504e-05 2.44485e-06 3.75894e-05 1.56521e-05 -0.00121531 6.44854e-05 0.00128326 0.0018905 -0.00171261 -4.93147e-05 -0.00110598 5.46378e-06 0.00208563 1.28916e-05
internal_weight=53705.7 53053.7 52007.5 51640.9 1952.24 49688.7 1998.63 1711.04 1046.16 1437.72 906.677 641.169 652.047 47690.1
internal_count=215813 213180 208965 207483 7860 199623 8107 6936 4215 5791 3653 2586 2633 191516
is_linear=0
shrinkage=0.02


Tree=360
num_leaves=15
num_cat=0
split_feature=3 1 14 14 14 25 19 19 12 16 1 19 19 3
split_gain=5.0431 4.85471 5.65862 6.03667 10.4203 6.78846 5.65357 5.25387 4.84248 4.26509 3.67923 8.66735 9.11396 5.9455
threshold=2.6435709514771592e-05 2.3764247089275162e-05 -0.81817910075187672 0.32407245039939886 0.52825358510017406 0.092301882803440108 0.12461967766284944 -0.28272995352745051 0.91666665673255932 0.021152659319341186 3.5155699151800952e-05 -0.2780186235904693 -0.23658903688192365 4.7223607907653793e-05
decision_type=10 10 2 2 2 10 2 2 2 2 10 2 2 10
left_child=9 2 -2 5 -5 7 -6 -4 -9 -1 11 -3 -13 -12
right_child=1 10 3 4 6 -7 -8 8 -10 -11 13 12 -14 -15
leaf_value=0.00016157460807962151 -0.0028896058134564211 -0.0012413862123026654 0.0016447833667839621 -0.0042537980386748034 0.0014584862682094919 0.0024352061223831506 -0.0018944957048865391 -0.0002334848306858468 -0.0028183977020553074 0.0029610873038200605 -0.0010695198124633576 0.0043790812403722828 0.00059168279316506233 5.4251628559818406e-06
leaf_weight=461.64747603237629 407.65517908334732 985.69627600908279 393.01317335665226 376.33988812565804 376.14701151847839 404.01075884699821 389.09994368255138 1134.5069724917412 371.36243106424809 396.09562937915325 2148.633089646697 248.29290251433849 5125.5196074843407 40393.472723647952
leaf_count=1862 1642 3972 1584 1511 1514 1623 1565 4557 1489 1595 8637 998 20575 162308
internal_value=-1.11682e-05 -3.61711e-05 -0.000717865 -0.000445642 -0.00162124 0.000146066 -0.000251212 -0.000361282 -0.000899536 0.00149237 1.77997e-05 0.0004657 0.000782265 -4.93431e-05
internal_weight=53611.5 52753.7 3852.14 3444.48 1141.59 2302.89 765.247 1898.88 1505.87 857.743 48901.6 6359.51 5373.81 42542.1
internal_count=215432 211975 15485 13843 4590 9253 3079 7630 6046 3457 196490 25545 21573 170945
is_linear=0
shrinkage=0.02


Tree=361
num_leaves=15
num_cat=0
split_feature=9 9 17 17 6 9 15 21 18 21 15 24 24 15
split_gain=3.81121 6.30263 7.13143 10.974 8.9374 11.7653 8.0203 6.61531 9.28272 6.12073 5.82547 5.65987 11.0614 8.02474
threshold=0.0001341455717920326 0.00011246026042499581 0.064590770751237883 -0.16775813698768613 0.91666665673255932 0.00012258925562491643 0.48324583470821386 -0.26830777525901789 -0.25110661983489985 -0.22459292411804196 0.25857058167457586 -0.1016608029603958 -0.0038672338705509897 0.78707462549209606
decision_type=10 8 2 2 2 10 2 2 2 2 2 10 10 2
left_child=1 7 3 4 5 -3 10 8 -1 -9 -4 -11 -13 -14
right_child=-2 2 6 -5 -6 -7 -8 9 -10 11 -12 12 13 -15
leaf_value=0.00033944399970675437 -5.5036385281182791e-05 0.0039000934736624815 -0.00012070802366120154 0.0032580451107114168 -0.0023588018249857336 -0.00061964185060246345 0.0017939565561737262 0.0031104384310708228 -0.0043699647728669792 -0.0015674788022405836 -0.0034409182007419832 0.0015816326333281446 -0.00087471486849600717 0.0022243946670088936
leaf_weight=347.32110057771206 43744.117825075984 404.67974936962128 727.84919089078903 1011.0690536499023 315.49908754229546 493.35160495340824 598.30553595721722 255.98223254084587 298.50976629555225 720.08078597486019 278.78460282087326 1700.7086221277714 2427.820077508688 367.6262564510107
leaf_count=1405 175742 1632 2925 4062 1266 1989 2408 1032 1208 2901 1120 6839 9751 1480
internal_value=2.53597e-05 0.000378299 0.00101231 0.00174022 0.000443297 0.00145768 -5.63191e-06 -2.05617e-05 -0.00190317 0.000207745 -0.00108935 5.39619e-05 0.000319435 -0.000454248
internal_weight=53691.7 9947.59 3829.54 2224.6 1213.53 898.031 1604.94 6118.05 645.831 5472.22 1006.63 5216.24 4496.15 2795.45
internal_count=215760 40018 15402 8949 4887 3621 6453 24616 2613 22003 4045 20971 18070 11231
is_linear=0
shrinkage=0.02


Tree=362
num_leaves=15
num_cat=0
split_feature=24 25 5 3 10 19 1 18 1 25 18 23 25 1
split_gain=6.19237 8.05953 8.08847 11.148 8.56667 7.69763 9.44759 6.96323 6.78104 10.0967 15.2978 9.31642 7.687 7.42771
threshold=-0.055580521002411835 -0.089467529207468019 0.00016923333896556872 0.00016391956160077828 0.75000000000000011 -0.058059358969330781 2.5550050850142728e-05 -0.078609537333250032 7.3905106546590118e-05 -0.063928481191396699 0.098146796226501479 0.18566469848155978 1.0000000180025095e-35 4.81584847875638e-05
decision_type=10 8 8 10 2 2 10 2 10 10 2 2 10 10
left_child=1 -1 3 5 7 -3 -7 -4 11 10 -10 -2 -13 -14
right_child=8 2 4 -5 -6 6 -8 -9 9 -11 -12 12 13 -15
leaf_value=-2.3137432173951721e-05 0.00022813596648643163 0.0014992526836095747 -0.0014093464159033687 -0.0035251748370409854 0.0029567367781368715 -0.0037324462081078959 0.00029201464776113401 0.0020564478638052243 -0.00069054634590080637 -0.00030448083390890074 -0.0051336353671019141 -0.0039282285239012529 -0.0014005796243543637 0.00060648086209008645
leaf_weight=10240.099608078599 20184.536721646786 2032.8898761421442 432.2465238571167 254.64028678834438 1226.6904880255461 249.17256565392017 1736.2819111198187 456.85844568908215 1020.2736492753029 12131.201051846147 430.19249977171421 287.45083583891392 1828.8723734468222 1212.0054425895214
leaf_count=41218 81018 8178 1743 1024 4930 1001 6977 1839 4115 48736 1735 1154 7346 4870
internal_value=4.4636e-06 0.000324937 0.000881171 0.000376855 0.0018866 0.000640359 -0.000245237 0.000377583 -0.000139297 -0.00049474 -0.00206022 6.62622e-05 -0.000910915 -0.000601888
internal_weight=53723.4 16628.9 6388.78 4272.98 2115.8 4018.34 1985.45 889.105 37094.5 13581.7 1450.47 23512.9 3328.33 3040.88
internal_count=215884 66910 25692 17180 8512 16156 7978 3582 148974 54586 5850 94388 13370 12216
is_linear=0
shrinkage=0.02


Tree=363
num_leaves=15
num_cat=0
split_feature=20 20 13 17 26 11 23 11 3 17 18 14 14 7
split_gain=4.57421 12.0116 6.18396 5.55901 7.61906 9.74052 12.5763 11.6798 10.538 7.20811 7.00427 6.63307 7.97357 7.07452
threshold=-0.011577340774238108 -0.003168558818288147 6.4729665609775125e-05 0.72170546650886547 -0.18333333730697629 0.00020067312289029363 0.0057168190833181151 0.00017034226766554641 0.00012822870485251772 -0.48896208405494684 0.10069054737687112 -0.46224616467952723 -0.56818848848342884 6.5730364440241842e-05
decision_type=2 2 10 2 10 8 2 8 10 2 2 2 2 10
left_child=-1 2 -2 4 5 7 8 10 -7 -6 -3 12 -11 -13
right_child=1 3 -4 -5 9 6 -8 -9 -10 11 -12 13 -14 -15
leaf_value=-0.00018364437977049885 -4.6638585134287692e-05 0.0026319633210173622 0.0032418763771991416 -0.0016098278099637433 -0.0031482437732994 0.0058107793418935762 0.00062962708436034272 -0.0032885297591114322 0.00065172362953678869 0.00024851279649464644 -0.0011390469167794532 -0.0021053085679981214 0.0025793061390755197 9.4942834437953369e-06
leaf_weight=26307.650683239102 326.98880589008331 441.12829032540321 736.87333749234676 719.02448198199272 262.47466525435448 456.17771115899086 1050.6065500676632 346.09974199533463 245.60956431925297 1842.4145042151213 328.48806382715702 634.33356010913849 845.09566681087017 19157.436876699328
leaf_count=105762 1317 1786 2956 2908 1054 1851 4255 1400 1002 7390 1331 2546 3389 76846
internal_value=4.63905e-06 0.000185466 0.00224891 0.000100446 0.000149682 0.00111732 0.00203914 -0.000340932 0.00407332 2.67722e-05 0.00103434 6.66102e-05 0.000995077 -6.03428e-05
internal_weight=53700.4 27392.8 1063.86 26328.9 25609.9 2868.11 1752.39 1115.72 701.787 22741.8 769.616 22479.3 2687.51 19791.8
internal_count=215793 110031 4273 105758 102850 11625 7108 4517 2853 91225 3117 90171 10779 79392
is_linear=0
shrinkage=0.02


Tree=364
num_leaves=15
num_cat=0
split_feature=29 11 11 4 13 29 13 28 4 25 26 16 13 13
split_gain=6.09137 9.95849 16.7239 10.7323 8.98548 10.3108 9.02164 12.7127 11.0257 8.02017 9.22994 7.7797 9.9382 10.6925
threshold=6.429601859606061e-13 0.00022635493951383981 0.00043062122131232178 0.91666665673255932 9.0905155957443653e-05 6.0089048537284594e-13 6.0662930991384208e-05 4.9148293941592157e-13 0.91666665673255932 0.10733103752136232 3.8302694349567909e-15 -0.11143136769533156 9.7230105893686427e-05 0.00011193597674719059
decision_type=2 10 10 2 10 2 10 2 2 10 10 2 10 10
left_child=1 3 -3 -1 6 9 7 -4 -8 10 -6 12 -2 -14
right_child=11 2 4 -5 5 -7 8 -9 -10 -11 -12 -13 13 -15
leaf_value=-0.00038870472818585116 0.00018015645177394109 0.00050055398454536184 0.0025970819670887795 -0.0020595620172708341 0.00080645343453640008 -0.0028332892497538982 -0.0031739370234386693 -0.0023527672609822332 -0.00020999540327754193 0.0027239945048582043 -0.0012075557564617603 0.00044866033964200764 -0.0028338690972813459 -0.00037068692603633649
leaf_weight=5791.0338290184736 6809.3687769770622 11258.874830767512 422.13297112286091 2080.2543697059155 1956.9638995528221 488.00743871927261 1497.0762874186039 371.3877929598093 754.77993033826351 424.64495767652988 1667.0572834610939 16973.333052992821 1022.3146474063396 2200.8055608570576
leaf_count=23243 27472 45145 1692 8335 7847 1958 5998 1489 3024 1707 6681 68313 4106 8853
internal_value=-2.3866e-05 -0.000237919 1.18915e-05 -0.000834386 -0.00071315 -0.000147258 -0.00154969 0.000279539 -0.00219107 0.000188839 -0.000121538 0.000187879 -0.000253335 -0.00116462
internal_weight=53718 26712.2 18840.9 7871.29 7582.05 4536.67 3045.38 793.521 2251.86 4048.67 3624.02 27005.8 10032.5 3223.12
internal_count=215863 107119 75541 31578 30396 18193 12203 3181 9022 16235 14528 108744 40431 12959
is_linear=0
shrinkage=0.02


Tree=365
num_leaves=15
num_cat=0
split_feature=27 18 3 5 27 14 22 28 29 1 3 10 5 29
split_gain=4.78597 12.4187 7.09764 8.46269 6.76376 8.78825 9.40889 13.2519 10.5748 8.73437 6.73858 6.42232 6.99885 7.51812
threshold=0.026666667312383655 -0.16949440538883206 6.4589141402393593e-05 7.81321359681897e-05 -1.6375789613221057e-15 0.79983168840408336 0.09595599398016931 5.1296423705937687e-13 8.0505857514255607e-13 7.7949334809090956e-05 7.1810711233410998e-05 0.75000000000000011 0.00018286239355802539 5.3564615308358831e-13
decision_type=8 2 10 10 10 2 2 2 2 10 10 2 10 2
left_child=4 -2 3 -3 -1 6 8 -8 11 -10 -4 12 13 -6
right_child=1 2 10 -5 5 -7 7 -9 9 -11 -12 -13 -14 -15
leaf_value=2.3870600185910831e-05 0.0039034278620722518 -0.00058990166676067487 -0.0028914806771682816 0.0034602329217613636 0.0028255452563839007 0.0021756304842827884 0.00038716376809776561 -0.0034433908461423963 0.0028296882156767502 -0.00063586243555904028 0.0001831725718240529 -0.0016303900456910998 -0.0018012926644639837 -0.0010318049219933635
leaf_weight=40355.601536050439 381.93822765350342 321.18866604566574 280.99351404607296 532.49735717475414 479.67892012000084 387.74944704771042 536.79023855924606 1061.7330739945173 619.35312481224537 522.57746863365173 5388.8368510752916 2079.4561442285776 439.43948206305504 325.4854938685894
leaf_count=162285 1537 1287 1126 2134 1920 1554 2149 4253 2481 2096 21636 8326 1760 1303
internal_value=1.96401e-07 0.000490924 0.000279809 0.0019578 -7.23783e-05 -0.000672579 -0.000861239 -0.00216819 -0.000385859 0.00126011 2.11665e-05 -0.000955463 0.000180141 0.00127901
internal_weight=53713.3 6905.45 6523.52 853.686 46807.9 6452.26 6064.51 1598.52 4465.99 1141.93 5669.83 3324.06 1244.6 805.164
internal_count=215847 27720 26183 3421 188127 25842 24288 6402 17886 4577 22762 13309 4983 3223
is_linear=0
shrinkage=0.02


Tree=366
num_leaves=15
num_cat=0
split_feature=12 19 25 28 13 13 6 27 25 13 2 28 22 11
split_gain=4.84952 8.0517 8.00217 11.3794 7.33012 5.23331 5.04283 5.88865 8.49265 7.97407 4.9847 4.72039 4.50694 10.7332
threshold=0.41666667163372045 0.21871826797723773 -0.12078574299812316 1.0059134514933678e-12 6.442769154091367e-05 2.6147035896428864e-05 0.41666667163372045 -0.076666668057441698 0.040312891826033599 8.0074438301380737e-05 0.58333334326744091 1.0413050630098122e-12 -0.30993221700191492 0.00027639325708150869
decision_type=2 2 8 2 10 10 2 10 10 10 2 2 2 8
left_child=1 2 -1 4 -4 -2 7 9 -9 10 11 -7 13 -8
right_child=5 -3 3 -5 -6 6 12 8 -10 -11 -12 -13 -14 -15
leaf_value=-0.001441281113634881 0.0018362261715186943 -0.0015041192715213351 -0.0012102344292054012 0.0050125105814798421 0.0024137256304439711 0.0021280835433001881 -0.0036542449615877604 -0.00055474907085944786 -0.0043096362263905317 0.0028014545265199441 -0.0023167763858335899 -0.0015056269198566478 4.3348377434695252e-05 0.0010465823363340471
leaf_weight=264.32710467278957 592.08646835386753 390.9499045163393 353.16896356642246 399.98984879255295 544.94264979660511 286.58756290376186 400.91026313602924 604.53624798357487 388.48140741884708 284.37313576042652 480.66612640023232 249.02494294941425 48098.001345559955 347.75825119018555
leaf_count=1069 2390 1574 1420 1616 2185 1158 1616 2422 1557 1151 1939 1015 193224 1400
internal_value=3.4989e-05 0.00100806 0.00164772 0.00228905 0.000993337 -2.12882e-06 -2.41222e-05 -0.000936486 -0.00207979 -4.53194e-05 -0.000880592 0.000445261 1.90849e-05 -0.00150028
internal_weight=53685.8 1953.38 1562.43 1298.1 898.112 51732.4 51140.3 2293.67 993.018 1300.65 1016.28 535.613 48846.7 748.669
internal_count=215736 7864 6290 5221 3605 207872 205482 9242 3979 5263 4112 2173 196240 3016
is_linear=0
shrinkage=0.02


Tree=367
num_leaves=15
num_cat=0
split_feature=0 14 20 21 23 20 22 23 24 19 7 23 24 21
split_gain=4.04982 11.0936 7.47176 10.499 6.68501 9.28524 11.977 11.906 10.3769 9.87312 8.69948 7.41417 9.29375 6.76973
threshold=0.0090627083554863947 0.24081806838512423 0.14175587147474292 0.23514103889465335 0.011817303951829674 -0.077097974717617021 -0.043786130845546715 0.0088212341070175188 -0.014655372127890585 -0.034967686980962746 0.00010174512863159181 -0.067367881536483751 -0.01066909823566675 -0.16791681945323941
decision_type=2 2 2 2 2 2 2 2 10 2 10 2 10 2
left_child=1 2 -1 -4 5 6 9 -7 -8 11 -11 -2 -13 -12
right_child=4 -3 3 -5 -6 7 8 -9 -10 10 13 12 -14 -15
leaf_value=-0.00058208518278896266 0.00023978767319778597 0.00060064309970001147 -0.0041255264832113919 0.00057705835893552874 -0.00020185401943135343 0.00060879604180987326 -0.0033507491575478529 0.0048447792570053905 -0.00017165999088341496 0.0017784119327569148 0.0002538289913627916 0.0030644260383283694 -0.00097450476413629098 -0.0023033148840481362
leaf_weight=5628.0851371884346 8213.5845997780561 3114.2223793566227 558.70107518136501 276.03255212306976 19400.520663335919 11206.145471721888 752.75397825241089 252.42487469315529 881.45517458021641 360.22095832228661 587.01199334859848 809.79225659370422 303.09082397818565 1356.6307277530432
leaf_count=22528 33086 12466 2236 1105 77967 45093 3027 1014 3544 1450 2358 3259 1218 5449
internal_value=-5.02368e-06 -0.00037738 -0.000849057 -0.00259334 7.59308e-05 0.000293899 -6.64156e-05 0.000710391 -0.00165883 0.000159802 -0.00100718 0.000449613 0.00196665 -0.0015363
internal_weight=53700.7 9577.04 6462.82 834.734 44123.6 24723.1 13264.5 11458.6 1634.21 11630.3 2303.86 9326.47 1112.88 1943.64
internal_count=215800 38335 25869 3341 177465 99498 53391 46107 6571 46820 9257 37563 4477 7807
is_linear=0
shrinkage=0.02


Tree=368
num_leaves=15
num_cat=0
split_feature=14 7 10 7 25 7 28 7 16 25 22 30 9 3
split_gain=5.20944 7.31473 10.0068 12.374 12.6906 8.46463 7.57589 6.55649 8.02655 6.54176 6.91096 5.92279 8.49244 7.24438
threshold=-0.27585932612419123 0.00023029019939713183 0.91666665673255932 0.00026989291654899722 0.053949335590004928 0.00022222603729460391 6.131874250980136e-13 0.00035992846824228769 -0.47252716124057764 1.0000000180025095e-35 0.097730483859777464 -0.029956663027405735 0.00024565757485106593 0.00016260539996437731
decision_type=2 8 2 10 10 10 2 10 2 10 2 2 10 10
left_child=1 5 7 -4 6 9 -5 8 -3 10 -1 13 -13 -2
right_child=11 2 3 4 -6 -7 -8 -9 -10 -11 -12 12 -14 -15
leaf_value=-8.3581512417797604e-05 -0.00070535844627014086 -0.0016790794716715805 0.0048357497388395879 0.0036670254061801941 -0.0027993406249279778 -0.0027088558234290155 0.00025362151703431975 -0.00078278586222320552 0.0013915890225013763 0.00074126178245363271 -0.0027243194152889922 0.00041469710981438778 -0.00034191970218359332 0.00046909827474318002
leaf_weight=6326.5104420781136 9686.8975769877434 384.08063438534737 478.52634562551975 539.37480366230011 249.79196684062481 412.6794291883707 492.05663548409939 1339.4946626126766 2219.8075214475393 4389.3255424797535 403.02562360465527 13662.84337157011 10458.722362548113 2665.8670733422041
leaf_count=25462 38890 1549 1920 2165 1003 1658 1980 5394 8922 17632 1622 54904 42006 10723
internal_value=3.96205e-05 0.000325959 0.000910486 0.00215571 0.00109579 3.57953e-05 0.00207442 0.000346728 0.000929311 0.000142345 -0.000249337 -9.57834e-05 8.66288e-05 -0.000451549
internal_weight=53709 17234.7 5703.13 1759.75 1281.22 11531.5 1031.43 3943.38 2603.89 11118.9 6729.54 36474.3 24121.6 12352.8
internal_count=215830 69307 22933 7068 5148 46374 4145 15865 10471 44716 27084 146523 96910 49613
is_linear=0
shrinkage=0.02


Tree=369
num_leaves=15
num_cat=0
split_feature=13 13 4 3 27 28 22 9 28 5 17 7 13 18
split_gain=3.48401 10.0513 12.5804 11.2279 7.6661 8.17179 11.8456 9.47968 8.01663 8.13942 7.95381 7.42904 9.09498 7.40637
threshold=0.00011193597674719059 8.5885560110909878e-05 0.75000000000000011 0.00011103232100140305 0.016666667070239786 2.2473594166183557e-12 -0.089066103100776658 0.00029428227571770554 2.8916692174432716e-12 0.00013061595382168892 0.45834019780159002 0.00052555053844116639 0.00020615132234524938 -0.30086728930473322
decision_type=8 10 2 10 8 2 2 10 2 10 2 8 10 2
left_child=1 4 3 -3 5 -1 -7 8 -8 -10 -6 13 -13 -2
right_child=11 2 -4 -5 10 6 7 -9 9 -11 -12 12 -14 -15
leaf_value=-0.00011093678742580729 0.0018301132438208695 -0.00039568032772560493 -4.1950799058091378e-05 -0.0024482392448148672 0.0014870307264689762 0.003079054498045475 0.00091649476584229313 0.0029601182458170432 -0.00033853706333584089 -0.0047080461848513803 -0.0016103630811614672 0.0030937184723194449 -0.00049244559904743014 -2.1706934709600615e-05
leaf_weight=25531.660747468472 924.6258395165205 2083.5485050976276 6176.3407758027315 2182.68099629879 2485.8463380038738 787.60348337888718 678.96751388907433 356.17188383638859 429.14016622304916 266.74331358075142 365.42201079428196 752.60657450556755 438.56061038374901 10105.120695859194
leaf_count=102635 3719 8360 24755 8764 9968 3206 2745 1444 1749 1088 1468 3043 1776 40537
internal_value=3.69754e-06 -8.40164e-05 -0.000619825 -0.00145233 9.73334e-05 -3.4165e-06 0.00107882 0.000143951 -0.000617594 -0.00209818 0.00108161 0.000300092 0.00178705 0.000136563
internal_weight=53565 41344.1 10442.6 4266.23 30901.6 28050.3 2518.63 1731.02 1374.85 695.883 2851.27 12220.9 1191.17 11029.7
internal_count=215257 166182 41879 17124 124303 112867 10232 7026 5582 2837 11436 49075 4819 44256
is_linear=0
shrinkage=0.02


Tree=370
num_leaves=15
num_cat=0
split_feature=3 10 27 16 25 12 26 9 9 7 19 5 19 24
split_gain=5.0848 9.76084 7.54031 7.7418 7.33372 6.36558 8.13875 8.09425 11.0812 7.49591 9.15515 7.30642 7.1931 14.8934
threshold=0.00018581253243610266 0.91666665673255932 -0.13222222775220868 0.39840902388095861 0.17997390776872638 0.91666665673255932 -0.058333335444331162 0.00015854931552894416 0.00019063325453316796 0.00021577275037998336 0.17324540764093402 0.0001275696049560793 0.23440081626176837 -0.014655372127890585
decision_type=8 2 10 2 8 2 10 10 10 10 2 10 2 10
left_child=5 4 -3 -4 -2 6 12 -8 -9 10 11 -10 -1 -14
right_child=1 2 3 -5 -6 -7 7 8 9 -11 -12 -13 13 -15
leaf_value=-0.00031390692577056364 -0.00017403769839707174 0.0045788942124033831 0.00069450827340895545 0.0042449999017532877 0.0029791803918568466 -0.00041963184604870246 0.0013335453207243551 -0.0013225322812050061 0.0008690976183603345 -7.6165503932650464e-05 -0.00017306270031088478 0.0030852467608005235 0.003568019415573141 -0.00016310136680317052
leaf_weight=16382.303574740887 5429.7562194913626 257.06812117993832 2292.8120242357254 257.16025596857071 291.92371174693108 13706.993845716119 3284.3838581293821 1602.5278570055962 1353.1879676133394 4397.3894945532084 1368.0322220772505 1074.8195082992315 588.06762240827084 1439.0796013772488
leaf_count=65963 21869 1044 9212 1036 1184 54978 13169 6423 5421 17622 5484 4306 2381 5808
internal_value=2.43757e-05 0.000471684 0.00143312 0.00108282 -3.34153e-06 -6.02035e-05 9.64169e-05 0.000477488 0.000188337 0.000486344 0.00113495 0.00186732 -0.000174567 0.000943566
internal_weight=53725.5 8528.72 2807.04 2549.97 5721.68 45196.8 31489.8 13080.3 9795.96 8193.43 3796.04 2428.01 18409.5 2027.15
internal_count=215900 34345 11292 10248 23053 181555 126577 52425 39256 32833 15211 9727 74152 8189
is_linear=0
shrinkage=0.02


Tree=371
num_leaves=15
num_cat=0
split_feature=7 3 19 5 13 7 23 23 7 11 5 23 11 22
split_gain=5.67431 7.19668 7.87426 11.9173 6.90268 8.70208 7.06217 6.94238 6.41546 8.5308 8.08719 6.9571 6.94602 6.38691
threshold=0.00023165110178524631 0.00010057769031845966 0.41861705482006079 6.0621407101280063e-05 6.6487325966591029e-05 0.00021316709899110722 0.23005677014589312 0.169004961848259 0.00028433343686629092 0.00046751063200645154 0.00027384684653952723 -0.15519671887159345 0.0004221032868372277 0.13652865588665011
decision_type=8 10 2 10 10 10 2 2 10 8 10 2 10 2
left_child=1 2 4 -4 5 -1 7 -6 9 10 12 -11 -2 -5
right_child=8 -3 3 13 6 -7 -8 -9 -10 11 -12 -13 -14 -15
leaf_value=-0.00027627748246799162 0.00036670135372883982 -0.00051954233759142206 -0.0018391908515127773 0.0043731951717714051 0.00031458394482920251 -0.003320386965873758 -0.0023291332506347228 0.0026609860256166969 -8.0726357709746074e-08 -0.0010614485875012104 0.0031055452703850918 0.0024571015594047102 -0.0021508417435428225 0.0010206835475845566
leaf_weight=9939.7627177089453 3771.9411709606647 13594.820298030972 287.78543058037758 450.64305534958839 9441.6063727140427 370.7116484194994 362.6338317245245 513.57504394650459 11880.44587123394 251.37056382000446 364.46009530127048 1527.3447894454002 475.6977159678936 470.51217260956764
leaf_count=40007 15154 54628 1159 1817 37881 1490 1455 2059 47760 1010 1468 6124 1908 1892
internal_value=-1.10431e-05 -0.000158652 6.62904e-05 0.00162156 -2.63398e-05 -0.000391944 0.000339056 0.000440724 0.000275065 0.000784961 0.000327778 0.00195358 7.60005e-05 0.00271886
internal_weight=53703.3 35432.1 21837.2 1208.94 20628.3 10310.5 10317.8 9955.18 18271.3 6390.81 4612.1 1778.72 4247.64 921.155
internal_count=215812 142388 87760 4868 82892 41497 41395 39940 73424 25664 18530 7134 17062 3709
is_linear=0
shrinkage=0.02


Tree=372
num_leaves=15
num_cat=0
split_feature=0 1 25 19 23 25 13 17 3 3 25 23 26 13
split_gain=6.03829 5.44175 5.48594 9.08658 8.48311 9.17908 8.92338 10.0512 10.6895 9.49219 8.48951 10.5737 8.22168 7.6621
threshold=0.046547282487154014 1.574405541759916e-05 0.10523334518074991 -0.0074174292385578147 0.10083904862403871 0.004479913506656886 8.7215299572562812e-05 0.028997103683650497 0.00013587903958978134 0.00015509305376326668 -0.04495424032211303 -0.064144570380449281 -0.12666666880249974 4.2542798837530433e-05
decision_type=2 10 10 2 2 10 8 2 10 10 10 2 10 10
left_child=-1 -2 4 -4 5 6 7 13 -9 10 11 -8 -5 -3
right_child=1 2 3 12 -6 -7 9 8 -10 -11 -12 -13 -14 -15
leaf_value=-0.00010744681511995 0.0024951814092188259 -0.0021705654100354931 -0.0012597278540663237 0.004177497036333762 -0.0012841617718310154 0.0014900014286459325 -0.0020006344856271061 0.0030659401520718894 -0.0012595230345295505 0.00071048917725634135 -0.0043401303171608542 0.002352717118243836 0.0010494961799065792 0.00040796807525993287
leaf_weight=40789.552024915814 452.66761755943298 554.97945088148117 476.62103055417538 424.95102952420712 1481.2669911384583 2094.9986044764519 943.8654353171587 938.79444672167301 287.70416229963303 866.45372638106346 396.06102658808231 272.18841163814068 1468.9874578714371 2305.3262530863285
leaf_count=163464 1840 2267 1938 1743 5993 8482 3807 3812 1171 3512 1595 1097 5928 9367
internal_value=1.2082e-05 0.000387725 0.000307621 0.00116954 0.000104246 0.00034413 -2.49302e-05 0.000548522 0.00204737 -0.000967293 -0.0018667 -0.00100393 0.00178766 -0.000103937
internal_weight=53754.4 12964.9 12512.2 2370.56 10141.6 8660.37 6565.37 4086.8 1226.5 2478.57 1612.11 1216.05 1893.94 2860.31
internal_count=216016 52552 50712 9609 41103 35110 26628 16617 4983 10011 6499 4904 7671 11634
is_linear=0
shrinkage=0.02


Tree=373
num_leaves=15
num_cat=0
split_feature=5 25 19 5 23 25 11 5 0 0 11 7 0 11
split_gain=4.53185 5.48813 10.5556 5.30653 8.27357 4.72481 7.9908 7.23422 6.72304 3.89383 8.7559 10.4747 5.87734 4.61248
threshold=0.00047554523916915065 -0.066454764455556856 -0.017470519989728924 0.00040897159487940376 0.028420563787221912 -0.23914678394794461 0.00033913228253368294 7.3216742748627453e-05 0.048514837399125106 0.003408703021705151 0.00025067832029890274 0.00011043110862374307 0.0009791064076125624 0.00061362958513200294
decision_type=8 10 2 10 2 10 10 10 2 2 10 8 2 10
left_child=3 -2 -3 5 -5 6 7 -1 -9 10 11 -7 -12 -14
right_child=1 2 -4 4 -6 9 -8 8 -10 -11 12 -13 13 -15
leaf_value=-0.00066019639634375875 -0.00089065802049203017 0.0052405624176084702 0.00036089802422325173 -0.003627796233545338 0.00095041423020746508 0.0005928502911021565 -0.0011567649740167843 0.0013860430768040416 0.0053389043693040077 -1.0607348726828417e-05 0.0016204093647314826 -0.0032906710986236008 -0.00011395181013236939 -0.0029528338709136938
leaf_weight=273.5767669826746 321.1163058578968 263.8895183801651 481.06879307329655 381.01645271480083 249.11213839054108 403.45422007143497 423.61518757045269 424.6369292140007 294.25155422091484 47209.334822833538 650.91938762366772 835.27155709266663 1309.6357108801603 257.88377746939659
leaf_count=1113 1305 1068 1953 1534 1005 1615 1712 1713 1213 189662 2605 3343 5241 1032
internal_value=-2.22395e-05 0.0012566 0.00218126 -4.85698e-05 -0.00184431 -2.61441e-05 0.00110514 0.00207437 0.00310472 -5.8186e-05 -0.000704099 -0.00203648 5.1422e-05 -0.000612313
internal_weight=53778.8 1066.07 744.958 52712.7 630.129 52082.6 1416.08 992.465 718.888 50666.5 3457.16 1238.73 2218.44 1567.52
internal_count=216114 4326 3021 211788 2539 209249 5751 4039 2926 203498 13836 4958 8878 6273
is_linear=0
shrinkage=0.02


Tree=374
num_leaves=15
num_cat=0
split_feature=29 13 29 24 12 19 29 24 11 13 9 19 13 13
split_gain=3.8731 5.82182 4.1781 15.4639 9.49749 8.04766 6.1502 15.5124 16.0907 8.79041 9.25059 9.10768 16.3379 8.8039
threshold=2.4668688044984099e-13 2.454640707583167e-05 3.7054806109344118e-13 0.10720172896981241 0.91666665673255932 -0.034967686980962746 4.9326517805210756e-13 0.10720172896981241 0.00023334800062002617 0.00020615132234524938 0.00039772428863216197 0.19680580496788028 7.7403034083545222e-05 6.8336688855197294e-05
decision_type=2 10 2 10 2 2 2 10 10 10 10 2 10 10
left_child=-1 -2 3 4 -3 -6 7 9 -9 10 11 13 -13 -4
right_child=1 2 6 -5 5 -7 -8 8 -10 -11 -12 12 -14 -15
leaf_value=0.0019010795074336565 0.0023524124798079272 -0.0019280372548489883 0.00029986657357358124 0.0032412748900460071 0.002166722879167362 -0.0013317959192890006 -3.3312578904626658e-05 -0.0052364945584686771 -6.2504374449039236e-05 0.003807443844365402 -0.00087537580386331723 0.0013661150767663188 -0.0031818286904906797 0.0018372687185786033
leaf_weight=437.87743808329105 417.09183782339096 1958.3030421286821 2454.1660058349371 345.21698838472366 512.57723639905453 500.83846738934517 39230.443943917751 334.61988265812397 748.16133862733841 350.038778886199 1325.0041237026453 705.75019784271717 540.72943152487278 3807.9772671163082
leaf_count=1770 1684 7855 9846 1386 2056 2007 157755 1341 3002 1404 5312 2831 2166 15254
internal_value=6.94701e-05 5.36949e-05 3.46574e-05 -0.00065035 -0.00112108 0.000445413 8.0806e-05 0.000516096 -0.00172743 0.000783794 0.000655649 0.000927428 -0.000625898 0.00123763
internal_weight=53668.8 53230.9 52813.8 3316.94 2971.72 1013.42 49496.9 10266.4 1082.78 9183.67 8833.63 7508.62 1246.48 6262.14
internal_count=215669 213899 212215 13304 11918 4063 198911 41156 4343 36813 35409 30097 4997 25100
is_linear=0
shrinkage=0.02


Tree=375
num_leaves=15
num_cat=0
split_feature=6 24 20 3 21 7 1 11 9 3 22 14 14 29
split_gain=3.83618 10.378 9.83461 5.73169 4.80108 4.65967 4.0836 3.67941 7.59262 3.65293 7.6597 3.60318 3.46544 3.09625
threshold=0.41666667163372045 0.030799362808465961 -0.036301346495747559 0.00012361109111225235 0.021529535762965683 5.4404075854108676e-05 1.2635700841201471e-05 0.0001496680924901739 0.00011102094140369446 7.0786925789434476e-05 0.064567271620035185 0.20566894114017489 -0.21831185370683667 3.7054806109344118e-13
decision_type=2 10 2 10 2 8 10 10 10 10 2 2 2 2
left_child=1 2 3 12 -4 7 11 -2 -9 -3 -11 -7 -1 -8
right_child=5 9 4 -5 -6 6 13 8 -10 10 -12 -13 -14 -15
leaf_value=-0.0014774402947866569 0.0028664819161401652 -0.0004799916124623163 0.004028998108738165 -0.0032030876375987102 0.00061962361769173481 -0.0025903854250596075 -0.00055669213074063611 -0.0018476514474209706 0.0024617730873156525 -0.0057832337660316327 -0.0013426112686449846 0.00036892885945256264 0.0015140639660538419 6.1690767299993116e-05
leaf_weight=281.8438676148653 378.05864842236042 281.67752528190613 259.66058801114559 321.87019565701485 425.67166118323803 430.31264197826385 3463.4957523196936 297.78199516236782 317.57469366490841 258.38850994408131 389.21898300945759 252.29219460487366 298.20122581720352 46086.367298901081
leaf_count=1138 1524 1134 1048 1299 1714 1733 13903 1198 1277 1041 1567 1016 1202 185177
internal_value=-1.37e-05 -0.000772917 0.000213832 -0.00114893 0.00198899 2.38846e-05 -3.20232e-06 0.00136658 0.00038385 -0.00242731 -0.00323455 -0.00151725 5.96967e-05 1.82591e-05
internal_weight=53742.4 2516.53 1587.25 901.915 685.332 51225.9 50232.5 993.415 615.357 929.285 647.607 682.605 580.045 49549.9
internal_count=215971 10143 6401 3639 2762 205828 201829 3999 2475 3742 2608 2749 2340 199080
is_linear=0
shrinkage=0.02


Tree=376
num_leaves=15
num_cat=0
split_feature=1 9 1 16 5 14 14 7 5 0 23 11 29 23
split_gain=5.0457 9.29987 6.2699 7.47585 5.42 5.29914 11.427 5.51028 5.81468 4.77667 8.36773 6.63633 6.31513 10.2342
threshold=3.0460564630629964e-05 0.00021943288447801026 3.2522844776394784e-05 -0.27890989184379572 0.00010901581481448376 0.30621607601642614 0.66919517517089855 0.0001414274156559259 0.00014813929010415452 0.019626244902610782 -0.28190270066261286 0.00011204103793716059 1.8105879209112665e-12 -0.11049182340502738
decision_type=8 8 10 2 10 2 2 8 10 2 2 10 2 2
left_child=1 -1 3 -2 -5 7 -7 -3 -9 10 -4 -12 -13 -14
right_child=2 5 9 4 -6 6 -8 8 -10 -11 11 12 13 -15
leaf_value=-0.00087708819734847918 -0.0015484577244207099 -0.0012919217802566591 -0.0029005707119509859 0.0034463164763357625 0.00049514467853452543 -0.0031076042001119721 0.0021545058808025317 0.0029373381427798551 0.0001352024963769745 0.0002130666563385048 -0.0025250116877968327 5.9932840208899276e-05 0.0015570760262845229 -0.0021634447330610416
leaf_weight=5700.743891119957 249.04755099117756 254.13376106321812 431.09630991518497 584.14269331097603 436.46111297607422 360.9353040009737 272.86756664514542 753.37026245892048 483.35723896324635 27840.098149642348 433.54441569745541 14455.879221633077 374.75497545301914 1196.3131242096424
leaf_count=22921 1002 1021 1731 2348 1752 1448 1098 3024 1941 112133 1736 57865 1502 4791
internal_value=1.18827e-05 -0.000456938 9.17989e-05 0.00146665 0.00221802 0.000668046 -0.000845532 0.00131418 0.00186174 5.21373e-05 -0.000213039 -0.000139218 -7.16138e-05 -0.00126755
internal_weight=53826.7 7825.41 46001.3 1269.65 1020.6 2124.66 633.803 1490.86 1236.73 44731.7 16891.6 16460.5 16026.9 1571.07
internal_count=216313 31453 184860 5102 4100 8532 2546 5986 4965 179758 67625 65894 64158 6293
is_linear=0
shrinkage=0.02


Tree=377
num_leaves=15
num_cat=0
split_feature=2 11 11 29 22 30 24 14 9 8 24 11 7 14
split_gain=5.0177 17.054 11.8196 9.4329 8.48931 8.62803 7.55589 6.80833 8.95408 8.55197 5.77914 9.78947 8.47337 16.2932
threshold=0.91666665673255932 0.00022357684065354991 0.0002348001362406649 7.4005227944026763e-13 0.19753610342741015 0.0079759052023291605 -0.25496472418308253 -0.61116635799407948 0.00019841261382680389 0.91666665673255932 0.10531461238861085 0.00027954550751019275 0.00012834879453293982 0.1545398831367493
decision_type=2 10 10 2 2 2 10 2 10 2 10 8 10 2
left_child=6 3 -3 7 -4 -6 -1 -2 9 -9 -8 12 -12 -14
right_child=1 2 4 -5 5 -7 10 8 -10 -11 11 -13 13 -15
leaf_value=-0.0026919523492312377 -0.0047461842904262452 0.0034482009933051645 -0.00018751682071298383 7.7705879143519501e-05 0.0049187208021012948 -4.0409832607059604e-05 0.00027170466596455103 0.00053512520820582184 -0.0039274721606285491 -0.0028747035235344009 -5.4637985317436514e-05 0.00040958454626189742 -0.0044541457233153612 -0.0002014269043957357
leaf_weight=350.40476988255978 374.40655781328678 383.7565331608057 9273.9133687466383 918.01318329572678 250.23815652728081 291.26018111407757 34831.991647660732 739.43213674426079 517.705093100667 463.19726005196571 1195.9603890776634 2698.5638382732868 702.94644804298878 722.4567192196846
leaf_count=1408 1500 1539 37185 3687 1005 1171 140079 2963 2073 1855 4811 10847 2827 2907
internal_value=4.13576e-05 -0.000296812 9.45397e-05 -0.00161356 -4.33248e-05 0.00234488 0.000151761 -0.00234847 -0.00177809 -0.000803725 0.000177906 -0.000434953 -0.00130088 -0.00233129
internal_weight=53714.2 13211.9 10199.2 3012.75 9815.41 541.498 40502.3 2094.74 1720.33 1202.63 40151.9 5319.93 2621.36 1425.4
internal_count=215857 52978 40900 12078 39361 2176 162879 8391 6891 4818 161471 21392 10545 5734
is_linear=0
shrinkage=0.02


Tree=378
num_leaves=15
num_cat=0
split_feature=2 9 12 6 29 24 29 29 29 1 3 3 1 24
split_gain=4.40091 7.31024 3.32049 9.68944 9.96033 7.76657 7.20414 6.72351 14.9543 7.83343 7.74098 6.83353 7.81804 7.38157
threshold=0.25000000745058065 0.00021346662833821031 0.91666665673255932 0.41666667163372045 3.4527784277538225e-13 -0.0048461859114468089 1.8395276621396843e-12 1.724900983764849e-12 1.9960462319459919e-12 4.1238305129809312e-05 0.00012822870485251772 6.3505205616820617e-05 6.6829372372012599e-05 -0.20590536296367642
decision_type=2 8 2 2 2 10 2 2 2 10 10 10 10 10
left_child=1 -1 6 5 -5 -4 -2 11 -9 -10 -11 12 -6 -13
right_child=2 -3 3 4 7 -7 -8 8 9 10 -12 13 -14 -15
leaf_value=-0.00023865039510696096 0.00020166096619201015 0.0037345564464651799 -0.00035179392045209696 0.0020788101812954825 -0.00089010288071542402 -0.0052486421998090291 -0.00060478608530600494 0.00427382522236562 0.002627787116414071 -0.0027519605568913598 0.0010051038338143689 -0.0032255100007113052 -0.0040734522840829438 -0.00012377270051341577
leaf_weight=412.70561239123344 31325.521494165063 312.78484579920769 250.84642776846886 733.76214641332626 2053.9597931057215 254.91657142341137 5140.6505915075541 385.61517249047756 274.77940194308758 487.47285310924053 371.99609994888306 295.73826785385609 347.70145732164383 11063.688442900777
leaf_count=1674 125823 1270 1008 2944 8238 1023 20790 1551 1106 1961 1504 1188 1394 44380
internal_value=2.6017e-06 0.00152858 -1.88607e-05 -0.000253912 -0.00016599 -0.00292569 8.77066e-05 -0.000276357 0.000977747 -0.000197471 -0.00113995 -0.000416087 -0.00138081 -0.000210052
internal_weight=53712.1 725.49 52986.6 16520.5 16014.7 505.763 36466.2 15281 1519.86 1134.25 859.469 13761.1 2401.66 11359.4
internal_count=215854 2944 212910 66297 64266 2031 146613 61322 6122 4571 3465 55200 9632 45568
is_linear=0
shrinkage=0.02


Tree=379
num_leaves=15
num_cat=0
split_feature=24 13 13 29 9 19 20 23 13 8 19 11 23 20
split_gain=4.60393 6.73209 8.78026 11.2306 13.0946 11.0907 12.0126 11.0789 8.28221 8.00945 7.79279 7.46741 6.67353 5.79738
threshold=-0.050212485715746873 0.00011343209189362825 0.00012655658792937177 4.4175410942107201e-13 0.00031704532739240682 0.057235481217503555 -0.10335895419120787 -0.18544930219650266 0.0001042738585965708 0.75000000000000011 -0.24045270681381223 0.00031482028134632861 -0.12228779494762419 -0.073536738753318773
decision_type=10 10 10 2 10 2 2 2 8 2 2 8 2 2
left_child=1 8 9 4 -4 6 7 -5 13 -3 -10 -12 -9 -1
right_child=-2 2 3 5 -6 -7 -8 12 10 -11 11 -13 -14 -15
leaf_value=-0.000143738109219152 -0.00013171344337395519 0.00016581715397453927 0.0058347957224572046 -0.0021826292434272802 -0.00032535834992428718 0.0023670709107077624 -0.003109898912788219 0.004100232480319075 -0.0045440848292669722 0.0037164705229172546 0.0020898269668047339 -0.0021037104922005286 -9.8613252938713807e-08 0.00072455708275234287
leaf_weight=7962.6141379028559 35988.97924721241 390.89481630921364 271.83055374026299 404.48816193640232 258.09939470887184 475.02195993065834 653.56622013449669 288.66911201179028 259.69564491510391 716.72352965176105 250.35123690962791 439.48202976584435 326.94791144132614 4986.3830205798149
leaf_count=32056 144541 1571 1091 1632 1037 1910 2626 1162 1044 2878 1005 1763 1315 20067
internal_value=-1.87934e-06 0.000262187 0.00100744 0.000381083 0.00293181 -0.000269236 -0.00103659 0.000326006 5.801e-05 0.00248856 -0.00172516 -0.000565809 0.00199111 0.000191226
internal_weight=53673.7 17684.8 3786.24 2678.62 529.93 2148.69 1673.67 1020.11 13898.5 1107.62 949.529 689.833 615.617 12949
internal_count=215698 71157 15222 10773 2128 8645 6735 4109 55935 4449 3812 2768 2477 52123
is_linear=0
shrinkage=0.02


Tree=380
num_leaves=15
num_cat=0
split_feature=11 4 10 23 11 21 26 19 11 5 19 19 30 11
split_gain=4.27184 11.8661 6.76233 8.24719 4.96045 5.2451 13.4807 8.90338 7.30002 7.13551 10.1798 8.33041 6.98791 6.85277
threshold=0.00011204103793716059 0.58333334326744091 0.91666665673255932 -0.0090078036300837976 0.00013112638407619673 0.030760835856199268 -0.3599999994039535 -0.26883554458618159 0.00019923453510273251 5.3997126087779186e-05 0.32339747250080114 0.11615863442420961 -0.027069393545389172 0.00027793493063654756
decision_type=10 2 2 2 10 2 8 2 10 10 2 2 2 10
left_child=1 -1 3 -3 -2 6 7 13 9 -7 11 12 -11 -6
right_child=4 2 -4 -5 5 8 -8 -9 -10 10 -12 -13 -14 -15
leaf_value=0.0015158416031734675 0.0011884129875959595 -0.00080505156815808209 0.00028672094433514878 -0.0043017052572051117 0.0011345290702584638 -0.0033753807052386816 0.00027388400567674413 -0.0048438276489369955 -4.4926664456114041e-05 -0.0013961271487524212 0.0013234296696396921 -0.0025880658402186387 0.0015813015127977431 -0.0030960697174083496
leaf_weight=593.62421254813671 1495.8937631845474 536.46271328628063 447.52563770115376 546.86590033769608 339.48342315852642 437.5908330231905 28612.050476402044 306.6821468770504 16892.92080232501 777.98771910369396 745.0085724145174 1100.8522123843431 501.56188628077507 248.42661049962044
leaf_count=2399 6022 2166 1797 2199 1382 1759 114956 1246 67842 3124 2998 4420 2015 1010
internal_value=2.48747e-05 -0.000849747 -0.00177478 -0.00261615 6.12998e-05 2.70917e-05 0.00019766 -0.00219291 -0.000218898 -0.00103888 -0.000692358 -0.00132902 -0.000222651 -0.000696194
internal_weight=53582.9 2124.48 1530.85 1083.33 51458.5 49962.6 29506.6 894.592 20455.9 3563 3125.41 2380.4 1279.55 587.91
internal_count=215335 8561 6162 4365 206774 200752 118594 3638 82158 14316 12557 9559 5139 2392
is_linear=0
shrinkage=0.02


Tree=381
num_leaves=15
num_cat=0
split_feature=15 28 29 6 29 3 27 24 13 13 0 30 30 24
split_gain=4.90483 7.94091 12.033 6.6202 12.3796 9.52275 8.94456 10.8901 5.99353 8.20793 5.69197 5.67865 9.98611 6.14507
threshold=-0.27585932612419123 3.241465798033139e-13 3.963006409580389e-13 0.91666665673255932 4.3254684773189061e-13 0.00014746232773177328 -2.3592239273284573e-15 0.037209579721093185 6.5303906012559323e-05 4.6746261432417675e-05 0.029337215237319473 -0.52455782890319813 -0.15973867475986478 -0.16515394300222394
decision_type=2 2 2 2 2 10 8 10 10 10 2 2 2 8
left_child=1 8 -3 11 -5 6 7 -6 9 -1 -7 -4 -13 -14
right_child=-2 2 3 4 5 10 -8 -9 -10 -11 -12 12 13 -15
leaf_value=0.0026565151120741311 -0.00019130081521164446 -0.0019731327011895715 -0.0011027497049325046 0.0037240370755885583 -0.0014019008293028917 0.0020499279754543132 -0.0035785061092080245 0.0020895053184101105 0.0033837790485639003 -0.0019075777712714986 -0.00079653311821125295 0.0013336032240521105 -0.0019543099662411314 0.00028561995669223929
leaf_weight=303.1210178732872 36433.947918742895 1022.8784317374229 790.91053140163422 250.23017470538616 1890.9105812460184 644.85626968741417 541.69480887055397 420.94445076584816 512.66397672891617 288.38915055990219 472.04817169904709 4521.2800504118204 523.01073701679707 4991.8878131210804
leaf_count=1221 146368 4104 3195 1003 7588 2584 2169 1688 2058 1160 1903 18203 2108 20085
internal_value=-5.99833e-05 0.000218487 0.000104677 0.000248349 -0.000422162 -0.000700824 -0.00131112 -0.000753714 0.00184359 0.000441693 0.000854051 0.000510028 0.000639065 6.68999e-05
internal_weight=53608.8 17174.8 16070.7 15047.8 4220.68 3970.45 2853.55 2311.86 1104.17 591.51 1116.9 10827.1 10036.2 5514.9
internal_count=215437 69069 64630 60526 16935 15932 11445 9276 4439 2381 4487 43591 40396 22193
is_linear=0
shrinkage=0.02


Tree=382
num_leaves=15
num_cat=0
split_feature=11 5 17 27 10 17 0 30 17 27 3 14 17 25
split_gain=5.07902 10.3678 6.80061 4.46103 13.0173 14.998 7.92548 6.11449 8.72572 9.03431 7.34912 5.32564 7.11035 5.01838
threshold=0.00011204103793716059 5.6008271712926223e-05 0.23852413892745974 -0.24333333224058148 0.75000000000000011 -0.58674332499504078 0.083616543561220183 0.31321334838867193 0.081425867974758162 -0.3322222232818603 9.4886363513069241e-05 0.010710771661251785 -0.23787043243646619 -0.23914678394794461
decision_type=8 10 2 8 2 2 2 2 2 10 10 2 2 8
left_child=1 -1 -3 4 5 -2 7 8 9 -7 -11 12 -6 -5
right_child=3 2 -4 13 11 6 -8 -9 -10 10 -12 -13 -14 -15
leaf_value=0.0015739138473456612 0.0022353485834788042 -0.0024743589903228379 0.00047137882350461557 0.0015671616252979639 0.00026283140526840688 -0.0049486067333860684 0.00113141873942657 -0.0003545537854312512 -0.0055900643218145078 -0.0026165165089553554 0.0014290474042035512 -0.00061780400509079834 0.0042770901936415645 5.715764561596555e-05
leaf_weight=479.21772721409798 351.89912734925747 1205.594588547945 413.56239026784897 877.15369574725628 375.50110521912575 290.02778261899948 247.70906667411327 384.98161968588829 418.88914261758327 378.09394967556 309.84152190387249 432.74074932932854 317.79803372919559 47234.534186214209
leaf_count=1932 1435 4858 1665 3552 1525 1173 1049 1557 1690 1528 1256 1755 1288 189610
internal_value=-4.34965e-06 -0.000964165 -0.00172539 3.50262e-05 -0.000651518 -0.00148546 -0.00214613 -0.00260927 -0.00321691 -0.00210876 -0.000805526 0.00110732 0.00217124 8.53272e-05
internal_weight=53717.5 2098.37 1619.16 51619.2 3507.48 2381.44 2029.54 1781.83 1396.85 977.963 687.935 1126.04 693.299 48111.7
internal_count=215873 8455 6523 207418 14256 9688 8253 7204 5647 3957 2784 4568 2813 193162
is_linear=0
shrinkage=0.02


Tree=383
num_leaves=15
num_cat=0
split_feature=12 0 24 22 20 19 22 30 29 23 28 21 24 29
split_gain=5.9856 8.68772 6.08771 9.09579 11.1963 7.13224 6.76 9.84692 8.76945 4.9498 5.39747 5.6996 4.74636 9.61886
threshold=0.41666667163372045 0.007044695084914566 -0.17711907625198361 -0.3499025553464889 -0.13158079236745832 -0.096952430903911577 -0.24518798291683194 -0.040859179571270936 7.0262632517748013e-13 -0.08728530257940291 6.0977422113375767e-13 0.027049553580582145 -0.16155342757701871 6.669097782699419e-13
decision_type=2 2 10 2 2 2 2 2 2 2 2 2 10 2
left_child=1 -1 3 -2 -5 -6 7 8 -4 -3 -11 -12 13 -8
right_child=2 9 6 4 5 -7 12 -9 -10 10 11 -13 -14 -15
leaf_value=0.0044643793496479739 -0.0043652921626582174 -0.0010507078014100652 0.00071174747085624764 0.00048915536270735939 -5.3086766982765195e-05 -0.0043390205955409255 -0.0007027501507165107 -0.00011375458548256916 0.0055560233447164162 -0.00035374696828682919 0.0044140010064471378 0.00078761144826122807 -3.1704465457162274e-05 0.0040874779840868207
leaf_weight=247.24021305143833 265.83747643232346 507.92146919667721 289.31644661724567 1356.7153326421976 253.40121713280678 383.26354426145554 329.79928778111935 751.40004552900791 304.86710472404957 481.76185457408428 291.49779745936394 415.63041625916958 47457.731486961246 310.92440409958363
leaf_count=990 1070 2051 1164 5462 1023 1541 1325 3026 1237 1933 1175 1676 190660 1256
internal_value=2.57001e-05 0.00110941 -1.54607e-05 -0.00102606 -0.000541803 -0.00268673 3.11124e-05 0.00141872 0.00329726 0.000574245 0.00127436 0.0023628 -8.28022e-06 0.00167517
internal_weight=53647.3 1944.05 51703.3 2259.22 1993.38 636.665 49444 1345.58 594.184 1696.81 1188.89 707.128 48098.5 640.724
internal_count=215589 7825 207764 9096 8026 2564 198668 5427 2401 6835 4784 2851 193241 2581
is_linear=0
shrinkage=0.02


Tree=384
num_leaves=15
num_cat=0
split_feature=2 27 17 6 11 14 18 20 27 17 18 18 18 14
split_gain=3.73668 5.29414 4.22729 6.19465 9.18192 8.38696 7.04201 9.14699 6.08691 6.04444 5.49058 10.7371 9.68911 7.13264
threshold=0.25000000745058065 -0.15777777880430219 -0.17129150032997129 0.91666665673255932 0.00019051161507377404 -0.71355924010276783 -0.073680497705936418 0.011606890708208086 -0.10888889059424399 -0.11795765906572341 -0.051813958212733262 0.020449175499379638 0.092725265771150603 -0.14136141538619992
decision_type=2 10 2 2 10 2 2 2 10 2 2 2 2 2
left_child=1 -1 3 -2 -5 8 7 -7 -6 10 -4 13 -13 -12
right_child=2 -3 9 4 5 6 -8 -9 -10 -11 11 12 -14 -15
leaf_value=-0.00024578471265461694 -8.2007921072015292e-05 0.0031163609824992394 0.00016905164792053261 -0.0027862315841041558 6.7848252393864887e-05 1.2662241311423277e-05 -0.0019268101296227439 0.0038625249839379793 -0.0035229509221120065 -2.4393296544081271e-05 0.0062660724404764315 -0.0018779689043964345 0.0023784754792765968 0.0014828940215358144
leaf_weight=387.60488460958004 11577.390634074807 337.76148225367069 1819.4878448396921 858.93705216050148 286.20495881140232 2207.9977077096701 608.20830105245113 257.95062457025051 530.81190900504589 33458.438129976392 261.71634274721146 380.77037231624126 439.64336937665939 252.78348855674267
leaf_count=1582 46624 1362 7307 3447 1153 8859 2438 1034 2128 134374 1050 1528 1767 1014
internal_value=-4.48707e-05 0.00136139 -6.46454e-05 -0.00033206 -0.000938608 -0.000518602 -3.51099e-05 0.000443212 -0.00229351 5.47241e-05 0.000888781 0.0018528 0.000405296 0.00405943
internal_weight=53665.7 725.366 52940.3 16327.5 4750.11 3891.17 3074.16 2465.95 817.017 36612.8 3154.4 1334.91 820.414 514.5
internal_count=215667 2944 212723 65683 19059 15612 12331 9893 3281 147040 12666 5359 3295 2064
is_linear=0
shrinkage=0.02


Tree=385
num_leaves=15
num_cat=0
split_feature=0 15 0 22 20 23 20 16 1 30 23 0 23 22
split_gain=4.9001 8.99862 8.0238 7.38342 9.43358 6.00725 12.8021 8.26975 9.52206 8.63628 8.58335 7.91538 7.5021 10.3443
threshold=0.0068506477400660524 0.24081806838512423 0.0009791064076125624 -0.0189818050712347 -0.095815572887659059 0.014756056014448406 -0.077097974717617021 0.44676765799522405 2.229391884611687e-05 -0.47867961227893824 -0.099514577537775026 0.078768830746412291 0.037672137841582305 -0.027160831727087494
decision_type=2 2 2 2 2 2 2 2 8 2 2 2 2 2
left_child=1 2 -1 4 -3 6 11 8 10 -10 -8 -2 13 -7
right_child=5 3 -4 -5 -6 12 7 -9 9 -11 -12 -13 -14 -15
leaf_value=0.0010352430678718639 -0.0002018294695797658 0.0014995369631144104 -0.0012522883265364329 0.001420651539141545 -0.0026950757199053887 0.0014394422700524381 -0.0041421906601479663 0.002719706032148177 0.0039635501748212414 0.00070095468182770318 0.0001998052931939298 0.0019297580800371611 2.0071225276812265e-05 -0.0016935549644451185
leaf_weight=702.79287588596344 13239.192306771874 359.12297190725803 4175.3121362328529 1496.0491649955511 478.63114570081234 503.42375233769417 280.787951156497 813.13429370522499 316.11114430427551 10540.218446850777 457.17879427969456 715.52031832933426 17378.794752269983 2212.7124426066875
leaf_count=2813 53186 1438 16712 5988 1916 2027 1134 3282 1277 42379 1839 2972 69836 8880
internal_value=5.19177e-05 -0.000432394 -0.00091984 0.000585621 -0.000903918 0.000127255 0.000325713 0.00079258 0.000652975 0.000803068 -0.00151798 -8.99281e-05 -0.000133163 -0.00110659
internal_weight=53669 7211.91 4878.11 2333.8 837.754 46457.1 26362.1 12407.4 11594.3 10856.3 737.967 13954.7 20094.9 2716.14
internal_count=215679 28867 19525 9342 3354 186812 106069 49911 46629 43656 2973 56158 80743 10907
is_linear=0
shrinkage=0.02


Tree=386
num_leaves=15
num_cat=0
split_feature=3 3 0 6 2 19 29 11 16 21 27 0 24 13
split_gain=3.71038 11.0821 8.51484 8.39334 8.18345 10.7201 7.84068 7.48947 11.3329 15.4575 8.40969 9.09254 7.98354 7.72317
threshold=9.9422937637427835e-05 0.00012283346586627888 0.0074436687864363202 0.75000000000000011 0.91666665673255932 0.30558151006698614 1.9341210490825271e-12 0.00035978444793727254 0.25664465129375463 0.19490815699100497 -0.13666667044162747 0.012131045572459699 -0.07900697365403174 9.3284841568674906e-05
decision_type=10 10 2 2 2 2 2 8 2 2 10 2 10 8
left_child=4 2 -2 6 7 -6 -3 -1 9 10 -9 -12 -13 -14
right_child=1 3 -4 -5 5 -7 -8 8 -10 -11 11 12 13 -15
leaf_value=0.00065364690180008569 -0.0023068984860168222 -0.00056084202789971919 -0.00044410387720141399 0.00051582308819419283 -0.00069578911847645981 0.0022321738493587782 0.0010873188106766125 -0.0024775190913374867 -0.002421972009141158 0.0043559879035623581 0.0021258761074879119 0.0015632397889185246 -0.0024522312421621827 0.000333660023322241
leaf_weight=15446.557581752539 1139.1854205578566 7369.9694339931011 6516.1403786689043 11651.587068513036 5155.1045604497194 534.18535861372948 1349.2863079756498 526.91964542865753 786.41366150975227 305.69785158336163 728.48943653702736 568.61467327177525 838.75237417221069 734.00857350230217
leaf_count=62149 4559 29635 26178 46796 20661 2143 5479 2127 3157 1227 2915 2282 3361 2942
internal_value=8.01455e-05 -7.88746e-05 -0.000726594 0.000165011 0.000253994 -0.000414017 -0.000303888 0.000444858 -0.000273307 0.000193633 -0.000204268 0.000227369 -0.000432193 -0.00116419
internal_weight=53650.9 28026.2 7655.33 20370.8 25624.7 5689.29 8719.26 19935.5 4488.9 3702.48 3396.78 2869.87 2141.38 1572.76
internal_count=215611 112647 30737 81910 102964 22804 35114 80160 18011 14854 13627 11500 8585 6303
is_linear=0
shrinkage=0.02


Tree=387
num_leaves=15
num_cat=0
split_feature=13 23 22 6 29 13 5 16 23 29 11 0 13 13
split_gain=6.20404 11.4705 17.687 14.0862 12.4637 10.6592 13.2558 10.4049 9.08315 9.40028 10.0944 10.0272 9.75373 8.43369
threshold=9.8757558589568375e-05 -0.05930082127451896 -0.039556225761771195 0.91666665673255932 2.2446662584219017e-12 0.00010200834731222132 0.00016923333896556872 -0.14802583307027814 0.010299474466592075 6.429601859606061e-13 0.00043362205906305468 0.02734616864472628 4.5901186240371323e-05 0.00011263497435720639
decision_type=8 2 2 2 2 10 10 2 2 2 10 2 10 8
left_child=8 4 3 -3 -2 6 -4 13 9 10 -1 -11 -13 -7
right_child=1 2 5 -5 -6 7 -8 -9 -10 11 -12 12 -14 -15
leaf_value=2.5651940191803869e-05 -6.4412512754052074e-05 0.0041641142489652365 0.004625434318864338 -3.2854548927424194e-05 -0.0030741529868599316 -0.0037244788936243922 -0.00091696033772008104 0.0005402303196602869 -0.00048072602334761107 -0.00011420275654225053 -0.0015837854923904282 0.0028017022136278815 0.00072118441643864207 -0.00040652268140915277
leaf_weight=8085.4345438182354 5518.2883157134056 948.07137733697891 470.45494621992111 477.26618202030659 591.44803182780743 384.87721231579781 257.46420006453991 7074.183979511261 16552.615648373961 4598.8219587653875 1910.9313566684723 1116.6161166727543 4478.8644973188639 1285.6655554622412
leaf_count=32457 22156 3811 1885 1914 2390 1542 1033 28390 66491 18430 7657 4558 18149 5156
internal_value=1.24722e-05 0.000328071 0.000716499 0.00277777 -0.000364848 0.000401142 0.002693 0.000204656 -0.000133711 0.000150971 -0.00028456 0.000577767 0.00114487 -0.00120597
internal_weight=53751 17007.7 10898 1425.34 6109.74 9472.65 727.919 8744.73 36743.3 20190.7 9996.37 10194.3 5595.48 1670.54
internal_count=216019 68277 43731 5725 24546 38006 2918 35088 147742 81251 40114 41137 22707 6698
is_linear=0
shrinkage=0.02


Tree=388
num_leaves=15
num_cat=0
split_feature=9 24 27 19 15 27 19 21 30 30 15 21 19 29
split_gain=4.60281 7.0288 10.9537 6.98671 8.79531 9.79001 6.39037 12.1284 7.55043 6.05512 9.93182 13.6382 8.80574 10.5494
threshold=0.00034076666634064173 0.10531461238861085 0.072222225368022933 -0.063141744583845125 -0.15226225554943082 0.016666667070239786 0.41861705482006079 0.28453835844993597 0.49785685539245611 0.19909325987100604 -0.20167440921068189 -0.2284101992845535 0.20023838430643084 6.0371277204804296e-13
decision_type=10 10 8 2 2 10 2 2 2 2 2 2 2 2
left_child=1 6 3 -3 -5 -6 7 -1 -8 10 -2 -12 -13 -14
right_child=9 2 -4 4 5 -7 8 -9 -10 -11 11 12 13 -15
leaf_value=0.00022438099243695856 0.00019907880684814851 -0.0022571861735791805 0.0024585707685666962 0.0013003744856682812 -0.00027186655211770979 -0.002916780543901413 0.002327408373440636 -0.002159335916301235 -0.0010565214783875791 0.00051590990024156819 -0.0045755864015862829 -0.0012195822897997132 0.0032970788456644423 -0.00093029409317227764
leaf_weight=33926.139945819974 3955.5685916990042 1056.0415857881308 421.45315292477608 883.48076575994492 2167.2155744880438 737.0500602722168 1082.1539845764637 855.92741940915585 333.68644395470619 2654.9666094481945 401.70242238044739 4106.0665290206671 399.08199825882912 525.82967688143253
leaf_count=136333 15900 4249 1693 3547 8713 2955 4362 3442 1348 10677 1617 16479 1603 2117
internal_value=1.92312e-05 0.000119218 -0.000562207 -0.000834071 -0.000427528 -0.000958456 0.000218592 0.000164515 0.00152627 -0.000324636 -0.000562931 -0.00111645 -0.000823229 0.000924916
internal_weight=53506.4 41463.1 5265.24 4843.79 3787.75 2904.27 36197.9 34782.1 1415.84 12043.2 9388.25 5432.68 5030.98 924.912
internal_count=215035 166642 21157 19464 15215 11668 145485 139775 5710 48393 37716 21816 20199 3720
is_linear=0
shrinkage=0.02


Tree=389
num_leaves=15
num_cat=0
split_feature=12 29 29 13 25 29 25 11 5 16 11 8 16 10
split_gain=4.83441 8.3609 7.61777 9.794 7.92787 14.6528 10.4115 13.1107 12.8018 10.2477 8.73794 10.6492 8.3439 8.24885
threshold=0.91666665673255932 3.6684341003269399e-13 1.4420623983130156e-12 0.00015749743033666166 0.0055185628589242705 5.1743348104468799e-13 -0.083719704300165163 0.00054799599456600856 0.00016295435489155355 -0.026303350925445553 0.00076948560308665048 0.91666665673255932 0.099577575922012343 0.75000000000000011
decision_type=2 2 2 8 10 2 10 10 10 2 10 2 2 2
left_child=1 -1 4 -4 5 6 7 9 -8 -2 11 -7 13 -6
right_child=2 -3 3 -5 12 10 8 -9 -10 -11 -12 -13 -14 -15
leaf_value=-0.00098516537996351321 0.0020238652791428032 0.00021038541942523971 0.0003125308091333237 0.0043757881429314811 -0.0032738787073299082 -6.8162127459051033e-05 0.00061873935001240674 -0.0038856373665468011 0.004118738573179544 -0.0017116872293543512 0.0025543163175908816 -0.002065048141277961 -0.00019833711152720829 -0.0010433517977537748
leaf_weight=2490.2668483257294 811.06329357624054 34483.993872761726 1890.6237687766552 252.00299926102161 884.01461280882359 2364.5666259080172 1024.9995038509369 288.65825134515762 696.05513627827168 436.05007825791836 281.83071994781494 1930.6714236736298 3109.6990316361189 2624.2264351248741
leaf_count=10003 3255 138687 7611 1018 3543 9494 4107 1159 2790 1749 1134 7744 12477 10517
internal_value=2.09519e-06 0.000129374 -0.000281311 0.000826475 -0.000446466 -1.55285e-05 0.00100641 -0.000191538 0.00206531 0.000711337 -0.000743908 -0.000971156 -0.000954999 -0.00162078
internal_weight=53568.7 36974.3 16594.5 2142.63 14451.8 7833.9 3256.83 1535.77 1721.05 1247.11 4577.07 4295.24 6617.94 3508.24
internal_count=215288 148690 66598 8629 57969 31432 13060 6163 6897 5004 18372 17238 26537 14060
is_linear=0
shrinkage=0.02


Tree=390
num_leaves=15
num_cat=0
split_feature=20 25 14 25 25 25 29 29 11 0 17 24 13 0
split_gain=4.89584 9.55316 14.2116 8.90783 6.53484 6.72553 15.5808 13.0875 12.6886 11.1121 11.6721 9.69865 11.4425 9.42054
threshold=0.097609050571918501 -0.066454764455556856 0.11043444648385049 -0.10492300242185591 0.2932868897914887 0.094098504632711424 4.0207729723809598e-13 4.5533748212894808e-13 0.00044295609404798603 0.043968614190816886 -0.058249412104487412 0.031841270625591285 0.00013150533777661624 0.022800112143158916
decision_type=2 10 2 10 10 10 2 2 8 2 2 10 8 2
left_child=-1 2 3 -2 5 8 -7 -8 -3 10 -9 -10 13 -13
right_child=1 4 -4 -5 -6 6 7 9 11 -11 -12 12 -14 -15
leaf_value=0.00011672317428033214 -0.0016777283223162066 5.1704883498638301e-05 -6.5913026555358651e-05 -0.0061060202113552876 -0.0029907344763468917 0.0039657527845500043 -0.0032643359288580028 0.0025049132340786845 -0.00026011070994383845 0.0018303075282280674 -0.0010200292151540369 -0.0017068352513644526 9.7033948488887641e-05 -0.0064612183756846556
leaf_weight=39460.90244422853 423.06347215175629 5638.805780172348 942.87717753648758 329.89122612774372 290.22139689326286 456.97613516449928 386.08019115030766 445.29293875396252 855.8461290448904 1522.68341588974 1937.7922394573689 306.8167629390955 305.67618280649185 402.08548393845558
leaf_count=158603 1708 22634 3798 1324 1172 1836 1549 1784 3432 6159 7764 1228 1230 1613
internal_value=1.9869e-06 -0.000315589 -0.00171535 -0.00372568 -0.00012399 -5.13559e-05 0.000536418 0.000154578 -0.000423501 0.000507442 -0.000346008 -0.0018415 -0.00314467 -0.00450679
internal_weight=53705 14244.1 1695.83 752.955 12548.3 12258.1 4748.82 4291.85 7509.23 3905.77 2383.09 1870.42 1014.58 708.902
internal_count=215834 57231 6830 3032 50401 49229 19092 17256 30137 15707 9548 7503 4071 2841
is_linear=0
shrinkage=0.02


Tree=391
num_leaves=15
num_cat=0
split_feature=7 21 21 25 25 23 27 7 27 6 9 23 9 14
split_gain=4.39536 4.7262 4.65989 3.35426 11.2644 6.89431 6.83037 6.59348 5.86788 6.09289 6.94285 7.32614 7.02596 6.98606
threshold=5.4404075854108676e-05 -0.092931084334850297 0.045350389555096633 -0.063928481191396699 -0.061511026695370667 0.048794461414217956 -0.34888888895511622 0.00058887767954729508 -0.34333333373069758 0.91666665673255932 0.0001627440578886308 -0.27438896894454951 0.0005368667480070145 0.37207341194152838
decision_type=10 2 2 10 10 2 10 10 10 2 10 2 10 2
left_child=1 -1 -3 5 -5 8 -6 -8 -2 -10 -11 -12 13 -13
right_child=3 2 -4 4 6 -7 7 -9 9 10 11 12 -14 -15
leaf_value=0.0030165349896257659 -0.0023115248028010857 -0.0016138843306941139 0.0016240730030943088 0.0032981011547817524 0.0024112016713307479 -0.0016798397961260245 -8.4665667966990764e-06 0.0016359224213660334 0.00020623456330738657 -0.0021013927118862514 0.0023187154569676112 0.00024140712616349967 -0.0035084328321315444 -0.0025754502240759466
leaf_weight=379.78818798065186 452.82851558923721 286.18081443011761 404.7531363517046 417.93734776973724 471.97892086207867 1202.0990234613419 34330.39674295485 983.87735114991665 10615.910224422812 1031.3402500152588 377.84797522425652 2071.1121631413698 273.88900563120842 403.70290888845921
leaf_count=1533 1848 1151 1628 1679 1927 4834 137809 3974 42754 4142 1521 8307 1102 1619
internal_value=2.8424e-05 0.00128508 0.000275257 2.38117e-06 0.000109928 -0.000234467 7.0873e-05 3.82472e-05 -0.000118305 -4.80469e-05 -0.000695156 -0.00022088 -0.000584211 -0.000235054
internal_weight=53703.6 1070.72 690.934 52632.9 36204.2 16428.7 35786.3 35314.3 15226.6 14773.8 4157.89 3126.55 2748.7 2474.82
internal_count=215828 4312 2779 211516 145389 66127 143710 141783 61293 59445 16691 12549 11028 9926
is_linear=0
shrinkage=0.02


Tree=392
num_leaves=15
num_cat=0
split_feature=27 6 20 9 11 29 5 21 20 21 8 18 25 21
split_gain=5.31868 12.6941 8.93524 11.3069 11.9731 8.52378 7.52227 9.92652 7.17628 6.05684 6.17607 6.00529 9.65152 10.1304
threshold=-0.076666668057441698 0.41666667163372045 -0.011577340774238108 0.00079368398291990172 0.00082578047295100998 3.9066138019829005e-13 0.00018418867693981158 0.058702265843749053 -0.0049660908989608279 -0.053146244958043092 0.75000000000000011 -0.0020025568082928653 0.042760208249092109 -0.12172171473503111
decision_type=10 2 2 10 10 2 10 2 2 2 2 2 10 2
left_child=-1 6 3 4 5 9 7 -2 -4 10 -3 12 -7 -14
right_child=1 2 8 -5 -6 11 -8 -9 -10 -11 -12 -13 13 -15
leaf_value=0.00022568182078122557 0.0011298593649894377 -0.0034503727955899474 0.0023966726957461736 -0.0042317815665449841 0.0021779959871843818 -0.00034117943780610923 -0.0044462815523287095 -0.0037023949638050149 0.00010454580284157147 -0.0042677157184792354 0.00011748243627498728 0.00044462999710073768 0.00066660450883696768 -0.003364691503641235
leaf_weight=22743.989998847246 380.45161116123199 283.54100571572781 543.80912815034389 301.71950416266918 645.25399650633335 5751.7298392951488 391.32544010877609 277.85191890597343 17760.943001329899 362.19496957957745 534.63170170783997 2533.5257229208946 334.08242729306221 899.47368259727955
leaf_count=91744 1524 1136 2179 1215 2588 23049 1569 1113 71194 1451 2142 10149 1338 3602
internal_value=-6.48945e-06 -0.000176861 -0.000100335 -0.000532937 -0.000427288 -0.00058818 -0.00231779 -0.000958732 0.000175183 -0.00217706 -0.0011718 -0.000387001 -0.000689038 -0.00227968
internal_weight=53744.5 31000.5 29950.9 11646.2 11344.4 10699.2 1049.63 658.304 18304.8 1180.37 818.173 9518.81 6985.29 1233.56
internal_count=215993 124249 120043 46670 45455 42867 4206 2637 73373 4729 3278 38138 27989 4940
is_linear=0
shrinkage=0.02


Tree=393
num_leaves=15
num_cat=0
split_feature=3 10 27 9 25 3 3 16 29 16 13 8 22 0
split_gain=5.70035 11.1515 7.27918 7.04274 10.8502 8.18791 6.97632 6.88541 6.80363 9.41713 8.08871 7.05325 6.25551 6.89685
threshold=0.00018964760965900498 0.91666665673255932 -0.12000000104308127 0.00049100921023637067 -0.017329753376543518 0.00023954993230290714 0.00020020853116875517 0.32038111984729772 5.217872303935751e-13 -0.0046075829304754725 8.9022400061367093e-05 0.75000000000000011 -0.30993221700191492 0.054726809263229377
decision_type=8 2 8 10 8 8 10 2 2 2 10 2 2 2
left_child=12 3 -3 5 -5 8 -4 -8 -2 10 -10 -11 -1 -14
right_child=1 2 6 4 -6 -7 7 -9 9 11 -12 -13 13 -15
leaf_value=-0.0018877551991552436 0.0013829537503168958 0.0045736095318345965 0.0039386645726069477 -0.0028497362771378134 0.00042835381134813014 0.0014733970325369605 0.00023567408642679883 0.003280505696264127 0.002381679661943378 -0.00085131192547418556 -0.0016581965993079841 -0.0047042977075269629 -0.00014901685542079743 0.00051769504831032935
leaf_weight=723.92966598272324 608.21871075034142 269.48983184993267 301.07430909574032 745.65205746889114 845.25457419455051 1708.3951667994261 1744.1131943762302 339.00541386008263 402.05221354961395 430.20969747006893 354.88542836904526 336.83916722238064 37449.796265289187 7418.4736991077662
leaf_count=2916 2440 1091 1208 3007 3408 6891 7012 1367 1627 1736 1426 1354 150090 30154
internal_value=1.80775e-05 0.000506816 0.00156417 -1.36199e-05 -0.00112438 0.000449936 0.00118879 0.000757672 -0.000376168 -0.00108705 0.000493681 -0.00261985 -6.87783e-05 -3.86018e-05
internal_weight=53677.4 8085.19 2653.68 5431.51 1590.91 3840.6 2384.19 2083.12 2132.21 1523.99 756.938 767.049 45592.2 44868.3
internal_count=215727 32567 10678 21889 6415 15474 9587 8379 8583 6143 3053 3090 183160 180244
is_linear=0
shrinkage=0.02


Tree=394
num_leaves=15
num_cat=0
split_feature=25 13 22 14 14 30 9 8 10 25 30 13 13 24
split_gain=4.64416 8.7758 4.64903 3.68147 9.65902 8.52305 6.23006 6.16442 5.28007 7.04326 5.06508 5.48327 9.08484 6.40967
threshold=-0.27415312826633448 7.0611135015496998e-05 -0.21831594407558438 -0.73412582278251637 -0.65519982576370228 -0.44428981840610499 0.00019063325453316796 0.75000000000000011 0.91666665673255932 0.031060767360031608 -0.0053369316738098851 8.379840437555687e-05 6.2001749029150246e-05 0.022675535641610626
decision_type=8 10 2 2 2 2 10 2 2 10 2 8 10 10
left_child=1 2 -1 5 8 6 7 -2 9 -5 11 12 -7 -14
right_child=3 -3 -4 4 -6 10 -8 -9 -10 -11 -12 -13 13 -15
leaf_value=-0.0018440543924511188 -0.0024778398958314467 0.0044732285986849741 0.0016278545222472563 -0.00024248595688175167 -1.5236224878708672e-05 -0.00025018417479922325 -0.0034851192187943733 0.0016849693562627451 0.003388568368214401 0.003336627774037136 -0.0014071207210730205 -0.00082102011300999079 0.0012539715028123048 0.0050286553975220274
leaf_weight=256.6551057100296 274.21199521422386 247.11230356991291 328.8143145442009 747.99882660806179 46206.405826807022 1165.0892460048199 569.93483130633831 256.51968742907047 445.63498041033745 290.12079599499702 897.39406859874725 1138.643858358264 606.21152257919312 248.92097313702106
leaf_count=1038 1107 1008 1348 3009 185604 4700 2296 1033 1789 1166 3617 4575 2440 1001
internal_value=4.73739e-06 0.00146907 9.52185e-05 -1.88796e-05 3.6094e-05 -0.000525439 -0.00206937 -0.000477697 0.00161354 0.000801921 -9.83947e-05 0.000279912 0.000902388 0.00244256
internal_weight=53679.7 832.582 585.469 52847.1 47690.2 5156.93 1100.67 530.732 1483.75 1038.12 4056.26 3158.87 2020.22 855.132
internal_count=215731 3394 2386 212337 191568 20769 4436 2140 5964 4175 16333 12716 8141 3441
is_linear=0
shrinkage=0.02


Tree=395
num_leaves=15
num_cat=0
split_feature=9 28 9 25 18 14 30 25 28 25 25 25 29 5
split_gain=3.92332 10.1815 10.3752 10.6857 9.09876 11.3512 7.98972 7.93598 6.57318 6.74862 9.27104 6.41637 5.61745 5.56921
threshold=0.00012854870874434712 9.9460430126249742e-13 0.00010966981426463464 -0.19966338574886319 0.11094929277896882 -0.054038349539041512 -0.2854450643062591 0.0033406602451577787 3.5706821614051037e-13 0.059140037745237357 -0.067802403122186647 0.10329056531190874 2.7272914829290511e-12 8.0952308053383617e-05
decision_type=10 2 8 10 2 2 2 10 2 10 10 10 2 10
left_child=1 2 3 -1 6 -6 -5 -7 -8 10 13 12 -3 -10
right_child=-2 11 -4 4 5 7 8 -9 9 -11 -12 -13 -14 -15
leaf_value=-0.0037041205689599746 -0.00012564105278286465 -0.0016304589902613603 0.0018250397384283576 -0.00094210792114427389 -0.0041284252277662961 0.0025133069702597812 0.0040812005454347938 -0.00120072998669004 0.00030984379035628597 0.0034535486642883096 -0.0009152303884253835 0.0014562081297601725 0.0014520953325110528 0.0043139908199333844
leaf_weight=249.06750045716763 44744.163866743445 1764.926306411624 2286.4820351004601 593.92369921505451 315.90847326815128 339.97051936388016 352.84181268513203 618.21124011278152 268.8143974095583 366.78614448010921 801.78099359571934 413.64806985855103 256.77221225202084 275.1595104187727
leaf_count=1007 179786 7129 9180 2387 1268 1366 1418 2481 1081 1472 3218 1672 1044 1105
internal_value=-4.93208e-05 0.000333612 0.000748059 0.000153409 0.000415175 -0.000964675 0.00107854 0.000141484 0.00166306 0.00112348 0.00044714 -0.0007644 -0.00122856 0.00241643
internal_weight=53648.5 8904.29 6468.95 4182.46 3933.4 1274.09 2659.31 958.182 2065.38 1712.54 1345.75 2435.35 2021.7 543.974
internal_count=215614 35828 25983 16803 15796 5115 10681 3847 8294 6876 5404 9845 8173 2186
is_linear=0
shrinkage=0.02


Tree=396
num_leaves=15
num_cat=0
split_feature=18 9 8 18 6 23 7 13 18 30 9 13 30 21
split_gain=3.39744 8.79634 8.59408 6.25281 11.7555 6.1656 5.69204 4.37615 4.31091 4.70912 10.7188 15.5626 9.65895 13.7503
threshold=-0.39557287096977228 0.00015022706793388355 0.75000000000000011 -0.36167408525943751 0.91666665673255932 -0.12628612667322156 0.00030873359355609869 5.4112490033730871e-05 -0.34748205542564387 -0.11118481680750845 0.00023468770814361053 8.4229232015786706e-05 -0.1475197151303291 0.032611010596156127
decision_type=2 10 2 2 2 2 10 10 2 2 10 10 2 2
left_child=1 -1 7 4 5 -2 -4 -3 -5 10 12 -12 -10 -14
right_child=3 2 6 8 -6 -7 -8 -9 9 -11 11 -13 13 -15
leaf_value=-0.0010627071257643856 0.0019833584004932923 0.0018648909329723926 0.0032785116686966848 0.0019574084543757448 -0.0047790464950979057 -0.0020468557198079526 -4.0466009015319465e-05 -0.0011481590217954064 -0.00051565586194838144 0.00010452068046707168 0.0013720484626828055 -0.00054759643753370026 -0.0040771980238004666 0.00024463996467371379
leaf_weight=805.44208380579948 291.9224448800087 268.46697157621384 870.63870012760162 423.09011618793011 298.18589468300343 275.85483112931252 268.52203251421452 561.94434890151024 6951.4018058180809 34564.248115196824 2899.433860629797 3991.1249099671841 751.74125571548939 472.64974175393581
leaf_count=3253 1180 1088 3507 1704 1197 1112 1084 2271 27938 138873 11654 16016 3020 1897
internal_value=1.18557e-06 0.000680099 0.00139632 -3.60663e-05 -0.00170159 2.22565e-05 0.00250897 -0.000153109 -6.58349e-06 -2.41078e-05 -0.000318946 0.000261792 -0.000807837 -0.00243173
internal_weight=53694.7 2775.01 1969.57 50919.7 865.963 567.777 1139.16 830.411 50053.7 49630.6 15066.4 6890.56 8175.79 1224.39
internal_count=215794 11203 7950 204591 3489 2292 4591 3359 201102 199398 60525 27670 32855 4917
is_linear=0
shrinkage=0.02


Tree=397
num_leaves=15
num_cat=0
split_feature=8 7 27 13 3 5 10 29 17 25 9 20 20 7
split_gain=5.75482 6.82144 13.8586 5.61526 5.86587 5.63947 11.053 7.99211 10.4814 11.1862 5.5892 8.06225 6.64667 5.59223
threshold=0.41666667163372045 0.00019671623158501464 -0.050000000745058053 0.00027394181233830755 0.00017898732767207551 0.00028964226657990372 0.75000000000000011 5.5723760566776813e-13 0.12463172897696496 -0.040545936673879616 0.00065997091587632905 0.0032561697298660879 0.17101072520017627 0.00029117111989762639
decision_type=2 8 10 8 10 10 2 2 2 10 10 2 2 10
left_child=1 -1 -3 5 -5 -2 7 -7 9 -9 12 -12 13 -8
right_child=3 2 -4 4 -6 6 10 8 -10 -11 11 -13 -14 -15
leaf_value=-0.0020465851345542745 -3.2439000331066296e-07 0.0022231415541637957 -0.0023113132492759742 -0.0037893426924308694 -0.0003107363606205994 -0.0027226677287980343 0.0033635979738855003 -0.0010094790858055853 -0.0021943774787192747 0.0038347469561061322 0.00085864377253424564 0.0055314351929877451 -0.0016256925786421628 0.0008056848075469632
leaf_weight=1158.0758093893528 46344.276987493038 574.18763770163059 473.63842952251434 286.65441586077213 538.29972794651985 455.36775022745132 460.16320958733559 325.24992245435715 398.04031401872635 418.7247119396925 300.76186399161816 287.75481659173965 300.34160201251507 1256.0640028268099
leaf_count=4666 186183 2322 1899 1150 2171 1828 1849 1315 1609 1690 1216 1165 1209 5051
internal_value=-6.70078e-06 -0.0010023 0.000168576 3.64237e-05 -0.00158056 6.34286e-05 0.00076316 -0.000542686 0.000358461 0.00174597 0.00156191 0.00325011 0.00104215 0.00152237
internal_weight=53577.6 2205.9 1047.83 51371.7 824.954 50546.7 4202.47 1597.38 1142.01 743.975 2605.09 588.517 2016.57 1716.23
internal_count=215323 8887 4221 206436 3321 203115 16932 6442 4614 3005 10490 2381 8109 6900
is_linear=0
shrinkage=0.02


Tree=398
num_leaves=15
num_cat=0
split_feature=7 25 5 13 13 25 13 5 28 12 14 27 28 29
split_gain=4.58066 11.5412 9.456 9.51621 10.5678 8.75096 9.38667 9.09087 8.5687 10.8558 9.27872 8.17245 10.1198 12.45
threshold=0.00015300724044209349 -0.14608979225158689 5.1894097850890837e-05 5.9306517869117677e-05 4.7614119466743439e-05 -0.062697719782590852 0.00014713653945364061 3.2790539989946417e-05 5.6871711116499034e-13 0.58333334326744091 0.14908970147371295 -0.083333335816860185 7.1587801333573852e-13 7.9823766954006957e-13
decision_type=10 10 10 10 10 10 10 8 2 2 2 10 2 2
left_child=1 2 -1 4 -4 8 7 -7 9 -3 -11 12 -10 -14
right_child=-2 5 3 -5 -6 6 -8 -9 11 10 -12 -13 13 -15
leaf_value=0.0043027491907764431 -0.00013073517994011938 -0.003180882726092737 0.0012671535459978004 0.0022159217461501933 -0.0027769140566898105 -0.0027187957682785931 -0.0024470052185870286 0.00049421911645798958 -0.0055549994830719806 0.0022585689359122139 -0.0012325608193296679 -7.8465450209553423e-05 0.0021918964169168717 -0.0026780375830904326
leaf_weight=388.24409687519073 33540.681952118874 265.24744257330894 599.78963649272919 1128.543416261673 424.01219019293785 342.45290987193584 457.75695751607418 12899.016013085842 310.36424408853054 900.27752359211445 439.59998646378517 957.24128469824791 260.22663322091103 848.86690112948418
leaf_count=1573 134761 1065 2429 4551 1716 1377 1836 51817 1248 3613 1764 3837 1048 3433
internal_value=1.25877e-05 0.000250205 0.00150514 0.000965531 -0.000428831 6.83868e-05 0.000308349 0.000407149 -0.000754605 0.000372086 0.00111188 -0.00151228 -0.00246468 -0.00151682
internal_weight=53762.3 20221.6 2540.59 2152.35 1023.8 17681 13699.2 13241.5 3981.82 1605.12 1339.88 2376.7 1419.46 1109.09
internal_count=216068 81307 10269 8696 4145 71038 55030 53194 16008 6442 5377 9566 5729 4481
is_linear=0
shrinkage=0.02


Tree=399
num_leaves=15
num_cat=0
split_feature=26 18 24 19 20 21 1 7 16 18 16 24 5 24
split_gain=3.90837 6.38902 4.50936 10.1001 8.86802 7.33995 5.44315 5.45562 6.80894 5.42266 4.44452 6.59207 13.8549 12.0924
threshold=-0.39000000059604639 -0.14366813749074933 -0.17711907625198361 -0.075743339955806718 -0.34504987299442286 -0.4156374037265777 4.2164869228145114e-05 0.00015300724044209349 -0.25722447037696833 -0.34110106527805323 -0.1546831279993057 0.015733090229332451 0.00020398179913172501 -0.040739426389336579
decision_type=8 2 8 2 2 2 8 10 2 2 2 10 10 10
left_child=1 -1 3 4 -2 9 -6 -8 -9 -4 11 13 -13 -7
right_child=2 -3 5 -5 6 10 7 8 -10 -11 -12 12 -14 -15
leaf_value=0.0001553349927973712 -0.0026168584268760954 -0.0031518618103725023 0.0041425666642954705 -0.0029080336154292158 -0.0010413342827069094 -4.0566263468841271e-05 0.0040677185670316817 -0.0016448454617716149 0.0026729284766466442 0.00035873094159291901 0.00015121497109930342 -0.00020922540582700815 0.0025028637301065704 -0.0014790318692611242
leaf_weight=535.85023075342178 366.86562742292881 391.89453648030758 281.7410823404789 654.01112715899944 390.82653932273388 6758.9061246216297 258.5163319259882 264.23945967853069 282.16169461607933 312.63805934786797 35185.825053349137 3414.5215817689896 945.85911856591702 3554.4997113645077
leaf_count=2177 1478 1591 1150 2629 1574 27186 1043 1064 1136 1276 141321 13709 3801 14272
internal_value=-5.7644e-06 -0.00127871 1.71342e-05 -0.000861646 2.0771e-05 5.60683e-05 0.000859757 0.0017857 0.000600505 0.00222877 2.92841e-05 -0.000262898 0.000387826 -0.000538234
internal_weight=53598.4 927.745 52670.6 2216.62 1562.61 50454 1195.74 804.917 546.401 594.379 49859.6 14673.8 4360.38 10313.4
internal_count=215407 3768 211639 8924 6295 202715 4817 3243 2200 2426 200289 58968 17510 41458
is_linear=0
shrinkage=0.02


end of trees

feature_importances:
Column_13=411
Column_0=373
Column_24=337
Column_29=301
Column_11=299
Column_25=279
Column_22=262
Column_27=253
Column_23=245
Column_28=236
Column_9=222
Column_7=211
Column_1=199
Column_19=187
Column_20=182
Column_3=166
Column_5=154
Column_18=143
Column_21=139
Column_26=135
Column_14=127
Column_17=126
Column_30=105
Column_16=100
Column_2=93
Column_6=70
Column_8=68
Column_15=52
Column_12=43
Column_4=40
Column_10=40
Column_31=2

parameters:
[boosting: gbdt]
[objective: binary]
[metric: auc]
[tree_learner: serial]
[device_type: cpu]
[data_sample_strategy: bagging]
[data: ]
[valid: ]
[num_iterations: 400]
[learning_rate: 0.02]
[num_leaves: 15]
[num_threads: 20]
[seed: 0]
[deterministic: 0]
[force_col_wise: 0]
[force_row_wise: 0]
[histogram_pool_size: -1]
[max_depth: -1]
[min_data_in_leaf: 1000]
[min_sum_hessian_in_leaf: 0.001]
[bagging_fraction: 0.8]
[pos_bagging_fraction: 1]
[neg_bagging_fraction: 1]
[bagging_freq: 1]
[bagging_seed: 3]
[bagging_by_query: 0]
[feature_fraction: 0.6]
[feature_fraction_bynode: 1]
[feature_fraction_seed: 2]
[extra_trees: 0]
[extra_seed: 6]
[early_stopping_round: 0]
[early_stopping_min_delta: 0]
[first_metric_only: 0]
[max_delta_step: 0]
[lambda_l1: 0]
[lambda_l2: 20]
[linear_lambda: 0]
[min_gain_to_split: 0]
[drop_rate: 0.1]
[max_drop: 50]
[skip_drop: 0.5]
[xgboost_dart_mode: 0]
[uniform_drop: 0]
[drop_seed: 4]
[top_rate: 0.2]
[other_rate: 0.1]
[min_data_per_group: 100]
[max_cat_threshold: 32]
[cat_l2: 10]
[cat_smooth: 10]
[max_cat_to_onehot: 4]
[top_k: 20]
[monotone_constraints: ]
[monotone_constraints_method: basic]
[monotone_penalty: 0]
[feature_contri: ]
[forcedsplits_filename: ]
[refit_decay_rate: 0.9]
[cegb_tradeoff: 1]
[cegb_penalty_split: 0]
[cegb_penalty_feature_lazy: ]
[cegb_penalty_feature_coupled: ]
[path_smooth: 0]
[interaction_constraints: ]
[verbosity: -1]
[saved_feature_importance_type: 0]
[use_quantized_grad: 0]
[num_grad_quant_bins: 4]
[quant_train_renew_leaf: 0]
[stochastic_rounding: 1]
[linear_tree: 0]
[max_bin: 255]
[max_bin_by_feature: ]
[min_data_in_bin: 3]
[bin_construct_sample_cnt: 200000]
[data_random_seed: 1]
[is_enable_sparse: 1]
[enable_bundle: 1]
[use_missing: 1]
[zero_as_missing: 0]
[feature_pre_filter: 1]
[pre_partition: 0]
[two_round: 0]
[header: 0]
[label_column: ]
[weight_column: ]
[group_column: ]
[ignore_column: ]
[categorical_feature: ]
[forcedbins_filename: ]
[precise_float_parser: 0]
[parser_config_file: ]
[objective_seed: 5]
[num_class: 1]
[is_unbalance: 0]
[scale_pos_weight: 1]
[sigmoid: 1]
[boost_from_average: 1]
[reg_sqrt: 0]
[alpha: 0.9]
[fair_c: 1]
[poisson_max_delta_step: 0.7]
[tweedie_variance_power: 1.5]
[lambdarank_truncation_level: 30]
[lambdarank_norm: 1]
[label_gain: ]
[lambdarank_position_bias_regularization: 0]
[eval_at: ]
[multi_error_top_k: 1]
[auc_mu_weights: ]
[num_machines: 1]
[local_listen_port: 12400]
[time_out: 120]
[machine_list_filename: ]
[machines: ]
[gpu_platform_id: -1]
[gpu_device_id: -1]
[gpu_use_dp: 0]
[num_gpu: 1]

end of parameters

pandas_categorical:null
