tree
version=v4
num_class=1
num_tree_per_iteration=1
label_index=0
max_feature_idx=336
objective=binary sigmoid:1
feature_names=Column_0 Column_1 Column_2 Column_3 Column_4 Column_5 Column_6 Column_7 Column_8 Column_9 Column_10 Column_11 Column_12 Column_13 Column_14 Column_15 Column_16 Column_17 Column_18 Column_19 Column_20 Column_21 Column_22 Column_23 Column_24 Column_25 Column_26 Column_27 Column_28 Column_29 Column_30 Column_31 Column_32 Column_33 Column_34 Column_35 Column_36 Column_37 Column_38 Column_39 Column_40 Column_41 Column_42 Column_43 Column_44 Column_45 Column_46 Column_47 Column_48 Column_49 Column_50 Column_51 Column_52 Column_53 Column_54 Column_55 Column_56 Column_57 Column_58 Column_59 Column_60 Column_61 Column_62 Column_63 Column_64 Column_65 Column_66 Column_67 Column_68 Column_69 Column_70 Column_71 Column_72 Column_73 Column_74 Column_75 Column_76 Column_77 Column_78 Column_79 Column_80 Column_81 Column_82 Column_83 Column_84 Column_85 Column_86 Column_87 Column_88 Column_89 Column_90 Column_91 Column_92 Column_93 Column_94 Column_95 Column_96 Column_97 Column_98 Column_99 Column_100 Column_101 Column_102 Column_103 Column_104 Column_105 Column_106 Column_107 Column_108 Column_109 Column_110 Column_111 Column_112 Column_113 Column_114 Column_115 Column_116 Column_117 Column_118 Column_119 Column_120 Column_121 Column_122 Column_123 Column_124 Column_125 Column_126 Column_127 Column_128 Column_129 Column_130 Column_131 Column_132 Column_133 Column_134 Column_135 Column_136 Column_137 Column_138 Column_139 Column_140 Column_141 Column_142 Column_143 Column_144 Column_145 Column_146 Column_147 Column_148 Column_149 Column_150 Column_151 Column_152 Column_153 Column_154 Column_155 Column_156 Column_157 Column_158 Column_159 Column_160 Column_161 Column_162 Column_163 Column_164 Column_165 Column_166 Column_167 Column_168 Column_169 Column_170 Column_171 Column_172 Column_173 Column_174 Column_175 Column_176 Column_177 Column_178 Column_179 Column_180 Column_181 Column_182 Column_183 Column_184 Column_185 Column_186 Column_187 Column_188 Column_189 Column_190 Column_191 Column_192 Column_193 Column_194 Column_195 Column_196 Column_197 Column_198 Column_199 Column_200 Column_201 Column_202 Column_203 Column_204 Column_205 Column_206 Column_207 Column_208 Column_209 Column_210 Column_211 Column_212 Column_213 Column_214 Column_215 Column_216 Column_217 Column_218 Column_219 Column_220 Column_221 Column_222 Column_223 Column_224 Column_225 Column_226 Column_227 Column_228 Column_229 Column_230 Column_231 Column_232 Column_233 Column_234 Column_235 Column_236 Column_237 Column_238 Column_239 Column_240 Column_241 Column_242 Column_243 Column_244 Column_245 Column_246 Column_247 Column_248 Column_249 Column_250 Column_251 Column_252 Column_253 Column_254 Column_255 Column_256 Column_257 Column_258 Column_259 Column_260 Column_261 Column_262 Column_263 Column_264 Column_265 Column_266 Column_267 Column_268 Column_269 Column_270 Column_271 Column_272 Column_273 Column_274 Column_275 Column_276 Column_277 Column_278 Column_279 Column_280 Column_281 Column_282 Column_283 Column_284 Column_285 Column_286 Column_287 Column_288 Column_289 Column_290 Column_291 Column_292 Column_293 Column_294 Column_295 Column_296 Column_297 Column_298 Column_299 Column_300 Column_301 Column_302 Column_303 Column_304 Column_305 Column_306 Column_307 Column_308 Column_309 Column_310 Column_311 Column_312 Column_313 Column_314 Column_315 Column_316 Column_317 Column_318 Column_319 Column_320 Column_321 Column_322 Column_323 Column_324 Column_325 Column_326 Column_327 Column_328 Column_329 Column_330 Column_331 Column_332 Column_333 Column_334 Column_335 Column_336
feature_infos=[-0.0061162989586591721:0.0035107806324958801] [-0.0031608962453901768:0.0033472024369984865] [-0.0033598493319004774:0.0036334078758955002] [-0.0036334078758955002:0.0033598493319004774] [0:0.0085599655285477638] [0:1] [-0.012223785743117332:0.0042661596089601517] [-0.014351047575473785:0.015778644010424614] [-0.0085758045315742493:0.0059473011642694473] [-0.014240287244319916:0.0044659608975052834] [-0.0064061284065246582:0.017341496422886848] [-0.0040358677506446838:0.0040030032396316528] [-0.0094239264726638794:0.010017318651080132] [-0.0078327395021915436:0.010022401809692383] [-0.022141732275485992:0.011504275724291801] [-0.010022401809692383:0.0078327395021915436] [-0.0085809603333473206:0.0090956166386604309] [-0.00537486607208848:0.0066928430460393429] [-0.0090981321409344673:0.0063577662222087383] [-0.0063577662222087383:0.0090981321409344673] [0:0.0092163067311048508] [0:1] [-0.012353542260825634:0.0098746102303266525] [-0.022800132632255554:0.025202533230185509] [-0.0096520930528640747:0.0079780071973800659] [-0.01394631527364254:0.010373137891292572] [-0.011908289976418018:0.017741125077009201] [-0.012873008847236633:0.0084736943244934082] [-0.010966014117002487:0.017873648554086685] [-0.011246364563703537:0.017538571730256081] [-0.022648070007562637:0.019214693456888199] [-0.017538571730256081:0.011246364563703537] [-0.0090149529278278351:0.0095694586634635925] [-0.0065416400320827961:0.0077273454517126083] [-0.0095856161788105965:0.0072195995599031448] [-0.0072195995599031448:0.0095856161788105965] [0:0.010143095627427101] [0:1] [-0.011775976046919823:0.010240495204925537] [-0.01633874699473381:0.02824791893362999] [-0.013139985501766205:0.0080301389098167419] [-0.018278591334819794:0.011295868083834648] [-0.019800290465354919:0.01766245998442173] [-0.012862611562013626:0.0078267008066177368] [-0.010911647230386734:0.019751952961087227] [-0.011206492781639099:0.019244207069277763] [-0.022353719919919968:0.020922916010022163] [-0.019244207069277763:0.011206492781639099] [-0.012023195624351501:0.016660302877426147] [-0.010440287180244923:0.0082254828885197639] [-0.016415484249591827:0.012603280134499073] [-0.012603280134499073:0.016415484249591827] [0:0.016034657135605812] [0:1] [-0.01604112982749939:0.011812582612037659] [-0.016806766390800476:0.0280276108533144] [-0.015569865703582764:0.03249271959066391] [-0.015462771058082581:0.020979836583137512] [-0.02286611869931221:0.018477683886885643] [-0.016589254140853882:0.012177824974060059] [-0.011119149625301361:0.020016824826598167] [-0.016321063041687012:0.019209384918212891] [-0.027066612616181374:0.02608080580830574] [-0.019209384918212891:0.016321063041687012] [-0.01895160973072052:0.021962106227874756] [-0.010795459151268005:0.017173377797007561] [-0.021439388394355774:0.019463077187538147] [-0.019463077187538147:0.021439388394355774] [0:0.016367578878998756] [0:1] [-0.021364465355873108:0.018547505140304565] [-0.021645903587341309:0.032679297029972076] [-0.020339533686637878:0.040101766586303711] [-0.019274547696113586:0.026379555463790894] [-0.024329023435711861:0.019037708640098572] [-0.022171154618263245:0.01921921968460083] [-0.011070188134908676:0.022740760818123817] [-0.021505184471607208:0.021907882764935493] [-0.022142551839351654:0.027477994561195374] [-0.021907882764935493:0.021505184471607208] [-0.025288283824920654:0.027276590466499329] [-0.011067819781601429:0.017667820677161217] [-0.025975549593567848:0.025434317067265511] [-0.025434317067265511:0.025975549593567848] [0:0.017173070460557938] [0:1] [-0.026403695344924927:0.024226143956184387] [-0.031295955181121826:0.035097263753414154] [-0.028359517455101013:0.04020962119102478] [-0.02401222288608551:0.029653929173946381] [-0.027117356657981873:0.024741828441619873] [-0.027322545647621155:0.025108456611633301] [-0.015626773238182068:0.024973206222057343] [-0.026659004390239716:0.024824745953083038] [-0.023674514144659042:0.029328528791666031] [-0.024824745953083038:0.026659004390239716] [0:1] [0:1] [0:0.0026476974599063396] [-0.0060975924134254456:0.0035169054754078388] [-0.0085442150011658669:0.0091370949521660805] [-0.0093992063775658607:0.0095823844894766808] [-0.018841762095689774:0.018526656553149223] [-0.025061510503292084:0.019992901012301445] [-0.0067971646785736084:0.0053102467209100723] [0:1] [-0.0079639218747615814:0.0071697109378874302] [0:1] [-0.015931796282529831:0.0082397181540727615] [0:1] [-0.023434041067957878:0.010461078956723213] [0:1] [-0.00084503740072250366:0.00074933393625542521] [-0.015651050955057144:0.0056602694094181061] [-0.99798679351806641:0.9558672308921814] [0:1] [0:1] [0:1] [-0.00090192502830177546:0.0025819891598075628] [0:1] [-2.1242644786834717:2.1102550029754639] [0:0.046607494354248047] [0:0.0044232322834432125] [0:0.0039470382034778595] [8.0916322531265905e-08:0.0030659709591418505] [0:1] [-0.019236033782362938:0] [0:0.019162096083164215] [0:1] [-0.025106661021709442:0] [0:0.026880433782935143] [0:1] [-0.031526040285825729:0] [0:0.032352305948734283] [-0.0017326191300526261:0.0014985736925154924] [-0.92880105972290039:0.89629912376403809] [0:1] [-0.0090352026745676994:0.010539919137954712] [-0.024259762838482857:0.017366914078593254] [-0.030825300142168999:0.032465983182191849] [-0.034450218081474304:0.018896384164690971] [-0.038312748074531555:0.019825734198093414] [-0.019485604017972946:0.0095356106758117676] [0:1] [-0.027075007557868958:0.0088045196607708931] [0:1] [-0.038302212953567505:0.014200188219547272] [0:1] [-0.051706761121749878:0.016759147867560387] [0:1] [-0.0029293119441717863:0.0009187028044834733] [-0.01985597051680088:0.009408918209373951] [-1:0.88684499263763428] [0:1] [0:1] [0:1] [-0.0030340529046952724:0.0021089287474751472] [0:1] [-2.1158361434936523:2.1151227951049805] [0:0.050310589373111725] [9.1093431409117187e-11:0.0088087785989046097] [1.8457962141837925e-05:0.0062964190728962421] [3.7043242627987638e-05:0.0053069940768182278] [0:1] [-0.035449251532554626:0] [0:0.035704877227544785] [0:1] [-0.039705157279968262:0] [0:0.035704877227544785] [0:1] [-0.059796493500471115:0] [0:0.035704877227544785] [-0.0017950240289792418:0.0010963724926114082] [-0.88910311460494995:0.8357129693031311] [0:1] [-0.024259762838482857:0.022205006331205368] [-0.034566879272460938:0.025840286165475845] [-0.03631894662976265:0.018021227791905403] [-0.053794968873262405:0.019728230312466621] [-0.076992467045783997:0.023507691919803619] [-0.029851142317056656:0.010408833622932434] [0:1] [-0.039813283830881119:0.01420372910797596] [0:1] [-0.065798431634902954:0.016220433637499809] [0:1] [-0.099547676742076874:0.017046721652150154] [0:1] [-0.0043646427802741528:0.0014741903869435191] [-0.037053376436233521:0.0093061113730072975] [-1:0.92279559373855591] [0:1] [0:1] [0:1] [-0.0027025269810110331:0.0035978634841740131] [0:1] [-2.0501043796539307:2.1155338287353516] [0.0001593229389982298:0.064004950225353241] [2.6797513783094473e-05:0.010510792024433613] [5.076676097814925e-05:0.0081451870501041412] [0.00012317727669142187:0.010752401314675808] [0:1] [-0.054136320948600769:0] [0:0.032352305948734283] [0:1] [-0.077966250479221344:0] [0:0.032352305948734283] [0:1] [-0.15296667814254761:0] [0:0.22620865702629089] [-0.0026102950796484947:0.0014808323467150331] [-0.88598990440368652:0.94203436374664307] [0:1] [-0.030825300142168999:0.027651967480778694] [-0.03631894662976265:0.018021227791905403] [-0.053794968873262405:0.018789751455187798] [-0.076992467045783997:0.023507691919803619] [-0.15282990038394928:0.026432069018483162] [-0.037342153489589691:0.012071222998201847] [0:1] [-0.055895313620567322:0.014810801483690739] [0:1] [-0.099361777305603027:0.016814285889267921] [0:1] [-0.13033092021942139:0.02325398288667202] [0:1] [-0.0062320600263774395:0.0015362781705334783] [-0.064425408840179443:0.011957357637584209] [-1:0.95421236753463745] [0:1] [0:1] [0:1] [-0.0022143661044538021:0.0046786805614829063] [0:1] [-1.9781508445739746:2.0212082862854004] [0.00037271951441653073:0.22096642851829529] [5.2207025873940438e-05:0.013110553845763206] [0.00013504919479601085:0.030341140925884247] [0.0001895441091619432:0.017388585954904556] [0:1] [-0.077966250479221344:0] [0:0.032352305948734283] [0:1] [-0.15296667814254761:0] [0:0.22620865702629089] [0:1] [-0.17911288142204285:0] [0:0.22620865702629089] [-0.0049060401506721973:0.0015650995774194598] [-0.87423920631408691:0.84577882289886475] [0:1] [-0.034450218081474304:0.024058403447270393] [-0.053794968873262405:0.018187541514635086] [-0.076992467045783997:0.023306772112846375] [-0.1491706520318985:0.026432069018483162] [-0.17640130221843719:0.034291904419660568] [-0.05126943439245224:0.013163136318325996] [0:1] [-0.084062792360782623:0.013708487153053284] [0:1] [-0.12799616158008575:0.023113904520869255] [0:1] [-0.14890594780445099:0.027577333152294159] [0:1] [-0.0096608307212591171:0.001423484762199223] [-0.083179980516433716:0.016163947060704231] [-1:0.99028778076171875] [0:1] [0:1] [0:1] [-0.0078845107927918434:0.0032226352486759424] [0:1] [-2.0276551246643066:2.0591192245483398] [0.00072154978988692164:0.30073851346969604] [0.00012612300633918494:0.043301351368427277] [0.00018770578026305884:0.031576391309499741] [0.0002769273123703897:0.024797221645712852] [0:1] [-0.14978669583797455:0] [0:0.22620865702629089] [0:1] [-0.17911288142204285:0] [0:0.22620865702629089] [0:1] [-0.18068006634712219:0] [0:0.22620865702629089] [-0.011891766451299191:0.0016135995974764228] [-0.75074917078018188:0.77045750617980957] [0:1] [-0.029325529932975769:0.02271166630089283] [-0.1491706520318985:0.026718834415078163] [-0.16388587653636932:0.031377330422401428] [-0.16518302261829376:0.035516183823347092] [-0.16343951225280762:0.053389415144920349] [-0.090682022273540497:0.018403751775622368] [0:1] [-0.12064804881811142:0.024469563737511635] [0:1] [-0.14113141596317291:0.032884862273931503] [0:1] [-0.14530719816684723:0.045768052339553833] [0:1] [-0.014442220330238342:0.0025142217054963112] [-0.083686113357543945:0.02274228073656559] [-1:0.95012545585632324] [0:1] [0:1] [0:1] [-0.022445101290941238:0.0066255116835236549] [0:1] [-1.9640529155731201:2.0499212741851807] [0.0019137969939038157:0.33424630761146545] [0.00032856533653102815:0.044770825654268265] [0.00057757896138355136:0.032100781798362732] [0.00029668217757716775:0.031089238822460175] [0:1] [-0.1691526472568512:0] [0:0.22911079227924347] [0:1] [-0.17073884606361389:0] [0:0.22911079227924347] [0:1] [-0.17073884606361389:0] [0:0.24199849367141724] [-0.013666055165231228:0.0028236445505172014] [-0.72663068771362305:0.63131207227706909] [0:1] [0:1] [-0.69503295421600342:0.64941781759262085] [-1:1.2246468525851679e-16] [-1:0.86383551359176636] [0:6] [0:1] [0:1] [-2.9338786602020264:7.531343936920166] [0:1] none
tree_sizes=24974 25826 25982 25120 25712

Tree=0
num_leaves=219
num_cat=0
split_feature=108 86 35 18 74 329 22 79 108 42 329 329 22 5 95 35 182 94 52 17 38 133 333 170 241 17 86 18 224 41 289 16 214 289 129 246 124 291 172 144 178 144 241 278 238 247 122 57 41 314 0 133 54 52 314 71 74 106 71 73 224 71 176 202 16 57 90 144 140 42 66 124 331 224 211 23 178 81 44 122 146 65 314 3 32 90 272 90 106 17 22 156 12 17 132 160 314 334 125 57 106 334 172 94 160 133 211 170 128 241 44 196 312 34 132 74 179 41 296 220 1 62 33 41 87 28 177 0 57 89 5 179 87 211 12 177 86 323 294 202 334 63 129 39 136 94 274 17 312 73 100 62 329 284 90 18 329 312 94 124 45 272 22 286 132 232 121 329 160 7 133 204 156 24 202 20 38 74 296 24 156 274 74 74 291 203 176 86 246 40 318 87 291 182 62 32 73 100 177 9 114 95 132 294 286 144 92 24 17 7 24 289 203 74 289 161 120 30
split_gain=559.996 114.4 86.4378 72.629 38.8997 52.2995 36.791 35.8234 32.2006 28.8982 30.0915 27.906 31.162 27.7725 28.1238 27.6681 27.449 22.0813 20.4642 19.3528 18.4831 17.5731 17.4363 17.2956 16.2323 16.0107 20.437 17.0721 18.7013 15.7811 15.6556 15.5656 15.5265 15.4493 15.3918 15.3644 14.9254 14.8588 14.5482 14.4293 14.2418 14.0596 13.8365 13.5061 14.1639 13.4565 13.4132 12.9424 15.1954 12.941 12.8304 13.0564 12.8222 16.5092 12.8139 12.7863 12.4026 12.1092 11.9439 14.3722 12.7771 12.5635 11.5104 11.2683 11.1247 11.0812 10.7049 10.7047 10.3732 10.2569 10.2269 13.5729 10.6906 10.1883 10.1686 11.9909 10.1415 10.0044 10.9534 9.86222 10.1409 9.72643 11.8605 9.65993 9.62784 9.55616 9.50906 9.40812 10.4545 9.34482 9.26884 9.13961 9.09221 9.04814 8.81557 16.4972 12.5069 12.154 9.98755 9.95676 8.81133 11.0707 9.78021 8.91412 8.72576 8.69852 8.6445 8.64106 8.63836 9.30147 8.56551 8.42483 8.37027 8.27919 9.81034 8.27385 8.29144 8.23654 8.17533 12.0092 11.9597 8.00184 8.00012 7.89201 7.87575 9.17051 7.83212 7.7382 7.73108 7.68324 7.56454 8.18089 7.47972 7.4691 10.5988 8.15613 7.93252 7.44338 7.87358 7.21506 7.15479 7.62366 7.27685 7.13492 7.09969 7.22699 7.09841 9.69613 7.91825 7.15829 7.05446 7.02686 6.9888 6.95699 8.63945 6.89797 6.87662 6.82232 6.81079 6.75987 9.59627 7.00362 6.75816 6.73711 6.72282 7.14141 6.70165 6.49145 6.44518 6.44234 6.32936 6.2874 6.26891 6.17079 6.13863 6.08131 6.05987 11.2512 5.96347 5.93937 5.9019 5.68086 5.67136 6.45595 5.63833 5.53358 11.5164 5.52841 5.52131 5.43106 5.16528 5.09291 4.93214 4.84085 4.83938 4.78866 4.72203 5.90087 4.50689 4.46568 4.42397 4.36033 4.33012 4.26254 6.30838 4.22967 4.03186 3.78138 3.61945 3.49993 3.42882 3.26809 2.73986 2.65382 2.50819 1.39759 1.05342 0.0188708
threshold=-3.7849567888770248e-06 9.3095004558563249e-06 -2.0029954612255093e-05 5.4147714763530537e-05 -3.8368627429008477e-05 -0.85377600789070118 -0.00017474032938480374 9.4813294708728804e-05 -6.7614262661663802e-05 9.8753720521926893e-05 -0.95037782192230214 -0.83747833967208851 0.00027417764067649847 0.75000000000000011 3.7574791349470622e-05 5.0410628318786628e-05 0.00033051104401238268 0.00024818256497383123 0.00020124614093219864 -6.7360389948589714e-05 -5.7678669691085809e-05 0.00033761055965442216 1.0000000180025095e-35 -0.00038310518721118564 0.0016527145053260031 -0.00012030576544930226 -4.2680650949478143e-05 -0.00011224268382648005 -0.0035832675639539953 -2.3391912691295143e-06 4.1585017243050977e-05 -0.00014617340639233586 0.00025590977747924631 -0.0032398919574916358 -0.00023328512179432434 -0.0015311877941712735 0.00015960392920533198 -0.0033604940399527545 2.5439213459321767e-05 2.6680614610086199e-05 0.00017159101844299587 -2.4260497411887624e-05 0.00098432879894971869 -0.0018160130712203679 0.0015905781765468421 0.0017268860829062762 6.4273233874700977e-05 -0.0001881252974271774 -9.8820775747299181e-05 0.0022040473995730285 -1.5618279576301571e-05 0.00024856931122485554 5.7013705372810371e-05 0.00013257916725706312 0.0023201857693493371 -5.8241188526153558e-05 0.00010389089584350587 3.7804969906574122e-05 -9.1569963842630373e-05 0.00014024297706782821 0.0025965950917452578 -0.00014051608741283414 0.00056000801851041626 -0.001669111894443631 -0.0001258833799511194 0.00045713875442743307 4.5770779252052314e-05 0.00041716676787473267 -0.00058770846226252605 -0.0004075923934578895 8.1502756074769436e-05 7.7932327258167802e-05 5.0000000000000009 0.00042255988228134816 0.086953554302454009 -6.2093022279441343e-05 0.00025641564570833003 -3.8431337088695721e-05 -3.2503157854080196e-06 3.1334062441601425e-05 5.9016763771069243e-05 0.00026626326143741613 0.0020422230008989577 7.6511874794960036e-05 3.862008452415467e-05 0.00040046055801212793 0.50873893499374401 -0.00015332456678152082 -8.7942491518333541e-05 4.3312709294696114e-06 2.1742656826972965e-05 0.0001070980215445161 -1.080520451068878e-05 0.00010831275722011925 -0.00036497476685326541 0.0003470761730568484 0.0030906138708814983 -0.2851098626852035 0.74005651473999035 0.00038503971882164484 -8.7942491518333541e-05 0.47616423666477209 -3.7300758776837022e-05 -0.00041387043893337244 0.00022406275093089792 0.00011506334703881295 -0.19608485698699948 -0.001591445005033165 0.70912712812423717 0.0010231977212242784 -9.8031014204025255e-05 -0.036093657836318009 0.001611767278518528 -7.3754228651523577e-05 -0.00062181419343687583 0.00022307923063635829 0.0014914531493559482 -4.9858121201395982e-05 -0.003589589498005807 5.1750224884017377e-05 -7.9069286584854109e-06 1.1900439858436586e-05 -0.00017158997798105699 1.5275552868843082e-05 2.8776004910469059e-05 4.6216882765293128e-05 -0.00013417032459983599 5.4053962230682382e-06 -1.2483447790145872e-05 0.0002860631793737412 0.75000000000000011 -0.00026729211094789202 0.00036161579191684728 -0.22372518479824063 2.205464988946915e-05 0.00030609351233579224 -1.9509345293045041e-05 0.0053002641070634135 -0.0010795987909659741 -0.0010169569868594406 -0.72732537984848011 0.00011842884123325349 -0.0001239471021108329 2.6691704988479618e-06 0.55000001192092907 0.00013240054249763491 0.00066997873364016425 6.6326840169494985e-05 0.0011370775755494835 3.8433820009231574e-05 3.7500183680094785e-05 -4.8354384489357465e-05 -0.57892408967018116 -0.0023767831735312934 0.00028079468756914144 -1.8570572137832639e-06 -0.90722548961639393 0.0018374524661339822 7.8949145972728743e-05 6.6385095124132945e-05 -8.7684835307300077e-05 0.49152457714080816 2.1742656826972965e-05 -6.3674466218799339e-05 -0.00026356341550126666 -9.3413036665879173e-06 0.00055864689056761574 -0.98518189787864674 0.000183304597157985 -1.7701648175716397e-05 0.00011506334703881295 0.12375964224338533 -2.9767740670649797e-05 -0.00022226804867386815 -0.001007698767352849 0.00012935592530993747 2.9677525162696842e-05 8.9798122644424455e-06 0.0024523392785340552 -9.8971650004386888e-05 -1.4924088645784648e-05 0.00069423270178958784 -0.00018126019858755169 -0.00044634845107793803 0.0019601995591074233 0.00061406416352838289 -9.5688792498549433e-05 -8.8431872427463518e-05 -0.007454424398019909 -7.2536058723926531e-05 0.47705964744091039 -7.1698799729347215e-05 0.00021006885799579325 0.00019635551871033388 0.00017497316002845767 -5.0594098865985862e-06 0.00021935068070888522 -9.3380429461831213e-05 -0.0010787582141347227 2.2368039935827259e-06 0.10244465619325639 0.00018069334328174594 -0.00014162488514557478 0.00075827245018444966 0.00019373305985936898 4.0210428778664216e-05 -0.00020020967349410054 -7.7812001109123216e-05 1.1998539321211867e-05 1.4200340956449511e-06 0.00018147192895412448 0.00061670961440540861 0.0007471438148058952 0.00019270926713943484 -0.00033803901169449086 0.00014999774430179971 0.36441436409950262 8.5236504673957838e-05
decision_type=8 8 8 10 8 10 10 10 10 10 10 10 10 2 8 10 10 10 10 10 10 10 10 8 8 8 8 10 8 10 8 10 10 8 10 8 10 10 8 10 10 10 8 8 10 10 10 10 10 10 10 10 10 10 8 10 10 8 10 8 10 10 10 10 10 10 10 10 10 10 10 10 10 10 10 10 10 10 10 10 8 10 10 10 10 10 10 10 10 10 10 10 10 10 10 10 10 10 10 10 8 10 10 10 10 10 10 8 10 10 10 8 8 10 10 10 10 10 10 10 10 10 10 10 10 10 10 10 10 10 2 8 10 10 10 10 10 10 10 8 10 10 10 10 10 10 10 10 8 10 10 10 10 10 10 10 10 10 10 10 10 10 10 8 10 10 10 8 10 10 10 10 8 10 10 10 10 10 10 10 10 8 10 10 10 8 10 8 8 10 8 10 10 10 10 10 10 10 10 10 10 10 10 10 10 8 10 10 10 10 10 10 8 10 10 10 10 10
left_child=1 9 7 8 5 6 151 16 15 23 24 12 17 14 57 22 21 38 40 -9 -13 79 47 42 64 26 84 28 -27 34 32 -19 118 -22 91 62 56 -15 130 166 104 54 58 44 55 111 76 48 -3 92 -16 -52 53 90 -29 -20 86 -8 59 61 87 107 164 128 -11 127 129 162 -65 -44 72 -72 124 -42 140 -76 -41 117 -79 80 -2 82 -35 85 -6 185 122 88 -60 -81 -23 182 -24 157 95 96 -18 99 115 176 103 102 -102 155 112 -25 174 -1 109 -91 -57 121 -12 114 169 116 -99 -32 -10 120 -120 -36 206 -66 125 153 -70 200 -51 146 139 -132 -38 134 -54 136 -135 195 -139 -5 193 142 -142 -140 192 -146 148 149 -43 158 -138 -4 -123 154 -68 -71 -105 -56 -148 161 -161 -104 216 -158 -31 -166 -21 -59 -144 -58 -165 -108 -30 187 -89 -45 -96 -178 -145 -124 -128 -84 183 -7 -37 194 -187 -174 -183 -126 -162 -190 -39 -47 207 -48 197 -193 -130 -90 -55 -109 -175 -143 -205 -169 -17 -49 -87 -173 -33 -100 -129 -28 -209 -194 -53 -198
right_child=2 3 4 11 25 29 13 19 30 10 18 20 -14 37 50 36 94 31 43 39 33 52 49 105 -26 27 213 41 172 35 77 210 -34 81 45 184 132 144 -40 46 73 66 69 175 -46 74 137 83 -50 63 51 67 133 65 93 110 113 167 60 -61 -62 -63 -64 68 123 -67 70 -69 126 100 71 -73 -74 -75 75 -77 -78 78 -80 89 -82 -83 181 -85 -86 208 -88 106 199 108 -92 -93 -94 -95 97 -97 -98 98 211 -101 101 -103 159 156 -106 -107 171 201 -110 -111 -112 -113 -114 -115 -116 -117 -118 -119 119 -121 -122 152 179 -125 189 -127 180 212 198 -131 131 -133 -134 135 -136 -137 150 138 143 -141 141 203 168 178 145 -147 147 -149 -150 -151 -152 -153 -154 -155 -156 -157 163 -159 -160 160 190 -163 -164 170 165 -167 -168 205 -170 -171 -172 209 173 202 -176 -177 177 -179 -180 -181 -182 188 -184 -185 -186 186 -188 -189 191 -191 -192 196 215 -195 -196 -197 217 -199 -200 -201 -202 -203 -204 204 -206 -207 -208 214 -210 -211 -212 -213 -214 -215 -216 -217 -218 -219
leaf_value=0.0011394701421970548 0.01283032928095436 0.0086960693119940702 -0.0050492323902933617 0.0089644869664433288 0.002539361221359854 -0.0015761001475444922 0.0024613228023899671 0.0045984884418447496 0.010240111382636171 0.016239484303700799 0.0057530846477789194 -0.00010804781641484459 0.017746310942316511 0.0044612772488389994 -0.0022349763435878401 -4.2815999491137291e-05 0.0017517181104310751 0.00034792839762821568 0.00052010325850805617 0.0047777405002528009 0.0012352523303580235 -0.0062776242583006195 -0.0030111193788938681 -0.0057083613677989869 0.0029007593099032972 0.003548307792081568 0.0098199202406328429 -0.0014685089605182937 -0.0001826388526339714 0.0010391694120076935 0.00084350199067301929 0.0098820576102672496 -0.0011291885030223405 0.0033662301485341299 0.0022714508792969429 -0.005654503712229259 0.010542251228118192 -0.00035906675581785915 0.0039783044037944035 -0.0020095854010989843 -0.0023243356094704631 -0.001825306425871441 -0.0041412314650593031 -0.0052109999383522362 -0.0030926347721089509 -0.0028280887452006818 -0.0065728318672702759 0.0062602656960679282 -0.00034294136381243226 0.0043019295115773303 -0.0012107469541201353 -0.0064659512531084016 -0.0025791438717991284 0.0044881654603558868 0.0033402771803585376 0.010267408412914403 6.9352287506353315e-05 0.00055840740186235928 0.0065630595664070901 -0.0048563217771581983 -0.0011654423054484496 -0.0030111193788938681 -0.0017409587965465123 -0.00035047803146979334 0.004062246003344751 -0.0017384283541402 -0.0062182027138182015 -0.0027376677146572761 0.0088866303495863733 0.0026043657759369158 0.007933953534999507 9.3137573093574413e-05 0.0050956732874819412 0.0050498745701006986 0.0035358770476412106 -0.0041363191891088807 -0.0093980590690346637 -0.0015614535843953207 0.0050713601632475912 -7.9892803785556587e-05 0.0042798822907517981 0.0032830937397355393 0.0056010508368025212 0.003328810793299883 -0.0045295816712931656 0.015213412041487904 0.0050268241286938568 0.0068850250523333333 -0.0025766529841681146 0.011238484737188805 0.0014599424030419794 0.0058380103100659705 0.0042083342559593243 0.00027934606910066375 -0.0023640478023762464 -0.0021211357833403437 0.0096687934733442858 -0.0046143624578996968 -0.008332906326590046 0.0060435785774478204 0.003293603813032623 0.0045260795723101026 -0.0016294444683744459 0.0051942564048712229 0.0026837752505662026 0.00078255606513555711 0.0046691471487387056 0.0032561559299490866 0.0021322753732267198 0.0033925843053148174 0.0031100250992301456 0.003817569842143119 0.01238310155558261 0.00016031713592693712 0.010068194586885022 0.0043524473673330153 0.0019517820723547342 -0.0063958686885914225 -0.0020274064939764759 0.009297987567885465 0.0053621899841205349 -0.0070499157486480866 0.0042790633028889566 0.0109818048509563 -0.0064197805857740282 0.0035828742885977037 0.00019675655054174693 0.0039833603208310267 0.0066857827172919666 -0.0057409110667281096 0.011546851899818624 0.0045549969890112396 0.0038521550849402782 -0.00053766178890717053 0.0054131660288839157 0.0092539086691039128 0.0084863416172553472 0.0046018693135173299 -0.004442264176210832 0.015225442710118199 -0.0047663862912946968 -0.0076215924548917093 0.0033482013550422563 -0.0017046810540480742 -0.002574616200292556 0.0036278653869584693 -0.007561350202775834 0.0025958156231332802 0.0047448761050496464 0.00043268663931316756 0.0017774290003156664 -0.013561333698109862 0.00044556917901240238 0.0020749092176731892 0.00060533295417143878 0.0094986263742700399 0.0036373240901343409 0.0097466564369743103 -0.0010992850207421374 0.0015689812868401628 -0.0085157613902663298 0.0045970625947957828 -0.0045214162524104219 0.0022573678487444295 0.0034734528673882022 0.0098515905862249439 -0.001390468569783939 -0.0012677246007121276 -0.0025900299731347028 0.0064809673488759921 -0.0039110683246320705 0.0065054185179321882 -0.0041319003837374116 -0.0051996084627364009 0.0010084645981260712 0.00049482484981963767 -0.0014551224870736567 0.0064138929602532268 0.0040495466827908328 -0.00079247435812109402 0.0062638739788678259 0.0049494688131692917 -0.0037187100798955182 0.0045391613786656777 0.00057972597631946138 0.0010073665589190358 0.0091215305478229008 -0.011731327795835784 0.0059287124769574831 -0.00013526252095964883 -0.0022500226005493021 0.011001751067118063 -0.0025339044027346659 -0.0094123371751878657 0.0060980945245876972 -0.00032453177058784383 0.014502847923156955 0.0050753977905580849 0.014100615474383717 0.0028188389379647264 -0.00070451437706927451 0.0089776258669917522 0.00058454786395642023 0.0012827890888589453 -0.0056475612753482049 -0.007323887578668923 -0.0060474372533459442 0.0077788432602113582 0.0080897891074672885 0.012166434081839062 0.0049124105410479398 -0.0022701873321625378 0.0088403459073830362 0.0045970625947957828 0.013995723185248318 -0.0077450532960861886 -0.013269165543041484 0.0093679019269071254
leaf_weight=196.74978891015053 130.74985972046852 125.24986562132835 112.99987876415253 192.99979293346405 190.24979588389397 110.74988117814064 182.24980446696281 185.249801248312 106.49988573789597 100.2498924434185 196.74978891015053 135.24985489249229 202.49978274106979 159.99982833862305 186.99979937076569 101.2498913705349 168.74981895089149 153.74983504414558 180.49980634450912 150.2498387992382 146.24984309077263 142.74984684586525 105.24988707900047 154.74983397126198 149.74983933568001 117.2498742043972 100.4998921751976 172.24981519579887 111.74988010525703 112.74987903237343 124.74986615777016 157.99983048439026 157.99983048439026 165.24982270598412 137.49985247850418 102.49989002943039 132.49985784292221 127.24986347556114 117.7498736679554 171.24981626868248 111.24988064169884 120.49987071752548 127.74986293911934 125.24986562132835 103.24988922476768 118.2498731315136 128.99986159801483 100.2498924434185 136.74985328316689 115.74987581372261 100.7498919069767 103.74988868832588 110.49988144636154 101.499891102314 138.74985113739967 139.99984979629517 108.24988386034966 116.9998744726181 133.9998562335968 107.99988412857056 124.49986642599106 105.24988707900047 112.99987876415253 136.24985381960869 136.49985355138779 147.74984148144722 149.99983906745911 108.24988386034966 160.49982780218124 116.49987500905991 135.49985462427139 187.99979829788208 106.74988546967506 154.74983397126198 157.74983075261116 135.99985408782959 181.49980527162552 167.2498205602169 192.74979320168495 122.99986803531647 108.24988386034966 169.49981814622879 191.99979400634766 109.74988225102425 106.74988546967506 175.49981170892715 139.49985033273697 101.2498913705349 112.74987903237343 137.24985274672508 105.24988707900047 118.74987259507179 139.74985006451607 112.24987956881523 187.74979856610298 161.24982699751854 128.99986159801483 166.99982082843781 100.7498919069767 133.9998562335968 175.74981144070625 175.24981197714806 166.49982136487961 134.2498559653759 115.24987635016441 174.49981278181076 168.4998192191124 101.2498913705349 153.49983531236649 110.99988090991974 126.49986428022385 163.24982485175133 157.49983102083206 103.74988868832588 137.74985221028328 99.999892711639404 131.74985864758492 124.99986588954926 135.74985435605049 113.24987849593163 180.24980661273003 103.49988895654678 147.99984121322632 141.74984791874886 144.74984470009804 196.99978864192963 117.2498742043972 107.24988493323326 99.999892711639404 193.99979186058044 144.74984470009804 145.49984389543533 143.49984604120255 101.2498913705349 115.49987608194351 158.24983021616936 131.49985891580582 107.74988439679146 140.99984872341156 361.49961215257645 121.49986964464188 180.24980661273003 167.7498200237751 127.74986293911934 130.24986025691032 135.24985489249229 192.99979293346405 118.49987286329269 133.9998562335968 137.74985221028328 104.24988815188408 211.74977281689644 100.7498919069767 152.74983611702919 149.99983906745911 102.99988949298859 140.49984925985336 127.49986320734024 133.9998562335968 113.49987822771072 115.74987581372261 100.2498924434185 111.49988037347794 105.74988654255867 158.49982994794846 124.24986669421196 100.2498924434185 104.74988761544228 101.499891102314 105.49988681077957 153.74983504414558 133.7498565018177 144.24984523653984 112.99987876415253 158.49982994794846 183.74980285763741 135.49985462427139 116.49987500905991 122.74986830353737 186.49979990720749 102.49989002943039 106.24988600611687 101.99989056587219 126.74986401200294 132.99985730648041 118.49987286329269 136.24985381960869 107.99988412857056 125.74986508488655 109.99988198280334 167.499820291996 186.99979937076569 102.99988949298859 186.49979990720749 175.99981117248535 103.74988868832588 224.24975940585136 143.49984604120255 102.49989002943039 104.99988734722137 123.24986776709557 122.24986883997917 105.49988681077957 102.24989029765129 99.999892711639404 161.99982619285583 100.2498924434185 104.99988734722137 100.2498924434185 147.49984174966812 131.99985837936401 122.24986883997917 108.99988305568695 100.2498924434185 171.99981546401978 106.99988520145416 345.74962905049324 121.49986964464188
leaf_count=787 523 501 452 772 761 443 729 741 426 401 787 541 810 640 748 405 675 615 722 601 585 571 421 619 599 469 402 689 447 451 499 632 632 661 550 410 530 509 471 685 445 482 511 501 413 473 516 401 547 463 403 415 442 406 555 560 433 468 536 432 498 421 452 545 546 591 600 433 642 466 542 752 427 619 631 544 726 669 771 492 433 678 768 439 427 702 558 405 451 549 421 475 559 449 751 645 516 668 403 536 703 701 666 537 461 698 674 405 614 444 506 653 630 415 551 400 527 500 543 453 721 414 592 567 579 788 469 429 400 776 579 582 574 405 462 633 526 431 564 1446 486 721 671 511 521 541 772 474 536 551 417 847 403 611 600 412 562 510 536 454 463 401 446 423 634 497 401 419 406 422 615 535 577 452 634 735 542 466 491 746 410 425 408 507 532 474 545 432 503 440 670 748 412 746 704 415 897 574 410 420 493 489 422 409 400 648 401 420 401 590 528 489 436 401 688 428 1383 486
internal_value=0.00201063 0.00479111 -0.000667663 0.00628324 -0.00179151 -0.00286368 -0.00494428 0.00134354 0.00480039 0.00271058 0.00458848 0.008592 0.010504 -0.00395073 -0.00550503 0.00569749 0.00234529 0.00925562 0.00318324 -0.00124588 0.00672337 0.0037421 0.0069397 0.00171723 0.00863484 -0.000292391 0.00303752 -0.000753525 -0.00353019 -0.00106588 0.00207333 0.00535636 0.00410099 0.00732738 -0.00186849 0.00148978 0.00342164 -0.000733412 0.0109495 -0.00208232 0.00558715 -5.40138e-05 0.0021169 0.00109196 0.0029782 -0.00266372 -0.00306507 0.00837 0.00414284 0.00493186 -0.00758772 -0.0087462 0.00250709 0.000834351 0.00280214 0.0045408 0.00236927 -0.00177473 0.00335565 0.0011566 0.00452591 0.00260039 0.00345186 0.0060963 0.0107471 0.00268713 -0.000719425 -0.00975297 0.00413868 0.0009271 0.000499678 0.00352849 -0.00047906 0.00187528 -0.00368501 -0.00018432 -0.00622162 -0.000225414 0.0019618 0.00618557 0.00942857 0.00795098 0.00854734 0.00924822 -0.000256437 0.0098137 0.000661902 0.00524078 0.00252557 0.00449198 -0.00328318 0.00144943 0.000958762 0.00482487 0.000388391 0.0027238 0.00544523 -0.000504542 -0.00239627 0.00162628 0.00135846 0.000157091 -0.000791551 0.00298264 0.0076115 -0.002538 0.00653704 0.004172 0.00592649 0.00809176 0.00718093 0.000223354 0.0090953 0.00485461 0.00626751 -0.000302191 -0.00190673 -0.00313761 0.00570246 0.00426229 0.00213376 -0.00149618 -0.000540215 0.00794965 -0.00118858 8.74002e-05 0.00578697 0.00427002 0.00896223 -0.00223702 0.0118542 0.0084291 0.00742045 0.00442822 0.0014465 0.00575962 0.00380729 -0.0013643 0.000145769 0.0133627 -0.0045808 -0.00329398 -0.00107764 -0.00114491 -0.00214539 0.000473987 -0.00126279 -0.00244555 0.0015781 -0.00370033 0.00573005 -0.0111833 -0.00382577 -0.00143391 -0.00311017 0.00619107 0.00156269 0.0067313 -0.00524762 -0.00187827 -0.00348067 0.000724808 -0.0108951 0.000252317 0.00504674 0.00660623 0.00223712 -0.00370707 0.000943369 0.00334199 -0.00156261 0.00816623 -0.00495733 -0.00595346 0.0034808 -0.00211898 0.000165221 0.00223588 0.00105412 0.00145041 0.00314187 0.00928817 -0.000210763 0.00162711 -0.00252464 0.00841423 0.00554574 -0.0081592 0.00997438 -0.004063 -0.0053387 0.0105534 -0.00400363 -0.00731547 0.00956713 -0.00419616 0.0112774 0.00874786 0.0111845 -0.00012939 0.0016479 0.00669737 -0.00276417 -0.00529005 -0.00252847 -0.0053432 -0.00349193 0.0109004 0.0132069 0.00994861 0.00795041 -0.00563868 0.00679882 0.00767851 0.0121834 -0.00581026 -0.0121287 0.013197
internal_weight=30039.2 14738.2 15301 8570.74 9804.24 5689.49 2610.5 5496.74 5245.49 6167.49 2123 3325.25 1608.75 2285.75 1523 3942 3976.25 1406.25 1594.75 1520.5 1716.5 2321.75 2535.25 4044.5 528.249 4114.75 497.749 3617 699.749 3079 1303.5 443.75 693.749 1581.25 2335 743.999 1406.75 762.749 962.499 1335.25 735.499 2917.25 3715.25 859.249 550.249 1876.75 1084.75 1455.5 262 1079.75 956.999 769.999 1558 836.749 550.749 447 1130.75 565.999 1819.25 633.499 1185.75 525.499 508.499 834.749 378.5 588.749 2366.5 669.249 516.499 1896 1334.75 323.5 1011.25 266 1371.75 293.75 352.75 609.749 360 763.749 239 1435 1265.5 1193.5 297 1083.75 675.499 1061.25 351.75 524.749 248 458.25 245 378.5 1654.5 459 297.75 1195.5 621.749 573.749 1768.25 1014.5 839.249 753.749 469.499 329.25 709.499 420.25 401.75 248.25 266.5 504.999 354.25 455.25 351.5 398.75 298.75 249.75 535.749 429.25 316 341.75 535.999 278.25 904.499 649.749 380.25 441 318.25 1031.75 844.749 290.25 276 721.249 226 495.249 337 731.999 499.249 554.499 1078 773.249 390.75 391.5 602.749 265.5 837.749 583.249 254.5 464.75 235.75 324.75 204.25 452.75 300 219.5 534.249 266.25 327 663.499 396.75 266.75 560.999 400 395.5 282.75 250.5 383.75 269.25 213.75 259.5 449.75 582.499 470.749 259.75 309 439.75 252 250.5 334.5 219.75 1100.25 339.5 237.5 235.5 807.999 254.75 252.25 908.249 254.75 283.25 801.999 337.25 304.75 553.249 232.75 676.249 330.5 202.5 217.75 224.75 223.5 218.5 382.5 202.25 266.75 201.5 377.25 275.75 281.25 290 223 216.25 200.75 277 210 449.5 345.75
internal_count=120157 58953 61204 34283 39217 22758 10442 21987 20982 24670 8492 13301 6435 9143 6092 15768 15905 5625 6379 6082 6866 9287 10141 16178 2113 16459 1991 14468 2799 12316 5214 1775 2775 6325 9340 2976 5627 3051 3850 5341 2942 11669 14861 3437 2201 7507 4339 5822 1048 4319 3828 3080 6232 3347 2203 1788 4523 2264 7277 2534 4743 2102 2034 3339 1514 2355 9466 2677 2066 7584 5339 1294 4045 1064 5487 1175 1411 2439 1440 3055 956 5740 5062 4774 1188 4335 2702 4245 1407 2099 992 1833 980 1514 6618 1836 1191 4782 2487 2295 7073 4058 3357 3015 1878 1317 2838 1681 1607 993 1066 2020 1417 1821 1406 1595 1195 999 2143 1717 1264 1367 2144 1113 3618 2599 1521 1764 1273 4127 3379 1161 1104 2885 904 1981 1348 2928 1997 2218 4312 3093 1563 1566 2411 1062 3351 2333 1018 1859 943 1299 817 1811 1200 878 2137 1065 1308 2654 1587 1067 2244 1600 1582 1131 1002 1535 1077 855 1038 1799 2330 1883 1039 1236 1759 1008 1002 1338 879 4401 1358 950 942 3232 1019 1009 3633 1019 1133 3208 1349 1219 2213 931 2705 1322 810 871 899 894 874 1530 809 1067 806 1509 1103 1125 1160 892 865 803 1108 840 1798 1383
is_linear=0
shrinkage=1


Tree=1
num_leaves=224
num_cat=0
split_feature=109 35 51 86 42 330 330 330 210 130 330 330 90 110 330 330 74 17 35 234 27 110 90 91 202 110 90 106 84 88 70 168 91 38 316 270 19 161 86 142 90 49 86 164 90 39 39 198 282 12 89 188 49 202 0 2 124 7 22 106 241 320 198 64 15 317 114 194 76 17 163 12 310 209 210 314 84 29 84 41 141 246 141 130 12 325 330 194 249 260 210 161 287 95 92 13 310 75 311 248 79 321 246 334 249 249 106 24 46 29 320 320 17 51 194 144 312 10 325 125 114 287 25 130 10 251 252 287 1 110 49 114 25 10 251 251 27 81 194 316 292 310 88 238 89 312 68 76 76 334 330 216 202 141 325 74 126 39 24 49 114 92 16 202 251 12 287 125 334 161 270 27 210 6 27 75 203 17 249 330 51 76 227 90 141 124 68 7 70 313 200 308 16 308 222 90 113 91 251 114 64 194 270 282 89 144 121 6 51 323 252 210 249 139 46 177 314 286 42 99 110 76 330
split_gain=532.37 117.85 92.6695 63.2358 48.2508 39.8021 94.5378 43.5657 35.5033 32.1227 27.8849 36.0737 26.9428 24.9092 24.001 34.4197 23.6022 23.1317 21.8611 21.4413 20.6008 20.1445 17.4282 18.0632 17.128 17.1079 16.6985 16.689 21.8772 16.4871 15.7696 15.6968 15.2991 15.2033 15.0046 14.9292 14.8619 14.76 14.1157 14.0622 14.185 13.8 13.7306 16.3 13.5136 13.4097 13.3936 12.7795 12.6629 12.6175 12.5685 13.8156 12.5604 12.5471 13.979 12.3402 12.2389 12.0722 11.7065 11.6576 12.6093 13.5175 12.4247 11.7151 11.5926 11.4684 11.262 11.2359 10.936 10.8628 11.4369 16.8164 10.8569 10.8323 10.7283 10.7618 10.669 10.522 11.1127 10.3497 10.9363 10.3446 10.2513 10.2037 12.2148 10.2029 10.0937 10.0305 10.0068 9.88467 12.6959 9.79924 9.79727 9.72802 9.67352 9.64126 9.57703 9.64186 9.56871 10.8212 9.55976 9.50941 9.50085 10.9319 9.42993 10.9301 9.39397 9.36684 9.35603 9.3504 9.72318 9.34839 10.0213 9.33961 9.29476 9.24477 9.23509 9.22251 9.19155 9.15145 9.11924 9.08297 8.97988 10.1924 8.92232 8.89775 9.7616 8.89694 8.81055 8.78785 8.75381 8.48085 8.47934 10.3772 8.47223 8.42282 8.36397 8.33951 8.23327 8.213 8.11154 11.629 8.41055 7.9914 7.98368 7.87586 7.8447 7.83048 7.80439 7.77598 7.71758 7.6985 7.69676 7.58098 7.41998 7.31284 7.24242 7.16718 9.37125 9.59175 9.55166 7.13503 7.10842 11.5221 10.3953 7.07021 6.91992 6.91713 6.90018 6.73415 6.67676 6.6069 6.4773 6.40402 6.37574 6.28812 6.09504 6.06064 6.03908 6.02651 5.8779 5.86343 5.84231 5.80938 5.79158 5.72515 5.62104 5.48326 5.38366 5.34334 5.26835 5.02447 4.96243 4.76742 4.72522 4.63998 4.53817 4.3538 4.32281 4.28481 5.97063 4.28466 4.13995 4.09343 3.98497 3.96187 3.85467 3.81778 3.80419 3.69023 3.55245 3.47358 3.27801 3.02286 3.01235 2.8965 2.62802 2.58736 2.40044 2.12022 0.956981 0.784561 0.520325
threshold=1.0000000180025095e-35 3.3943759262911051e-05 5.21959736943245e-05 -3.621354699134826e-05 0.00016391091048717501 -0.76463845372200001 -0.063225833699107156 -0.52806660532951344 3.3918835470103666e-05 0.00035680459404829895 -0.52806660532951344 0.27353890240192419 9.1165769845247282e-05 -5.1581053412519389e-05 -0.77576932311058033 0.30278503894805914 0.00011746573727577926 4.3312709294696114e-06 -0.00012888231867691499 0.15516149997711184 0.00020677968859672549 0.00015528922085650268 -0.00013940595090389249 -4.9950322136282914e-05 -0.0013940909993834791 -0.0002231363105238415 -0.00017263740301132199 -8.7942491518333541e-05 0.0004715373797807843 0.00023044832050800326 -0.00015342980623245237 0.0016329595237039032 -0.00017299130558967588 -6.3348561525344835e-05 -0.0065166722051799289 0.00019255426741437989 -3.663359348138328e-05 0.00022247136803343895 0.00023479200899600985 0.00018728608119999993 0.00014319643378257754 0.00017854676116257909 0.0001412928104400635 -0.001422283239662647 -0.00010398216545581816 -0.00030598789453506464 7.5133517384529127e-05 0.00031718204263597732 0.00213066244032234 -4.0887622162699693e-05 5.2405521273612985e-06 -1.0402648058516205e-05 0.0006299782544374467 -0.00012406674795784053 5.4609030485153205e-05 1.6572264939895834e-05 7.5225991167826592e-05 -1.7018523067235943e-05 4.4861808419227607e-05 -1.632184466870967e-05 0.00059126291307620715 0.012445203028619291 0.00070730794686824094 0.00049047631910070788 -1.5234574675559996e-05 0.0018308386206626894 0.27776698768138891 -0.00012071153832948765 5.0107017159461982e-05 -9.4437662482960136e-05 0.78535309433937084 -2.153930836357176e-05 -0.50548449158668507 0.0019826389616355304 1.4403408840735212e-05 0.0022614162880927329 0.00022481531050289052 -0.00011060060933232306 0.00027648992545437073 8.5506122559309019e-05 -0.0004937844059895723 -0.001744193665217608 -0.00065012488630600263 0.00021192376880208033 -3.708526492118835e-06 -0.17168309539556501 -0.51690566539764393 -0.00014443596592172978 0.12015271186828615 0.00025936009478755301 -5.676617365679703e-05 0.00029887106211390352 0.10130598768591882 -8.4178522229194628e-05 0.00028902105987071996 1.7856247723102573e-05 0.030241360887885097 -1.6001635231077668e-05 0.01441309414803982 6.5781575813161916e-06 2.0549166947603229e-05 0.38739636540412908 -0.0038153191562741991 -0.9006868004798888 -0.1355539336800575 -0.37858307361602778 0.00010722663500928321 1.8669292330741886e-05 0.00013785529881715777 3.5249628126621253e-05 0.0082130706869065779 0.0047882816288620242 -1.4088349416851996e-05 -0.00012066867202520369 -6.3879466324578957e-05 -0.00036744077806361014 0.0015742034302093091 8.6437212303280847e-06 0.078632190823555007 0.36676529049873358 -0.062944937497377382 -0.054107740521430962 0.00015261210501194003 0.0001339988593827002 6.6099688410758986e-05 -0.00035311625106260175 0.00047529488801956182 -0.059062052518129342 1.7838552594184879e-05 -0.00031877603032626206 -0.00010694377124309538 0.29834422469139105 9.4791874289512648e-05 5.5389275075867779e-05 4.4304593757260598e-05 -0.00018517414719099176 9.2905480414628996e-05 0.00011737303066183814 1.0000000180025095e-35 -0.01033622771501541 0.0014208994689397516 -0.45634795725345606 5.7322904467582709e-05 0.00096556424978189181 0.00013505667448043826 0.001859249721746892 0.00030192066333256667 0.00018601492047309878 -2.7461908757686612e-05 -0.16242914646863935 -0.55011510848999012 0.0029439474456012253 -0.00072330550756305445 0.00012738168152282017 -0.067291300743818269 9.7291544079780592e-05 -0.00017770152044249696 0.00010744109749794008 -2.6623718440532681e-05 5.8321902542957112e-05 0.1100326105952263 0.00010523013770580293 5.5994838476181037e-05 -0.00023451501328963784 0.00013253696670290085 -3.7102028727531426e-05 -0.036656895652413361 0.25641025602817541 -0.29303747415542597 0.00041284720646217471 -0.00017670057422947136 -4.9639493227004998e-05 2.4589130589447453e-05 -4.3474137783050529e-06 -2.0708888769149777e-05 -2.158991992473602e-05 0.00040674438059795653 1.0000000180025095e-35 -0.028932930901646611 -0.2015048488974571 0.00014592738443752753 -0.00034141167998313898 0.00067656420287676166 -0.00013482011854648587 0.00035754957934841519 7.4796447734115659e-05 0.0002069680631393567 4.4863671064376838e-05 -5.0459057092666619e-05 0.0015198418986983599 0.00060059374663978826 0.00069178061676211666 -2.0666047930717465e-05 0.00051959638949483644 -0.0018900690483860669 8.4452331066131609e-06 -0.00019412835536058989 -8.495940710417925e-05 -0.00023041154054226351 0.40371727943420416 5.8384612202644355e-05 -0.00010169919551117344 -6.0188889619894319e-05 0.0028118725167587404 -0.0002623088657855987 -3.7742287531727918e-05 0.00025286241725552833 -5.2358955144882194e-06 -8.8158994913101179e-06 0.010983721353113653 0.00087191836792044352 -3.4043250707327381e-05 -0.14265057444572446 0.00020083512936253103 -0.00027300417423248286 -0.00037385537871159608 0.0027254134183749561 3.3079368222388446e-05 -5.3407624363899224e-05 2.0846960069320634e-05 -0.00026954128406941885 7.8100711107254045e-06 -0.93279412388801564
decision_type=10 10 8 8 10 10 10 10 10 8 10 10 10 10 8 10 8 10 10 8 10 10 8 8 10 10 10 10 10 10 10 10 10 10 8 10 10 10 10 10 10 10 8 8 10 10 10 10 10 10 10 10 10 10 10 10 10 10 10 10 10 8 10 10 10 10 10 10 10 10 10 10 8 8 8 10 10 10 10 10 10 8 8 10 10 10 10 10 8 10 8 10 10 10 10 10 8 10 8 10 10 10 10 10 10 10 10 10 10 10 8 8 10 10 10 8 8 10 8 10 10 10 10 10 10 10 10 8 10 10 10 10 10 10 10 10 8 10 10 10 8 8 10 10 10 8 10 10 10 10 10 10 10 10 8 10 10 10 10 10 10 10 10 10 10 10 10 10 10 10 10 10 8 10 10 10 10 10 10 10 10 10 10 10 10 10 10 10 10 8 10 10 10 10 10 10 10 10 8 10 10 10 10 8 10 8 10 10 10 10 10 8 10 10 10 10 10 10 10 10 10 10 10
left_child=1 3 8 19 13 59 7 58 9 17 76 20 21 14 36 22 25 39 53 27 119 34 72 86 87 82 48 44 79 41 107 179 136 219 -9 56 92 89 74 40 128 49 45 -44 145 -18 111 189 127 -11 51 161 98 54 165 83 -13 -42 102 -4 -61 62 63 151 197 194 125 -34 -41 -32 71 -71 -16 118 88 -76 129 -14 -79 173 -81 156 96 84 -28 149 -24 -8 104 90 -25 -39 124 -87 183 199 101 -98 99 153 168 120 106 -104 105 -27 -7 -20 114 110 206 192 -113 -38 -69 -84 -45 -82 121 155 -3 -66 123 181 178 -52 147 -26 140 -6 171 191 133 -57 -72 -85 205 -95 -83 -78 141 -2 -142 174 -114 -1 172 148 -127 -43 -91 162 193 -35 180 -12 -77 158 160 -160 -73 -19 163 170 -164 -10 -156 -74 177 -64 -62 -75 -116 -29 -117 -106 -175 -67 -5 -23 -137 -46 -152 -51 218 -170 -96 -167 -139 -48 -174 -63 -15 216 -17 -107 -187 -47 -36 200 -50 -184 -166 -115 -97 -21 -53 -157 212 -105 -161 -100 -136 -172 -58 -124 -141 -118 -150 -31 -22 -202 -65
right_child=2 16 5 4 10 6 24 12 18 29 11 35 77 46 15 65 42 50 30 32 220 31 23 37 26 38 55 28 -30 33 69 -33 67 52 198 -37 113 91 -40 68 57 85 43 116 122 64 47 -49 95 94 66 109 -54 -55 -56 132 214 -59 -60 60 61 131 169 222 73 100 -68 108 -70 70 134 157 167 130 75 81 139 78 -80 80 117 138 115 135 -86 93 -88 -89 -90 150 -92 -93 -94 137 186 204 97 -99 211 -101 -102 -103 103 209 175 195 -108 -109 -110 -111 -112 112 144 203 146 143 217 -119 -120 -121 -122 -123 215 -125 -126 126 -128 -129 -130 -131 -132 -133 -134 -135 208 154 -138 188 -140 152 142 -143 -144 -145 -146 -147 -148 -149 184 -151 182 -153 -154 -155 166 207 -158 -159 159 210 -162 -163 164 -165 202 187 -168 -169 185 -171 213 -173 190 176 -176 -177 -178 -179 -180 -181 -182 -183 201 -185 -186 196 -188 -189 -190 -191 -192 -193 -194 -195 -196 -197 -198 -199 -200 -201 221 -203 -204 -205 -206 -207 -208 -209 -210 -211 -212 -213 -214 -215 -216 -217 -218 -219 -220 -221 -222 -223 -224
leaf_value=0.0040634471124278452 -0.0041126484777983347 -0.00063900399867618046 0.0038403350996498889 0.0093813041623301945 -0.0030426417479716876 0.0019815546444876169 -0.002647628271912692 -0.0019309208368591489 -0.00076012154256530366 0.00012512700594220368 0.0046941817398316347 0.00045030711652174651 -0.0098529997658931886 0.0049365712921089384 -0.0014746520764964111 0.0010033457201970492 -0.0046515752460296982 0.00098993769234188129 -0.01125972715480914 0.0017976891179144578 0.019811540001661784 -0.017470165356100374 -0.0018870043640536872 0.0055123336924774282 -0.0043234284757017304 0.0002028341185154559 0.0043036224133819034 0.0014107073198928038 -0.0055702931230142217 -0.0018286355657838392 0.001433244004642342 -0.006468362955869016 0.0028883638569876247 -0.0053736793480007993 -0.0054695012009009381 -0.0014822912826474549 0.0028928758176204727 0.0012759789710099709 0.0025442816307797013 -0.0012476661848380155 -0.0033279713736901017 0.0054640811231165534 -0.0015777465871569675 0.0024220759244233149 0.0019325395020914386 0.0015455039603370399 0.0090453901760985354 -0.000423176737650136 -0.004122470817181677 -0.011134382891523091 -0.00010632604685317847 0.0053603478257329938 -0.003813492818806019 -0.0051269255473638609 -0.003693358492056288 0.0067703807318472576 0.0046475452725173875 0.0047066562042746927 0.00046325300510792125 0.0025501531498530834 -0.011655016981741411 0.0045622411730673789 0.0039918957031819273 -0.0054664537618882968 0.0035851817452700065 0.002681693485110978 -0.0016094696078456556 -0.0066887343526509059 0.0073209628900465888 -0.0075224969549863201 -0.0019934136763009994 0.0012472949948394982 0.0076860900511613942 -0.0071246619428110237 0.0029137115163681026 0.0033363627985557938 0.00049505918521880021 -0.0065965987317012911 0.0013089682100091435 0.0039345547290728037 -0.0059922435408522289 -0.0014615229353310596 -0.004961180942812434 -0.0073717491781551741 -0.0037297325350647594 0.0022013269583408524 0.0056407410953559327 0.0047032534293427108 -0.0086345714728505146 0.0022017212181546317 0.013920997869285861 0.0083116264995739021 -0.00069476625525847656 0.00022884707777198776 0.00066247422009214256 -0.0047562755537422343 0.0011181519909029766 0.00753679841006215 0.0026802506823687005 0.0048551862541177772 -0.0014631676027974108 -0.0040325865933188952 -0.001630190351845483 -0.010805450285340216 0.0021022126118872288 -0.0092091165459908392 -0.0050156067387336634 -0.0032522742380634525 -0.0076637766786330991 -0.0047640849875448411 -0.0038430454382383989 -0.0066822468830987384 -0.003862484782508154 -0.00058180080003694256 0.0019886422527804737 -0.00067751147973363303 0.010913282598097736 0.0013175381255613097 0.0071410615291758288 0.0044156886313337588 0.0060761242577515272 -0.003239075421111833 0.0054514197990626961 -0.00049012773663990156 0.0002389637806694132 0.0027220531654039166 -0.00017502817195817627 0.0017430792169523244 -0.0081747795135036442 0.0039055821839558899 0.0015095496100153061 -0.0037864014934656117 -0.0028290773627819682 -0.0010778242817229156 -0.0045502673723614561 -0.00079071126400702993 -0.0015236125499303664 -0.0022791867998337013 -0.009096362111315974 0.005577502954307454 -0.0079874443158450287 0.0028849271584965252 -0.00048996219628604269 -0.0031407189851247737 0.0031746635701497723 -0.0022631439642052352 0.003848735706851872 0.0019289503826324459 0.0055043911209847101 -0.001586189685101924 0.0037186094856025602 0.0016069350970897998 0.0020065732502215672 0.0015585851594252451 0.0023188617259951713 0.0066905622508862473 -0.0028298834257124935 -0.0048242814108343446 -0.0016951230047678818 0.0071903055866013015 -0.0063052798638129496 0.0076589443061692011 0.0013825938441637087 -5.6827724098309426e-05 -0.0014955060720172159 0.0078652763856471332 -0.0035783656577441144 0.0016639860061463871 -0.0014286556210955782 -0.0025594778192538263 -0.0069728059159586157 -0.00051744565755197148 -0.0061467442468830548 0.0091044524457890384 0.0058768963413924763 -0.0033289072552581678 0.0023240167979221584 0.0098432249434517935 0.0030565525049573304 -0.009235117415440152 -0.0069404722196457882 0.0082647712106176247 0.0055294915390861664 -0.0050206450717878923 0.0038718555878185209 0.00071856452751279656 -0.0056202230220241782 0.0018924733141427066 -0.0087955819570794316 0.0028219864340590533 -0.00044680176104826047 -0.00073827139219323815 -0.00057795807738572939 0.0036508586927909144 -0.0046192439857188784 -0.0030019878366401341 0.0065447986006569462 0.0066972781227847347 -0.011765451203626662 -0.0031445009296262238 -0.012889191601482448 0.012818433957613709 -0.0073595184291880182 -0.005123121879559882 0.00033407809885263882 0.0076520601228986509 0.00015042929841477509 0.014095815571566233 -0.0035400338903266242 -0.0055361052742458642 0.0016548002631674567 0.0085120850446612096 -0.010657496094474177 -0.001839013010354108 0.01014945922251875 0.012267309995268596 0.011410150052737522 0.0050662034930833034 0.011507426744838923 -0.006319860180381145 0.01059984676319529 -0.0077114047161166094 -0.01026964460199745
leaf_weight=137.24856236577034 154.99896095693111 199.7486999630928 117.24928829073906 179.247553601861 109.99781855940819 110.99922612309456 103.74908719956875 131.49839706718922 102.74935968220234 137.99906474351883 99.997559159994125 104.24801649153233 102.99866372346878 103.99863556027412 131.74828033149242 105.99834901094437 142.74907368421555 145.24856875836849 165.99874879419804 99.999272689223289 135.24333964288235 378.74329219758511 101.49879032373428 132.49744667112827 195.99811547994614 107.74921104311943 142.99914617836475 198.99824103713036 153.49883137643337 99.999356418848038 165.24888060986996 128.74876117706299 133.24894474446774 105.24940295517445 120.99844543635845 110.99803310632706 164.24774114787579 179.49641832709312 199.74844993650913 101.24940638244152 103.74931325018406 111.49934281408787 127.49871724843979 175.24786521494389 104.24866089224815 123.74897761642933 125.74827063083649 187.24753069877625 138.99899537861347 178.99866393208504 140.2488382011652 109.99888804554939 121.99923665821552 118.74922928214073 126.49926696717739 138.24908110499382 120.74784488976002 174.49875776469707 153.49905057251453 182.99926827847958 102.74946494400501 155.49908737838268 103.24941097199917 114.99931606650352 149.99871782958508 101.99826337397099 124.24902239441872 106.49914027750492 109.24922822415829 175.24895225465298 169.4989707916975 117.24930718541145 168.74749203026295 128.24916344881058 184.49908317625523 128.99922215938568 101.248879134655 112.99912609159946 141.24900703132153 142.74864441156387 127.99871671199799 119.49931144714355 171.49885922670364 190.99849347770214 121.74920086562634 101.24927958846092 169.24669390916824 174.24849101901054 164.74888940155506 111.49872174859047 398.74097840487957 135.24727021157742 128.2486192882061 105.24940067529678 100.49928770959377 115.749153226614 194.74893295764923 176.24871385097504 101.74929951131344 134.24915087223053 125.49823682010174 132.7492334395647 123.99896511435509 203.49868087470531 162.24882784485817 166.24896201491356 178.49876290559769 117.24912436306477 127.7492136657238 183.49832604825497 105.49918033182621 141.24849838018417 100.49882966279984 175.99832010269165 103.24903498589993 105.99924418330193 128.99826131761074 118.24870149791241 100.74904848635197 164.4964207559824 112.2492119371891 124.49898600578308 102.99853411316872 124.9985283613205 99.998679086565971 147.49869622290134 111.99909789860249 159.7484967559576 116.99917604029179 147.24778625369072 153.24877685308456 105.99939377605915 106.99935059249401 108.99938885867596 100.74946527183056 102.99918502569199 100.49916671216488 101.99929997324944 105.4994932860136 120.99823153018951 134.99908430874348 187.99888111650944 101.9993242174387 128.49909076094627 118.74860911071301 139.2485838830471 103.99927173554897 161.99855960905552 100.74897255003452 105.99936579167843 104.49734495580196 100.24936977028847 122.9982912093401 113.24914859235287 167.24869605898857 99.997425764799118 135.99927152693272 125.49932342767715 138.7491483092308 100.74943643808365 120.74910306930542 105.74894158542156 190.24899132549763 106.74920862913132 99.999470397830009 131.99906246364117 118.4988806694746 151.49804639816284 100.99836257100105 108.74933703243732 102.99932888150215 107.99910631775856 128.74916607141495 127.24878765642643 104.9991546869278 140.74903513491154 111.24903182685375 119.74831348657608 125.99848066270351 125.998130813241 162.24868486821651 179.74749505519867 103.49744981527328 177.24874565005302 120.74896302819252 100.49827873706818 100.99930663406849 131.24923381209373 136.99908962845802 131.49806322157383 120.99942886829376 112.49936491250992 129.99873712658882 112.49775537848473 101.74843199551105 101.49924111366272 109.49848580360413 168.99817200005054 248.99725103378296 104.99880613386631 104.24871279299259 141.99627524614334 103.24933029711246 133.99884860217571 107.99921774864197 102.49931494891644 102.9991978853941 220.9932142496109 111.74924859404564 179.74892185628414 100.49939289689064 101.9993107765913 177.74893887341022 104.24940901994705 187.24626445770264 104.49803277850151 168.24709895253181 117.74856236577034 208.74735726416111 99.999363288283348 100.49570961296558 223.74798242747784 111.24934576451778
leaf_count=549 620 799 469 717 440 444 415 526 411 552 400 417 412 416 527 424 571 581 664 400 541 1515 406 530 784 431 572 796 614 400 661 515 533 421 484 444 657 718 799 405 415 446 510 701 417 495 503 749 556 716 561 440 488 475 506 553 483 698 614 732 411 622 413 460 600 408 497 426 437 701 678 469 675 513 738 516 405 452 565 571 512 478 686 764 487 405 677 697 659 446 1595 541 513 421 402 463 779 705 407 537 502 531 496 814 649 665 714 469 511 734 422 565 402 704 413 424 516 473 403 658 449 498 412 500 400 590 448 639 468 589 613 424 428 436 403 412 402 408 422 484 540 752 408 514 475 557 416 648 403 424 418 401 492 453 669 400 544 502 555 403 483 423 761 427 400 528 474 606 404 435 412 432 515 509 420 563 445 479 504 504 649 719 414 709 483 402 404 525 548 526 484 450 520 450 407 406 438 676 996 420 417 568 413 536 432 410 412 884 447 719 402 408 711 417 749 418 673 471 835 400 402 895 445
internal_value=2.13089e-05 0.00269048 -0.00263349 0.00390696 0.0049255 -0.00425708 -0.00517705 -0.00803849 -0.00111426 -0.000183391 0.00737318 0.00919775 -0.0101726 0.0037971 0.00452697 0.0054497 0.000104042 0.00114733 -0.00306909 0.00145632 0.011805 -0.011693 0.00686625 0.00786185 -0.00263308 -0.000958457 -0.0031535 0.00275758 0.000923803 -0.00199457 -0.00412414 -0.0141954 -0.000715718 0.000143571 -0.00810862 0.0048217 0.00182065 0.00883387 -0.00226539 -0.00102746 -0.00204352 -0.00335901 0.00194255 0.00450244 0.00470571 0.000715988 0.00102094 0.00356985 -0.0049109 -0.00529028 0.00252317 0.000504855 0.00158457 0.000215469 0.00165342 -0.00161702 0.00650913 0.00168854 -0.0045465 -0.00184996 -0.0022363 -0.00276818 -0.0036895 -0.00450614 0.00151344 0.00204873 0.00385183 -0.00212054 0.00344883 -0.00327886 -0.00383241 -0.00232372 0.00320412 0.000181944 -0.00292325 -0.000999232 0.00445366 -0.00497864 -0.00242945 0.00223302 -0.000157344 -0.00252906 0.000741912 -0.00273308 0.000606852 -0.00123679 0.00288301 0.00196632 -0.00440343 0.0100538 0.0120999 0.0046152 0.00404907 -0.00292888 -0.00658812 -0.00629185 0.00211354 0.00439698 0.00285921 0.000760671 0.00331905 0.000101491 -0.00549938 -0.00712301 -0.00315823 -0.0051935 -0.00237808 -0.00837819 -0.00314015 -0.00141082 0.000688463 -0.000939004 -0.00289739 -0.000748578 -0.00188708 -0.00144486 0.00632774 -0.00264677 0.00253945 0.00921215 0.00199743 0.000480252 0.00631224 0.00424228 0.00551242 0.00455416 0.0053064 -0.00165148 -0.00353894 0.000929368 -0.00210241 0.000573009 0.00153128 0.00348877 -0.00603901 -0.00390944 0.00300157 -0.00447578 -0.00549174 0.00582832 -0.00236246 -0.00032961 -0.00504992 0.000508619 -0.000104263 0.000939533 -0.000534559 0.00611906 0.00719011 0.00218386 0.00729381 -0.00336014 0.00680142 -0.00195125 -0.00249309 0.0108011 0.000195284 -0.000856499 0.000137553 0.00221815 -0.00277627 0.00415757 -0.00399861 -0.00577908 -0.00192462 0.00359703 -0.000200806 0.00510249 0.00445778 0.000700296 -0.00762669 -0.00438035 -0.00196308 0.00427236 0.00281059 -0.000470569 0.00636618 0.00704348 0.00711908 -0.0158448 -0.00477532 0.00622042 0.00870933 -0.0085211 0.00853291 0.00229992 -0.00270979 0.00523128 -0.00640528 0.0062972 -0.00362308 0.00244046 0.00206866 0.00810464 -0.00191426 -0.00722829 0.00406148 0.00475764 -0.0100926 -0.00765148 -0.00849407 0.0103935 -0.00486684 -0.00273635 -0.00247345 0.00518248 0.00307016 0.0123166 -0.00761332 -0.0087312 0.00482546 0.00609965 -0.00890106 -0.00477955 0.00840738 0.00966068 0.00948873 0.00871209 0.010006 -0.00444464 0.0170207 -0.0100033 -0.00847051
internal_weight=30011.4 14965.1 15046.4 10171.1 7170.62 7255.94 5232.95 2442.47 7790.44 5292.21 2227.7 1344.46 1492.23 4942.92 3903.94 2896.2 4793.96 3054.97 2498.23 3000.47 821.224 1134.98 2030.21 1578.22 2790.48 3044.23 2512.48 1872.98 979.991 2237.24 1886.99 633.49 1127.49 878.494 501.494 523.24 1007.74 1307.47 1717.49 1185.74 975.243 1358.74 1749.73 549.493 892.988 1200.24 1038.99 444.494 1151.49 695.745 1869.23 752.993 678.496 611.246 492.497 1360.99 412.242 278.248 950.244 2022.99 1905.74 1722.74 1348.74 1136.74 1057.49 865.987 1116.24 824.494 210.499 1603.74 1438.49 878.745 451.994 764.744 1517.74 674.496 883.236 357.247 254.248 826.492 388.996 489.997 1326.74 1006.74 264.748 662.996 270.745 277.998 843.244 992.728 531.238 314.744 533.493 445.497 557.746 795.743 815.745 370.998 556.496 352.748 658.24 444.747 796.745 507.247 678.495 375.497 289.498 283.248 691.245 501.996 318.497 594.493 360.496 474.245 563.496 510.996 421.995 246.247 375.247 585.485 311.998 274.498 616.491 408.995 405.245 991.99 851.742 355.747 696.995 257.246 389.497 373.998 354.248 247.248 559.747 741.994 302.998 344.248 224.999 625.99 579.996 342.998 236.998 339.497 219.247 276.497 456.997 739.743 577.744 217.499 461.49 910.495 524.741 218.499 550.995 420.988 264.998 703.496 577.996 339.998 237.998 250.998 810.245 416.747 393.498 365.998 285.748 320.246 532.742 211.999 309.998 236.248 352.998 437.496 210.998 302.998 238.498 221.747 305.246 504.741 265.248 283.996 349.991 356.247 430.245 310.995 201.499 263.248 238.998 257.246 249.749 267.998 233.997 401.743 207.747 267.748 209.997 292.747 369.996 571.994 466.996 245.494 203.249 309.997 223.748 202.499 212.998 320.991 390.248 383.248 201.249 203.749 278.498 207.249 307.994 207.497 289.245 246.747 309.496 199.999 235.739 327.997 226.249
internal_count=120047 59861 60186 40685 28683 29024 20932 9770 31162 21169 8911 5378 5969 19772 15616 11585 19176 12220 9993 12002 3285 4540 8121 6313 11162 12177 10050 7492 3920 8949 7548 2534 4510 3514 2006 2093 4031 5230 6870 4743 3901 5435 6999 2198 3572 4801 4156 1778 4606 2783 7477 3012 2714 2445 1970 5444 1649 1113 3801 8092 7623 6891 5395 4547 4230 3464 4465 3298 842 6415 5754 3515 1808 3059 6071 2698 3533 1429 1017 3306 1556 1960 5307 4027 1059 2652 1083 1112 3373 3971 2125 1259 2134 1782 2231 3183 3263 1484 2226 1411 2633 1779 3187 2029 2714 1502 1158 1133 2765 2008 1274 2378 1442 1897 2254 2044 1688 985 1501 2342 1248 1098 2466 1636 1621 3968 3407 1423 2788 1029 1558 1496 1417 989 2239 2968 1212 1377 900 2504 2320 1372 948 1358 877 1106 1828 2959 2311 870 1846 3642 2099 874 2204 1684 1060 2814 2312 1360 952 1004 3241 1667 1574 1464 1143 1281 2131 848 1240 945 1412 1750 844 1212 954 887 1221 2019 1061 1136 1400 1425 1721 1244 806 1053 956 1029 999 1072 936 1607 831 1071 840 1171 1480 2288 1868 982 813 1240 895 810 852 1284 1561 1533 805 815 1114 829 1232 830 1157 987 1238 800 943 1312 905
is_linear=0
shrinkage=0.02


Tree=2
num_leaves=225
num_cat=0
split_feature=108 50 35 58 93 330 330 330 108 330 330 108 86 86 28 204 108 179 58 161 208 282 60 47 132 198 330 100 127 42 86 203 27 90 27 10 88 12 7 254 194 161 151 138 17 42 90 90 208 249 258 234 83 123 208 196 289 76 81 161 86 152 33 141 266 296 140 90 235 57 194 76 29 322 323 196 15 50 76 234 73 75 81 171 1 175 21 33 248 255 278 182 50 322 300 303 36 141 245 300 57 176 277 130 315 28 73 12 93 100 123 279 81 158 270 179 126 100 123 123 56 249 35 138 44 58 108 10 311 84 277 85 250 100 248 89 89 62 315 1 203 1 10 55 206 158 94 35 177 210 206 126 330 277 171 235 89 255 249 42 36 89 40 2 208 296 27 303 277 76 50 278 40 210 235 47 285 86 322 16 62 278 283 308 54 93 289 194 322 175 15 76 9 289 322 83 10 27 141 285 158 247 81 126 280 84 323 106 127 200 94 315 152 73 44 137 62 194 40 76 9 84 130 27
split_gain=517.38 104.514 84.1721 48.8968 34.7119 31.9462 77.0176 57.64 31.5955 29.2787 53.7928 43.4745 28.428 25.2702 22.8884 20.1146 20.0639 19.1767 18.9352 20.2879 17.9039 16.6387 16.6308 16.5741 15.8806 15.7843 16.482 18.3656 15.6783 15.2241 14.8844 14.2219 14.1948 15.8631 13.5957 13.4627 13.2084 12.8979 12.8251 14.4117 17.7998 12.5539 12.5032 11.932 12.2314 11.844 11.8391 11.8055 11.7879 11.7361 15.8873 13.3475 11.849 11.6373 12.5078 11.6237 12.9059 11.9468 12.3797 11.5997 11.5932 11.4784 11.8683 11.4009 11.3891 11.0336 10.9622 11.0045 12.7273 12.0762 11.8155 10.8501 10.8057 10.6929 10.6799 10.6584 10.4238 10.2618 10.1534 12.3849 10.1268 10.5104 10.0388 9.75203 9.66699 9.88557 12.7647 13.691 10.3344 9.55953 9.44006 9.42009 9.3991 9.33617 10.4574 13.524 9.24287 9.21192 9.11956 9.10753 9.09382 9.07299 8.98971 8.95097 8.90901 8.80362 8.78348 8.85551 13.468 11.6824 10.0692 8.98703 8.75417 8.68836 8.55035 9.39247 8.46344 14.6723 9.02675 9.80177 8.80195 8.36706 9.59386 8.71163 10.7757 11.7854 10.1701 8.53853 9.17264 8.32382 8.23286 8.21302 9.85463 8.19363 8.16811 8.09843 8.02041 7.91314 7.89783 8.2061 9.95198 7.84032 7.70389 7.68492 7.62342 13.2348 7.56439 7.56347 7.45701 7.43287 7.53015 7.31928 8.32735 7.30422 7.24691 8.03532 11.2867 7.21171 7.02529 6.99439 6.94775 6.86871 6.68103 6.65647 6.64122 6.46265 7.98226 8.44257 6.45379 6.42686 6.32927 6.29998 6.2924 6.47799 8.83831 7.19488 6.18419 6.16315 5.9456 5.87027 5.86669 5.85969 5.71564 7.33799 5.66731 5.59663 7.74685 5.56753 6.40579 5.47536 5.46311 7.40571 5.11034 4.7555 4.74784 4.71721 4.70205 6.78587 4.64934 4.5731 4.53352 4.43911 4.31735 4.29123 4.17766 3.91546 3.79831 3.76378 3.63294 3.46211 3.40464 3.22942 3.09551 3.48957 3.00613 2.88818 2.66641 2.27718 1.79968 1.70873 1.65082 1.54867 1.17986 0.356417
threshold=-3.7849567888770248e-06 3.529867740326154e-06 -2.0029954612255093e-05 8.6005777120590224e-05 -0.00016115978360176084 0.15858851373195651 -0.5391370654106139 -0.24403759837150571 0.00013571864110417667 -0.55011510848999012 0.01527100056409836 -0.00021269071294227612 1.9408296793699268e-05 -9.6350908279418932e-05 -0.00011492520570755004 0.75852647423744213 5.4193551477510489e-05 0.00056545584811829041 6.9770030677318587e-05 0.00015471599181182685 -0.0018788533052429555 0.0010819160379469397 -0.00021693902090191838 0.00019478611648082736 -0.00062181419343687583 0.00029162490682210779 0.24403759837150577 -0.00012005391545244491 0.00017585434397915381 3.6555342376232154e-05 -1.9100843928754325e-06 0.00045914809743408119 0.00011254614219069482 0.00023723300546407702 0.00014470540918409827 -2.3592263460159298e-05 0.00059109181165695201 -5.6518241763114922e-05 1.5962868928909305e-05 0.0042188670486211785 -6.6675016569206478e-05 9.6969059086404754e-05 3.7964369766996249e-05 -8.6805059254402281e-05 -3.4684664569795125e-05 0.00022311159409582618 -4.2375642806291573e-05 0.00019082985818386081 -0.0010121961240656672 -0.038793634623289101 0.0010061947978101673 -0.33809716999530787 1.1446885764598848e-05 5.4479272876051261e-05 -0.0066520897671580306 -0.38054125010967249 -0.0013480726629495619 -0.00010089203715324401 7.9765915870666517e-05 0.00024690480495337402 -3.1915027648210519e-05 0.027145881205797199 -3.8959551602601998e-05 -0.00087998039089143265 0.24851604551076892 -0.0041219154372811309 -0.00014936480874894184 -0.00033263489603996271 0.0068156889174133548 -6.061140447854995e-05 -9.5689363661222146e-05 -9.1152265667915331e-05 1.6186386346817019e-06 -0.010276794433593748 0.0023237171117216353 0.48323729634284979 -1.0251824278384445e-05 0.00023283181508304554 -0.00032494403421878809 0.46654418110847479 -0.00038870092248544092 -0.00052149966359138478 -0.00014821130025666204 0.00058697877102531504 3.5182883948436945e-05 5.1017661462537951e-05 0.75000000000000011 7.3571845859987675e-05 0.00015190241538221019 -0.0021305377595126625 -0.0015181241324171422 -8.3402399468468489e-05 -7.0395567490777458e-06 -0.022816598415374752 -0.0039290990680456153 -0.00072731653926894058 0.00013439419853966686 0.00016901411436265337 0.077687092125415816 0.0025548388948664074 -0.00020061805844306943 0.00018195278971688825 0.33801175653934484 0.00023197178961709144 0.57396614551544201 -3.8476660847663873e-05 -1.9283732399344441e-05 3.3273361623287208e-05 3.7984456866979606e-05 7.6887801697012051e-05 7.9134606494335471e-05 0.0024783856933936481 0.00014665225899079817 -0.16339834034442899 0.0001700731954770163 0.00058319847448728989 -0.00029934910708107049 -2.6415752472530581e-05 0.00010119142825715245 5.3716039474238648e-05 -0.00030257925391197199 -0.3131983876228332 0.00011163604722241872 0.00058509293012321006 -2.3242086172103878e-05 0.00019501894712448123 0.00018955986888613555 -1.4872639440000056e-05 0.013365432154387237 0.00026054047339130198 0.38746143877506262 0.75000000000000011 0.45000000298023229 3.1182518796413212e-05 -3.0131055609672327e-05 -0.00023076310753822324 9.229499846696855e-05 0.00023039989173412326 0.25489774346351629 -8.3477547718757695e-07 0.0012563057825900616 -1.9358471035957333e-05 2.1580606698989872e-05 0.00014301761984825137 0.0018015921232290568 -0.47883348166942591 -0.00044069625437259669 2.8637252398766581e-05 -0.00021358390949899328 4.8226634135062349e-06 0.00068109211861155938 -0.00042253865103702987 -0.50565618276596058 0.47691346704959875 0.00041103996045421814 0.0026039435761049394 0.00015693763270974162 -0.0011601493461057542 -0.071536201983690248 -8.7302178144454939e-06 0.0001305499245063402 -0.00020634755492210385 1.0000000180025095e-35 -1.524885476555937e-06 -0.0015223067603074012 0.0058278020005673179 0.00011724187061190607 0.0036813184851780538 0.60712933540344249 -5.6643038988113397e-05 0.00010983056199620479 -0.0018160130712203679 9.330222383141519e-05 -9.5596069513703679e-06 0.002718733856454492 2.386514097452164e-05 0.0061878159176558265 0.00013168528676033023 -0.0089809261262416822 1.6409903764724735e-05 0.000316796824336052 -0.0017976661911234257 0.17220794409513476 0.00028960334020666784 1.857872121036053e-05 0.00013286713510751727 9.4162249297369285e-05 -7.4090818088734509e-05 -0.0086627677083015425 -8.1285117630613954e-05 -1.6851350665092465e-05 2.342648804187775e-05 -1.1730939149856566e-05 -0.00080857879947870959 -0.0066931573674082747 0.00025481561897322541 -3.8420781493186944e-05 -4.2464584112167352e-05 -1.0000000180025095e-35 0.0028200790984556083 -0.040504433214664452 0.0019623122643679385 9.977320951293224e-05 -7.0214508014032604e-05 0.66899082064628612 0.00031633905018679803 0.0082460297271609324 -7.8678760473849238e-05 0.00026368389080744242 0.00061534554697573196 -0.00021601654589176175 0.72782355546951305 -0.079865816980600343 0.00014435872435569766 1.0628253221511843e-05 6.0339036281220622e-05 7.1804970502853402e-06 3.8140698961797177e-05 8.1021338701248182e-05 0.00013758428394794467 -7.579475641250609e-05 0.00024351261527044701 0.00013970492727821696 -4.1057355701923364e-05
decision_type=8 8 8 8 8 10 8 8 10 10 10 10 10 8 8 10 8 8 10 8 8 10 8 10 8 10 10 10 8 10 10 10 10 10 10 10 10 10 10 8 10 10 10 10 10 10 10 10 8 10 10 10 10 10 10 10 10 10 10 10 10 10 10 8 10 10 10 10 10 10 10 10 10 8 8 10 8 10 10 8 10 10 8 10 10 10 2 10 8 10 10 10 10 10 10 10 10 10 8 10 10 8 8 10 10 10 8 10 10 10 10 8 8 8 10 10 10 10 10 10 10 10 10 10 10 10 10 10 8 8 10 2 8 10 10 10 10 10 8 10 10 10 10 8 8 10 10 10 10 10 10 10 10 10 8 8 10 8 10 10 10 10 10 10 10 10 10 10 10 10 10 10 10 10 10 10 8 10 10 10 10 10 10 10 10 10 8 10 8 10 10 10 10 10 10 10 10 10 8 8 10 10 10 10 10 10 10 10 10 10 10 10 10 10 10 10 10 10 10 10 10 10 10 10
left_child=1 12 4 13 61 6 55 8 30 31 11 22 20 36 -9 28 35 49 19 103 23 97 -11 66 -13 26 27 -15 64 202 199 187 33 45 43 -16 151 -35 39 40 137 99 65 -17 -45 48 189 -48 116 50 52 193 182 -33 -55 56 89 58 75 -25 -26 113 71 -24 74 -40 67 83 69 70 -69 -63 207 135 -6 153 -21 114 79 -75 179 -82 104 -1 85 88 162 134 92 -4 -80 -32 171 -56 217 -96 200 98 -7 -23 178 -20 -67 -18 -29 -72 131 108 110 -109 -108 -110 -78 -2 115 146 120 147 119 148 -14 122 164 124 125 176 149 128 -128 -19 -58 -30 -133 -86 -88 -22 -37 -27 -46 211 184 -62 -117 -131 145 -34 -64 -118 -119 150 -126 -3 -153 -57 -76 156 -156 -111 -60 -36 -154 -129 196 -102 -43 166 167 -97 -151 -121 -74 -83 173 -92 -175 -176 181 -50 -68 -59 -44 -123 -12 218 -141 186 -39 192 -189 -28 216 -192 -5 -51 -161 -115 -87 -198 208 -8 204 -148 -10 -181 214 -116 -194 -42 222 -135 -107 -140 -143 -214 -84 -211 -157 -95 -184 -204 -205 -201 -187 -105
right_child=2 3 5 9 15 21 7 14 29 10 17 24 32 25 16 34 18 129 101 76 73 41 63 59 60 38 46 82 106 -31 91 53 144 37 159 136 -38 185 42 -41 72 121 180 44 138 -47 47 -49 177 51 -52 -53 -54 54 93 57 130 80 158 -61 141 62 77 -65 -66 102 100 68 -70 -71 105 -73 170 78 154 -77 112 -79 90 -81 81 84 96 -85 133 86 87 -89 -90 -91 172 -93 -94 94 95 165 -98 -99 -100 -101 163 -103 -104 223 -106 210 107 109 111 157 -112 -113 -114 195 205 142 117 118 -120 169 -122 123 -124 -125 126 -127 127 161 -130 143 -132 132 -134 209 -136 -137 -138 -139 139 140 -142 212 -144 -145 -146 -147 201 -149 -150 168 -152 152 160 -155 155 190 -158 -159 -160 194 -162 -163 -164 -165 -166 -167 -168 -169 -170 -171 -172 -173 -174 174 175 -177 -178 -179 -180 203 -182 -183 183 -185 -186 198 -188 188 -190 -191 191 -193 206 -195 -196 -197 197 -199 -200 221 -202 -203 219 220 -206 -207 -208 -209 -210 215 -212 -213 213 -215 -216 -217 -218 -219 -220 -221 -222 -223 -224 -225
leaf_value=-4.3825400441890206e-05 -0.0040228593376855255 0.0042357033219078124 -4.4058949982849795e-05 0.00053243366655147365 -0.00058161083614200815 0.0035024364497697261 -0.0048039149041795562 0.0034393207054036184 -0.017741240886959324 0.0065893677840753598 0.0020122658846472678 0.00062657092034423974 -0.00080217418291520534 0.012167698725822849 -0.0056730623203973063 0.0020963831664938502 -0.0058438809916548529 -0.0035630357366245829 0.0021718456643741468 -0.00034760427434387195 -0.0083436439095205036 0.0036136547915216035 0.0078548148823920794 -0.0081411411918282644 0.0031188742961544796 0.0082739970829768337 0.0062979112160898108 -0.003124931734183324 0.00088298870618184989 -0.0050195044300545616 0.0019007114126219212 -0.0025382156427633134 0.0021160012930415972 -0.0013838550639509607 -0.0017269838236706788 -0.0012627172772859889 -0.0071718431838083893 0.0049952459141655902 -0.0036168855250810674 -0.0063958376244808391 -0.0012737906405707478 0.0010933908316199839 0.0037010744367443138 0.0015835736835979326 0.00032615996622928844 0.0061800166681620422 -0.0061319323022765628 0.0023555731650752869 -0.00095668774538404562 0.00044061572761001846 -0.0030879609802328361 0.010886042243156214 -0.00033907542263248992 -0.0018696120437425971 -0.0011514574207162846 -0.0010131592283305465 -0.0053912078906732819 -0.0026186315727340149 -0.0005432885823372746 -6.8361075349508146e-05 0.0038341082510747939 -0.0044562518619358626 -0.0012402748044986649 0.018177995341972279 -0.0025196472341767347 0.0063891940775972333 0.0081635869133860357 0.0025858015331498238 0.0057074024141948844 0.004115929839398744 0.00015285257403088422 0.0034690554107960144 0.004809511274025821 0.0059036430315933253 0.0087489290373559733 0.0011630850326549342 -0.0092785689873036477 -4.8161958957325056e-05 -0.007395446497874201 -0.0026032528923115614 0.0013821077049240946 -0.00071106287362504626 0.012088013332287246 -0.0074545305398062613 -0.00095608278277820903 -0.010952054603214856 0.00099067436178533518 0.0045350090272129728 0.004918798382209366 0.0069751942139072267 0.0035260021426167729 -0.0055021957303282958 0.0021882183452935091 0.0045044067023390869 -0.0027610866380264978 0.0074108610506441056 0.0016220394823262979 0.0045732084341622995 -0.0034009580949648528 -0.0025987836169972627 -0.0020604787731095869 -0.0048451802634040418 7.1211592817262557e-05 -0.015345746251441961 0.0045092105101527113 -0.0084958753291507795 0.0063913183987334057 0.0067114603941909072 -0.0061414975833390048 0.0039687101569250436 -0.0016593019485272292 0.00087254143632458801 -0.0024204898845971742 0.0049115233192875921 -0.0048175457555225502 -0.0038050889400672978 2.9621006910588217e-05 0.0061520225610733502 0.0059058733570689585 -0.0051637752626467436 0.0064392475790613904 -0.0064159566296428097 -0.0090664244741111323 0.0016553850933952216 -0.00057037136881296115 0.00036777738339225491 -0.0089207638873999677 -0.0038525980648358884 -0.0014176925538545971 -0.0015077895039519412 0.00058373361586578395 -0.0084927046927142352 -0.00069605415284925635 -0.0033513280134471481 -0.0058625881277197742 -0.0017229960147414443 0.0051918010291734885 0.00094460430545682946 -0.011192694666338513 -0.0034815102451683649 -0.0065305870181293314 0.013417914187235966 0.0030596770887891854 0.0049537007872544727 0.001317319461057491 0.010737558708137305 -0.010348844901863616 -0.0066165227034711664 -0.0007765109075437551 -0.005028377248508349 0.0061317462940709642 -0.0042347102876140316 0.0037479360271447221 -0.0076436169301924714 -0.0036692232181325841 0.0097374735959740149 0.004597863924636859 -0.0024341889239436181 0.0064524004165370527 0.00070174601950011154 -0.0024126302307165204 0.0026176176529502859 -0.0012443642260724721 0.0036745922744134359 -0.0054482578363484755 0.0082827759889716832 -0.00015883722607160994 0.0002936546316850894 0.0010215393873743916 0.00055852480896675905 -0.0013927282199266797 -0.006851638021429656 -0.0054671251459124746 -0.0049254736275201856 0.0041004939274953437 -0.0023892384421156541 -0.0092565666969264809 -0.0074799064350925676 0.0020551588033748199 -0.009726979693396717 0.010206132236763935 -0.00039740505509469842 0.012014510602125992 0.0025483193644583297 0.0025011440806117706 0.0055049854484518004 -0.0018237226260036869 0.0041931478101554162 0.010836322235357704 0.0010071704583031334 -0.0009992805775245518 0.0052748465572517843 0.0020698419541547966 0.0061907543071954277 0.0065342280562557357 -0.00061685433382209184 -0.0013328761493561787 -0.0080424594575938986 0.0022214290398753288 -0.012525149958690441 0.0027967297250258826 -0.0043282276699182082 -0.013576640865091374 -0.0021563695677474389 0.0041744886097356817 -0.011028784532769348 0.0077134022681600977 -0.0065669105395970507 0.0034449059207182177 -0.011208877367640089 -0.002700220625139629 -0.0045964233984439077 0.0038335627826077225 0.010108112853107851 0.0058407120014191682 -0.0051109493187810736 0.0042008202894859153 0.010343722166716519 0.0058080643106464122 -0.0071219448419066024 -0.0062339387074851465 -0.0064952423897392921 0.011199789429578689 -0.0083871729180637275
leaf_weight=165.49790163338184 104.49883519113064 112.74802553653717 187.74810649454594 129.49639785289764 180.4956987798214 103.24861399829388 129.99592339992523 124.49585942924023 248.22250236570835 140.48749184608459 111.74434880912304 158.74090325832367 104.24808928370476 149.49064411222935 164.99677985906601 165.74801522493362 145.49677111208439 132.49437607824802 125.74777020514011 153.99535878002644 166.24759511649609 194.74719142913818 102.99047639966011 115.49887266755104 193.24456357955933 124.99623976647854 165.74644605815411 104.24593563377857 183.99717979133129 99.99566262960434 99.997699156403542 160.99617466330528 138.49476110935211 152.99642117321491 124.24832998216152 193.99680580198765 101.74837596714497 137.74558041989803 114.74668262898922 105.74723125994205 108.74715651571751 101.24861010909081 170.24444645643234 144.49819186329842 108.9983241558075 103.49700932204723 106.49679858982563 119.74569556117058 123.74741370975971 105.99445374310017 109.49558763206005 242.73858979344368 135.24569424986839 172.49641658365726 127.7462120205164 123.74833172559738 179.49797978997231 184.74698896706104 101.24871803820133 150.74856919050217 115.74287785589695 100.49853532016277 112.74833078682423 300.71122817695141 113.74765302240849 153.99451498687267 167.49739122390747 167.49753022193909 179.24736055731773 184.99644362926483 148.49720031023026 141.9980516731739 105.9969967007637 129.74816535413265 138.99359628558159 188.24715596437454 190.24080595374107 155.24792844057083 111.74836456775665 109.9988144338131 194.99667358398438 136.49797032773495 134.99323695898056 104.74887377023697 111.2482652515173 100.74842914938927 102.99873870611191 107.24844095110893 101.24839441478252 111.99867390096188 108.99810479581356 154.99529092013836 144.4980358928442 100.49666096270084 115.99687778949738 183.24558548629284 175.24237233400345 194.9975026845932 183.99773553013802 149.74736206233501 142.74788862466812 132.74734951555729 187.74303609132767 156.49259431660175 100.99671714007854 102.24830040335655 118.74803382158279 182.24714130163193 169.99759486317635 99.998851895332336 100.49871230125427 111.49838557839394 143.99496330320835 117.99838897585869 126.99751348793507 123.99754706025124 109.99669179320335 117.99746346473694 115.24797494709492 134.74768075346947 150.2472031712532 143.99755990505219 173.24616691470146 169.49712827801704 129.24824693799019 121.74838496744633 148.49683372676373 109.74806100130081 120.74767591059208 116.74618530273438 164.99775588512421 109.49834839999676 137.74795469641685 103.99856877326965 165.99741663038731 143.99778793752193 101.74838264286518 108.99672634899616 103.74809446930885 102.74828638136387 198.99690391123295 165.48752585053444 100.4979582130909 150.24403008818626 142.49453891813755 158.74286280572414 125.99735328555107 160.7477391064167 105.74794812500477 116.24837000668049 112.7481080442667 175.49714149534702 150.74730761349201 143.49771477282047 112.49749040603638 104.49776995182037 111.99685791134834 150.24803790450096 104.49849057197571 108.2486929744482 110.24810014665127 113.49788714945316 103.49852879345417 142.7470441609621 120.24823671579361 117.99669726192951 188.99341118335724 101.74716244637966 134.74776695668697 152.24709652364254 123.49590380489826 121.49802079796791 103.24844107031822 161.74783450365067 115.99855241179466 118.74880735576153 191.99596582353115 101.49813510477543 122.99803474545479 178.74707338213921 104.74655936658382 111.49783211946487 107.99514150619507 100.2446391582489 111.24839197099209 103.49576888978481 101.24784763157368 152.24488040804863 147.49534806609154 150.74652771651745 113.7478282302618 174.4960885643959 101.2464877218008 114.99501144886017 108.49855270981789 104.49864329397678 121.49776384234428 121.74786075949669 111.2462319880724 159.4927489310503 107.24636480212212 150.74716320633888 114.4904200732708 100.24824613332748 127.99465262889862 139.74768604338169 122.49633687734604 115.49751198291779 103.4975116699934 114.99854405224323 101.49824714660645 100.99846865236759 102.99248661100864 108.24106457829475 127.74403229355812 121.24825567007065 124.99727050960064 112.74693110585213 106.49408394098282 126.99116508662701 117.74799083173275 110.74526287615299 100.74642150104046 101.99640123546124
leaf_count=662 418 451 751 518 722 413 520 498 993 562 447 635 417 598 660 663 582 530 503 616 665 779 412 462 773 500 663 417 736 400 400 644 554 612 497 776 407 551 459 423 435 405 681 578 436 414 426 479 495 424 438 971 541 690 511 495 718 739 405 603 463 402 451 1203 455 616 670 670 717 740 594 568 424 519 556 753 761 621 447 440 780 546 540 419 445 403 412 429 405 448 436 620 578 402 464 733 701 780 736 599 571 531 751 626 404 409 475 729 680 400 402 446 576 472 508 496 440 472 461 539 601 576 693 678 517 487 594 439 483 467 660 438 551 416 664 576 407 436 415 411 796 662 402 601 570 635 504 643 423 465 451 702 603 574 450 418 448 601 418 433 441 454 414 571 481 472 756 407 539 609 494 486 413 647 464 475 768 406 492 715 419 446 432 401 445 414 405 609 590 603 455 698 405 460 434 418 486 487 445 638 429 603 458 401 512 559 490 462 414 460 406 404 412 433 511 485 500 451 426 508 471 443 403 408
internal_value=8.4504e-06 0.00268623 -0.00256311 0.00408347 -0.000586069 -0.00367535 -0.0044254 -0.00683386 -0.0101085 0.00538595 0.00667478 0.00951814 0.000651401 0.00234023 -0.00439712 0.000431263 -0.00503728 0.00401222 -0.00643238 -0.00779083 -0.000606655 -0.00191518 0.0139199 0.00057487 0.00642508 0.00309016 0.00448975 0.00596067 0.00148295 -0.0135045 -0.00674253 0.00348815 0.00214999 0.00149084 -0.00150074 -0.00143034 -0.00121171 0.00370242 0.00160913 -0.000160267 0.000952178 -0.00257743 0.00348169 -0.00262873 -0.00355452 0.000245752 0.00159097 -0.00181321 -0.000282564 0.00531878 0.00345982 0.00775522 0.00479845 0.00228364 0.00294984 -0.00254028 -8.42801e-05 -0.00302861 -0.000610216 -0.00389449 0.00771163 -0.00304348 -0.00388704 0.0160395 0.00315511 0.00134131 0.00129926 0.000159057 0.00124432 -1.70279e-05 -0.00158612 9.52713e-05 -0.00136714 -0.00244347 0.00379842 -0.00242515 -0.00473832 -0.00480335 -0.00134325 0.00210066 -0.00364479 -0.00290859 0.00465706 -0.00323199 -0.00338903 -0.00246434 -0.00378817 -0.00098803 -0.000237558 0.00285089 -0.00251501 -0.00267199 -0.0017061 0.00376252 0.00445393 0.00312684 0.00580891 0.00143578 -0.000853118 0.000918767 0.00350211 -0.00152084 0.00311408 -0.0110824 0.000698534 -0.00360227 1.76532e-05 0.00110561 -0.000701484 0.00313639 0.00287084 -0.0034897 -0.00662746 0.000288601 -0.00562187 -0.00409127 0.000556444 -0.000376198 0.00131148 9.12704e-05 0.00363065 -0.00314911 -0.00574714 -0.00249524 -0.00296302 -0.00511622 -0.00164225 -0.00361583 -0.00588657 0.000223633 -0.00265448 -0.0022814 -0.00452613 -0.00588797 -0.00335151 -0.00556117 0.0011461 0.00520309 -0.00459119 -0.00544186 -0.00353182 0.00932179 -0.000733096 0.00222012 0.00536985 0.00710709 -0.00589652 -0.00410006 0.00308239 0.000393424 0.00278191 0.000105609 -0.00110005 -0.0048577 0.00468855 0.00371858 0.000493839 0.000228771 0.00326667 0.00188513 0.00115913 -0.000618389 -0.0059995 0.000859885 -0.00261509 0.00433309 0.0030543 0.00505578 -0.00194478 -0.00228954 0.00162783 -0.00388773 -0.00141235 -0.000407597 -0.00160635 0.000887771 -0.00656015 -0.0042664 0.00587621 -0.00596415 0.00670288 -0.00400899 0.00636988 0.00770435 -0.000423417 0.00489104 0.00218869 0.00589464 0.00793545 0.00398756 0.00504648 0.00289474 0.00383049 0.00369824 0.00392671 0.00247832 -0.00728321 -0.005047 0.00626254 -0.00908533 0.00716278 -0.00758207 -0.0149722 -0.00732158 0.00816662 -0.00861388 0.005539 -0.00431451 0.00749868 -0.00735791 -0.00610815 -0.00863744 0.0107295 0.00764497 0.00967856 -0.00872243 0.00730035 0.008214 0.00969121 -0.0109866 -0.0046976 -0.0106719 0.00906242 -0.0133995
internal_weight=30013.7 14702.8 15310.9 8705.14 5523.4 9787.52 6841.82 2980.88 1244.93 4958.51 2923.07 1388.64 5997.63 3746.63 1735.95 3917.93 1611.45 1534.43 1150.71 892.217 3266.95 2945.7 544.189 1996.47 844.449 3095.64 1570.69 1027.95 2539.95 589.7 655.227 2035.44 2730.68 2290.95 1377.98 460.742 650.989 810.976 1524.95 793.478 687.731 2463.46 731.475 1036.98 871.237 1479.97 542.735 226.242 1376.47 1134.95 671.219 463.728 561.724 1382.46 1221.47 3860.94 644.243 3216.7 661.24 266.247 685.709 1605.47 1278.48 403.702 1175.47 456.484 1730.22 1154.23 883.985 704.738 519.741 242.497 453.738 1270.48 1061.72 455.493 488.231 1035.98 960.237 239.747 2555.46 1973.97 878.463 270.247 1778.97 1327.48 823.737 376.245 503.742 299.747 720.49 254.993 402.494 1048.97 921.223 707.98 673.221 482.244 287.246 344.495 575.99 258.495 341.738 403.986 205.243 352.244 1364.48 933.237 500.743 432.494 219.247 281.496 334.236 326.996 880.734 613.988 1151.23 896.733 625.988 510.74 254.495 2118.96 394.743 1724.22 1554.72 569.24 985.483 492.49 269.245 399.485 344.496 431.243 247.246 451.494 268.996 310.245 295.745 233.993 726.738 617.74 412.994 492.464 224.496 266.99 439.732 297.238 389.493 270.744 223.745 492.992 241.996 549.241 436.493 267.246 881.227 742.233 224.494 250.247 205.747 340.996 260.995 223.246 447.493 285.495 221.497 591.983 473.986 284.993 250.996 286.995 229.493 257.996 608.742 505.493 396.495 234.747 447.491 225.246 290.495 581.49 274.991 255.495 426.478 314.734 213.997 657.979 238.993 652.979 299.74 316.493 517.739 288.244 353.239 220.989 216.747 222.497 343.994 243.246 418.986 400.234 497.978 276.745 489.704 396.743 390.732 266.745 223.743 224.245 307.74 340.245 203.747 204.747 376.721 211.234 262.737 236.247 229.495 213.244 214.489 241.482 217.996 270.238 204.242 258.489
internal_count=120058 58813 61245 34822 22094 39151 27368 11924 4980 19835 11693 5555 23991 14987 6944 15672 6446 6138 4603 3569 13068 11783 2177 7986 3378 12383 6283 4112 10160 2359 2621 8142 10923 9164 5512 1843 2604 3244 6100 3174 2751 9854 2926 4148 3485 5920 2171 905 5506 4540 2685 1855 2247 5530 4886 15444 2577 12867 2645 1065 2743 6422 5114 1615 4702 1826 6921 4617 3536 2819 2079 970 1815 5082 4247 1822 1953 4144 3841 959 10222 7896 3514 1081 7116 5310 3295 1505 2015 1199 2882 1020 1610 4196 3685 2832 2693 1929 1149 1378 2304 1034 1367 1616 821 1409 5458 3733 2003 1730 877 1126 1337 1308 3523 2456 4605 3587 2504 2043 1018 8476 1579 6897 6219 2277 3942 1970 1077 1598 1378 1725 989 1806 1076 1241 1183 936 2907 2471 1652 1970 898 1068 1759 1189 1558 1083 895 1972 968 2197 1746 1069 3525 2969 898 1001 823 1364 1044 893 1790 1142 886 2368 1896 1140 1004 1148 918 1032 2435 2022 1586 939 1790 901 1162 2326 1100 1022 1706 1259 856 2632 956 2612 1199 1266 2071 1153 1413 884 867 890 1376 973 1676 1601 1992 1107 1959 1587 1563 1067 895 897 1231 1361 815 819 1507 845 1051 945 918 853 858 966 872 1081 817 1034
is_linear=0
shrinkage=0.02


Tree=3
num_leaves=218
num_cat=0
split_feature=110 35 35 19 93 66 62 87 16 29 97 200 78 110 201 32 16 255 3 137 62 178 66 99 16 16 129 152 25 255 60 127 19 323 126 76 32 87 323 134 247 318 41 28 1 24 274 167 65 97 312 113 47 92 204 16 138 112 303 164 300 323 211 98 12 129 276 1 161 314 118 44 39 60 28 66 11 57 280 290 254 87 92 247 210 1 246 110 11 5 280 13 167 98 139 273 78 168 303 62 3 75 28 124 161 150 87 169 84 226 280 203 270 41 92 210 201 320 293 146 5 62 161 3 243 204 3 158 121 161 124 152 294 30 3 1 12 72 137 287 167 169 210 128 240 177 71 20 98 246 64 178 120 287 32 134 75 173 75 110 32 214 1 71 240 287 152 204 287 315 64 92 273 173 137 28 4 113 135 11 11 312 99 47 173 114 73 66 312 92 35 60 127 80 31 287 246 78 73 194 303 20 78 255 214 124 29 241 270 120 29 76 320 68 173 178 205
split_gain=463.714 105.554 71.9861 47.6952 36.9638 30.6829 30.3783 28.9876 25.3164 21.7921 20.7082 20.346 18.1807 17.9677 20.7147 17.389 17.2658 17.1798 17.0187 16.7795 19.2263 16.1173 19.1397 15.4155 14.7574 14.4912 14.7874 17.4649 15.781 13.808 15.8571 13.0953 13.9475 12.9593 12.7407 12.5834 12.4481 12.6742 12.1104 11.9346 12.9273 11.7744 11.6631 11.6383 14.8216 13.7082 13.0255 11.7507 11.5035 12.939 11.3225 11.2818 10.9755 10.9137 10.751 10.7144 10.6585 10.2584 10.2029 10.7226 11.6845 14.1036 11.7438 10.1585 10.0596 9.93671 9.91412 9.90365 11.2979 9.8991 11.3685 12.4986 10.474 10.2097 9.86429 9.76315 9.60674 9.5513 9.50586 9.43004 9.60652 9.39852 9.38542 10.7169 12.9485 12.3944 11.9239 11.0433 9.77284 9.22091 9.20142 9.8332 9.19964 12.8137 14.3499 9.15346 9.0896 9.04294 9.0384 11.6293 8.95027 9.93495 8.92542 8.91827 8.90212 14.9321 9.72323 8.76237 8.70981 10.2702 9.43519 12.5628 9.77276 17.1647 8.69666 11.2274 8.88592 8.67085 8.66208 8.63889 8.58458 8.54927 8.44831 9.81926 8.35235 9.77748 9.23057 8.34501 8.31558 8.20483 13.4089 8.18966 8.13397 8.11084 8.09977 8.08462 7.94646 7.94316 10.719 8.80051 8.49823 11.7065 7.93592 7.87719 7.82002 10.6333 7.8128 7.76654 7.70912 7.68747 7.65329 7.64368 7.58316 7.49581 7.43019 7.35729 7.98229 7.334 7.28938 7.26737 7.15343 7.1167 7.08735 7.08589 7.01378 6.999 6.99725 6.99093 6.9801 6.75037 6.74282 6.63773 6.58285 7.22455 6.5704 6.54018 6.51555 6.44961 6.40468 6.27887 14.861 6.22054 6.19952 6.18136 6.0026 7.13173 6.2568 5.95992 5.80321 6.79356 5.71226 5.70929 5.62796 5.43855 5.24352 5.12314 5.02255 4.97857 4.95294 4.71759 4.31553 4.25463 4.24291 4.12102 4.11354 3.87377 3.82651 3.59292 3.41047 3.37364 3.08169 2.59071 2.25392 1.77011 1.59887 1.35427 1.26569
threshold=3.0775441700825474e-05 3.3943759262911051e-05 4.0725339204072959e-05 -0.00021421940618893129 -3.0662165954709046e-05 9.811467680265197e-05 -0.00018322095274925229 3.8456171751022346e-05 -7.6016411185264574e-05 0.00019400753080844882 1.0000000180025095e-35 0.00078164512524381291 0.00080170296132564556 -0.0002231363105238415 0.75765660405159008 -0.0002049300819635391 0.00019638985395431521 -0.00018851501226890829 8.6252905020955964e-05 0.0001008366198220756 0.00017110817134380343 0.0010394187993369999 2.9767863452434543e-05 4.6770617700531154e-05 1.6812235116958622e-05 4.1494145989418037e-05 -0.00029913737671449775 -0.39355419576168055 0.00010445527732372285 -7.6670923590427251e-05 7.0434063673019423e-05 2.1143437152204573e-05 0.00010609005767037162 0.027211899869143966 -0.00019437175069469956 -2.9591843485832211e-05 -0.00010062893852591513 -0.00024205818772315976 0.010536673013120891 -1.0789297448354772e-05 0.0028077402384951715 0.79743987321853649 -0.00030842609703540797 4.7493726015090949e-05 -5.4415935665019781e-05 -4.9872323870658868e-05 0.0012363252462819221 -0.00078141389531083394 0.00010946425754809753 1.0000000180025095e-35 0.0020160565618425612 3.5377566746319651e-05 0.00022576097398996356 -0.00020020967349410054 0.75852647423744213 -1.5305355191230771e-05 -0.00016047005192376671 -2.893090936595399e-06 0.0040999073535203942 -0.0003791551425820216 -0.000671879039146006 0.0055140501353889712 -0.24171459674835202 4.9271131501882344e-05 5.037523806095124e-05 -0.00049182688235305239 0.0011013151961378755 2.8168782591819767e-05 0.00014925420691724869 0.0034071011468768124 -9.898216376313938e-06 3.6940677091479308e-05 9.2741101980209368e-06 0.0001231636852025986 2.397224307060242e-05 -0.00029223621822893614 -4.2264349758625024e-05 0.00017698854207992556 0.4191324263811112 -0.00063244419288821508 0.0012428398476913574 -7.1698799729347215e-05 -0.00013099983334541318 0.0069266133941710004 3.3918835470103666e-05 2.7466565370559696e-05 -0.00071862328331917513 0.00017026343994075435 2.8179027140140537e-05 0.58333334326744091 0.39809423685073858 -1.0000000180025095e-35 -0.0013820466701872645 7.0690421125618754e-05 -0.00010899865810642949 0.0070165796205401429 -7.30757601559162e-05 0.00040417020500171935 0.0021489938953891401 -8.4832776337862001e-05 2.5938575163309e-05 0.00026218593120574957 2.2117048501968387e-05 0.00015530586824752393 0.0001683657610556111 -2.400566791038727e-05 0.00023747421801090243 0.13645878434181216 0.00012601342314155775 -1.9335826664246265e-06 0.88648551702499401 0.00099736655829474352 -2.4667400793987323e-05 0.00018491782248020175 8.4154307842254656e-06 4.8226634135062349e-06 0.52047979831695568 0.0046431657392531642 -0.0054154950194060794 0.00023071193572832274 0.58333334326744091 0.00040278676897287374 0.00021308513532858345 2.7346734896127604e-05 -0.0025865603238344188 0.397268757224083 4.5172248519520517e-06 0.26890458166599279 0.00036975962575525051 0.00011700008326442914 0.00010354405821999536 0.10715171694755556 0.00028377120906952774 0.00011596176773309709 2.7346734896127604e-05 -1.876258011179743e-05 -3.1108036637306207e-05 7.007829844951631e-05 8.9780205598799525e-05 0.10130598768591882 -0.00074759367271326471 0.094399172812700285 -8.3391028056212218e-06 0.66180020570755016 -0.00058953766711056222 -0.00020137917454121632 0.0001023523509502411 7.7292803325690343e-05 0.00010487672625458801 -0.002669207518920302 -0.00032298360019922251 -0.00022227247973205519 0.016605606302618984 -0.097987085580825792 -2.6384368538856503e-05 4.7645514769101291e-06 -0.00012420304119586942 -0.099395599216222749 -0.00012420304119586942 -0.00013660455442732197 -1.0070623829960821e-05 0.00048369176511187112 8.134171366691591e-06 1.2049218639731409e-05 -0.0016199388774111865 -0.046985393390059464 -0.18127546459436414 0.67199572920799266 -0.070705059915781007 0.47518338263034826 -4.2729079723358148e-05 1.6520731151103977e-05 0.0079837879166007059 -0.19307982176542279 0.00011905593783012593 0.00010584481060504915 7.0825419243192314e-05 -8.9594723249319927e-05 -0.066083684563636766 -0.0001761093735694885 -2.7891248464584347e-05 0.0017982842982746663 -1.9876813894370567e-05 -8.4513332694768892e-05 -0.2828123122453689 0.12617400288581851 -4.5903027057647698e-05 6.493584442068824e-05 0.0016914017032831909 4.4698826968669898e-05 8.6784919403726249e-05 9.3782320618629469e-05 0.0001723500536172651 5.518272519111634e-05 -1.8868595361709591e-05 -0.097987085580825792 -0.0028278747340664263 0.0003143181093037129 0.00018966570496559146 1.7418428797100208e-05 -0.00059949667775072147 0.00012848655023844915 2.902932465076447e-06 -0.0013817843864671884 0.0012431323993951084 8.5262530774343772e-05 3.9059668779373177e-06 0.0010934660676866772 -0.00019140630320180205 0.75931850075721752 -0.00020647980272769925 -0.0001166677102446556 0.0035316024441272025 0.00015727287245681512 -0.14749558269977567 -0.00043521347106434399 -0.0016344671603292225
decision_type=8 10 8 10 10 8 8 10 8 10 2 10 10 10 8 10 8 10 8 10 10 8 10 10 10 10 10 10 10 10 10 10 10 8 10 10 8 10 10 10 8 10 10 10 10 10 10 8 10 2 10 8 10 10 10 10 10 10 8 10 10 10 10 10 10 10 10 10 10 10 10 10 10 10 10 10 10 10 8 8 10 10 8 8 10 10 8 10 10 2 10 10 10 10 10 8 10 10 10 10 10 10 10 10 10 10 10 8 10 10 10 10 10 10 10 8 8 8 8 10 2 10 10 10 10 10 10 10 10 8 10 10 10 10 10 10 10 10 10 8 10 10 8 10 8 10 10 10 10 10 10 10 10 10 10 10 10 8 10 10 10 8 10 10 10 10 10 10 10 8 10 10 10 10 10 10 10 10 10 10 10 8 10 10 10 10 10 10 10 10 10 10 10 10 10 8 10 10 10 10 10 10 10 10 10 10 10 10 10 10 10 10 8 10 10 10 10
left_child=1 3 5 9 21 15 18 13 75 89 19 197 36 39 29 161 43 51 50 20 25 22 24 69 81 26 27 -6 114 34 57 165 64 35 134 199 37 -7 159 40 117 -42 55 44 46 122 54 -46 49 210 53 172 174 -4 -10 -34 -21 153 59 -53 61 63 -62 -61 92 -66 90 100 -69 70 136 73 -71 97 187 -8 -41 155 -39 -26 -81 144 -38 84 87 178 -85 146 119 -1 -49 120 107 188 135 213 -80 -72 99 -68 101 151 193 104 105 -22 171 -33 109 -12 111 121 113 -113 116 214 166 -3 -47 -89 -92 137 128 -124 126 -126 -36 -25 -45 -55 200 -20 -87 -13 -15 -95 -19 138 140 175 141 -110 170 -100 145 154 206 -138 -132 -148 -114 198 -57 -31 168 -73 -157 -60 -78 -27 -64 -2 -145 195 -103 -9 -28 -63 -5 -83 -44 -107 173 -17 -52 182 -128 -91 -86 -50 -181 -77 196 -106 -99 186 -186 -58 189 202 -120 212 -70 -59 -184 -65 -139 216 -24 211 -131 -90 -94 -201 -163 -147 -84 -143 -197 -129 -18 215 -101 -30 -116 -29 -11
right_child=2 7 6 4 10 12 8 31 16 11 108 133 -14 14 -16 17 48 23 131 56 103 -23 67 127 79 38 28 33 95 30 -32 32 42 -35 124 -37 82 78 -40 76 41 -43 142 45 47 118 -48 66 179 -51 52 58 -54 129 -56 152 74 102 157 60 62 167 160 163 65 -67 98 68 192 72 71 77 -74 -75 -76 181 158 -79 96 80 -82 169 83 86 85 132 -88 88 201 177 91 -93 93 94 -96 -97 -98 184 143 191 -102 164 -104 -105 183 106 -108 -109 110 -111 -112 112 150 -115 115 -117 -118 -119 190 -121 -122 -123 123 -125 125 -127 176 209 -130 130 148 -133 -134 -135 -136 -137 147 139 -140 -141 -142 207 -144 162 -146 205 149 -149 -150 -151 -152 -153 -154 -155 -156 156 -158 -159 -160 -161 -162 204 -164 -165 -166 -167 -168 -169 -170 -171 -172 -173 -174 -175 -176 -177 -178 -179 -180 180 -182 -183 194 -185 185 -187 -188 -189 -190 -191 -192 -193 -194 -195 -196 208 -198 -199 -200 203 -202 -203 -204 -205 -206 -207 -208 -209 -210 -211 -212 -213 -214 -215 -216 -217 -218
leaf_value=0.0078128668894128072 -0.0015541073902622013 -0.0011490123533995343 0.0024231982015352925 -0.00040452240195871847 0.00044588788062346305 -0.0022441900663745119 -0.0048172528546585524 -0.0055592902992183226 0.0031796436754885707 0.0088448805938377874 0.0024640731443478971 0.0078145614037644414 -0.0060517009744137087 0.005833541734058899 0.0052113370909307446 -0.00050870626443726607 -0.016578833373348638 -0.0035670274489204745 -0.0087274386768546579 0.0061094339371563292 -0.0033156213880310009 -0.0049213848805703562 -0.0011582875094942383 -0.0028913790392211575 0.00037307407338589804 0.0079102710918870084 -0.0010894811754147804 0.0065874591814924525 0.013252819837650675 0.00088417036107452801 0.0012286302401496479 0.0043401484382686803 0.0072558535055983189 0.0019917571307017609 -3.7081553328619035e-05 0.013658097244090677 -0.00422461309050881 0.0086774821658057062 -0.0012466305821172464 -0.00052533988705669155 -0.0075016663521886521 0.00090391457901898946 0.002939239331175228 -0.0019541827525328581 -0.0011248983021933542 -0.00058756017694906206 -0.0070904205360685533 -0.000785740921365178 -0.0095722966901938995 -0.0055504094841213724 0.0061148221253523065 -0.0066803191945318243 -0.0029073304759204572 0.0014373340154739784 -0.004003474771903646 -0.003158755442342336 0.0048150268442615149 -0.011147994699542332 0.005137707767912488 0.0029186814980908999 0.00064046722539568782 0.006053848220176964 -0.0023689450105669131 -0.0016595497280949634 0.0041165658967543158 -0.0031964439859834756 -0.0033989535687381153 0.0051499488076979585 -0.0048694532179878154 -0.01004107014456993 -0.00048103925028748995 0.0012408111359080258 -0.0025335951939219181 0.00061276174086752181 -0.0045930345797470023 -0.0011958959234651281 0.0016300810354488943 0.003017304045221849 0.0061165035770395304 -0.0089708634531533681 -0.0012345502373047525 -0.0053371332703988526 0.0023317876839687298 3.0130032421186061e-06 -0.0083162785106172116 0.0039208564327175583 0.0078808310672003577 -0.0022265545012665876 -0.00098314677551758424 0.0034185101864183149 -0.0071584884876243074 -0.010465420947928374 0.001256539430495796 0.0047700344771327502 0.0015037256184962939 0.0028749265490065042 -0.00032343809363534958 -0.010881806829666416 -0.00078916186641213532 -0.015297389311104371 0.0081345900258815319 0.0029852218892133624 -0.0024819236765451138 -0.0025510333035145432 0.0082739111419158368 0.0037120559979652891 0.0074944187274006407 -0.0021112229905361555 -0.00052432855919996391 -0.0051189839422091099 0.0068318843389121022 -0.0012827034804510007 0.0012985274023668619 0.0078921060254119081 0.0097327206227451717 0.00066413192163632497 -0.0033840361938417833 0.0053552365356904332 -0.0034169088263483424 0.0039985055527079153 0.00010429233639446294 -0.001393689712315721 0.00079551130523492224 -0.0075062632196219994 0.0046240484101250038 -0.0032263470733930417 -0.0031845276896727338 -0.010254142871345674 0.004271107758137424 -0.0033823803737511476 0.0030741115268481888 -0.0024608991608994217 -0.0029300848508254924 0.0012181280257945442 -0.001323295582624747 0.011802192559346591 -0.00097663613658349009 0.0061383209104542711 -0.003341063418079718 0.001066877758936338 -0.00030024343511924126 0.010093329252138392 -0.0053973850546308625 -0.0096153721663254452 -0.002182742523188958 0.0074171894182533255 0.0037773608531558064 0.0052349122760911668 -0.0036933988044958992 -0.0025868731164361554 -0.0050081417293116447 0.007590436208224317 0.0032903012272943728 -0.0052219639506096427 -0.0025076851596444716 -0.0010087886107069408 -0.0070257196199778795 -0.0015565720430749334 0.0078661130324815687 0.001254758676580123 -0.0091722520054497436 0.0063069317983641335 -0.0023029477440185829 0.00037764105501177341 -0.0037181737609306522 0.0010439567596052593 0.0051915581309897188 -0.0004476178045619535 0.0055469844634542824 0.00089301604729968788 -0.0034345965901836357 -0.0025776284414855623 -0.0020611684784611131 0.0062214102634812309 -8.6551754681110453e-06 0.001063971413562091 -0.0095942690449558349 -0.0025701057381151962 -0.0018354215894607786 7.6048940522592439e-05 -0.0078790499590420549 0.0042283605910193927 0.011391375603703792 0.0022852439453149346 0.0010360868349186174 -0.00786731741917354 -0.0054481235959825689 -0.0012984926868562438 0.0052012211089834401 0.0040512310266670234 -0.0096887509713989208 -0.0065012806286243053 0.0010159578044381095 -0.0049160434702274301 0.0052382684706295934 -0.0029047613651380032 0.00036939046879752596 0.0066331032493819695 0.0045911188174484405 0.0072162262029883562 -0.00949072275022372 -0.0064669278995211745 -0.0040482686990836311 0.001884531690912582 0.00083955124155508151 0.0024135681756525555 0.0082042255207208353 0.0038519748946604939 -0.0085768483564240636 -0.004606232289289431 -0.0084184006725168733 0.0052023076183385563 -0.0093086858148776642 0.0066836924614467972 0.0046390839421360276 0.01290318773807685 0.01644165804624648
leaf_weight=102.23767334222794 141.2461561113596 184.49562665820122 155.24532335996628 147.74468050897121 102.23982882499695 123.99748894572258 125.99505378305912 127.7461611032486 176.99177770316601 105.47831599414349 137.49180260300636 181.47550809383392 150.24677866697311 126.49706721305847 116.24730037152767 99.996834620833397 128.21778631210327 109.74724452197552 158.7412440776825 104.7419703155756 153.99126952886581 148.49614675343037 99.995067194104195 179.74481391906738 191.74508905410767 148.4860193580389 103.9896202981472 103.23806712031364 107.73767833411694 135.99698582291603 149.4953980743885 129.74550300836563 102.99739152193069 101.9879267513752 160.74595694243908 287.45692479610443 176.74590790271759 141.49500398337841 183.73771961033344 188.99582032859325 153.24628295004368 101.99761052429676 128.24573397636414 145.24181015789509 157.74038217961788 108.74581235647202 127.74322845041752 185.73997111618519 111.74103853106499 174.74240110814571 181.99454347789288 197.74408736824989 114.74493944644928 110.49712234735489 124.49448816478252 126.74630051851273 110.74392874538898 215.49413661658764 111.74610571563244 118.99633041024208 119.49597600102425 138.24609845876694 119.99593605101109 172.49407102167606 102.49648943543434 169.24494658410549 128.24228815734386 114.24429948627949 113.24504198133945 133.49483719468117 108.24564972519875 145.49585436284542 180.49489134550095 110.74635736644268 133.49274922907352 164.2454122453928 152.74708952009678 153.99605751037598 135.74505314230919 122.99690994620323 129.99639542400837 111.24659258127213 100.74672691524029 160.49643877148628 143.74639341235161 115.74733230471611 127.49697017669678 143.49693514406681 115.24726931750774 158.23822283744812 106.24154406785965 128.49224086105824 105.24616065621376 156.9951227158308 148.49508759379387 104.23979409039021 196.24399752914906 119.99467623233795 121.74440509080887 156.23871226608753 199.24259652197361 106.99492728710175 129.99662648141384 102.24453650414944 174.23874090611935 134.4925931096077 143.49059349298477 173.74511153995991 102.49465112388134 111.99587158858776 196.24136419594288 199.74224403500557 114.49356280267239 112.7445172816515 119.23883350193501 140.98935523629189 111.4922318905592 119.99708464741707 133.49541246891022 179.99609120190144 133.24261765182018 133.24448215961456 100.99585172533989 101.24444848299026 106.49726767838001 107.99717466533184 193.74495729804039 216.99195171892643 162.74058026075363 109.24643836915493 100.99673341214657 198.74124701321125 121.99688875675201 131.98844316601753 100.49710121750832 195.24109864234924 143.24577352404594 133.99139592051506 110.49595434963703 194.74066938459873 184.24172151088715 103.74502556025982 174.49508589506149 149.23602840304375 124.74661341309547 186.74303331971169 137.24553735554218 149.49561044573784 132.99542957544327 127.74595844745636 178.74320390820503 198.74114862084389 124.99646539986134 160.49676299095154 151.4952395260334 192.99296875298023 155.74459290504456 115.99575367569923 157.24568517506123 121.99382923543453 165.49327932298183 112.49746237695217 100.49358117580414 159.49562700092793 102.99503146111965 103.99657611548901 169.23499289155006 109.24638050794601 142.99571646749973 137.74636159837246 100.24735546112061 100.24471081793308 102.24713632464409 143.49626296758652 107.24710434675217 100.7449544519186 106.49715402722359 102.242342710495 119.99698752164841 186.49017775058746 168.49020926654339 140.74557115137577 155.48993113636971 138.74274945259094 105.99655802547932 195.23950719833374 101.74715112149715 111.49055431783199 165.49428403377533 126.9964712113142 161.74140748381615 180.48968830704689 115.74646203219891 142.49369168281555 175.49103720486164 103.74611388146877 103.74405699968338 100.98571620881557 108.74484875798225 145.7317411005497 148.49434879422188 109.99780501425266 101.74797354638577 117.98688995838165 106.247981518507 127.24521578848362 109.99577811360359 109.99507719278336 121.74575093388557 116.74490347504616 114.73770041763783 106.48508007824421 241.98061954975128 114.24050152301788 113.74075651168823 135.98469679057598 167.95762030780315
leaf_count=409 565 738 621 591 409 496 504 511 708 422 550 726 601 506 465 400 513 439 635 419 616 594 400 719 767 594 416 413 431 544 598 519 412 408 643 1150 707 566 735 756 613 408 513 581 631 435 511 743 447 699 728 791 459 442 498 507 443 862 447 476 478 553 480 690 410 677 513 457 453 534 433 582 722 443 534 657 611 616 543 492 520 445 403 642 575 463 510 574 461 633 425 514 421 628 594 417 785 480 487 625 797 428 520 409 697 538 574 695 410 448 785 799 458 451 477 564 446 480 534 720 533 533 404 405 426 432 775 868 651 437 404 795 488 528 402 781 573 536 442 779 737 415 698 597 499 747 549 598 532 511 715 795 500 642 606 772 623 464 629 488 662 450 402 638 412 416 677 437 572 551 401 401 409 574 429 403 426 409 480 746 674 563 622 555 424 781 407 446 662 508 647 722 463 570 702 415 415 404 435 583 594 440 407 472 425 509 440 440 487 467 459 426 968 457 455 544 672
internal_value=3.99006e-06 0.00229509 -0.00269064 0.00346126 0.00300595 -0.00142233 -0.00434207 6.51904e-05 -0.00517502 0.00748403 0.00381856 0.00955277 0.000283379 -0.00126186 -0.00239097 -0.00233926 -0.00566699 -0.00266268 -0.00186695 0.00472212 0.00518183 0.00110204 0.00146248 -0.00373919 1.91374e-05 0.00606128 0.00673951 0.00841602 0.00491643 -0.00292315 -0.0046047 0.00162096 0.00207463 0.00920704 -0.00112081 0.00996617 0.000694722 0.00317562 0.00265058 0.000826366 -0.00116365 -0.00432111 -0.000155631 -0.00490875 -0.00569942 -0.00290859 -0.00222532 -0.00649874 -0.00818529 -0.0106751 -0.000655862 -0.00129704 0.00198665 -0.00208005 0.000148945 0.00241767 0.00107374 -0.00571925 -0.0019466 -0.00253398 -0.00182713 -0.000551948 -0.00457355 -0.00204051 0.0031358 -0.000344984 -0.0069982 0.00338837 0.000496739 -0.00293157 -0.00230888 -0.00315581 -0.00613559 -0.00489662 -0.000655267 -0.000540911 0.00301747 -0.00107635 0.0046284 -0.00298875 -0.00537736 0.00123439 -7.40659e-05 0.000372011 -0.000310934 -0.00288124 0.00377587 0.000978331 -0.00094596 0.00326653 -0.0045378 -0.00629355 0.00385558 0.00476642 0.00698625 0.00851281 0.00250767 -0.00585236 -0.00815587 -0.00954946 0.0045627 0.00319109 -0.00747344 0.00265643 0.00333078 0.00165137 0.00373858 0.000744623 0.00241842 -0.00106726 0.00278502 0.0023684 -8.77718e-05 0.00230316 0.00319113 0.00528601 0.00099419 0.00158632 -0.00556856 0.0012683 -0.00342108 0.00328309 -0.000671882 -0.00366198 -0.00248613 0.000733349 -0.00395234 -0.00681854 0.00139517 -0.00328149 -0.00435659 -0.00555854 0.000450768 0.00527668 0.00281441 0.00909259 0.000627356 0.00371851 0.00188311 0.00494416 0.00312058 0.0050129 -0.00242805 -0.00515134 0.00219665 0.0029567 0.00314653 0.00232736 -0.000760321 0.000743086 -0.00262003 0.00494159 4.985e-05 -0.00254229 0.000878821 -0.00241962 -0.00393124 0.0018777 0.00507837 0.00520152 -0.00665501 0.00181859 -0.00706173 -0.00316348 -0.000340053 -0.00274851 0.00288973 0.00336512 0.00269124 -0.00208039 9.14655e-05 0.00103455 0.00192531 0.00362869 0.0039906 0.00600836 -0.00591529 0.00105224 -0.00570485 -0.00560995 -0.00391866 0.00141343 0.00681833 0.00591588 -0.00690544 -0.00526287 -0.00233925 0.00189402 0.00235776 0.000734553 -0.00724956 -0.0107533 -0.00205195 -0.00905879 0.00861331 -0.00453278 0.00384487 0.0126836 0.00197645 0.00784609 -0.00733163 -0.00397013 -0.00147798 0.00513184 0.00394413 0.0056554 0.00584232 0.00748582 -0.00641644 -0.00865058 -0.0136584 0.00952274 -0.0122775 0.0107039 0.00780935 0.0108961 0.0143138
internal_weight=30004.5 16218.1 13786.4 10641.8 9591.17 7818.76 5967.67 5576.34 4448.72 1050.6 6708.02 687.886 2738.43 3011.42 1952.7 5080.33 4017.74 4720.34 1518.94 4048.15 3587.68 2883.15 2734.65 2620.16 1574.7 2640.23 2186.01 1101.11 1084.9 1836.45 933.974 2564.92 2333.18 998.871 902.477 896.883 2588.18 597.482 454.218 1058.73 559.737 255.244 757.728 3133.32 2219.11 914.205 429.229 1789.88 884.419 417.698 1161.46 2100.18 403.987 757.475 301.486 354.74 460.469 784.478 1754.44 1526.7 1328.96 923.97 404.985 676.478 1575.45 271.741 1632.14 1159.95 343.236 2106.68 1792.69 1390.2 313.99 741.97 355.727 430.986 498.989 648.229 473.484 444.738 252.993 1129.96 1990.7 1813.95 1525.96 501.488 287.993 1024.47 548.738 362.718 553.716 367.976 1303.71 1000.22 500.731 326.218 331.989 631.224 1078.43 706.951 816.714 617.471 487.984 947.445 845.201 532.219 378.228 303.491 2659.87 249.488 2410.38 2214.14 605.724 312.487 758.686 373.969 384.717 304.493 403.983 323.493 239.484 1608.42 510.223 202.24 675.483 214.494 460.988 513.482 307.982 602.23 491.733 357.482 237.744 313.464 226.994 352.236 402.489 1475.17 610.972 864.202 500.476 316.235 402.988 371.474 880.97 756.224 475.734 292.741 233.992 264.991 293.237 407.481 251.743 296.494 442.236 494.233 348.738 227.742 309.993 270.48 285.489 359.992 249.73 557.482 209.99 231.743 273.225 247.492 290.74 248.993 228.493 234.737 345.74 243.493 289.242 669.461 300.242 260.481 263.743 466.721 354.98 304.991 568.716 312.981 522.978 402.983 207.744 222.234 499.485 333.991 295.237 578.709 228.992 357.988 330.981 397.986 237.735 374.422 208.74 609.426 257.741 225.245 206.994 263.719 218.745 313.988 210.743 213.74 225.492 333.737 242.955 345.708 398.219 221.978 232.98 239.223 273.436
internal_count=120024 64876 55148 42570 38367 31276 23872 22306 17796 4203 26834 2752 10954 12046 7811 20322 16072 18882 6076 16194 14352 11533 10939 10481 6299 10562 8745 4405 4340 7346 3736 10260 9333 3996 3610 3588 10353 2390 1817 4235 2239 1021 3031 12534 8877 3657 1717 7160 3538 1671 4646 8401 1616 3030 1206 1419 1842 3138 7018 6107 5316 3696 1620 2706 6302 1087 6529 4640 1373 8427 7171 5561 1256 2968 1423 1724 1996 2593 1894 1779 1012 4520 7963 7256 6104 2006 1152 4098 2195 1451 2215 1472 5215 4001 2003 1305 1328 2525 4314 2828 3267 2470 1952 3790 3381 2129 1513 1214 10640 998 9642 8857 2423 1250 3035 1496 1539 1218 1616 1294 958 6434 2041 809 2702 858 1844 2054 1232 2409 1967 1430 951 1254 908 1409 1610 5901 2444 3457 2002 1265 1612 1486 3524 3025 1903 1171 936 1060 1173 1630 1007 1186 1769 1977 1395 911 1240 1082 1142 1440 999 2230 840 927 1093 990 1163 996 914 939 1383 974 1157 2678 1201 1042 1055 1867 1420 1220 2275 1252 2092 1612 831 889 1998 1336 1181 2315 916 1432 1324 1592 951 1498 835 2438 1031 901 828 1055 875 1256 843 855 902 1335 972 1383 1593 888 932 957 1094
is_linear=0
shrinkage=0.02


Tree=4
num_leaves=223
num_cat=0
split_feature=108 51 51 42 329 22 42 127 86 330 329 90 108 167 95 19 199 318 330 22 171 90 43 129 171 198 32 311 129 132 20 330 199 93 22 330 19 37 318 31 249 276 200 95 34 232 90 202 78 330 22 38 252 31 328 17 184 54 291 330 90 330 108 33 90 71 329 311 311 36 177 92 177 330 235 54 99 167 48 42 82 74 273 122 55 132 55 329 100 130 251 78 51 50 240 99 42 152 19 64 252 279 241 122 325 102 325 151 99 203 100 19 95 13 170 42 282 198 82 184 281 42 310 91 51 132 33 122 329 166 245 329 173 17 211 91 108 70 291 118 198 122 321 6 88 90 279 293 129 90 252 48 86 173 134 276 42 86 70 282 173 100 273 86 202 86 80 87 100 100 140 122 33 293 67 249 19 19 23 325 184 69 76 329 76 189 114 140 285 209 134 88 178 281 329 78 40 235 324 132 70 130 252 329 122 141 285 91 264 102 234 310 210 273 127 64 325 284 324 251 23 182
split_gain=484.365 106.426 87.9641 56.939 41.2809 52.6237 35.9836 34.5699 29.1507 27.772 57.0072 30.209 25.6318 23.1542 22.5474 21.2741 19.2166 19.1616 18.7976 18.2308 18.0245 17.4767 17.4548 16.964 16.3931 17.9777 16.1906 15.8574 15.6793 15.2375 14.9267 14.787 14.5417 14.0725 17.844 13.9061 15.2647 13.8703 13.748 14.543 13.4564 14.3857 24.3851 16.3361 14.2719 13.1151 12.995 12.8815 12.7498 12.6384 12.5692 12.0077 11.9033 11.7122 11.665 11.6183 11.5012 14.0942 11.2866 11.2435 13.0708 11.8414 11.0541 10.9505 10.9473 14.9902 11.2056 10.7845 10.6938 10.6114 10.5237 10.4243 10.3902 13.0344 10.3128 10.2848 10.259 15.7444 12.7122 10.2343 13.4781 10.2315 10.2195 15.1432 13.0063 10.0948 11.6871 10.0611 9.98715 11.0616 9.96992 9.91224 11.0298 13.8 10.0713 10.0377 11.7371 10.3925 10.072 9.80253 9.74078 9.73654 9.71365 9.508 10.1401 9.41572 9.31568 9.26143 9.17504 9.16226 9.32185 9.14867 9.02746 9.02251 10.1618 8.99676 8.96725 12.4275 8.95005 8.91313 9.78755 13.0848 9.37256 8.77662 11.6846 12.211 9.95644 8.76461 8.53707 11.0861 8.52444 8.46814 8.39372 8.36223 8.29283 9.65269 8.07593 9.54423 8.02254 7.97376 7.95195 8.32763 7.92408 7.88902 12.8213 11.2433 10.5818 7.88012 7.87067 7.86408 7.76962 7.66531 7.57659 7.4958 7.41931 7.383 7.31551 7.31113 7.17723 7.15389 7.14764 11.6776 8.90075 8.51594 7.63564 7.0224 11.0153 7.0178 6.99339 6.94836 6.8809 6.73078 12.1584 6.68418 6.65251 6.57901 6.49435 6.38171 6.37688 6.35701 6.35103 6.34067 6.10064 6.03976 6.00138 5.91325 5.87415 5.85357 6.79559 5.72133 5.65008 5.63219 5.30768 5.29291 5.22355 5.16545 7.47804 5.05759 4.93964 4.84554 4.79151 4.77027 4.67802 4.66388 4.616 4.54051 4.27232 4.26357 4.21897 4.01794 3.9949 3.22411 3.16136 2.99046 2.10857 2.00827 1.87582 1.52435 1.38177 1.04883 1.04196 1.03065
threshold=-7.5913806085736715e-06 -3.54426447302103e-06 6.9858506321907052e-06 2.3949425667524341e-05 -0.86493045091629017 0.00020006485283374789 -0.00027829781174659724 0.00024755776394158607 2.1452084183692936e-05 0.15858851373195651 -0.77300861477851857 9.1165769845247282e-05 -7.1826430939836414e-05 -0.001104852824937552 0.00022428482770919803 -5.4570691645494655e-05 0.0012072084937244656 0.086342118680477156 -0.2015048488974571 -0.00019640102982521054 0.00054184175678528856 -0.00013038888573646543 -0.00010546669363975524 -0.00038647509063594038 0.00068734789965674292 0.00092265498824417602 7.5430376455187811e-05 0.026752535253763202 -0.00040980757330544288 -0.00035110187309328461 7.8846973337931572e-05 0.098016906529665007 0.00062412279658019554 -3.7726014852523797e-05 -1.0000000180025095e-35 1.0000000180025095e-35 -1.7499551177024839e-06 0.75000000000000011 0.10961493477225305 -1.7105601727962491e-05 -0.25518111884593958 0.0016542146913707258 0.00040556363819632685 9.9053606390953078e-05 -5.9820711612701409e-05 9.4039347459329306e-05 8.4452331066131609e-06 -0.00022865702339913693 -1.7099082469940182e-05 -0.51690566539764393 4.1648279875516898e-05 -4.6263914555311196e-05 0.00019849494128720838 3.836676478385926e-05 0.078400779515504851 7.0829566539032398e-05 0.00026691908715292817 3.5870820283889777e-05 0.0030223055509850387 -0.55011510848999012 0.00035670027136802679 0.24403759837150577 -4.6113280404824757e-05 -4.5913580834167071e-05 0.00023723300546407702 -9.6661970019340498e-06 -0.74750655889511097 0.0094747007824480551 0.018181402236223224 0.00015968045772751796 -0.00083258230006322254 -2.7669593691825863e-05 -7.6097130659036325e-05 0.20150484889745715 0.0024747509742155675 -1.9540078938007351e-05 -1.5113921108422799e-05 -0.00014464692503679541 -5.9981190133839839e-05 0.00013664457947015765 -0.00011075971269747241 0.00016800686717033389 0.0068653658963739881 8.0504491052124663e-05 -0.00023830682039260862 -0.00016514253366040063 -7.7767297625541673e-05 -0.78396254777908314 -0.00015741317474748937 0.00093422850477509211 0.00010068218762171456 0.00035063270479440695 0.00018420396372675898 -0.00032409424602519715 -0.0019196618231944738 -1.0874175131903028e-05 -2.9334798455238339e-05 -0.039731498807668679 -1.5191656530078033e-05 1.53789296746254e-05 0.00012842608703067529 0.0017477594083175065 0.0011234040721319618 9.0359397290740176e-05 -0.076126776635646806 -0.00054289246327243734 -0.060280853882431977 -0.00026976563094649458 1.0134202057088261e-05 0.0001202986932185013 5.0950741297128852e-06 -2.5118701159954068e-05 9.323842823505403e-05 -1.3492070138454436e-05 -0.0013788905343972144 -4.5844819396734231e-05 0.0015925959451124074 0.00056162264081649493 -7.2889495640993105e-05 0.00045997196866665041 -0.00075413566082715977 0.00016084499657154086 -0.88423812389373768 0.00031794537790119653 -0.00026494990743231023 -0.00029177930264268065 0.00012275204062461856 3.8648931877105504e-05 -0.99474522471427906 0.54415184259414684 0.6137981414794923 -0.5464661419391631 -0.173501081764698 -0.00012299255467951295 -0.040507962927222245 -0.00023578200489282605 7.8255732660181834e-05 2.8485432267189029e-05 -0.0011686672805808482 -1.2284655781513718e-06 0.00052907055942341696 5.5258367865462794e-05 0.32750692963600164 1.0000000180025095e-35 -9.2135742306709276e-05 -9.0277753770351396e-05 0.0016054685693234207 -0.00053973341709934164 -0.0001309174040216021 1.2548523955047132e-05 -0.0005429910379461943 0.00017458759248256686 1.5297904610633853e-05 -0.1151667758822441 1.0206064871454147e-05 0.0010415655560791495 5.9162732213735587e-05 0.00022996403276920321 -1.305248588323593e-05 0.0015080357552506032 -0.1151667758822441 2.8426534299796916e-05 0.0068236554507166156 -9.6350908279418932e-05 -0.00059312125085853029 5.98975457251072e-05 -0.0003579109907150268 0.00021319650113582614 2.012735603784677e-05 1.0880652553169058e-05 9.0835728769889115e-05 5.8616014939616441e-05 7.3571845859987675e-05 0.001392076082993299 -0.00022251097107073289 -0.073909275233745561 4.3889429434784695e-05 7.2370592533843605e-05 1.4605000615119936e-05 0.073121778666973128 0.00044746062485501176 0.75000000000000011 0.00019006244838237765 -0.82288655638694752 -0.00022271275520324704 0.00049424546887166809 -0.10071656107902525 4.964161598763895e-05 0.0042941235005855569 0.0024312587920576338 2.3554418930871184e-06 -0.0002007938455790281 0.00038296585262287414 -0.0026577083626762028 -0.87777194380760182 -6.680376827716826e-05 8.3513557910919203e-05 0.0026234426768496637 0.00010348125942982735 -0.00067748496076092113 5.8973208069801337e-05 0.00045117152330931282 -1.6401246284658552e-05 -0.49432003498077387 3.7857922507100745e-05 -0.00040416208503302181 0.0030353409238159661 3.3918768167495734e-05 5.738202708016616e-05 2.0704737835330892e-05 -0.35535509884357447 0.71512079238891613 5.4317185913532748e-06 0.0059827128425240525 5.5354616051772616e-05 -0.00027835648506879801 -0.033558100461959832 -0.0057247495278716079 0.00023562158457934859 0.00015309945592889565 0.00024654529988765722 0.0004094700852874667
decision_type=10 10 8 10 8 10 10 10 10 10 10 10 10 8 10 10 10 8 10 10 8 10 10 10 8 10 10 8 10 10 10 10 8 10 10 10 10 2 10 10 8 10 10 10 10 10 8 10 10 10 10 10 10 10 10 10 10 10 10 10 10 10 10 10 10 10 10 8 10 10 10 10 10 10 10 10 10 8 10 10 10 10 10 10 10 8 10 10 10 8 10 10 10 10 10 10 10 10 10 10 10 8 10 10 10 8 10 10 10 10 10 10 8 10 10 10 10 10 10 8 8 10 8 10 10 10 10 10 10 10 10 10 8 10 8 10 10 10 10 10 10 10 8 10 10 10 8 8 10 10 10 10 10 10 10 10 10 10 10 10 10 10 10 10 10 10 10 10 10 10 10 10 10 10 10 10 10 10 10 10 10 2 10 10 10 10 10 10 10 10 10 10 10 10 10 10 10 10 8 10 10 10 8 10 10 10 10 10 10 10 10 10 10 10 10 10 8 10 8 10 10 10
left_child=1 3 7 12 5 21 19 14 27 10 11 13 38 -8 22 87 55 -11 49 32 71 30 136 48 69 88 31 52 56 -13 -5 62 -4 34 37 36 47 -20 46 59 44 42 43 130 67 159 -1 51 -12 180 156 -24 106 112 -35 105 109 -58 76 60 150 185 74 103 65 157 176 -19 82 151 -25 -14 -16 190 -23 128 209 78 -78 80 -53 165 84 -84 -54 86 134 181 -26 123 -45 92 95 94 -94 96 -72 -97 -98 -60 -49 -55 -82 104 -41 142 111 -63 115 -17 198 147 -44 114 199 -86 -57 167 133 122 121 -121 -107 124 -90 126 -126 -67 -31 -130 -42 187 192 -113 135 -21 -2 -138 -125 -79 141 204 -6 144 -124 -145 -146 -3 -104 -43 -40 -9 -102 -32 -46 -115 207 158 -30 -33 162 163 191 -162 -163 -65 -167 -118 189 -120 -80 -95 221 182 -109 -152 -66 178 -129 210 -15 -10 -87 -175 -135 214 -134 -38 -189 -127 -74 -99 -22 -114 -71 -170 -197 -73 -111 -108 -89 -192 -91 215 -76 -181 -112 217 -117 -37 -157 -122 -161 -83 -61 -147 -93 -51 -144 -103 -7 -173
right_child=2 8 6 4 16 220 9 24 15 17 23 29 20 18 72 28 -18 40 33 85 132 26 35 70 25 -27 -28 -29 64 75 153 45 -34 54 -36 58 131 -39 39 63 41 149 53 90 154 -47 -48 100 -50 50 -52 79 68 101 -56 116 57 -59 99 61 -62 107 -64 81 66 127 -68 -69 -70 194 91 197 73 -75 140 -77 77 139 170 -81 102 213 83 -85 108 173 -88 200 89 202 -92 216 93 171 -96 97 98 160 -100 -101 152 219 148 -105 -106 119 113 174 -110 110 206 118 193 155 -116 208 117 -119 169 120 211 -123 143 138 125 168 -128 177 129 -131 -132 -133 186 184 -136 -137 137 -139 -140 -141 -142 -143 218 145 146 203 -148 -149 -150 -151 175 -153 -154 -155 -156 179 -158 -159 -160 212 161 164 -164 -165 -166 166 -168 -169 195 -171 -172 172 -174 183 -176 -177 -178 -179 -180 205 -182 -183 -184 -185 -186 -187 -188 188 -190 -191 201 -193 -194 -195 -196 196 -198 -199 -200 -201 -202 -203 -204 -205 -206 -207 -208 -209 -210 -211 -212 -213 -214 -215 -216 -217 -218 -219 -220 -221 -222 -223
leaf_value=-0.0044693800672850319 0.00022458381415030727 -0.0014218802872738626 -0.014195057312459203 0.0071537276464875349 0.0026944476500984026 0.0094806787316154741 0.0008875951732162813 -0.0053887514353600239 0.011159513113175604 0.0047392483983102933 -0.00092366901594580274 0.00267927996332423 -0.0013479573939858924 -0.0024701224279652179 0.0018943393314821747 -0.00016741783841689824 -0.0042042035615686467 -0.0019349231507811706 -0.012832036053033692 0.0019179516660947768 0.0023695607836446151 0.0046953507466930503 -0.0027614945376894422 0.0019920108143181214 0.0016124337643690766 0.0031989887966396347 -0.00059312176275545879 -0.005905312180151793 -0.0016624783819004486 -0.00096845001665147082 -0.0045302398638249605 0.0013143366109849661 -0.004429202936640733 0.0024568349259270813 -0.0018936737669259089 0.0041718159089884936 2.3051130916672292e-05 -0.0043016994440613918 0.0040044664086876522 0.0011353174521535571 -0.0049469055694023861 0.00027821001619900571 0.001510589037844366 0.0011702607561237064 -0.0037738744507081253 -0.00087979581647492191 0.0028618617455021707 0.0031801676768912243 0.0076479468489129071 -0.00895306542257885 -0.004936409303233971 -0.0036534218549134963 0.0029015934669850574 -0.0015611226701536438 -0.0057567597435440434 0.0051561023111153879 -0.0031856788498212741 0.0054069405788937132 -0.0045431267644109223 0.014007939821850966 0.0078244102735368914 0.0083069075404321596 0.0032173637251931148 -0.0013008812859869245 0.0016653266670212008 -0.0028812082106151279 -0.001973976647231551 -0.010242987300381555 -0.0064196330807418127 0.0004352310032492114 0.0051383865204648865 0.008131465625969999 -0.0025257517633486444 0.00094828688356300565 0.010745349808257509 0.00010995849517122991 -0.00089076309606982 0.0018518362282232154 0.0032152186654217188 0.0076392499589562892 0.0073651633931183878 0.0034647624948544726 0.0050738210911504648 -0.0029902767592154089 -0.0098082358697843906 -0.0073019636841628677 0.00071126234760893539 0.0048141347228442648 0.0021276902241641367 -0.0040324429768458262 0.0092136086159691367 -0.0037027037161664542 0.0034182790494789229 -0.0016508671907998474 -0.0038635614962582135 0.0024492389995269112 -0.0055420862522706314 -0.010384799336327554 0.0020835427290426135 0.0025838900864640136 -0.0067638515196498392 -0.011154605802111731 0.0038088843059128027 0.0029076488251881007 -0.0064003046615624852 0.00090746761890908459 -0.00019005426097673704 -0.0022260580499889461 0.0001504540797597777 0.010500577922698049 -0.00051457493353241539 0.00018383132025849905 -0.0071267573242810847 -0.00081971717235687289 -0.0033078511296383401 -0.0053433259550290128 -0.004606708967364862 0.0054259687716196178 -0.0016831929652430771 -0.0036011701005690712 0.0076038810534159321 0.0034750803124728993 0.008292137706046105 -0.001750962965033066 -0.0031118584141192457 0.0017185778057692514 0.0046879567168441405 0.0080248801250193801 -0.0015959322217043968 -0.0098818384304610839 0.0020579282240278992 0.001950769571932458 -0.0086794184240913154 -0.0087252280906337607 -0.0085245461208428037 -0.005992335674147138 -0.0090519479678628414 -0.00066774716628272164 -0.0090294598523283903 -0.0053724429611175439 0.0045056625362410322 0.014110809575545398 0.012363584082892985 0.0012125180047546161 -0.0021767878520573187 0.0060062314442172419 0.0046661496155731451 0.005575473479511147 -0.0027136338537476971 0.0071412099261287708 -0.0044622247025231333 0.0015362875509884772 8.4541353030795937e-05 0.0022974864702824346 0.0025944694381007899 -0.00085300920452766505 -0.0058456972706152424 0.00081567041640212318 -0.0075109474958451631 0.0093649565762040539 -0.00016437373320417364 -0.0022097752694518937 -0.00045098978492520459 -0.0079645786073344726 0.0045629120293586654 -0.0011004854483388843 0.0071406114560030529 0.0010292767991061324 -0.0086702529692864877 0.0042756085827284056 0.0091393439763738215 -0.011910398409537859 -0.0016489286745486468 -0.012737830569822762 0.0040040166443750559 0.0018844518550409257 0.0080885925138021765 -0.00095735045246958007 0.0010724799437136635 0.0093983466584850236 -0.0085916465119545912 0.0043286041799764693 -0.0016380680610084465 -0.0048202011843171133 -0.0026947624955392549 0.0044894137027802882 -0.0026751292138340621 -0.0017904143055960456 -0.0079114604284850395 -0.0043143593266853457 -0.010342337711414205 -0.003672536694256432 -0.0032649733251732156 -0.00077366067795408818 0.00659072493350428 -0.006912534825560957 -0.00057244939190409375 0.0017034050586446643 0.0037954590634836746 0.0054485681565493863 -0.00089549620254821124 -0.0035681201578502968 -0.010837388591184853 0.0048247805116431574 0.004199359899485256 0.0030058004345434501 0.0049903987596432641 -0.0074483722939622824 0.00016679931801518957 0.0095177950296783092 0.0044035728389517879 0.0021405185476207518 0.0038936721186245533 0.0092381357773587258 0.0071282053963388405 0.011670259031794654 -0.0087090814622293317 -0.016534508424970104 0.0061473356963123813 -0.0057126279879058262 0.017446062743657363 -0.0061226898116691665
leaf_weight=160.99219198524952 197.24236853420734 102.49520580470562 189.93496359884739 113.23764842748642 101.49018959701061 103.46370279788971 125.98955318331718 111.49380947649479 137.47648879885674 178.24439625442028 147.99596416950226 163.24138790369034 151.24234461784363 161.99079193174839 133.49443542957306 115.99395035207272 100.74530097842216 108.74433982372284 206.71979387104511 103.74090273678303 127.74336732923985 175.45373523235321 109.99542427062988 191.74515263736248 109.747090280056 137.24487690627575 101.98978334665298 197.99381665885448 160.24419960379601 125.49291482567787 110.98904678225517 100.48589713871479 121.23295174539089 140.49337337911129 195.98433753848076 171.2431904822588 131.99400629103184 158.98324202001095 145.99123297631741 125.2420617043972 132.49627414345741 149.49192383885384 194.74336697161198 130.49510887265205 138.74546889960766 130.23597824573517 188.23211893439293 106.74535475671291 104.74654515087605 101.47472414374352 143.9807146936655 103.2458316385746 118.99679221212864 116.24474261701107 102.74313347041607 171.48522040247917 186.24198806285858 101.24571517109871 110.74617546796799 110.47934916615486 123.99089562892914 105.24192477762699 142.7345285564661 181.99233555793762 144.98590426146984 127.24409480392933 132.99434424936771 173.48948659002781 161.74478819966316 101.74640177190304 169.24345073103905 100.74174891412258 154.49349227547646 143.4946247190237 109.72723802924156 177.99157086014748 122.49515651166439 107.99538670480251 188.98916159570217 198.99113836884499 169.23845872282982 103.48914635181427 193.74415734410286 147.49562419950962 123.24636276066303 161.98091568052769 196.98845702409744 102.9929945319891 158.74536716938019 105.99599559605122 109.49589908123016 107.74538370966911 120.99477794766426 111.99413007497787 145.24181869626045 141.74566484987736 106.24626792967319 108.99496169388294 136.74506795406342 168.74335609376431 120.4952457100153 99.993653297424316 171.49429100751877 169.49168020486832 131.74357734620571 190.48675292730331 119.49710415303707 100.99079325795174 140.9962500333786 166.24031081795692 99.994318753480911 163.49589182436466 100.24597775936127 110.99570918083191 199.49360318481922 100.4967497587204 168.2392323166132 102.24270631372929 161.74453061819077 182.9912440776825 102.24402523040771 195.48540061712265 138.74071225523949 103.49672803282738 122.99349029362202 99.996848493814468 100.99624130129814 101.74567954242229 104.49266783893108 197.48420211672783 111.99552702903748 136.49504965543747 106.74581508338451 112.24714578688145 152.73715244233608 109.49202466011047 103.24498221278191 103.24611146748066 179.49339152872562 101.24574929475784 101.47825694084167 349.40363471210003 107.98834450542927 105.99234883487225 165.23419716954231 115.98594550788403 158.98668457567692 127.49490198493004 102.74643343687057 103.24643558263779 121.49066802859306 110.99672473967075 118.74584379792213 108.73983779549599 116.9955168813467 100.7461721599102 100.48752707242966 100.2460663318634 196.99280275404453 189.97434923052788 99.995001256465912 102.24483992159367 115.49499675631523 109.74468903243542 131.74424454569817 104.2419576048851 133.48552241921425 155.23520264029503 192.74214224517345 118.99627014994621 173.49248245358467 130.24448674917221 107.74509850144386 126.2316232919693 143.74016061425209 105.49338102340698 112.99325224757195 102.74610833823681 105.74511873722076 124.99503868818283 134.73782509565353 146.98066300153732 156.23761266469955 103.99450117349625 187.99477355182171 114.73280382156372 192.74187938868999 159.74294416606426 141.24367871880531 118.24514521658421 127.74323257803917 139.24342909455299 102.24516639113426 102.74553883075714 108.74711953103542 142.24093554913998 144.74388863146305 104.99219600856304 100.99439705908298 101.74685849249363 102.49239818751812 101.24481040239334 128.24355210363865 159.23763298988342 129.4687974601984 102.9959732145071 99.994428306818008 102.98162758350372 100.99765917658806 146.99432271718979 100.49614888429642 100.49359978735447 108.98691260814667 106.48958675563335 120.23076929152012 208.97895450890064 103.99455736577511 263.67264451086521 103.98796306550503 117.24269983172417 179.39572218060493 103.99470633268356
leaf_count=644 789 410 760 453 406 414 504 446 550 713 592 653 605 648 534 464 403 435 827 415 511 702 440 767 439 549 408 792 641 502 444 402 485 562 784 685 528 636 584 501 530 598 779 522 555 521 753 427 419 406 576 413 476 465 411 686 745 405 443 442 496 421 571 728 580 509 532 694 647 407 677 403 618 574 439 712 490 432 756 796 677 414 775 590 493 648 788 412 635 424 438 431 484 448 581 567 425 436 547 675 482 400 686 678 527 762 478 404 564 665 400 654 401 444 798 402 673 409 647 732 409 782 555 414 492 400 404 407 418 790 448 546 427 449 611 438 413 413 718 405 406 1398 432 424 661 464 636 510 411 413 486 444 475 435 468 403 402 401 788 760 400 409 462 439 527 417 534 621 771 476 694 521 431 505 575 422 452 411 423 500 539 588 625 416 752 459 771 639 565 473 511 557 409 411 435 569 579 420 404 407 410 405 513 637 518 412 400 412 404 588 402 402 436 426 481 836 416 1055 416 469 718 416
internal_value=2.89539e-05 0.0026604 -0.00242993 0.00407791 0.0054243 0.00744806 -0.00369678 -0.000633265 0.000581763 -0.00313724 -0.00389997 -0.00594872 0.00209049 -0.00727345 0.000459306 0.00212912 0.00377387 -0.00121747 -0.00784369 -0.00661336 -0.000832189 0.00617231 0.00110714 -0.00184443 -0.00259965 -0.00341459 0.00701551 -0.000694877 0.00124729 -0.00250538 0.00185715 0.00752122 -0.0108875 -0.00533444 -0.0070282 0.00162483 0.000463135 -0.00953897 0.00308654 0.00365558 -0.0017882 -0.000771919 -0.00168021 0.00175724 -0.0044351 0.00453864 -0.000576862 0.00173386 0.00292907 -0.00970225 -0.0112037 0.00303038 -0.000317065 -0.00394391 -0.00118637 0.00409608 0.00328696 -4.72332e-06 0.00318611 0.00515955 0.00270129 0.00679167 0.00896933 0.00189332 -0.000162959 -0.00137851 0.0025512 -0.00738177 -0.00197182 0.000870198 -0.00234941 0.0025569 -0.00287381 -0.00410679 0.0098238 -0.00394422 0.00415156 0.00265892 0.00458122 0.00393452 0.0023641 0.00352914 -0.0010756 0.00161566 -0.00264766 -0.0052454 -0.00318513 0.00580961 -0.00397699 -0.00437607 0.0052665 -0.00272647 -0.00226228 -0.00423345 -0.000546619 -0.00117332 0.00138657 -0.00229073 -0.00141861 -0.000354952 -0.00146314 -0.00660627 0.00386223 -0.000571886 -0.00291101 0.0047829 0.000623567 0.00385612 -0.0041266 0.0048559 0.00605869 -0.000748226 -0.00150224 0.00200153 -0.000202429 -0.00588461 0.00156157 -5.27526e-05 -0.0018212 0.00414726 0.00200473 4.4728e-05 0.00510099 -0.00358861 -0.00267827 -0.00353338 0.000501044 0.00124618 -0.00556178 -0.00729191 -0.00182519 -0.00218618 -0.00312704 -0.0034743 -0.0052106 -0.00230941 -0.00271188 -0.00528897 -0.00665882 -0.00180753 0.0109587 0.0118867 0.00801262 0.00582843 0.00361988 0.00738544 0.0012549 0.00259282 0.00134682 0.0033999 0.000686632 -0.0020922 -0.00362041 -0.00124154 -0.000883636 0.00366395 -0.012569 -0.00383551 -0.00511475 0.00626299 -0.00316189 -0.00136033 -0.00517422 -0.00458382 0.00166252 0.00158393 0.00372197 -0.00199956 -0.00480598 0.000958907 0.00638028 -0.0062813 -0.00762269 -0.00717371 0.00145916 -0.0015988 0.00485822 0.003011 0.00488747 0.00480826 -0.00561677 0.00814615 -0.00478243 -0.00983251 -0.0053534 0.00939192 -0.00522459 -0.00351888 -0.0049768 -0.00163789 -0.00595158 -0.00717427 -0.00019617 -0.00426889 0.00391128 -0.00612401 -0.00396047 0.0052926 0.00840727 0.00263979 0.00213944 -0.00787438 -0.00831753 0.008635 0.00779965 0.0069858 0.00244137 -0.0137135 -0.00281574 0.00705791 0.00193279 0.00533115 0.0077396 0.00694146 0.0112773 0.0101141 -0.00670097 -0.0150019 0.010107 -0.00894677 0.015351 -0.0100246
internal_weight=29903.3 14444 15459.3 8576.27 5092.04 2255.77 9054.05 6405.23 5867.73 7631.48 5446.83 2708.94 3484.23 1940.24 4127.32 2646.59 2836.27 2184.66 1814.25 1422.57 886.453 1972.91 3466.85 2737.89 2277.91 1844.93 1639.94 3221.15 2156.64 768.703 332.967 1537.95 311.168 804.924 561.687 3063.12 1771.17 365.703 2597.78 2248.56 2006.41 1468.44 1215.7 484.483 537.975 529.683 349.224 1201.7 252.743 1009.33 712.597 855.712 3023.15 731.216 243.237 2735.53 870.705 287.488 1291.94 1192.38 496.966 695.416 1008.27 1056.18 1285.94 894.964 390.974 282.234 1087.72 432.984 2485.14 356.976 660.471 526.976 865.532 605.461 1012.46 694.218 484.977 745.716 546.725 629.699 925.974 341.24 584.734 1111.4 562.959 489.943 1707.68 1597.93 239.991 2293.4 2081.66 720.215 266.237 1361.44 412.235 949.208 242.991 279.49 345.986 333.481 443.479 426.477 256.986 2138.32 1935.44 349.973 465.737 583.217 467.223 974.469 397.735 960.967 420.738 324.741 597.202 425.717 744.479 1824.86 581.214 378.477 1243.64 1363.69 1080.7 921.959 223.99 437.481 427.47 301.977 244.492 569.476 529.476 463.738 365.97 213.233 403.733 206.491 282.99 209.241 690.078 588.6 313.466 1053.16 462.962 590.195 324.221 229.99 274.241 252.738 372.975 222.491 239.241 219.729 255.741 540.229 568.617 457.483 357.237 399.447 807.462 443.729 363.733 209.74 233.989 419.72 237.727 323.474 697.969 280.741 362.482 453.978 341.984 548.445 244.731 226.984 257.979 310.237 207.491 429.233 296.729 284.457 318.219 230.226 300.242 345.443 299.488 432.981 300.987 218.242 383.482 248.238 229.989 202.992 210.494 479.727 286.985 205.734 267.235 221.244 205.485 228.988 234.24 484.203 239.196 227.991 199.989 468.129 201.494 318.238 201.242 202.738 298.961 209.979 230.71 324.965 211.74 365.147 211.976 217.236 282.859 234.239
internal_count=119622 57781 61841 34309 20371 9025 36219 25622 23472 30528 21789 10837 13938 7762 16510 10587 11346 8739 7258 5691 3546 7893 13868 10952 9112 7380 6561 12885 8627 3075 1332 6153 1245 3220 2247 12253 7085 1463 10392 8995 8026 5874 4863 1938 2152 2119 1397 4807 1011 4038 2851 3423 12093 2925 973 10943 3483 1150 5168 4770 1988 2782 4034 4225 5144 3580 1564 1129 4351 1732 9941 1428 2642 2108 3463 2422 4050 2777 1940 2983 2187 2519 3704 1365 2339 4446 2252 1960 6831 6392 960 9174 8327 2881 1065 5446 1649 3797 972 1118 1384 1334 1774 1706 1028 8554 7742 1400 1863 2333 1869 3898 1591 3844 1683 1299 2389 1703 2978 7300 2325 1514 4975 5455 4323 3688 896 1750 1710 1208 978 2278 2118 1855 1464 853 1615 826 1132 837 2761 2355 1254 4213 1852 2361 1297 920 1097 1011 1492 890 957 879 1023 2161 2275 1830 1429 1598 3230 1775 1455 839 936 1679 951 1294 2792 1123 1450 1816 1368 2194 979 908 1032 1241 830 1717 1187 1138 1273 921 1201 1382 1198 1732 1204 873 1534 993 920 812 842 1919 1148 823 1069 885 822 916 937 1937 957 912 800 1873 806 1273 805 811 1196 840 923 1300 847 1461 848 869 1132 937
is_linear=0
shrinkage=0.02


end of trees

feature_importances:
Column_330=26
Column_90=22
Column_86=17
Column_76=15
Column_329=15
Column_42=14
Column_17=13
Column_100=11
Column_108=11
Column_161=11
Column_210=11
Column_1=10
Column_12=10
Column_16=10
Column_35=10
Column_62=10
Column_74=10
Column_194=10
Column_249=10
Column_19=9
Column_22=9
Column_27=9
Column_92=9
Column_110=9
Column_132=9
Column_202=9
Column_287=9
Column_51=8
Column_73=8
Column_87=8
Column_89=8
Column_114=8
Column_122=8
Column_124=8
Column_141=8
Column_177=8
Column_312=8
Column_10=7
Column_24=7
Column_28=7
Column_32=7
Column_41=7
Column_57=7
Column_78=7
Column_84=7
Column_106=7
Column_129=7
Column_130=7
Column_173=7
Column_203=7
Column_246=7
Column_251=7
Column_289=7
Column_314=7
Column_323=7
Column_325=7
Column_3=6
Column_29=6
Column_33=6
Column_64=6
Column_71=6
Column_75=6
Column_81=6
Column_91=6
Column_94=6
Column_95=6
Column_99=6
Column_127=6
Column_144=6
Column_152=6
Column_178=6
Column_198=6
Column_241=6
Column_252=6
Column_270=6
Column_334=6
Column_7=5
Column_39=5
Column_40=5
Column_44=5
Column_50=5
Column_66=5
Column_70=5
Column_88=5
Column_93=5
Column_126=5
Column_167=5
Column_204=5
Column_211=5
Column_235=5
Column_255=5
Column_273=5
Column_282=5
Column_291=5
Column_303=5
Column_310=5
Column_311=5
Column_320=5
Column_322=5
Column_5=4
Column_11=4
Column_20=4
Column_38=4
Column_47=4
Column_49=4
Column_54=4
Column_60=4
Column_123=4
Column_133=4
Column_134=4
Column_137=4
Column_140=4
Column_158=4
Column_171=4
Column_179=4
Column_182=4
Column_200=4
Column_208=4
Column_234=4
Column_247=4
Column_277=4
Column_278=4
Column_280=4
Column_285=4
Column_296=4
Column_315=4
Column_318=4
Column_0=3
Column_6=3
Column_9=3
Column_13=3
Column_15=3
Column_18=3
Column_23=3
Column_25=3
Column_31=3
Column_36=3
Column_55=3
Column_58=3
Column_68=3
Column_98=3
Column_113=3
Column_120=3
Column_121=3
Column_125=3
Column_138=3
Column_156=3
Column_160=3
Column_170=3
Column_176=3
Column_184=3
Column_196=3
Column_214=3
Column_224=3
Column_240=3
Column_248=3
Column_274=3
Column_276=3
Column_279=3
Column_286=3
Column_293=3
Column_294=3
Column_300=3
Column_308=3
Column_2=2
Column_30=2
Column_34=2
Column_46=2
Column_48=2
Column_52=2
Column_65=2
Column_79=2
Column_80=2
Column_82=2
Column_83=2
Column_97=2
Column_102=2
Column_118=2
Column_128=2
Column_139=2
Column_146=2
Column_151=2
Column_164=2
Column_168=2
Column_169=2
Column_172=2
Column_175=2
Column_199=2
Column_201=2
Column_206=2
Column_209=2
Column_232=2
Column_238=2
Column_245=2
Column_254=2
Column_272=2
Column_281=2
Column_284=2
Column_316=2
Column_321=2
Column_324=2
Column_4=1
Column_21=1
Column_37=1
Column_43=1
Column_45=1
Column_56=1
Column_63=1
Column_67=1
Column_69=1
Column_72=1
Column_85=1
Column_109=1
Column_112=1
Column_135=1
Column_136=1
Column_142=1
Column_150=1
Column_163=1
Column_166=1
Column_188=1
Column_189=1
Column_205=1
Column_216=1
Column_220=1
Column_222=1
Column_226=1
Column_227=1
Column_243=1
Column_250=1
Column_258=1
Column_260=1
Column_264=1
Column_266=1
Column_283=1
Column_290=1
Column_292=1
Column_313=1
Column_317=1
Column_328=1
Column_331=1
Column_333=1

parameters:
[boosting: gbdt]
[objective: binary]
[metric: auc]
[tree_learner: serial]
[device_type: cpu]
[data_sample_strategy: bagging]
[data: ]
[valid: ]
[num_iterations: 800]
[learning_rate: 0.02]
[num_leaves: 255]
[num_threads: 16]
[seed: 2]
[deterministic: 1]
[force_col_wise: 1]
[force_row_wise: 0]
[histogram_pool_size: -1]
[max_depth: -1]
[min_data_in_leaf: 400]
[min_sum_hessian_in_leaf: 0.001]
[bagging_fraction: 0.8]
[pos_bagging_fraction: 1]
[neg_bagging_fraction: 1]
[bagging_freq: 1]
[bagging_seed: 2]
[bagging_by_query: 0]
[feature_fraction: 0.5]
[feature_fraction_bynode: 1]
[feature_fraction_seed: 2]
[extra_trees: 0]
[extra_seed: 19650]
[early_stopping_round: 0]
[early_stopping_min_delta: 0]
[first_metric_only: 0]
[max_delta_step: 0]
[lambda_l1: 0]
[lambda_l2: 20]
[linear_lambda: 0]
[min_gain_to_split: 0]
[drop_rate: 0.1]
[max_drop: 50]
[skip_drop: 0.5]
[xgboost_dart_mode: 0]
[uniform_drop: 0]
[drop_seed: 24198]
[top_rate: 0.2]
[other_rate: 0.1]
[min_data_per_group: 100]
[max_cat_threshold: 32]
[cat_l2: 10]
[cat_smooth: 10]
[max_cat_to_onehot: 4]
[top_k: 20]
[monotone_constraints: ]
[monotone_constraints_method: basic]
[monotone_penalty: 0]
[feature_contri: ]
[forcedsplits_filename: ]
[refit_decay_rate: 0.9]
[cegb_tradeoff: 1]
[cegb_penalty_split: 0]
[cegb_penalty_feature_lazy: ]
[cegb_penalty_feature_coupled: ]
[path_smooth: 0]
[interaction_constraints: ]
[verbosity: -1]
[saved_feature_importance_type: 0]
[use_quantized_grad: 0]
[num_grad_quant_bins: 4]
[quant_train_renew_leaf: 0]
[stochastic_rounding: 1]
[linear_tree: 0]
[max_bin: 255]
[max_bin_by_feature: ]
[min_data_in_bin: 3]
[bin_construct_sample_cnt: 200000]
[data_random_seed: 2]
[is_enable_sparse: 1]
[enable_bundle: 1]
[use_missing: 1]
[zero_as_missing: 0]
[feature_pre_filter: 1]
[pre_partition: 0]
[two_round: 0]
[header: 0]
[label_column: ]
[weight_column: ]
[group_column: ]
[ignore_column: ]
[categorical_feature: ]
[forcedbins_filename: ]
[precise_float_parser: 0]
[parser_config_file: ]
[objective_seed: 29484]
[num_class: 1]
[is_unbalance: 0]
[scale_pos_weight: 1]
[sigmoid: 1]
[boost_from_average: 1]
[reg_sqrt: 0]
[alpha: 0.9]
[fair_c: 1]
[poisson_max_delta_step: 0.7]
[tweedie_variance_power: 1.5]
[lambdarank_truncation_level: 30]
[lambdarank_norm: 1]
[label_gain: ]
[lambdarank_position_bias_regularization: 0]
[eval_at: ]
[multi_error_top_k: 1]
[auc_mu_weights: ]
[num_machines: 1]
[local_listen_port: 12400]
[time_out: 120]
[machine_list_filename: ]
[machines: ]
[gpu_platform_id: -1]
[gpu_device_id: -1]
[gpu_use_dp: 0]
[num_gpu: 1]

end of parameters

pandas_categorical:null
