tree
version=v4
num_class=1
num_tree_per_iteration=1
label_index=0
max_feature_idx=238
objective=binary sigmoid:1
feature_names=1m_ret_1 1m_ret_3 1m_ret_6 1m_ret_12 1m_ret_24 1m_dist_ema10 1m_above_ema10 1m_dist_ema20 1m_above_ema20 1m_dist_ema50 1m_above_ema50 1m_dist_ema100 1m_above_ema100 1m_ema20_slope 1m_ema_fast_slow 1m_rsi 1m_rsi_rising 1m_rsi_ob 1m_rsi_os 1m_macd_hist 1m_macd_pos 1m_bb_pctb 1m_bb_width 1m_rv_12 1m_rv_24 1m_atr_pct 1m_rangepos_12 1m_dist_hi_12 1m_dist_lo_12 1m_rangepos_24 1m_dist_hi_24 1m_dist_lo_24 1m_rangepos_48 1m_dist_hi_48 1m_dist_lo_48 1m_slope_20 1m_autocorr_10 1m_upfrac_10 5m_ret_1 5m_ret_3 5m_ret_6 5m_ret_12 5m_ret_24 5m_dist_ema10 5m_above_ema10 5m_dist_ema20 5m_above_ema20 5m_dist_ema50 5m_above_ema50 5m_dist_ema100 5m_above_ema100 5m_ema20_slope 5m_ema_fast_slow 5m_rsi 5m_rsi_rising 5m_rsi_ob 5m_rsi_os 5m_macd_hist 5m_macd_pos 5m_bb_pctb 5m_bb_width 5m_rv_12 5m_rv_24 5m_atr_pct 5m_rangepos_12 5m_dist_hi_12 5m_dist_lo_12 5m_rangepos_24 5m_dist_hi_24 5m_dist_lo_24 5m_rangepos_48 5m_dist_hi_48 5m_dist_lo_48 5m_slope_20 5m_autocorr_10 5m_upfrac_10 15m_ret_1 15m_ret_3 15m_ret_6 15m_ret_12 15m_ret_24 15m_dist_ema10 15m_above_ema10 15m_dist_ema20 15m_above_ema20 15m_dist_ema50 15m_above_ema50 15m_dist_ema100 15m_above_ema100 15m_ema20_slope 15m_ema_fast_slow 15m_rsi 15m_rsi_rising 15m_rsi_ob 15m_rsi_os 15m_macd_hist 15m_macd_pos 15m_bb_pctb 15m_bb_width 15m_rv_12 15m_rv_24 15m_atr_pct 15m_rangepos_12 15m_dist_hi_12 15m_dist_lo_12 15m_rangepos_24 15m_dist_hi_24 15m_dist_lo_24 15m_rangepos_48 15m_dist_hi_48 15m_dist_lo_48 15m_slope_20 15m_autocorr_10 15m_upfrac_10 30m_ret_1 30m_ret_3 30m_ret_6 30m_ret_12 30m_ret_24 30m_dist_ema10 30m_above_ema10 30m_dist_ema20 30m_above_ema20 30m_dist_ema50 30m_above_ema50 30m_dist_ema100 30m_above_ema100 30m_ema20_slope 30m_ema_fast_slow 30m_rsi 30m_rsi_rising 30m_rsi_ob 30m_rsi_os 30m_macd_hist 30m_macd_pos 30m_bb_pctb 30m_bb_width 30m_rv_12 30m_rv_24 30m_atr_pct 30m_rangepos_12 30m_dist_hi_12 30m_dist_lo_12 30m_rangepos_24 30m_dist_hi_24 30m_dist_lo_24 30m_rangepos_48 30m_dist_hi_48 30m_dist_lo_48 30m_slope_20 30m_autocorr_10 30m_upfrac_10 1h_ret_1 1h_ret_3 1h_ret_6 1h_ret_12 1h_ret_24 1h_dist_ema10 1h_above_ema10 1h_dist_ema20 1h_above_ema20 1h_dist_ema50 1h_above_ema50 1h_dist_ema100 1h_above_ema100 1h_ema20_slope 1h_ema_fast_slow 1h_rsi 1h_rsi_rising 1h_rsi_ob 1h_rsi_os 1h_macd_hist 1h_macd_pos 1h_bb_pctb 1h_bb_width 1h_rv_12 1h_rv_24 1h_atr_pct 1h_rangepos_12 1h_dist_hi_12 1h_dist_lo_12 1h_rangepos_24 1h_dist_hi_24 1h_dist_lo_24 1h_rangepos_48 1h_dist_hi_48 1h_dist_lo_48 1h_slope_20 1h_autocorr_10 1h_upfrac_10 4h_ret_1 4h_ret_3 4h_ret_6 4h_ret_12 4h_ret_24 4h_dist_ema10 4h_above_ema10 4h_dist_ema20 4h_above_ema20 4h_dist_ema50 4h_above_ema50 4h_dist_ema100 4h_above_ema100 4h_ema20_slope 4h_ema_fast_slow 4h_rsi 4h_rsi_rising 4h_rsi_ob 4h_rsi_os 4h_macd_hist 4h_macd_pos 4h_bb_pctb 4h_bb_width 4h_rv_12 4h_rv_24 4h_atr_pct 4h_rangepos_12 4h_dist_hi_12 4h_dist_lo_12 4h_rangepos_24 4h_dist_hi_24 4h_dist_lo_24 4h_rangepos_48 4h_dist_hi_48 4h_dist_lo_48 4h_slope_20 4h_autocorr_10 4h_upfrac_10 mtf_trend_align mtf_rsi_mean hour_sin hour_cos dow sess_london sess_ny sess_overlap vol_z zero_vol gap_prev
feature_infos=[-0.0047601130791008472:0.0049657081253826618] [-0.0046926978975534439:0.00976573396474123] [-0.0090129589661955833:0.0102727971971035] [-0.010452034883201122:0.01005211379379034] [-0.01044828724116087:0.0098748486489057541] [-0.0042883618734776974:0.0051507693715393543] [0:1] [-0.0062187542207539082:0.0069099729880690575] [0:1] [-0.0078764725476503372:0.0083025442436337471] [0:1] [-0.0092877289280295372:0.0088810240849852562] [0:1] [-0.00065870204707607627:0.00072237401036545634] [-0.0057377209886908531:0.0049088234081864357] [-0.99826985597610474:0.96749764680862427] [0:1] [0:1] [0:1] [-0.0010971451411023736:0.0012245834805071354] [0:1] [-2.1242644786834717:2.1112685203552246] [0:0.020119849592447281] [0:0.003034522058442235] [0:0.0021456643007695675] [6.6488858863067435e-08:0.0015156058361753821] [0:1] [-0.010641127824783325:0] [0:0.010347693227231503] [0:1] [-0.010848676785826683:0] [0:0.011100043542683125] [0:1] [-0.016486255452036858:0] [0:0.014207072556018829] [-0.00077867467189207673:0.00072221097070723772] [-0.91694658994674683:0.87350797653198242] [0:1] [-0.0091865397989749908:0.0098886694759130478] [-0.0096908630803227425:0.0099241258576512337] [-0.012678633444011211:0.011398326605558395] [-0.016300477087497711:0.013146467506885529] [-0.022571707144379616:0.015032521449029446] [-0.0086700841784477234:0.0078297201544046402] [0:1] [-0.011656287126243114:0.0083646150305867195] [0:1] [-0.016958029940724373:0.0088758058845996857] [0:1] [-0.020767152309417725:0.013169415295124054] [0:1] [-0.001241448218934238:0.00087318196892738342] [-0.00849924236536026:0.0070934165269136429] [-0.89987677335739136:0.92370229959487915] [0:1] [0:1] [0:1] [-0.0012916489504277706:0.0011466793948784471] [0:1] [-2.1242644786834717:2.1237461566925049] [9.3579934912213503e-08:0.027028033509850502] [0:0.0036363997496664524] [3.146894414385315e-06:0.0027977407444268465] [3.2693722459953278e-05:0.0027693354059010744] [0:1] [-0.016621142625808716:0] [0:0.014776830561459064] [0:1] [-0.023579597473144531:0] [0:0.014776830561459064] [0:1] [-0.025573905557394028:0] [0:0.025926278904080391] [-0.0010883494978770614:0.0008055766811594367] [-0.95220941305160522:0.85774290561676025] [0:1] [-0.0096570542082190514:0.010179473087191582] [-0.015643978491425514:0.011371937580406666] [-0.016440419480204582:0.013679125346243382] [-0.018945783376693726:0.02467452734708786] [-0.022442838177084923:0.025271102786064148] [-0.010239150375127792:0.0079987412318587303] [0:1] [-0.013254621066153049:0.0090872431173920631] [0:1] [-0.017076916992664337:0.016130581498146057] [0:1] [-0.019376678392291069:0.022673513740301132] [0:1] [-0.0014139647828415036:0.00094793777680024505] [-0.010147488676011562:0.012567578814923763] [-1:0.89447236061096191] [0:1] [0:1] [0:1] [-0.0018397248350083828:0.0014453759649768472] [0:1] [-2.0484111309051514:2.0976753234863281] [0.00012361099652480334:0.045784279704093933] [2.2911603082320653e-05:0.0050758877769112587] [6.2886654632166028e-05:0.0037262900732457638] [0.00011413869651732966:0.0037052375264465809] [0:1] [-0.019803183153271675:0] [0:0.024708494544029236] [0:1] [-0.02334371954202652:0] [0:0.025955293327569962] [0:1] [-0.025672189891338348:0] [0:0.031327221542596817] [-0.0012852518120780587:0.001755634555593133] [-0.97756457328796387:0.81600826978683472] [0:1] [-0.012678633444011211:0.011398326605558395] [-0.015066654421389103:0.013616117648780346] [-0.018945783376693726:0.02467452734708786] [-0.022442838177084923:0.025271102786064148] [-0.023355161771178246:0.031123673543334007] [-0.011435947380959988:0.0090312566608190536] [0:1] [-0.015724968165159225:0.013602371327579021] [0:1] [-0.019220160320401192:0.022270917892456055] [0:1] [-0.020199013873934746:0.030536849051713943] [0:1] [-0.0016817045398056507:0.0014126136666163802] [-0.0096239205449819565:0.014004479162395] [-1:0.98585313558578491] [0:1] [0:1] [0:1] [-0.002258233493193984:0.0026559699326753616] [0:1] [-2.0532963275909424:2.0652632713317871] [0.00048477316158823669:0.04701460525393486] [7.2533672209829092e-05:0.0056228302419185638] [0.00015473979874514043:0.004041584674268961] [0.00024305250553879887:0.0044331974349915981] [0:1] [-0.02334371954202652:0] [0:0.025955293327569962] [0:1] [-0.025672189891338348:0] [0:0.031327221542596817] [0:1] [-0.026704484596848488:0] [0:0.032572060823440552] [-0.0013764434261247516:0.0017122053541243076] [-0.861053466796875:0.7949906587600708] [0:1] [-0.013473390601575375:0.013146467506885529] [-0.018073238432407379:0.02467452734708786] [-0.01999816857278347:0.025271102786064148] [-0.02335110679268837:0.029080731794238091] [-0.026451876387000084:0.025329170748591423] [-0.012446451000869274:0.013454782776534557] [0:1] [-0.015117415226995945:0.018162796273827553] [0:1] [-0.016481978818774223:0.02854226715862751] [0:1] [-0.021481715142726898:0.038582269102334976] [0:1] [-0.0016157325590029359:0.0018777678487822413] [-0.011182162910699844:0.017560325562953949] [-1:0.97403985261917114] [0:1] [0:1] [0:1] [-0.0024646876845508814:0.0024988560471683741] [0:1] [-2.0825214385986328:2.0530576705932617] [0.00087480817455798388:0.045161057263612747] [0.0001487297413405031:0.0057542896829545498] [0.00020438471983652562:0.0043717129155993462] [0.00039376434870064259:0.0056537478230893612] [0:1] [-0.024446610361337662:0] [0:0.029189566150307655] [0:1] [-0.026557585224509239:0] [0:0.030359178781509399] [0:1] [-0.033338617533445358:0] [0:0.045569963753223419] [-0.001428161165677011:0.0016072508879005909] [-0.78614550828933716:0.79008340835571289] [0:1] [-0.01918734610080719:0.025490634143352509] [-0.02335110679268837:0.029080731794238091] [-0.026451876387000084:0.025329170748591423] [-0.032186228781938553:0.043656226247549057] [-0.036366626620292664:0.051285766065120697] [-0.015344296582043171:0.023368276655673981] [0:1] [-0.017727617174386978:0.033448372036218643] [0:1] [-0.022986294701695442:0.050262145698070526] [0:1] [-0.03074539452791214:0.06530163437128067] [0:1] [-0.0018997428705915809:0.0034069251269102097] [-0.015270685777068138:0.029241727665066719] [-1:0.98057371377944946] [0:1] [0:1] [0:1] [-0.0032722549512982368:0.0028642439283430576] [0:1] [-2.0003573894500732:1.8930500745773315] [0.0016616093926131725:0.068601295351982117] [0.00033401916152797639:0.0077049839310348034] [0.00050599244423210621:0.0069527914747595787] [0.00090450019342824817:0.0090599935501813889] [0:1] [-0.033302575349807739:0] [0:0.045569963753223419] [0:1] [-0.037840496748685837:0] [0:0.062994733452796936] [0:1] [-0.046793989837169647:0] [0:0.079842574894428253] [-0.0021051345393061638:0.0027193836867809296] [-0.73658275604248047:0.71351420879364014] [0:1] [0:1] [-0.68275517225265503:0.70897340774536133] [-1:1.2246468525851679e-16] [-1:0.86383551359176636] [0:6] [0:1] [0:1] [0:1] [-3.7684624195098877:7.5148086547851562] [0:1] none
tree_sizes=14502 14597 14630 14684 14629 14595 14592 14622 14629 14603 14678 14609 14621 14618 14644 14648 14627 14658 14647 14656 14655 14616 14620 14655 14631 14692 14637 14640 14619 14656 14615 14697 14616 14612 14632 14669 14675 14663 14655 14621 14658 14686 14638 14659 14651 14628 14607 14640 14662

Tree=0
num_leaves=127
num_cat=0
split_feature=9 7 5 201 182 5 97 233 137 27 9 9 95 185 136 196 191 137 74 174 105 95 25 133 194 174 144 99 25 222 223 74 26 137 133 152 117 150 215 146 147 74 152 52 24 218 211 3 110 27 148 143 219 227 136 105 0 76 57 229 193 201 148 33 201 157 142 102 97 114 89 106 215 76 171 157 147 109 215 89 174 95 136 105 229 4 214 212 4 150 136 211 214 223 76 118 149 157 147 74 24 76 133 218 110 157 52 24 25 191 32 117 146 182 99 5 0 127 57 174 150 175 117 215 114 148
split_gain=464.732 75.6194 48.4945 30.632 29.0852 31.1999 34.5019 26.4783 23.1955 25.0514 22.2579 21.5978 21.5408 20.0061 19.5214 17.9014 17.4467 16.9845 20.0256 16.5546 16.3952 15.9876 15.7227 18.1457 15.5171 17.083 15.3978 15.1202 14.9239 13.8343 22.3343 18.4192 14.6836 13.6608 13.5931 13.3601 13.2821 13.0215 14.3182 12.884 12.4925 17.7681 15.8357 12.9534 15.6982 13.7212 18.5559 14.7306 14.2359 12.6823 13.9995 17.9322 13.9034 12.4822 12.3738 12.4443 12.2881 12.2467 12.7234 12.1747 12.1699 11.874 11.7411 12.1888 11.7164 12.9149 13.6774 12.9312 13.0581 12.8471 11.7665 11.709 11.6948 11.6702 11.5033 11.4959 14.6698 18.1634 11.6961 11.5627 11.4821 11.4602 11.3687 11.9664 11.355 11.256 11.1369 11.1016 12.7905 11.0856 13.1782 12.8958 12.0368 11.0851 11.7833 11.071 10.9388 13.8296 11.0147 10.9188 10.9088 10.751 10.6889 10.6136 10.5465 19.0594 10.5025 11.3704 10.8428 10.4772 10.4024 10.3957 12.2655 16.8886 16.2028 12.5573 10.5833 10.9704 10.3763 13.5965 15.3225 12.2659 12.1946 12.3982 11.9717 11.4301
threshold=-5.8733623973239438e-06 5.0677608669502667e-05 1.5843919754843231e-05 0.0052067281212657699 -0.009580140467733143 0.00013156334898667413 0.34996864199638372 1.0000000180025095e-35 0.00065780407749116432 -0.00040064341737888748 -0.00026319881726521993 -0.000129576088511385 -1.0734633178799411e-05 -0.0012271164450794456 0.0040638481732457885 1.0000000180025095e-35 0.0066041627433151015 0.00025691070186439907 -0.18298584222793576 0.0025750199565663938 0.095166090875864043 6.4814823872438873e-06 0.00014585528697352859 -0.00012273612810531628 -0.0054237963631749144 0.0058438943233340987 -0.007362343603745102 0.00072654156247153889 0.00021360845857998359 0.1706550791859627 -0.010140899103134869 0.081309314817190184 0.68633252382278453 0.00024530314840376383 7.442534115398304e-05 0.00046693194599356508 0.00046678214857820427 -0.14613170176744458 0.0025209116283804183 0.7508889138698579 -0.0038253172533586617 0.29204501211643225 0.00083697427180595707 0.00015842860011616724 5.4359861678676687e-05 0.0045357367489486941 -0.3633978515863418 -3.8284179026959455e-06 0.0026648675557225947 -0.00023234588297782463 0.0021192264975979929 0.31913787126541143 0.46132932603359228 0.65000000596046459 0.0014779028133489194 0.74252185225486766 2.0485579625528775e-05 -3.9068629575922378e-06 -1.0652782748366006e-05 -0.14593925327062604 0.0080195395275950449 -0.0036043162690475579 0.00085647543892264377 -0.00017722622578730804 -0.017853491939604279 -0.0024251597933471199 0.00093163963174447428 0.55561336874961864 0.074218358844518675 9.9740969744743793e-05 -6.178312833071685e-05 -0.00082016605301760126 0.0018564746715128424 -0.00014158309204503891 -4.9782764108385884e-05 -0.00032272374664898956 -0.0022444325732067223 -0.0017991818021982906 0.0027747937710955743 1.8636795175552837e-05 0.0038724079495295887 -8.6040422502264829e-06 0.0066891678143292674 0.36919480562210089 -0.18035408854484555 0.00081523021799512218 0.0022165373666211967 0.023576716892421249 0.00029594881925731903 -0.043861575424671166 0.0015702254022471609 0.37928873300552374 0.0014923142152838411 -0.023202395997941491 0.00031672831391915684 0.0061177017632871875 7.5448955612955628e-05 1.9133663954562511e-05 -0.0020502666011452671 -0.22217741608619687 8.4106159192742793e-05 -8.817084381007588e-05 3.4149778002756655e-05 0.0053903020452708015 0.0022952259751036768 0.0002539755951147527 -0.00070874110679142166 6.5601630922174095e-05 5.7862875110004104e-05 0.00019606998830568048 0.890648514032364 -0.0019499819027259944 0.76251694560050975 -0.00091774843167513598 0.00058987774536944937 -0.00017661620222497729 -9.0952712525904627e-06 -0.00023381195205729452 -1.3252602002467027e-05 0.005213275086134673 0.16732782870531085 0.00078419386409223091 0.00060886202845722448 0.0024210890987887983 -0.00046881524031050498 0.00099326542112976334
decision_type=2 2 2 8 10 2 10 2 8 2 2 2 2 8 10 10 8 10 10 10 10 2 2 2 8 8 10 10 2 8 10 10 2 10 2 8 8 10 10 10 8 10 10 2 2 8 8 2 10 2 10 10 10 8 10 10 2 2 2 2 8 10 8 2 8 2 8 8 10 2 2 10 10 2 2 2 10 10 10 2 10 2 10 10 2 2 8 8 2 10 10 8 8 10 2 10 10 2 10 10 2 2 2 10 10 2 2 2 2 10 2 10 10 10 10 2 2 2 2 10 10 10 10 10 2 10
left_child=2 16 3 8 12 6 57 14 11 80 28 17 -3 89 21 -16 20 19 86 -1 -2 96 23 53 104 -26 -22 75 74 32 61 33 -8 -32 -25 36 -23 38 -12 -15 42 43 49 87 81 46 48 -48 -46 -28 51 59 -52 -17 -20 118 -14 58 71 84 -24 -31 106 -64 -11 -66 70 69 -69 -68 -67 -6 -33 -35 -9 78 77 79 -7 -77 -10 -45 83 110 -51 -75 109 88 -42 91 -91 -13 -93 -65 102 103 97 98 99 -5 -36 -60 -95 -47 -4 -106 -59 108 -108 -19 -80 116 114 -114 -113 -116 117 -82 119 120 124 -121 123 -123 -56 -120
right_child=1 4 24 7 5 27 29 10 9 64 37 13 56 39 15 22 -18 18 54 -21 26 35 60 34 25 -27 40 -29 -30 30 31 72 -34 73 100 -37 -38 -39 -40 -41 41 -43 -44 44 45 95 47 -49 -50 50 52 -53 -54 -55 55 -57 -58 62 101 -61 -62 -63 63 93 65 66 67 68 -70 -71 -72 -73 -74 85 -76 76 -78 -79 82 -81 111 -83 -84 -85 -86 -87 -88 -89 -90 90 -92 92 -94 94 -96 -97 -98 -99 -100 -101 -102 -103 -104 -105 105 -107 107 -109 -110 -111 -112 112 113 -115 115 -117 -118 -119 125 121 -122 122 -124 -125 -126 -127
leaf_value=0.01276396507219037 0.011926177644919364 0.012579175103399039 0.0092684944960233807 0.0036433258731551448 0.0068252274674554967 -0.0026023450704610474 0.0035198892799105865 0.0053962803002759116 0.0051942357332110676 0.012176129748534398 0.0022182002486242644 0.0091514293696482469 0.00182868260515647 0.017438572228736654 0.013779144230326048 0.0086580471382298168 0.00075931938657703476 0.011538666156772404 0.00360358219954654 0.0043462374041992671 0.0094082758913518819 0.0045694998709355115 -0.0003659497118355436 0.014015585080366615 0.0033161208154174598 0.0064646493737865558 0.00585541570904001 0.0043917032441051149 0.0030062666884051962 0.0027798957109889198 0.005862673463076157 0.01024151356836803 -0.0030930646872042011 0.0058285096887433973 0.0047773427993438597 0.0085490950633911739 -0.0033191646645100333 0.0014511419319133845 0.0087875319131023866 0.0098096471285885958 0.0065912904828498275 -0.00014458994152034398 0.008015103680202109 0.0063243203531099697 -0.0011775811530407793 -9.6078955923546358e-06 0.012297458020604037 0.0058311551153547485 0.0075072178876574658 0.0024496754187072005 -0.0044443363209254842 0.010121306748858982 0.0041678446345621359 0.0012942027727356389 0.0098334297244234512 0.0060850535767464379 0.0076374659893646991 0.0074755437493360128 0.0034990659901676649 0.00030340120505902967 0.0084752545019717851 0.0072949514917485673 0.0038843656767075566 0.011907802250247183 0.0012110112014955222 0.0070009911091626926 0.0051952503997146661 0.012723314197799058 0.0059761284292868255 -0.00011228823492505195 0.013415509942731236 0.00076369029019540072 0.0033079328539625469 -0.00076993385252451235 0.010271241358086897 0.0047640815132430738 0.00048622788775654242 0.0094647552243349014 0.0053587147137130232 -0.00025929965142757003 0.0088528325607328748 0.0015341246555163257 -0.0020716254584202528 0.0086603617453840792 0.0099411150108739479 0.006064674827341408 0.0079600927324760731 0.00081023231381515196 0.011910598681550318 5.4861989268607803e-05 0.0068268470901472018 0.0086482697047977376 0.00067287141574067649 0.0062087423104404127 0.0090285423289600784 0.0096344078677603334 0.0042265646495449512 0.011410968088998491 0.0012266113610767968 0.010336653606537825 0.012535593828751211 -0.00034158109250291384 0.0022255456353576708 0.0048353705880035845 -0.00060838590215340181 0.0095280379044775931 0.00097035435376626941 -0.0012756235533207573 0.0072833824843101646 0.01576655711062299 -0.0028652923962053413 0.014734400987289195 0.0036150350081022189 0.012129506286424594 0.012147405000842937 0.0042810418669382939 0.010709450179981974 0.0027681796263994505 0.011055949210843886 0.0051281281432574008 0.0060211059233464667 0.014195355872929439 0.015436393080256914 0.0066035199857906735 0.015874920677680947 0.0059312352763093738
leaf_weight=104.99916136264801 129.24896767735481 167.99865818023682 617.24507001042366 136.49890977144241 481.99615025520325 693.99445700645447 220.74823686480522 299.24760988354683 257.99793934822083 100.99919331073761 228.74817296862602 1797.2356453239918 267.24786546826363 107.99913740158081 315.49748009443283 218.49825483560562 324.24741020798683 777.99378609657288 122.99901759624481 353.24717858433723 319.74744614958763 233.74813303351402 113.24909546971321 350.99719655513763 1391.7388840615749 1331.9893612861633 439.49648970365524 541.24567702412605 238.99809110164642 427.49658554792404 176.49859029054642 103.99916934967041 402.24678722023964 129.49896568059921 172.24862423539162 137.24890378117561 120.74903556704521 653.49478048086166 264.49788743257523 447.24642780423164 2421.2306614220142 193.99845051765442 272.49782353639603 265.49787944555283 116.49906951189041 209.99832272529602 340.24728241562843 233.24813702702522 154.49876600503922 182.74854037165642 207.99833869934082 115.99907350540161 123.49901360273361 129.99896168708801 234.74812504649162 317.99746012687683 277.49778360128403 146.99882590770721 701.99439311027527 481.24615624547005 100.24919930100441 467.24626806378365 1128.2409886419773 120.24903956055641 203.24837663769722 400.74679920077324 743.74405965209007 127.99897766113281 519.74584874510765 223.49821490049362 146.74882790446281 150.99879395961761 439.24649170041084 1610.487136900425 517.99586272239685 399.24681118130684 1663.4867135882378 161.74870809912682 128.24897566437721 332.74734231829643 210.49831873178482 729.74417147040367 194.99844253063202 121.99902558326721 114.74908348917961 99.99920129776001 208.74833270907402 101.99918532371521 176.74858829379082 105.24915936589241 1402.4887982010841 128.99896967411041 135.49891775846481 1024.2418192923069 391.24687507748604 129.74896368384361 258.74793335795403 411.74671134352684 104.49916535615921 255.99795532226562 100.49919730424881 528.24578085541725 343.74725446105003 891.74287757277489 124.24900761246681 133.74893173575401 200.24840059876442 266.99786746501923 199.99840259552002 454.74636790156364 100.99919331073761 436.24651566147804 185.99851441383362 153.49877399206161 149.99880194664001 144.24884787201881 261.24791339039803 223.99821090698242 290.74767777323723 213.99829077720642 110.99911344051361 100.49919730424881 141.99886584281921 322.49742418527603 480.74616023898125 400.99679720401764
leaf_count=420 517 672 2469 546 1928 2776 883 1197 1032 404 915 7189 1069 432 1262 874 1297 3112 492 1413 1279 935 453 1404 5567 5328 1758 2165 956 1710 706 416 1609 518 689 549 483 2614 1058 1789 9685 776 1090 1062 466 840 1361 933 618 731 832 464 494 520 939 1272 1110 588 2808 1925 401 1869 4513 481 813 1603 2975 512 2079 894 587 604 1757 6442 2072 1597 6654 647 513 1331 842 2919 780 488 459 400 835 408 707 421 5610 516 542 4097 1565 519 1035 1647 418 1024 402 2113 1375 3567 497 535 801 1068 800 1819 404 1745 744 614 600 577 1045 896 1163 856 444 402 568 1290 1923 1604
internal_value=0.00564842 0.00368804 0.00772125 0.0081317 0.00282049 0.00262133 0.0032573 0.00685022 0.00864773 0.00746629 0.00516896 0.00924767 0.00673621 0.0081738 0.00801785 0.00965579 0.00517236 0.0101878 0.0105872 0.00649148 0.00535498 0.00650593 0.00844217 0.00950882 0.00559617 0.0048505 0.00523674 0.00120789 0.00724827 0.00185628 0.00238627 0.0014416 -0.00088929 0.00056775 0.0114989 0.00353751 0.00154648 0.00325932 0.00572557 0.0116515 0.00505893 0.00551444 0.00367283 0.00572405 0.00483808 0.00583315 0.00776938 0.00976195 0.00356044 0.00294295 0.00191269 0.00330722 -0.00150328 0.00582332 0.00953107 0.00982333 0.004753 0.00427193 0.00295041 0.00220589 0.00367112 0.00512193 0.00492692 0.00551022 0.00610569 0.00579406 0.00626163 0.00532701 0.00748107 0.00387678 0.00893308 0.00527362 0.00475089 6.3111e-05 0.00852256 0.000763128 0.00159283 0.00372064 -0.000855937 0.0023839 0.00910413 0.00279992 0.00157627 0.0039088 0.00542695 -0.000370295 0.0125129 0.00673047 0.00699817 0.00760245 0.00628695 0.0085492 0.00449928 0.00649463 0.00605854 0.00449287 0.00777089 0.00878919 0.00647863 0.00802404 0.00791052 0.00178034 0.0051728 0.00382729 0.0078829 0.00454675 0.00282749 0.00178043 0.00405208 0.0132348 0.00134222 0.00967423 0.0109057 0.00761053 0.0123443 0.00844882 0.00768661 0.00572681 0.0103327 0.0112193 0.0130146 0.00917821 0.0106779 0.00871121 0.0140602 0.00817634
internal_weight=45706.4 23490.8 22215.6 18616.6 14814.1 14101.4 9762.67 5363.46 13253.1 4490.46 2202.98 8762.68 712.744 4124.72 3160.47 1501.24 8676.68 4637.96 4179.72 458.246 8352.43 1659.24 1185.74 972.242 3598.97 2723.73 8223.18 4338.72 1056.24 4077.47 3454.47 2559.73 622.995 2016.48 623.745 491.746 354.497 1146.74 493.246 555.246 7903.44 5965.2 1938.23 5771.2 3071.23 2075.98 844.493 573.495 270.998 1665.74 1226.24 894.743 331.497 348.497 2738.23 2615.23 544.746 5685.2 1863.24 778.744 213.498 894.743 3821.97 3007.73 2466.73 2365.73 2162.48 1614.99 647.745 967.242 547.496 632.995 543.246 1839.99 817.243 3797.47 2557.23 893.743 1240.24 731.994 2023.73 995.242 546.246 351.247 297.498 1710.49 1441.49 2699.98 2597.98 3569.47 1507.74 2061.73 264.498 1879.48 1759.24 1231.49 1167.49 908.743 496.996 392.497 272.748 1230.24 1367.99 1101.74 875.243 257.998 814.243 667.245 400.247 1232.74 229.248 1765.74 1069.99 339.497 730.494 294.248 695.744 434.497 2297.23 1605.49 826.493 778.994 564.995 422.997 715.494 691.744
internal_count=182827 93964 88863 74467 59257 56406 39051 21454 53013 17962 8812 35051 2851 16499 12642 6005 34707 18552 16719 1833 33410 6637 4743 3889 14396 10895 32893 17355 4225 16310 13818 10239 2492 8066 2495 1967 1418 4587 1973 2221 31614 23861 7753 23085 12285 8304 3378 2294 1084 6663 4905 3579 1326 1394 10953 10461 2179 22741 7453 3115 854 3579 15288 12031 9867 9463 8650 6460 2591 3869 2190 2532 2173 7360 3269 15190 10229 3575 4961 2928 8095 3981 2185 1405 1190 6842 5766 10800 10392 14278 6031 8247 1058 7518 7037 4926 4670 3635 1988 1570 1091 4921 5472 4407 3501 1032 3257 2669 1601 4931 917 7063 4280 1358 2922 1177 2783 1738 9189 6422 3306 3116 2260 1692 2862 2767
is_linear=0
shrinkage=1


Tree=1
num_leaves=127
num_cat=0
split_feature=7 230 9 231 89 111 15 230 231 153 218 15 204 230 231 230 9 109 99 214 98 109 230 173 98 70 230 30 138 99 42 230 119 190 104 212 215 49 9 152 137 230 63 231 148 189 9 104 87 217 188 7 215 236 39 224 215 142 227 23 190 7 0 81 152 227 218 138 7 26 214 53 7 231 109 98 42 178 0 74 138 30 87 148 153 111 178 220 193 167 204 99 63 185 23 185 109 217 74 204 224 193 190 32 74 144 220 137 187 163 142 102 43 171 146 213 171 214 173 7 204 224 224 133 213 165
split_gain=423.733 101.888 130.767 108.953 36.7362 35.3064 30.3086 26.2241 29.8351 25.7648 25.2867 24.6568 24.2028 23.2623 23.2153 47.9207 49.5145 32.2183 22.8157 22.5497 21.2902 21.1183 19.9923 21.1554 19.6552 19.3971 19.0543 18.7023 16.3326 16.1544 15.7624 18.3285 15.3467 14.8624 15.9748 14.8013 18.8811 14.6597 14.5488 16.0823 14.5018 18.8924 14.4744 20.2019 14.3228 20.5177 14.1921 14.1805 13.9765 19.1465 13.9597 13.8758 16.1772 15.6299 15.7554 13.6716 17.8792 13.5283 13.5246 13.5207 13.2904 15.6782 13.2576 14.3631 13.2513 13.2384 13.2174 20.3969 13.538 13.2098 13.0556 13.3349 12.9716 14.5796 26.5864 13.0202 12.9684 12.8794 12.8739 12.7124 12.6707 12.5597 12.5373 14.7232 12.51 12.4356 12.1596 12.1367 12.021 11.9905 13.9641 11.9431 11.845 13.3645 11.8199 11.8022 14.4418 12.2492 11.6326 11.6172 12.3047 11.7719 11.6074 13.6228 11.6065 14.0866 16.0022 12.3199 16.6174 22.4891 11.7812 11.5029 15.3147 12.4952 12.3434 11.2987 11.2886 12.1566 11.2333 12.4413 17.2911 11.0857 11.1205 11.0849 11.0495 11.0438
threshold=3.1359390050056397e-05 -0.85377600789070118 -9.1513662482611821e-05 0.01527100056409836 3.569597902242095e-05 3.4249678719788797e-05 -0.10940027236938475 -0.8468879461288451 0.01527100056409836 -0.0028716612141579385 0.0010089924908243122 0.4331431537866593 0.00078955851495265972 -0.96759679913520802 -0.15858851373195645 -0.8468879461288451 5.4860958698554903e-05 -0.0058100535534322253 0.00026288545632269239 0.0015208601253107192 0.0010852203122340145 -0.00075859844218939532 -0.88191914558410633 -0.65212026238441456 0.0014369910932146015 0.41638784110546118 -0.76181921362876881 -0.000197010493138805 0.00071728316834196459 0.00021975225536152723 0.00016887959645828235 -0.94336524605751026 0.00035301578463986521 0.0012746482389047744 0.0022725332528352742 0.016865066252648834 0.004256509244441987 -0.00020351103012217206 0.00014579313574358824 0.00019911014533136043 0.00088436921942047786 -0.98120620846748341 0.00018060909496853131 -0.10669767111539839 0.0015671405126340689 0.55000001192092907 5.7003971960511997e-05 0.00018364354036748412 0.0024901668075472121 -0.0057388064451515666 -0.39448954164981836 -4.7767518481123254e-05 0.0021442472934722905 0.2085993513464928 0.00039532779192086315 0.019010059535503391 0.0029581057606264953 0.0027617660816758875 0.45000000298023229 6.9316709414124502e-05 -0.00016391875396948305 -0.00043896137503907079 -9.4543334853369729e-05 0.00022040440671844411 0.0002878184750443325 0.65000000596046459 0.0031445141648873691 0.00048974750097841035 0.000126682389236521 0.44465568661689764 0.0026531375478953127 0.14953856915235522 1.0000000180025095e-35 -0.076283793896436677 -0.00075859844218939532 0.00062917504692450177 -0.0020100898109376426 0.43986989557743078 -4.5847059482184696e-06 -0.19023346900939939 0.0010739109129644933 -0.00013847849186277014 0.00033363413240294909 0.0036906007444486026 0.0011933534406125548 7.673305299249479e-05 0.17522808164358142 -0.011291595175862311 0.0057228021323680886 0.38536937534809118 0.0015802494599483909 0.0001746612251736224 0.00014751149865332994 -0.0039839628152549258 5.0785305575118407e-05 -0.006429070606827735 -0.0016530491993762551 -0.0090724481269717199 -0.16192661970853803 0.0019428920350037517 0.019664434716105465 -0.00056978713837452222 -0.00030711022554896766 0.37315414845943456 0.024601872079074386 -0.0041169303003698579 -0.012679984327405689 0.00035011130967177456 0.00021409564214991408 -0.00040829504723660642 0.00054490176262334 0.10557477176189424 0.00016160066297743472 -0.00051981740398332466 0.13178206980228427 0.0025492905406281356 0.00045819870138075208 0.0019236839143559339 -0.96520233154296864 -0.00010947470218525267 0.0028317059623077516 0.016089905053377155 0.009545792359858753 0.00013826858048560101 0.0030156566062942152 -0.00018325504061067474
decision_type=2 2 2 2 2 10 2 2 2 8 8 2 10 2 2 2 2 8 10 10 8 8 2 8 8 10 2 2 8 10 10 2 2 10 10 10 10 2 2 10 10 2 2 2 10 10 2 10 2 8 8 2 10 10 2 8 10 10 8 2 10 2 2 2 8 8 10 10 2 2 8 2 2 2 10 8 10 8 2 10 10 2 2 10 10 10 10 10 10 2 10 10 2 8 2 10 10 10 10 10 10 8 8 2 8 10 10 10 10 2 10 10 2 2 8 8 2 8 8 2 8 10 8 2 8 10
left_child=1 2 3 13 18 9 12 8 46 87 69 14 62 19 15 16 24 -18 72 64 -20 -13 23 79 -11 92 -14 28 29 -6 42 -32 37 -30 -35 55 -37 99 -19 -40 41 77 -22 -44 47 -46 -7 -24 49 123 -43 52 -12 54 -53 56 66 118 -41 -26 61 -28 63 -3 -1 -39 84 68 -68 -8 71 -54 73 94 75 -75 -62 81 -59 -16 -78 -25 -79 -84 -9 -57 -71 -2 -10 90 -29 -51 93 -5 -4 97 -97 -21 -49 111 101 -101 103 125 105 115 -107 -108 109 -109 -106 -17 114 -114 -113 -94 -48 -118 -15 120 -120 122 -85 -27 -72 -64
right_child=5 6 4 25 27 7 10 35 88 11 51 21 26 57 22 32 17 38 20 95 30 -23 44 40 59 48 60 89 33 -31 31 -33 -34 34 -36 36 -38 65 39 58 -42 50 43 -45 45 -47 116 98 -50 91 -52 53 70 -55 -56 85 -58 78 -60 -61 76 -63 102 -65 -66 -67 67 -69 -70 86 124 -73 -74 74 -76 -77 80 82 -80 -81 -82 -83 83 121 -86 -87 -88 -89 -90 -91 -92 -93 104 -95 -96 96 -98 -99 -100 100 -102 -103 -104 -105 110 106 107 108 -110 -111 -112 112 113 -115 -116 -117 117 -119 119 -121 -122 -123 -124 -125 -126 -127
leaf_value=0.010560728333750432 0.0053852103448959509 0.0057257912627842866 0.0040866069314300715 -0.0047010921168657545 -0.0027309353321183887 -0.0022097403613944027 0.0049358238145836113 -0.0070604475114838736 -0.0039173150900542247 -0.0051558162619131081 0.0021472973941330563 -0.0057538586531343172 -0.0023238284629878442 0.0033497506723006317 -0.0078389459783389376 0.0035372246699222122 0.00085544047392933367 -0.005348028858655555 -0.0069920245163219421 0.0029839816057331803 0.0077089657294450477 0.0015902347555068665 -0.0060346029966756665 0.0023201439026312317 0.0083224700042666931 0.0060884973131658726 0.0051456650035608207 -0.0048973199361651036 -0.0045863731298816371 0.0048221963234063147 -0.0039995161718129422 0.0029526414147013898 -0.0044170931531307854 0.0046197958671089978 -0.0044941682995444029 -0.0066403778652776094 0.0011652332644411631 0.0018436668405717347 -0.01304631651262049 -0.00055814188715068848 0.0065253745069485626 0.0080401062405451185 0.0037100818860127667 -0.0019052059326479897 -0.0057012422870053201 -0.00027995815772396016 -0.0095416215243113982 -0.0026355612400189455 0.0052793030255376848 0.0020231670737199791 0.0015360350404420363 -0.0015236133798113675 -0.0059873424259101219 0.0015966522759163614 0.0052052905048355479 -0.00023414906531524891 0.0018044051848106382 0.0085077022054504507 -0.0093532879436768936 -0.00041114723307377735 0.0084030271767546027 -0.0013679203066043364 0.0014489974387568447 -0.00024283959357860555 0.0021256268941604287 -0.0029531606621118899 0.0075326423792642537 -0.0023024883663504674 -0.0014937610408545315 0.0025065270323772221 0.0049363661557567688 -0.00094335767059224279 0.0012880261277158395 0.0071543081760394797 0.0095934798359546703 0.00062250430936890751 0.0024147110705745171 0.0044528088929174352 -0.00027478271629666396 -0.00088054102525304335 -0.0027146087741349778 -0.0049037956755421871 -0.006372506900163547 0.0024913710697793373 -0.00053634561957998977 -0.0076053459915958474 -0.0044908352698304873 -0.0001416817854795275 0.00099186202128352273 -0.0093677739245917012 0.0017517570529433949 -0.0046668541290482606 0.010340336448220206 0.0034686487837593343 0.009963532710864571 -0.0003087169623499377 0.0060287137769529774 0.01149342591426084 0.0030866380714893943 -0.0016508273660268797 0.00057018502366744492 -0.0082175137540123951 0.00069879230497003138 -0.0021932648596403627 -0.0014490961051145041 -0.0031760478425969761 0.0085670520491016484 0.0064485453283263574 0.0077739020071568082 -0.0038641255446229192 0.0043123384461769996 0.00035895251154777175 -0.003792606225586206 0.0035669344753832674 -0.0045207430861657801 0.0021554198380972205 0.00089644739254728459 -0.0077751080525208498 0.015666212092859972 0.0082540731787816273 0.0068849451914549768 0.0054078010015411486 -0.0059476360681737809 -0.00069209754981859617 -0.0034521977756689034 0.0051998956071487735
leaf_weight=436.48897203803062 253.24502678215504 703.48455765843391 429.49300391972065 124.49768237769604 143.74804994463921 195.99858790636063 440.24382688105106 329.24829888343811 836.24581091105938 117.99900479614735 217.49646233022213 1003.744854837656 956.73270902037621 100.4979118257761 156.2488280236721 189.99829456210136 175.49868533015251 508.74685044586658 132.74809807538986 171.49641442298889 143.49781513214111 175.9992189258337 109.24905352294445 109.74919348955154 124.99880766868591 173.74600245058537 149.24791869521141 336.49753442406654 359.9953423589468 374.74476952850819 430.74415223300457 211.24695301055908 520.49764607846737 189.74771323800087 102.49896740913391 567.74724926054478 150.24911653995514 1072.9925131499767 370.24778710305691 116.74936756491661 160.24876587092876 131.74911804497242 561.24174067378044 441.4934746325016 697.9952627569437 460.49694882333279 777.24661630392075 193.24874690175056 163.99605222046375 128.497548148036 1161.9923614412546 2844.4674649387598 717.74062229692936 1068.4878371953964 126.99849110841751 138.74941721558571 580.49701283872128 141.9971390068531 164.99910748004913 135.24880155920982 104.4984644651413 1156.231723561883 551.48855160176754 205.49550902843475 102.99752652645111 272.4980723708868 142.24931286275387 1026.9959505200386 102.99967475235462 249.74645300209522 106.99863715469837 304.74623061716557 1208.4869849830866 119.99786923825741 168.99675379693508 994.73482693731785 1186.4796848446131 216.24835109710693 111.49795851111412 274.49805626273155 211.99647809565067 426.49729381501675 130.74909372627735 112.49915233254433 182.49908229708672 256.74880672991276 137.2484185397625 377.49635994434357 250.99909293651581 119.99884204566479 182.74870093166828 416.74076116085052 286.49339234828949 159.74642594158649 227.49622809886932 383.99115175008774 208.24522955715656 118.24722988903522 414.24694569408894 194.49862849712372 167.49885594844818 270.74834260344505 2040.4551723152399 164.9969083070755 248.74514806270599 105.49749244749546 211.49490877985954 115.99668681621552 150.24632023274899 203.74524798989296 288.49312667548656 303.99742990732193 108.99906526505947 315.49741932749748 613.99560695886612 102.49800525605679 108.49963812530041 127.49949193000793 416.48802796006203 507.48866556584835 174.74588704109192 124.24919295310974 100.74934306740761 184.74586355686188 104.99883681535721 778.23107615113258
leaf_count=1746 1013 2814 1718 498 575 784 1761 1317 3345 472 870 4015 3827 402 625 760 702 2035 531 686 574 704 437 439 500 695 597 1346 1440 1499 1723 845 2082 759 410 2271 601 4292 1481 467 641 527 2245 1766 2792 1842 3109 773 656 514 4648 11378 2871 4274 508 555 2322 568 660 541 418 4625 2206 822 412 1090 569 4108 412 999 428 1219 4834 480 676 3979 4746 865 446 1098 848 1706 523 450 730 1027 549 1510 1004 480 731 1667 1146 639 910 1536 833 473 1657 778 670 1083 8162 660 995 422 846 464 601 815 1154 1216 436 1262 2456 410 434 510 1666 2030 699 497 403 739 420 3113
internal_value=3.81161e-05 0.00161425 0.00291241 0.00508157 0.00103056 -0.00231502 0.000466356 -0.00360878 -0.00526717 -0.00171433 -0.000573843 -0.00192365 0.0012665 0.00786839 -0.0016157 -0.00248003 -0.00526211 -0.00704778 0.00190194 0.00589259 0.000180129 -0.00464999 -0.000612685 0.000372985 0.0010833 0.00243434 8.50227e-05 -0.00140449 0.000110866 0.0027045 0.000783998 -0.00169182 -0.00127667 -0.00197003 0.00134016 -0.00248989 -0.00501965 -0.000788695 -0.00823695 -0.0102649 0.00104154 0.000643322 0.00217591 0.00124882 -0.00223171 -0.00358762 -0.0074159 -2.21746e-06 0.00024962 -0.000757637 0.0023107 -0.00106665 -0.00272972 -0.000458437 -0.00120315 -0.00180041 -0.00120075 0.00969541 -0.00598736 0.00407824 0.000916255 -0.000556854 0.00226261 0.00440027 0.00908387 0.000843155 -0.00218777 -0.00106192 0.00391494 0.00264581 -0.0036095 -0.00453095 0.00294445 0.00395224 0.00264349 0.00143934 0.0021863 -0.00113253 0.00490718 -0.00364045 0.00160984 -0.00339507 0.000686054 -0.00116467 -0.00484151 -0.00515512 -7.38338e-05 0.00217469 -0.00278655 -0.00409892 -0.002579 -0.0030744 0.00358812 -0.00018347 0.00635584 0.00378241 0.00204383 0.00697466 0.00124038 -0.00180117 -0.00403897 -0.00565347 0.00169131 0.00301908 0.00420877 0.00531267 0.00361907 0.00473156 0.00272635 3.65014e-05 0.00168849 -0.000837086 -0.001499 0.00159159 -0.00293161 0.0083945 -0.0083607 -0.00402982 0.0106105 0.0112028 0.013381 0.00109652 -0.00166376 0.00274225 0.000842212 0.00368877
internal_weight=45659.4 27348 12819.5 5939.36 6880.16 18311.4 14528.5 5774.47 2296.49 12536.9 6319.17 11906.2 8209.34 2874.18 10726.4 5745.71 1714.49 1336.24 5070.18 1421.47 1920.97 1179.74 4980.72 3105.48 378.247 3065.18 3765.19 1809.98 1170.73 518.493 1788.22 641.991 4031.22 652.242 292.247 3477.98 717.996 3510.72 1160.74 651.996 2674.73 2514.48 1146.23 1002.74 1875.24 1158.49 1209.24 716.745 1067.73 903.73 1293.74 5491.93 1451.98 4039.95 2971.47 2759.99 2364.49 1452.72 281.748 260.248 2808.45 1305.48 4444.15 908.98 539.486 1345.49 1783.99 1272.24 245.249 827.239 1234.48 1022.49 3149.21 1940.72 1283.73 1114.73 1502.97 1220.74 253.495 430.747 1398.48 536.246 684.495 468.247 511.747 395.498 386.995 630.741 1087.24 639.245 519.246 545.238 1997.45 284.244 656.989 881.98 592.236 289.744 607.496 2165.23 632.746 465.247 3535.17 1494.72 1713.21 1175.97 786.981 681.483 469.988 319.742 537.238 1532.49 1342.49 424.496 917.993 388.991 1013.25 235.999 1199.22 1098.72 591.234 337.498 213.248 358.492 211.997 1329.72
internal_count=182640 109394 51279 23758 27521 73246 58115 23098 9186 50148 25277 47625 32838 11497 42906 22983 6858 5345 20281 5686 7684 4719 19923 12422 1513 12261 15061 7240 4683 2074 7153 2568 16125 2609 1169 13912 2872 14043 4643 2608 10699 10058 4585 4011 7501 4634 4837 2867 4271 3615 5175 21968 5808 16160 11886 11040 9458 5811 1127 1041 11234 5222 17777 3636 2158 5382 7136 5089 981 3309 4938 4090 12597 7763 5135 4459 6012 4883 1014 1723 5594 2145 2738 1873 2047 1582 1548 2523 4349 2557 2077 2181 7990 1137 2628 3528 2369 1159 2430 8661 2531 1861 14141 5979 6853 4704 3148 2726 1880 1279 2149 6130 5370 1698 3672 1556 4053 944 4797 4395 2365 1350 853 1434 848 5319
is_linear=0
shrinkage=0.02


Tree=2
num_leaves=127
num_cat=0
split_feature=7 12 119 233 9 236 27 1 97 9 63 66 30 47 199 161 156 191 99 212 188 156 28 222 14 0 156 149 63 173 214 28 191 192 192 74 99 232 236 102 149 212 214 212 74 30 90 60 98 216 98 180 212 150 150 61 188 63 60 222 166 222 199 9 74 137 30 137 175 175 214 102 189 35 103 139 23 42 34 148 150 212 216 199 67 173 119 166 61 222 123 150 222 163 192 188 60 150 137 102 113 150 63 209 188 99 216 157 209 211 211 188 144 232 42 1 27 80 180 99 99 212 80 174 98 166
split_gain=455.57 68.6105 33.8024 31.1049 29.9237 26.5614 23.4159 21.8451 23.1431 20.7612 20.7846 19.4948 20.0475 20.5655 18.5395 18.3608 20.083 17.0988 17.0025 16.9025 16.5607 17.5067 16.2088 16.0615 15.0068 14.5747 14.1921 14.4145 13.9287 19.9288 13.8246 14.6579 13.7382 13.5197 13.3651 13.2564 14.7549 13.2216 13.1034 12.7689 12.7346 12.706 12.3009 14.0091 12.156 13.1012 15.8748 12.0251 12.0214 11.9869 12.2667 11.9602 11.9401 13.4522 13.6577 11.9205 11.8777 12.0856 13.1998 14.9747 14.9816 11.8499 11.6767 11.6604 16.9796 15.5623 15.3756 14.7647 15.7227 12.5674 13.1326 12.5347 11.9971 11.6562 11.5475 12.1708 11.4689 11.4339 12.216 11.341 11.2982 12.2566 11.2729 11.175 15.6928 11.0928 12.288 10.9537 13.5777 10.8731 10.6457 17.1661 14.2722 10.9421 10.6298 11.1266 10.4222 10.3419 10.2754 11.3686 12.2862 11.2835 12.7874 10.2719 10.2046 12.0581 10.1989 10.188 10.4544 14.2503 10.1697 10.0461 10.0403 10.0274 14.7536 11.372 12.6321 12.1967 9.96989 9.96306 9.88497 12.2231 15.0458 9.93295 9.85781 13.7185
threshold=3.1359390050056397e-05 1.0000000180025095e-35 -0.0015743102412670849 1.0000000180025095e-35 5.7003971960511997e-05 -0.032442361116409295 -0.00040064341737888748 0.00026714122213888919 0.3222938627004624 -0.00024725546245463187 0.00025380728766322141 0.00025422238104511058 -0.00017994198424275962 -9.9473618320189399e-06 0.00054586221813224267 -0.007560817524790763 -0.0034393530804663892 -0.002452439744956791 0.00031159931677393621 0.023576716892421249 -0.083721958100795732 -0.0019230780308134852 9.7133986855624257e-05 0.15610041469335559 7.3315741246915431e-06 -7.5036699854535968e-05 8.152239024639131e-05 7.3804443672997891e-05 0.00025492379791103309 -0.18061111867427823 0.0021911887452006344 0.00037892984983045613 -0.0022683647694066163 -0.0034080294426530595 0.0078619685955345648 0.078220181167125716 0.00028882315382361417 5.0000000000000009 -0.79233959317207325 0.34580785036087042 -0.00032754072162788356 0.010228406172245743 0.0012369214673526587 0.0084323566406965273 -0.23200173676013944 -0.00032765338255558158 0.00051162240561097871 0.00074990378925576817 0.0031116143800318245 0.12719985842704776 0.0049834612291306266 0.0077456992585212001 0.010032633785158398 0.18018247187137607 -0.078735694289207445 0.00011235658530495131 0.21557344496250155 0.00014253382687456909 0.001223605824634433 0.1706550791859627 -7.3956751293735565e-05 0.43287682533264166 0.0037898686714470391 -6.3070965552469702e-05 1.0000000180025095e-35 0.00031573894375469541 -0.00064356040093116451 0.00032368375104852026 0.0006687290151603521 0.0010276245302520695 0.0015433053486049177 0.3955493718385697 0.65000000596046459 3.0852182817397993e-06 -0.00023694731498835606 0.00070696554030291747 0.00014420069783227521 2.9056815947114959e-05 0.00047722703311592346 0.0019046143279410901 0.015097987838089468 0.021431009285151962 0.6811354160308839 0.00072813875158317398 0.67529308795928966 -1.1938456892967222 -0.0014106135349720714 0.0021924390457570557 0.00022486232046503576 0.32891836762428289 -0.002215273329056799 0.062721416354179396 0.17863605916500094 0.0036263518268242483 -0.0034839942818507548 -0.050233760848641389 0.00053638531244359921 -0.21251673996448514 0.0002856345236068592 0.95982614159584057 0.75000000000000011 -0.28593620657920832 0.00028764971648342913 6.8114870373392491e-05 -0.15587056428194043 0.00025238477974198764 0.13078188151121142 0.00013766358460998165 6.4277432102244361e-05 0.11341285705566408 0.22806486487388614 -0.24782539159059522 -0.0038020511856302615 5.0000000000000009 0.00011901960897375831 7.4416943789401566e-06 -0.00027357737417332823 0.00027582269103731965 0.0029199081473052506 0.00045184160990174865 0.00046373765508178627 0.011580822523683311 -0.0020110785262659188 0.004417205462232233 0.0023915672209113841 -0.0011189783690497277
decision_type=2 2 2 2 2 10 2 2 8 2 2 2 2 2 10 2 8 10 8 10 10 10 2 10 2 2 8 10 2 10 10 2 10 10 8 10 8 2 10 10 10 8 10 10 10 2 2 10 10 8 10 8 8 10 10 10 10 2 8 8 2 10 10 2 10 8 2 8 10 10 8 10 10 2 10 2 2 10 2 10 10 8 10 10 10 10 2 2 10 8 2 10 10 2 10 10 10 10 10 10 10 10 2 10 10 10 10 2 10 10 10 10 8 2 10 2 2 10 10 10 8 8 10 10 10 2
left_child=1 3 89 5 22 6 80 8 15 28 14 32 13 23 26 -6 17 33 52 42 21 47 -4 -13 40 -10 124 -28 29 -5 31 37 -3 39 76 56 61 48 -33 -17 -12 82 44 83 -15 46 -46 -18 77 -42 -51 94 53 54 111 -56 57 -27 59 -59 -61 -37 -34 64 66 79 -8 68 -65 70 96 -71 120 -20 -54 -76 113 -23 -79 -66 81 -1 85 84 -44 -30 -87 -43 -89 -2 91 -24 -92 107 95 -9 -69 -96 -45 100 101 -100 -103 -84 -64 -106 -22 108 109 -94 -74 -14 -32 115 -115 -7 -117 -118 -47 -114 121 -68 -123 -124 125 -11
right_child=2 11 4 9 7 34 63 51 25 10 24 12 18 19 -16 16 20 -19 73 -21 106 30 90 -25 -26 35 27 -29 41 -31 112 38 62 -35 -36 36 -38 -39 -40 -41 49 87 43 98 45 118 -48 -49 -50 50 -52 -53 74 -55 55 -57 -58 58 -60 60 -62 -63 104 67 65 -67 72 69 -70 71 -72 -73 110 -75 75 -77 -78 78 -80 -81 -82 -83 103 -85 -86 86 -88 88 -90 -91 92 -93 93 -95 97 -97 -98 -99 99 -101 -102 102 -104 -105 105 -107 -108 -109 -110 -111 -112 -113 119 114 -116 116 117 -119 -120 -121 -122 122 123 -125 -126 -127
leaf_value=0.0059909072490392911 0.0049576950952408246 -0.0021973916640037469 0.0057001775966015302 0.010922140340149728 0.005556165480034795 0.0029035869177328104 -0.00058717829371449472 0.0017967991168692092 -0.00043949605959879963 0.0075058053002710233 -0.0061900981210607367 0.008447121368461848 0.0013982297305141945 0.0058431294327806827 -0.0003908402525567207 -0.0069235925474484929 -0.0013237489282595153 -0.0078949628960771501 -0.0076949053921190197 -0.0045634921773389896 -0.0069164287076213032 -0.0001784756937225144 0.0041690109909766218 0.0012680843016156301 0.0025781893526352633 -0.00080180582793078214 0.012190011219389568 0.0020353234016116098 0.0047140208316900209 0.00091574159536941498 0.0068975405816905019 -0.0096695752806148991 0.0043494100032596059 0.003506572576804584 -0.0028814126455967725 -0.0026639359613063142 -0.0036133200655160086 0.0046076090061904704 -0.0025576111706558753 -0.0019231484999755711 0.0034022116029281393 0.0040187309062497253 0.005301074965708647 0.0060185825289345912 0.0081781260806840332 -0.0044221779651768779 -0.0011133237205417591 0.0052925084790901604 0.0032285693786851355 -0.0020394701082300766 0.0023664612266538379 -0.00029970712545643747 0.0043601405759217341 -0.0082598105721688516 0.0059589005643134662 -0.0023968867659954975 -0.0014549694845953649 -0.010063040459043868 -0.0036383539608722251 -0.0025152619878519959 -0.0066526533767829648 0.0036551058312956053 0.0045524177307500798 0.0016969155166173394 0.0014084863729771305 0.0029572442319318218 0.0064585435786519143 -0.0027346212195567738 0.0089243662518047641 0.0059239068907910291 -0.004496991428532421 -0.0011639210095803953 -0.0027851575516832485 -0.0014837256760611786 0.0034196893898951314 -0.0049976441451121669 0.0055351184157884795 -0.0070287291546601363 -0.00051353526815122363 -0.0067414497152143565 0.0094600649594433778 -0.00066451570081075152 0.0077119679671811669 -0.0052010834937166106 -0.0028166063794613102 -0.0066361943659856669 -0.00037109773281621274 0.0053383250072865252 -0.0011039017782136487 -0.00049284384791512805 -0.0046795329011454388 -0.0041654797792179208 -0.0011685524946316174 -0.0031465930398964191 -0.0034286856384841934 -0.0056046414372691433 0.0036170901757894541 -0.008090736669653523 0.0031411053137245936 -0.0039719986889976142 0.0050832417640550732 0.0017871948003251627 -0.0019163108423674528 0.0010052564577936404 -0.0069264818941056037 0.001911567266354915 -0.0021751248213358059 0.002149737899597823 -0.0036202293701528172 0.0062068355757562968 0.0040621658149025295 -0.0051487448986480408 0.0029387139692038898 0.001129719891909214 -0.0054736090144094276 0.0043391821504494546 -0.0025130290878660551 0.0031663064726893519 0.0025722771783687833 -0.0042761703802238525 0.010196969163408249 -0.0026734929944362885 0.008345346707947305 0.0027471796707739323 -0.0016731867570100398 0.00046533799164519496
leaf_weight=621.21106335520744 287.99100123345852 215.24638921022415 128.99821949005127 158.74289356172085 112.74808029830456 2648.3860355019569 197.98979923129082 136.49861641228199 556.74617871642113 200.99350464344025 175.74697117507458 184.99613218009472 121.74852578341961 254.49495901167393 582.98965609073639 287.49714143574238 154.74856714904308 342.24629509449005 284.74736957252026 295.74577598273754 182.49834708869457 549.49508135020733 314.74512730538845 340.49464738368988 462.49179132282734 297.74731458723545 131.24573142826557 103.7474707365036 111.99750575423241 150.74412125349045 109.49857759475708 124.49895367026329 843.2345252931118 107.24895317852497 209.99242071807384 191.49806055426598 745.49455562233925 152.4982925504446 456.49634316563606 683.24336738884449 218.24416749179363 1386.4575658738613 116.49774590134621 103.99818253517151 135.24705359339714 207.49638703465462 131.74733449518681 309.2466491907835 178.74827808141708 1604.4731891155243 281.99694229662418 178.99870234727859 253.99658536911011 110.7487989962101 138.99823433160782 104.74883462488651 522.9956648349762 335.49591258168221 1626.4874356538057 568.74510329961777 1068.2407127171755 252.7476210296154 102.24817436933517 332.49040377140045 131.49517415463924 988.45906890928745 1205.93760381639 155.74532966315746 180.49562311172485 231.74424950778484 272.24363313615322 155.99620191752911 123.74360480904579 219.4976272881031 100.49889948964119 143.24857579171658 341.48396141827106 267.74763356149197 197.49796701967716 110.49665859341621 354.97974489629269 129.24434512853622 118.24631345272064 347.24470341205597 295.74459062516689 133.99700324237347 684.97706411778927 163.74597732722759 437.99105916917324 272.74494391679764 458.74517934024334 121.99841085076332 422.74579308927059 567.24523650109768 315.49745792150497 156.74824291467667 233.99403102695942 729.74419286847115 367.49433629214764 225.24679738283157 197.24652299284935 548.49128127098083 1069.2341700643301 291.24099627137184 102.99838192760944 110.498525172472 2462.2280338704586 564.99484385550022 388.99646912515163 117.49897712469101 204.49031050503254 303.99624173343182 178.24803388118744 626.22343875467777 151.24521107971668 217.49020393192768 527.98470604419708 189.99425040185452 110.74810370802879 104.74918532371521 179.99218210577965 133.99384635686874 168.24203650653362 504.22948858141899 159.2455231398344 227.49295002222061
leaf_count=2485 1152 861 516 635 451 10594 792 546 2227 804 703 740 487 1018 2332 1150 619 1369 1139 1183 730 2198 1259 1362 1850 1191 525 415 448 603 438 498 3373 429 840 766 2982 610 1826 2733 873 5546 466 416 541 830 527 1237 715 6418 1128 716 1016 443 556 419 2092 1342 6506 2275 4273 1011 409 1330 526 3954 4824 623 722 927 1089 624 495 878 402 573 1366 1071 790 442 1420 517 473 1389 1183 536 2740 655 1752 1091 1835 488 1691 2269 1262 627 936 2919 1470 901 789 2194 4277 1165 412 442 9849 2260 1556 470 818 1216 713 2505 605 870 2112 760 443 419 720 536 673 2017 637 910
internal_value=5.29316e-05 0.00168393 -0.00238989 0.00233092 -0.00254328 0.00299051 0.00381837 -0.00292014 -0.00264982 0.00134909 0.000378608 0.000136889 -0.000309113 0.000349196 0.00233839 -0.00185055 -0.00198831 -0.00409318 -0.00211459 -0.000103799 -0.00142459 -0.000343042 -0.000747515 0.00401247 -0.0006354 -0.00354324 0.00423572 0.00821808 0.00244764 0.00639968 -0.00105704 -0.00175415 0.0022892 -0.00276434 0.00186448 -0.00384863 -0.00192808 -0.000585186 -0.00435267 -0.00351396 -0.00130388 0.00204416 0.000237578 -0.000320087 0.00236688 0.000712077 0.00383522 0.00312238 -0.0013137 -0.000841451 -0.00136294 -0.00519377 -0.000855647 -0.00237615 -0.0011915 0.00245859 -0.00435461 -0.00473437 -0.00505349 -0.00617216 -0.00526289 0.000933782 0.0031456 0.00326365 0.00384371 0.00185205 0.00472503 0.00176774 0.00447937 0.000383622 -0.00128463 0.0031551 0.00514363 -0.00515093 0.00152754 -0.00153097 0.0020877 -0.00216077 -0.00439817 -0.00254343 0.00647713 0.00485721 0.000527541 -0.00266305 -0.00038345 -0.000695426 -0.00152993 0.00305124 0.000764501 0.00238085 -0.0010652 0.00176043 -0.00156488 -0.000833462 -0.00583421 -0.00226471 0.00106927 -0.00677433 0.000403815 0.000113708 0.000567623 7.27371e-05 -0.000654143 0.00321087 -0.000136903 -0.00258029 -0.00255175 7.46161e-05 -0.0012058 0.000599848 0.00146904 -0.0032978 0.00228455 0.00179373 -0.00025992 0.00223822 0.000333154 -0.000965062 -0.00197996 0.000162198 0.00567551 0.00517475 0.0031452 0.00434833 0.0024254 0.00395531
internal_weight=45697 27405.4 18291.6 19316.8 17730.8 11530 6617.21 14644.9 13127.4 7786.81 4148.67 8088.62 6714.4 4932.17 1405.71 6961.18 6848.44 1420.24 1782.23 4406.68 5428.2 2783.47 3085.97 525.491 2742.95 6166.2 822.725 234.993 3638.14 309.487 2319.48 1926.98 1374.23 1077.99 4912.8 5609.45 1189.74 1345.99 580.995 970.741 2280.46 3328.65 4110.93 3271.2 839.734 585.239 266.994 463.995 1193.49 2104.71 1886.47 1517.49 1277.98 780.241 669.492 243.747 4419.71 3896.72 3598.97 1972.48 1636.99 444.246 1158.98 5511.78 3949.07 1230.45 2718.62 1562.71 512.986 1049.72 661.983 387.74 2520.63 504.245 497.744 243.747 4702.81 1014.74 465.246 241.992 1105.44 750.455 1340.46 759.487 412.242 930.972 818.974 1988.19 601.737 560.736 2956.97 436.744 2520.23 2061.48 1338.49 293.247 389.739 1045.24 2511.71 2407.71 2182.47 1985.22 1617.73 409.487 315.745 213.497 2644.73 1494.24 929.241 540.245 328.234 425.745 392.496 4361.32 777.469 3583.86 935.469 717.979 318.244 282.997 2192.4 2012.4 806.465 672.472 587.732 428.486
internal_count=182792 109625 73167 77270 70924 46122 26470 58580 52510 31148 16595 32355 26858 19729 5623 27845 27394 5681 7129 17627 21713 11134 12344 2102 10972 24665 3291 940 14553 1238 9278 7708 5497 4312 19652 22438 4759 5384 2324 3883 9122 13315 16444 13085 3359 2341 1068 1856 4774 8419 7546 6070 5112 3121 2678 975 17679 15587 14396 7890 6548 1777 4636 22048 15797 4922 10875 6251 2052 4199 2648 1551 10083 2017 1991 975 18812 4059 1861 968 4422 3002 5362 3038 1649 3724 3276 7953 2407 2243 11828 1747 10081 8246 5354 1173 1559 4181 10047 9631 8730 7941 6471 1638 1263 854 10579 5977 3717 2161 1313 1703 1570 17446 3110 14336 3742 2872 1273 1132 8770 8050 3226 2690 2351 1714
is_linear=0
shrinkage=0.02


Tree=3
num_leaves=127
num_cat=0
split_feature=9 230 7 9 7 111 190 153 176 221 192 106 201 23 192 151 38 176 42 230 73 97 216 49 155 114 221 192 119 226 152 63 52 97 76 151 151 111 76 113 9 114 230 138 100 226 194 117 127 63 153 226 42 153 190 139 109 212 194 156 34 7 180 74 33 144 191 108 139 138 139 106 192 135 176 81 23 104 111 57 230 230 152 152 145 65 60 144 32 135 177 153 112 74 201 220 136 104 100 226 176 145 97 191 190 143 138 60 78 212 225 149 156 138 114 156 212 91 152 226 112 104 192 212 78 203
split_gain=445.988 133.867 65.2055 38.4516 34.0465 28.7196 32.606 30.9364 28.2913 21.3115 21.3027 20.2011 18.0353 17.4372 16.8734 16.6111 18.1318 15.8462 16.0865 14.7939 14.23 14.1428 16.1105 13.367 15.3867 15.1359 13.2656 20.6744 21.13 16.5926 16.2454 14.9733 13.2251 15.9897 15.5612 13.1474 13.3641 19.3429 13.0614 12.9085 12.748 12.6676 13.7273 12.9429 18.9425 16.1871 14.7222 12.5411 12.524 12.5038 12.2894 17.7084 14.9913 12.9148 19.0294 14.5397 12.5455 12.4805 12.9797 12.0629 14.5476 12.8509 12.0474 12.0224 12.1649 12.0015 11.7615 17.317 16.2751 11.7204 11.6099 20.224 11.5274 11.4225 16.7532 11.3959 11.3319 14.8984 14.5491 12.6514 11.1356 13.2134 13.0198 15.6781 12.3039 11.4019 11.3524 14.5781 11.1035 10.9938 10.8461 10.7541 12.8492 15.3721 14.633 19.5772 16.8718 16.3885 11.717 11.3916 10.5976 10.4873 10.4635 14.752 12.8621 10.4416 10.4323 11.6604 10.4044 10.3703 15.5887 10.351 11.1417 13.6743 11.4135 15.9393 12.97 11.6203 10.2853 25.4656 10.1449 12.7144 13.0042 14.7293 13.5548 9.94509
threshold=-7.8199291237979179e-06 -0.83985477685928334 5.0677608669502667e-05 -9.9104676337447004e-05 -0.00017418285278836262 5.0050992285832769e-05 0.0014464931446127596 -0.0028716612141579385 0.00071123710949905228 0.00048952318320516508 -0.0083821080625057203 -0.00084812912973575283 0.0053824735805392274 0.00020071520702913406 0.0043064979836344728 0.45000000298023229 0.00010061312787001954 0.0013619835372082891 0.00066684689954854559 -0.8468879461288451 3.3693821023916832e-05 -0.72918871045112599 0.75015270709991466 -0.001639390713535249 0.0013427249505184593 -0.00018721430387813595 0.0022811960661783819 -0.00099571968894451835 -0.00011649034786387345 0.18483968824148181 0.00094920332776382576 0.00012592214625328782 0.00013194456550991165 0.8731074631214143 -0.0002342313091503456 0.65000000596046459 0.55000001192092907 -1.0356452548876403e-05 -0.00013218895765021441 0.25000000745058065 0.00013676415255758914 -4.3523248223209512e-06 -0.77023318409919728 0.00091362456441856932 0.00078600452980026614 -0.16953738778829572 0.006981499958783389 -0.00086592661682516326 0.00019513128063408661 0.0001533995309728198 0.00055731218890286993 0.10683856904506685 -1.0000000180025095e-35 0.00026342048658989375 0.0003633705346146599 0.00095915413112379621 -0.0016902253264561293 0.0052114571444690236 0.0055621999781578788 -0.0024739187210798259 0.0005050534091424198 0.00012393703946145254 0.0031766485190019016 -0.33837623894214625 -0.00027908202901016915 -0.0018761065439321099 -7.758288120385258e-05 0.37131500244140631 0.00051793147576972853 0.0015587398083880546 0.0010235978406853976 -0.0045994310639798633 0.00060051062610000383 0.16872043162584308 0.0010278340778313579 -1.6635317479085639e-05 8.1560723629081635e-05 0.00052916724234819423 7.7948407124495151e-06 -3.5910579754272469e-05 -0.17149884253740308 -0.70864605903625477 0.0002691075205802918 -0.0010335337137803433 0.0034608864225447182 -0.00043588232074398542 0.0020248958608135585 -0.0011007559369318185 0.61819633841514599 0.28093571960926061 0.0011758649488911035 -0.0010126063134521244 -0.12914094328880307 0.081309314817190184 0.0014073630445636811 -0.0089318910613656027 0.0033670896664261822 0.00068316931719891738 0.00045268080430105334 -0.029995135962963101 0.00041373107524123048 0.0026097591035068039 -0.23008877784013745 0.0020703782793134455 -0.00088891509221866716 0.78189474344253551 0.00073727560811676096 0.0012389204930514099 -0.002058072248473763 0.0081172510981559771 0.00014591979561373594 -0.00032754072162788356 0.0045984799508005389 0.0010164844570681455 9.188779222313316e-05 0.0024593449197709565 0.0082398699596524256 -0.24946379661560056 -0.00016470462287543339 0.22165439277887347 -0.049818336963653558 0.00074248912278562795 -0.0007014850853011011 0.0064002000726759442 0.00068236276274546992 8.0527210229774951e-05
decision_type=2 2 2 2 2 10 10 8 10 10 10 8 10 2 8 10 2 10 10 2 8 10 8 2 10 2 8 10 2 10 10 2 2 10 2 10 10 10 2 10 2 2 2 8 10 10 8 10 2 2 10 10 10 10 10 2 10 10 10 10 2 2 10 10 2 10 10 10 2 8 2 10 10 8 8 2 2 10 8 2 2 2 10 10 10 2 10 10 2 8 2 10 10 10 10 10 10 10 10 8 10 10 10 10 10 10 10 10 10 10 10 10 10 10 2 10 10 2 10 10 10 10 10 8 10 10
left_child=1 3 14 11 39 6 7 -4 12 -10 20 35 -6 26 23 -8 -17 18 38 -7 -9 -14 -23 -2 32 105 29 28 70 63 59 -29 40 34 -34 36 69 -38 75 -3 49 42 -21 46 -45 -46 48 -27 -43 66 51 53 -52 54 57 -56 -55 -33 -59 60 -30 65 -36 -12 -65 -61 67 68 -25 91 125 -72 -68 74 -16 -5 77 78 -13 -79 81 85 83 84 108 86 87 -11 -64 -75 -31 -1 93 106 95 97 -96 -94 -98 -95 -51 -24 103 -40 -104 -26 -93 -108 -83 -84 -111 -85 113 114 115 116 -113 -118 -53 -120 121 -49 -123 -124 -125 -28
right_child=2 4 5 17 8 19 15 10 9 80 13 76 21 -15 73 16 -18 -19 -20 41 -22 22 101 24 25 47 27 31 30 90 -32 50 33 -35 62 -37 37 -39 102 -41 -42 43 -44 44 45 -47 -48 120 -50 100 52 118 -54 56 55 -57 -58 58 -60 61 -62 -63 88 64 -66 -67 72 -69 -70 -71 71 -73 -74 89 -76 -77 -78 79 -80 -81 -82 82 109 111 -86 -87 -88 -89 -90 -91 -92 92 94 99 96 -97 98 -99 -100 -101 -102 -103 104 -105 -106 -107 107 -109 -110 110 -112 112 -114 -115 -116 -117 117 -119 119 -121 -122 122 123 124 -126 -127
leaf_value=0.0073917073502062346 0.0047224436568484972 0.0062364814874366981 0.0025347033921844751 -0.00063059733066454804 0.0019843189715886473 -0.0058454761773196508 0.0049241897048277836 0.0042434526748515982 0.0052739150756841756 0.00050908657144552085 -0.0084976287607440217 -0.00055612725491401861 0.0036060835468063632 -0.0076770175298632327 0.0052886044813632996 0.0026183709262920674 -0.0037412275625090413 -0.0023848138854029688 -0.0022574410545976573 0.00070262609903967265 -0.0033112209658171677 -0.0064356462012037487 0.0048160464388678006 0.0054088592521460465 0.0099780566731079642 -0.0052436445669288853 -0.0018826397276917048 0.0021295950678121142 -0.0013121396025342115 -0.0039051091596618514 -0.0053045613309313771 -0.0079905954060100516 0.0031735216777937663 0.0010016538182112034 -0.0048885690527326565 0.001254447661070494 0.0033592909195121873 0.010351334697291192 0.0037336459808344625 0.0017912661472378531 0.0041084873236747 -0.0012594679472847877 -0.0062125640663903128 -0.0090312188935750791 0.0046746905819535891 -0.0044656733569288405 -0.0048701365766988672 0.0028908388317801887 0.0037925070518336711 -0.0067708782908358156 0.00068226333015505977 -0.0026265129374030516 -0.0071011957145811298 -0.0029568578827351543 -0.0018083091886134329 0.004506879988103351 0.0035948675429805332 -0.0015432526039297235 -0.0051158660551569998 -0.0013949901299651671 0.007265972484684329 -0.0029952399319259455 0.0030890452407106614 -9.4222603070721094e-05 -0.0047835124001557915 0.0075353447554847731 -0.0054390302868160493 0.0088208200492855982 -0.0022903586113613285 -0.00014186647748683578 0.0019592827970257094 -0.0073517630506666314 0.0024980327692486252 -0.009184676079913948 -0.0043753248269530068 0.0044337371738707434 0.005028567510090922 -0.0041380790411051343 0.0064127217104923808 0.0018938838962185168 -0.0045902747977682795 -0.00042859292558917962 -0.0025095761967628091 -0.0074526445495381533 -0.0031421073943838757 -0.0055363305855402993 -0.0051242800444882431 -0.005898431670019336 -0.0037316352842504236 -0.0027695480835413168 0.0032972732477698314 0.0088071007240351027 -0.00078740748423531727 -0.0024273510044392119 -0.0032108621561569633 0.0087246689049875897 0.0063555467460339691 0.0078998359580749571 -0.00019753552455249396 0.0057209593809328029 -0.00089298607304708652 -0.0026243091767788086 -0.0019836676671110267 0.0094853814552837788 0.0031529330033041058 0.0011369176289051399 0.0014128212581839938 0.0086377777199322676 0.0071254719990668947 0.0070179534839092403 -0.00021353232908512222 0.00066594827959253844 -0.0051150268730070858 0.0043108141259042571 0.0028004566322572685 0.0032140086997586919 -6.5097436608294688e-05 -0.0072615226646988518 -0.012293533213451282 -0.0023319767605713675 0.0028678602862270315 0.0042498886915975495 0.0027288727065787059 -0.0074714656879360207 -0.00053221942096929068 0.0042891450597761912
leaf_weight=814.42799420654774 194.99139960110188 267.48643529415131 444.23386199772358 654.97648534178734 2657.6445829719305 1416.9702826142311 310.74630916118622 266.24519091844559 177.99311242997646 848.7279577255249 296.24424450099468 186.9868400990963 144.74733248353004 291.99384586513042 141.24719479680061 344.24601635336876 333.74622051417828 267.99139675498009 249.24303032457829 130.99855579435825 135.24845482409 264.24669341742992 104.74853454530239 170.99574296176434 102.99782422184944 119.49786248803139 531.49175636470318 198.24776834249496 99.998855546116829 126.49763676524162 101.74880075454712 219.4968203753233 125.24810656905174 466.99163398146629 1022.7317218929529 304.47649613022804 263.47694686055183 508.45449493825436 916.70796099305153 3521.59058855474 241.4948733150959 580.99253568053246 732.49163840711117 210.99749286472797 100.49907760322094 200.24824549257755 260.99568623304367 321.24281188845634 271.74771358072758 110.74743492901325 115.24838817119598 312.99577869474888 562.49119925498962 177.74751091003418 395.99477353692055 204.74735917150974 268.49602596461773 1040.4859082400799 677.24034635722637 100.24860237538815 279.74587072432041 222.996656909585 161.24739111959934 263.24654793739319 1395.7264241874218 112.99871741235256 136.74650178849697 140.49600555002689 240.2448420971632 163.4894617497921 117.74819454550743 327.4951209127903 120.7471337467432 109.49812214076519 109.99846020340919 221.99069091677666 509.45885384082794 242.98345100879669 299.4777257591486 277.48170101642609 390.49272845685482 109.99744506180286 121.99734078347683 105.74839018285275 100.74839317798615 365.4908105134964 259.49473607540131 149.99628713726997 182.24736776947975 879.23951092362404 174.99689166247845 616.6878627538681 270.97711488604546 131.24109530448914 229.98534314334393 311.71670612692833 214.48202532529831 105.74008007347584 201.98378495872021 107.49273939430714 2226.9525002688169 173.24728746712208 213.99207353591919 223.49014277756214 1328.4363632053137 104.74842295050621 247.47871156036854 129.23956348001957 184.49612291157246 241.24394525587559 217.24661479890347 181.49572768807411 244.74599379301071 174.49667553603649 183.24626536667347 142.49695979058743 118.74694776535034 352.24063591659069 206.99725130200386 208.49740743637085 668.73863296210766 100.99856977164745 126.74771218001842 257.49629393219948 194.99707701802254 109.24828569591045
leaf_count=3258 780 1070 1777 2620 10631 5668 1243 1065 712 3395 1185 748 579 1168 565 1377 1335 1072 997 524 541 1057 419 684 412 478 2126 793 400 506 407 878 501 1868 4091 1218 1054 2034 3667 14087 966 2324 2930 844 402 801 1044 1285 1087 443 461 1252 2250 711 1584 819 1074 4162 2709 401 1119 892 645 1053 5583 452 547 562 961 654 471 1310 483 438 440 888 2038 972 1198 1110 1562 440 488 423 403 1462 1038 600 729 3517 700 2467 1084 525 920 1247 858 423 808 430 8908 693 856 894 5314 419 990 517 738 965 869 726 979 698 733 570 475 1409 828 834 2675 404 507 1030 780 437
internal_value=-1.57976e-05 0.00203176 -0.00192142 0.00370589 0.000579347 -0.00272706 -0.00219573 -0.00253849 -0.000160052 -0.00116344 -0.00277947 0.00470647 0.00123988 -0.00297776 -0.000552719 0.00124804 -0.000529682 0.00218388 0.00251611 -0.00420128 0.0016622 -0.00161468 -0.00308703 -0.000194151 -0.000337157 0.00115307 -0.00280573 -0.0023394 -0.00063617 -0.00413548 0.00157963 -0.00307716 -0.000896089 -0.00219541 -0.00319645 0.00536698 0.00564993 0.00810991 0.0028611 0.00213617 -0.00013662 -0.00322611 -0.00517132 -0.00214248 -0.00471363 -0.00131026 -0.000898766 0.000528902 0.000400491 -0.000486278 -0.00332086 -0.00284039 -0.00579601 -0.00213176 -0.00268051 0.00041992 0.000970295 -0.00363643 -0.00299448 0.00254442 0.00505445 0.000233674 -0.00381777 -0.00480259 -0.0040494 0.00357751 0.00163014 0.00324052 0.00101339 0.00507176 -0.00250339 -0.00491101 -0.0018053 -0.00269519 0.00104697 0.000721637 0.00264984 0.00137182 0.00381786 -0.000971109 -0.0014407 -0.0011201 -0.000196458 -0.000999407 0.00246124 -0.0025107 -0.00155894 -0.000550153 -0.000535997 -0.00364801 0.000220435 0.00532318 0.00461484 0.00609887 0.00317523 0.00516396 0.000965927 0.00192633 0.00331392 0.00140015 -0.00122652 0.00031428 0.00354999 0.00500512 0.00242403 0.00601155 0.00717814 0.00420197 0.0044561 0.00237538 0.00372575 -0.00192969 -0.0014125 -0.000552553 -0.00148907 -0.00252229 -0.00383337 -0.0055237 -0.00560871 -0.00763143 0.000999065 -0.000280539 -0.00181801 -0.00298256 -0.00463018 -0.000732354
internal_weight=45680.3 22019.4 23660.9 10214.6 11804.9 14881.5 10975.6 9986.84 8015.78 4671.14 9542.61 6137.74 3344.63 9141.11 8779.33 988.739 677.992 4076.83 3808.84 3905.94 401.494 686.99 542.243 7539.35 7344.36 1997.47 8849.12 6592.41 2003.72 2256.71 917.738 4588.69 5346.89 1958.47 1491.47 4621.35 4316.87 771.931 3559.59 3789.08 3388.43 2488.97 863.49 1625.48 511.745 300.747 1113.74 1789.72 852.74 3146.93 4390.44 3712.7 677.74 2984.21 2537.97 600.742 446.244 1937.22 1717.73 815.989 379.745 436.244 1366.23 1955.22 1658.97 213.247 809.23 551.737 411.241 3544.94 1085.98 445.243 257.494 1239.98 251.246 876.967 1516.39 1006.93 486.465 520.465 4493.15 4102.66 2478.95 1898.46 395.242 1623.71 1258.22 998.724 343.495 988.738 301.495 3381.45 2567.03 1232.14 1334.89 688.434 646.451 376.717 416.466 238.734 2337.7 277.996 2682.63 1140.2 1542.43 207.746 993.406 376.718 294.494 580.488 458.491 1503.22 1397.47 1152.72 978.227 794.98 652.483 470.988 728.49 415.495 1670.22 1001.48 680.24 579.241 452.493 640.74
internal_count=182727 88082 94645 40861 47221 59527 43903 39948 32064 18685 38171 24553 13379 36565 35118 3955 2712 16308 15236 15624 1606 2748 2169 30158 29378 7990 35397 26370 8015 9027 3671 18355 21388 7834 5966 18487 17269 3088 14239 15157 13554 9956 3454 6502 2047 1203 4455 7159 3411 12588 17562 14851 2711 11937 10152 2403 1785 7749 6871 3264 1519 1745 5465 7821 6636 853 3237 2207 1645 14181 4344 1781 1030 4960 1005 3508 6066 4028 1946 2082 17973 16411 9916 7594 1581 6495 5033 3995 1374 3955 1206 13527 10269 4929 5340 2754 2586 1507 1666 955 9351 1112 10731 4561 6170 831 3974 1507 1178 2322 1834 6013 5590 4611 3913 3180 2610 1884 2914 1662 6681 4006 2721 2317 1810 2563
is_linear=0
shrinkage=0.02


Tree=4
num_leaves=127
num_cat=0
split_feature=12 5 231 231 231 21 231 231 5 5 63 63 135 185 5 225 224 30 34 72 32 80 156 72 22 225 63 108 147 231 201 231 147 123 156 109 173 79 223 174 147 4 201 91 30 201 212 177 185 116 95 1 123 236 141 97 231 32 227 106 69 0 201 121 191 135 191 41 5 214 147 119 222 43 128 157 108 182 193 214 23 36 191 171 214 99 36 223 39 181 191 236 191 225 180 193 227 214 51 119 4 140 177 136 141 214 72 140 73 65 21 209 104 154 30 231 128 214 21 191 223 4 62 69 23 21
split_gain=359.917 87.0082 73.6237 98.1471 69.7924 89.5367 47.9437 54.7798 47.5107 25.4389 26.1253 24.7178 23.7547 22.1732 24.1337 22.113 28.7201 21.2034 24.7944 20.892 20.5629 19.2771 17.9975 17.2814 17.1945 16.3433 16.0698 15.8489 19.0508 15.6887 15.7108 15.3259 15.0434 19.9027 16.8828 15.8759 14.5186 14.5025 14.3408 14.2396 14.214 14.652 13.9979 13.6998 13.1288 17.0372 16.5941 15.1264 13.2644 13.0791 12.8909 15.2461 12.7347 12.7254 12.6691 12.6016 12.585 12.3805 12.3789 12.5273 12.3742 12.3366 12.2966 12.2273 13.4111 12.2181 12.3181 12.1731 12.1437 13.5532 12.0121 14.9115 11.9289 11.9002 12.3254 11.8928 11.7075 11.6351 11.5982 11.718 15.0259 14.9765 12.746 14.3722 13.8923 11.4748 11.9775 11.6714 11.4486 11.4364 11.3686 11.2849 11.0427 12.1794 11.4198 10.973 18.9319 13.865 10.9605 13.2216 10.9412 10.9263 10.9042 15.6165 12.9242 16.2801 15.9412 17.5393 11.1827 10.9092 11.461 10.873 11.9452 10.8728 10.8626 10.8102 10.7984 16.7333 10.7539 10.7333 10.6641 12.4102 11.2343 10.6261 10.5252 13.243
threshold=1.0000000180025095e-35 1.3426295481622221e-05 0.48289918899536138 -0.55375361442565907 0.01527100056409836 -0.19583031535148618 0.10669767111539842 -0.54280677437782276 0.00012838873954024169 -1.4499177723337196e-05 0.00025380728766322141 0.00045484019210562115 0.65172481536865245 -0.0023387557594105597 5.831832640978974e-05 5.6146252973121598e-05 0.0033733774907886986 -0.00017147764447145161 0.00025914364960044628 0.00085130141815170657 0.51837486028671276 -0.0019244877621531484 0.0011420612572692337 0.00073014260851778101 0.00065256241941824566 0.00091415623319335293 0.00015054303366923707 0.061819219961762435 -0.0010853526764549313 -0.93743178248405445 0.013578738551586868 -0.23556562513113019 -0.0055216460023075334 0.0012971280375495555 -0.0059413341805338851 -0.0011733517749235032 0.67120507359504711 -0.0017217612476088104 -0.0024168388918042179 0.013345945160835983 -0.0073833400383591643 0.00025775606627576059 -0.0020632998785004015 0.16929033398628238 -0.00036437645030673588 -0.00022512798022944477 0.0085298004560172575 0.0013310758513398471 -0.0034232427133247252 0.00054142141016200196 -0.00011282235209364443 -0.00022542893566424024 0.0023960794787853961 0.64018383622169506 -0.0012573719723150132 -0.5787793993949889 -0.24403759837150571 0.50023877620697033 0.75000000000000011 -0.00090637942776083935 0.00063345281523652386 -3.8753082662879015e-06 -0.011544441804289816 0.00055463626631535601 0.0043633654713630685 -0.17934276163578031 -0.00094883309793658544 -0.00026802210777532304 -0.00021827891760040072 0.0023867929121479396 -0.0043227984569966784 -0.00040535653533879662 0.79379501938819896 8.9227436546934782e-05 0.0003154437144985423 0.0012230772408656778 0.86304306983947765 -0.0023095771903172131 0.0092195309698581713 0.0018029733910225334 9.3874859885545461e-05 -0.22775490581989286 0.00044746327330358332 0.00021669457782991233 0.0015331073664128783 0.00027025555027648812 -0.13290227204561231 -0.0049217168707400552 -0.00035169727925676847 0.60990467667579662 -0.0060551841743290416 1.554784417152405 -0.00079144493793137361 0.00038250110810622578 0.005333422916010023 -0.0039273703005164853 0.45000000298023229 0.0013546875561587515 -7.6102664934296618e-06 -0.00011047474617953411 -0.00013401398609858004 0.14862190932035449 0.0013621511752717199 0.0020115806255489592 -0.0019074999145232139 0.0019676069496199493 0.00093143605045042943 0.3461733758449555 2.2444962269219108e-05 -0.00022009265376254913 0.74311852455139171 -4.6148468754836351e-05 0.00039503441075794404 -0.00010978058708133175 -0.00031196829513646657 -0.46368156373500818 0.0010459284530952575 0.0022256169468164448 0.7076324224472047 6.536980799864979e-05 -0.0034556782338768239 -0.00043727837328333402 0.00015599724429193887 0.00035523227415978914 7.0556739956373362e-05 1.0953153967857363
decision_type=2 2 2 2 2 2 2 2 2 2 2 2 10 8 2 10 10 2 2 8 2 10 10 10 2 10 2 8 10 2 10 2 10 2 8 10 10 10 10 10 10 2 10 2 2 10 10 2 10 10 2 2 2 10 10 8 2 2 8 10 8 2 10 2 10 10 10 10 2 10 10 2 8 2 2 2 10 10 10 10 2 10 10 2 10 10 10 10 2 8 10 10 10 8 10 8 10 10 2 2 2 10 2 10 10 8 10 10 10 2 2 8 10 10 2 2 2 10 2 10 8 2 10 10 2 2
left_child=2 17 3 9 5 19 7 37 15 10 42 56 36 14 21 16 40 22 43 20 115 57 60 32 88 78 -17 -4 44 65 50 73 34 35 101 91 75 -3 67 116 -9 61 -1 54 45 62 -47 -48 70 -38 53 -52 120 -31 -19 -15 -10 -7 59 -11 114 -42 -29 -35 -65 66 -26 -30 -21 -70 71 -46 90 -18 -75 95 -54 -50 79 80 82 -81 -24 -84 -85 86 -44 -87 -12 -74 -62 -34 -14 94 -94 96 97 -8 -23 -100 -80 -6 103 108 -105 106 107 -106 111 -109 -111 -97 -113 -57 -2 -5 117 -28 -99 -16 121 -25 -123 -79 125 -39
right_child=1 6 27 4 23 13 12 8 11 58 24 -13 92 55 119 26 31 18 -20 68 -22 98 25 52 29 -27 39 28 38 30 -32 -33 33 63 -36 -37 49 124 -40 -41 41 -43 85 -45 48 46 47 -49 77 -51 51 -53 76 -55 -56 113 -58 -59 -60 -61 72 -63 -64 64 -66 -67 -68 -69 69 -71 -72 -73 89 74 -76 -77 -78 123 100 81 -82 -83 83 84 -86 87 -88 -89 -90 -91 -92 -93 93 -95 -96 102 -98 118 99 -101 -102 -103 -104 104 105 -107 -108 109 -110 110 -112 112 -114 -115 -116 -117 -118 -119 -120 -121 -122 122 -124 -125 -126 -127
leaf_value=0.00715947989582583 0.0088680022296334232 0.002017921471174969 0.002663658576282122 0.012585597339769921 -0.0026059913475947787 0.0036478570675498468 -0.0050144913616823111 0.0010074429005602343 -0.013498151478825526 7.9831618301882094e-05 -0.0053724935426740826 -0.0016183858965154866 0.00055682784854941105 0.0036140402019441036 0.0012175757241271756 0.00042366729720905746 0.0008452617457617008 -0.0025311318402989826 -0.0030182030875215795 0.010137806823362724 0.001312708770129237 0.0076908097695237094 -0.006035973222109141 0.0046788605034446167 -5.7268118960494682e-05 -0.0073352521284457545 -0.0070160164765105879 -0.0034056419596880903 0.0094356127238240401 0.0044405905875567649 -0.0017456905295363606 0.0020067984706659114 0.00090703772223836901 0.0090006365073391353 0.0076018488967097148 0.0049299970119104823 0.0075836942009190099 -0.00057134572427434179 -0.0017331426689607902 0.00032424806217186381 0.0011651739902758744 -0.011736224309351138 0.00031587849350127014 -0.0028299692724276914 -0.0054541761554124501 -0.0068616121143997913 0.0036892413932904612 -0.0029758362372153085 0.0035195054601534154 -0.00065779677496885492 0.0065414273985080476 0.00068820043146366637 0.0082991644983877195 0.011986721197932756 0.0034826073572840062 -0.007927884346918301 -0.0073610924409310751 -0.0034774609490536598 -0.0056939930701523159 -0.005188263886335258 0.004063065817121069 -0.0062787632163559762 0.0035940380909557112 -0.0023274740884313264 0.0058881631267137585 0.0024508779012332787 -0.0070326206805439526 0.0012931287350342996 0.0050557949025719987 -0.00097943574270112767 -0.0072379219867253972 0.0020070674582907482 0.0067652722344417665 -0.0010794691224161961 -0.009903993011167846 -0.0063576457839870379 -0.00066490195340492941 -0.00459278037147514 0.0072008370361951813 0.0018000050046641099 0.0031671229848508169 -0.0039771002844028978 0.0028695867019725542 -0.0051712842843055643 0.002200396544427787 -0.0048069666641767685 0.0074876156035407343 0.0029981159377770591 0.00010548730633234494 -0.00037344546786852737 -0.00010637069767672379 -0.003747167205113925 -0.0087121240461403935 -0.00044357188943001924 -0.0012780013073294193 0.0060254579423621437 -0.0070333746029209235 0.0036849992712482999 -0.00032282766515836988 0.0076002246922663936 0.00042255395572090074 0.0046877448051865483 0.0020453764064261993 0.003581985285700264 -0.006270033508979464 0.0023976530328257417 -0.0075036685167131851 -0.0036431137712508881 -0.0031014819899886693 0.0075832337388247809 -0.0011962141581308889 -0.0036246931153986564 0.0033361293148304379 -0.00093440516583108131 0.0024301647565606508 0.0081490646954512254 -0.010200149956951246 0.0013269851805596787 -0.0020884438951913739 -0.0056998206905349421 -0.0058480189162338136 0.0010508258438291509 -0.0040246335133570016 0.0023050654324806132 -0.0030647096547343888 -0.0067012034001845732
leaf_weight=435.95838560163975 134.493746727705 295.23997788131237 459.22249275445938 346.19156065583229 137.23912662267685 204.73019751906395 181.74423958361149 109.24672915041447 383.22382192313671 3084.9249013513327 145.49420200288296 147.24286565184593 153.49596884846687 141.98960027098656 241.49018356204033 134.99672023952007 184.99502497911453 163.74618028104305 1721.2148335576057 141.72418348491192 156.48739671707153 589.45191876590252 153.74533176422119 144.98679468035698 322.98305225372314 117.24834850430489 520.48196071386337 110.74114842712879 118.99339556694031 398.47746962308884 200.74352602660656 534.73422174155712 1674.8716005384922 204.73143096268177 427.21223086118698 338.97003789246082 146.99719515442848 1570.469040825963 197.99211640655994 100.24694150686264 110.99576546251774 154.49194829165936 157.2423193603754 278.74355715513229 225.74197465181351 213.23908787965775 199.98932629823685 338.23347148299217 155.49520060420036 137.49680355191231 237.23573471605778 596.22004851698875 101.49137260019779 118.24244576692581 619.2256047129631 105.24438047409058 354.73358690738678 152.74164132773876 154.7476939111948 171.74499210715294 281.2388004809618 338.985790386796 447.96644654870033 121.73963035643101 170.4827641248703 397.47985076904297 127.74407286942005 171.74087329208851 769.401218354702 176.23201617598534 405.98492138087749 175.49416281282902 232.24347697198391 128.99496600031853 115.74468965828419 124.24727427959442 106.74091474711895 284.73880390822887 126.74675559997559 226.99535870552063 473.73792535066605 690.48484116792679 347.98966754972935 259.24249678850174 146.99665205180645 123.99240018427372 215.23853516578674 144.49471028149128 1950.9292055666447 136.24679870903492 1980.1965466737747 217.73452168703079 340.24200052022934 155.99548684060574 117.24685320258141 224.24509394168854 233.49394792318344 274.99404719471931 205.49175700545311 120.99360512197018 279.24518755078316 154.73569595813751 819.73189261555672 121.49778270721436 190.74646170437336 175.49646590650082 313.99169792234898 108.24821750819683 148.24697531759739 110.24781835079193 100.74787409603596 145.49738211929798 224.74557112157345 329.72967781126499 406.48647166788578 1688.2267425060272 392.48633997142315 109.99643579125404 211.99431720376015 117.99654942750931 144.24282871186733 345.73040334880352 319.23125497996807 111.99644589424133 3486.1714240908623 135.49645853042603
leaf_count=1744 538 1181 1837 1385 549 819 727 437 1533 12340 582 589 614 568 966 540 740 655 6885 567 626 2358 615 580 1292 469 2082 443 476 1594 803 2139 6700 819 1709 1356 588 6282 792 401 444 618 629 1115 903 853 800 1353 622 550 949 2385 406 473 2477 421 1419 611 619 687 1125 1356 1792 487 682 1590 511 687 3078 705 1624 702 929 516 463 497 427 1139 507 908 1895 2762 1392 1037 588 496 861 578 7804 545 7921 871 1361 624 469 897 934 1100 822 484 1117 619 3279 486 763 702 1256 433 593 441 403 582 899 1319 1626 6754 1570 440 848 472 577 1383 1277 448 13945 542
internal_value=9.60883e-05 -0.00167535 0.00187889 0.00237444 0.00372554 0.00524713 -0.002649 -0.0034829 -0.0053186 0.000850846 0.00168135 -0.00935913 -0.00101089 0.00210892 0.0032893 -0.00404548 -0.00249546 -0.000111883 -0.00154827 0.00733697 0.0084856 0.00456549 0.000558016 0.00189932 0.00100101 -0.000601696 -0.0060415 -0.000733727 -0.00124136 0.00215008 0.00333358 -0.000222186 0.00260679 0.00190306 0.00515295 0.00107312 -0.000383146 -0.00218979 0.00232271 -0.00681235 -0.00547759 -0.00664437 0.00445134 0.00084648 -0.00190625 -0.000464764 -0.00240433 -0.000455822 -0.0032686 0.00381897 0.00410322 0.00246852 -0.000207625 0.00654971 0.00219321 -0.00123002 -0.0108202 0.000580391 -0.000507652 -0.000227961 0.00158758 -0.00447114 0.00213689 0.00544425 0.00253569 -4.08634e-05 -0.00224901 0.00501854 0.00491114 0.00393405 -0.00487318 -0.0022504 0.00100355 -0.00296169 -0.00568577 -0.000724134 0.00404854 -0.000834771 -0.000258158 -0.000813505 0.000352712 -0.00253987 -0.00115232 -2.66139e-05 -0.00252577 0.00244849 0.00463045 -0.000689779 -0.000321868 0.00424244 0.000443226 0.000338011 -0.00418731 -0.00535442 -0.00694021 -0.000494745 -0.00237687 -0.000593988 0.00607516 0.00288263 0.00277739 0.00131213 0.000150966 -0.000695138 -0.00217002 -0.00292579 -0.00408956 -0.00178371 0.00152936 0.00110845 0.00365054 0.00274751 0.000555105 -0.00290063 0.00428978 0.00901919 -0.00750452 -0.00556441 0.00118848 -0.0012337 -0.00120049 -0.000251838 -0.00143214 -0.00262838 -0.00243588 -0.00113022
internal_weight=45546.4 22846.6 22699.7 19082.2 10098.3 5488.12 14070.4 9308.97 3821.6 8983.89 5572.48 885.2 4761.39 2209.86 1632.9 2936.4 1678.19 8776.27 2782.93 3278.26 2190.91 1273.41 5993.34 4610.14 4495.55 2822.43 1258.21 3617.57 3158.35 2399.13 1550.92 964.469 3447.72 2728.53 719.187 2231.58 3994.41 5487.38 488.726 1123.21 713.72 604.474 1076.93 1061.72 2669.62 1310.17 751.462 538.223 1359.45 284.494 1350.18 833.456 1162.42 516.72 782.972 576.964 737.957 357.472 3411.42 3256.67 3170.91 449.982 558.708 496.954 292.222 848.207 450.727 290.734 1087.36 945.633 807.221 401.236 2629.93 429.735 244.74 3709.92 208.232 552.23 2705.18 2299.19 1381.71 917.48 907.974 754.229 406.239 640.968 372.481 268.487 2096.42 368.49 2261.44 1892.61 766.98 613.484 457.489 3585.67 902.227 668.733 915.937 326.485 405.992 291.975 2683.44 1863.71 1120.98 999.479 823.982 509.99 742.735 319.244 210.996 594.488 370.243 434.974 540.98 2034.42 1022.96 630.478 486.988 359.487 954.191 809.948 664.962 396.735 5192.14 1705.97
internal_count=182194 91389 90805 76334 40397 21955 56283 37237 15287 35937 22291 3541 19046 8840 6532 11746 6713 35106 11132 13115 8765 5094 23974 18442 17983 11290 5033 14471 12634 9597 6204 3858 13792 10915 2877 8927 15978 21950 1955 4493 2855 2418 4308 4247 10679 5241 3006 2153 5438 1138 5401 3334 4650 2067 3132 2308 2952 1430 13646 13027 12684 1800 2235 1988 1169 3393 1803 1163 4350 3783 3229 1605 10520 1719 979 14840 833 2209 10821 9197 5527 3670 3632 3017 1625 2564 1490 1074 8386 1474 9046 7571 3068 2454 1830 14343 3609 2675 3664 1306 1624 1168 10734 7455 4484 3998 3296 2040 2971 1277 844 2378 1481 1740 2164 8139 4092 2522 1948 1438 3817 3240 2660 1587 20769 6824
is_linear=0
shrinkage=0.02


Tree=5
num_leaves=127
num_cat=0
split_feature=9 7 15 233 140 224 182 7 7 74 153 234 107 115 95 27 159 95 177 98 53 152 143 236 103 114 15 127 218 174 74 165 138 184 61 34 181 114 3 143 215 27 155 37 236 63 139 185 217 136 218 159 204 15 224 74 98 68 188 182 136 174 174 57 73 60 214 145 108 116 61 212 77 4 100 181 185 63 77 95 140 217 117 180 150 225 61 118 190 201 114 108 229 53 70 176 153 218 232 60 103 105 229 156 212 99 224 188 214 63 74 83 184 4 217 153 236 150 9 225 212 236 57 219 53 102
split_gain=361.791 59.6003 41.6438 40.4004 27.5317 26.983 24.5955 26.3612 23.0336 19.8901 18.717 17.5963 17.4809 16.3776 16.2723 16.1932 18.2719 16.1734 14.0361 17.0922 16.4993 14.0048 14.6236 13.9866 13.4276 20.7028 19.4811 19.0223 15.4374 14.9564 13.2644 15.5328 23.3298 13.8968 13.2324 14.0113 13.1989 19.1359 17.9683 18.076 20.3051 13.4962 15.4531 13.1762 13.019 16.0634 13.3329 12.9393 16.2227 14.7563 12.7852 12.7443 12.6922 13.2767 12.6919 12.4782 12.4204 12.3033 12.1332 12.1083 12.062 13.4661 18.175 14.4264 12.1345 11.9175 11.9068 15.7796 11.8526 14.6781 12.9074 11.9817 11.7757 13.2467 11.7645 12.2226 13.6587 11.7136 11.7103 11.5815 12.0866 11.75 16.1534 11.546 11.4265 11.3725 12.6676 10.8582 10.7173 10.6574 10.6565 11.4285 13.6773 13.3525 11.3105 10.64 10.599 10.9411 10.5944 10.4704 10.3834 11.6268 15.0588 13.336 14.1252 13.3925 11.4982 10.807 13.5929 16.4892 13.3295 14.3385 18.2352 13.1817 10.3641 10.2953 10.2193 10.1928 10.1245 10.1148 10.0827 10.0729 13.1481 10.0618 10.0186 10.0156
threshold=-5.8733623973239438e-06 4.9208983909920796e-05 -0.30268497765064234 1.0000000180025095e-35 0.85655376315116893 0.012468232773244383 -0.00990498438477516 0.00025328215269837534 4.7666419050074189e-05 0.046308925375342376 0.00047331141831818973 1.0000000180025095e-35 0.0008101347484625877 0.00065365550108253967 0.00030188723758328711 -0.00029130493931006635 0.00099852727726101897 -0.00023726625659037379 0.0012885769829154017 0.0047208094038069257 0.074196707457304015 0.00028166081756353384 0.83393552899360668 -1.1201797127723692 -0.0011400009389035402 -9.6021951321745278e-05 -0.028835625387728211 7.3647832323331399e-05 0.0026793129509314899 0.003128927201032639 -0.32332307100296015 -0.00010122326057171448 0.00067995869903825234 0.028572714887559417 0.00023844217503210532 0.00020470943854888904 0.118488397449255 -3.5216851756558747e-05 9.4069258921081214e-05 0.44319115579128271 0.0027325757546350364 -0.0001188031383207999 -0.004773517604917287 0.35000000894069677 0.14669453352689746 0.00037912174593657261 0.0011996204848401251 -0.0035515872295945878 -0.0030432275962084527 0.0023032581666484479 0.0047883964143693456 0.0006893783574923874 -0.0054065594449639312 -0.065376304090023027 0.00092902156757190834 -0.29949715733528132 0.0022051706910133366 -0.0004519654758041724 -0.19213321059942243 -0.0024747166316956277 0.0015081869787536564 0.004317822167649866 0.0062049219850450763 -1.7178327652800359e-05 9.9697098221440704e-07 0.0010520525975152852 0.0013927566469646992 0.0018775197095237674 0.013920826371759178 -4.7545941924909123e-05 0.00027375429635867482 0.018002259545028213 0.00082746369298547517 0.00028443463088478898 0.00045760370267089462 0.10364739224314691 -0.003588039660826325 0.00064985113567672681 0.00033693488512653863 -0.00011737894601537845 0.07976980879902841 -0.0053827436640858642 -0.00074537887121550728 0.0011963480501435699 -0.0074674498755484811 0.00044398003956303006 0.00018518159777158874 -0.0030325941042974587 -9.8988657555310042e-05 -0.0064994057174772015 0.00025421430473215883 0.21455652266740802 -0.21205285936594007 -0.19540606439113614 0.11165857315063478 0.00068568126880563806 0.00039852141344454145 0.0082163228653371351 3.5000000000000004 0.0010209468309767546 -0.0014507349696941672 0.94321599602699291 0.0087950280867517012 -0.000362442951882258 0.00457132630981505 0.00032793762511573737 0.00099347910145297668 0.1824593394994736 0.001780823396984488 0.00022637593065155673 -0.2098802104592323 0.00053484400268644105 0.70043042302131664 -2.0214782125549388e-05 -0.0031613835599273439 -0.00074020863394252945 -0.33445321023464197 -0.31971268355846399 -0.0001854905276559293 0.00018754241318674761 0.014155295677483084 0.48941290378570562 -4.330737465352285e-05 0.27625595033168798 0.36966621875762945 0.34200544655323034
decision_type=2 2 2 2 8 10 10 2 2 10 10 2 8 10 2 2 2 2 2 10 2 8 10 10 10 2 2 2 8 10 10 10 10 8 10 2 8 2 2 8 10 2 10 2 10 2 2 8 8 10 10 2 10 2 8 10 8 10 8 10 10 10 10 2 10 10 8 10 10 10 10 10 2 2 10 10 8 2 2 2 10 10 10 10 10 8 10 10 8 10 2 10 2 2 10 10 10 10 2 10 8 10 2 10 8 8 10 10 10 2 10 2 10 2 10 10 10 10 2 10 8 10 2 8 2 10
left_child=2 12 11 4 8 24 14 10 9 17 13 -1 58 30 88 16 -14 -4 19 20 -12 22 -6 -15 25 74 47 28 34 -28 31 89 -33 -32 35 -27 37 117 39 60 52 42 -39 99 45 50 -47 78 -49 -50 -7 -34 -41 -54 -13 -35 -18 66 -2 -45 -38 63 64 118 83 -22 67 -11 -56 90 -71 -72 73 100 75 -5 -77 -9 123 81 -81 -76 -83 -63 -79 86 121 -82 -3 -8 91 92 -70 -93 -94 -67 97 -52 -25 -42 -17 102 106 105 -105 -104 -102 108 110 -110 113 112 -112 -106 -46 -95 -65 -19 -62 -108 -75 122 -68 -26 -57 -89
right_child=1 6 3 5 21 44 7 77 -10 57 18 54 15 23 -16 72 56 36 -20 -21 65 -23 -24 98 26 27 29 -29 -30 -31 33 32 51 55 -36 -37 38 41 -40 40 43 -43 -44 59 114 46 -48 48 49 -51 96 -53 53 -55 68 124 -58 -59 -60 -61 61 62 -64 116 -66 95 85 -69 69 70 71 -73 -74 120 79 76 -78 84 -80 80 87 82 -84 -85 -86 -87 -88 125 -90 -91 -92 93 94 115 -96 -97 -98 -99 -100 -101 101 -103 103 104 107 -107 119 -109 109 -111 111 -113 -114 -115 -116 -117 -118 -119 -120 -121 -122 -123 -124 -125 -126 -127
leaf_value=-0.0020015071121531366 0.0035767317411233989 0.0045368069430465601 0.007948348370206559 0.0088850815053615872 -0.0070487758430711894 -0.0079596993935747134 -0.002190024717940383 -0.0047260898676863066 -0.0017945817967044498 0.00054656864357290785 -0.00089643256705529309 0.007951623521169229 0.0028795630203952323 -0.0053470982291671529 -0.0043621593349484102 -0.0057555822823874064 -0.0063191590412022859 0.0022661143110359648 -0.002220312775977131 0.0025420593853035457 -0.0080728542713204982 0.0014277892625293748 -3.1921942397323489e-05 0.0032061285765323439 0.0036760465343197457 -0.0029875744500778949 -0.007956196641056729 0.0046679033141043876 -0.0064563086132536085 0.00092029957676123227 -0.0071908844196114244 -0.0048978024387576176 0.0057967406470583382 0.0035207646608038439 -0.0048969764654693869 0.0058015127732457617 -0.0026444420952694576 -0.0019945052283920294 -0.0013523924917511884 -0.0012969553016564303 0.0012740113054483845 -0.0040027076826625926 0.007469626540979761 0.0032038248524712794 -0.0019936825514467603 0.0032697549382806395 -0.0021127951984098539 -0.0033961472718398843 0.0072186284642098723 0.0010175202607610701 -0.0034410010385490515 -0.0021529298234634385 0.0066016763991560571 0.0023849984248065668 -0.0015742810583763652 -0.001686838125173438 -6.7668131888117423e-06 0.0042073270363426982 0.00023267768304915899 -0.0019811798316794584 0.0023761675464489826 -7.5798800125461216e-05 0.0028951676681920591 0.0050344133434877762 0.0025268745755502946 -0.0013908668824994916 0.0046930009461818405 -0.0067501916209122496 0.003988795475035398 0.0016454184841178674 0.0081051197692897734 0.00012407892849800105 -0.0049918028183464679 0.0045465256031747897 0.0054737185644841146 -0.0022852280938453237 0.0058714772048218582 0.0030833580393215105 -0.0002558204262037082 -0.0062000398774784684 0.0036757451444626157 -0.0038278713338718647 0.0039960886679984457 -0.0067180379137964322 -0.0042995094067239895 0.0050250754324201877 0.0029873016334385854 -0.004564314511574896 -0.001860968364834765 -0.0098646153186399809 0.0094277699317473259 0.0070738561805721847 -0.0054545884137508702 -0.0024638557275918887 0.0028378488882017882 -0.0070407547914689709 -0.0060494607007251034 0.0040779667954289776 -0.0021401047968936707 0.0090088536625860267 0.0018746002170913446 -0.0043774062034027542 0.0052563713345371403 -0.005915403320581502 0.0085448444855143815 -0.001794447135586256 -0.0043667812580367848 0.0036916801778297688 0.001145689996409432 -0.0059024247510037773 0.0016340206222179975 0.0029073187542273536 -0.0062931524744219546 0.00087053859551818405 0.0027243678657906385 0.0042470758878992163 -0.00097445910681107312 0.0089509872193742832 0.010749650891449422 0.00076227564537185728 -0.0024770841234469086 -0.0060129974941545063 -0.0026445405602797344 0.0085868459800589013 0.0032789181398908329 0.001325768476418903
leaf_weight=209.98480887711048 612.97602254152298 388.97935473918915 275.20447938144207 130.24201022088528 213.73437193036079 272.74348820745945 123.99205595254898 2642.0969317257404 448.73577274382114 288.71829253435135 286.98864190280437 264.70411017537117 844.21867723762989 102.7461688965559 138.99631340801716 193.74405981600285 142.49701806902885 134.72913454473019 2081.1528794020414 108.74647769331932 677.95516714453697 438.47216860949993 241.98075559735298 585.98038068413734 507.70823174715042 113.24345704913139 100.74762476980686 116.99538122117519 348.48565471172333 194.99511410295963 149.74466907978058 471.48026493191719 152.74478808045387 183.99348559975624 166.99155054986477 143.99375280737877 218.73235476016998 100.4863548874855 396.71523654460907 104.48629711568356 148.2317238599062 104.48863190412521 160.4747888147831 287.97014459967613 306.24022394418716 232.74306410551071 661.73253765702248 209.23821757733822 189.98111616075039 602.97042408585548 143.2469434440136 136.24480853974819 1373.0463704913855 419.71625590324402 168.22843767702579 5225.8304295092821 535.9889252781868 366.21959939599037 1390.4503737986088 414.20890222489834 105.22863461077213 198.97383609414101 782.90046641230583 195.71958410739899 171.48264333605766 323.73293468356133 132.98688398301601 177.98221741616726 558.16536203026772 1675.2841659635305 243.21894617378712 106.24009136855602 322.4922097325325 251.24285170435905 265.48545575141907 153.9895578622818 138.49339908361435 154.49543944001198 162.24156181514263 134.24357129633427 200.74095210433006 190.24235506355762 191.99196130037308 201.97658756375313 141.74661284685135 238.72941261529922 371.95799890160561 218.2416267991066 128.24607856571674 218.73957677185535 178.72374080121517 788.38076370954514 121.73645287752151 107.73500347137451 105.48434583842754 222.9888606518507 166.99626332521439 127.24696934223175 180.74364160001278 127.23498743772507 177.49413685500622 397.7397880256176 315.99206577241421 165.74546654522419 114.99677160382271 146.49624365568161 844.7271743863821 236.24530984461308 204.49459943175316 330.99281993508339 183.49568456411362 217.74552009999752 266.99328702688217 281.74226915836334 416.48686191439629 340.44781972467899 226.97477924823761 437.68207742273808 161.97752118110657 180.49631379544735 101.99715347588062 136.48894800245762 250.22397875785828 282.48460209369659 149.74523241817951 210.49231415987015
leaf_count=840 2452 1556 1101 521 855 1091 496 10569 1795 1155 1148 1059 3377 411 556 775 570 539 8325 435 2712 1754 968 2344 2031 453 403 468 1394 780 599 1886 611 736 668 576 875 402 1587 418 593 418 642 1152 1225 931 2647 837 760 2412 573 545 5493 1679 673 20904 2144 1465 5562 1657 421 796 3132 783 686 1295 532 712 2233 6702 973 425 1290 1005 1062 616 554 618 649 537 803 761 768 808 567 955 1488 873 513 875 715 3154 487 431 422 892 668 509 723 509 710 1591 1264 663 460 586 3379 945 818 1324 734 871 1068 1127 1666 1362 908 1751 648 722 408 546 1001 1130 599 842
internal_value=4.70452e-05 -0.00168575 0.00187438 0.00141296 0.00223398 0.000279351 -0.00244295 -0.00261651 0.00256063 0.00278856 -0.00217362 0.00350691 -0.000342706 -0.00160354 0.00131024 -0.000848876 0.000945071 0.0033033 -0.00334175 -0.00473742 -0.00528744 -0.00109529 -0.00348087 0.000963386 0.00110991 0.000161899 0.00224587 -0.00231055 -0.00345826 -0.00241599 -0.00193301 -0.00392861 -0.00223225 -0.00153503 -0.000815697 0.0019959 0.00308196 0.00527928 0.00269201 0.00300827 0.00405918 0.00158121 0.00394278 0.00167112 -0.00149008 -0.0024845 -0.000671372 0.00296856 0.00134137 0.00264427 -0.00468705 0.00215209 0.00525947 0.00565169 0.00376271 -0.00135747 -0.00147549 0.00100372 0.00128108 0.000175076 0.00164991 0.00213034 0.000945617 0.00436556 -0.00172845 -0.00628549 0.000226167 -0.00239918 0.00347545 0.00368297 0.00241524 0.00581684 -0.001404 -0.00113267 0.00137321 0.00421909 0.00170564 -0.00430603 0.00461794 0.000473835 -0.00118252 0.00240374 0.000105307 -0.003582 -0.000497717 0.00133295 0.000255884 4.55094e-05 0.00294025 -0.00736197 0.00481709 0.0043212 0.00234568 0.00551862 -0.00168679 -0.00386241 -0.00238801 0.000133343 0.00192347 0.00521462 -0.00144374 -0.00121109 -0.000845835 5.38724e-05 -0.000659329 0.00304117 -0.00266048 -0.000126407 -0.000728606 -0.00326651 0.00058419 -0.00113678 -0.00313201 0.0033983 0.000725342 0.00259755 0.00190957 0.00750718 0.00784718 -0.00346647 0.00249441 -0.0017373 8.30662e-06 0.00560023 -0.00153687 -0.0017423
internal_weight=45664 23439.1 22224.9 17356.5 10054.9 7301.68 14978.1 14321.9 9160.68 8711.95 11383.6 4868.33 8461 7681.99 656.222 6457.58 1522.7 6748.64 3701.56 1620.41 1511.67 894.187 455.715 869.47 4974.24 2723.87 2250.37 889.71 772.714 295.743 6812.52 1103.2 760.47 5709.31 424.229 257.237 6473.44 937.861 5535.58 5138.86 2874.89 365.45 260.961 977.646 2327.44 1604.71 894.476 1954.62 1002.19 792.952 710.234 288.99 1897.25 1792.76 4658.35 5559.57 678.486 1963.31 2003.43 702.179 2263.97 2045.23 1355.33 689.901 572.433 1224.68 1597.09 466.701 4393.65 4225.42 2024.74 349.459 4934.87 4612.38 1834.16 422.725 292.483 2938.34 952.434 1411.44 763.718 647.72 382.234 400.95 296.242 1130.39 891.658 629.475 517.225 342.732 2200.67 2021.95 785.386 1236.56 227.221 546.722 437.49 270.494 766.724 275.467 4259.14 4065.4 3667.66 2464.94 2002.45 462.488 1202.72 1836.71 1600.46 535.487 1064.97 668.234 450.489 396.739 722.727 448.183 422.694 572.411 267.206 1025.22 353.24 519.7 383.211 790.193 5375.58 428.734
internal_count=182668 93760 88908 69432 40224 29208 59915 57290 36647 34852 45536 19476 33845 30729 2625 25831 6091 26998 14807 6482 6047 3577 1823 3478 19898 10896 9002 3559 3091 1183 27251 4413 3042 22838 1697 1029 25897 3752 22145 20558 11501 1462 1044 3911 9310 6419 3578 7819 4009 3172 2841 1156 7590 7172 18636 22239 2714 7854 8014 2809 9057 8182 5422 2760 2290 4899 6389 1867 17577 16904 8100 1398 19740 18450 7337 1691 1170 11754 3810 5646 3055 2591 1529 1604 1185 4522 3567 2518 2069 1371 8804 8089 3142 4947 909 2187 1750 1082 3067 1102 17037 16262 14671 9860 8010 1850 4811 7347 6402 2142 4260 2673 1802 1587 2891 1793 1691 2290 1069 4101 1413 2079 1533 3161 21503 1715
is_linear=0
shrinkage=0.02


Tree=6
num_leaves=127
num_cat=0
split_feature=15 11 231 231 231 231 231 9 5 72 231 15 11 236 188 95 222 149 150 99 217 74 79 19 180 171 138 23 205 184 211 85 15 23 222 222 213 186 220 222 232 33 77 186 143 119 11 77 154 108 222 35 22 186 85 184 215 53 194 190 212 145 171 187 95 236 74 69 75 5 188 139 161 59 69 220 186 77 33 38 220 231 39 39 101 191 231 231 40 155 229 176 171 145 194 32 213 26 220 22 202 171 231 72 115 150 104 213 123 9 215 213 149 139 209 77 211 191 95 33 128 95 22 213 176 171
split_gain=392.269 55.3219 51.017 91.8514 79.622 48.3254 114.157 42.9009 41.6979 39.2891 28.6376 25.819 24.53 21.8398 21.6808 24.9704 19.0897 19.0583 18.8989 17.7625 17.5341 17.053 16.9796 19.3322 16.4424 16.4121 16.058 23.2819 15.7734 15.6016 15.0763 15.0646 14.7764 14.5432 14.401 17.5273 14.2499 14.2426 17.5709 14.1864 22.1119 14.1287 13.7354 13.7043 14.8866 14.3663 13.4975 13.4315 13.0709 14.4004 12.8704 13.1968 12.7007 12.6242 19.0806 12.5468 12.9004 12.5461 12.4854 12.6008 12.4563 12.4453 12.3134 12.2563 12.2844 11.8367 12.3405 11.7873 11.7215 11.7203 11.5776 11.4309 11.3793 11.3756 11.1817 11.172 11.0592 11.0033 10.9476 11.6312 13.3662 10.9403 10.9155 11.2472 11.6606 10.8639 14.5443 16.339 15.8951 13.4429 16.7785 15.666 11.9449 11.6534 10.8462 10.8169 10.8045 10.7228 12.6748 12.4174 15.0071 11.3898 10.2755 10.2755 11.738 10.2172 10.9839 10.6748 15.6414 14.1888 15.4467 12.9796 11.8271 11.0425 9.98774 9.95715 11.7176 9.88526 14.8752 15.648 11.0899 15.4113 16.228 13.1745 13.8785 10.9156
threshold=0.014274094253778459 6.1100439779693274e-05 0.49810825288295751 -0.56099891662597645 -0.35224922001361841 0.02835773024708033 -0.54280677437782276 -9.6548024885123582e-05 0.00010471382483956405 0.00079630065010860573 0.01527100056409836 -0.26842705905437464 -0.00012107524162274784 0.34032762050628668 -0.44568510353565211 -3.1020916139823378e-05 0.80938416719436657 -0.00036717580223921681 0.062721416354179396 0.00054128962801769387 -0.0012694073375314472 -0.17370625585317609 -0.0016746213659644125 1.8040657323581402e-06 0.000584448891459033 -0.000227847762289457 0.00074959688936360191 7.0979494921630262e-05 -0.41179029643535608 0.74061751365661632 -0.57757696509361256 0.00050543883116915833 0.11521946638822557 3.9253111026482663e-05 0.83172675967216503 0.76951509714126598 0.0015145761426538231 0.0018837135285139086 -0.0054661999456584445 0.60085090994834911 3.5000000000000004 -5.6582548495498479e-05 -2.136729290214134e-05 0.017374338582158092 0.87280201911926281 0.00065963465021923195 0.00021999891760060566 0.00020113267964916306 0.00043156274477951234 0.12891065329313281 0.95730945467948925 2.0414013306435667e-05 0.00085461456910707067 0.0030826730653643612 -0.00040626082045491779 0.85012996196746837 0.0029868888668715958 -0.065298147499561296 0.017551393248140815 0.0019287168397568168 0.0058023699093610057 0.00026067213912028825 -0.00010037631727755068 -4.5620523451361798e-05 -0.0003317904047435149 0.39820346236228948 -0.17832642048597333 0.00030852493364363914 0.65000000596046459 -5.1643331971717992e-05 -0.1687289699912071 0.00084734914707951259 -0.0011504190624691544 -0.46574440598487848 0.00037238994264043873 -0.00090047038975171734 0.0040114927105605611 -1.813832750485744e-05 -0.00016383409092668441 8.0961026469594816e-06 -0.0023158838739618655 -0.26092512905597681 -2.2880415599502154e-05 -0.00018445772002451119 0.0005757769977208228 -0.00075581861892715086 0.32350382208824163 0.48289918899536138 0.0005529484769795091 0.0025956796016544108 0.19570038467645648 0.00058707967400550853 2.4281787318614083e-06 0.004372598137706519 0.0026667960919439797 0.33637754619121557 0.00082266391837038111 0.61548453569412243 -0.0088467989116907102 0.00018928805366158488 1.0000000180025095e-35 -0.00013980892254039642 0.35632950067520147 0.0012941453605890276 -0.00023206007608678189 -0.41135680675506586 0.00048524988233111804 0.0019126733532175424 -0.0019500818452797828 -0.00043138314504176373 0.0026503694243729119 0.00099389912793412826 0.00012954208796145397 0.00072552787605673086 0.00029989321774337446 9.2113473328936396e-06 -0.032649755477905266 -0.0047090803273022166 6.0686246797558858e-05 -0.00014600219583371651 0.0016043035429902377 -6.2274950323626385e-05 0.00046167676919139927 0.0010677437530830505 0.00069362498470582079 9.2986025265418007e-05
decision_type=2 2 2 2 2 2 2 2 2 10 2 2 2 10 10 2 8 8 10 8 10 10 10 2 10 2 8 2 10 10 8 2 2 2 10 10 10 10 8 8 2 2 2 8 10 2 2 2 10 10 10 2 2 8 2 10 10 2 8 10 10 10 2 8 2 10 10 10 2 2 10 2 2 10 10 8 8 2 2 2 8 2 2 2 2 10 2 2 2 10 2 10 2 10 10 2 10 2 10 2 10 2 2 10 10 10 10 10 2 2 10 10 10 2 10 2 8 10 2 2 2 2 2 8 10 2
left_child=2 33 3 11 7 6 22 20 17 10 12 65 53 26 31 58 18 -8 -9 -10 69 42 25 41 30 -3 27 60 -12 52 -23 -7 68 37 35 36 46 38 74 48 63 -24 -17 44 61 -46 -34 117 49 -35 51 75 -28 67 -55 56 -39 70 59 -16 -11 -4 -49 -41 -65 82 -67 -6 77 71 72 -5 -51 -62 -2 97 94 -19 -44 -80 -81 -14 83 84 -1 86 -26 -88 -89 91 -91 92 -87 -92 -66 -31 -63 99 101 100 -13 -99 -15 104 -50 106 -98 108 -107 -110 111 -111 -109 -113 -77 116 -83 -30 119 120 121 123 -123 -119 -125 -126
right_child=1 5 43 4 9 14 8 16 19 13 28 50 81 102 15 21 -18 32 -20 -21 -22 24 23 -25 85 -27 29 -29 47 95 -32 -33 34 39 -36 -37 -38 55 -40 40 -42 -43 78 -45 45 -47 -48 62 103 57 -52 -53 -54 54 -56 -57 -58 -59 -60 -61 73 96 -64 64 76 66 -68 -69 -70 -71 -72 -73 -74 -75 -76 114 -78 -79 79 80 -82 115 -84 -85 -86 89 87 88 -90 90 93 -93 -94 -95 -96 -97 105 98 -100 -101 -102 -103 -104 -105 -106 107 -108 112 109 110 -112 113 -114 -115 -116 -117 -118 118 -120 -121 -122 122 -124 124 125 -127
leaf_value=0.0056921276285866731 0.00406473806714709 0.0067849820116244273 0.0032457340520086913 0.017076188225193488 0.01114158313354008 0.0063530180761514942 0.0031356477590128778 0.007119581112141205 -0.0110777503220417 -0.0035387291847799301 -0.0026588656371184113 0.009089532256607271 -0.0018956753213022807 -0.0022979296453440484 0.00056787886000449921 0.00058031266601573425 -0.0014603928589914006 0.00051614021382286642 -0.00043091717877105239 -0.0040355619390843962 0.002940232886138195 -0.0019288165293995429 -0.00098387607565874778 -0.002845375878839573 -0.0033123016097520164 -0.0020251190665042836 -0.0023281536680959379 0.0083031790420275212 0.0076412011097516568 0.0060680613186652119 0.0070917607210996313 -0.0013206256109021702 -0.0050494357741063282 0.0013108421449196802 -0.010012043700909879 0.0014519985926855306 -0.0035223778061849072 0.0027148054627814527 -0.0057856329579381817 -0.0059590925044661807 0.0022054747982585298 0.0043922660317768673 -0.0016893229595432793 -0.0066745009856742712 0.0065485569049859704 -0.00084602701926539858 -0.011202996096744114 0.0037309891318198221 0.0063850935330259633 -0.0097297661149253253 -0.0034650562834278721 0.0050804531135786478 0.0044493879251294574 0.00027525422047193932 0.0072610186048755274 -0.0021441484474898891 0.0098331720279382501 0.00041798395873911617 -0.0052163068815353 0.005801853590781612 0.0079993892954717677 -0.0051476849407756532 -0.0038651510555412069 0.0041192053013832282 -0.0035188984228829061 0.0080693500830646622 0.0026540657832393355 0.0044986070599143113 0.0015474028866421605 0.0071421005144005926 -0.0016011153579930254 0.0096550409880630222 -0.0012112436098404345 0.001428729768807191 -0.0028346278461864102 0.0078737794512086685 -0.0037443930522785534 -0.0054476788551046937 -0.0026512758616090964 -0.0091861950997812972 -0.0012011195305964924 -0.003105574560082207 0.0069973827529237632 -0.0028386320087353933 0.00071434256401109496 0.0044236013927187274 0.0053224920320744367 0.0016160642312485116 -0.0064127704784604387 0.0060334118579907893 -0.0072031531294837201 -0.0059319140160770389 -0.0031796727091240417 0.00026618420398838839 0.0038157075680092883 -0.00031052875797026524 0.0063843415536935866 0.006162261569295213 -0.0036490141005884281 7.5150577448651013e-05 -0.00073132243125725513 -0.0019181233471496498 0.0030760638461573382 -0.001984495795905033 -0.00031189595116329317 -0.0072630515428336387 -0.00127081585036627 0.0018618439920564905 0.0047253099617096802 0.003728023081613306 -0.0057528826585248154 -0.0033500917204190091 -0.0046662734468387616 0.0012635739182403716 0.00034727157577161204 0.0061334431757779162 0.0045655714397835395 0.0052128263833304276 -0.0018617027254386801 0.0096135805430314723 0.006028373437823792 0.0018671130618153843 0.0066918220541326888 -0.0064811320030861317 0.0036746796933402673 -0.0030291200185557743
leaf_weight=218.9650164693594 226.23682473599911 160.73887442052364 287.71611924469471 168.41818657517433 419.85436899960041 232.98959742486477 102.74571163952351 474.19815228879452 784.85396189987659 128.23739190399647 211.22206288576126 116.98850487172604 164.97528809309006 915.40614074468613 986.96454234421253 222.48814052343369 230.22871986031532 156.7412653118372 178.23116162419319 212.47718098759651 173.70407500863075 118.49422197043896 1909.9393042623997 3698.3230876326561 368.23454234004021 145.49575078487396 675.68349330127239 297.70797576010227 178.46977551281452 235.46749913692474 151.24538253247738 161.99181295931339 384.96943713724613 874.70668448507786 332.46454271674156 135.23853813111782 607.20730577409267 640.72368369996548 185.74213257431984 424.73494209349155 373.48933824896812 197.74317428469658 355.98603224754333 112.74531269073486 224.73679266870022 176.99288961291313 287.71587312221527 118.98595416545868 288.49061332643032 167.74380385875702 364.24095703661442 203.24060992896557 112.47986702620983 232.68887037038803 467.36322318017483 148.7442843914032 108.99550594389439 504.98318326473236 99.995998829603195 207.74293164908886 119.73052209615707 210.23445899784565 203.47983609139919 100.99732598662376 121.49650953710079 245.71531105041504 554.1777583360672 194.93690797686577 176.74183362722397 447.62514701485634 465.98254889249802 454.33371871709824 103.74632851779461 481.96408842504025 134.24479103088379 117.74232475459576 862.22213268280029 514.97538444399834 313.73357254266739 442.22390012443066 110.49309648573399 134.97841490805149 110.23857739567757 242.9736815392971 923.40869902074337 107.49619436264038 254.49053734540939 299.23866993188858 123.24481420218945 112.74580955505371 105.74270796775818 654.46882578730583 215.74002069234848 244.98761488497257 168.49534222483635 178.98880164325237 142.98917283117771 101.74513553082943 599.23392194509506 4992.2469655275345 108.9954744130373 147.49423176050186 149.9889257401228 130.99622465670109 155.74546429514885 176.23451226949692 128.49234761297703 684.45512169599533 126.48516145348549 196.48530024290085 292.48499417304993 566.71234577894211 112.2425265610218 307.72867821156979 148.49442437291145 303.70726381242275 144.97551992535591 115.48096252977848 227.71873190999031 133.73297488689423 366.42487399280071 875.38661868870258 406.93438591063023 149.97865669429302 181.47200508415699 167.97624176740646
leaf_count=876 905 643 1151 674 1680 932 411 1897 3140 513 845 468 660 3662 3948 890 921 627 713 850 695 474 7640 14794 1473 582 2703 1191 714 942 605 648 1540 3499 1330 541 2429 2563 743 1699 1494 791 1424 451 899 708 1151 476 1154 671 1457 813 450 931 1870 595 436 2020 400 831 479 841 814 404 486 983 2217 780 707 1791 1864 1818 415 1928 537 471 3449 2060 1255 1769 442 540 441 972 3694 430 1018 1197 493 451 423 2618 863 980 674 716 572 407 2397 19970 436 590 600 524 623 705 514 2738 506 786 1170 2267 449 1231 594 1215 580 462 911 535 1466 3502 1628 600 726 672
internal_value=-5.36781e-07 -0.00193142 0.00177788 0.00217842 0.00342556 -0.00256206 -0.00342114 0.00688214 -0.00618733 0.00256638 0.00361383 0.000706356 0.00546326 0.000838429 -0.00112492 -0.00145329 0.00339844 -0.00483256 0.00510546 -0.00968627 0.00926091 -0.00219926 -0.00173367 -0.00197776 -0.00126116 0.00273166 0.00195824 0.0037688 0.00244457 0.000374767 0.00326949 0.00329389 -0.00516949 -0.000328505 -0.00622594 -0.00520932 -0.0059247 0.00141578 -0.00110678 -0.000863423 -0.00210773 -0.00044294 -0.00394701 -0.000362425 -0.000131131 0.00340505 -0.00792886 0.00280412 9.3211e-05 -0.000637504 9.28654e-05 0.000301103 -0.00127475 0.00709888 0.00501118 0.00294008 0.0039783 -0.0020082 0.00096389 0.00155854 0.0017473 -0.000588871 -0.00100807 -0.00308246 -0.00202923 0.00253383 0.00447382 0.00924334 -0.00290021 0.0102139 -0.0036367 0.0121309 -0.00678099 0.0029515 0.00148144 0.00013221 -0.00262926 -0.00408137 -0.00476708 -0.00596495 -0.0076876 0.00248062 0.00145091 0.000916251 0.00174998 -0.00177484 -0.000213725 0.0015184 -0.000910059 -0.0028886 -7.09411e-05 -0.0041961 -0.000540688 -0.00225287 0.000713991 0.00342589 -0.000982926 -4.98045e-05 -0.00210789 0.000291606 0.00467845 0.00159319 -0.00149863 0.00271369 0.0041249 -0.000627654 0.00292256 -0.00103939 -0.00194239 -0.00122516 -0.00183753 -0.000682327 0.000850383 -0.00173453 0.00399343 0.00373943 0.000906508 0.00324663 0.00289234 0.00335557 0.00290491 0.00224505 0.00347745 -0.000353552 -0.0017918 0.000462697
internal_weight=45653.4 21887.6 23765.8 20019 10823.1 15699.1 9808.37 2126.74 3696.13 8696.4 5400.74 9195.9 2063.48 3295.65 5890.74 5495.76 882.658 2698.8 652.429 997.331 1244.08 4201.05 6112.24 5806.01 2756.13 306.235 2230.26 1027.64 3337.26 1202.62 269.74 394.981 2596.05 6188.52 1747.6 1415.13 1279.89 1444.69 546.224 4743.83 2051.44 2107.68 1444.92 3746.74 3633.99 401.73 672.685 3126.04 2692.39 2117.16 6900.42 6536.18 788.163 1314.84 700.052 898.463 749.719 1242.46 1294.7 1194.71 729.932 3232.26 322.466 1677.95 1253.21 2295.48 799.893 614.791 848.458 1070.38 737.473 622.752 271.49 601.695 360.482 6332.94 1152.21 671.717 1222.44 866.451 552.717 748.636 1495.59 1385.35 1142.37 2486.39 1045.21 676.974 422.483 1441.18 463.476 977.705 323.236 350.73 289.992 414.456 2944.54 6066.7 848.473 5218.23 225.984 249.239 1065.4 575.232 444.236 2734.31 271.482 2462.83 1666.13 1489.9 1363.41 1070.93 796.698 874.441 266.237 583.661 279.954 2803.58 2625.11 2397.39 2263.65 1897.23 1282.32 614.908 499.427 349.448
internal_count=182629 87555 95074 80086 43300 62800 39236 8509 14786 34791 21607 36786 8256 13184 23564 21984 3531 10796 2610 3990 4978 16805 24450 23225 11025 1225 8922 4111 13351 4811 1079 1580 10385 24755 6991 5661 5120 5779 2185 18976 8206 8431 5780 14988 14537 1607 2691 12506 10770 8469 27603 26146 3153 5261 2801 3594 2999 4970 5179 4779 2920 12930 1290 6712 5013 9183 3200 2460 3394 4283 2950 2492 1086 2407 1442 25333 4609 2687 4890 3466 2211 2995 5983 5542 4570 9946 4181 2708 1690 5765 1854 3911 1293 1403 1160 1658 11779 24268 3394 20874 904 997 4262 2301 1777 10938 1086 9852 6665 5960 5454 4284 3187 3498 1065 2335 1120 11216 10502 9591 9056 7590 5130 2460 1998 1398
is_linear=0
shrinkage=0.02


Tree=7
num_leaves=127
num_cat=0
split_feature=9 13 15 146 182 1 123 95 119 14 176 42 219 217 139 63 15 235 135 95 1 2 115 136 224 194 74 60 80 99 61 30 63 106 220 15 226 64 97 25 203 223 95 119 72 30 226 72 212 217 78 61 220 128 222 62 219 28 9 165 11 1 129 66 128 219 114 2 64 62 224 193 13 139 60 28 15 29 138 72 98 60 176 29 101 222 115 9 4 223 182 182 77 146 108 11 63 108 98 129 148 136 74 217 4 136 193 101 101 155 99 74 178 226 193 15 119 27 64 129 137 40 165 226 194 137
split_gain=337.327 43.7761 43.7709 27.8992 19.8735 22.7727 19.8402 18.7564 18.5234 18.0151 17.182 16.4735 19.633 22.4716 19.7103 17.1433 15.8324 17.4382 19.1185 20.316 17.8155 15.7512 17.2033 15.6815 15.4833 15.3665 15.3396 16.0829 15.2546 15.043 14.8445 17.7963 18.6978 25.4292 15.3044 15.572 14.7978 14.1697 13.752 13.4208 12.8787 16.3869 19.9142 12.4748 12.0723 14.5041 12.0033 11.9578 11.8247 14.6303 13.2419 11.7497 11.7272 11.6157 11.4915 13.2185 19.1312 15.3094 11.7102 11.4351 11.381 11.3694 11.2306 12.7439 12.4296 13.3149 12.5002 11.9601 11.9128 11.2872 11.0786 14.1129 14.4885 11.1799 10.9631 14.4595 12.1017 12.0253 10.9581 13.7344 12.4181 14.3944 10.9411 11.4867 10.8629 10.73 10.714 13.0927 12.6624 10.6204 11.844 11.5559 10.5786 12.508 14.9044 12.2785 10.5279 10.4931 10.4077 10.3885 10.204 14.6691 10.1705 11.0475 10.1355 13.9848 13.791 10.9948 11.22 10.1978 10.0985 12.9168 10.093 10.0797 14.1325 10.0592 10.0427 10.0356 9.86822 9.83863 9.81864 9.55626 9.53815 9.50886 9.49126 9.40982
threshold=7.6917071964999212e-06 5.1796380375890303e-06 -0.11219934374094008 0.073297772556543364 -0.00990498438477516 0.00021845049923285845 0.0029081368120387201 0.00030188723758328711 -0.0023213183740153904 -4.6226110498537303e-05 0.00048451746988575911 -1.0000000180025095e-35 0.25845547020435339 -0.0082226837985217554 0.0014022611430846157 0.00013077541370876136 -0.36489924788475031 1.0000000180025095e-35 -1.0185006856918333 1.1908079159184128e-05 -0.00015289460134226826 -0.00013769848737865684 -9.0237153926864253e-05 0.0014779028133489194 0.0039503073785454043 0.003688358468934894 -0.034523144364356988 0.0010716315591707828 0.00011251871183048935 0.00042486847087275242 4.156307841185481e-05 -0.00021152058616280553 0.00022121505026007074 -0.00031393405515700573 -0.0023158838739618655 0.11226915195584299 -0.26915752887725825 0.55249309539794933 -0.23712626844644544 5.5509239246021032e-05 -0.0001903285883599892 -0.0099050332792103273 -2.1650080270774193e-05 4.1992665501311428e-05 0.00063224902260117244 -0.00018860245472751555 0.10339282453060152 0.0003347126476000995 0.0080398684367537516 -0.0066779933404177419 0.00023323354980675506 7.510099021601492e-05 -0.011171938851475714 -0.0031822995515540238 0.78948664665222179 0.0001953117462107912 0.70579925179481517 0.00021176692825974899 6.1230490246089189e-05 7.0554403919231854e-06 8.7930561676330416e-06 -4.6014563395146971e-06 -0.25384464859962458 0.00045051384950056678 -0.00079438439570367325 0.33425305783748632 -0.00014672137331217525 -0.00027801695978268976 0.32484975457191473 0.00036068608460482215 0.0093537298962473887 0.0016966757830232384 2.5920854568539656e-05 0.00067431657225824903 0.001223605824634433 0.00062508467817679058 -0.0093681761063635332 0.51519769430160534 0.00078524131095036875 0.0030488397460430865 0.0010636550141498449 0.0013396719587035479 0.00086001417366787802 0.27636927366256719 0.00064911239314824354 0.74689245223999035 -0.0004146262072026729 -1.5851981515879739e-05 1.8337562323722526e-05 -0.0031913002021610733 -0.004402156686410307 -0.0058014038950204841 6.3463619881076752e-05 0.33765549957752233 0.59850654006004345 0.00011125691162305885 0.00053568082512356352 0.35824334621429449 0.0030371641041710977 0.23230855911970141 0.0064718609210103759 0.0037280804244801406 0.16086117923259738 -0.011757675558328627 0.00054469736642204236 0.0043866708874702462 -0.0036740319337695833 0.00058511889073997747 0.00047830151743255561 -0.001367392251268029 0.00031969652627594774 -0.22217741608619687 0.53622409701347362 0.14742525666952136 0.0030106048798188571 0.21919123828411105 0.00030847809102851903 -0.00027068749477621162 0.8698318898677827 0.11441919580101968 0.00032625207677483564 0.00016687712923157963 0.00023735892318654808 -0.13418845832347867 0.0015684656682424249 0.00031825137557461863
decision_type=2 2 2 8 10 2 2 2 2 2 8 10 8 8 2 2 2 2 10 2 2 2 8 10 10 10 10 10 10 10 10 2 2 10 10 2 10 2 10 2 10 8 2 2 10 2 8 10 10 10 8 10 10 2 8 10 10 2 2 8 2 2 2 2 2 10 2 2 2 10 10 8 2 2 8 2 2 2 10 10 10 10 10 2 2 10 10 2 2 8 10 10 2 10 10 2 2 8 10 2 10 10 10 10 2 10 10 2 2 10 10 10 10 10 10 2 2 2 2 2 10 2 10 10 10 10
left_child=2 6 16 8 7 11 30 29 -4 10 47 70 14 -14 102 118 23 18 -18 26 85 59 37 -1 -19 74 27 36 53 -3 -2 54 33 39 35 121 38 86 -20 89 -17 42 -42 96 -24 -46 82 -5 50 61 -34 -43 -38 -22 55 -32 57 58 -57 97 -55 -50 63 84 65 -64 67 -66 -68 113 71 72 73 -6 76 -76 77 -12 80 99 -7 -82 83 124 -26 -21 87 -23 -88 90 91 -33 95 -94 -95 -72 -25 -11 -59 119 101 -54 103 -13 105 107 -107 108 -75 -110 111 -44 -56 114 -69 -73 -105 123 -15 -80 -92 -35 -112 -60 -30 -36
right_child=1 4 3 9 5 78 -8 -9 -10 21 25 12 13 15 -16 40 17 24 19 20 28 22 44 43 62 -27 -28 -29 46 -31 31 32 48 34 125 -37 52 -39 -40 -41 41 51 110 -45 45 -47 -48 -49 49 -51 -52 -53 100 60 112 56 -58 98 117 -61 -62 -63 64 -65 66 -67 68 69 -70 -71 92 115 -74 104 75 -77 -78 -79 79 -81 81 -83 -84 -85 -86 -87 88 -89 -90 -91 120 -93 93 94 -96 -97 -98 -99 -100 -101 -102 -103 -104 116 -106 106 -108 -109 109 -111 122 -113 -114 -115 -116 -117 -118 -119 -120 -121 -122 -123 -124 -125 -126 -127
leaf_value=-0.0021669234676140806 0.0060679859832591118 -0.0016249304321252825 -0.0035557606919095091 -0.00068646732434464431 -0.0032127702007248094 0.00028897075759369946 -0.0033933781524529672 -0.004954099824845363 0.0046933868986014909 -0.0017547007536832385 -0.00049297277326305975 -0.0011022261772359351 0.0037347986920609885 -0.0016756717512719436 0.0028818743404948059 -0.0069305605632485967 -0.0037965631087298864 0.0029036047862865768 -0.0040786653853331313 0.0061223432427498807 -0.0027524323941466328 0.0071617377105802557 0.0055663288173215687 0.0053708566570836334 0.00045166742005093528 -0.0018623407322608204 0.0020637330010080212 0.0072204421516551334 -0.0010136902355950572 0.005342834813784115 0.0020430464434558972 0.0019484752212135812 -0.001778258645425058 -0.0045823584039555564 -0.0027137806286783089 -0.0099168964327141802 -0.000797898840234448 -0.0027454369237503483 0.0045054141947829729 0.0035468804859396896 -0.0044714786098552194 0.0025060031537318395 -0.0012020488367275434 0.0021876239731516605 0.0036715004607606266 -0.0009913035222065881 0.0027311223144949087 -0.0084593221041613965 -0.0082671386668181721 0.00025876055600988768 -0.0091896596940353233 -0.0031275536320933971 0.0041441599129135535 0.003733512830568345 0.0066930962387465312 -0.0051300467238353286 -0.0080040029795757466 -0.0010342173306444389 -0.002519733528089786 -0.0041845439626216037 -0.0026590742266607353 -0.00068825568812185889 0.0004100433385090562 0.0028914435125367878 0.0056222703056067573 0.008656693487159868 -0.0029228337079628022 6.9527133305604172e-05 0.0007668168485861159 -0.004042229643642075 -0.002326675745320523 -3.2373656757836046e-05 -0.0061481976859627356 0.0035402462683859106 0.0026241594953142783 -0.0045785860666521993 -0.0031711408816436503 0.0049565958622546421 -0.0010998965494172118 -0.006316885030577906 -0.0085490531158320289 -0.0035178136862600074 -0.0047464304796152939 -0.0054607541105812273 -0.0064704083518159318 -0.00093844901666693796 0.002474815789397007 -0.00082249126976920845 -0.0037151467284894674 -0.0032272696482813341 0.0050502380748260346 -0.0064231922729899851 -0.0044861562593256424 0.004724652570598193 -0.0016383883410444648 -0.00757988848129701 -0.00045330750076314917 0.0058010081186565263 0.0058314912327002326 0.0036408301765630639 0.00099299108651936582 0.0096366198004758583 -0.00086850354637409198 -0.0049732391584257117 0.0059049453220299244 -0.0052177500195336205 0.0010296555658306388 0.0049500084311158224 -0.0068996710650501723 0.00096464934336213271 -0.0025311200483587688 0.007293612847369773 0.0012707318419965536 -0.0027322606648045268 0.0055377111139955004 0.0060722341336556518 -0.0090675749767953756 -0.003509429452947424 0.0058197559398136039 -0.0068372348677526156 0.00025450256150887844 0.002335062288713777 0.0037714027142698001 0.0043433976144744554 0.0054053833561149402 0.0050290247908170525
leaf_weight=164.72079730033875 130.49144262075424 183.49228738248348 109.2402215898037 145.98627023398876 400.22651888430119 118.98598021268845 827.4732249379158 142.7427372187376 871.38787956535816 170.23549322783947 701.41779552400112 207.98430493474007 232.73905552923679 113.7452726662159 124.2417089343071 250.73300710320473 161.96916343271732 1313.5706690698862 164.95521481335163 419.9057265073061 145.96610550582409 206.47957043349743 548.93653626739979 1720.2862423360348 134.23561204969883 1569.1311993896961 1367.2152500599623 739.54044668376446 212.21576835215092 318.71813179552555 918.46281653642654 106.24575239419937 187.24376210570335 230.24029663205147 111.49555152654648 163.49104353785515 147.96747700870037 438.21359373629093 105.47645623981953 578.48068769276142 263.73460678756237 139.48615549504757 100.48660469055176 1073.0289397239685 684.45667693018913 418.22730126976967 239.9671975672245 163.4858438372612 169.99253925681114 542.47855494916439 208.49232704937458 4047.1261649280787 705.55921801924706 919.27192102372646 209.73950543999672 251.9899333268404 122.24635435640812 136.24485518038273 105.99585156142712 314.47870956361294 111.99088199436665 142.49408239126205 157.98565752804279 124.24071387946606 241.72668468952179 139.48766973614693 626.19874981045723 403.96591007709503 749.70283727347851 143.74178269505501 716.9705855846405 214.24212785065174 173.98190934956074 165.24126344919205 1151.4130780994892 104.99442294239998 462.47904349863529 189.4773403853178 553.69068183004856 315.97256968915462 578.40685902535915 439.94661173224449 352.20824293792248 100.48515586555004 244.48455213010311 100.98757572472095 280.71996769309044 122.99331422150135 215.98147265613079 303.98688080906868 277.73485681414604 127.24427258968353 216.23753115534782 227.48854896426201 346.22566714882851 232.23066936433315 130.47245620191097 101.24034701287746 206.24096195399761 117.48697566986084 214.19784231483936 289.90137711167336 220.98312586545944 1039.3916366845369 106.99459305405617 288.2334393709898 250.73767042160034 257.98776215314865 108.74334786832333 126.49306893348694 254.98198740184307 191.98486652970314 371.98639799654484 154.48829200863838 336.22751584649086 197.23882465064526 368.45198927819729 183.74419781565666 137.99403774738312 136.48176176846027 405.73419068753719 102.49556696414948 127.74289706349373 218.98918022215366 136.23224596679211 101.49562852084637
leaf_count=659 522 734 437 584 1601 476 3310 571 3486 681 2806 832 931 455 497 1003 648 5255 660 1680 584 826 2196 6883 537 6277 5470 2959 849 1275 3674 425 749 921 446 654 592 1753 422 2314 1055 558 402 4293 2738 1673 960 654 680 2170 834 16190 2823 3678 839 1008 489 545 424 1258 448 570 632 497 967 558 2505 1616 2999 575 2868 857 696 661 4606 420 1850 758 2215 1264 2314 1760 1409 402 978 404 1123 492 864 1216 1111 509 865 910 1385 929 522 405 825 470 857 1160 884 4158 428 1153 1003 1032 435 506 1020 768 1488 618 1345 789 1474 735 552 546 1623 410 511 876 545 406
internal_value=1.89252e-06 -0.00176455 0.00167315 0.000573402 -0.00239467 -0.00255157 -0.000512161 0.00101182 0.00372174 0.000178689 -0.000659059 -0.00219378 -0.00272891 -0.00213642 -0.00446017 -0.00239158 0.00235207 0.00200155 0.00266408 0.00283691 0.00151246 0.00125006 0.0018504 0.00362537 0.00107258 -0.000310838 0.00379507 0.0047692 0.000711913 0.0028323 -0.000142633 -0.000285876 -0.00117536 -0.000172751 -0.00332707 -0.00519213 0.00358162 8.86809e-05 -0.000650917 0.00109339 -0.00263201 -0.00239561 -6.48944e-06 0.0039642 0.00318187 0.00191683 -0.00104183 -0.00505691 -0.00315203 -0.00175662 -0.00593718 -0.00292884 0.00442193 0.00225437 0.00094058 0.000252651 -0.00110049 -0.000206611 -0.00178015 -0.00170001 0.00300192 -0.00506045 0.000364029 -0.00234166 0.000837436 0.00457871 0.000387332 0.00179597 -0.000930231 0.000815867 -0.00114663 -0.000227669 -0.00096779 -0.000373897 0.000629072 0.00195994 -0.000616987 0.000749433 -0.00439124 -0.00290534 -0.00578366 -0.00648509 -0.00221095 -0.00010415 -0.00411732 0.00476936 0.00162129 0.0043047 -0.000256394 -0.0001075 0.000973565 -0.00276063 -0.00234038 -0.000605617 0.000958841 -0.00374182 0.00495982 0.00126772 0.00319387 -0.00145028 0.00506303 0.00590199 -0.00498247 -0.00552761 0.00053249 -3.66749e-05 -0.00237851 0.00189379 -0.000216831 -0.00292659 0.00181602 0.00448458 0.00338323 0.0016677 0.00263375 0.00303963 -0.00615678 1.04461e-05 0.00255897 -0.00239506 0.00229148 -0.00243994 -0.000344688 0.00208864 0.00165315 0.00109083
internal_weight=45665.5 22200 23465.6 8970.98 14757 14112.1 7442.95 644.953 980.628 7990.35 4488.38 11851.1 7821.81 5860.75 1961.05 5628.02 14494.6 11406.1 6636.01 6474.04 2739.23 3501.96 2916.01 3088.51 4770.06 4178.91 3734.81 2367.6 2218.34 502.21 6615.48 6484.99 3759.35 2508.64 709.218 496.227 1628.06 1264.39 270.432 1799.43 5376.28 5125.54 938.931 2923.79 1651.62 1102.68 1041.11 309.472 1250.7 854.965 395.736 4186.61 1357.63 1177.23 2725.64 2143.91 1225.45 1103.2 760.719 585.955 1031.26 312.487 3456.49 502.961 2953.53 297.473 2656.05 1280.15 1375.9 1038.42 4029.27 2290.12 1878.64 1704.66 2609.78 1256.41 1353.37 890.895 2260.97 1123.63 1137.34 1018.35 801.141 448.933 378.72 520.893 826.174 329.473 496.701 1220.95 916.959 233.49 1739.15 789.952 573.714 949.201 1850.76 271.476 342.486 807.659 1209.66 995.461 1836.81 1615.83 1304.43 1197.44 538.971 658.465 400.478 235.236 675.196 292.471 581.726 894.682 740.193 411.481 1407.84 508.729 251.739 690.172 683.469 332.736 382.725 324.985 348.448 212.991
internal_count=182682 88806 93876 35887 59033 56453 29773 2580 3923 31964 17955 47408 31290 23445 7845 22514 57989 45632 26550 25902 10959 14009 11665 12357 19082 16717 14943 9473 8875 2009 26463 25941 15038 10035 2837 1985 6514 5058 1082 7198 21507 20504 3756 11698 6607 4411 4165 1238 5003 3420 1583 16748 5432 4710 10903 8576 4902 4413 3043 2344 4126 1250 13827 2012 11815 1190 10625 5121 5504 4154 16118 9161 7515 6819 10440 5026 5414 3564 9045 4495 4550 4074 3205 1796 1515 2084 3305 1318 1987 4884 3668 934 6957 3160 2295 3797 7405 1086 1370 3231 4840 3983 7348 6464 5218 4790 2156 2634 1602 941 2701 1170 2327 3579 2961 1646 5632 2035 1007 2761 2734 1331 1531 1300 1394 852
is_linear=0
shrinkage=0.02


Tree=8
num_leaves=127
num_cat=0
split_feature=7 230 14 119 5 181 216 7 102 5 5 42 230 230 114 230 187 205 139 29 230 223 215 186 127 185 64 68 142 110 5 29 5 115 79 102 220 22 171 163 30 220 37 230 223 118 33 137 220 186 24 24 143 108 33 139 100 230 7 148 65 5 42 36 230 199 142 182 213 171 150 205 223 215 195 223 34 221 150 69 181 115 168 73 112 221 141 195 220 186 215 24 220 180 80 22 135 123 157 150 216 52 163 24 230 115 36 79 49 230 52 65 230 127 30 119 79 103 129 125 150 107 30 112 45 192
split_gain=346.043 86.6963 74.8759 29.6622 29.708 24.4475 23.7924 23.1955 24.0649 21.7861 20.8999 20.827 18.0599 17.2261 17.1095 16.3489 16.4903 16.3364 28.7172 19.6111 15.5086 18.7093 14.9305 21.7689 17.9664 16.8622 14.6663 21.8413 14.6312 16.2863 14.5924 14.533 13.8138 13.7993 14.2907 16.1624 13.282 13.111 13.0066 15.1519 12.9714 14.4484 12.8402 14.7671 12.7001 12.644 12.4756 12.3818 18.0957 12.1036 12.0245 12.0202 14.773 11.9635 11.9577 11.9364 16.682 13.1929 16.8417 12.4278 12.7109 11.8221 11.8118 11.72 11.5945 11.581 11.5637 11.5469 11.473 11.3807 14.3057 12.5804 11.9913 11.9982 11.3457 16.993 12.0985 11.1477 11.0433 11.043 15.0675 11.0023 11.0389 15.2124 16.6259 12.4822 11.8066 10.9395 11.928 10.9347 12.2219 14.2791 13.0022 12.6044 11.5508 10.8105 10.7622 11.6631 14.9055 10.7191 10.6067 13.5869 11.4545 10.5733 10.3594 10.3197 10.1351 10.0932 10.9894 10.081 10.0496 10.4869 10.0126 9.95812 12.3616 9.93183 9.87443 9.94763 12.6601 15.0009 9.84388 9.82404 9.8179 9.74257 10.8316 9.4922
threshold=3.1359390050056397e-05 -0.82288655638694752 -6.0343798395479091e-05 -0.0015743102412670849 0.00018242587975692007 0.1451259180903435 0.092113792896270766 1.0000000180025095e-35 0.81714579463005077 6.5577442001085737e-06 -1.124880782299442e-05 0.00020528634922811764 -0.94762688875198353 -0.94336524605751026 0.00035242547164671128 -0.90722548961639393 -2.142393714166246e-05 -0.15128484368324277 0.0011426449636928739 0.97730952501297008 -0.85377600789070118 -0.0058381359558552495 0.0026371591957286005 0.0018271490698680284 3.6034980439580984e-05 -0.0031291489722207184 0.022239887155592445 -0.00096425856463611115 0.0046528461389243611 0.004988099681213499 -0.0002279370237374678 0.28436760604381567 -1.8670470126380675e-05 -0.00064962939359247674 0.00020565609884215522 0.44178594648838049 -0.0090547469444572908 0.00029844607342965906 0.00064466992625966679 0.0031596156768500809 -0.00054007570724934329 -0.018192830495536324 0.45000000298023229 -0.92961356043815602 -0.0023632079828530546 -0.0028202037792652841 -0.00038627210597041989 0.00087170233018696319 -0.010587706696242092 0.0083966441452503222 3.4401000448269776e-05 7.3659219196997596e-05 0.82345765829086315 0.25918768346309667 -0.00093827254022471596 0.00067431657225824903 0.00028577646298799669 -0.74168145656585682 0.00015943247854011136 0.00059901693020947288 -6.8127239501336576e-05 -2.4924596800701689e-05 0.0013982756645418706 0.090499315410852446 -0.96535655856132496 0.00060112582286819826 0.0032754753483459358 -0.0038558297092095013 0.0016007587546482684 7.7806482295272885e-05 0.17582130432128909 0.04376798868179322 -0.0043131220154464236 0.0025645090499892835 -0.00075908168219029893 -0.0023632079828530546 0.00050967393326573085 0.0055283217225223788 0.0077910961117595443 0.00077085144584998499 0.12543831020593646 0.00065365550108253967 1.0000000180025095e-35 6.1871328398410705e-06 -0.29288500547409052 0.012291829101741316 -0.0014106361195445059 0.0010747299529612067 -0.0014458608929999171 0.0025833958061411981 0.0034454787382856016 0.00010361120803281666 -0.0065074542071670285 0.0013585966080427172 -0.00074092508293688286 0.00066209203214384626 -0.69049122929573048 0.0019025895162485542 -8.6176652985159294e-05 -0.23227581381797788 0.55351519584655773 -1.1340221590216968e-05 -0.0041516774799674741 6.5974982135230689e-05 -0.99674141407012928 7.5972402555635207e-06 -0.20862330496311185 -0.00049230185686610628 0.00011077422459493393 -0.94762688875198353 0.00035067860153503721 -0.00032410392304882402 -0.88599923253059376 8.6837379058124511e-05 -0.00048070399498101318 6.2802984757581739e-05 -0.00013765627227257934 -0.00048046220035757864 0.11702463775873186 -0.00041761464672163123 -0.27942238748073572 0.0003810649504885078 -0.00047026717220433051 -0.1151183322072029 -8.6578829723293876e-06 -0.00045355994370765979
decision_type=2 2 2 2 2 8 8 2 8 2 2 8 2 2 2 2 8 10 2 2 2 10 10 8 2 8 2 10 10 8 2 2 2 10 10 10 8 2 2 2 2 10 2 2 10 10 2 10 8 8 2 2 10 10 2 2 8 2 2 8 2 2 10 10 2 10 10 10 10 2 10 10 10 10 10 8 2 10 8 10 10 10 2 10 10 10 10 10 8 10 10 2 8 10 10 2 8 2 2 10 8 2 2 2 2 10 10 10 2 2 2 2 2 2 2 2 10 10 2 2 10 8 2 10 2 10
left_child=1 2 5 68 11 -1 47 8 14 20 22 55 17 37 40 16 -14 18 -13 36 26 67 28 95 25 46 27 -7 29 33 -28 -12 62 45 -35 -36 -19 -10 -26 -40 -4 -42 53 121 -31 -8 89 48 -3 63 -38 52 65 -9 -53 74 -57 58 69 -59 96 -15 -17 -6 -39 -37 113 -22 -2 70 71 77 -73 -74 76 103 -5 -58 105 116 -81 82 83 84 86 -84 -43 -18 -89 -25 92 -92 -91 -94 -93 -24 -61 98 -98 -77 102 -102 -33 107 -86 -11 -70 -76 -109 -16 111 -32 -45 114 -56 -85 -34 -118 119 -119 -71 -44 -49 124 -106 -111
right_child=3 6 7 4 49 9 10 42 13 78 31 12 15 61 109 32 87 19 -20 -21 21 -23 23 24 38 -27 30 -29 -30 44 110 100 79 34 35 51 50 64 39 -41 41 81 43 112 -46 -47 -48 122 -50 -51 -52 54 -54 -55 66 56 57 59 -60 60 -62 -63 -64 -65 -66 -67 -68 -69 106 120 -72 72 73 -75 75 99 -78 -79 -80 80 -82 -83 85 115 104 -87 -88 88 -90 90 91 94 93 -95 -96 -97 97 -99 -100 -101 101 -103 -104 -105 123 -107 -108 108 -110 125 -112 -113 -114 -115 -116 -117 117 118 -120 -121 -122 -123 -124 -125 -126 -127
leaf_value=0.0068244770118779316 -0.0026638082662785345 -0.0017125457901248614 0.0079684316258073814 -0.0064609222475390917 -0.0062405842960636402 0.0053709785899621852 -0.00059278327939983372 0.0013698959006851451 -0.0050323619644914433 0.00090071277718914476 0.0016941099441438684 -0.0099875145890991196 0.0040989103457486119 0.0034148994297215087 -0.0030900112743096541 0.0057046964982111863 -0.0058823463096933258 0.0015925111845924663 0.00033938619598119244 0.0039059509676675798 -0.0011511371754470718 -0.0039165251261121222 -0.0075745092911693561 0.005415415429928269 -0.0021331020412224872 0.0061396700891329283 0.0096365426597332035 -0.0028781168229143786 0.0058128876653057012 -0.0073430264693499173 0.0053313786828788311 0.00037056341657982231 -0.0087388844827656683 -0.00043688628530360701 0.0087146328198416806 0.0035289329511787584 0.00084638819710646342 0.0022081370920665889 0.0070120415592487637 -0.001188151316375285 -0.0034552138321082889 0.0042318153342000191 0.0043399525017698446 0.0071537425309257828 0.00072724348273265531 0.0047864771396411527 -0.0038197546968910191 0.0084790601425983811 0.0040199827410775588 -0.0019830425156396429 -0.0054557862535996914 0.0052489601308122677 0.0071323066040170991 -0.0032499987104613109 -0.0061774303731058008 0.0018313149135646075 -0.0010685220950767808 0.0038121540473502026 -0.0050211075423616516 -0.005406684704284073 0.0039714817140424578 -0.003577240330164102 -0.0025426068738128404 -0.0028403784488929616 -0.0048036539886355542 -0.0024861204976063624 -0.0067347139306288498 0.0070781069038512749 -0.0013990381464115279 -0.0035350751581384571 -0.0071112315433180763 -0.0068067358446188553 -0.0048291517981039998 0.0030051025245069196 0.0067806548436445905 -0.00018229305727145728 0.00099314641473734677 0.0048668177101817613 0.0036079220005106462 0.0034844628985221545 -0.0025185778398304072 -0.0015044270991942932 0.0053654866028059025 -0.005185395400918954 0.0090389351717123142 -0.00023152259289935324 -0.0034935045809558088 0.003928116623367485 -0.0042413476084616607 -0.00070554940158768886 -0.0070974139080445808 -0.0022644885667848337 -0.00026214235096486544 0.007566283337781682 0.005039762464049454 -0.0012211677766954716 -0.0015475934612407991 -0.0038466503864355603 0.0028150572855055052 -0.0076855974809949632 0.0017478785794570548 -0.0024375035889773423 -0.0042562509242407729 -0.0036343618524380507 0.0086617577210817299 -0.0045184483563196227 0.0056102430488629866 -0.0027038734812530126 0.0034198112060060534 0.0053479965406128607 0.001135930155019893 0.0011492370128664043 0.00064726914216108153 0.0037888550045344681 0.0010956789171622915 0.0020089167762045827 0.00022391216412422359 -0.00552717264076669 -0.0084032008799901255 0.0025622125643210191 0.0013314459366788453 -0.001428260510855227 0.0013576275196393219 0.0013708083112742944 0.00070370844707911705 -0.00087558380629507453
leaf_weight=1100.7912658303976 122.49247705936432 372.69908802211285 201.94248424470425 433.96151454746723 1230.0335509628057 229.89805008471012 229.22350996732712 293.48020891845226 359.22568115592003 412.1782544106245 476.47437973320484 392.92240014672279 304.2095193117857 487.4514192044735 276.46477350592613 131.24407733976841 147.22947995364666 144.73730683326721 143.98585081100464 127.23169130086899 103.2271880209446 192.97155193984509 214.98594292998314 204.47828958928585 1471.1541884094477 247.22703954577446 245.13579389452934 245.67389599978924 239.73716278374195 143.99089998006821 2557.8117383122444 265.23584163188934 181.98803861439228 2042.01259149611 115.48646005988121 300.96622064709663 132.98686178028584 295.97286665439606 128.98775400221348 216.23651346564293 122.73278439044952 102.2259812951088 120.23703533411026 187.73754474520683 142.49175226688385 664.66739362478256 193.9922854155302 213.72073087096214 489.18141566216946 739.90179863572121 936.37535133957863 107.23669148981571 236.48246231675148 815.9479732811451 139.48639127612114 819.1953851878643 624.95155620574951 273.23521009087563 594.42056842148304 190.24158148467541 197.49084568023682 102.24365212023258 112.24556025862694 681.88480761647224 114.48908284306526 194.98752757906914 112.24413231015205 156.21244096755981 99.988780617713928 188.48643071949482 201.48708043992519 256.73679755628109 131.74181215465069 142.24023693799973 101.99491973221302 116.49355061352253 101.7377545684576 137.49270310997963 316.19428005814552 158.73856370151043 3461.932346239686 180.98263484239578 1271.7605606615543 148.22439041733742 151.71628764271736 179.97178903222084 206.20640693604946 155.97918592393398 100.73343729972839 302.21693588793278 125.9884867221117 221.97816705703735 123.74200345575809 217.97980505228043 114.98682290315628 213.72438706457615 713.71858800947666 321.98360455036163 526.9780111014843 205.48834984004498 509.23287555575371 733.22700294852257 1026.4585993736982 183.23626041412354 191.45149883627892 189.47614124417305 318.46823187172413 223.98780359327793 205.73742617666721 150.72590132057667 324.68410627543926 278.41242861747742 181.73957706987858 158.73997668921947 213.98502238094807 125.97968672215939 206.98312512040138 200.47689647972584 221.22660574316978 141.24000337719917 803.44719591736794 735.2048232704401 128.98830798268318 445.90075922012329 106.73286187648773 219.22378391027451
leaf_count=4405 490 1491 808 1736 4921 920 917 1174 1437 1649 1906 1572 1217 1950 1106 525 589 579 576 509 413 772 860 818 5885 989 981 983 959 576 10235 1061 728 8169 462 1204 532 1184 516 865 491 409 481 751 570 2659 776 855 1957 2960 3746 429 946 3264 558 3277 2500 1093 2378 761 790 409 449 2728 458 780 449 625 400 754 806 1027 527 569 408 466 407 550 1265 635 13849 724 5088 593 607 720 825 624 403 1209 504 888 495 872 460 855 2855 1288 2108 822 2037 2933 4106 733 766 758 1274 896 823 603 1299 1114 727 635 856 504 828 802 885 565 3214 2941 516 1784 427 877
internal_value=-1.00446e-05 0.00141238 0.00250122 -0.00213868 -0.00227983 0.00410914 0.000249728 0.00118045 0.00189384 0.00351627 -2.0161e-05 -0.0019322 -0.00268939 -0.000406796 0.0026582 -0.00209996 0.000720177 -0.00438263 -0.00730536 -0.00312258 0.00410691 0.000574268 0.000460827 -0.000450843 7.07658e-05 0.00150669 0.0045136 0.00116543 0.00118263 0.000928317 0.00497156 -0.00145784 -0.00251589 0.0012264 0.000668095 0.00208414 -0.0039105 -0.00235122 -0.00131605 0.00209193 0.00321691 0.00287304 -0.000484517 0.000921083 -0.00354349 0.00342427 0.000675283 0.00290578 0.00155847 -0.00422988 -0.00467089 0.00145075 0.00322618 -0.00202527 -0.00036503 -0.00119886 -0.000794583 -0.00120546 -0.00204847 -2.95529e-05 -0.000600973 0.002125 0.00199838 -0.00506986 0.000120039 0.00115937 -0.00146209 0.00395577 0.00240921 -0.00130347 -0.00239436 -0.00156231 -0.00386569 -0.000834186 -0.00274335 -0.00147318 -0.00506048 9.88483e-05 0.000699179 -0.00276393 -0.00223769 0.00314316 0.00343847 0.00217523 0.00313543 0.00467791 -0.000831268 -0.00189768 0.000647583 0.00138763 0.000560662 -0.00187139 0.00231287 0.00487375 0.00037075 -0.00460279 -0.00115511 -0.000575742 0.000320677 -0.00514031 -0.0020591 -0.000721574 -0.00331502 0.000273266 0.00448953 -0.00089638 0.00394798 0.00170281 0.000249635 -0.000318868 0.00455146 0.00493177 0.0041509 -9.69986e-05 -0.00195154 -0.00196819 -0.00467828 -0.00352151 -0.00485906 -0.00222683 0.000355122 -0.00053688 0.00602136 0.00334961 0.00603651 0.00180429
internal_weight=45675 27383.3 14128.6 18291.7 17750.8 6352.67 13254.6 7775.97 5441.63 5251.88 12050 15099 7402.47 1359.38 4082.24 5524.23 708.152 1878.24 536.908 1341.33 4334.03 452.411 9039.42 3997.68 3568.97 1752.59 3881.62 475.572 5041.74 4802 3406.04 3010.63 4816.08 4515.52 3621.63 1579.61 1214.1 769.688 1816.38 345.224 3435.83 3233.89 2334.35 1224.92 286.483 893.891 1505.36 1204.59 861.881 2651.82 1069.36 1464.13 732.436 1109.43 731.692 7696.49 6123.85 5304.65 3081 2223.65 1950.41 589.695 243.49 1911.92 410.462 495.954 624.456 259.44 540.949 2486.58 1494.65 1293.16 530.719 273.982 1572.64 1036.94 535.699 762.444 917.849 4572.59 3620.67 3111.15 2930.17 1478.44 1204.23 1451.73 308.432 403.942 256.713 1311.37 1106.89 462.953 643.939 341.722 336.965 428.71 1752.92 1562.68 1240.7 321.982 2534.15 1242.46 1291.69 714.956 895.801 601.654 418.457 531.72 429.725 646.414 3160.91 2836.22 369.477 512.211 353.471 274.204 951.915 769.927 562.944 341.717 991.934 855.442 342.709 744.085 298.184 369.95
internal_count=182724 109550 56527 73174 71010 25419 53023 31108 21770 21014 48204 60401 29613 5438 16332 22099 2833 7514 2148 5366 17342 1810 36161 15992 14277 7011 15532 1903 20169 19210 13629 12043 19266 18064 14488 6319 4857 3079 7266 1381 13746 12938 9338 4900 1146 3576 6022 4819 3448 10609 4278 5857 2930 4438 2927 30788 24497 21220 12325 8895 7802 2359 974 7649 1642 1984 2498 1038 2164 9947 5979 5173 2123 1096 6291 4148 2143 3050 3672 18292 14484 12447 11723 5915 4818 5808 1234 1616 1027 5246 4428 1852 2576 1367 1348 1715 7012 6251 4963 1288 10137 4970 5167 2860 3584 2407 1674 2127 1719 2586 12648 11349 1478 2049 1414 1097 3808 3080 2252 1367 3968 3422 1371 2977 1193 1480
is_linear=0
shrinkage=0.02


Tree=9
num_leaves=127
num_cat=0
split_feature=9 231 231 231 9 5 72 15 63 5 70 216 231 231 231 137 200 226 219 231 215 136 166 218 209 137 225 157 226 220 53 157 63 30 83 116 231 231 176 219 222 116 31 155 19 231 177 217 211 144 231 25 231 57 136 109 166 47 95 157 236 222 189 68 224 195 226 144 136 127 154 144 152 143 157 53 143 204 80 222 152 66 30 143 29 231 63 236 146 77 166 53 177 34 143 218 118 149 80 236 159 152 195 39 76 53 155 197 224 224 29 231 74 76 0 63 19 66 137 118 85 109 35 9 127 188
split_gain=327.159 57.4397 73.0261 75.869 97.2243 39.0287 30.517 28.7891 25.02 22.1788 26.6497 22.1125 20.9431 33.2865 30.6679 19.6745 19.5265 19.6744 18.4757 18.3124 18.0568 17.6628 17.0862 16.5975 18.8822 16.4829 21.2315 16.139 16.0161 15.934 16.9802 17.3011 17.1199 15.831 15.7438 15.7117 19.1684 44.9157 16.9501 15.0808 15.675 16.1556 15.0355 16.5175 14.8532 14.838 24.6763 15.6049 16.0396 18.1894 19.0468 18.0389 14.7937 16.1242 18.8436 14.7602 14.6314 15.7621 14.4608 16.0185 14.3087 14.2948 14.2732 17.6708 14.2515 17.335 14.0593 13.9582 13.9206 15.0968 19.8908 14.5566 14.8071 13.7747 13.6697 13.427 13.3646 13.3364 12.9593 14.2092 12.9124 16.525 14.79 12.8662 12.8332 12.7867 12.7583 12.7463 13.4916 13.9133 12.6707 12.6431 12.4323 20.4245 12.4076 12.2992 12.2906 17.8232 12.1233 12.7236 12.0703 12.0602 11.9452 11.8321 11.7862 13.9069 11.7783 15.8985 11.6712 13.2781 11.6322 11.5986 22.2993 13.0951 11.9464 12.5659 11.5955 19.556 11.6852 11.5943 12.0113 16.069 11.4752 11.3933 11.3304 13.5512
threshold=3.5789851608569741e-05 0.49810825288295751 -0.56099891662597645 -0.10235826298594473 -9.6548024885123582e-05 0.00014533348439726981 0.00084287542267702531 -0.2438332065939903 0.00077204557601362478 -4.9207692427444265e-05 0.6417994797229768 0.30177402496337896 0.29862368106842047 0.45204447209835058 -0.54280677437782276 0.00045705759839620447 1.0000000180025095e-35 0.034536441788077361 0.3589139729738236 -0.23132287710905072 0.0034239952219650154 0.0033670896664261822 -0.0019805663032457228 0.017577069811522964 0.00019841957691824066 0.00066181240254081797 9.3747690698364763e-05 -0.00061308898148126889 0.079480085521936431 -0.0042779534123837939 -0.2161510959267616 0.0016644031275063755 0.00032884028041735297 -0.00048070399498101318 0.00039317730988841509 -0.0025241882540285583 0.01527100056409836 -0.53176689147949208 0.0013136742636561396 0.83302336931228649 0.72683277726173412 -0.00035781638871412719 9.5033650723053156e-05 5.3489131460082724e-05 1.8040657323581402e-06 0.17149884253740313 0.0019323037704452874 -0.00088077544933184971 0.85291090607643139 -0.00083684478886425484 -0.5206359028816222 9.6053256129380329e-05 0.041439602151513107 -4.1517083445796736e-05 0.001328301848843694 -0.0017593417433090506 0.0011864749249070885 0.00069107001763768505 1.6450101611553695e-05 -0.00013421243784250689 0.14669453352689746 0.085089307278394713 0.45000000298023229 -0.00055022587184794236 0.0012458249111659827 -0.001897353329695761 -0.0020927377045154567 -0.0031059003667905922 0.0018680195207707586 7.9992609244072823e-05 0.00029399782943073666 -0.0039134451653808347 -0.00044365093344822521 0.6383742392063142 -0.001445495639927685 -0.1351128816604614 0.32347033917903906 -0.0015333258197642861 0.0016681547858752312 0.62575173377990734 0.00052937879809178423 0.00033648604585323488 -0.0001573854897287674 0.18248982727527621 0.39775866270065313 0.63775861263275158 0.0002787340345093981 0.44256207346916204 0.13178206980228427 9.138777022599244e-05 0.00062130350852385174 0.15748081356287005 0.0010398344602435829 0.00025914364960044628 0.25961087644100195 0.0074704985599964866 0.00044776582217309629 0.00012393308861646804 0.0035396906314417724 -0.80867600440978993 -0.0015899707796052096 -0.00014626704069087279 0.00047867749526631092 -0.0003436399128986522 -0.00012946878996444863 -0.15384021401405332 -0.00072200712747871865 -0.00091323637752793718 0.0064849732443690309 0.010949387680739166 0.87260380387306224 -0.089328680187463746 -0.14304611086845395 -0.00012063089889124966 -1.5309276022890114e-05 0.00021798613306600603 -1.9722580873349212e-05 5.9027777751907713e-05 0.0004652189818443731 -0.0029733151895925398 -0.00083911142428405572 -0.00085362032405100752 -1.2810944099328479e-05 1.5528803487541157e-05 -0.00010781014134408905 -0.015316164121031759
decision_type=2 2 2 2 2 2 10 2 2 2 8 8 2 2 2 8 10 8 10 2 10 8 2 8 10 8 8 2 8 10 2 2 2 2 2 8 2 2 8 10 8 10 2 8 2 2 2 10 8 10 2 2 2 2 10 8 2 2 2 2 10 10 10 10 10 10 8 8 10 2 10 10 10 8 2 2 10 10 10 10 10 2 2 10 2 2 2 10 10 2 2 2 2 2 8 8 10 10 10 10 2 10 10 2 2 2 10 10 8 10 2 2 10 2 2 2 2 2 10 10 2 10 2 2 2 10
left_child=1 2 7 4 15 9 39 87 35 95 45 108 14 73 44 -4 25 60 21 55 22 -8 -16 24 28 26 62 -15 61 30 -27 32 66 -34 80 -7 37 -37 -39 40 52 104 43 -43 110 46 47 48 49 50 64 -50 75 106 -55 -17 -19 -58 59 -38 98 83 -9 76 -11 74 -32 -29 -13 70 71 -70 -73 -14 -66 -5 -64 -74 79 -67 81 91 -83 -3 -26 124 -78 -1 -89 -90 -79 -24 93 -52 -23 -2 -69 -98 99 102 -63 -77 -18 -62 -42 -106 -54 -108 123 -110 -12 113 -113 -94 -115 -116 -56 -118 -119 -102 -121 -122 -21 -6 -47 -126
right_child=5 23 3 6 11 8 18 16 -10 10 12 68 13 27 20 19 17 56 -20 122 -22 94 34 -25 84 29 -28 67 -30 -31 31 -33 33 -35 -36 36 58 38 -40 -41 41 42 -44 -45 -46 85 -48 -49 51 -51 92 -53 53 54 116 -57 57 -59 -60 -61 103 100 63 -65 65 78 -68 96 69 -71 -72 72 77 -75 -76 101 86 90 -80 -81 -82 82 -84 -85 -86 -87 -88 88 89 -91 -92 -93 111 -95 -96 -97 97 -99 -100 -101 119 -103 -104 -105 105 -107 107 -109 109 -111 -112 112 -114 114 115 -117 117 118 -120 120 121 -123 -124 -125 125 -127
leaf_value=0.0014045134578116833 0.0021332590963295634 0.0052480281553137845 0.010448022326638287 0.0080524003656597398 0.0073339882473441769 0.0013729854269903935 0.001269721483653243 0.0039528636870639388 0.003276202200759006 0.003115852247457558 -0.00066210681214683533 -0.0047346000377102761 0.0055977229936650229 0.0043894791077390832 -0.0093364316303375643 0.0086380493801199148 -0.0018112118176471892 -0.00053624729793965125 0.0009530663903137463 -0.00056632048717407586 -0.00075836642594282095 -0.00079981960988685316 -0.0024613469243491442 -0.0072782411886672818 0.0028255896519916398 0.0036638943721856929 0.009002668432272487 -0.0073946661701541341 0.0012550115697027627 -0.0059144731739822097 -0.001046679886943448 0.006508607533843234 -6.2524276919098342e-05 -0.0052921505047671515 -0.0060921521048547568 -0.0036743965488978563 -0.0044314251900885067 -0.011502505530029688 -0.0023108797778627053 0.0049687722208531585 -0.0016202273567257268 -0.0039963284807662076 -0.006385590473083496 0.0049711183182510376 -0.0030045504296452993 -0.0027638495360905639 0.0032145512198245526 -0.0065505544246248007 0.0064097684881041592 0.0057934385847187141 0.00059366923296871193 -0.0027492075194076532 0.0070350426833486182 0.0070403344669751934 0.0033582336172551007 0.00367333930415676 -0.0060751103798983731 0.0019255362183204843 -0.0044183017188276132 0.0021465848414394173 -0.0026001431763153569 -0.0068653249506413728 -0.008101887709187414 0.0031517512518118894 -0.0010315800666841639 0.0023473858574285188 0.0064034267973546166 0.00036045024216773086 -0.0043939248022804326 -0.0015968768955220718 0.0059049061704949555 -0.0039743086964593773 -0.0025014761187989953 -1.1010982651663374e-05 -0.0088178138286552563 -0.0030368573653280057 0.0042926145529573224 0.0096789789307854535 -0.005683723273805532 -0.0019847114600571214 0.003606124275497326 0.00059357137352007944 -0.0066891963220482142 -0.0028326458809836575 -0.0014546147378023614 -0.0022466428352556681 -0.0042454725679444069 -0.00040407080568190924 0.0071681753572176068 0.00038696629294812001 0.0020993583054570758 0.0055988717236664437 0.0020689851706265365 -0.0091007885517700535 -0.007466889636153864 -0.001952491452010291 -0.005302044313415937 0.0012337033070829514 -0.0051578633343464199 -0.0018834609382428885 0.0032787577843475719 0.0044606735867080728 0.0038135014677715714 0.0036185581252278455 0.0089293969824826742 -0.00037903654555673143 -0.0036349999206643953 0.0051300237810397078 -0.0033003180854448018 0.005570940736972313 0.0053853056476545749 -0.0042468883018538482 0.004005951863961796 1.9631272664310339e-05 -0.00091119814740256444 -0.0079016603010882321 -0.0053099341784494207 0.0017962413761812687 -0.002612359746491722 0.0023966432393942301 -0.0047121162165271319 0.00094526577631006401 0.0056536965190607793 6.8569129046894495e-05 0.004383499287248409 -0.00014200157660062339
leaf_weight=1838.2098088860512 985.68655802309513 158.47544097900391 707.97584888339043 316.85121315717697 499.64366725087166 193.97751419246197 248.96599170565605 575.93177714943886 181.97820416092873 310.47786599397659 1167.680310934782 147.22039034962654 330.97504000365734 112.74216774106026 340.92641313374043 1048.8252951651812 219.9901230186224 542.72211162745953 1255.0737893432379 225.89609295129776 438.94817869365215 177.47546005249023 191.22494399547577 127.24454583227634 899.63970372080803 458.20875222980976 165.98226292431355 221.48023198544979 660.4218228161335 154.24213019013405 230.98380267620087 102.49316148459911 437.71194870769978 472.72597153484821 1122.0175507515669 1708.2255898118019 204.7234130948782 504.73013576865196 108.46924178302288 763.53103837370872 156.45678332448006 150.4643649160862 221.96345664560795 138.71316699683666 1350.8648997396231 165.73887512087822 423.7137489169836 235.98325638473034 190.23355132341385 103.49163345992565 115.73923541605473 130.4892994761467 334.13557761907578 161.96790598332882 365.63365893065929 366.07231159508228 617.7260640412569 106.74635967612267 603.65207403898239 414.20486012101173 138.99388241767883 257.96619720757008 120.73852881789207 303.21396382153034 175.74074231088161 642.72084392607212 154.23868355154991 504.70159924030304 164.47463172674179 485.69826517999172 422.18364511430264 113.98390004038811 100.97916081547737 349.47489422559738 179.23914301395416 103.47292582690716 110.23748157918453 138.22333446145058 140.24334615468979 538.22113752365112 103.73455408215523 138.48225225508213 494.41121335327625 123.98897652328014 388.22647993266582 376.73010396957397 131.4923640191555 184.95436571538448 517.8810772895813 159.21905034780502 233.45963801443577 103.48944675922394 113.73727275431156 302.95528700947762 307.20834091305733 398.9835033416748 603.18575578927994 218.98272497951984 219.99207539856434 845.46203102171421 122.48740816116333 283.67358666658401 402.7339383661747 568.72320233285427 136.96195550262928 105.97870674729347 123.97208712995052 177.9492300003767 128.47772926092148 104.23188836872578 122.49211469292641 238.22583819925785 245.73346401751041 154.23369784653187 141.48569837212563 421.69422520697117 258.43830904364586 848.83998620510101 313.18920649588108 143.98110289871693 890.92488822340965 249.97624059021473 222.40449169278145 103.99263122677803 655.96459577977657 432.97824089229107
leaf_count=7354 3943 634 2834 1268 1999 776 996 2304 728 1242 4671 589 1324 451 1364 4198 880 2171 5021 904 1756 710 765 509 3599 1833 664 886 2642 617 924 410 1751 1891 4489 6834 819 2020 434 3055 626 602 888 555 5404 663 1695 944 761 414 463 522 1337 648 1463 1465 2471 427 2415 1657 556 1032 483 1213 703 2571 617 2019 658 1943 1689 456 404 1398 717 414 441 553 561 2153 415 554 1978 496 1553 1507 526 740 2072 637 934 414 455 1212 1229 1596 2413 876 880 3382 490 1135 1611 2275 548 424 496 712 514 417 490 953 983 617 566 1687 1034 3396 1253 576 3564 1000 890 416 2624 1732
internal_value=3.60999e-05 0.00150903 0.0019115 0.00294485 0.00476507 -0.00190947 0.00156979 0.000623011 -0.00369205 -0.0014613 -0.00169445 0.00204737 -0.00247042 -0.000873412 -0.00313575 0.00752087 -4.8662e-05 -0.00106039 -0.000519948 0.00630946 -0.00453888 -0.00299829 -0.00519286 -0.000684976 -0.000433571 0.00103541 0.00267885 -0.0023932 -0.00140879 -0.000130186 0.00040834 -0.000695209 -0.00135534 -0.00283329 -0.00445695 -0.00404692 -0.00434961 -0.00541669 -0.0100009 0.00240602 0.00191864 -0.000396979 -0.00270612 0.000348506 -0.00155497 -0.00073532 -0.00129368 -0.00174236 -0.00143845 -0.0018014 -0.00204252 0.00274071 0.0025584 0.00183225 0.000908459 0.00742265 -0.00305467 -0.00487621 -0.00226888 -9.9835e-05 1.09423e-05 -0.00231556 0.00170415 -0.000299928 -0.000693736 -0.00142781 0.00210508 -0.00293676 0.000782845 0.00132303 0.00253825 0.000541881 0.00202494 0.00279905 -0.00522368 0.00509957 -0.00320117 0.00357429 -0.000345236 0.000372835 -0.00259594 -0.00335099 -0.0051263 0.00174822 0.00153281 0.000904742 -0.000321314 0.00237184 0.00435592 0.00563044 0.0052684 0.00054495 -0.00356245 -0.00651607 -0.00515407 0.00094494 -0.00209389 -0.0035733 -0.000989643 -0.000304156 -0.0030174 0.00240606 0.00183193 0.00235933 0.00254633 0.00514879 0.00454763 0.00152878 0.00469627 0.000799593 -1.45077e-05 -0.00253858 -6.37766e-05 -0.00394424 -0.00492782 -0.00623695 0.000280602 -0.00054722 0.000583942 -0.00222577 -0.00279273 -0.00347763 0.00262913 0.00612466 0.00187138 0.00261399
internal_weight=45625.8 25969.5 21946.2 12164.7 5213.74 19656.2 6950.92 9781.55 3919.96 15736.3 14351.6 2642.57 7915.81 2341.54 5574.27 2571.17 7081.29 3663.09 1988.72 1863.2 2933.23 733.65 2494.29 4023.33 3896.09 3418.2 1407.6 1661.09 2608.22 2010.6 1856.36 1398.15 1295.66 910.438 2153.36 3737.98 3544.01 2321.42 613.199 4962.19 4198.66 910.538 511.141 289.178 2641.04 6435.77 4804.36 4380.65 4144.66 3823.94 3720.45 320.723 3288.12 2584.13 1948.07 1414.9 1267.19 724.472 1222.58 618.928 2395.9 1947.8 1241.61 665.682 1986.64 1676.17 385.222 1548.35 1806.22 1659 1173.3 751.121 586.646 680.45 354.98 703.998 362.468 472.662 1321.19 1180.94 1031.34 927.608 632.893 282.464 1287.87 1631.41 241.73 2700.26 862.054 677.1 371.683 294.714 1733.8 418.695 484.684 1384.67 1326.87 822.168 1688.18 1468.19 1665.34 387.147 622.724 707.717 399.397 242.941 636.057 301.921 836.346 232.71 1290.17 1315.11 483.959 831.151 717.414 563.18 1786.1 1420.47 1162.03 1407.37 1284.88 1140.9 448.301 603.636 1254.68 1088.94
internal_count=182532 103898 87803 48673 20863 78634 27810 39130 15683 62951 57412 10572 31667 9367 22300 10291 28327 14653 7956 7457 11735 2935 9979 16095 15586 13674 5631 6645 10434 8043 7426 5593 5183 3642 8615 14955 14179 9288 2454 19854 16799 3643 2045 1157 10565 25745 19219 17524 16580 15297 14883 1283 13156 10339 7794 5663 5069 2898 4891 2476 9584 7792 4967 2663 7947 6705 1541 6194 7226 6637 4694 3005 2347 2722 1420 2817 1450 1891 5285 4724 4126 3711 2532 1130 5152 6526 967 10803 3449 2709 1487 1179 6936 1675 1939 5539 5308 3289 6753 5873 6662 1549 2491 2831 1598 972 2545 1208 3346 931 5161 5261 1936 3325 2870 2253 7146 5683 4649 5630 5140 4564 1794 2415 5019 4356
is_linear=0
shrinkage=0.02


Tree=10
num_leaves=127
num_cat=0
split_feature=13 230 9 9 236 201 2 62 87 230 230 9 111 186 201 149 118 66 159 106 175 13 23 152 222 186 161 183 236 205 115 178 28 139 125 74 144 9 194 57 62 33 222 153 140 144 171 74 81 191 65 36 142 154 80 209 171 152 194 183 36 175 226 30 66 76 236 184 27 230 195 201 222 136 115 95 103 236 99 220 175 191 116 118 230 205 152 136 230 95 144 153 183 214 171 133 29 104 226 140 95 66 153 214 21 187 222 57 173 106 186 100 156 23 194 116 139 76 191 111 99 183 222 197 199 178
split_gain=326.691 95.5401 73.3612 45.0117 41.6997 27.2281 26.1493 23.1112 22.1262 21.5634 23.7362 23.848 22.6889 27.0995 20.2113 31.7742 21.5784 20.6005 22.1255 19.3066 21.9763 19.0583 18.9263 16.0233 15.5341 15.1887 15.0184 23.3127 14.1539 13.6599 13.5406 18.0495 13.5012 16.6409 14.4279 14.9356 13.2838 12.8945 13.3736 12.8764 14.4565 12.8465 12.6705 13.6331 12.6559 14.8818 12.2458 12.6625 14.3946 12.3812 12.123 11.9385 11.867 15.3291 12.7171 16.3506 12.3629 13.6169 12.6269 19.4275 12.2462 12.2145 11.8389 11.7416 11.7115 11.6987 11.6003 17.5518 13.3086 11.5536 12.6565 12.4063 15.6126 13.3346 11.7017 11.507 11.8197 11.2515 11.1996 11.1391 25.5521 13.7481 11.1307 11.124 11.0868 11.0584 11.4828 11.0378 10.8523 16.226 13.6364 11.6548 15.7693 13.9816 11.6059 13.0658 10.8513 13.9713 10.8069 11.8985 18.2885 10.7712 10.691 10.3621 10.3466 10.3065 12.7853 10.2828 10.1848 10.1767 10.1749 11.7658 11.4359 10.8654 10.1594 10.7678 10.0901 10.0519 10.0283 9.9604 12.7688 9.95058 14.7539 10.9293 12.9225 9.9391
threshold=7.2746874479889822e-07 -0.85377600789070118 -9.9104676337447004e-05 5.7003971960511997e-05 0.011148625053465368 -0.0031568020349368449 -0.00015275396435754371 0.00017047252185875553 -0.0053757857531309119 -0.83985477685928334 -0.88396760821342457 0.00042199148447252815 4.3571042624535046e-05 0.00051767256809398543 -0.0054346458055078975 -1.9684819562826302e-05 -0.0028202037792652841 0.00025710670161060994 -0.002484418335370719 -0.00056588134611956764 0.0010798433795571329 -1.8338230802328322e-05 3.9661610571783974e-05 -0.00065262525458820153 0.11618511378765108 0.00033298763446509844 0.0033570489613339309 0.0020651400554925208 0.97449588775634777 0.029765465296804908 9.1758822236442952e-05 0.10727694258093835 3.9736367398290902e-05 0.00089710557949729275 -0.00047737140266690398 -1.0000000180025095e-35 -0.0047651014756411305 -0.00013248185859993097 0.0058572783600538978 6.6249267547391369e-05 8.1880170910153552e-05 -0.00073346210410818447 0.27977389097213751 8.4934890764998286e-05 0.85655376315116893 -0.00083684478886425484 0.00035726177156902855 0.23603457957506183 0.00043762559653259819 0.0062478005420416602 -0.00010185522842220961 0.029819227755069736 0.0028655916685238485 0.0025905116926878695 0.0014013468753546479 0.00021402205311460423 0.00027372660406399524 0.00034244368725921964 0.0011661665630526843 0.0021110764937475328 -0.12336709722876547 0.00074592896271497022 -0.12781940400600431 -2.94872907034005e-05 5.280129698803649e-05 0.00011991032079095022 0.71245208382606517 0.23349790275096896 -0.00044822727795690293 -0.99332016706466664 -0.0031642599496990438 7.2796712629497065e-05 0.85533466935157787 0.0033886253368109469 -0.00015110486128833142 -0.00011282235209364443 -4.592974983097519e-05 1.4717901945114138 0.00025976570032071328 -0.0061806919984519473 0.00129971414571628 0.0047556655481457719 -0.0011153849191032348 0.0025497276801615958 -0.60006982088088978 0.19776261597871783 0.00010048468175227755 0.0086415563710033911 -0.95037782192230214 -3.4717564631137059e-05 -0.0025971911381930109 -0.00050216703675687302 0.0046849038917571315 0.0023153969086706643 -0.00015719777729827908 -0.00015969869127729905 0.65180379152297985 0.00062764031463302683 -0.15064073354005811 0.3258566707372666 -6.0772532378905446e-05 0.00028136202308814978 0.00047331141831818973 0.0010648936149664225 0.97282814979553234 -9.0675388491945328e-05 0.35875041782855993 2.4408577701251492e-05 -0.65212026238441456 -0.0015733030741102991 0.0016105812974274161 0.00087220562272705149 -3.5889877835870714e-05 9.925918857334183e-05 -0.0044144808780401936 0.00016106645489344376 0.0010317327687516811 0.00014412223390536386 0.005987580632790924 -3.4119640986318693e-05 0.00020956039952579888 0.00019662958948174494 0.040425056591629989 -0.0053296573460102073 -0.0063140031415969125 0.26429100334644323
decision_type=2 2 2 2 10 10 2 8 2 2 2 2 8 8 10 10 10 2 2 10 10 2 2 8 10 8 2 8 10 10 10 10 2 2 2 8 10 2 8 2 10 2 8 10 8 10 2 10 2 10 2 10 10 10 10 10 2 10 10 10 10 10 10 2 2 2 10 10 2 2 10 10 10 8 8 2 10 10 10 8 10 10 10 10 2 10 10 10 2 2 10 10 8 8 2 2 2 8 10 10 2 2 10 10 2 10 8 2 10 10 10 10 10 2 10 10 2 2 10 10 10 8 10 10 10 10
left_child=1 2 4 22 6 14 37 44 117 10 12 -12 13 -10 15 17 101 18 84 46 39 28 63 -8 62 -24 27 -25 78 98 121 -32 41 34 -34 -36 -29 38 -1 40 -21 -6 -42 -44 45 64 47 48 77 -48 -23 -40 54 105 56 61 57 65 60 -60 -59 -56 -17 -2 -4 -33 67 68 -19 74 -71 73 -73 -72 -9 -14 96 88 -7 80 -55 83 -20 -81 -3 86 -67 110 91 90 -90 94 93 -93 95 -15 -77 -98 116 -100 -101 -16 -45 -18 -79 106 -54 -61 -30 -110 -80 112 113 -112 -43 -116 -26 -5 -83 -91 -121 -11 -123 -124 -125 -35
right_child=3 5 7 8 32 21 23 69 9 30 11 -13 75 19 16 24 103 66 82 20 -22 50 25 26 29 -27 -28 36 108 -31 31 52 33 125 35 -37 -38 -39 51 -41 42 114 43 102 -46 -47 49 -49 -50 -51 -52 -53 53 79 55 -57 -58 58 59 107 -62 -63 -64 -65 -66 85 -68 -69 -70 70 71 72 -74 -75 -76 76 -78 104 87 81 -82 118 -84 -85 -86 -87 -88 -89 89 119 -92 92 -94 -95 -96 -97 97 -99 99 100 -102 -103 -104 -105 -106 -107 -108 -109 109 -111 111 -113 -114 -115 115 -117 -118 -119 -120 120 -122 122 123 124 -126 -127
leaf_value=0.011174594666415922 0.00079289303673553174 -0.0041873654537917951 -0.0024447913006090793 0.006965849524841943 0.0043718374424687742 0.0044808493052565122 0.0087394232680602611 0.0019708055546390898 -0.0081170894255625844 -0.0057376851989886504 -0.0041561717815800673 -0.011315388415034057 0.0011777530127356512 -0.0031719802669641123 -0.0038546405991782911 -0.00024870121126711111 0.010062817700070425 0.0064105600270904176 0.0014366664693802602 0.0025370490395416963 0.0053855525550012343 -0.00093270128657451062 0.0039381216572049226 0.0058564870497967523 -0.0053081661755594737 -0.0011366110279291974 0.0084775976964248431 -0.0049596439006789556 -0.0014158586928732747 -0.0060507763884835213 0.0043484352384183566 -0.0070024484069695723 0.0090483911863493138 0.004991007005585804 0.005925781463521046 -0.0018381870218325326 0.0019324031634814168 0.0016855512642267071 0.008196317430411746 0.0045119439042141584 -0.007121328760070207 -0.0042922107675048291 -0.005750553762273989 0.0044918545544644006 -0.00049883391257803274 0.0060352022549211501 0.0046086629174948244 0.0020591654844546985 -0.0082079914738405445 -0.003549291188304173 0.0032613667507034399 -0.00018222685066515546 0.0012794026126224443 0.0050044748951227451 -0.0034937022837404821 -0.0017416770516977837 0.0022503394444223146 -0.0062802831025335175 0.0053059988724873212 0.0026016021920934225 -0.00095765973132630542 -0.012498435501463099 -0.0078927883946987819 0.0050911227995637234 0.0025493924324859548 -0.0068025432367534366 0.0051843532818382681 -0.0045112159667038635 -0.00035942226456800008 0.0050215794848405514 0.0019162843704497721 0.0033152815240661739 -0.0026206060497084883 -0.0050863453008871528 -0.0055828831668452393 -0.0019899815476674782 6.8484106745587809e-05 0.0035194122209880204 -0.0048215819876058965 -0.00089221115929890378 -0.006235235528107709 0.0035893901513296841 0.0088143861850965895 -0.0087345222632651022 0.003842439081924511 0.0028248838041049535 -0.00026291322202419415 0.0028943031777250174 0.00033470409765526475 0.0047623585558789197 -0.0078541350490770219 -0.0077486840429573023 0.00013855582804573179 6.9852696927920669e-05 -0.0043014397743709369 0.0050104595889915258 -0.00013962451859155311 -0.0075053168456679373 -0.0029427306057177032 0.010216692476461262 0.0012599718709777302 0.0031264578264141064 -0.0029109142369656981 0.0043586434425132757 -0.0036292395068755539 0.0022112448613909523 -0.0068531486292091664 -0.0046701131094390533 0.0082581477071953895 0.0021197229609322865 -0.00045396238419865323 -0.005268634123559969 -0.00081433696566016948 0.0060750558747065869 0.0030532533698836395 -0.0030041514448238302 0.0018035201011890642 -0.00042379923711642614 -0.0036241474269896124 0.0037196648535076011 -0.0039896332660056631 0.0042756690128701981 -0.0054129911748596717 0.0040653083816626027 -0.00089482499949859772 0.00023928742611686074
leaf_weight=642.23657058179379 1110.6515960693359 111.47808739542961 188.94708824157715 125.72969208657742 253.11399188637733 233.20023837685585 344.24124146997929 101.98141098022461 248.43305361270905 130.23794727027416 936.29096050560474 230.90181091427803 116.22726228833199 130.9783963561058 158.96937225759029 131.22843900322914 164.46012961864471 147.71982887387276 111.7231053262949 214.22634035348892 270.71084894239902 5832.3045405447483 230.96685147285461 697.75776021182537 157.72739367187023 4073.7185858339071 243.3755369335413 111.20296505093575 101.97627539932728 112.73547863960266 139.48818522691727 484.18890284001827 319.82872928678989 237.8644895106554 254.12206387519836 143.20297154784203 756.60571619868279 102.19600395858288 174.89009392261505 132.97224965691566 206.44063974916935 201.66766139864922 146.47982601821423 163.22513848543167 545.20035511255264 463.37520487606525 175.473492577672 193.22157408297062 186.95880813896656 101.98518487811089 269.98243486881256 103.18903014063835 164.9800810366869 172.23417976498604 119.97987908124924 209.97190181910992 173.48121477663517 297.71180140972137 201.4788803011179 100.73328587412834 398.44414193928242 165.72421792149544 197.72282801568508 313.71990682184696 2272.7608136832714 231.72424221038818 166.97067771852016 250.47657322883606 371.45360364019871 177.96881712973118 146.72513161599636 470.43267171084881 259.47330756485462 321.95617964863777 273.97254726290703 266.19385932385921 153.45321470499039 197.72122862935066 193.71812608838081 102.2358790487051 119.73812422156334 104.23929816484451 412.14984485507011 276.21665509045124 124.22795389592648 105.48690305650234 190.22801831364632 397.45073266327381 133.22408005595207 167.46975491940975 182.71478717029095 652.36607161164284 162.97892390191555 105.48666310310364 322.69807378947735 143.2247157394886 116.47078709304333 924.93284380435944 111.47940745949745 112.9822212010622 312.4620027244091 154.97974945604801 117.97174698114395 694.39806036651134 109.71620181202888 571.42765149474144 117.4856830239296 214.72251226007938 218.19175046682358 231.95691247284412 175.22061057388783 137.23712104558945 811.6284291446209 215.46664546430111 302.83988302946091 165.45109310746193 130.73584477603436 144.4719408005476 185.4760924577713 122.73451094329357 197.95909197628498 223.72979262471199 175.73242524266243 207.22723115980625 2807.2158663868904 562.02978460490704
leaf_count=2571 4443 446 756 503 1013 933 1378 408 994 521 3746 924 465 524 636 525 658 591 447 857 1083 23331 924 2793 631 16296 974 445 408 451 558 1937 1280 952 1017 573 3028 409 700 532 826 807 586 653 2181 1854 702 773 748 408 1080 413 660 689 480 840 694 1191 806 403 1594 663 791 1255 9093 927 668 1002 1486 712 587 1882 1038 1288 1096 1065 614 791 775 409 479 417 1649 1105 497 422 761 1590 533 670 731 2610 652 422 1291 573 466 3701 446 452 1250 620 472 2778 439 2286 470 859 873 928 701 549 3247 862 1212 662 523 578 742 491 792 895 703 829 11230 2249
internal_value=5.00249e-05 0.00167224 0.00305602 -0.00171051 0.00463951 0.000511539 0.00614912 0.00134216 -0.00224898 -0.00234639 -0.00312416 -0.00573922 -0.00262811 -0.00192856 0.00184614 0.000953822 0.00404692 0.00273024 0.00513356 -0.00155572 0.000551539 -0.000117193 -0.000185967 0.00481763 -0.0014297 -0.000847374 0.0039839 0.00318721 0.00127078 -8.77564e-05 -0.00164253 -0.00232788 0.00264081 0.0037901 0.00596795 0.00317352 0.000957408 0.00880674 0.00954483 -0.000862931 -0.00178992 0.000711668 -0.0032846 -0.00119719 0.00228338 0.00280182 -0.00235688 -0.00272719 -0.00306779 0.00157303 -0.000737096 0.00528361 -0.00254325 -0.00125523 -0.00333649 -0.00622648 -0.00269261 -0.00309467 -0.00162434 0.000732093 -0.00334571 -0.00919291 -0.00503237 0.00179697 0.00214945 -0.00479214 0.000714625 -0.000361802 0.00173317 -0.00052636 0.000334992 -0.000431878 0.00119153 -0.0029054 -0.00353782 -0.00470067 -0.00517789 -0.00264308 0.000525898 -0.00296322 0.00029083 -0.00435229 0.00735168 -0.00676711 1.42364e-05 -0.00258138 -0.00399961 7.16099e-06 -0.00311624 -0.00119733 -0.00458674 -0.00410409 -0.00550134 -0.0066866 -0.00184011 0.00115203 -0.00578533 -0.00669969 0.000850583 0.00249697 0.00399047 -0.000427597 0.00139907 0.00565506 0.0009024 0.000689152 -0.00233265 -0.0023314 0.00406974 0.00531981 -0.000768868 -0.000120481 0.000543742 0.00326733 -0.000757807 0.000877732 -0.00217709 0.00325783 -0.000964538 0.00109049 -0.000994008 -0.000697369 -0.000472787 -0.000830363 -0.000529295 0.00173959
internal_weight=45715.7 23793 10838.6 21922.6 5615.82 12954.4 3175.69 5222.79 16193.6 15923.4 7531.84 1167.19 6364.65 4787.37 4136.08 2963.27 1172.81 1696.2 759.579 4538.94 1252.03 8818.33 5729.06 2153.18 1267.07 4304.69 1808.94 1565.57 2716.05 938.122 8391.54 4847.4 2440.12 1517.05 717.154 397.325 867.809 1022.51 920.316 981.316 848.344 923.073 634.117 427.677 3470.28 2925.08 3286.91 3009.45 2816.23 277.459 6102.29 278.079 4707.91 1814.03 2893.88 495.676 2398.2 2224.72 1213.09 516.935 696.156 285.704 328.951 1424.37 2461.71 1011.63 936.621 769.65 519.173 1752.51 1376.56 1198.59 729.906 468.681 375.954 1577.28 1461.05 2629.27 2163.92 960.14 291.972 668.168 523.873 378.453 235.706 527.439 421.952 1930.72 2321.84 804.102 315.939 1517.73 920.832 757.853 596.901 274.203 1307.6 1041.4 825.387 536.924 425.444 313.949 281.197 858.858 307.437 853.893 282.466 315.456 552.125 450.149 1533.27 1339.55 1202.32 390.687 669.959 468.291 288.463 270.202 289.715 488.163 320.694 3544.14 3413.91 3190.18 3014.44 799.894
internal_count=182898 95195 43371 87703 22476 51824 12711 20895 64785 63704 30134 4670 25464 19153 16547 11855 4692 6786 3039 18159 5009 35277 22918 8618 5069 17220 7240 6266 10866 3753 33570 19392 9765 6071 2870 1590 3473 4093 3684 3926 3394 3694 2537 1711 13884 11703 13150 12040 11267 1110 24411 1113 18834 7257 11577 1983 9594 8900 4853 2068 2785 1143 1316 5698 9849 4047 3747 3079 2077 7011 5507 4795 2920 1875 1504 6311 5846 10519 8657 3841 1168 2673 2096 1514 943 2110 1688 7724 9289 3217 1264 6072 3684 3032 2388 1097 5232 4167 3302 2148 1702 1256 1125 3436 1230 3416 1130 1262 2209 1801 6134 5359 4810 1563 2681 1874 1154 1081 1159 1953 1283 14178 13657 12762 12059 3201
is_linear=0
shrinkage=0.02


Tree=11
num_leaves=127
num_cat=0
split_feature=9 230 7 9 236 15 116 21 202 191 212 7 186 22 52 2 116 212 140 171 181 205 186 118 236 98 190 39 85 226 26 116 89 2 78 52 214 222 181 33 226 4 47 186 80 80 236 229 97 190 118 150 162 186 19 74 61 2 15 116 148 123 226 190 90 174 192 24 79 150 21 176 21 183 41 214 215 212 22 97 171 78 166 174 142 106 116 226 114 112 176 74 230 2 192 192 216 116 222 190 230 15 42 78 78 215 61 74 40 59 101 183 80 9 152 52 174 15 154 118 114 97 194 95 225 24
split_gain=318.925 112.912 51.113 39.2515 38.974 24.5156 23.5413 22.6349 19.2911 29.8984 21.0539 19.1008 18.9449 19.0461 18.2946 18.0253 20.1371 17.597 16.2586 17.6706 27.2598 15.5487 15.1046 15.5224 14.962 17.0518 16.3512 14.3624 14.2746 14.2704 14.2212 13.8842 13.8489 16.4123 14.3541 13.8243 13.7052 13.5155 19.528 18.3791 15.811 14.8301 14.8608 24.0246 18.0157 18.909 13.5051 13.4543 13.3147 13.1919 15.4627 13.0406 12.6898 24.9221 12.6736 12.6793 13.0182 12.5692 12.4545 14.7688 12.8109 12.374 16.2257 12.2698 15.8615 13.0367 17.2955 12.2285 12.0916 11.9704 13.3502 18.9021 12.3867 15.2762 12.0659 11.8441 11.7947 22.1788 15.3301 13.2055 11.722 11.533 14.6631 11.3923 11.228 12.2442 14.0241 11.2238 11.0673 11.0379 14.7952 10.9601 10.8705 10.8223 10.803 10.7795 15.4355 10.6773 10.6174 10.6092 10.5388 12.4073 10.533 11.3385 11.0352 10.5273 10.5114 11.3686 11.4935 10.288 10.1569 13.1896 13.1187 12.5521 11.1663 12.2061 16.4492 14.9975 13.7035 18.4401 10.2 11.9118 10.1145 10.1054 11.1088 10.1046
threshold=-7.8199291237979179e-06 -0.85377600789070118 5.0677608669502667e-05 -0.000129576088511385 -0.49210661649703974 -0.10940027236938475 0.00042654974095057702 0.83622565865516674 1.0000000180025095e-35 0.00019606998830568048 0.010500322096049787 -0.00013207557640271259 0.00060341061907820414 0.00018928805366158488 7.8022949310252457e-05 0.00010001230839407073 -0.00031421678431797767 0.019131551496684555 0.85655376315116893 -0.00011594218449317849 0.20203166455030444 0.45055061578750616 0.0091950395144522207 -0.0023674471303820606 -0.79233959317207325 0.0068423475604504356 0.0020008313003927474 5.9795982451760217e-05 -0.00012149032772867939 0.33404830098152166 0.39402852952480322 -0.00051332893781363953 -3.449863106652628e-05 -0.00021799001842737195 0.0003589929838199169 0.0005259164609014989 0.0019065471133217218 0.22394843399524691 0.34717181324958807 -0.00030647507810499514 0.15699637681245807 0.00011966868260060438 0.00088272886932827543 0.01209316309541464 0.0014013468753546479 0.00084999162936583172 0.24642357975244525 0.29382647573947912 0.17644046992063525 -5.8268789871362963e-05 -0.001449351431801915 -0.030164468102157112 1.0000000180025095e-35 0.003349506994709373 -7.9526439549226763e-06 -0.28404112160205836 0.00024143791961250829 7.8114768257364644e-05 0.18187839537858966 -0.00015101903409231451 0.0040913317352533349 -0.00027438088727649296 -0.2133400812745094 0.00080068514216691266 0.0012741893879137935 0.0061178081668913373 0.0045735246967524299 8.0732326750876396e-05 0.0004022692446596921 0.053461544215679176 -0.016932623460888859 0.00055527215590700518 -0.29361365735530848 0.0026604563463479285 -3.4198232242488296e-05 0.0017352616414427759 0.0025444203056395058 0.0097274645231664198 0.00069221685407683264 0.014879796188324692 0.00022109517885837707 0.00033552822424098855 -0.001385653158649802 0.015664733015000824 0.004012071294710041 -0.00088782407692633558 0.00084413113654591154 0.06612801551818849 5.0720744184218354e-05 -0.33362229168415064 0.00079050200292840611 -0.053596271201968186 -0.96868926286697377 -0.00011741819616872816 0.0049283357802778491 -0.0066990850027650586 0.17881924659013751 2.6375200832262639e-05 0.05713802948594094 -0.00072104949504137028 -0.93743178248405445 -0.12619121372699735 -0.0007135122432373463 -0.00070586756919510652 -0.00066317664459347714 0.0025752744404599075 4.156307841185481e-05 -0.51021078228950489 0.00080965139204636227 -0.83239305019378651 0.00068352418020367633 0.0066475372295826682 -0.0031061373883858319 7.0229325501713915e-05 0.00073634859290905308 0.00015842860011616724 0.0068968476261943587 0.11521946638822557 5.6582885008538149e-05 -0.0023674471303820606 -9.6021951321745278e-05 0.84282830357551586 0.0042683572974056014 -0.00011737894601537845 6.3819654315011589e-05 3.6137598726782023e-05
decision_type=2 2 2 2 10 2 8 2 10 10 10 2 8 2 2 2 10 8 8 2 10 10 8 10 10 8 10 2 2 10 2 10 2 2 10 2 8 8 8 2 8 2 2 10 10 10 10 2 8 10 10 10 2 10 2 10 10 2 2 10 10 2 8 8 2 8 8 2 10 8 2 8 2 8 10 10 10 8 2 10 2 10 2 8 10 10 10 8 2 10 10 10 2 2 10 10 10 10 10 10 2 2 10 10 10 10 10 8 2 10 2 8 10 2 10 2 10 2 10 10 2 10 8 2 10 2
left_child=1 3 47 4 11 8 7 24 29 10 -10 -1 -7 28 30 18 -17 32 19 20 27 22 23 -21 25 26 52 46 -14 76 89 -22 99 36 109 -36 -34 39 40 -8 57 84 44 63 45 94 88 106 58 67 -51 68 53 -4 55 -16 -57 -39 60 95 61 98 -63 87 75 -66 -67 -12 -50 70 72 -72 73 -15 -71 -65 81 -78 -79 -80 -56 -3 -83 125 85 -40 -87 -44 -5 90 -6 -20 -33 -74 -43 -60 -97 -24 -26 -11 101 -32 104 -104 123 -59 -2 -108 110 -35 111 112 -109 -113 115 118 117 120 -114 -120 -117 -122 -101 124 -73 -9
right_child=2 5 6 15 14 12 37 83 9 17 49 -13 13 69 54 16 -18 -19 91 21 31 -23 97 -25 48 -27 -28 -29 -30 -31 100 92 33 34 35 -37 -38 38 41 -41 -42 42 43 -45 -46 -47 -48 -49 51 50 -52 -53 -54 -55 80 56 -58 105 59 -61 -62 62 -64 64 65 66 -68 -69 -70 74 71 102 93 -75 -76 -77 77 78 79 -81 -82 82 -84 -85 -86 86 -88 -89 -90 -91 -92 -93 -94 -95 -96 96 -98 -99 -100 122 -102 -103 103 -105 -106 -107 107 108 -110 -111 -112 113 114 -115 -116 116 -118 -119 119 -121 121 -123 -124 -125 -126 -127
leaf_value=0.0094288744514920055 0.0045031974950376832 0.0042488099282807857 -0.0039250582706556424 0.0059240894571888445 0.0053298182245945956 0.0031713759833165546 -0.00023570709177730726 0.00011291111191368717 -0.0038863173228798715 0.00027888995341685143 -0.0045941395852192157 0.0049205992865826251 -0.00096581220147343746 0.0037322232629688015 0.0074443851247459379 0.0025882487432869537 -0.005310920677768117 -0.0019974723056125666 0.0012308889762476379 -0.0027855845116015955 0.0028675243162094334 0.010348665663740124 -0.0046994173079440288 0.0043574299907687894 0.0031503222619137438 0.0045064738099434773 0.0028949932141269005 0.0078482862173416806 0.0084456175868308659 -0.0035383370761362253 3.0829786668749286e-05 -0.006405259320476202 0.0062916806902670189 0.0023187087093120349 0.0078730885320189795 -0.00087398919798755933 -8.7311908738209483e-05 0.0071524403366829917 -0.0062911322242072696 -0.0065412262137823588 -0.0044467129977367147 -0.0061929314886079324 -0.0065765565394910672 -0.0069991192482586019 -0.008341182093786776 0.00090198555262133021 -0.0026689782473315483 -0.003570976246651013 -0.0049963347472935342 0.00920875281287384 -0.00072617476804208881 0.00032603109451153224 -0.0062686889198603907 0.0046656510482786439 -0.0074125196113371426 -0.001038173699129198 0.0060616464792401818 -0.0044676738154796379 0.0055347293163263934 0.0046361725580745996 -0.0042354636078361999 0.0089927720367552477 5.1821412897080964e-05 0.0070983992965852347 -0.0068393614234740878 0.0040491358769999038 -0.004047954775893061 0.00099373997206499034 0.00013280376228978015 -0.0045008710481571476 -0.0049035327949221164 0.003050944872975248 -0.0086416604708663396 -0.0030878186057527336 0.00073576644870863676 -0.00034132380995956891 -0.0027091826532806775 0.00012026962910334316 0.0066775766589068633 0.00065284286197757671 0.0011897782318780479 -0.0051973840601898733 0.0030947108234862207 0.0029268587019625177 0.0026150126763340837 0.0041064897664595838 -0.0032971044073283073 0.00087397925974825718 -0.00063509581133499584 0.0057444919572778464 -0.0030327614681841721 -0.0049294523137217803 -0.00023195766527747799 -0.0025800197630003936 0.00060347190696448101 -0.0041659540079458839 0.00098677783748920439 0.0031880279370919747 -0.0022851470241554727 0.0097402954611719265 -0.0021920673554424435 0.0080087540283911556 0.0082537952464550972 0.0017696695930876653 -0.0058013665117568882 0.0032118884639448265 -0.0040820139870246016 0.0064054336727833207 0.0036301244766858494 -0.0026800732442735739 -0.0015830328325490315 0.0068201011010000489 -0.0007239983329625911 -0.0012054334781169997 0.0026552555256292255 0.0041443988234596751 -0.0062907412600329273 -0.0055252373723466185 -0.0045745520057095188 0.0031155483753955164 -0.0020675386202366197 0.0029190132833629176 0.0032835643044883912 0.0054638652960470593 -0.0046874047732852623 -0.0038366029693449959
leaf_weight=773.21921150386333 165.97201611101627 1534.5716631859541 663.13703934848309 274.36644181609154 159.13674101233482 417.42859019339085 232.45520307123661 288.2045853883028 902.88978715240955 152.47758054733276 224.72608789801598 895.07307028770447 114.23986960947514 232.22760277986526 124.93367622792721 231.20927383005619 248.71972507238388 449.9503717571497 301.21169050037861 115.97315415740013 151.45551328361034 124.95586016774178 133.45707584917545 2103.7591392546892 158.48026862740517 105.23380851745605 141.98692980408669 199.17989557981491 117.73846738040447 149.718161419034 180.14011338353157 254.44572076201439 356.43943826854229 203.7232028990984 132.23819372057915 130.74199810624123 208.96887582540512 141.22985543310642 188.21682895720005 913.94365312159061 150.97138080000877 644.08364774286747 226.69148042798042 343.42634534835815 521.8383504152298 262.9354882389307 176.68815445899963 482.21132332086563 629.88035370409489 107.98437348008156 117.48456530272961 559.15840138494968 540.66190096735954 150.48130005598068 105.2192702293396 403.8389517813921 116.94589029252529 102.47355583310127 123.97827570140362 402.94450132548809 364.96949481964111 102.4907428175211 241.47985053062439 161.45789684355259 133.46893899142742 193.96224181354046 188.19983932375908 420.44151547551155 254.95437029004097 808.45786774158478 190.73881135880947 119.49246793985367 136.99035157263279 254.23470644652843 216.9849973320961 158.70715989172459 416.93223750591278 562.15982063114643 411.38954256474972 226.70577797293663 118.70094242691994 112.97811022400856 217.95848716795444 103.23365966975689 238.95397356152534 154.46454302966595 227.68606704473495 113.97582054138184 152.69667764008045 1491.4304102361202 142.40968857705593 161.73155796527863 197.94162560999393 613.4639800041914 104.9739706069231 285.19646883010864 957.63334375619888 105.72701914608479 748.66997346282005 188.45907409489155 204.14548845589161 117.69815747439861 126.74371884763241 472.97686965763569 102.24505192041397 151.22229637205601 286.97375936806202 100.24106742441654 287.97528141736984 627.69559051096439 1868.1157853007317 196.73890388011932 2171.8239523917437 113.49131068587303 454.46629554033279 172.23744460940361 268.22337655723095 224.9602842181921 126.73913744091988 879.42088606953621 772.93878228962421 233.73340129852295 241.45601280033588 117.99320986866951 140.49394151568413 2451.6225046366453
leaf_count=3096 664 6140 2653 1098 637 1670 930 1153 3612 610 899 3583 457 929 500 925 995 1800 1205 464 606 500 534 8418 634 421 568 797 471 599 721 1018 1426 815 529 523 836 565 753 3657 604 2577 907 1374 2088 1052 707 1929 2520 432 470 2237 2163 602 421 1616 468 410 496 1612 1460 410 966 646 534 776 753 1682 1020 3234 763 478 548 1017 868 635 1668 2249 1646 907 475 452 872 413 956 618 911 456 611 5970 570 647 792 2454 420 1141 3831 423 2995 754 817 471 507 1892 409 605 1148 401 1152 2511 7473 787 8688 454 1818 689 1073 900 507 3518 3092 935 966 472 562 9809
internal_value=1.33685e-05 0.00174281 -0.00159991 0.00334549 0.0046261 0.00046487 -0.00231588 -0.00169293 0.00110615 0.000223374 -0.00178114 0.00709704 -0.00077613 -0.00122824 0.0032871 0.00207738 -0.00155413 0.0015473 0.00247391 0.00288426 0.00106016 0.00386161 0.00345112 0.00396269 -0.00103043 -0.00269334 -0.00325247 0.0034382 0.00410208 0.00218426 0.00421702 -0.00211078 0.00227001 0.00130858 -0.000134857 0.00377001 0.00401164 -0.00334606 -0.00281936 -0.00528862 0.000699246 -0.00331762 -0.00395271 -0.00249884 -0.00534265 -0.00366476 0.0017783 -0.000391704 -0.000470197 0.000440266 0.0043946 -0.002064 -0.00392974 -0.00226236 0.000793439 0.0022067 0.000721357 0.00278595 0.000217656 0.00136946 -0.00104499 -6.22852e-05 0.00306366 -0.00109011 0.000234884 -0.00191559 5.86297e-05 -0.00103225 -0.00354817 -0.00159934 -0.000841952 0.00059527 -0.00230439 0.000186752 -0.00339991 0.00360726 0.00244907 0.00117762 0.00255005 0.00462197 -0.00312876 0.00352709 0.00012901 -0.00317393 -0.000883809 -0.00238856 -0.000249185 -0.00417362 0.00365535 0.00504398 0.00143748 -0.00103627 -0.00382832 -0.00388213 -0.00524955 0.00035344 -0.000242889 -0.00123595 -0.00128809 0.00487566 0.00118321 0.00348907 0.00163796 0.00336216 -0.000563603 1.01391e-05 -0.000199411 -0.000305862 -0.00015819 -0.00142952 -0.000311225 0.000108572 -0.000128042 0.00398893 -0.000275103 -0.000559463 -0.00193173 -0.00102224 0.000170122 0.0020766 -8.51371e-05 -0.000875431 0.00642112 0.00107357 -0.0011669 -0.00342334
internal_weight=45683 22047 23636 9766.41 4832.89 12280.5 14829.7 9274.4 8098.09 4465.68 1773.53 1668.29 4182.45 3765.02 3164.6 4933.52 479.929 2692.15 4453.59 3990.65 1406.77 2583.87 2458.92 2219.73 6431.34 1601.5 1496.27 802.931 231.978 3632.41 2294.96 603.843 2242.2 1659.81 1094.4 262.98 565.408 5555.34 4408.94 1146.4 545.897 3863.04 3053.72 1519.89 1533.83 1011.99 603.751 8806.26 4829.84 870.637 225.469 1443.99 1354.28 813.618 869.639 645.719 520.785 394.926 3385.84 1769.75 1616.09 1251.12 343.971 1176.46 835.796 515.631 382.162 645.168 884.835 3533.04 2507.6 1270.68 1236.92 486.462 1025.44 320.165 3482.7 1617.19 1200.26 638.095 223.92 1865.51 330.937 2843.06 809.321 570.367 382.151 340.667 427.063 1792.98 301.546 462.943 452.387 750.454 749.058 1366.81 1242.83 239.184 907.15 582.393 501.984 297.838 1079.95 599.721 480.225 253.696 8324.05 8158.08 7871.11 831.419 7583.13 5715.01 5404.78 310.23 5304.54 4850.08 1672.09 1403.87 3177.98 1006.16 1178.91 1006.67 429.915 377.98 259.986 2739.83
internal_count=182773 88214 94559 39085 19345 49129 59331 37104 32398 17865 7095 6679 16731 15061 12666 19740 1920 10770 17820 15968 5629 10339 9839 8882 25729 6407 5986 3213 928 14533 9186 2416 8970 6640 4378 1052 2262 22227 17640 4587 2184 15456 12218 6081 6137 4049 2416 35228 19322 3483 902 5777 5418 3255 3480 2584 2084 1580 13545 7080 6465 5005 1376 4707 3344 2063 1529 2581 3540 14133 10031 5083 4948 1946 4102 1281 13934 6470 4802 2553 896 7464 1324 11375 3238 2282 1529 1363 1709 7177 1207 1852 1810 3002 2997 5468 4972 957 3629 2330 2009 1192 4320 2399 1921 1015 33299 32635 31487 3326 30335 22862 21621 1241 21220 19402 6689 5616 12713 4025 4716 4027 1720 1512 1040 10962
is_linear=0
shrinkage=0.02


Tree=12
num_leaves=127
num_cat=0
split_feature=15 231 231 231 12 15 70 95 212 15 231 30 231 231 62 221 217 99 142 151 179 231 33 23 184 204 2 214 179 33 193 231 143 142 218 71 144 221 78 212 163 212 116 193 231 73 217 204 87 104 214 217 144 81 133 221 178 60 136 213 136 193 148 111 52 144 212 185 173 151 99 141 228 222 71 23 185 154 99 173 136 90 174 151 30 52 141 41 231 144 185 205 213 106 192 222 61 222 106 163 106 65 174 161 145 143 45 229 14 217 231 152 3 213 100 68 161 136 80 212 142 80 91 231 193 184
split_gain=274.306 63.1222 74.6682 90.5524 47.8986 36.2471 30.0397 23.3629 27.7714 22.7387 18.8425 18.7616 24.8507 46.8167 21.2122 18.9583 17.8412 17.6314 17.3965 20.5201 17.3548 17.1905 16.8246 16.7186 16.686 16.1926 16.1133 16.5762 15.6323 15.6198 17.4061 17.1719 15.3286 14.6619 14.2055 13.5854 13.3805 17.45 14.727 17.7284 13.0932 13.0529 12.8459 12.7964 12.6326 16.9441 15.3819 15.2929 15.167 14.3165 12.5305 15.0691 12.3085 12.0282 14.1096 11.7659 12.2763 15.0359 18.4673 14.6739 13.565 11.4863 17.098 13.8434 18.8637 17.9624 13.6254 15.9661 12.2918 11.4001 12.8733 13.3386 14.7761 11.1447 11.0866 13.036 12.6445 11.0241 11.0061 10.9863 18.2859 14.3564 12.83 10.9028 10.8129 17.1185 22.9933 19.9672 12.8138 10.7327 15.1514 10.5517 10.446 14.066 13.235 13.4413 12.1058 13.2596 15.1044 14.7678 11.8452 14.7536 11.112 15.6596 11.29 11.0994 13.5492 11.0548 10.4132 10.3512 10.3114 10.2914 10.1989 11.2235 10.6207 10.1046 10.083 9.73211 11.7438 13.1917 9.6637 9.66285 12.0798 11.531 9.66215 10.6321
threshold=-0.0093681761063635332 0.48289918899536138 -0.55375361442565907 -0.11970336735248564 1.0000000180025095e-35 0.4331431537866593 0.66973456740379345 6.4814823872438873e-06 0.0060755622107535609 -0.29746614396572107 0.32350382208824163 -0.00030592888651881362 0.26092512905597692 0.46754305064678198 0.00020693644910352307 0.0040848045609891423 -0.0081316712312400324 0.00027182561461813753 0.00095269692246802162 0.35000000894069677 -0.00020269265223760155 0.093673683702945723 -0.00013889842375647274 6.6895325289806365e-05 0.4477741420269013 -0.0012406110763549803 8.6394225945696248e-05 0.0014461936079896989 -0.001938297238666564 -0.00035766404471360142 0.0029485620325431232 -0.23556562513113019 0.064770568162202849 0.0017018903745338323 0.017577069811522964 -0.00032673614623490716 -0.00039699800254311407 0.0052531291730701932 0.00089996529277414094 0.015052275732159616 0.0026633929228410129 0.016002800315618518 0.00032303818443324422 0.0019152390304952862 -0.7589854598045348 -2.8707820092677135e-05 -0.002872281125746667 0.0069682477042078981 0.0016463667270727458 0.00036273505247663712 0.0017514174687676134 -0.0063796811737120143 -0.0054504431318491689 8.407629138673657e-05 9.115721695707181e-05 0.00062114253523759555 0.48960968852043157 0.0011053747730329635 0.0021964058978483085 0.0018447700422257187 0.0024989434750750665 0.0067302517127245673 0.0086991409771144407 -3.067326906602829e-05 0.00022859836462885144 -0.0037308005848899479 0.011580822523683311 -0.0025455637369304891 -0.064789921045303331 0.55000001192092907 0.00016929311823332685 -0.0010021117632277308 0.63333335518836986 0.63096565008163463 -0.0038576483493670817 0.00015853253717068585 -0.003588039660826325 0.00063155140378512453 0.00055109302047640096 0.59244495630264293 0.0038713217945769434 0.0007400892791338266 0.0029044586699455981 0.45000000298023229 -0.00014953886420698834 0.00015405651356559249 -0.0004364297201391309 0.00041340406460221862 -0.74168145656585682 -0.0021823855349794026 -0.0017440844676457343 0.090210247784852995 0.0011351120192557575 -0.0030439450638368721 -0.0028115084860473867 0.6439185142517091 9.8867541964864372e-05 0.79753434658050548 -0.00069231522502377618 0.0021526608616113667 -0.00098407996119931319 -0.00033667996467556799 0.01167848100885749 -0.0012424918240867553 0.00048913111095316719 0.5522311031818391 4.1743336623767398e-05 0.010544420685619118 0.000170299579622224 -0.0040388291236013165 -0.90164175629615773 0.00099814811255782864 0.00015408231411129239 0.0018900929717347028 0.00027711462462320929 -0.0011725061922334132 -0.00091105859610252072 0.004922151332721115 0.0003900507435901091 0.013798304833471777 0.0017877535428851845 -0.0019244877621531484 -0.0061112132389098397 -0.8959035575389861 0.0015136235742829742 0.1681591868400574
decision_type=2 2 2 2 2 2 8 2 10 2 2 2 2 2 10 10 10 10 10 10 10 2 2 2 8 10 2 8 8 2 10 2 8 10 8 10 10 10 10 10 2 10 10 10 2 10 10 10 2 10 8 10 10 2 2 10 10 10 10 10 10 10 10 8 2 10 10 10 10 8 10 10 2 8 10 2 8 10 8 8 8 2 10 8 2 2 10 10 2 8 10 10 10 10 10 8 10 8 10 2 10 2 10 2 10 10 2 2 2 10 2 10 2 10 10 10 2 10 10 10 10 10 2 2 10 10
left_child=1 2 9 4 29 6 26 22 23 121 18 14 15 24 -8 84 35 77 19 -10 32 78 61 42 -14 -11 41 -28 -23 31 -31 -4 52 -19 55 -17 38 -38 112 43 83 92 -9 -40 45 46 109 -46 -48 -47 -33 -52 -3 -20 120 -34 57 -57 -59 -60 -58 62 63 65 69 115 67 -67 -68 70 -65 -72 -73 -21 -29 76 108 -6 -7 82 81 -81 -15 -16 -13 86 87 -86 -87 -26 -91 -12 93 -2 -95 124 -94 98 99 102 101 -99 103 104 -98 107 -107 -97 -76 -27 -43 -45 113 114 -18 -5 -105 118 -62 -120 -55 123 -123 -1 125 -96
right_child=5 20 3 7 17 21 11 8 10 25 91 12 13 79 40 16 36 33 53 73 -22 28 -24 -25 89 44 27 74 -30 30 -32 50 34 -35 -36 -37 37 -39 39 -41 -42 110 -44 111 47 49 48 -49 -50 -51 51 -53 -54 54 -56 56 60 58 59 -61 117 -63 -64 64 -66 66 68 -69 -70 -71 71 72 -74 -75 75 -77 -78 -79 -80 80 -82 -83 -84 -85 85 88 -88 -89 -90 90 -92 -93 96 94 95 105 97 100 -100 -101 -102 -103 -104 116 -106 106 -108 -109 -110 -111 -112 -113 -114 -115 -116 -117 -118 -119 119 -121 -122 122 -124 -125 -126 -127
leaf_value=-0.002681962438831727 0.0055691023356044889 -0.0015842156172347747 0.0084989873152287784 0.00720133079954559 0.0084770404121463829 -0.0070012230964947185 0.0046365233606683052 -0.0022935852445135482 -0.0037652666542617088 0.0014747918495174833 0.0056559465439653608 -0.002428657189402808 0.0062373416044234518 0.0011648693528637771 -0.0044270250496611183 -0.0017250563996853501 -0.003988566737055583 -0.0060683149131401269 -0.0039629330402891705 0.0060988709537173457 0.0059051857261122435 -0.0046975076813170064 0.0097370714562604339 0.0025619700309761758 0.0055939551224135266 0.00057612333213311702 -0.0028214807474443698 0.0025023498064336109 0.00098440068597303193 0.0057802253437199899 -0.00099011505955059532 0.0070398963142634732 0.0048699498616771413 0.0010818051058057382 -0.0082747325351488904 0.0076672638940289486 0.001226799933370642 -0.0063803992912189232 -0.0010399383590657329 -0.0041796233681481365 -0.0037556512725119501 -0.0062048777627429783 -0.010142080075937579 0.0094260492532291136 0.0019016129551853681 -0.0070250368685086644 0.0067110832739224512 -0.0041496089531390104 -0.0011554389997321393 -0.0017163514093169352 0.006566655467915428 -0.0019391792579766497 0.0059510867097424692 0.0069858484945972219 -0.0021926471082365658 -0.0046251766817231197 0.0017106583167106283 0.0056808251539924373 -0.0057133362746671183 0.0013670298182006289 -0.00034521331245169194 0.0049543171017744012 -0.0051884618526175435 0.0064093679946670631 -0.0022383880589622825 0.0038445051855994484 -0.010009966676819653 -0.0041615976161063781 -0.00054763651721676182 0.0069981198530601795 0.0036645029045192729 -0.0062427011424122858 0.0029952231027804352 -0.0011306090686931513 -0.0020748518149358158 -0.0044296830128711193 0.0011007556472729101 0.00032350628454263104 -0.0019267087977955896 0.001261877357943359 0.0044481459100476177 -0.0082260825629141641 -0.0047241712011775296 0.0020202991973224307 -0.0073503902872595018 -0.0036829422276861258 0.0043591782727473187 0.0013811200114747263 -0.0096007093858602628 -0.0053455957584151127 0.0019321265606242477 -0.00055268523563925867 0.0034124982351937455 -0.0057736509869682545 0.0041891916476107368 -0.003299233379283758 0.0014872431013868521 0.0007387926902082812 0.0050521530038217391 -0.0053907208932728566 -0.001981178193785143 0.0078274559988897301 0.0045969230113523437 0.0065949337261816798 -0.0034710082244895323 -0.0011387209232020491 -0.010127681991992359 0.0033622296738573193 0.0018150626196966253 -0.0048821123407172444 -0.0010045689113340013 0.00091766327161364367 -0.0044198049431428306 -0.0047742493072341361 0.0010720348549093394 0.00018000947833511969 0.00050518394081220806 0.001558313992598506 -0.0085415771511056747 -0.00036113623374347989 -0.00077631174939795029 0.0054762400872739652 0.0016234901995773501 0.0029450002719643722 0.0058505607584093382 -0.0015391801830452357
leaf_weight=247.43777583539486 108.48819459974766 135.21446481347084 1795.7200895398855 160.11903657019138 149.95983462035656 791.35068160295486 293.21353082358837 189.43302476406097 136.66696760058403 2420.6088800430298 449.08304995298386 587.63597002625465 328.45150981843472 165.22180338203907 113.23338861763477 111.73044773936272 204.71458695828915 137.22821070253849 430.84792304039001 380.81722493469715 128.47953215241432 362.15390263497829 117.69404351711273 102.71789561212063 115.48829182982445 428.46448434889317 2049.8821447640657 391.94401942193508 381.17285948991776 542.40622255206108 200.89793364703655 335.6706708073616 102.22466360032558 408.19186048209667 100.24298195540905 102.73561391234398 140.971037581563 630.07093416154385 164.71400579810143 173.70296692848206 455.68112701177597 159.4837318956852 154.47270533442497 126.96904230117798 1148.1467909365892 214.7291846126318 242.47458648681641 175.74089643359184 148.24024054408073 1741.3727683573961 116.90899531543255 196.37952528893948 191.69662019610405 139.47586004436016 341.7013027369976 785.90737545490265 724.88785256445408 132.23023554682732 224.71789595484734 212.46527090668678 315.94818776845932 600.19819258153439 111.94424213469028 257.118991792202 189.69845515489578 218.8829655200243 101.45634067058563 151.17357641458511 104.703214854002 417.28928542137146 325.34063555300236 138.93240642547607 106.45313239097595 101.21299187839031 1758.7341637611389 367.91286061704159 1174.5761394947767 111.48148553073406 240.67515496909618 114.97401301562786 179.47395431995392 111.47247457504272 989.05680468678474 478.44431729614735 361.1465065330267 252.93992938101292 115.47004595398903 136.71715351939201 509.27576504647732 162.22675837576389 289.2122842669487 138.4662202745676 705.91250184178352 208.46836261451244 163.23060828447342 202.72822888195515 230.96077565848827 222.22985535860062 182.97897538542747 214.73003919422626 129.23805448412895 240.47691944241524 164.47648280858994 109.74088473618031 726.17203341424465 141.73605439066887 117.985277146101 160.48379787802696 309.69948683679104 183.23671063780785 1102.6237893849611 100.47776228189468 849.4723786264658 282.19948044419289 614.38825419545174 152.41304214298725 698.43817909061909 222.47015112638474 207.47176802158356 123.48623405396938 101.23331081867218 651.49039240181446 678.57272185385227 300.41419580578804 128.98619349300861 422.95489132404327
leaf_count=990 434 541 7191 641 600 3167 1173 758 547 9684 1797 2351 1314 661 453 447 819 549 1724 1524 514 1449 471 411 462 1714 8201 1568 1525 2171 804 1344 409 1633 401 411 564 2521 659 695 1823 638 618 508 4593 859 970 703 593 6966 468 786 767 558 1367 3144 2900 529 899 850 1264 2402 448 1029 759 876 406 605 419 1670 1302 556 426 405 7036 1472 4699 446 963 460 718 446 3957 1914 1445 1012 462 547 2038 649 1157 554 2824 834 653 811 924 889 732 859 517 962 658 439 2905 567 472 642 1239 733 4411 402 3399 1129 2458 610 2794 890 830 494 405 2607 2715 1202 516 1692
internal_value=6.74199e-06 0.00161297 0.002087 0.00327681 0.00558916 -0.00148884 -0.00126305 0.00167578 0.000293303 0.000721708 0.00121604 -0.00212667 -0.00249613 -0.000816148 6.09365e-05 -0.00324522 -0.00234065 0.0012002 9.55177e-05 0.00268922 -0.000802418 -0.00422365 0.00283542 -0.00414782 0.00279082 0.000173974 -0.000625647 -0.00136757 -0.00183441 0.00668558 0.00397236 0.0074716 -0.00108247 -0.000868187 -0.00151367 0.00304438 -0.00270822 -0.00499371 -0.00197414 0.000843539 -0.0012829 6.28066e-05 -0.00618256 0.00316334 -0.000564744 -0.00128885 0.000814975 0.00104854 0.00381554 -0.00236431 0.00445964 0.0014385 0.00292274 -0.0015096 0.000376614 -0.00123916 -0.00148226 -0.002867 -0.000365746 -0.0023631 -0.000284133 0.00250587 0.00186704 0.00224834 0.00344992 0.000275212 -0.00180813 0.000528209 -0.0056777 0.00433823 0.00286402 0.00110388 -0.0023114 0.00459631 -0.000612685 -0.000962725 -0.000544665 0.00527034 -0.00587694 -0.00289526 -5.60986e-05 -0.00369728 -0.00387574 0.000682024 -0.004819 -0.00579072 -0.00314935 -0.00499191 -0.00778129 0.000649556 -0.000798986 0.00422275 0.000500639 -0.000809359 -0.00132218 -0.000553856 0.00109984 0.000521238 -0.00016614 -0.000653953 0.00314107 0.00459457 -7.69978e-05 -0.000559092 -0.00226861 -0.00265914 -0.00565435 -0.00033403 -0.00148062 -0.00116171 -0.00174824 0.00604532 -0.00279173 -0.00147951 -0.000257659 0.003994 0.00147139 -0.00194846 -0.003165 -0.00568383 0.00391225 0.00265435 0.00356381 0.000398628 0.00130235 0.000141542
internal_weight=45634.9 22002.8 18395.3 9814.39 3994.84 23632.1 21856.8 5819.55 2666.13 8580.93 2219.5 9261.48 7920.91 2455.58 1340.57 5465.33 3502.15 806.861 1631.96 618.697 3607.44 1775.35 3153.42 446.624 895.379 6703.01 12595.3 6052.75 743.327 3187.98 743.304 2444.68 3478.96 545.42 3152.05 214.466 3287.68 771.042 2516.64 565.864 1047.36 6542.52 343.906 392.161 4282.41 2958.52 1002.42 1323.89 390.715 1956.1 648.959 313.289 326.911 1013.26 582.41 3051.81 2949.58 1355.32 569.413 437.183 1594.26 3035.72 2435.53 2323.58 1434.83 888.748 576.216 370.057 206.16 1245.13 827.845 570.726 245.386 482.03 4002.87 3610.92 3243.01 261.441 1032.03 1560.2 405.92 226.446 1154.28 591.678 1963.19 1375.55 613.334 497.864 762.216 566.927 451.439 587.549 5280.42 1655.06 1546.57 1338.11 3625.35 2919.44 2327.5 2144.52 591.945 462.707 1929.79 1765.31 957.133 622.933 259.721 363.212 2068.43 611.701 1262.11 227.447 1950.77 1101.3 819.103 312.532 808.179 869.376 646.906 330.958 240.709 1877.92 1330.06 547.852 715.172 586.185
internal_count=182587 88041 73609 39280 15992 94546 87442 23288 10668 34329 8881 37054 31691 9824 5363 21867 14012 3228 6530 2476 14432 7104 12620 1787 3582 26815 50388 24215 2974 12764 2975 9789 13918 2182 12610 858 13154 3085 10069 2264 4190 26173 1376 1569 17131 11835 4010 5296 1563 7825 2598 1254 1308 4054 2330 12209 11800 5422 2278 1749 6378 12149 9747 9299 5742 3557 2306 1481 825 4983 3313 2284 982 1929 16014 14446 12974 1046 4130 6242 1624 906 4618 2367 7855 5504 2454 1992 3050 2268 1806 2351 21124 6621 6187 5353 14503 11679 9311 8579 2368 1851 7720 7062 3829 2492 1039 1453 8275 2447 5049 910 7805 4406 3277 1251 3233 3478 2588 1324 963 7514 5322 2192 2861 2345
is_linear=0
shrinkage=0.02


Tree=13
num_leaves=127
num_cat=0
split_feature=8 230 231 33 47 101 145 140 219 13 230 231 89 13 197 163 201 33 219 150 231 230 29 136 192 174 156 225 87 181 181 213 29 90 140 178 222 163 150 23 219 22 212 171 143 218 102 189 154 33 81 59 201 188 185 194 218 69 225 177 224 37 194 63 212 149 230 95 150 137 81 194 201 225 81 115 63 188 163 114 212 212 115 230 231 119 188 194 177 115 63 90 156 57 149 21 231 201 181 213 149 69 115 188 149 22 13 163 97 163 68 33 156 103 174 204 188 140 77 151 99 60 51 60 213 181
split_gain=267.689 86.0531 82.7645 49.9556 41.1461 31.4528 29.5926 28.5712 24.1699 23.1426 26.9387 40.5884 30.1254 24.5044 22.4807 20.283 19.8203 19.3017 19.098 18.672 18.0485 36.4735 22.4337 18.2407 18.5697 17.9977 17.8914 18.0455 17.9183 17.1059 24.1515 16.8317 15.964 15.5687 17.5076 16.8555 16.5963 15.8104 15.3922 15.3597 14.6623 15.9062 14.5414 16.864 21.1705 20.1247 26.3637 17.5294 15.6521 14.5182 17.6581 14.4463 18.2114 17.6769 18.3575 14.1159 13.9161 15.6068 13.7236 17.8704 13.5303 13.4356 23.0256 16.4829 13.9927 13.3856 20.4111 16.7163 13.3016 13.2965 14.8476 13.214 12.8979 15.078 12.8725 12.8546 12.8321 13.6944 12.6876 12.6806 12.6482 12.5631 12.2508 12.2502 19.1553 12.9288 12.2306 21.6756 15.896 15.4347 12.1875 17.7286 12.5276 12.115 15.8344 12.1004 11.8604 11.8417 17.2019 11.7879 11.7015 11.6657 11.6022 11.4314 11.506 11.2801 12.0405 11.2302 14.5117 11.4104 11.2075 11.1396 10.9324 10.8094 12.1373 12.2929 10.7643 12.7127 10.7044 10.6965 10.6671 10.6668 15.7602 13.0697 12.8212 10.6336
threshold=1.0000000180025095e-35 -0.85377600789070118 -0.10235826298594473 -0.00030957027047406877 0.00021057189587736505 0.00054778391495347034 0.0032384472433477644 0.9019238054752351 0.25845547020435339 9.9612202575372083e-06 -0.85149618983268727 1.0000000180025095e-35 -0.00012720435188384724 1.9125845938106071e-05 -0.0065829984378069631 -0.0057401009835302821 -0.0086414609104394895 -0.00065614294726401557 0.058629173785448081 -0.49036613106727595 0.02835773024708033 -0.83747833967208851 0.57157287001609813 0.0038713217945769434 -0.00013495705934474242 0.0029044586699455981 -0.004496359732002019 0.00091415623319335293 -0.0062207754235714665 0.49274072051048284 0.14783436805009845 0.0015681287040933969 0.31825006008148199 0.0019525162642821672 0.53776380419731151 0.91825589537620556 0.8067259192466737 0.0029379336629062895 -0.3585569560527801 0.00014597026893170553 0.56354060769081127 0.00047964269469957804 0.016518007963895801 0.00010286064571118915 0.13565548509359363 0.001917999819852412 0.8320431411266328 0.45000000298023229 -0.0015273988828994332 -0.00023628171766176817 -0.00052733064512722183 -0.90583983063697804 0.0052067281212657699 -0.060086932033300393 -0.0047426989767700425 -0.0033436650410294528 0.0059124671388417491 0.00055284684640355419 -7.7973887528059991e-05 0.00094889191677793871 0.0036741030635312204 0.35000000894069677 -0.0094746458344161493 0.0002158614151994698 0.0087391445413231867 0.00016515688912477347 -0.78666386008262623 -4.8509797125007019e-05 -0.02778714336454868 0.0010790252126753332 -9.3622809799853699e-05 0.0016876215813681485 -0.0033651215489953752 -0.00060660191229544569 6.3309922552434741e-05 0.00091225749929435562 0.00034402091114316141 -0.096330180764198289 0.00032624835148453718 0.00013297614350449297 0.010358947329223158 0.011766754090785982 -0.00050954663311131288 -0.96868926286697377 -0.35224922001361841 -7.2581577114760862e-05 -0.083721958100795732 0.012424148619174959 0.0020830972352996473 -0.00093188713071867813 0.00014253382687456909 -0.0022592823952436443 -0.0020619789138436313 7.7838834840804352e-05 -0.00013504173693945629 0.54317224025726329 0.68993380665779125 0.014149773865938188 0.13573554158210757 0.0014244801714085045 -8.1893595051951693e-05 0.00067415987723506998 -0.00055045925546437491 0.1824593394994736 0.00034459111338946974 0.00077090060221962642 2.6378121447123708e-06 0.0013542470987886193 -0.1305567845702171 -0.0010955398320220409 -0.0004519654758041724 -0.00086181485676206638 0.0051108966581523427 -0.00038094262708909804 0.0031608254648745064 -0.00018375645595369858 -0.22072452306747434 0.48844249546527868 0.00016121989756356927 0.65000000596046459 0.00045805933768861001 0.0007389540842268617 -7.9410538091906329e-06 0.0016714714583940806 0.0013539791689254346 0.43560713529586798
decision_type=2 2 2 2 2 2 10 8 8 2 2 2 2 2 10 2 10 2 10 8 2 2 2 8 8 10 10 10 2 10 10 8 2 2 8 8 10 2 10 2 10 2 8 2 10 10 10 10 10 2 2 10 10 10 10 8 8 10 10 2 10 2 10 2 10 10 2 2 10 10 2 8 10 8 2 10 2 10 2 2 10 8 10 2 2 2 10 10 2 10 2 2 10 2 8 2 2 8 8 10 10 10 10 8 10 2 2 2 10 2 10 2 10 10 10 10 10 10 2 8 10 8 2 10 8 8
left_child=1 2 3 5 9 38 83 29 14 15 11 12 -11 31 -6 16 74 39 72 -10 21 22 -21 24 25 -22 28 32 -20 30 90 -14 51 34 -25 -35 37 68 -1 119 78 -42 43 44 -17 46 47 48 -46 50 -31 53 61 54 -28 -33 57 -24 59 -50 -13 62 -53 -63 107 67 -67 -23 -36 70 -19 -59 73 -3 102 -64 -45 -78 -32 101 -8 -27 -62 100 -85 -86 88 125 89 -12 -4 -92 -93 94 -91 -73 111 98 -44 -81 -5 -26 -2 104 -58 106 -16 108 109 -65 -72 -30 121 -69 115 -115 -113 -118 -51 -7 -15 122 -52 -123 -124 -88
right_child=4 18 7 6 8 17 80 -9 19 10 86 60 13 120 105 42 -18 69 26 20 23 65 56 33 79 81 27 -29 96 49 40 55 -34 35 36 -37 -38 -39 -40 -41 41 -43 97 76 45 -47 -48 -49 58 118 112 52 -54 -55 -56 -57 103 71 -60 -61 82 63 75 64 -66 66 -68 113 -70 -71 110 95 -74 -75 -76 -77 77 -79 -80 99 -82 -83 -84 84 85 -87 87 -89 -90 93 91 92 -94 -95 -96 -97 -98 -99 -100 -101 -102 -103 -104 -105 -106 -107 -108 -109 -110 -111 -112 116 -114 114 -116 -117 117 -119 -120 -121 -122 123 124 -125 -126 -127
leaf_value=0.0024508385712599763 0.0029080160263434511 -0.00038626991278277429 -0.0015370500803300532 0.011384378273241623 0.0003957431054771704 0.0061784155103586412 9.5302164278831576e-05 -0.0028040246298183121 -0.006853325200418303 0.0035683281352275492 -0.0037750779517504609 -0.0041603015700372985 -0.0078866045468357886 -0.013735895691481559 -0.0010866575964091016 0.0017148675039716718 0.0071789886486714949 0.0067663849683100019 0.0052508910263156247 0.00044217560488169703 0.0074352948869456023 0.0053197357190937619 0.0032357970088123067 -0.0034082497262053341 0.0035288015022620915 -0.0036162196588713949 0.00052538125615135805 -0.0040354008839307192 -0.00074540432184071832 0.008319132444518729 0.00013354713170372773 0.0040880601731383926 -0.00048107861337379622 0.0027288346208459665 0.0067393141835848111 -0.0069674872400583088 0.0078290262815257881 -0.0045842320895782846 0.010473435906592979 0.011136478440967632 -0.0051589504803225663 0.0015391964533789213 0.0026190593073544171 0.00259559006854774 -0.0070060453964503246 -0.00024042247435556227 0.004830782603316419 -0.0070853053537291511 -0.0076986982723420676 0.0079907663785498909 0.0050073994134094768 -0.0061179362334381135 -0.00085845673062568285 0.00053707917281143225 0.0079714467755948072 -0.0042935575670850594 -0.01003798209557279 -0.0077074562104225705 0.0036464591781548181 0.0022188106228492304 0.0042986939319623529 0.0057643252735310171 0.00028638436337101604 -0.0051408831102290617 0.0030347956346708921 0.0047552791906258661 -0.0035373345558998739 -0.0023954440128446191 -0.00028182161908904579 -0.0033949555256023506 -0.00061248114308533037 0.0022072914211054926 -0.00041554659596977205 0.0065749853557724239 0.005889738912953987 0.0057617857651993242 0.0024603834589708314 -0.0071014172205851912 0.006722149892502402 -0.0080047718199803206 -0.0081436111159963118 0.0032680334428877075 -0.00096652546246053296 0.0050359941922618135 0.001923235688687737 -0.0073572128527542857 -0.0020852763625628635 -0.0090159144671090961 0.0072605707820100653 -0.0047042430184820773 -0.0018842874389849633 0.0073997884731629342 0.00077950164628535947 0.005761433291721121 0.001632105833309222 -0.0055693333389788017 0.0033624283964333885 0.0021192181334359016 -0.0050166208741337431 -0.0023575148323462633 0.0028953674121303982 -0.0029465441187683785 -0.0039645161020630156 -0.0021984596299730571 -0.0023114474742865834 -0.0025084486889282347 -0.0071561286460769926 -0.0043098677078256663 0.0048238932793964488 0.002419334532242932 0.0048080634612344001 -0.00010030329979002002 0.0044556763646479373 0.0019586494902067105 0.0021872819577936583 -0.0063144599537685499 -0.0083760970037757738 -0.001397383568646304 0.0012888934768092873 -0.00056367492483707065 -0.0046930613455320822 -0.001501250721149445 0.0033303647444286734 0.0053100830712974967 -0.0043191064802544834 0.0015851959078452874
leaf_weight=124.34163480997086 143.9728172570467 165.19761091470718 151.44260589778423 100.20550705492496 320.16993519663811 676.1111731082201 144.69490104913712 549.91063433885574 281.66998095810413 100.97455596923828 296.4623307287693 321.42077068984509 296.1165409386158 246.24010719358921 158.22826996445656 1147.5587222874165 268.70844414830208 373.06027755141258 106.2275622189045 269.1939660012722 118.97765247523785 181.22240079939365 100.70902971923351 144.97863373160362 150.7250083386898 243.69820575416088 198.68789775669575 317.21989673376083 417.16864317655563 162.38370998203754 1309.6971191316843 109.72829720377922 3243.2130129337311 113.23612633347511 208.71248133480549 142.72749057412148 253.20675309002399 108.7331730723381 813.40449844300747 258.14356897771358 403.12418141961098 201.89990667998791 130.48413038253784 1253.1127320080996 160.97872178256512 2197.529521882534 122.9766182154417 504.18704323470592 131.22924865782261 339.07800634205341 449.00393499433994 184.45731995999813 1783.5498369634151 515.82942886650562 395.88306461274624 193.94681826233864 513.18953107297421 286.06942968070507 202.22502063214779 126.47864916920662 228.72204694151878 483.87955003976822 1222.4548774659634 158.71729862689972 1085.8274912089109 114.23108360171318 1197.2526428252459 825.59054546058178 201.46069690585136 101.44331422448158 353.80172947049141 150.44469264149666 267.44065561890602 459.57770468294621 113.47924515604973 179.97140954434872 100.49056720733643 104.74026662111282 108.46623826026917 286.92933437228203 132.71580119431019 158.21721552312374 593.66137731075287 218.89169436693192 101.19844120740891 107.21709051728249 1032.5602135211229 129.23160211741924 116.98508992791176 182.21278557181358 134.42447549104691 479.17204643785954 154.89639739692211 174.97611744701862 698.13571199774742 133.65005333721638 100.73941630125046 156.73326878249645 640.93551151454449 331.91699750721455 184.66131530702114 301.680638641119 229.47184117138386 143.68047633767128 106.70212857425213 449.08840012550354 1036.5379127860069 202.47280442714691 210.71669934689999 127.98001937568188 243.15782603621483 143.98249910771847 456.0145668387413 114.22581921517849 647.12114997208118 144.71895197033882 341.70620709657669 159.72805844247341 141.72031733393669 105.16797837615013 100.4485602080822 756.69123558700085 146.43632586300373 111.96449686586857 165.94521687924862 433.94346894323826
leaf_count=498 576 661 606 401 1281 2708 579 2200 1127 404 1186 1286 1185 986 633 4591 1075 1494 425 1077 476 725 403 580 603 975 795 1269 1669 650 5241 439 12974 453 835 571 1013 435 3258 1034 1613 808 522 5013 644 8791 492 2017 525 1357 1797 738 7135 2064 1584 776 2054 1145 809 506 915 1936 4891 635 4344 457 4790 3303 806 406 1416 602 1070 1839 454 720 402 419 434 1148 531 633 2375 876 405 429 4131 517 468 729 538 1918 620 700 2793 535 403 627 2564 1328 739 1207 918 575 427 1797 4148 810 843 512 973 576 1825 457 2589 579 1367 639 567 421 402 3028 586 448 664 1736
internal_value=4.11358e-05 0.00157836 0.00293321 0.00515673 -0.00148294 0.0064178 0.00122155 0.00147827 -0.00245047 -0.000740098 -0.00176145 -0.00344434 -0.00625037 -0.00735003 -0.00443364 -4.33833e-05 0.00302539 0.00497985 0.000460896 -0.0019522 -0.00175545 -0.0024789 -0.00482985 -0.000457608 -0.00184212 0.00122421 0.000240989 0.000517859 -0.00198082 0.00190181 0.000835409 -0.00464889 0.000670161 0.00142093 0.00263097 -0.00279103 0.00382237 0.00164928 0.00948306 0.00691683 -0.000391634 -0.00294601 -0.00038331 -2.24068e-05 -0.000618045 -0.00140043 -0.0034069 -0.00437595 -0.00202348 0.00303735 0.00232435 0.00122306 0.000806135 0.00328898 0.00558127 -0.00119952 -0.00581169 -0.00354325 -6.02699e-05 -0.0030221 -0.000811436 0.00157643 0.000160034 0.00255672 0.00163333 -0.00121462 -0.00275446 -0.000141314 0.00343804 0.00300847 0.00373319 -0.00480972 0.0032473 0.00477946 0.000540433 0.00106017 0.00183658 -0.00261678 0.000723942 -0.00332823 -0.00412884 -0.000879728 0.000565135 0.00336153 0.00111822 -0.00307716 -0.000543578 -0.0017458 0.00076847 0.000108973 0.00348492 0.00448846 0.00585581 0.00125 0.000245255 -0.00157684 -0.00271876 -0.00268628 -0.00369151 -0.00514451 0.00643243 -0.000731133 -0.00130183 -0.00766344 -0.00882183 -0.0053677 -0.00638345 -0.000564849 0.00106723 -0.00182835 0.00167974 -0.00334676 0.00178313 -0.000767041 0.000736419 -0.00278625 -0.00495522 -0.00629194 0.00614568 0.00527945 -0.0115147 0.000990521 0.00268711 -0.000523561 -0.000748608 -0.000992456
internal_weight=45663.1 22733.1 10260.5 4038.22 22930 3048.63 989.585 6222.27 9938.9 12991.1 5255.77 2191.26 1047.45 946.48 1964.02 7735.29 755.632 2110.89 12472.6 7974.87 7693.2 4928 1703.64 2765.2 1592.15 520.893 11580.4 10310.9 1269.55 5672.36 2943.12 599.792 9993.64 1173.06 917.092 255.964 772.113 518.906 937.746 1039.42 2023.19 605.024 6979.66 6051.51 4593.16 3445.6 1248.08 1125.1 620.912 2729.24 2248.44 6750.43 5640.03 1110.4 594.571 303.675 1434.45 670.873 459.933 257.708 1143.8 3856.48 1586.88 2269.59 1785.71 3224.36 1311.48 1912.88 410.173 1071.46 970.02 570.164 892.216 624.775 486.924 1402.43 1458.34 205.231 1418.16 1071.25 277.411 401.915 822.383 712.174 427.307 208.416 3064.51 1595.74 1468.77 1351.79 919.936 768.493 634.068 1055.32 880.348 284.095 1163.32 928.153 771.42 618.846 284.867 452.406 373.445 763.572 619.892 1643.85 1194.77 699.887 497.414 286.697 596.96 1062.59 2086.06 1731.66 906.066 258.945 645.417 501.434 480.798 781.279 346.689 1630.04 761.385 868.656 312.382 1466.5
internal_count=182707 90967 41068 16168 91740 12208 3960 24900 39767 51973 21028 8768 4192 3788 7859 30945 3023 8452 49899 31908 30781 19718 6818 11063 6370 2084 46329 41250 5079 22700 11778 2400 39981 4693 3669 1024 3089 2076 3756 4163 8096 2421 27922 24209 18375 13784 4993 4501 2484 10922 8998 27007 22564 4443 2379 1215 5741 2685 1840 1031 4576 15429 6349 9080 7144 12900 5247 7653 1641 4289 3883 2282 3570 2500 1948 5611 5834 821 5675 4286 1110 1608 3290 2850 1710 834 12260 6384 5876 5408 3682 3076 2538 4222 3522 1137 4654 3713 3086 2476 1140 1810 1494 3056 2481 6578 4781 2800 1990 1147 2389 4251 8348 6928 3625 1036 2582 2006 1924 3129 1388 6523 3047 3476 1250 5867
is_linear=0
shrinkage=0.02


Tree=14
num_leaves=127
num_cat=0
split_feature=9 5 9 72 19 63 23 213 145 11 38 36 213 212 226 193 22 15 0 99 21 23 199 80 138 156 117 36 47 83 214 111 41 80 83 0 118 24 110 136 171 141 2 199 116 97 224 2 190 152 221 129 80 79 109 57 152 213 79 98 232 19 226 224 224 176 226 226 31 141 35 103 0 219 141 173 188 213 70 95 109 78 80 199 216 28 19 73 152 226 214 103 216 100 136 90 213 194 0 63 216 138 213 213 219 99 173 109 118 190 31 98 111 157 157 224 0 156 173 64 223 2 223 35 105 95
split_gain=274.623 38.5211 32.1694 22.5567 20.5768 20.4329 18.2272 18.2126 17.5126 15.7948 15.7724 22.0728 15.242 20.1505 17.9041 14.5882 14.5073 14.4362 20.1284 14.5842 16.9363 14.3299 16.2474 14.9153 14.8712 16.3362 17.9817 14.0848 13.6915 15.0875 14.7325 13.9448 13.5905 23.9026 20.9254 13.5841 14.5895 16.5997 21.99 16.1799 17.0303 18.0428 13.5759 13.5223 13.4218 13.4153 13.1878 13.1383 13.2459 12.6081 12.5091 14.9605 24.1994 12.9576 12.0063 11.7252 12.6169 11.6371 11.5055 11.4122 11.3793 11.1235 11.084 11.0507 12.3148 13.5075 12.2653 10.8992 13.4743 10.8781 10.7886 10.6878 11.4159 10.6831 10.6029 10.5948 10.3866 10.3504 15.3706 16.0988 12.5022 10.2861 17.5344 17.1343 16.082 15.6901 14.7065 13.7303 13.3084 12 12.2225 13.1536 13.3635 10.8763 10.8112 16.448 12.1605 11.4189 15.3681 11.3703 11.002 10.5184 10.2483 10.2328 10.1959 10.0976 10.0498 10.0398 9.96028 9.95388 9.89197 9.891 9.80414 19.8956 12.8583 10.8973 10.931 9.63124 13.0949 9.61605 10.1951 9.50403 9.47259 9.46654 9.46217 9.35895
threshold=-7.8199291237979179e-06 1.1041865946026521e-05 5.4860958698554903e-05 0.00093143605045042943 3.0258793231041641e-06 0.00082811361062340449 7.015173832769507e-05 0.00078180438140407215 0.01152762630954385 3.1572519219480462e-05 -1.9061243619944431e-05 0.15794554352760318 0.0014129587798379364 0.0055778613314032563 -0.33856071531772608 0.0039946383330971011 0.00069221685407683264 -0.12896437942981717 1.4746924534847496e-05 0.00039154809201136237 -0.17032009363174436 9.925918857334183e-05 0.010326775256544353 -0.002648740890435874 0.00060952483909204613 0.0058181341737508782 -0.0003003371821250766 -0.33295133709907526 -0.00049813603982329358 0.00039317730988841509 0.0018165424698963763 -4.3307196392561302e-05 0.00011710711260093377 0.00076769822044298064 0.00030998223519418394 -4.3564759835135185e-05 -0.0078187668696045858 0.00011232309771003203 0.0074088789988309154 0.0019362402963452043 -8.5039129771757857e-05 -0.00036985568294767285 0.00017766279052011671 0.0039414900820702323 -0.0019187062280252574 -0.55755180120468129 0.0044576753862202176 0.00010932508303085343 -0.00077550247078761448 -0.001066095719579607 0.0028604987310245637 1.0000000180025095e-35 -0.00041760141903068865 0.0018357128137722614 -0.0018532076501287518 -7.2373033617623137e-05 0.00018210041162092241 0.0013440533075481655 -0.00095148858963511873 0.0022810262162238364 2.5000000000000004 -1.2208833595650502e-05 -0.32613787055015558 0.025459633208811287 0.017188356257975105 0.00068893245770595979 0.27264940738677984 -0.33856071531772608 4.5721108108409687e-05 -0.0017166992183774708 1.0902675512625139e-05 -0.0010001143673434851 -4.8653877456672483e-05 0.55961167812347423 -0.0013060499913990495 0.43571746349334722 -0.37014256417751307 0.0010776291019283237 0.50020146369934093 6.357122401823291e-05 -0.0014141502324491737 -0.00065055734012275923 -0.0030160368187353011 0.0027776116039603953 0.55574721097946178 3.7520918340305805e-05 -1.0055857728730187e-06 1.6068396689661316e-05 0.00026212901866529142 -0.32613787055015558 0.00089484636555425834 -0.00045861194666940713 0.17881924659013751 0.00024064598255790773 0.0016649694298394027 -9.2215855147514941e-06 0.00094459144747816037 -0.0092681148089468462 4.7668891056673608e-05 0.00015757232176838445 0.50815907120704662 0.00042873932397924369 0.0019919419428333644 0.0019126733532175424 0.83044323325157177 0.00029354510479606693 -0.73827221989631642 -0.0044832166749984017 0.004091566428542138 -0.0017171278595924375 1.5252069260895952e-05 0.00098447425989434145 3.7857802453800111e-05 -9.6498701168457033e-05 -0.0015587054076604543 0.011054757982492449 -1.0000000180025095e-35 -0.0015551607939414678 0.64298832416534435 0.90037953853607189 -0.0058790680486708871 2.2704138245899234e-05 -0.022029460407793518 -1.0333058980904751e-05 0.30531308054924017 1.7480917449574921e-05
decision_type=2 2 2 8 2 2 2 8 8 2 2 10 8 8 10 10 2 2 2 10 2 2 8 10 8 10 10 8 2 2 10 10 10 10 2 2 10 2 10 10 2 10 2 10 10 10 8 2 8 8 8 2 10 10 10 2 10 8 10 10 2 2 10 10 8 10 10 10 2 8 2 8 2 10 10 10 10 8 10 2 10 10 10 10 10 2 2 10 10 10 10 10 10 10 10 2 10 10 2 2 10 10 8 10 10 8 8 10 8 10 2 10 10 2 2 10 2 8 10 2 8 2 10 2 10 2
left_child=1 3 6 12 8 9 67 -3 32 49 11 54 15 -14 -15 81 28 21 19 -19 61 24 23 106 110 26 71 -17 30 103 44 43 33 -4 -34 47 -37 38 39 40 -38 70 74 46 -16 -41 -32 48 -11 107 53 -52 -53 -36 75 56 -18 -25 105 -60 -29 -21 -8 64 65 73 -67 -2 -69 -13 -42 -26 -73 -54 -12 121 -64 78 -47 80 -80 82 -1 86 -85 -84 87 94 -89 -88 -91 92 -92 -86 95 96 -83 -96 99 101 -101 -99 -27 -30 -82 -51 -23 -6 -24 -74 -5 -72 113 114 -79 122 -117 -115 -119 -50 -121 -9 -114 -33 -62 -118
right_child=2 7 4 17 5 -7 62 10 -10 35 42 69 13 14 16 27 55 18 -20 20 -22 22 108 57 25 102 -28 60 29 -31 31 123 34 -35 50 36 37 -39 -40 45 41 -43 -44 -45 -46 77 -48 -49 119 58 51 52 63 -55 -56 -57 -58 -59 59 -61 124 -63 76 -65 -66 66 -68 68 -70 -71 111 72 109 -75 -76 -77 -78 112 79 -81 104 83 85 84 93 -87 89 88 -90 90 91 -93 -94 -95 97 -97 -98 98 -100 100 -102 -103 -104 -105 -106 -107 -108 -109 -110 -111 -112 -113 115 117 -116 116 125 118 -120 120 -122 -123 -124 -125 -126 -127
leaf_value=-0.001389153954278431 -0.002386962207434948 -0.0065233204567254352 -0.0053264928605699395 -0.0010302554908731101 -0.00031165886435710713 0.004777612883023784 0.0025292425519676792 -0.0052386489599151077 -0.0075138302705003244 -0.0034709362557618661 0.0032806968064713511 -0.00015162378709912316 -0.0044649272731542523 -0.0010005144439172661 0.0079267028341784441 -0.00068368732035138007 0.0076375204128316058 0.0029762361214533805 -0.0039515852193184146 -7.0513312161965718e-05 0.0025604198088480228 0.0028426890833899653 0.002681724757138577 0.0010279857434661035 -0.0015752381109146844 0.0074856945936674002 -0.0025899211472189686 0.0092282758864377975 0.0017635956831693262 -0.0043855607553244698 -0.00023477069385306027 -0.001690845086759299 0.00095784863563623762 0.0013500855716086474 -0.0055160702811726178 0.0022597803050347165 0.0040428911544901818 -0.0050609460004969369 0.0022792737560894984 -0.0080929192717579916 -0.0028868028840662659 -0.0063717798893267383 -0.0012806086689891086 0.0016264417759141608 0.00082843516601951311 -0.00099141212076626125 -0.0076076394349562041 -0.0027632004129144322 0.00014494622833430672 -0.0021156854580340091 0.0033448006156114591 -0.0086312580574363154 0.0038147625435726086 0.0019773364209890796 -0.0056240807989640399 0.002649375635275121 0.00012341286002912836 0.0057157059804652409 0.00073401635353717728 -0.0053036810272238414 -0.00093034738204587051 -0.0061016298617363523 0.0021799381772616587 -0.0051071062643632094 0.0019419213851796994 -0.0030596933205855686 0.0036724792560296803 -0.0033745322317675114 0.001410663640826169 0.0077865977129664378 0.0071842020676510998 -0.00098406148104478153 0.0017897615874114001 -0.0010851066304678092 -5.4829828308798171e-05 0.0039352680143073431 -0.0027948459985109204 0.00091252720327154868 -0.003578430517195942 -0.0024899509453355593 -0.014841854552679681 0.0028059966194104841 0.0012353341894013536 -0.0046906365490437434 -0.0023354903555030653 0.0075144187018554957 0.0065166785463269695 -0.0042238739531840382 0.003527675711703402 -0.0058029390650564507 0.0037897798672500912 0.0064556301786274596 -0.0026246218555954015 0.0040621677177589931 0.00065402382138824756 0.006118610177099847 -0.0054319404250657141 0.0071230614210203323 -0.00089335421716298894 0.0093745636763711299 0.0037980061849649596 -2.2435026620517024e-05 0.0002002668254519769 0.0044503501843020299 -0.0053632284326631989 0.0044867839211453165 -0.0050624843222273732 -0.0084927685847188718 -0.0051159503523020419 0.010377024301835966 0.0039097598176823997 -0.00046358003001975367 -0.00032053961197933781 0.0052317614286703021 -0.0042833613000386643 -0.0064368779120698117 -0.0035659412064318664 -0.0017468971687509874 0.0039020782825041358 0.0090801482060448285 0.00061397960846052574 -0.00059582737415986525 -0.0065750818313288287 0.006196917756298893 0.0064216638458199403 0.0025822486208099799
leaf_weight=151.92197620868683 397.95884330570698 153.22927366197109 625.63131712377071 199.18145863711834 120.73123304545879 136.72339284420013 200.23088671267033 245.68965062499046 144.97142659127712 182.22050257027149 1060.0039592534304 141.22238977253437 178.40654128789902 679.36253108084202 118.94935339689255 107.43234604597092 469.18259334564209 630.11225792765617 465.91412499547005 224.71318088471889 298.44966574013233 119.44325441122055 100.47507798671722 282.61062172055244 215.66773337125778 139.20033048093319 1045.4627446681261 371.28551204502583 1346.4687123149633 100.46703790128231 149.16231335699558 102.42829506099224 2263.6771287322044 310.92578275501728 467.83997428417206 181.95979453623295 218.19819243252277 1658.9961709827185 311.64514341950417 231.90757577121258 219.93681417405605 237.91194300353527 646.66411648690701 154.91772826015949 482.43416495621204 261.65679632127285 264.85965923964977 815.49072076380253 300.44054387509823 110.47769324481487 274.7005790323019 153.96298865973949 280.19001917541027 102.97813694179058 347.69702497124672 1047.8239513039589 110.17982050776482 965.34110075235367 346.94511912763119 172.47327484190464 111.93407459557056 249.70149900019169 173.48149402439594 212.95277793705463 591.11559747159481 1205.27015838027 101.98391641676426 236.2105897963047 3025.4186218231916 113.72799976170063 101.22576694190502 117.70991799235344 112.22019091248512 421.41536618769169 588.14699700474739 115.23101517558098 1527.8458040803671 215.94121263921261 137.1943646967411 246.11158981919289 157.16937562823296 117.19153678417206 227.59031011164188 224.40147957205772 153.18199549615383 589.37742196023464 104.69567966461182 142.42474263906479 174.90657968819141 109.19164368510246 176.37827613949776 116.6923953294754 364.80225782096386 264.62196661531925 189.1154206097126 164.1442232131958 133.43663991987705 128.16279788315296 113.18100173771381 592.49858252704144 236.57925993204117 185.38057141005993 152.20158708095551 1021.20401725173 106.20146238803864 347.44730827212334 100.21524323523045 102.48109506070614 128.21396169066429 105.94726723432541 709.7641543596983 147.95172074437141 115.43376007676125 105.46333384513855 1276.8087465316057 125.18979500234127 148.92170383036137 811.0034547150135 184.93969023227692 117.72508737444878 102.22502487897873 542.87756255269051 659.17300868034363 108.93509146571159 148.91075830161572 219.38523219525814
leaf_count=608 1592 613 2503 797 483 547 801 983 580 729 4241 565 714 2719 476 430 1878 2521 1864 899 1194 478 402 1131 863 557 4183 1486 5389 402 597 410 9056 1244 1872 728 873 6639 1247 928 880 952 2587 620 1931 1047 1060 3263 1202 442 1099 616 1121 412 1391 4194 441 3863 1388 690 448 999 694 852 2365 4822 408 945 12103 455 405 471 449 1686 2353 461 6112 864 549 985 629 469 911 898 613 2359 419 570 700 437 706 467 1460 1059 757 657 534 513 453 2372 947 742 609 4087 425 1390 401 410 513 424 2840 592 462 422 5109 501 596 3245 740 471 409 2172 2638 436 596 878
internal_value=1.41359e-06 0.00160632 -0.00149481 0.00199669 -0.00190332 -0.00244893 -0.000163654 -0.000181187 -0.00106521 -0.00254909 0.00010727 -0.00147151 0.00251652 0.00184086 0.00203747 0.0032995 0.00241656 0.00103311 -0.000440869 0.000764157 -0.00106892 0.00164537 0.00308549 0.00385236 0.000756379 -0.000260112 -0.00106531 0.00590565 0.00173202 0.00261854 0.00013363 -0.00166229 -0.000910913 -0.00312806 -0.000560023 -0.00281913 -0.0031452 -0.00327511 -0.00278562 -0.00305867 -0.000613556 -0.00212229 0.00114743 -0.00326405 0.00244236 -0.00350666 -0.00508459 -0.00106525 0.000927414 -0.000379278 -0.00146158 -0.000966883 -0.00138582 -0.00414305 -0.00256629 0.00399546 0.00626033 0.00468709 0.000622788 -0.00139312 0.00701215 -0.00336332 -0.00174192 -0.000931112 -0.000552699 -0.00129866 -0.00248707 0.000661438 0.00104566 0.00369827 0.000205271 0.00181412 0.00395666 0.000923179 0.00210402 -0.00129364 -0.00226814 -0.00325085 -0.0051821 -0.00679712 -0.00919924 0.00286241 0.00469835 0.00235775 -0.00059601 0.00583651 0.00297978 0.00385279 4.46317e-06 0.000762106 -0.000168964 0.000909766 -0.00047352 0.00171702 0.00450242 0.00155991 -0.00165725 0.00531426 0.0059948 0.00668073 0.00791022 0.00315031 0.00393771 0.00294999 -0.011668 0.00287201 -0.000885401 -0.00445727 -0.00174987 0.00648116 0.00282836 0.0029462 -0.0027723 -0.00204081 -0.0035296 -0.0042138 -0.00178926 3.93021e-06 -0.000641755 0.002539 0.00552451 -0.00213616 -0.00567454 0.00255871 0.00342518 4.06568e-05
internal_weight=45705.7 22051.3 23654.5 18096.8 18093.3 10935.7 5561.15 3954.49 7157.62 10799 3801.26 1506.45 11734.2 6334.78 6156.38 5399.44 5477.01 6362.55 1868.89 1402.98 772.864 4493.65 1696.3 1467.61 2797.36 1888.41 1597.01 739.563 3849.83 2468.14 1381.69 780.303 7012.64 936.557 6076.09 9598.43 8080.33 7898.37 6239.37 5927.73 925.224 707.026 2294.82 568.94 601.384 5002.5 414.022 1518.1 702.611 1200.56 3812.41 3241.59 2966.89 570.818 1251.5 1627.19 579.362 1247.95 977.343 519.418 632.13 474.415 1901.56 2812.93 2599.98 2008.86 1307.25 3659.59 3261.63 254.95 469.114 551.545 335.877 701.605 1648.15 903.798 1701.33 4770.59 908.334 646.677 400.565 4659.88 968.89 3690.99 642.205 816.968 3048.78 2177.02 317.331 871.76 767.065 657.873 541.181 417.804 1859.69 414.772 250.628 1444.92 1255.8 1142.62 829.078 313.543 291.402 2367.67 263.371 457.925 219.658 223.212 228.689 218.167 908.946 249.177 3862.26 2594.16 1492.75 1268.1 493.497 1101.41 995.943 520.391 219.95 788.567 774.607 211.363 260.845 368.307
internal_count=182885 88244 94641 72423 72394 43758 22247 15821 28636 43211 15208 6027 46965 25354 24640 21611 21921 25458 7477 5613 3092 17981 6788 5873 11193 7556 6390 2960 15408 9878 5530 3123 28056 3747 24309 38408 32334 31606 24967 23720 3702 2829 9181 2277 2407 20018 1657 6074 2811 4803 15253 12969 11870 2284 5007 6513 2319 4994 3910 2078 2530 1898 7607 11254 10402 8037 5230 14640 13048 1020 1877 2207 1344 2807 6594 3616 6806 19090 3635 2588 1603 18651 3878 14773 2570 3270 12203 8714 1270 3489 3070 2633 2166 1672 7444 1660 1003 5784 5027 4574 3319 1255 1166 9476 1054 1832 879 893 915 873 3637 997 15455 10380 5973 5075 1975 4407 3985 2082 880 3155 3100 846 1044 1474
is_linear=0
shrinkage=0.02


Tree=15
num_leaves=127
num_cat=0
split_feature=13 15 146 116 5 116 219 177 69 139 199 187 212 140 38 154 217 177 136 204 177 25 67 129 53 178 136 117 215 186 217 23 73 5 140 152 95 5 184 69 66 225 95 215 76 29 78 68 15 61 212 223 76 152 136 188 213 142 142 157 81 113 35 139 204 112 184 150 227 136 73 100 91 176 212 152 149 125 30 102 179 133 175 215 29 81 219 101 149 116 53 69 142 105 186 152 111 23 217 216 63 165 125 116 95 40 125 78 146 209 225 213 25 179 23 176 66 19 112 113 116 223 19 225 204 215
split_gain=283.542 47.5239 27.1247 23.078 22.6738 31.1442 20.143 19.0074 18.2417 16.7009 17.1764 15.2252 19.7228 17.1228 21.3432 18.0429 14.8643 14.6198 16.2239 17.5635 14.8144 14.6058 14.5982 15.8665 14.278 14.065 13.8239 17.4425 13.623 14.6417 13.5659 13.4573 13.4263 13.2504 13.004 13.6544 13.9926 13.3759 18.4687 15.8083 16.9114 14.2626 13.7728 12.8876 13.8862 12.6841 12.5295 15.1865 12.5206 12.5164 15.7129 12.4939 14.6592 12.4765 12.4578 12.4366 12.4311 12.189 12.1457 12.1299 13.537 11.7171 11.6047 12.0614 11.3939 11.2678 11.2273 11.4074 11.0073 13.2178 15.3166 13.9992 11.3528 10.9951 10.9846 11.2806 14.2603 13.0282 10.9137 10.8379 15.2424 11.968 10.802 14.8267 12.7957 13.885 12.0156 13.3069 11.1223 10.7861 10.7399 10.6933 10.6291 10.5822 10.4025 10.7061 10.3245 13.3612 10.2585 11.3505 15.1011 10.8424 12.277 11.4921 11.0608 10.3027 10.9892 17.7611 10.1601 11.8049 10.0536 10.0205 12.8171 9.95472 9.91697 9.89373 9.84882 9.84111 9.80966 9.80295 10.6235 14.3719 12.5879 11.0773 9.7747 9.74571
threshold=3.5826552675644056e-06 -0.10940027236938475 0.073297772556543364 0.0005628603685181589 0.00013156334898667413 -0.0016476631280966101 0.019405328668653968 0.0011758649488911035 0.00069226435152813803 0.00067431657225824903 -0.002612058306112885 0.00031168729765340691 0.016002800315618518 0.74249267578125011 2.2793954485678117e-05 0.0019087726250290873 -0.005786170717328786 0.0010439173784106972 0.0014779028133489194 -0.0011977752437815068 0.00086372497025877248 6.0608381318161271e-05 0.85859227180480968 0.34479866921901708 0.33447192609310156 0.79597201943397533 0.0020115806255489592 -0.0003651164006441831 0.0030177246080711488 0.0040492266416549691 -0.00063663863693363954 3.5711207601707435e-05 5.215148121351377e-06 3.2617315810057341e-05 0.86401978135108959 0.000131175977003295 -0.00015528480435023082 -2.8572962037287649e-05 0.36468872427940374 0.00036830373574048286 0.00047126882418524479 -0.00046965063665993506 -1.741168216540245e-05 0.002079960773698986 0.00018449893832439559 0.6648792326450349 0.0010680643608793618 -0.00089406355982646335 -0.50013026595115651 0.00011487258962006309 0.0081172510981559771 -0.010471753776073454 3.8090212910901762e-05 0.0013819025480188432 0.0018680195207707586 -0.44568510353565211 0.0028437426080927257 0.00052839861018583189 0.0011579840793274345 -0.00068041766644455482 -6.1355960497166948e-05 0.45000000298023229 8.7038783931348024e-06 0.00058675662148743879 0.0023675028933212165 -0.40986105799674982 0.88668718934059154 -0.14849301427602765 0.35000000894069677 0.0064359852112829694 -1.5765454918437168e-05 0.00035095209022983914 -0.25820393860340113 0.00097783363889902852 0.023576716892421249 -0.00036648973764386023 9.7623582405503853e-05 0.0036812581820413475 -0.00034330502967350179 0.22415302693843844 -0.001235969190020114 2.1068165551696442e-05 0.00064158433815464388 0.0024210890987887983 0.87630686163902294 0.00012712988973362374 0.069797810167074217 0.00046791006752755498 -6.0580425270018161e-05 -0.00047854820149950678 0.19014448672533038 0.00050866612582467507 0.0008666896028444172 0.44882597029209143 0.0075905686244368562 -2.9091427677485623e-05 0.00013927981490269306 0.00011675697896862404 -0.014203472994267939 0.087684717029333129 0.00023064131528371948 -0.0002801745140459388 -0.0051433453336358062 -0.00077764119487255801 9.8907024948857738e-05 1.1119739610876424e-05 -0.0021179101895540948 -0.00051054684445261944 0.20936792343854907 -0.00040299707325175399 -0.00028153829043731088 0.0016313673695549371 4.2462454075575813e-05 -0.0019772596424445506 8.7431955762440352e-05 0.00087604590225964795 0.00068388631916604947 6.7238133851788015e-06 -0.35553792119026179 0.25000000745058065 9.7066138550871997e-05 -0.006035543978214263 -8.7077278294600529e-06 -0.00012488506035879252 -0.0050160365644842378 0.0020671648671850566
decision_type=2 2 8 8 2 10 8 2 10 2 10 10 8 8 2 10 8 2 10 10 2 2 10 2 2 8 10 10 10 8 10 2 10 2 10 8 2 2 8 10 2 8 2 10 2 2 8 10 2 10 8 10 2 10 10 10 10 10 10 2 2 10 2 2 10 10 10 10 10 10 10 10 2 10 10 10 10 2 2 8 10 2 10 10 2 2 10 2 10 10 2 10 10 10 10 10 10 2 8 10 2 10 2 10 2 2 2 10 10 10 8 8 2 10 2 10 2 2 10 10 10 10 2 8 10 10
left_child=1 11 6 4 9 51 -3 54 33 10 32 13 -13 15 46 17 28 18 20 31 78 49 53 -24 66 55 27 -11 29 108 82 -20 57 34 35 36 -4 38 91 41 45 -39 94 61 48 59 90 -48 -45 111 -51 52 -6 -23 -7 -9 73 -2 -42 -41 -61 114 63 -37 98 -66 67 -12 -67 70 72 -72 -70 -30 75 76 -18 -78 -1 -44 81 125 84 86 85 -28 -84 88 -88 -69 -15 -38 -74 -94 95 -43 110 -98 124 100 -100 102 -101 -103 105 106 -105 -108 -5 115 -77 112 -10 -52 -19 -110 -75 -35 -57 -21 121 123 -122 -121 -50 -81
right_child=3 2 8 16 5 7 -8 25 21 26 24 12 -14 14 -16 -17 74 43 19 119 -22 22 23 -25 -26 -27 30 -29 56 -31 -32 -33 -34 117 -36 62 37 39 -40 40 58 42 79 44 -46 -47 47 -49 64 50 113 -53 -54 -55 -56 118 -58 -59 -60 60 -62 -63 -64 -65 65 68 -68 89 69 -71 71 -73 92 116 -76 96 77 -79 -80 80 -82 -83 83 -85 -86 -87 87 -89 -90 -91 -92 -93 93 -95 -96 -97 97 -99 99 101 -102 103 -104 104 -106 -107 107 -109 109 -111 -112 -113 -114 -115 -116 -117 -118 -119 -120 120 122 -123 -124 -125 -126 -127
leaf_value=-0.00245970297363197 -0.0054945266176071247 -0.0036598639770030568 0.0038202066577152356 0.00014553197662061558 0.007352800881504926 -0.001525277575292543 0.0050631811694463015 0.002717066460574926 0.0024196828560388282 0.0077526858312292161 0.0008926005707281812 0.0056882541108397014 0.00095609268452720518 -0.00051015137012660832 0.0041646136598201978 0.0054193173324600333 0.0037462255608366282 -0.006395669729717772 0.0015360632155726095 -0.0020761147284384545 -0.0041606022252441274 -0.0012818062378909811 0.0031158609788887737 -0.0034194127507906034 0.004772621774766196 0.0013003806510772601 0.0024034127833530441 -0.00017816437758903119 0.0070304973487674369 0.0017528927234123494 -0.0048650771185352326 0.0077875494940800325 -0.0088131459425198431 -0.0038933738541518589 -0.0019779533488512089 0.0073930573644841562 0.0088214869194977036 0.0062520437376328251 6.9121194919789894e-05 0.0027870881604535277 -0.0015952388291805024 0.0020304046914152237 -0.0067480431328462856 0.0052816408340643625 -0.0010324939143741072 -0.0079986042571778444 -0.0025639155497437535 0.0064958809926838248 0.0020721203275306048 -0.011028855105710569 0.00079497885371974356 -0.0018570847777502858 -0.00052317439630402362 0.0030546794471775995 -0.007934653233707312 0.00029920668787712201 -0.0027561651887115543 0.0014423925321063573 0.0056393421249782815 -0.0084340572804785519 -0.0012714938399146542 0.0020752605070140117 -0.0019676601332461485 0.0026006067760252888 -0.0046843468432181392 -0.0042549552557187183 -0.0070259788457484804 0.0013133922917149109 -0.0015511717208485992 0.0047596538347129064 0.0020570478322125049 -0.0045109087463822174 0.00703826030387396 0.0047665021551352299 -0.0081479389548680808 -0.0080262922614399799 -0.0076402718897297809 0.0010338384385233412 0.0051192473121713647 -0.004462228808878109 -0.0060438004797866811 0.0046164860276836292 0.0020075508097599855 -0.00013231304179657193 0.0064062418180301488 -0.0053162394462644468 -0.0042520658908098662 -0.0039320768452287755 0.0032911510479174959 -0.0043834706771092727 -0.0056176725099078041 0.0013539484955274262 -0.0029773574923241358 0.0048069780639858114 0.0059617034475261442 -0.0034952030455453814 0.00031305258794010396 -0.0046489059024976478 0.00029435861153374182 0.0023894152140426774 0.0080103236219739582 0.0045449154229434833 -0.0049942341853069852 -0.0029055012176486899 0.0050106824669647132 0.0047534441270759269 0.0051333302129478123 -0.00047071587167580773 0.00020334435164151243 -0.010108477849553108 -0.0039419985071879396 0.0039114535641590863 -0.0063567794815659242 -0.006338704622866306 0.00090378584085413452 -0.0073205117905894056 -0.0015856301201209277 0.00037314576857119211 -0.004562199260318092 0.0049718466054132849 0.003293833648726784 0.0058575577431863876 -0.0039048855486027252 -0.002757390764907519 -0.0048594224893902518 0.0024882788467087366
leaf_weight=99.946238353848457 228.69700407981873 108.93298946321011 528.0713664740324 126.9428835362196 167.70707479119301 166.18287834525108 715.19320486485958 106.9600508660078 100.23405276238918 158.22806163132191 542.65172901749611 943.44002275168896 570.19932667911053 1822.8015624433756 478.07684963941574 635.92560608685017 178.17752486467361 196.38178658485413 192.34641470015049 148.89323590695858 191.40172229707241 3117.8625716120005 757.41720113158226 166.23055577278137 121.72430612146854 279.63394440710545 284.95225632190704 291.43928955495358 121.45103690028191 164.93888325989246 282.93378891050816 593.90100163221359 239.64311476051807 367.20605482161045 481.68735641241074 267.18238833546638 201.16987346112728 161.20366418361664 470.87748342752457 140.22091723978519 197.22027136385441 622.06475548446178 117.96223877370358 422.873794272542 647.14243595302105 181.9746710807085 101.46931967139244 187.21596091985703 159.14454017579556 123.97685924172401 155.97741469740868 330.16980814933777 185.44448764622211 270.97012788057327 575.10401937365532 187.1601554453373 296.43225288391113 159.45341372489929 144.9766654074192 138.71668276190758 342.44256113469601 201.12804900109768 147.97623963654041 959.77565439045429 137.43992500007153 131.18898719549179 133.72198162972927 167.97037494182587 194.89098906517029 341.07190546393394 190.65135180950165 332.35912136733532 219.35951764881611 125.4564850628376 200.65892641246319 281.82756562530994 117.4568612575531 131.20018877089024 205.3962008357048 163.46581003069878 133.96904064714909 204.45007695257664 207.44541165232658 4073.0504701286554 165.46130369603634 114.21970257163048 100.22669392824173 1177.256022632122 204.95991632342339 501.63716381788254 161.71568167209625 130.22223982214928 120.18235938251019 120.4337949603796 181.94796085357666 160.20158837735653 491.30302187800407 365.60437975823879 149.85055613517761 170.16077834367752 304.71499332785606 841.48395524919033 152.93510985374451 308.04520991444588 316.82881423830986 225.87030297517776 309.52584451436996 712.30607327818871 154.40137533843517 170.37961652874947 2146.2236353754997 117.48270048201084 138.72945363819599 129.47750683128834 106.69066536426544 106.19220820069313 278.16126973927021 482.66784575581551 1302.1454925239086 103.40253086388111 204.37211418151855 637.04664808511734 151.41763474047184 166.13806203007698 130.91340646147728 126.72416497766972
leaf_count=400 915 436 2113 508 671 665 2862 428 401 633 2171 3776 2282 7294 1913 2545 713 786 770 596 766 12473 3030 665 487 1119 1140 1166 486 660 1132 2378 959 1469 1927 1069 805 645 1884 561 789 2489 472 1693 2590 728 406 749 637 496 624 1321 742 1084 2302 749 1186 638 580 555 1370 805 592 3840 550 525 535 672 780 1365 763 1330 878 502 803 1128 470 525 822 654 536 818 830 16295 662 457 401 4710 820 2007 647 521 481 482 728 641 1966 1463 600 681 1220 3368 612 1233 1268 904 1239 2851 618 682 8589 470 555 518 427 425 1113 1931 5211 414 818 2550 606 665 524 507
internal_value=7.47614e-07 0.00126866 0.00038411 -0.00195882 -0.00147957 -0.0028968 0.00385077 -0.00388339 0.000142684 -0.000963479 -0.00252282 0.0020447 0.00394133 0.001822 0.000414243 0.0021903 -0.0030434 0.00197101 0.00322527 0.00395711 -4.01199e-05 -0.000769582 -0.000311089 0.00189215 -0.00130478 -0.00276139 -0.000494838 0.00282383 -0.00135796 -0.00332126 -0.000728421 0.00633424 -0.00524226 0.000799732 0.00112098 0.0013878 0.000830893 0.000399888 0.00266138 -0.000214935 -0.00204589 0.00091529 0.000345985 0.00149026 0.00172481 -0.00360529 -0.000403939 0.00335168 0.00202503 -0.00327763 -0.00557829 0.000884936 0.00341065 -0.000919174 -0.00657561 -0.00348021 0.000407458 -0.00271378 0.00161195 -0.00210939 -0.00359061 -0.00154618 0.00311172 0.00374605 0.00175975 0.000437416 -0.00191622 -0.00124769 0.000914994 0.00141101 0.000378078 -0.00212913 0.00238422 0.00222911 -0.0036984 -0.00341548 -0.000338992 -0.00332726 0.00263976 -0.00166839 -0.000536476 0.00113204 -0.000528706 -0.000789131 0.00206538 4.6239e-05 -0.00235216 -0.00298084 0.000704719 -0.00295777 -0.000978254 0.00613116 0.0040468 0.000988769 0.00190788 0.000839883 -0.00381075 -0.00186174 0.0023792 0.00267884 0.00558631 0.00220998 -0.00119298 0.00262085 0.00171734 0.000991562 0.000291672 0.00129278 -0.0048301 -0.00623712 -0.00447777 -0.000479013 -0.0027729 -0.00264391 -0.00392917 -0.00316589 0.000520623 -0.00151743 -0.0039554 0.00256276 0.00313375 0.00426185 0.000185418 0.000346352 -0.00116798 -0.00146225
internal_weight=45608.5 27695.5 12956.9 17913 12456.2 3300.51 824.126 2617.19 12132.7 9155.67 2095.5 14738.7 1513.64 13225 2751.28 10473.8 5456.81 9837.84 2694.26 2197.52 496.744 5078.36 4312.48 923.648 1467.71 1875.9 7060.17 449.667 1544.36 722.855 6610.51 786.247 627.794 7054.38 6204.5 5722.82 4347.88 3819.81 802.27 3017.54 1145.55 1871.99 1710.79 7143.57 6639.37 803.355 2273.2 288.685 5992.23 765.878 409.432 683.321 353.152 3388.83 741.287 1596.27 821.501 388.15 342.197 621.38 481.159 504.201 1374.93 1226.96 5569.36 1787.58 1345.98 1212.26 1650.14 1518.95 1177.88 523.01 654.867 525.069 3912.45 3711.79 426.835 248.657 305.342 746.571 628.609 494.64 6327.57 5762.94 564.633 399.172 1689.89 1482.44 305.187 669.608 1984.52 331.392 459.976 240.616 964.214 782.266 3284.96 856.907 3781.78 3491.72 454.566 3037.16 323.096 2714.06 1872.58 1555.75 1329.88 1021.83 557.916 430.973 2428.05 356.446 238.964 285.455 303.072 260.594 403.618 849.874 1489.31 1411.27 1262.38 906.587 355.79 269.541 290.058 290.19
internal_count=182502 110827 51838 71675 49838 13208 3298 10474 48540 36630 8384 58989 6058 52931 11009 41922 21837 39377 10785 8797 1988 20316 17252 3695 5872 7507 28246 1799 6180 2893 26447 3148 2512 28224 24824 22897 17396 15283 3210 12073 4583 7490 6845 28592 26574 3214 9096 1155 23984 3064 1638 2734 1413 13557 2967 6388 3287 1553 1369 2486 1925 2018 5501 4909 22291 7154 5385 4850 6604 6079 4714 2093 2621 2101 15657 14854 1708 995 1222 2987 2515 1979 25315 23056 2259 1597 6761 5931 1221 2679 7941 1326 1841 963 3858 3130 13146 3429 15137 13976 1820 12156 1293 10863 7495 6227 5323 4090 2233 1725 9717 1426 956 1142 1213 1043 1615 3400 5960 5649 5053 3629 1424 1079 1161 1161
is_linear=0
shrinkage=0.02


Tree=16
num_leaves=127
num_cat=0
split_feature=7 11 231 231 231 231 27 174 47 221 220 69 144 53 215 23 47 150 204 116 150 77 231 215 7 103 231 231 231 145 199 221 91 203 222 41 168 201 181 140 66 25 81 95 61 107 95 222 221 116 64 25 205 231 232 77 182 157 64 184 218 182 144 182 219 107 69 188 36 103 100 220 43 195 205 221 145 231 231 166 104 191 209 223 73 231 204 203 61 105 140 204 140 23 104 100 231 147 39 27 103 205 219 110 184 118 203 174 225 231 4 166 225 187 195 184 26 166 61 23 225 231 11 100 77 188
split_gain=253.561 59.3349 50.9428 78.6457 50.2257 39.8246 38.1922 25.6545 25.1181 22.0493 19.8982 19.4548 19.3988 18.8109 26.1988 18.1696 22.6889 17.4909 19.3295 17.8279 17.2681 17.0422 16.678 16.2952 15.7837 15.7495 15.6755 47.6056 16.046 15.2839 14.9321 14.8369 14.774 16.3048 19.5757 15.9064 14.4585 19.1716 14.277 15.0068 14.146 14.2758 13.946 13.6772 14.313 14.0623 13.5744 14.927 16.5863 14.6258 16.5071 13.5371 14.5206 13.5274 13.4199 15.1387 13.2658 13.7688 17.7863 13.6863 17.6888 13.2634 12.9253 17.187 12.8389 12.7641 12.7168 12.6493 12.5435 12.5335 12.5009 12.2434 17.5859 14.2836 12.2929 14.3583 12.2304 15.5126 13.6378 12.7707 14.2436 12.2087 15.1823 12.0766 11.98 11.9792 20.3347 11.8558 11.7609 13.3991 15.8556 12.4209 11.6487 11.4927 11.4098 12.9531 17.0332 14.4927 11.3502 13.3551 11.7448 11.3337 13.6517 12.3554 11.2517 11.2336 15.599 13.6835 11.1414 11.1125 11.0607 11.2087 11.0121 11.0057 10.9785 10.9646 11.8637 11.1314 12.6639 13.6242 10.9294 10.8772 14.5052 11.2842 10.8726 10.8024
threshold=3.1359390050056397e-05 2.8437069659048579e-06 0.48289918899536138 -0.74168145656585682 0.01527100056409836 -0.54280677437782276 -0.00024448386102449143 0.0076106213964521894 0.00024043545272434133 0.014894892461597921 -0.0085848355665802938 0.00033435366640333092 -0.0037613974418491121 -0.19218612462282178 0.0024210890987887983 7.015173832769507e-05 -0.00098503293702378847 -0.076200049370527254 0.001315782137680799 3.4598650017869666e-05 0.010098834522068502 -0.00013792099343845618 0.18437977880239489 0.0029364760266616945 -1.8142375665775031e-05 -0.00039791043673176313 0.02835773024708033 -0.53176689147949208 0.44424325227737432 0.0049545259680598983 -0.0061269809957593671 0.0092893373221158999 -0.076621770858764635 -0.00026356213493272657 0.087922025471925749 9.1773130407091244e-05 1.0000000180025095e-35 0.013376402202993633 0.88960832357406627 0.92846736311912548 0.00024506691261194652 3.6142313547316014e-05 -0.00054145985632203509 2.6107085432158786e-05 0.00011151082071592101 0.0019505030359141531 6.6377840994391604e-05 0.92228516936302196 0.0022397708380594854 -0.0006065096822567283 0.94085264205932628 6.8051693233428536e-05 -0.21335989236831662 0.65110388398170482 5.0000000000000009 0.00050649154582060884 -0.010656830854713915 -0.00014445526176132259 0.55249309539794933 0.72128844261169445 0.0090570971369743365 -0.0014013859909027813 -0.0011928820749744771 -0.0016339646535925565 0.5102621614933015 0.00093334287521429371 0.0006167633691802622 0.25204087793827062 0.1286469250917435 -0.00051540028653107573 0.00036951935908291494 -0.012495138216763733 -0.00019866897491738197 0.00055351803894154738 0.095370020717382445 0.0068333330564200887 0.00042179199226666247 -0.74168145656585682 -0.15427892655134198 0.0011864749249070885 0.00067703888635151099 -0.00065754822571761895 -0.00042894874059129501 -0.023202395997941491 -3.3171312679769465e-05 -0.8959035575389861 0.0029553892090916638 0.00048251764383167034 9.8867541964864372e-05 0.55039143562316906 0.96016502380371105 0.0019428920350037517 0.58743366599082958 4.1329591113026261e-05 0.0019147227867506447 0.00038394592411350464 0.31109040975570684 -0.0022444325732067223 -7.3033097578445436e-05 -0.00019950606656493616 -0.00035311964165884996 -0.15389869362115857 0.50557631254196178 0.00065719083067961048 0.18973579257726672 0.00038683327147737151 -4.57911446574144e-05 0.0039471313357353219 -0.00023474674526369196 -0.44814813137054438 -0.00013763587776338679 0.0025728420587256555 0.00021201221534283834 2.5068649847526107e-05 -0.0017384325037710366 0.032984271645545966 0.55129733681678783 3.8625030356342911e-05 0.00024608912644907838 6.7692937591345994e-05 -4.0674414776731276e-05 -0.23556562513113019 -0.00016953380691120398 0.00039613271655980503 -0.00089498303714208294 -0.012714033480733631
decision_type=2 2 2 2 2 2 2 8 2 10 10 10 10 2 8 2 2 8 10 10 10 2 2 8 2 10 2 2 2 10 10 10 2 10 10 10 2 10 8 10 2 2 2 2 10 10 2 8 10 10 2 2 8 2 2 2 10 2 2 10 10 8 10 10 8 10 10 10 10 10 8 10 2 10 10 10 10 2 2 2 10 10 10 10 10 2 10 10 10 10 10 10 10 2 8 10 2 8 2 2 10 10 8 10 10 10 10 10 8 2 2 2 10 10 10 10 2 2 10 2 10 2 2 8 2 10
left_child=1 2 3 21 5 25 9 11 15 121 51 43 -13 14 -8 23 101 18 30 42 53 67 -12 54 -15 62 27 46 94 -24 -4 -25 35 -34 -35 -3 87 40 105 -40 65 -42 -20 45 -45 69 49 48 104 -10 -51 -9 -53 -19 55 61 108 59 -59 60 -58 76 63 92 -23 -38 -67 71 -66 -6 -63 72 83 74 75 81 -2 113 79 80 -79 82 -73 -1 85 86 -75 -36 -43 91 -91 -90 115 -71 95 96 -28 -98 -29 100 -100 103 -103 -17 -48 106 -30 -108 -18 -101 111 125 -16 114 -78 -5 117 118 119 -117 -94 122 123 -7 -84 -86
right_child=8 32 17 4 7 6 13 10 26 -11 22 12 -14 24 112 16 56 20 19 -21 -22 64 29 31 -26 -27 28 98 38 -31 -32 -33 33 34 36 -37 37 -39 39 -41 41 88 -44 44 -46 -47 47 -49 -50 50 -52 52 -54 -55 -56 -57 57 58 -60 -61 -62 70 -64 -65 68 66 -68 -69 -70 93 -72 73 -74 84 -76 -77 77 78 -80 -81 -82 -83 124 -85 110 -87 -88 -89 89 90 -92 -93 120 -95 -96 -97 97 -99 99 109 -102 102 -104 -105 -106 -107 107 -109 -110 -111 -112 -113 -114 -115 -116 116 -118 -119 -120 -121 -122 -123 -124 -125 -126 -127
leaf_value=0.0011584257582527081 0.00059203816694522622 -0.002208764780031252 -0.0019687512791695836 -0.0035182186883275591 0.0016225301685744726 0.014966952078338456 0.010345190299833072 -0.0032165539253756915 0.0014150565914178548 0.0018298121911315994 0.001805741987975865 0.0031871510018568867 -0.004117429415895755 0.0041067269051243164 -0.00012954518247012235 0.0082715285950874969 0.006442028847867971 -0.0083139611107182973 -0.0050482686901820433 -0.0053697669013287718 -0.00059445857462955712 0.00034531467393408193 0.012363985285975959 0.0041208228575384366 0.00051694840600564928 0.0078780682479690292 -0.0030381676397250625 -0.00089454964635757089 -0.0045641864662952685 0.004290950629981403 0.0039909231345933941 -0.0011374390779251052 -0.0026108197600829787 0.0057877836386669036 -0.0030016252799521972 0.0038437474218361461 0.0072578543583803196 -0.0038380741598279624 0.0029630669483407261 -0.0048191752544611858 -0.0052192865363299701 0.0037814224565504572 0.0027534542345239465 -0.0048689807101288517 0.0021611712003444692 -0.0044572600296782193 0.00056398831314157698 -0.0057444661293271316 0.00078331120307654047 -0.0050932194805280787 8.2189683926271135e-05 0.0060436167506356595 -0.0011932474837154082 -0.001504575479884168 0.0023700883994195489 0.0042372263971261152 -0.0036304705996926031 -0.0028393633912342591 0.0015046015388734135 -0.0098787756023382099 0.0041297607393747555 -0.00046164508739035868 -0.0021796653240287265 0.0072758412170737833 -0.0016380640395111477 -0.002297287616698231 0.0042128874678485527 0.0048433794958696007 -0.0072230392046881654 0.0090776278866850201 0.0060251951281609321 -0.0039084513909037411 -0.0017732461925199015 -0.0030224119997309595 -0.0056032058837442236 0.0049089381145828222 -0.0018133883702748186 -0.0095497333086176153 -0.002248132679344306 -0.000187325826741797 -0.0023477341396642192 -0.003931017503536036 -0.0029922075372096862 0.0095027122651332781 0.00049127762215617817 0.0066935090639368405 0.0061747387468163422 0.0017624851620431121 -0.0056801114353726692 0.0013155687107881512 -0.0030923975442817588 0.00089054495930134664 0.001663836080683568 0.0018482080984093864 -0.003715036277481223 0.0039315618890716914 0.0072516504737688229 -0.00074786987876850368 -0.0057764464057624802 -0.011956101240058794 0.0025076971369887842 -0.00552052164279035 0.002022575430513878 0.00052626135346994936 -0.0074103547792345528 -0.0061127481438039448 0.0065460283603911065 -0.0021638276839531993 -0.0022064761452376181 -0.0064439820150051924 -0.00517516154492204 -0.0033014938426394764 0.0071234671559746677 -0.0040433487361062458 0.0048268930669318356 0.0029921652849298993 -0.0016800100087776141 0.0010963275777382353 0.00043172660729638962 0.010672549468978047 -0.0069636057741301587 0.0058543663029325399 0.0054589721442481354 0.0086608127430346012 0.0039084201187117966 0.0079853915494336285
leaf_weight=117.95463402569294 518.1271533370018 223.96958762407303 202.44628410041332 110.96016922593117 1148.0166080147028 259.03004272282124 346.19953042268753 184.90754057466984 218.95106419920921 252.1922470331192 251.80585131049156 176.16625946760178 574.0404681712389 1298.9242268949747 232.93530456721783 130.21577034890652 101.23586823046207 243.18645572662354 101.72552356123924 279.70602943003178 971.76642371714115 986.96912105381489 195.59097656607628 540.14061023294926 789.70320895314217 149.18875397741795 452.04300625622272 156.6318145096302 387.07399307191372 225.06219410896301 742.03504607081413 336.44827291369438 1254.8153714835644 196.46786437928677 1107.1073884665966 615.65968777239323 200.44320245087147 401.20191289484501 273.66060338914394 129.69876509904861 169.47000217437744 350.44221648573875 354.93050083518028 236.91191397607327 194.88940425217152 100.45355600118637 109.45622658729553 196.16667592525482 1348.3260175287724 1159.0591658949852 310.88432887196541 241.33412344753742 182.88526874780655 228.95253276824951 440.40218614041805 171.4656899869442 2465.9009397476912 1021.7164926528931 575.07983821630478 118.71658279001713 107.22766079008579 540.39745752513409 308.42830130457878 209.68926553428173 757.62494979798794 201.96326498687267 244.96620634198189 305.4135195761919 191.2157763838768 186.62532971799374 131.47805614769459 206.20475116372108 147.46780045330524 197.93862044811249 194.46973609924316 155.71946446597576 158.71441684663296 347.62332136929035 1085.2480289340019 126.46493956446648 179.92439217865467 400.12110397219658 102.97438718378544 173.18295173346996 221.69615782797337 266.41862158477306 152.96571312844753 242.46714755892754 268.46427047252655 1983.9967012256384 370.45105224847794 183.48022162914276 101.46373596787453 175.38795018196106 243.15932755172253 359.91060669720173 139.22494086623192 202.45471447706223 132.41151817142963 200.48497951030731 108.42304880917072 140.97960893809795 219.97186353802681 188.94925095140934 167.39664390683174 527.77837608754635 105.97320279479027 152.45265306532383 102.23566523194313 1048.7712868005037 123.23675815761089 138.22748470306396 110.11557950079441 149.4822803735733 214.46588468551636 196.91340902447701 200.4784838706255 448.89071430265903 155.20768320560455 199.42396201193333 101.72630870342255 603.00196458399296 303.8527749478817 456.01231218874454 371.12325850129128 100.22278560698032
leaf_count=472 2073 896 810 444 4595 1039 1387 740 876 1010 1008 705 2297 5201 933 521 405 973 407 1119 3888 3949 783 2161 3160 597 1809 627 1549 901 2969 1346 5020 786 4429 2463 802 1605 1095 519 678 1402 1420 948 780 402 438 785 5395 4638 1244 966 732 916 1762 686 9867 4088 2301 475 429 2162 1234 839 3031 808 980 1222 765 747 526 825 590 792 778 623 635 1391 4342 506 720 1601 412 693 887 1066 612 970 1074 7937 1482 734 406 702 973 1440 557 810 530 803 434 564 880 756 670 2112 424 610 409 4199 493 553 441 598 858 788 802 1796 621 798 407 2415 1217 1828 1485 401
internal_value=-3.4581e-05 0.0011829 0.00178193 0.00223197 0.00320227 0.00424866 0.0052932 0.00143475 -0.00185978 0.00750341 0.00375399 0.000351233 -0.00236392 0.00375912 0.00660206 -0.00119061 -0.00201685 -0.000553454 0.000830048 -0.0015753 -0.00215332 0.000234575 0.00607679 -0.000320946 0.00276722 0.00199423 -0.00268714 -0.00335431 -0.00151535 0.00843546 0.00269915 0.00212227 -0.000263621 -0.000559045 -0.000116889 0.00221542 -0.000338987 0.000221454 -0.00288495 0.000351265 0.000648492 0.000114623 0.00087663 0.00136186 -0.00174078 0.00220489 -0.00201841 -0.000806802 -0.000148214 -0.00330031 -0.00401224 0.00107803 0.00301047 -0.00520725 -0.000855777 -0.00125872 -0.0025312 -0.00276941 -0.00127564 -0.00363956 -0.00327773 -0.00155455 0.00148996 0.00216364 -0.00125355 0.00330595 0.00129861 0.00109039 -0.00288945 0.00270055 0.000945228 0.000688092 0.00370386 0.000161256 -0.00118159 -0.000407843 -0.00216113 -0.00279145 -0.00369033 -0.00594575 -0.00726891 -0.00124943 0.000394971 0.00641379 0.00175437 0.00365037 0.00110357 -0.00213246 0.000432022 -1.00253e-05 0.00060181 -0.00308787 0.00137052 0.00585526 4.94965e-05 0.00089276 -0.000547938 0.00273246 -0.00614358 -0.00667618 -0.00214063 0.0013557 -0.00105874 0.00398766 -0.00443204 -0.00398476 -0.00211344 0.0016215 0.00228796 -0.00750304 -0.00030643 0.00115877 0.00246276 0.000225531 0.00205418 0.00206431 0.0026293 0.00350885 0.00536527 0.00718373 -0.00289242 0.00835257 0.0096899 0.0112903 0.00234915 0.00315503
internal_weight=45602.7 27359.7 19344.3 16219.6 10908.4 6834.34 4651.97 4074.08 18243 1874.09 1281.59 2792.49 750.207 2777.88 689.25 10112.6 5172.23 3124.75 1680.84 736.362 1443.91 5311.15 672.459 4940.38 2088.63 2182.37 8130.39 5156.96 2973.43 420.653 944.481 876.589 8015.37 7175.74 5920.92 839.629 5724.45 4374.88 1576.64 403.359 3973.68 3326.3 456.656 2042.28 431.801 1610.48 3510.24 1821.35 1625.18 1688.89 1469.94 609.127 424.219 472.139 4063.79 3623.39 4492.11 4288.64 1596.8 2691.85 2573.13 3451.93 2033.18 1724.75 1935.81 647.373 446.929 3375.34 948.841 1510.03 671.876 3069.92 438.605 2631.32 1430.61 1236.14 2780.05 2261.92 1739.26 654.013 527.548 1080.42 680.302 291.138 1200.71 617.323 350.904 1349.57 3156.83 2806.39 2354.45 451.944 1515.06 362.013 1396.79 1153.63 793.723 341.68 1646.72 1490.09 240.835 680.116 360.951 319.165 276.853 1173.28 645.5 258.426 203.472 1249.26 583.383 460.146 343.051 522.663 373.18 1311.87 1200.91 1000.44 551.545 396.337 203.19 1621.9 1018.9 715.042 474.098 321.919
internal_count=182485 109487 77421 64919 43669 27363 18631 16306 72998 7509 5130 11176 3002 11122 2761 40461 20695 12502 6725 2946 5777 21250 2692 19766 8361 8732 32537 20639 11898 1684 3779 3507 32066 28707 23687 3359 22901 17502 6309 1614 15897 13307 1827 8174 1728 6446 14046 7288 6503 6758 5882 2438 1698 1889 16259 14497 17974 17160 6389 10771 10296 13811 8135 6901 7745 2590 1788 13505 3796 6044 2688 12283 1755 10528 5724 4946 11123 9050 6959 2617 2111 4323 2722 1165 4804 2470 1404 5399 12629 11227 9419 1808 6062 1449 5589 4616 3176 1367 6593 5966 964 2721 1444 1277 1108 4695 2583 1034 814 5002 2334 1841 1374 2091 1493 5249 4805 4003 2207 1586 813 6499 4084 2867 1897 1288
is_linear=0
shrinkage=0.02


Tree=17
num_leaves=127
num_cat=0
split_feature=11 230 15 5 68 232 7 74 230 97 53 27 219 230 15 222 209 36 180 221 222 133 222 139 217 62 221 222 79 68 217 221 65 136 24 222 154 180 226 173 91 194 204 53 91 154 190 175 33 52 217 183 100 133 147 215 87 80 217 204 190 71 155 133 152 107 150 222 62 100 180 216 187 194 145 62 222 167 209 11 152 142 188 155 139 53 101 188 74 226 53 226 219 104 221 188 118 133 107 133 215 193 33 133 33 104 183 209 213 219 95 222 232 92 79 142 36 149 193 155 113 142 155 136 101 149
split_gain=222.933 92.836 54.9451 44.7762 23.6537 23.1368 21.4986 20.3507 19.7874 18.5944 17.7454 17.3776 17.3719 17.6981 17.2372 17.9623 19.4491 16.8443 16.4998 16.3924 15.6396 15.9852 15.5548 16.6748 14.4072 14.3459 15.4064 15.4852 16.348 13.9868 13.9768 13.7355 13.7045 13.3211 14.2497 13.3168 17.2275 18.9669 20.179 15.6334 16.7205 17.5702 14.0087 30.511 24.7889 18.5434 17.4481 16.063 14.7523 14.2669 13.8312 13.2433 13.5604 13.2199 13.1596 13.9576 12.9994 25.2077 12.9364 12.9813 13.7094 13.35 12.8883 15.3502 12.7961 16.8889 13.5731 13.2158 12.8382 13.3859 12.6591 12.4159 13.0025 12.3855 12.3385 15.2984 12.0284 14.2048 11.8415 11.8395 11.7447 15.1397 11.7909 16.9392 17.6375 15.1016 18.8661 13.2461 11.74 14.1152 11.7383 11.6698 24.9193 15.4372 12.7955 11.6586 14.4146 11.6154 11.5093 12.1856 11.4745 11.4538 16.8763 11.4381 11.4094 14.8609 12.8637 12.623 15.7199 11.3727 17.708 15.2943 12.4202 12.9975 11.3056 11.2909 15.0443 14.3213 13.2384 12.4538 12.5137 11.2233 11.1571 11.1348 23.2715 11.0274
threshold=3.1572519219480462e-05 -0.8468879461288451 -0.031145692802965638 0.00012838873954024169 -0.0012402363354340193 5.0000000000000009 1.8963002730743032e-05 0.18446989357471469 -0.83985477685928334 0.32941871881484991 0.13644843548536303 -0.00032580977131146932 0.91601744294166576 -0.88396760821342457 -0.46687914431095118 0.087922025471925749 -0.00017066171130863947 -0.047677442431449883 0.0055840788409113893 0.00057234236737713229 0.79379501938819896 8.6994874436641126e-05 0.032754730433225639 0.00096586279687471699 -0.0018651382415555415 7.4242510891053839e-05 0.0022811960661783819 0.67403277754783641 0.0025650410680100326 -0.00052027867059223343 -0.0074020037427544585 0.00035844666126649832 -4.8193111069849686e-05 0.0020115806255489592 3.9728522096993408e-05 0.65809619426727306 0.00046622811350971466 0.0024103159084916119 0.026629698462784294 0.27042150497436529 0.012715781573206188 -0.0051120324060320846 -0.0039541060104966155 -0.18320894986391065 -0.096999336034059511 -0.00077852344838902343 -0.00035876348556485022 0.00094453530618920933 -0.0007083114469423889 -0.0005327675025910138 -0.0038878972409293051 0.0030041093705222015 0.00039415716310031717 0.00025068433023989206 -0.001407949370332062 0.0019116617622785272 0.00094630595413036655 0.00029136116791050887 -0.00067977540311403562 -0.0062036858871579162 0.00034983045770786708 -0.0015425549936480818 -0.0011602138984017072 5.62342320336029e-05 -1.0000000180025095e-35 0.00032762426417320972 -0.030164468102157112 0.098600175231695189 0.00016328354104189205 0.00030756017076782888 0.000584448891459033 0.16296532750129702 9.7036801889771609e-05 -0.013809299096465109 0.0014919393579475584 0.00018213447765447202 0.97850012779235851 0.18901331722736361 0.0002883447014028207 -7.1589969593333067e-05 0.00094920332776382576 0.0008861136157065631 -0.1687289699912071 0.00075802661012858163 0.0008653199183754624 0.31331773102283483 0.00088766714907251309 -0.30078890919685358 -0.23949256539344785 -0.30998246371746058 -0.26173044741153711 -0.073987245559692369 0.452020213007927 0.00080017995787784468 0.0067972645629197368 0.04026146978139878 0.0015550485113635661 -4.9171434511663385e-05 0.0010642888955771925 -1.7615680917515416e-05 0.0029868888668715958 0.0021632760763168339 -0.00059790513478219498 -7.4747360486071543e-05 -7.8306897194124745e-05 0.00068316931719891738 0.0049491620156914004 -0.0001583500124979764 0.001322520896792412 0.069797810167074217 7.037735122139567e-05 0.22690103203058246 3.5000000000000004 1.0000000180025095e-35 9.5909730589482947e-05 0.00036514591192826634 -0.077378492802381502 4.6673532779095701e-05 0.001400274515617639 0.00038482705713249748 0.35000000894069677 0.00017977077368414032 -0.00032077643845695997 0.0017419753712601962 0.00036619420279748743 5.3223668601276594e-06
decision_type=2 2 2 2 8 2 2 8 2 8 2 2 10 2 2 8 10 10 8 10 8 2 10 2 8 8 8 10 10 10 8 10 2 8 2 8 10 10 10 10 2 10 10 2 2 10 10 10 2 2 10 8 10 2 8 10 2 8 10 10 10 10 10 2 10 10 10 8 10 10 10 10 10 10 10 10 8 2 10 2 10 10 10 10 2 2 2 10 10 8 2 10 10 10 10 10 10 2 8 2 10 10 2 2 2 10 10 10 8 8 2 8 2 2 10 10 10 10 10 10 10 10 10 10 2 10
left_child=1 2 4 6 -1 10 18 11 12 33 14 20 13 17 -3 16 114 32 22 -4 21 -6 23 -2 31 125 73 28 -28 51 -9 -17 -5 34 -8 39 37 91 -39 42 -41 -42 43 49 45 47 -47 70 -49 -33 -48 -7 -53 103 64 98 57 79 59 61 104 -35 -46 -64 65 67 68 -13 69 -67 90 -68 -73 -27 75 -50 77 -58 -43 97 81 -24 83 84 122 86 -84 -85 -62 -90 -44 93 -93 94 -37 96 -82 121 99 -56 -63 102 -79 -38 105 -61 107 108 -107 -106 111 -111 113 -113 -16 117 118 119 -117 120 -21 -26 -83 124 -36 -11
right_child=3 5 19 8 7 29 9 30 -10 25 -12 54 -14 -15 15 24 -18 -19 -20 115 -22 -23 80 -25 56 26 27 -29 -30 -31 -32 35 -34 58 123 36 53 38 -40 40 41 78 44 -45 62 46 50 48 74 -51 -52 52 -54 -55 55 -57 76 -59 -60 60 88 100 63 -65 -66 66 71 -69 -70 -71 -72 72 -74 -75 -76 -77 -78 101 -80 -81 95 82 85 87 -86 -87 -88 -89 89 -91 -92 92 -94 -95 -96 -97 -98 -99 -100 -101 -102 -103 -104 -105 109 106 -108 -109 -110 110 -112 112 -114 -115 -116 116 -118 -119 -120 -121 -122 -123 -124 -125 -126 -127
leaf_value=0.0058322081854843824 0.0003606744667511036 0.0035980891536568018 -0.003889531538794312 -0.0085215164340339874 0.0079005495534264919 0.0010585194259876915 -0.002583158177890938 0.0056616428150004427 -0.0021849592926507168 0.0065529381580500734 0.0065118882255572443 -0.0024403081107113454 0.00078244214624570267 -0.0098151407127504073 -0.00063573520976931467 0.0050157862821918441 0.0057191190859272991 -0.0020668745957844068 -0.0021438298977477822 -0.00094835041457372619 0.0017789923933511603 0.0027178829188823483 0.0025131842430064916 0.010543239784801945 -0.0013426368813990671 0.00097513878449731895 -0.0015628410802716439 -0.0033992468411789488 0.0037187567750449728 -0.0085635275234424071 -0.0019209699148109319 0.0056216551736673346 -0.00059179043146099174 -0.0028097910421746785 0.006787414523084432 -0.00086849797473080418 0.00016120705692604099 0.0057462503758065175 -0.0039723807006262048 0.00570352874870952 0.004224154712559559 -0.00015394556698636246 -0.00015741880255980276 -0.0061756231450965935 0.0055098024679019189 -0.0080246593996868096 0.0026842797849499895 0.00049869608146414703 0.00054375482513197948 -0.0026206203822845432 -0.005717291816531047 -0.0084735861267677421 0.00017889726917382374 0.0012969185622400431 0.0043935485211775357 0.0028186818940857876 -0.0039813066210102081 0.0071447316409169485 -0.0059703111884396743 -0.0051086191827503079 0.0042033151624440721 0.00050086256180250244 0.0033257841649828941 -0.0036392901523446017 0.0033786357493225862 -4.7083443438200632e-05 0.0027870675821094243 0.0050873847102940982 -0.0022298119270037671 0.0065071327355071124 -0.0010579339975458585 -0.0067114311252508612 0.0010724345835348625 -0.0060306662049851648 0.0015894858280041475 -0.0083913839954351914 -0.0040063205316794573 0.0029379506903896672 -0.0076433712910980601 -0.0042779569668987714 -0.0019421677637825379 0.005333490215945264 -0.0028927977264665344 8.2477335167067674e-05 -0.0046726508962828947 0.0034314867567985987 0.0043590765170825139 0.0061358225155924715 0.0057875324269585438 -0.0016194581763793745 0.006070973148083629 -0.0081793995451523542 0.0013362473647030042 0.0020697774767095647 -0.0072373418953922963 0.0064151345198629481 0.0050557110782295705 -0.0022399832933768142 0.002075335173976144 0.013458114650795912 0.009267131540665878 0.0023774525859033488 -0.007714829826844031 -0.0064789936265999227 0.0051937041803500729 -0.0074705317614608066 -0.0061400241706786509 0.0014538981978940203 -0.00048617208229868766 -0.0056529149998991732 -0.0068216238027208288 -0.0053661286190418199 0.0074711352272868936 0.0021855820287300788 0.0052499787931935315 0.00046906831385540678 0.001895574941236123 0.0080224630322606235 -0.0037009384347542291 -0.0032460595042701412 0.0050548138227950934 0.006168239236032165 -0.001970768443177822 0.0072386923752955036 -0.0035074165253583074 -0.0016423153806076644
leaf_weight=1458.9367741048336 136.47539089620113 577.90405276417732 289.66022138297558 427.5609755218029 800.9480894356966 310.93974463641644 191.71377481520176 99.91496916115284 2566.7612136602402 107.21784842014313 165.95248332619667 103.12313906848431 179.84607769548893 323.08384445309639 661.48461119830608 151.45002999901772 428.32672333717346 618.44273217022419 1169.3566502183676 209.68769139051437 433.74752587080002 376.30032688379288 651.64310136437416 104.22474747896194 105.2162026911974 111.4287123978138 2322.2421351075172 1984.5681325644255 241.44140584766865 137.9784804135561 496.60369279980659 160.19915552437305 112.15293923020363 100.73276425898075 139.47309431433678 197.96572984755039 124.98166307806969 283.45626036822796 102.73060257732868 327.15940740704536 244.68613676726818 282.43555623292923 188.70001548528671 461.40555883944035 371.66252999007702 246.18948757648468 170.46235762536526 499.89895743131638 101.73108896613121 140.69962714612484 113.72125668823719 150.22183565795422 124.72965653240681 137.97483345866203 138.8272763043642 823.78926509618759 199.95901906490326 340.40248210728168 186.44591842591763 659.57342535257339 275.43930537998676 109.71600766479969 303.16715966165066 188.45953138172626 1452.7809763252735 255.29247857630253 104.62845897674561 457.24729159474373 258.50263698399067 223.02453082799911 349.9186210334301 281.04165621101856 113.13857494294643 700.99412062764168 100.48858140408993 264.4650890827179 232.21330296993256 100.4732580780983 100.98103524744511 138.72739401459694 286.7178313434124 155.97742819786072 1663.0396265089512 277.4653475433588 313.21262340247631 187.47591482102871 139.23395735025406 283.21672633290291 101.72832134366035 649.36216190457344 312.67416949570179 109.98358857631683 699.15336792171001 140.48450574278831 359.94818706810474 200.97437472641468 171.73081147670746 165.20319703221321 131.12754943966866 142.06770466268063 117.73058322072029 1040.0623514056206 101.98344142735004 564.90163035690784 122.95728014409542 167.19620959460735 179.70148129761219 575.12915253639221 423.91729989647865 111.70995235443115 143.20266076922417 100.96957670152187 105.47582350671291 350.66519725322723 141.69491937756538 698.84212124347687 1069.0414535701275 153.20737823843956 514.40734338760376 152.21844555437565 361.64791403710842 242.94182987511158 144.2290100902319 185.71470829844475 176.71398256719112 122.71712237596512
leaf_count=5845 546 2313 1159 1712 3209 1244 767 400 10272 429 664 413 720 1294 2647 606 1714 2476 4678 839 1737 1507 2607 417 421 446 9293 7942 966 552 1988 641 449 403 558 792 500 1134 411 1309 979 1130 755 1846 1487 985 682 2000 407 563 455 601 499 552 556 3298 800 1362 746 2639 1102 439 1213 754 5816 1022 419 1831 1035 893 1400 1125 453 2806 402 1058 929 402 404 555 1147 624 6653 1110 1253 750 557 1133 407 2598 1251 440 2797 562 1440 804 687 661 525 569 471 4161 408 2260 492 669 719 2301 1696 447 573 404 422 1403 567 2796 4277 613 2058 609 1447 972 577 743 707 491
internal_value=4.20902e-05 0.00132487 0.00262785 -0.00147947 0.00352144 0.000174866 -0.00101041 0.00300179 -0.00331337 -0.00154093 0.000379093 0.00334585 -0.00501029 -0.00571468 0.000285751 0.000116294 0.00238088 -0.00442359 -3.79527e-05 0.000507726 0.00513199 0.00631702 0.000491101 0.00524038 -0.000154121 -0.00233896 -0.00255028 -0.00208008 -0.0010405 -0.00325197 -0.000508443 -0.000587874 -0.00695374 -0.000673164 0.00187029 -0.000711591 -0.00182898 -0.000759237 0.00309267 -8.9733e-05 0.0021808 0.000226528 -0.000643727 -0.00304369 -5.87493e-05 -0.00112487 -0.00434133 -0.000149425 -0.00189551 0.00184446 -0.000832619 -0.00175971 -0.00480248 -0.00420037 0.00268427 0.00443614 0.00110964 0.00289866 -0.00107337 -0.000834117 -0.00115412 0.00287812 0.00280103 0.00061791 0.00199481 0.000850559 -0.000464204 0.00366573 0.00125185 0.00314746 0.00183113 -0.00294962 -0.00453338 -0.00506944 -0.00437521 -0.00600955 2.76979e-05 0.00072301 -0.00240759 0.000535476 0.000213463 -0.000216848 -0.000791394 0.000789672 -0.00148728 -0.00172292 -0.00229086 0.00324621 0.000823987 -0.000492157 0.0038107 -0.00177356 -0.000123286 -0.00362884 -0.00508574 0.00263638 0.000780937 0.00194787 0.00738985 0.00956793 0.00542071 0.00153115 -0.00263933 -0.00530538 -0.00184557 -0.00268913 -0.00144603 -0.000631421 -0.00264153 -1.77457e-05 -0.000912744 0.000513751 0.00190332 0.000341325 0.000504934 0.000932854 0.00018405 0.00283448 -0.00133033 0.00154972 0.00289402 0.00394876 0.00192038 0.00360519 0.00116736 0.00239768
internal_weight=45647 24768.3 11599.8 20878.7 8151.04 13168.6 16650.9 6692.11 4227.85 10765.9 12444.7 6095.59 1661.09 1481.24 12278.7 11700.8 1231.51 1158.16 5884.97 3448.71 1611 1177.25 4715.62 240.7 10469.3 5590.61 5360.67 4548.25 2563.68 723.87 596.519 7802.14 539.714 5175.27 693.616 7650.69 2721.58 1893.72 386.187 4929.11 955.262 628.103 3973.84 762.304 3211.54 2348.25 530.373 1817.88 966.584 300.899 284.184 585.891 274.951 827.858 4484.59 1235.81 2667.18 992.491 4481.65 4295.21 3967.03 328.179 863.289 491.627 3248.78 1796 1235.63 560.37 736.82 478.317 851.293 498.809 394.18 812.423 466.685 366.196 1674.69 1442.48 383.417 652.089 4474.92 3815.49 3163.85 1174.1 613.419 1989.75 1802.27 560.682 1026.53 751.09 501.374 1507.54 809.137 698.398 557.914 659.423 458.449 513.361 412.023 280.895 227.447 1242.52 202.457 689.883 2940.5 2005.52 1345.94 1166.24 591.114 934.98 812.023 668.821 557.111 451.635 803.18 3159.05 2282.29 876.761 1213.25 723.554 571.336 348.158 300.206 501.902 316.187 229.935
internal_count=182671 99126 46439 83545 32641 52687 66622 26796 16923 43079 49791 24408 6651 5931 49127 46814 4928 4637 23543 13798 6453 4716 18865 963 41886 22373 21453 18201 10259 2896 2388 31215 2161 20706 2775 30609 10888 7576 1545 19721 3822 2513 15899 3050 12849 9395 2122 7273 3867 1204 1137 2344 1100 3312 17955 4948 10671 3971 17931 17185 15872 1313 3454 1967 13007 7191 4947 2244 2950 1915 3406 1997 1578 3252 1867 1465 6700 5771 1534 2609 17902 15264 12657 4697 2454 7960 7210 2243 4107 3005 2006 6031 3237 2794 2232 2638 1834 2054 1650 1125 910 4971 810 2760 11765 8024 5385 4666 2365 3741 3249 2676 2229 1807 3214 12639 9131 3508 4854 2895 2286 1393 1201 2008 1265 920
is_linear=0
shrinkage=0.02


Tree=18
num_leaves=127
num_cat=0
split_feature=15 230 231 12 7 52 231 230 7 62 104 201 5 65 230 156 230 232 125 216 147 219 34 95 138 140 214 23 214 52 25 125 201 149 7 104 147 133 62 138 209 103 74 140 232 81 173 42 116 117 27 214 42 117 191 90 199 201 225 149 191 125 74 225 40 138 40 191 225 125 34 138 7 81 229 220 7 95 219 74 116 201 34 14 144 125 32 23 212 177 214 65 95 74 232 147 76 216 30 194 78 27 216 23 32 7 85 146 7 34 214 147 226 177 138 211 133 67 231 63 76 64 219 185 216 129
split_gain=225.487 84.6566 80.7733 51.2884 29.1991 27.8626 32.2548 60.5367 44.0265 30.8689 26.5564 25.6867 24.8663 28.0123 20.6443 19.9997 18.5991 23.2583 18.5647 18.4446 17.4385 17.1591 16.7528 16.3053 15.8527 15.5287 15.2636 15.2521 16.6164 16.5559 14.8595 14.857 20.7193 18.6588 18.4634 15.0711 14.1539 14 13.6706 13.9488 13.5116 15.8741 16.5401 14.4867 13.1907 19.1631 15.6378 12.6602 14.539 16.4877 13.5702 17.3403 12.969 12.4752 13.6236 12.3838 12.8043 12.3535 12.6464 12.3439 16.4638 12.2551 13.1388 12.7069 12.4772 12.1631 12.12 12.1148 12.0424 14.1285 11.9166 15.0846 16.7211 13.414 11.8352 11.7844 11.7741 11.6581 12.3279 12.3136 12.5809 11.5949 11.4701 11.3743 11.3115 11.2438 11.3675 11.0639 10.921 12.1971 10.9204 10.8748 10.8059 12.2078 10.6831 10.4695 10.4044 10.2637 10.2239 13.7969 14.3687 10.5174 10.116 10.0669 10.1814 10.0435 9.91435 11.1364 9.89691 11.5197 9.80826 15.9827 9.80252 9.75212 14.2709 11.5787 18.2054 13.8174 15.1024 14.8638 15.101 13.2193 15.0176 18.3316 10.7161 21.4604
threshold=-0.0093681761063635332 -0.85377600789070118 -0.11970336735248564 1.0000000180025095e-35 4.9208983909920796e-05 -0.00077106969547457982 0.02835773024708033 -0.85149618983268727 0.00017389441200066361 0.00034798309206962591 0.00061001416179351519 -0.0031568020349368449 -6.6560660343384357e-05 -0.00061936496058478941 -0.90722548961639393 0.0046849930658936509 -0.88396760821342457 5.0000000000000009 -0.0052853578235954038 0.52275842428207409 -0.00048598868306726212 0.058629173785448081 0.00051935302326455723 5.1776913096546202e-05 0.00083308783359825622 0.58743366599082958 0.0022486842935904865 5.8361998526379473e-05 0.0011555702658370139 0.00035757408477365976 8.7823078501969589e-05 -0.002496180590242147 -0.0060104581061750642 -1.9684819562826302e-05 -0.00017418285278836262 0.00028294026560615754 -0.00063673779368400563 8.4763229097006856e-05 0.00013916241732658821 0.00064764331909827899 -0.00011968403850914909 -0.00046393596858251834 0.12109613418579103 0.1382388919591904 5.0000000000000009 0.00052477672579698275 0.59244495630264293 -7.7794826211174936e-05 -0.00097981811268255093 -0.0011449180892668662 -0.00024210082483477888 0.0020989113254472618 -0.00068520329659804691 -0.0019926725653931494 -0.00031506047525908793 2.0869767467956993e-05 -0.0040568779222667209 0.0034090084955096249 -8.7452272055088525e-06 7.9156205174513175e-05 0.0023885202826932077 0.0015278513892553749 -0.19469107687473294 9.3747690698364763e-05 0.00037529614928644156 0.001204483909532428 -3.820574420387856e-05 -0.00041154089558403934 6.3819654315011589e-05 -0.0038930022856220599 0.00031499250326305633 0.00042197057337034499 -0.00011405201439629308 -0.00010884546281886286 0.029973736964166168 -0.0097702289931476099 -0.00040918207378126675 8.6567952166660706e-06 0.069797810167074217 -0.099461555480957017 -0.0029438920319080348 0.0056931532453745612 0.00084417630569078039 -2.7066436814493496e-05 -0.0021425647428259249 -0.0016677726525813339 0.69665583968162548 4.7735235057189136e-05 0.011766754090785982 0.0012178487377241256 0.0017352616414427759 -0.00064360763644799579 2.6107085432158786e-05 0.014474375173449518 1.5000000000000002 -0.0036877039819955821 -0.0001952805832843296 0.86661934852600109 -0.00025989495043177152 0.0013405534555204215 0.00023323354980675506 -9.2328999016899602e-05 0.58119705319404613 8.8450749899493544e-05 0.45771868526935583 -3.502438448776956e-05 0.0024735454935580496 0.14766433835029605 1.4018289675732378e-05 0.00027261959621682769 0.0014133558142930271 -0.00033391728356946254 0.31371654570102697 0.0025630164891481404 0.0014607544871978464 -0.53446832299232472 0.00012530992535175758 0.30547463893890386 0.75039777159690868 0.00049340917030349385 -0.00073266270919702936 0.24420523643493655 0.6981467902660371 -0.0013082434306852517 0.74302172660827648 0.096155542880296721
decision_type=2 2 2 2 2 2 2 2 2 8 10 10 2 2 2 10 2 2 2 8 8 10 2 2 10 10 8 2 8 2 2 2 10 10 2 10 8 2 10 10 8 10 10 8 2 2 8 10 10 10 2 10 10 10 10 2 10 10 10 10 10 2 10 8 2 10 2 10 10 2 2 10 2 2 2 8 2 2 10 10 10 10 2 2 10 2 2 2 10 2 10 2 2 10 2 8 2 8 2 10 10 2 8 2 2 2 2 10 2 2 10 10 10 2 10 10 2 10 2 2 2 2 8 10 10 2
left_child=1 2 3 12 36 30 7 8 18 -10 40 21 14 -14 26 19 17 20 -7 37 25 75 31 -19 -24 38 87 28 -20 66 -6 34 33 67 -23 -34 98 -12 39 74 70 42 43 -42 45 46 61 52 49 -49 51 -50 -9 -15 95 -35 -57 58 106 82 -61 62 -18 64 -64 -59 -30 -33 69 -39 71 73 -73 -4 -8 91 -13 78 -32 -80 -81 -46 85 96 -71 86 -54 -1 89 -68 110 -3 -5 -94 -87 -55 -56 -17 103 100 101 -100 -21 -2 -105 -98 107 -52 109 -102 -38 -112 -101 114 115 116 -78 119 121 120 -117 -119 -123 -124 -122 -126
right_child=4 11 10 92 5 6 16 47 9 -11 15 76 13 53 -16 97 44 23 27 102 -22 22 24 -25 -26 -27 -28 -29 29 -31 77 32 35 55 -36 -37 90 68 -40 -41 41 -43 -44 -45 81 -47 -48 48 50 -51 57 -53 59 54 83 56 -58 65 -60 60 -62 -63 63 -65 -66 -67 88 -69 -70 84 -72 72 -74 -75 -76 -77 113 -79 79 80 -82 -83 -84 -85 -86 94 -88 -89 -90 -91 -92 -93 93 -95 -96 -97 105 -99 99 112 108 -103 -104 104 -106 -107 -108 -109 -110 -111 111 -113 -114 -115 -116 117 -118 118 -120 -121 124 122 123 -125 125 -127
leaf_value=0.0018027663234870006 0.003274447285643127 0.0055027678409170725 0.0096540066473198172 -0.0028294413683964746 -0.0049061247696657378 0.0042647325725750779 -0.0041781743518709809 -0.0023703356683621095 -0.010437194445163486 -0.00072848809164660828 0.0025857129719962669 0.0023633334965762103 0.0077550778867327532 -0.0029607648454147389 0.012799091162453754 0.0066678144670044501 -0.0034336816540237493 0.0059088460560619126 -0.0070536947192499158 -0.0085145469638880818 -0.0060649715919277956 0.0029640888917734664 -0.0067130687004621327 -0.00059046962759509627 0.0010335507304402762 0.0017937235751487204 0.0014320383026930636 -0.0055621157361381724 0.0055205887133930789 -0.0064552494411476763 0.0073297807080465243 0.0067385395165730404 0.00014782868395737787 -0.0058126019916723117 -0.002540950155997374 0.0064680646787743639 -0.0028599532147489189 0.002061922691517747 0.00062075533771145425 -0.0072611407414581632 0.0064327087473012769 0.006490256755447601 -0.0021057775905603351 0.0019870442683756523 -0.0069934049819413381 -0.005542207722409943 0.0041907616012411778 -0.0024976854884359739 0.0029327261314131747 0.0054353943753176802 0.0021744834358566612 -0.0043153656833469249 0.0024550348639036878 0.0024952053782546003 -0.0023459331661153204 0.0022775456318077599 -0.0040287952662199375 -0.0055492198193462048 -6.9985733610431437e-05 0.0083035391433859233 0.00037147458605268408 -0.004410569334291908 0.0013949560249817325 0.0047955072691315713 -0.0048698374272542104 0.0012948113393942003 -0.0018250473211083719 -0.00075984177591913247 0.0032301195071873252 -0.0087133463806588988 0.0067760636469846158 0.002499876412415379 -0.0022967790589634644 0.00028121363700641918 0.0023042997582650763 0.0093849933092857215 -0.0037839212894362189 -0.0030097755178136736 0.0045140105053832124 0.0032374421217140747 -0.003739168052828013 -0.0003071921103436849 -0.0046980285454977884 -0.0035792325971071982 -0.0014637203566943112 0.0059405032632438813 -0.0056899081744740503 0.0092046047575612064 -0.0041796833445976646 0.0050631967256152309 -0.0058643082125753613 -0.00042221649414745667 0.0039486184228819596 -0.0028061456637876801 -0.00054559284256069213 0.0093968556466022621 0.007223139211370291 0.0005888356150894297 -0.0020562010353588735 0.0010928025260962971 0.0040668806423460099 0.00079930701829567788 -0.0023709794042515893 0.0042494435225008563 -0.00092143029032129174 0.00012285619283281031 0.0017014017505241597 -0.0044259011548406927 -0.0050282892889198872 -0.003024906139238922 0.0065956662400966735 -0.0028391614209811308 -0.0045523722982113201 -0.0060237305628578399 0.0051039048792394853 0.0075856485492602713 0.0031500144933869364 -0.0040969937778012212 0.0040282386998392802 -0.0034518806021284505 -0.00021071599642883941 0.00081666932415497577 -0.0044621984327459221 0.00017080639130076812 0.005862045726777532 7.6881545163446895e-05
leaf_weight=107.76859784126282 623.66964136064053 260.57728785276413 101.88830617070198 249.43717494606972 123.72674798965454 100.72671023011208 226.42743973433971 751.5751023888588 745.39208889007568 161.83443169295788 591.68963238596916 579.9577292650938 706.15075635910034 127.32011753320694 340.86886340379715 198.14464427530766 338.08935354650021 395.41412824392319 204.06850573420525 116.71079024672508 203.66274002194405 378.08463861048222 184.22511558234692 240.38286161422729 209.46420702338219 891.43554566800594 189.3931887447834 1110.4517974704504 127.95196501910686 155.06657792627811 174.44200021028519 241.63238532841206 199.14112277328968 153.45404498279095 609.11043927073479 615.73438428342342 484.90079601109028 138.69087453186512 567.36476121842861 235.94728882610798 400.55621555447578 504.57286734879017 256.81591854989529 1074.7270663976669 338.35968784987926 351.05231790244579 223.4127112030983 199.7003320902586 341.13733418285847 182.45798808336258 100.21785327792168 188.19130481779575 101.47733576595783 187.96493777632713 103.10918539762497 388.37364163994789 168.19534821808338 992.50761677324772 723.71936444938183 158.95899505913258 256.91933886706829 354.87135894596577 399.87752130627632 241.9448674172163 162.68364475667477 108.20652733743191 219.59844696521759 122.95501321554184 138.94990874826908 163.94945864379406 109.42236933112144 447.74874225258827 749.46602180600166 124.90770208835602 189.95825029909611 141.62758867442608 826.81017360091209 142.71986544132233 289.1901478022337 160.22587761282921 223.94488643109798 148.69021520018578 179.93629869818687 127.40372429788113 180.2041862308979 193.70820601284504 146.20308504998684 531.38454023003578 222.3742441534996 161.92583940923214 271.43761625885963 217.14140443503857 364.38079446554184 131.96432077884674 187.70755046606064 185.72700759768486 193.1763446778059 235.1238597035408 873.36753349006176 1985.4356037080288 113.73091211915016 1203.5205032676458 649.75699873268604 167.2238045334816 796.89095419645309 128.38142485916615 130.70405748486519 1150.9114860296249 558.07942970097065 273.70834845304489 121.23179480433464 129.21632005274296 111.48090572655201 107.98318979144096 160.72487607598305 118.21007131040096 168.46725684404373 613.39684675633907 190.96765542030334 294.94953308999538 1658.3445870876312 1154.0573287755251 701.42357710003853 646.16701929271221 402.62149491906166 653.84154289960861
leaf_count=432 2495 1043 408 998 495 403 906 3007 2987 648 2368 2321 2830 510 1368 793 1353 1582 817 467 815 1513 737 962 838 3567 759 4445 512 621 698 967 797 614 2437 2464 1940 555 2270 944 1604 2020 1028 4303 1354 1405 894 799 1365 730 401 753 406 753 413 1554 673 3972 2896 636 1028 1420 1600 968 651 433 879 492 556 656 438 1793 3000 500 760 567 3308 571 1157 641 896 595 720 510 721 775 585 2131 890 648 1086 869 1458 528 751 744 774 941 3494 7943 455 4815 2600 669 3188 514 523 4606 2233 1095 485 517 446 432 643 473 674 2454 764 1180 6635 4617 2806 2585 1611 2616
internal_value=-4.48637e-05 0.00141049 0.00278607 0.00512722 -0.00140078 -0.00188948 -0.00211888 -0.00283626 -0.00505262 -0.00875839 0.0013828 0.000293298 0.00631244 0.0047149 0.00859604 -0.000255137 -0.000901609 0.000181632 -0.00352941 -0.00111282 -0.000754376 0.00162946 0.00103637 0.00350851 -0.00274074 -0.000189949 0.00660597 -0.00392121 -0.00218097 -0.000928989 0.00114378 0.00156864 0.00259883 0.000747359 -0.00041559 0.00496405 -0.000389449 0.000426784 -0.0016453 -0.00357602 0.00242704 0.00341312 0.00245287 0.00326399 -0.00214235 -0.00141835 -0.000523096 -0.00165636 -0.00228549 0.00137184 -0.00266496 0.00029253 -0.000335878 0.00256975 0.00337689 -0.00114562 0.000298124 -0.003152 -0.00221898 0.000930441 0.00364519 -0.00127234 -0.000238548 0.00115491 -0.000521712 -0.00486531 0.000382499 0.00430175 -0.00164418 -0.00311955 0.000963321 0.000429 -0.000491269 0.00493306 -0.00125075 0.00463082 -0.000336967 0.00198162 0.00287188 0.00153889 -0.000813221 -0.00504482 -0.000519334 0.0012964 -0.0052062 0.0007838 -0.00241874 0.00804914 -0.000848215 0.00120503 -0.0025762 0.00290089 0.000429603 0.00211358 0.00288033 0.00622848 0.00285433 0.00354045 -5.45185e-05 -0.000489812 -0.001351 -0.000409643 -0.0034992 0.00133759 4.35812e-05 0.00456155 -0.00332744 -0.0038713 -0.00336744 -0.000845703 -0.00123933 0.00187788 0.000752507 -0.000546002 -0.000452444 -0.000586031 -0.00257131 -0.00027191 -0.00117009 0.000678795 0.00113003 -0.00151244 -0.000851242 -0.00227067 0.000795514 0.00234958
internal_weight=45666.7 22025.4 9857.76 3674.43 23641.3 15927.5 14813.2 9303.63 3209.39 907.227 6183.33 12167.6 2928.65 1759.23 1169.42 2413.22 5509.57 2950.59 2302.16 1979.95 2314.8 3889.72 3270.37 635.797 393.689 2111.13 828.546 2201.44 1090.99 886.917 1114.25 2876.68 1889.49 1074.61 987.195 814.876 7713.89 1213.48 1219.7 652.333 3770.11 2236.67 1732.1 1475.28 2558.98 2071.93 1720.88 6094.24 4117.75 382.158 3735.6 529.329 1976.49 1053.08 925.763 710.023 556.569 3206.27 2105.55 1224.91 415.878 1497.47 1142.6 804.506 562.561 1100.71 731.85 364.587 621.794 482.845 1533.43 1424.01 1197.21 226.796 416.386 619.346 8277.92 990.523 847.803 673.361 384.171 487.05 809.032 552.071 344.154 629.096 247.68 639.153 603.899 381.524 1006.79 477.719 745.782 496.345 381.416 373.692 424.667 433.269 6707.11 5119.32 3022.41 2076.89 766.468 1587.78 964.115 321.558 1381.83 1251.13 945.519 387.439 735.349 250.448 2096.92 7697.97 7589.98 7429.26 995.277 6433.98 3306.01 3127.97 2833.02 3115.04 2501.65 1347.59 2714.81 1056.46
internal_count=182758 88157 39473 14722 94601 63740 59282 37236 12850 3635 24751 48684 11738 7048 4690 9657 22046 11806 9215 7923 9262 15565 13086 2544 1575 8447 3322 8812 4367 3550 4458 11511 7561 4300 3950 3261 30861 4856 4880 2610 15094 8955 6935 5907 10240 8291 6886 24386 16478 1529 14949 2118 7908 4218 3708 2841 2227 12831 8426 4901 1664 5992 4572 3219 2251 4405 2929 1459 2488 1932 6139 5701 4793 908 1666 2479 33119 3963 3392 2694 1537 1949 3237 2211 1377 2517 991 2563 2417 1527 4028 1912 2984 1986 1526 1497 1701 1734 26833 20481 12092 8309 3067 6352 3857 1288 5530 5007 3783 1550 2942 1002 8389 30798 30366 29723 3982 25741 13226 12515 11335 12462 10008 5391 10862 4227
is_linear=0
shrinkage=0.02


Tree=19
num_leaves=127
num_cat=0
split_feature=7 231 231 231 104 153 194 23 231 224 231 7 194 79 231 7 42 231 215 215 107 62 62 62 79 227 139 80 155 117 155 118 127 201 63 80 7 53 201 152 146 199 117 178 186 231 45 101 179 7 173 236 155 236 214 173 215 99 109 23 199 222 194 153 21 155 214 47 23 30 181 62 101 99 154 189 166 139 174 104 101 176 215 193 188 47 123 141 63 152 178 106 106 174 152 149 181 7 218 111 101 107 118 159 193 193 67 69 35 194 77 186 187 118 155 227 231 188 79 21 3 222 197 30 99 147
split_gain=199.238 50.2726 61.0971 39.6717 46.0765 29.7865 24.1855 21.4303 20.436 25.9173 25.8764 57.7403 28.3876 20.4338 19.8522 21.8849 18.9606 19.9511 18.7964 18.6576 20.1904 18.4629 17.3471 16.6833 16.6179 23.5629 16.4017 18.2378 16.3417 16.2832 15.7508 15.6646 15.6185 15.3928 19.9838 18.7869 19.0541 15.8262 15.2081 19.9037 15.2031 14.6536 14.6799 14.6165 14.5686 14.4924 14.2451 14.162 13.3298 15.1136 13.0795 13.0571 12.9958 12.9925 12.7984 12.7665 13.2474 12.7449 12.6579 12.6286 14.1478 12.1897 11.8138 11.695 11.6744 14.709 12.4147 12.6491 11.6016 13.88 11.4989 12.8315 11.4777 12.4491 11.4105 11.407 17.7096 11.4025 12.5066 11.2348 11.0215 13.1118 14.5432 16.5515 18.3925 19.9442 23.5149 14.4399 16.0991 12.0545 10.8486 10.7078 14.9449 13.616 13.8203 11.3909 10.6957 10.6206 14.2615 10.5508 13.2298 10.8829 13.7244 13.7482 10.4315 18.7158 12.1654 16.7846 16.0481 10.3988 10.3934 15.6758 11.2643 10.886 11.5194 10.3855 12.9869 10.9111 10.9985 10.4399 10.3215 10.3212 20.5926 14.2239 14.7053 18.2191
threshold=1.0000000180025095e-35 0.48289918899536138 -0.75039777159690846 0.01527100056409836 0.00077060991316102456 0.00054690320394001912 0.012154029216617348 0.00016962169320322576 0.01527100056409836 0.0053746935445815333 -0.58954745531082142 0.00013470969133777547 0.0065290404018014678 -0.00017467779980506745 -0.54280677437782276 -0.00011179812281625344 8.4294755652081235e-05 -0.90722548961639393 0.0029868888668715958 0.0029180624987930064 0.00031892088009044533 0.00022076191089581701 0.0003819662233581767 0.00033948401687666779 -0.0016746213659644125 0.25000000745058065 0.00080961934872902941 0.0021055630641058092 -0.0026006870903074737 -0.0010968055576086042 0.00082865337026305508 0.0021480803843587641 8.1572903582127778e-05 -0.0031568020349368449 0.00024704801035113638 -0.0018826261512003837 -0.00017418285278836262 -0.1890255734324455 0.00025761401047930127 7.5583051511785029e-05 0.88560321927070629 0.0058605438098311433 0.0041472301818430432 0.46298052370548254 0.013300940394401552 0.46754305064678198 -0.00012692763993982223 0.00027544214390218263 -0.0022692849161103363 2.1425997147161983e-05 0.59244495630264293 -0.54678061604499806 0.00047398671449627733 1.0262898206710818 0.0010346383787691595 -0.012055211700499056 0.0031234422931447629 0.000333093703375198 -0.0036848331801593299 0.00010382502659922467 0.0058605438098311433 0.12513927370309832 0.0040514778811484584 -9.362752462038769e-05 0.24953341484069827 0.0073708563577383765 0.0020154758822172885 0.0005353550659492613 5.5346534281852662e-05 -0.00010655037476681171 0.12543831020593646 0.00017955285147763791 0.0005757769977208228 0.00021082790772197771 -0.0004668237234000116 0.55000001192092907 0.0021549077937379484 0.00069681103923358034 0.0026106135919690136 0.00044169787724968051 0.00060992295038886379 0.00093958780053071689 0.0026900656521320347 -0.0076607482042163602 -0.079291105270385728 -9.9473618320189399e-06 -0.0010937986080534754 -0.00036985568294767285 0.00017253239639103415 -5.1880268074455664e-05 0.95662960410118114 -0.0016179302474483845 -0.00078367561218328763 0.0059414468705654153 8.0529978731647147e-05 7.5448955612955628e-05 0.070409402251243605 8.5068153566680862e-05 0.0056426248047500857 2.7728595341613985e-05 0.00049039319856092345 0.0016631328035146 0.0014449200243689122 0.0021680004429072146 -0.0035994118079543109 -0.0011462657130323348 0.24570197612047198 0.00049885193584486853 -1.8686961084313222e-05 -0.0033436650410294528 -2.136729290214134e-05 0.00039999575528781866 -8.5507941548712538e-05 -0.0013357121497392652 0.0015665662940591576 0.45000000298023229 -0.089328680187463746 -0.13325114548206327 4.5101118303136907e-05 -0.23636190593242642 0.00046574037696700549 0.67403277754783641 0.0031724541913717989 -0.00043171101424377406 0.0004869063559453935 -0.0065882550552487365
decision_type=2 2 2 2 8 8 10 2 2 10 2 2 10 10 2 2 8 2 10 10 10 10 8 10 10 8 2 10 8 8 8 10 2 10 2 10 2 2 10 10 8 10 10 10 10 2 2 2 10 2 10 10 10 10 10 8 10 10 10 2 8 10 10 10 2 8 8 2 2 2 10 10 2 10 10 10 2 2 10 10 2 10 10 8 10 2 2 10 2 10 10 10 10 10 10 10 8 2 8 8 2 8 10 2 10 10 10 8 2 10 2 8 10 10 10 8 2 10 10 2 2 10 10 2 10 10
left_child=1 2 33 4 14 8 7 22 10 38 24 12 19 75 23 32 59 41 64 20 -12 -13 61 53 110 -26 29 40 -20 -3 52 -21 -16 34 74 96 57 109 80 -40 72 42 -18 48 47 54 -17 -5 49 -22 70 -51 62 -4 -11 -30 -57 -37 -59 -7 -61 -6 -31 -64 -19 66 -66 -68 69 -49 -47 77 73 -28 -1 76 -14 78 -72 -74 81 82 83 -10 85 86 -85 88 89 -86 -58 -56 -93 94 -94 -95 -35 98 -45 -70 -101 -102 -103 -104 -38 -106 -107 -108 -109 -36 111 -2 -113 -114 -115 116 -48 118 -117 -119 -23 122 123 -27 125 -125
right_child=5 26 3 44 6 16 -8 -9 9 45 11 21 13 -15 15 46 17 18 28 31 43 120 -24 -25 25 121 27 -29 55 30 -32 -33 -34 35 37 36 104 -39 39 -41 -42 -43 -44 97 -46 50 115 68 -50 51 -52 -53 -54 -55 91 56 90 58 -60 60 -62 -63 63 -65 65 -67 67 -69 99 -71 71 -73 79 -75 -76 -77 -78 -79 -80 -81 -82 -83 -84 84 87 -87 -88 -89 -90 -91 -92 92 93 95 -96 -97 -98 -99 -100 100 101 102 103 -105 105 106 107 108 -110 -111 -112 112 113 114 -116 117 -118 119 -120 -121 -122 -123 -124 124 -126 -127
leaf_value=0.0022518669527403679 0.006617927735873024 0.0050215652930023901 0.0025126195842898381 0.0056887504103872236 0.0050705714723598815 0.00073136778696438279 -0.002759125659615746 0.0075658247781490162 -0.0086337117650915202 0.0068812211170769435 0.0034209330352191246 -0.0087915188640010408 -0.0037746578210704719 -0.0087614545781682582 0.0090791021602147533 0.006156418950781244 -0.0004527295976072377 -0.0023266536070451239 0.0022413554838752931 0.0044498330752914443 0.002408717899714793 -0.001171365957913189 -0.0033824317514172197 -0.0044294265337228682 0.0046334038697076561 0.0048430347606401667 0.0015841150042746439 0.0034465334546002835 -0.007799167262696978 0.00020547609685722971 0.0020258301662837864 -0.0035866688477813116 0.00059677305917435811 0.0011790559946279718 0.0050537464770155473 0.0073638335879126215 0.0033537668210006266 -0.00066790264147132826 -0.0096647239043510663 0.00055190730526496156 -0.0086506261271118851 -0.0045681679073132989 0.0063396475506340734 0.0029671853226409545 0.0058294012323070734 0.0035074247707417168 0.0023859242919722656 -0.0012141870102555408 -0.0079219299156643424 -0.00035399563362231712 0.0051603872096040847 -0.0062331413767362188 -0.0077677674502473117 0.0084068127108955348 0.0037602263602007787 0.0026969528338953142 -0.0017090595328670313 0.0062842659339783415 0.00028390927792580465 -0.0057225132761787876 0.0018623241977577805 0.001511075195391023 -0.0092510577684158258 -0.0001623392286586595 -0.0063902141009641025 0.0013382733717616478 0.0034671448320558892 -0.0050323009953103107 0.0023835077924064798 0.0041787237640499011 0.0032926145627692753 -0.0042240718734909786 -0.0034073005521428348 -0.0054362112515587624 0.0097613054318232348 -0.0062905145007588542 0.0059981294791567278 0.0021868199354037887 -0.0042943092730710003 0.0014960517549260849 0.0023580535867069332 -0.0055140317131513314 0.0041373839426777081 0.0044502422870312695 -0.0024801470372484125 0.0044642770603688323 -0.0068207283105635921 -0.0088096829713327461 -0.0052380526691284636 0.005731715417149447 -0.0072175722753386618 -0.0013844545899725435 -0.003397834844725567 0.0082602407759534129 0.0034314150989175887 0.0012898712242852552 -0.0040918155859562891 -0.0041827033092961896 -0.0039020857566754298 -0.004539403512970842 0.0059782503015932435 -0.003920006263735093 0.0076773818615883957 -0.0019134944885388333 -0.0062191466357166833 0.0019415990335489464 -0.0060561542549233821 -0.0060824583130917953 0.00072421627303655449 -0.0011455933201054689 0.0042908024172742332 -0.0047193412931734163 0.0056513403056584 -0.0052021071253547588 0.0031265387473349954 0.0033536899002398826 -0.0050987479970383111 0.0041116040380872951 0.011252965264971316 -0.0022492616771596094 -0.0067137827746518823 -0.0027412944441526882 0.0072691290933706758 -0.0066442298764689016 -0.0039708755466814159 0.00013817942169961665
leaf_weight=192.33074159920216 103.96926234662533 245.4036570340395 1199.2748275995255 203.05216497182846 459.88256503641605 1047.3570213913918 424.53289374709129 257.35102444887161 101.711928576231 178.9594040364027 309.11570972204208 601.50637757778168 141.95763085782528 281.12557208538055 825.57475776970387 1011.1765169799328 571.01480750739574 734.73398146033287 307.61479465663433 460.87182268500328 193.95644579827785 330.20433416962624 227.83808481693268 103.9660901427269 255.42654073238373 135.72547325491905 114.72465535998344 183.22188930213451 158.15717746317387 772.79651425778866 698.54255600273609 105.46569140255451 100.02848607301712 182.71633070707321 386.77662132680416 145.92310097813606 183.97634921967983 1194.4294073432684 175.46242041885853 121.70773415267467 150.4686233997345 229.60795916616917 142.95034092664719 472.59786449372768 221.32649610936642 177.71385349333286 307.39654418826103 1728.2014978826046 202.15721935033798 261.38025882840157 131.22135619819164 346.59156215190887 108.47575828433037 158.65026099979877 602.37123660743237 186.37858830392361 654.61899191141129 150.17944188416004 822.21701136231422 282.37810899317265 133.93906052410603 2128.4181149452925 100.48017585277557 108.23242434859276 1675.4156502336264 116.42784525454044 104.42277008295059 143.12366636097431 1567.8803779184818 194.64107178151608 100.48327562212944 474.36108450591564 294.65780729055405 520.63747124373913 143.40727953612804 119.21936179697514 117.22012162208557 406.38843584060669 318.17509768903255 441.65610508620739 314.40652407705784 268.92114739120007 184.69551974534988 104.46828797459602 120.71826289594173 360.36201606690884 168.46562726795673 127.94014506042004 223.42821188271046 129.45800215005875 170.87063951790333 743.85909958183765 215.45382137596607 197.46403096616268 218.69433586299419 180.21146334707737 752.8748817294836 160.88661751151085 141.45769953727722 207.90366977453232 121.40918478369713 204.68171221017838 101.47128818929195 105.19397673010826 258.21452420949936 504.65710689127445 254.71843302249908 146.73655323684216 802.42914155125618 138.69052822887897 378.9251699000597 204.7056111395359 110.23735617101192 126.23035970330238 103.73821005225182 189.57281735539436 109.42330092191696 280.93715083599091 123.39062751829624 141.40403965115547 219.69800224900246 1487.0830207914114 104.97337611019611 154.46288847923279 637.31774641573429 1715.2585604935884
leaf_count=770 416 982 4799 813 1841 4191 1699 1031 407 716 1237 2410 568 1125 3313 4053 2285 2940 1231 1844 776 1322 912 416 1022 543 459 733 633 3092 2795 422 401 731 1548 584 736 4779 702 487 602 919 572 1891 886 711 1231 6917 809 1046 525 1387 434 635 2410 746 2620 601 3290 1130 536 8519 402 433 6708 466 418 573 6277 779 402 1898 1179 2083 574 477 469 1626 1273 1767 1258 1076 739 418 483 1442 674 512 894 518 684 2976 862 790 875 721 3012 644 566 832 486 819 406 421 1033 2019 1019 587 3210 555 1516 819 441 505 415 759 438 1125 494 566 880 5950 420 618 2550 6863
internal_value=-2.7257e-05 0.00130109 0.00171872 0.00251454 0.0033634 -0.00133911 0.001624 0.00224335 -0.000877539 1.00947e-05 -0.00144075 -0.00256928 -0.001212 -0.00485978 0.00468744 0.00559972 -0.00246503 -0.00302971 -0.00361119 -0.000276124 -0.00115186 -0.00638845 0.00170704 0.00271029 -0.000521526 -0.00104697 -0.000814884 -0.00224956 -0.00175554 0.000398227 -0.000284657 0.00288195 0.00819444 0.000100824 0.00151088 -0.000592437 0.000127883 0.000610858 -0.00162017 -0.00570949 -0.00297101 -0.000388941 0.00104293 -0.0019756 0.00103893 0.00100569 0.00442463 0.000774733 -0.00354382 -0.00227424 -0.000452901 -0.00379734 -0.00177521 0.00331328 0.00200482 -0.00282639 -0.00191303 0.00222292 0.00131859 -0.000446896 -0.00330878 0.00217755 -0.00097102 -0.00496425 -0.00457997 -0.00536129 -0.00577652 -0.00145581 0.000513271 -0.000630889 -0.00101384 -0.00167598 -0.00223261 -0.00415892 0.00582791 -0.00166676 0.000758404 -0.000145659 -0.00240625 -0.000504384 -0.000994438 -0.00160278 -0.000848784 -0.00158865 -0.000880004 0.00147939 -0.00249735 -0.00333161 -0.00155477 0.00187895 -0.00299304 0.00154097 0.000644832 0.00249281 4.18941e-05 0.0051664 -0.00305931 9.4362e-05 0.00131157 0.0014635 -0.000495488 0.00118976 -0.000435219 0.00305748 -0.000971922 -0.00140625 -0.000615325 -0.00170138 -0.000431868 0.0034355 0.00175018 0.000182602 -0.00123609 0.00100549 -0.00149552 0.0028256 0.000277567 0.0042244 0.00695696 0.00197652 -0.00354359 -0.00140975 -0.000674518 -0.00104228 -0.0013967 -0.000486524
internal_weight=45693.7 22704.2 18964.9 12704.6 8048.82 22989.6 3498.02 3073.49 16330.6 6347.1 9983.47 4465.41 3314 659.523 4550.8 3088.9 6659.01 5195.34 4251.76 2654.48 2088.14 1151.41 2816.14 1461.89 5518.05 4490.25 3739.3 1705.37 1477.64 2033.93 1788.53 566.338 925.603 6260.28 2055.63 4204.64 3269.05 1719.9 2401.75 297.17 1522.14 943.573 713.965 1779.03 4655.76 3945.36 2163.3 4434.43 1004.09 801.928 1608.34 607.972 1089.98 1357.93 2337.01 1170.03 1011.87 1118.32 972.396 1463.67 416.317 2588.3 981.509 208.713 2774.12 2039.39 1922.96 247.546 4231.38 1922.84 1477.12 1299.41 1371.68 635.362 335.738 378.397 259.178 825.047 418.658 736.314 2104.58 1790.17 1521.25 1336.55 1234.84 633.296 272.934 601.545 473.604 250.176 825.49 2158.05 1555.68 811.824 434.148 377.675 935.591 774.942 614.056 2308.54 740.66 532.756 411.347 206.665 2150.73 1966.76 1708.54 1203.88 949.166 525.467 1027.81 648.881 544.912 340.206 229.969 1152.12 416.82 735.305 312.963 422.341 549.902 4234.82 2747.74 2642.76 2507.04 1869.72
internal_count=182875 90877 75916 50868 32232 91998 14002 12303 65346 25395 39951 17873 13261 2639 18230 12380 26652 20795 17019 10622 8356 4612 11272 5850 22078 17966 14961 6823 5914 8138 7156 2266 3714 25048 8226 16822 13079 6882 9610 1189 6090 3776 2857 7119 18636 15785 8666 17750 4018 3209 6435 2433 4361 5434 9350 4683 4050 4475 3891 5857 1666 10360 3927 835 11105 8165 7699 991 16937 7696 5910 5199 5488 2542 1344 1514 1037 3301 1675 2946 8421 7163 6087 5348 4941 2534 1092 2407 1895 1001 3304 8634 6224 3248 1737 1511 3743 3101 2457 9241 2964 2132 1646 827 8604 7868 6835 4816 3797 2103 4112 2596 2180 1361 920 4613 1669 2944 1253 1691 2202 16944 10994 10574 10031 7481
is_linear=0
shrinkage=0.02


Tree=20
num_leaves=127
num_cat=0
split_feature=13 11 11 1 235 236 194 236 64 15 97 53 190 29 153 74 74 225 186 218 136 174 11 63 194 60 174 133 138 217 223 63 60 114 77 15 225 220 195 204 217 111 217 41 2 220 150 201 175 98 194 111 15 33 81 220 195 77 33 217 152 111 190 190 23 36 199 97 0 141 186 217 150 2 0 225 133 34 115 223 213 133 81 213 218 47 152 36 194 115 36 136 224 36 71 194 136 106 36 167 217 117 194 225 187 123 73 114 203 150 136 77 23 63 139 74 53 65 85 97 167 146 190 150 227 225
split_gain=231.156 49.7548 23.9799 20.6899 20.1757 19.9769 19.9872 18.387 15.9923 20.1313 23.2057 15.6407 19.3341 19.0768 17.6124 14.876 14.7193 16.2471 14.8409 14.7065 13.9984 23.7119 17.1126 17.0702 15.367 16.6807 13.9379 15.839 13.8594 13.8032 13.6738 13.5443 13.5078 13.3703 13.333 13.165 12.5107 12.3361 19.4468 15.8206 12.2927 12.8851 14.622 12.1722 12.3826 12.0583 12.0526 11.7808 13.8666 11.7703 11.6879 11.3809 11.1693 10.8709 17.3159 14.7699 15.1701 10.7388 16.6825 10.9045 10.6701 13.0152 11.9384 20.5736 10.6533 12.5306 11.7427 10.6501 14.0003 10.5956 10.5862 10.5194 11.2753 11.7696 11.6739 10.464 14.387 10.4271 10.4192 12.1966 11.2777 10.3535 12.8899 10.6672 15.3323 20.2969 13.8033 12.1847 12.2548 11.0658 12.1377 10.321 10.1913 10.0858 13.1461 13.3979 9.96693 9.93724 9.89069 9.87987 9.84385 9.79482 9.78079 9.7044 10.0473 10.228 9.66777 12.8592 9.65651 11.2426 9.62186 9.48897 14.3073 12.1556 14.9932 14.1977 11.6255 10.7166 9.48709 9.43254 9.39397 9.3901 11.4993 10.1815 11.4295 17.3381
threshold=5.1796380375890303e-06 5.2006094847456559e-05 0.00010463064973009752 -0.00030378808150999243 1.0000000180025095e-35 0.83211851119995128 0.0022064342629164462 -0.021645739674568173 0.74732139706611644 0.41129904985427862 0.24051976948976519 -0.10114451125264166 -0.00086554078734479834 0.33964253962039953 -0.00013132195454090831 0.16086117923259738 0.11060410737991334 4.8347990741604015e-05 0.0029828695114701991 0.00058262454695068311 0.0016902705538086595 0.0043921133037656554 -0.00015055695985211057 0.00025609828298911458 -0.0094746458344161493 0.0007389540842268617 0.0058438943233340987 -7.2943606937769787e-05 0.00032191484933719044 -0.0017071243491955099 -0.0091089736670255644 0.00070081776357255887 0.00057000888045877229 0.00036622054176405078 0.00062654935754835616 0.34656468033790594 0.00013500338536687198 -0.0029072209727019067 -0.00049231250886805345 0.00062665520817972731 -0.0013468574034050105 2.0165258320048455e-05 -0.0023343409411609168 0.00018956279382109645 -9.5829393103485913e-05 -0.010346589144319294 0.24081417918205264 0.0016960854991339149 0.00053181432303972553 0.0015715191839262845 0.01663925871253014 -1.0356452548876403e-05 -0.06047870218753814 -0.00050384190399199713 -7.8874971222830923e-05 -0.0056145081762224427 -0.0018501112936064599 -0.00033429104951210315 -0.00023335410514846441 -0.0038878972409293051 -0.00068468577228486527 -0.00016108901036204767 -0.0017949356115423141 -0.00026026577688753599 5.1908289606217302e-05 0.10593813657760622 0.00029765021463390445 0.030498232692480091 3.3801039535319439e-05 -0.0009621740027796476 0.010752544272691013 -0.01381501369178295 -0.19272919744253156 1.6370605408155828e-05 3.9354199543595322e-06 0.00010581660899333657 -4.5471455450751812e-05 4.5881311962148181e-05 -0.00048107867769431317 -0.009049296844750641 0.0015019127749837937 -0.00031824756297282869 -0.0001233500806847587 0.0014449285226874056 0.0030756869819015269 0.00033988223003689205 0.00021546135394601154 -0.25387831032276148 0.0068964897654950627 -0.00022436251310864461 -0.16952510178089139 0.003299044095911086 0.0061146842781454333 0.0072721675969660291 -0.00079395316424779583 -0.0021922186715528365 0.0018224248779006305 -0.00023414746101479975 -0.1026947684586048 0.15401215106248858 -0.0059779132716357699 -0.00039952919178176666 -0.0069796594325453034 0.00027729204157367354 -9.0675388491945328e-05 0.00068041920894756924 9.284385669161567e-05 0.0010407996014691891 0.00082806620048359047 -0.098913438618183122 0.0024343433324247603 -1.813832750485744e-05 8.5944589955033748e-05 0.00031023158226162201 0.00098250032169744394 0.024601872079074386 0.07867585122585298 -0.00023518865782534701 7.2245682531502111e-05 -0.69829526543617237 -0.25651690363883967 0.86316785216331493 0.0023300864268094306 0.03659274801611901 0.45000000298023229 0.00034811760997399693
decision_type=2 2 2 2 2 10 10 10 2 2 8 2 10 2 10 8 10 8 10 8 10 10 2 2 10 10 10 2 8 10 10 2 10 2 2 2 10 10 10 10 10 10 8 10 2 8 10 10 10 10 8 8 2 2 2 10 8 2 2 10 10 10 10 10 2 10 10 8 2 10 10 8 10 2 2 8 2 2 10 10 10 2 2 8 8 2 10 10 8 10 10 10 10 10 8 10 10 10 10 2 10 8 8 10 10 2 10 2 8 8 10 2 2 2 2 10 2 2 2 10 2 10 8 8 10 10
left_child=1 3 28 31 7 6 60 20 81 10 19 12 -8 -14 -15 37 18 102 35 -10 40 33 23 24 -23 30 27 -24 -2 -20 -26 70 118 43 -19 36 51 38 53 -39 41 42 -5 44 -22 -29 -34 -46 -49 -13 57 -12 -41 75 55 56 -55 59 -59 -40 61 -6 -63 -64 66 -66 -25 68 -17 -50 110 -62 78 -74 -75 76 -9 -7 80 100 -73 -4 -83 89 86 101 -85 -87 -89 -84 -91 -51 -47 121 103 -96 -92 -31 -81 -98 -80 -86 -18 -95 -105 -106 108 -108 -3 -110 -1 112 -21 115 -115 116 -113 -116 -11 -65 -79 122 123 -30 -125 -126
right_child=2 106 8 4 5 77 11 15 9 32 16 49 13 14 -16 67 17 34 29 111 21 22 26 64 25 -27 -28 45 93 97 -32 -33 46 -35 -36 -37 -38 39 50 52 -42 -43 -44 -45 47 92 -48 48 69 91 -52 -53 -54 54 -56 -57 -58 58 -60 -61 71 62 63 119 65 -67 -68 -69 -70 -71 -72 72 73 74 -76 -77 -78 120 79 98 -82 82 83 84 85 87 -88 88 -90 90 96 -93 -94 94 95 -97 99 -99 -100 -101 -102 -103 -104 104 105 -107 107 -109 109 -111 -112 113 -114 114 117 -117 -118 -119 -120 -121 -122 -123 -124 124 125 -127
leaf_value=1.8384533253656898e-06 -0.0071447567172111121 -0.00051847394540732738 0.0013414100983291824 0.0023887631266861381 0.0031400849539882196 0.00748894818689959 -0.0027347183315766777 0.0068832498105863118 -0.0046295616564987702 -0.0033153918197424068 -0.0012783001587580636 -0.0075796003563501071 0.0038732718268112993 0.0013785386556270888 -0.0081629749933611294 0.0019913413498108606 0.002231992850150456 0.0074812690090644745 -0.00078898651225881619 -0.0061429293760074076 0.0083837519065546109 -0.0040768440197480717 -0.0060771274458311765 0.0026555307002982804 0.010315788652106446 0.00032641271520003119 0.0016984763199238376 -0.0050691221675036756 -0.00058599191388916108 -0.0020119268296552514 0.0022824135003089354 -0.0017836865595950492 -0.0037866894209482999 -0.0018234777818425803 -0.00069237181856573896 0.00034082487689402515 -0.00011884161046399906 0.0068493803377719809 -0.0018323472204594801 0.0029120410890748172 0.0047885688541635905 -0.0061685625241345776 -0.0038957570721875508 -0.00066895672580069294 0.0059834299032107009 0.0054909462955515503 -0.0099071693630280594 0.0075892991891389986 0.0025540600112133145 0.0020806679570378899 -0.0070529790140875072 -0.0090108371738146543 -0.0019329482389625432 -0.0029860909838765482 0.0030052913618613805 -0.0079216688402277032 0.0041280253984028346 -0.0029890092057501816 0.0030598211145532314 0.0047523516647300212 -0.0034521376251867943 -0.0068105155042207663 0.0047924174655044815 0.0013845345887389894 0.0046670811031313073 -0.00034788224358521432 0.011817709105940707 -0.0055204787991908998 -0.0058909756938115253 -0.0034539645471288812 -0.00026814341550908529 0.0070835587707674952 0.0034121839364888162 -0.0029903307978113147 0.0028770498737366807 0.0078277516566095124 0.0003667353067677009 -0.0015124631657449353 0.004189841374774057 -0.0069718039433057455 -0.001255019257431377 -0.0068545331135714451 0.00030449822142119317 -0.0088297973597606643 -0.0015757725180491156 0.0014901325990814033 -0.0019380639332614805 -0.0018980493886321629 -0.0072381977181524984 -0.0083138569179132867 0.0014568449936289711 -0.0029878988665127939 -0.00085450194873445354 0.0023678395058949349 -0.007951607941133922 0.00043473416587691002 -0.0066370019906469447 -0.0065740976097608522 -0.00051078106369703839 -0.0013951370439633794 -0.0016774833665703876 0.0038223171978128507 -0.0048712411825843393 -0.0061325314362553254 0.0043064573892815788 -0.0027508490262486353 0.0035426023725136087 -0.0021505546870925854 0.00011630968472027614 -0.0083690241973265554 0.006248316922572497 -0.003282861383452428 0.0017183112548205906 -0.0067202913398876811 0.0048065183381105995 0.006912392666990036 0.0030242827905744684 -0.00074924538948332173 0.0044283713105497313 -0.0053145175320336449 0.0030605695629280696 -0.0064456237990239106 0.0033215045865996598 -0.0061507855383024206 0.0013758395487150532 -0.0069164955311707211
leaf_weight=111.87469355762005 113.21311657130718 6377.0092273205519 156.68188525736332 417.71779410541058 217.4205846786499 153.35873256623745 563.88696931302547 175.97196297347546 194.40022139251232 100.16356274485588 100.43242643773556 168.21231038868427 617.7374684214592 201.21710033714771 101.23529577255249 319.77300494909286 101.68575136363506 152.67204818129539 1380.1321340352297 155.93062387406826 423.68960878252983 165.08907437324524 203.40391427278519 109.81760987639427 129.05382832884789 696.92977328598499 1592.8286307454109 105.69579529762268 1757.271104440093 458.62657375633717 232.8968290835619 133.66235715150833 1423.444045394659 114.87711215019226 142.68198861181736 136.61454546451569 105.94719591736794 297.47353965044022 151.63708892464638 684.37485253810883 160.37236441671848 134.93083707988262 203.88854114711285 139.39634254574776 745.4885515421629 164.3919385522604 133.87553079426289 123.3769559264183 316.41827477514744 183.47328068315983 100.18589273095131 430.03840297460556 244.93237721920013 278.5466832369566 602.67013929784298 103.92164263129234 180.3800995349884 779.91792717576027 218.64096947014332 236.02798214554787 145.43543654680252 155.44061455130577 163.43986976146698 110.44135561585426 926.62487024068832 249.08280120790005 136.75858075916767 201.91701731085777 102.68350040912628 160.64582869410515 144.37843373417854 129.93800367414951 1597.5093146264553 253.93394117057323 248.69530455768108 174.29297856986523 447.30927197635174 215.88880206644535 203.14386507868767 166.94537143409252 105.2154588997364 467.27926057577133 153.62399658560753 217.82821030914783 201.885367795825 180.3594009578228 256.08674356341362 433.93726207315922 288.75447979569435 370.65042304992676 115.68309798836708 822.12667429447174 214.39766696095467 1056.978832706809 112.95801219344139 173.94937133789062 383.14187280833721 343.43818859755993 199.18407090008259 243.79332457482815 218.13119174540043 335.57602885365486 213.87417057156563 100.22191889584064 139.46470983326435 150.21149607002735 482.66058321297169 215.96364280581474 113.47638258337975 117.46491877734661 814.48424173891544 143.69221021234989 181.39040857553482 102.20037932693958 177.68627750873566 259.16748942434788 399.09904550015926 452.8449075371027 114.66907039284706 258.17260691523552 811.89390975236893 117.21141590178013 202.20696651935577 313.39816173911095 315.67015337944031 124.96427729725838
leaf_count=448 453 25513 627 1672 870 614 2256 705 778 401 402 673 2472 805 405 1280 407 611 5524 624 1698 661 814 440 517 2791 6375 423 7031 1836 933 535 5699 460 571 547 424 1191 607 2740 642 540 816 558 2985 658 536 494 1267 734 401 1722 980 1115 2412 416 722 3122 875 945 582 622 654 442 3713 998 548 808 411 643 578 520 6393 1016 995 698 1791 864 813 668 421 1871 615 872 808 722 1025 1737 1156 1484 463 3289 858 4229 452 696 1534 1375 797 976 873 1343 856 401 558 601 1931 864 454 470 3262 575 726 409 711 1037 1597 1812 459 1033 3249 469 809 1254 1263 500
internal_value=-4.34198e-05 0.000998317 -0.00198906 0.00146574 0.00131806 0.000524901 0.000106332 0.00179912 -0.00249054 -0.00193965 -0.00134611 -0.00124379 0.000125446 0.00189903 -0.00212337 0.00088385 -0.00231897 0.00049375 -0.00289984 0.000338973 0.00241195 0.00271752 0.00195526 0.00304393 0.00128159 0.00217711 0.000676625 -0.00167064 -0.000781791 -0.00202385 0.0055369 0.00399886 -0.00379006 0.00453589 0.00373919 -0.00525926 -0.00643514 0.00127204 0.000651479 0.00297852 8.6896e-05 -0.00100744 0.000270242 0.00493351 0.00537737 0.000346939 -0.00443179 0.00432209 0.00213303 -0.00294804 -0.00106624 -0.00764649 0.00162125 0.00194974 0.000696173 -0.0017946 -0.000134287 -0.000539407 -0.0016305 0.00221318 0.000968079 -0.000938413 -0.00228055 -0.000758318 0.00452174 0.00361657 0.00824253 -0.00197278 -0.00010424 0.000473356 0.00474018 0.00149847 0.00174954 0.0025815 -8.82142e-05 0.00371976 0.00236336 0.00290355 2.40961e-05 -0.0010897 0.00354668 -0.00354678 -0.00376287 -0.00326877 -0.00228668 -0.00122449 -0.00533503 -0.0030311 -0.00416919 -0.00469422 -0.00537721 -0.00204059 0.00203665 -0.00059349 0.000603516 -0.00317006 -0.0037319 -0.00407783 -0.00366536 -0.00470477 0.00121348 0.00181086 -0.0025857 0.00138481 -0.00126559 0.000705582 -0.000433809 0.00177182 -0.000671641 -0.00452266 0.00550992 0.000898418 -0.00205607 0.0015659 -0.000299332 0.00323594 0.00129728 0.00091603 0.000843049 -0.00333944 0.00208946 -0.00132573 -0.00105903 -0.00143521 -0.00334802 -0.00117407
internal_weight=45579.2 29691.5 15887.7 22384.9 21180.5 8012.08 6830.94 13168.4 11210 7404.71 5632.55 2657.89 1484.08 920.19 302.452 5300.66 3566.14 610.914 2955.23 2066.41 7867.77 6950.86 4926.97 2646.25 1223.97 1058.88 2280.72 687.889 4677.72 2182.2 361.951 1204.4 1772.15 2023.89 295.354 773.033 636.418 4676.28 3449.5 1226.78 916.91 756.537 621.606 1909.02 1769.62 484.485 1557.32 1345.93 600.441 1173.81 1486.41 530.471 929.307 1963.09 1165.52 562.848 458.927 1386.22 998.559 387.665 4173.05 904.915 687.494 532.054 1422.28 1175.71 246.576 624.374 422.457 477.064 1070.74 3268.13 3122.7 2100.14 502.629 797.574 623.281 1181.14 1022.56 787.404 235.153 3805.28 3648.6 3181.32 1914.43 1440.51 473.915 903.051 722.692 1266.89 1113.27 1005.6 378.79 4564.51 1733.78 286.907 742.618 802.065 366.129 626.935 421.275 537.461 315.56 1446.88 389.898 289.676 7306.57 698.624 6607.95 230.941 926.359 1872.01 337.321 1534.69 732.732 801.959 542.791 630.531 214.833 368.614 1027.78 2830.72 2713.51 2511.3 754.033 440.634
internal_count=182426 118838 63588 89606 84783 32060 27333 52723 44872 29639 22544 10634 5938 3682 1210 21219 14275 2445 11830 8269 31504 27834 19729 10601 4902 4241 9128 2753 18716 8735 1450 4823 7095 8105 1182 3095 2548 18720 13809 4911 3670 3028 2488 7645 7087 1939 6235 5389 2404 4696 5950 2124 3720 7859 4665 2253 1837 5549 3997 1552 16699 3621 2751 2129 5699 4711 988 2499 1691 1910 4288 13078 12496 8404 2011 3194 2496 4727 4092 3151 941 15233 14606 12735 7663 5766 1897 3615 2893 5072 4457 4023 1516 18263 6937 1148 2973 3211 1465 2510 1686 2151 1263 5789 1560 1159 29232 2795 26437 924 3710 7491 1350 6141 2932 3209 2172 2523 860 1475 4113 11326 10857 10048 3017 1763
is_linear=0
shrinkage=0.02


Tree=21
num_leaves=127
num_cat=0
split_feature=7 230 231 10 1 231 230 7 109 222 221 85 141 225 219 73 230 230 119 193 24 236 142 145 146 99 199 7 220 191 142 81 193 186 116 220 62 105 115 14 191 227 230 115 199 225 30 145 114 236 152 57 219 181 178 188 99 115 191 99 118 45 49 195 212 177 106 81 177 153 224 14 236 53 128 99 74 232 178 188 114 166 128 22 78 99 110 212 153 52 118 33 123 36 180 118 230 24 236 7 14 152 116 180 161 219 193 139 53 186 219 152 118 221 214 116 222 141 106 152 62 111 136 212 36 22
split_gain=201.383 72.2865 57.5076 70.6622 36.3823 23.4127 52.4251 51.6534 47.6871 24.4781 22.872 21.398 20.9516 23.355 20.2732 19.6014 19.0849 43.2566 18.8576 21.5859 20.6104 18.6168 17.0603 26.6842 21.2889 17.001 23.404 16.8223 16.5428 16.2031 16.1646 16.0394 15.9675 15.5664 15.4174 15.5452 21.2752 15.3626 14.5278 14.3992 14.3448 14.2692 15.3135 15.865 14.5635 13.6232 14.8832 18.2967 13.2348 13.2057 12.9155 14.5745 13.2663 15.1024 17.1239 18.5761 15.1309 12.8847 14.6785 12.8455 12.7999 12.7436 12.53 12.2366 12.2303 14.9091 12.1179 11.6705 11.7946 15.1483 11.5833 16.3276 11.5332 11.5286 11.5036 15.5528 12.0359 11.88 11.2331 12.994 11.2125 11.2058 11.1259 11.0902 13.6761 11.9838 12.2082 10.944 10.8983 10.853 12.984 13.0543 12.1459 11.5221 10.8256 10.7963 10.3899 10.0839 10.0182 11.103 10.4037 9.95732 9.91708 9.91452 12.9803 10.8383 16.2005 15.8014 9.99021 9.81965 13.0036 16.906 12.4537 10.6788 9.78057 12.6197 9.75338 9.92806 11.3286 9.79878 9.85531 9.6718 9.60475 9.59668 12.9368 10.0998
threshold=3.1359390050056397e-05 -0.85377600789070118 -0.058870663866400712 1.0000000180025095e-35 -0.00022542893566424024 1.0000000180025095e-35 -0.85377600789070118 7.5948053563479348e-05 -0.0058100535534322253 0.92383351922035228 0.012402037158608438 0.0028236287180334334 -0.00036985568294767285 0.00036200712202116852 0.058629173785448081 -1.7894555639941242e-05 -0.96535655856132496 -0.94762688875198353 -7.7957996836630614e-05 0.00022148765856400135 0.00010361120803281666 0.42713019251823431 0.00092222460079938184 0.0029248134233057503 0.94896489381790172 0.00028397756977938121 -0.00053600667160935689 0.00017389441200066361 -0.0049224498216062776 -0.0018081662710756061 0.00082684066728688787 -6.903827852511312e-06 -0.010973984841257332 0.00803939998149872 -0.0001604642020538449 -0.0074551245197653762 8.6678348452551304e-05 0.93928232789039623 5.449803757073824e-05 -0.00016607157158432526 -0.0022187177091836925 0.25000000745058065 -0.3358618021011352 0.00033938312844838952 -0.012866562698036431 0.0010051021235994997 -0.000350088914274238 0.00013781893358100208 -0.001272328197956085 -1.1201797127723692 7.4895037869282541e-06 4.0072245610645048e-05 0.029948997311294082 0.14783436805009845 0.34808099269866949 -0.057843396440148347 0.00024945790937636053 -0.00050065809045918275 0.0047556655481457719 0.00028882315382361417 -0.007213358534500002 0.00057081878185272228 0.00068602105602622043 0.0019938417244702582 0.0076137122232466945 0.0010832414263859393 -0.004220871487632393 -0.00013144459080649537 0.0010601100511848929 -0.00024027680046856401 0.010869703255593778 -0.00020963347924407569 -0.13203822821378705 -0.2161510959267616 0.0010459284530952575 0.00058987774536944937 -0.2446915581822395 1.0000000180025095e-35 0.89098763465881359 1.0000000180025095e-35 1.4269447547121674e-05 0.0015759353409521284 -0.0013288925401866434 0.00054978905245661746 4.2003570342785686e-05 0.00024018075055209923 0.001299760537222028 0.011708568315953018 -2.7961805244558487e-05 7.8022949310252457e-05 -0.00050189104513265182 -7.5848511187359677e-05 0.0026761861518025403 -0.14455109089612958 0.0018543471815064552 0.00085827126167714607 -0.95566233992576588 6.2751205405220403e-05 -0.25507152080535883 -8.4234037785790847e-05 -6.4142834162339555e-05 -3.373924664629157e-05 0.00063842753297649335 0.005333422916010023 0.0015286693815141918 0.25845547020435339 -0.0065627205185592166 0.00068725825985893618 0.34245245158672338 0.010752544272691013 0.71355926990509044 -0.00019343265739735213 0.003301407909020782 0.010329443961381914 0.0013748563942499461 0.0012790198670700195 0.79985818266868602 -0.0023934621131047602 -0.0016833104309625921 -8.1744783528847606e-05 0.00032457246561534708 3.1707975722383715e-05 0.00389732129406184 0.0065629377495497474 -0.11404795199632643 0.00018928805366158488
decision_type=2 2 2 2 2 2 2 2 8 10 10 2 10 8 10 8 2 2 2 8 2 10 8 10 10 8 10 2 8 10 10 2 10 10 10 8 10 10 10 2 10 8 2 10 10 10 2 10 2 10 10 2 10 10 10 10 10 10 10 10 10 2 2 10 10 2 8 2 2 10 10 2 10 2 2 10 10 2 10 10 2 2 2 2 10 10 10 10 10 2 8 2 2 10 10 10 2 2 10 2 2 10 10 10 2 10 10 2 2 10 10 10 10 10 8 8 10 10 10 10 10 10 10 10 10 2
left_child=1 2 3 4 81 6 7 10 60 41 31 27 18 103 32 30 63 -18 19 83 67 45 50 34 29 26 95 114 62 96 66 -2 -3 -19 39 94 -37 -15 -28 -24 -41 42 43 -8 -43 46 49 -48 -46 78 52 73 -4 -54 55 -55 -56 -11 -59 -58 -9 -29 -22 -5 65 -23 -6 -20 69 -69 74 116 -32 -52 75 76 -51 -78 79 -16 -66 -1 -77 84 -7 -85 -87 -30 -31 93 91 -91 97 -70 -36 -17 -25 -92 99 100 -27 -101 -96 104 105 106 -14 108 -107 110 111 -90 -113 -112 -10 -116 119 -118 -119 120 -72 -38 -40 124 -49 -125
right_child=5 14 22 16 15 12 9 8 11 57 -12 -13 13 37 21 25 17 33 20 -21 28 64 23 24 -26 98 38 61 87 88 72 -33 -34 -35 35 36 121 -39 122 40 -42 44 -44 -45 48 -47 47 123 -50 70 51 -53 53 54 56 -57 59 58 -60 -61 -62 -63 -64 -65 80 -67 -68 68 89 -71 71 -73 -74 -75 -76 82 77 -79 -80 -81 -82 -83 -84 85 -86 86 -88 -89 109 90 92 -93 -94 -95 102 -97 -98 -99 -100 101 -102 -103 -104 -105 -106 107 -108 -109 -110 -111 113 112 -114 -115 115 -117 117 118 -120 -121 -122 -123 -124 125 -126 -127
leaf_value=0.013410064898915068 0.0026455476724889081 -0.00099176320447580033 -0.0044118520708210747 0.0038280074599004168 0.0020633021044514973 -0.002712387161467651 0.008541566285641497 0.0056858294044220279 -0.0084816904785301427 -0.00012477180240786639 -0.0069591156266128528 0.00048345859642550851 0.00047729205566109415 0.0055179505193088552 0.003271101952856605 0.0093067875620162326 -0.0092359075616939724 0.002320231431704105 -0.0032322128759912339 0.00084830293678473854 0.0044099420748587616 0.0015389433645752271 0.0073776082100812223 -0.0049998354766429623 -0.0031935011826838321 0.008053067483211284 -0.00025367818404652327 -0.011469100288379551 -0.0099781761703327063 0.00081497449209628104 0.0056986829257755266 -0.0019047244534670259 0.0043386724169585875 -0.0051706946421064453 0.0022878603381122583 0.0027336594252768422 -0.0084006234787996001 -0.0026366035126905662 0.0084840491167539073 -0.0053497113783622895 0.0027898806391370629 -0.0069283594024001915 -0.0032868031774827039 -0.0010314533686734074 0.0052660926524229004 -0.0057109083994007128 0.0061339284947748299 -0.0021285135447993001 -0.0010497293577838387 0.0037534020274567455 0.00030183741075212101 -0.0020258482962016121 0.0044036963972817009 -0.0049443923746272491 0.0038170510553543814 0.0023251155901281226 -0.0066710220282906298 -0.0092904117339699891 -0.002046854969918712 0.0013599572189464534 -0.0018936249481161052 -0.0041173573931614074 -0.0031484259726308286 -0.0027668258550400354 0.0030849507489871452 -0.0033982996904134057 0.009653416269413042 -0.0054259808421501625 0.0098234436092335641 0.0017448151550245791 -0.00021396222869220552 -0.002835129080098535 -9.1920080884906124e-06 0.005215085221109873 0.0034734680816464422 0.00063120737388375051 0.003537803382955835 -0.00098122465930103732 0.0072995670478499574 -0.0017081833439898161 0.00031913974126700901 0.004301604011103413 -0.0057488808491578018 -0.005316656232351614 -0.0084546080887444829 0.0045028932273667062 -0.002219186315617812 -0.0017588801157332162 -0.0012332492757572563 0.002118733552269712 0.001212618074733235 -0.0064158935484989708 -0.00081943065584728025 0.0030139372910797757 0.00049162669205655464 0.0022571543415149777 0.0027218712155843332 0.0072292652406354633 -0.00063684266327017683 -0.0030670313063932832 0.00066343615190865362 0.0031043343219405283 -0.0065569310927399019 0.00013020898566110391 -0.0089982174827104421 -0.001324178363587041 -0.0089333987396109857 -0.0055327459483060825 0.0058750667949987699 0.0087083128640735481 -0.0031158596858824358 0.010296805007676298 0.0016640401835285939 0.0038991284772179032 -0.0034349891529603205 -0.010670772574418104 0.0067041653684418393 -0.0036791744256108 0.0039531290480297214 0.0028505815835805394 -0.0075516394571525473 -0.0031572334221293095 0.00098131837124236011 0.00079403978844317877 0.0020828729177631501 -0.0025574149687792188
leaf_weight=244.80500660836697 522.86541548371315 310.34133695065975 148.10791699588299 522.3885183185339 112.63784876465797 700.06869038939476 174.43366782367229 126.68138134479523 415.88788256049156 172.68356463313103 199.63035415112972 143.0386673361063 101.41732169687748 183.90861980617046 531.6126914024353 443.29708988964558 219.19822581112385 502.14089965820312 142.719611749053 1051.2515079826117 165.42769926786423 519.75658994913101 102.87352003157139 152.94622056186199 287.65183220803738 215.59195747971535 385.56529335677624 544.78358933329582 112.4473462253809 449.41353033483028 427.23417729139328 701.96997581422329 738.24653644859791 121.22000053524971 298.34983214735985 119.44041728973389 330.6138987839222 152.4075580984354 162.50077170133591 129.19146171212196 187.14813327789307 146.19411447644234 103.96340051293373 101.44298908114433 115.97203394770622 178.22047886252403 109.2124205082655 544.1204332113266 6368.2784731984138 423.33858288824558 240.71885515749454 156.68045906722546 495.4307804107666 356.97426222264767 630.15355579555035 209.08903352916241 101.16634127497673 280.77702876925468 200.60744147002697 217.78201189637184 209.81951516866684 149.9084143191576 147.42268525063992 126.47342120110989 1410.151524707675 428.85059207677841 579.0178442299366 132.96104145050049 168.95514568686485 493.27655804157257 170.44269552826881 1171.3199875056744 207.10808666050434 955.56252627074718 461.10313120484352 174.45264479517937 274.12951728701591 1094.1004942506552 135.47815717756748 322.16725899279118 1002.241314843297 99.74700103700161 257.43942393362522 133.43848198652267 213.66810145974159 199.42846505343914 195.43831668794155 147.68994078040123 103.69636988639832 149.68273437023163 182.92128975689411 106.1885136961937 181.4415148794651 267.91518028080463 159.67781695723534 126.04025332629681 100.19667951762676 308.10443404316902 480.10363663733006 152.59495937824249 118.33312599360943 247.02007733285427 134.70020428299904 197.39988283813 213.34314124286175 184.41741661727428 225.74911557137966 198.36172126233578 105.94289560616016 179.12084272503853 160.66302391886711 219.66731536388397 104.95729348063469 147.18050803244114 755.85516750812531 100.09128919243813 147.94687056541443 123.70620852708817 149.95718458294868 132.45776146650314 109.96975588798523 298.39633944630623 118.3404690772295 406.65694835782051 584.34113162755966 2631.565608844161
leaf_count=983 2092 1242 593 2090 452 2801 698 507 1666 691 799 573 406 736 2127 1777 877 2009 571 4206 662 2080 412 612 1151 865 1545 2185 450 1799 1713 2810 2955 485 1194 478 1323 610 651 517 749 585 416 406 464 713 437 2177 25484 1694 964 627 1984 1429 2523 837 405 1124 803 872 840 601 590 506 5643 1716 2323 532 676 1974 682 4686 830 3825 1845 698 1097 4378 542 1289 4010 400 1030 534 855 798 782 591 415 599 732 425 726 1072 639 505 401 1233 1923 611 474 989 539 790 854 738 904 794 424 717 643 879 420 589 3026 401 592 495 600 530 440 1194 474 1627 2338 10528
internal_value=-1.54431e-06 0.00108531 0.00218088 0.00369445 0.00503914 -0.00162439 -0.0021717 -0.00406384 -0.00581618 -0.00120807 -0.00101588 -0.00692249 -0.000687311 -0.00270199 0.000120227 0.00442526 -3.76663e-05 -0.00200326 -7.37871e-05 -0.00132326 0.00107825 -8.96253e-05 0.000990597 3.46836e-05 0.00166641 0.00331773 0.00495536 -0.00746062 -0.002236 0.00255895 0.00639139 4.90205e-05 0.00277203 0.000748075 -0.00173042 -0.00276755 -0.00464499 0.001882 0.00230362 0.00156257 -0.000654733 -0.000855344 0.00282128 0.00518968 -0.00107382 -0.000517521 -0.000413287 -0.00130165 -0.000920924 0.000257738 0.00198264 0.00350222 0.00100685 0.00144553 0.000433497 -0.00227151 0.0020604 -0.00485105 -0.00647386 -0.00143069 0.00111869 -0.0100423 0.000873087 0.00249827 0.00119595 -0.000717189 0.00851007 0.00198057 0.00238257 0.000101525 -0.000188056 -0.00133088 0.00389178 0.00424765 0.000669345 6.20431e-05 0.000889515 -3.78975e-05 0.00233322 0.00139611 0.00194795 0.0111538 -0.00325792 -0.00289629 -0.00420748 -0.000557745 0.00122923 -0.00577049 0.00341496 0.00341234 0.00211196 -0.00163156 0.00354234 0.00596219 -0.00032263 0.0078757 -0.00196799 0.00512307 0.00159697 0.0030371 0.00561987 0.000713905 -0.00294558 -0.00396885 -0.00474252 -0.00344104 -0.00615677 -0.00145247 0.00151191 0.00464686 0.00345445 0.0056281 0.00776422 0.000271281 -0.00591685 -0.00450544 0.000797499 0.00287377 0.000487437 -0.00135754 -0.00340276 -0.00608716 0.00559797 -0.00152492 5.05265e-05 -0.00210657
internal_weight=45630.5 27332.2 12788.9 5611.36 4119.94 18298.3 11534.9 3870.53 2446.07 7664.35 1424.47 2109.57 6763.39 1562.95 14543.3 3775.39 1491.42 842.559 5200.45 2493.29 2707.15 13494.7 7177.55 3665.89 1905.49 2449.39 1235.74 1966.53 572.988 1617.84 1326 1224.84 1048.59 623.361 1760.39 1341.18 748.451 336.316 666.407 419.213 316.34 7010.28 379.84 275.877 6630.44 10133.7 9955.52 4275.9 6484.25 5679.62 3511.67 1352.96 2158.7 2010.6 1515.17 566.063 949.102 654.068 481.384 318.948 336.501 694.692 312.85 648.862 3361 948.607 691.656 2134.17 1991.45 626.238 4690.36 2005.8 634.342 1196.28 2684.56 2223.46 1791.57 1368.23 989.258 853.78 2412.39 344.552 431.892 1442.04 913.737 528.305 394.867 260.137 1364.7 1365.21 928.338 255.871 672.467 436.87 592.728 569.337 253.143 491.026 1213.64 733.54 333.925 399.615 294.378 1226.63 1029.23 815.888 327.166 488.722 290.36 915.285 736.165 428.321 324.625 307.844 1271.83 855.946 834.48 421.61 273.663 412.87 280.412 629.01 280.841 4166.68 1128.46 3038.22
internal_count=182639 109403 51212 22482 16515 73236 46171 15500 9799 30671 5701 8452 27065 6256 58191 15132 5967 3371 20809 9976 10833 53994 28730 14671 7626 9814 4952 7879 2293 6475 5318 4902 4197 2494 7045 5367 2995 1346 2670 1678 1266 28053 1520 1104 26533 40545 39832 17107 25948 22725 14059 5416 8643 8050 6066 2266 3800 2618 1927 1277 1347 2786 1252 2596 13449 3796 2775 8540 7969 2506 18767 8025 2543 4789 10742 8897 7169 5475 3958 3416 9653 1383 1728 5770 3656 2114 1580 1041 5462 5463 3715 1024 2691 1748 2372 2282 1013 1965 4862 2939 1339 1600 1178 4910 4120 3266 1310 1956 1162 3663 2946 1714 1299 1232 5093 3427 3339 1687 1095 1652 1122 2517 1125 16670 4515 12155
is_linear=0
shrinkage=0.02


Tree=22
num_leaves=127
num_cat=0
split_feature=9 230 231 9 214 13 30 231 230 13 62 163 123 140 125 230 218 182 136 70 194 175 204 182 62 42 230 60 222 222 201 201 177 214 104 81 27 140 35 24 71 156 30 214 214 230 146 141 156 64 171 236 79 139 190 179 70 191 30 171 226 176 98 97 194 59 182 35 222 176 136 135 215 175 175 61 232 214 136 118 212 98 194 231 231 60 102 97 218 115 101 102 35 24 217 135 123 61 201 79 161 60 232 236 27 3 226 156 79 222 30 152 222 63 139 148 203 171 19 135 230 110 66 22 226 215
split_gain=178.085 74.4535 70.9745 59.5989 25.3908 24.6938 24.3566 31.2398 69.5561 38.6508 33.3613 23.4145 22.6575 20.1104 20.3886 19.6984 18.7271 17.4373 23.1076 16.9411 15.9889 20.0767 18.5686 16.862 21.8195 15.2621 15.9347 15.1288 14.7217 14.6163 16.3599 27.2553 18.1675 25.325 14.6225 14.2889 23.981 18.9858 17.3317 15.1165 14.7204 14.0287 15.3766 13.6994 14.4299 13.6979 13.1131 15.9464 12.9558 12.6983 14.0544 14.3979 12.6052 12.523 14.1642 12.4823 14.5386 18.0662 13.1718 12.2893 16.4022 12.2164 12.0617 12.0091 11.8433 11.8235 18.612 16.9009 16.3946 14.3379 11.7357 14.0347 14.5403 25.1374 22.9785 17.2388 17.3359 16.0759 13.4877 12.1853 12.0751 11.807 11.7739 11.7327 17.2132 21.1164 20.6238 23.6331 18.4226 17.3877 16.2437 14.7512 14.7734 14.3072 14.2019 15.4646 13.5536 13.1877 12.8262 15.2159 12.181 11.9138 11.5976 11.5814 12.1669 11.5008 11.3707 19.2948 14.3067 11.5159 11.2565 11.119 11.8629 11.0376 18.2877 11.089 15.7591 10.914 10.8225 10.8061 13.3477 10.6843 10.681 10.6316 13.1348 13.514
threshold=3.5789851608569741e-05 -0.82535797357559193 0.01527100056409836 -9.9104676337447004e-05 0.0015208601253107192 -1.8748471120488827e-05 -0.00031196829513646657 1.0000000180025095e-35 -0.85149618983268727 1.2011783383059084e-05 0.00025743425067048525 0.005099647445604206 0.0013533046585507693 0.85655376315116893 0.0020610895007848744 -0.96868926286697377 0.0070125702768564233 -0.005456929560750722 0.0024774515768513088 0.9328390657901765 -0.00042781388037838036 0.00076878306572325539 -0.0072173024527728549 -0.0044926442205905906 0.00010187633961322719 0.00036642463237512862 -0.93279412388801564 0.0021244344534352426 0.24645090848207477 0.087922025471925749 -0.0064994057174772015 -0.0025652196491137143 0.0009295177587773652 0.0010209275642409923 0.00012433087977115068 0.00024725304683670407 -0.00016468699323013422 0.67767083644866954 2.7831626994156981e-06 4.7505700422334492e-05 -0.00051926678861491371 -0.0060823191888630381 -0.00018646108219400046 0.0017641984741203489 0.0016559161595068874 -0.31109040975570673 0.73485690355300914 -0.0041199959814548484 0.00085231097182258974 0.067315589636564269 -0.00016475963639095423 0.25996866822242742 -0.0016746213659644125 0.0016738731646910312 0.0012972870026715102 -0.0049007239285856477 0.39584989845752722 -0.0041657842230051747 -9.7600986919132979e-05 0.00035726177156902855 0.21730755269527438 0.00097783363889902852 0.0015255894395522775 0.66958218812942516 -0.011510241776704786 -0.85535281896591175 -0.0045417197979986659 -9.0455996542004851e-06 0.104775607585907 0.0011714859283529224 0.0020340926712378864 0.67837655544281017 0.00268390856217593 0.0010173208429478111 0.00074985969695262622 0.00016284261073451492 5.0000000000000009 0.0011484766728244724 0.0038713217945769434 0.0013764234608970585 0.0061310208402574071 0.0014475692878477278 0.0087508670985698717 0.77851521968841564 0.5860174596309663 0.0014150434872135522 0.49855864048004156 -0.20217048376798627 0.0017579153063707056 -0.00043344649020582432 0.00072574638761580001 0.26738548278808599 -6.4881144226092138e-06 4.984772021998652e-05 -0.0029366251546889539 -1.0185006856918333 0.0036791007732972507 0.0001411627672496252 0.0065272734500467786 0.00010574117914075033 0.0026238276623189454 0.0012868783669546249 1.0000000180025095e-35 -0.49985781311988825 -0.0001795213756849989 -0.00014790097338845951 0.23249487578868869 0.0028436214197427039 3.5349534300621606e-05 0.90737295150756847 -0.0003906974743586033 -0.00026248471112921829 0.48044407367706304 0.00022004805941833186 0.00077810228685848426 0.0017718478338792922 -0.00018691214063437653 0.00011269027163507418 -1.1298787740088299e-05 -0.76147446036338795 -0.64111331105232228 0.002129637286998332 0.00028136202308814978 0.00030353879265021538 0.23249487578868869 0.0025711053749546413
decision_type=2 2 2 2 10 2 2 2 2 2 8 2 2 8 2 2 10 8 8 8 10 10 10 10 10 8 2 8 10 8 8 10 2 10 10 2 2 10 2 2 10 10 2 10 10 2 10 8 10 2 2 10 10 2 10 10 10 10 2 2 8 10 10 8 10 10 10 2 10 10 10 10 10 10 10 10 2 8 10 10 10 10 10 2 2 10 10 10 10 10 2 10 2 2 8 10 2 10 10 10 2 10 2 10 2 2 8 10 10 10 2 10 8 2 2 10 8 2 2 10 2 10 2 2 10 10
left_child=1 2 3 4 27 65 12 8 9 11 -11 35 46 14 17 -6 25 41 49 59 22 -22 -20 -24 -25 55 -27 -1 -12 105 34 32 33 -32 -31 37 -37 38 -8 40 -40 42 -4 44 -17 -34 47 -2 61 118 -51 -52 -10 54 110 56 57 -5 111 70 -61 -23 -26 83 -45 66 69 68 -67 -3 113 72 75 74 -74 76 77 -72 -77 82 -79 -78 -75 84 86 88 87 89 -86 94 98 -89 -93 -91 95 -33 -92 -85 99 -88 -94 -95 -53 104 -96 -7 107 -16 -109 -110 -14 112 -57 114 115 116 -9 -65 -19 -97 -121 -117 -64 -54 -125 -126
right_child=6 5 13 16 15 29 7 19 52 10 28 -13 53 -15 106 43 -18 18 20 -21 21 48 23 24 62 26 -28 -29 -30 30 31 63 45 -35 -36 36 -38 -39 39 -41 -42 -43 -44 64 -46 -47 -48 -49 -50 50 51 102 123 -55 -56 58 -58 -59 -60 60 -62 -63 122 117 -66 67 -68 -69 -70 -71 71 -73 73 79 -76 78 81 80 -80 -81 -82 -83 -84 97 85 -87 90 91 -90 93 96 92 100 101 103 119 -98 -99 -100 -101 -102 -103 -104 -105 -106 -107 -108 108 109 -111 -112 -113 -114 -115 -116 121 -118 -119 -120 120 -122 -123 -124 124 125 -127
leaf_value=0.0086063737132283449 0.0052268383186656617 -0.0031537328462974586 0.0018556935276858966 0.0067368703647832599 0.0017501672817475935 -0.0017106270907851679 -0.0057350110442539268 -0.0019267334471314019 0.0016500117108120816 -0.0090156297860891597 0.0028030700323991987 -0.0081948141560640488 -0.0058823114223171373 -0.0025969885485422955 -0.00069341280692667828 0.0059450723021031819 -0.00089745089005419121 0.0019655567110200478 -0.0069196090859489825 -0.0027591719946259293 -0.0077118627000314815 0.003708212980884279 -0.0039554240060258065 0.0084161256465344319 -0.002847117902960143 -0.0031482303016048836 0.0042404723283657507 0.00055253867837426625 -0.0047256546142650175 0.0034710738048950962 -0.00062824950193630827 -0.0070509807606969127 0.0021256347606466489 0.011389283125840676 -0.0038612428239633901 0.001871592398465626 -0.0068360439633362016 0.003176225319261732 0.0056448272820812176 -0.0028356868755058042 -0.0029254595335071656 0.0044337123127949621 -0.0062850905260861427 0.0011863457890799289 -0.0025724968539393655 -0.0033720585634520162 0.007315961698552512 0.00013534979004970531 -0.0047264034373827738 -0.0034999639818927841 0.0047761399283435682 -0.0046094312323949598 0.00045028249479332739 -0.0065260794374254359 0.0012140512850130018 0.0051153174005420356 -0.0052784392118303738 -0.003318658333301141 0.0010204240705872579 0.0047015686894939096 -0.003819846812569343 -0.0033784515426029853 0.0051359035830034561 -0.0006892404939248686 0.0082728116137721162 0.0042780704995586229 0.0050006946006989541 0.0036805766824628693 -0.0009788706271399248 0.0045911145871997926 0.0025310581580239707 -0.0054382377450962549 -0.002303204225447985 -0.0011472790463546792 0.0068324128527073816 -0.007429925527735839 -0.0014500383348417752 -0.0077692216963728888 -0.00050336771766628036 0.0020935168572868419 -0.0018454704675193541 0.0068413678182151849 -0.0074270488983375861 0.0054655763531537794 -0.008069697016382207 -0.0088937096487242615 -0.0081354897032667288 -0.0011876348076915338 -0.00057357856378487495 0.0020337104565445728 0.0015477514907863547 0.0010038328088798122 0.010309731155708738 -0.0061972330197361805 0.0042092168267235924 0.0033806044528768317 -0.0052083811291404559 -0.0019276787457215539 -0.0086993377617845119 -0.0010514388180051279 0.0016640516802348083 -0.00038155591052369637 0.002227332561458482 0.005434856795779648 -0.0041562256144914425 0.0031852060577918905 -0.00082238718807940302 0.0082985578327802977 0.0051259178980993924 -0.0024658744291039627 0.00064065726840123905 0.0060372281674702334 -0.0015724602872625583 -0.0024129130909627521 0.0093804453847223454 -0.0037358239422204181 0.00548286652542337 0.0069263500670292176 -0.0061554649372832712 0.002274790136392688 -0.0042490164823983665 0.0019673876472394718 -0.0020852436650149152 -0.0021449113959550311 0.0043241134045448595 -0.0019524181138688777
leaf_weight=1092.1697053313255 295.90969350934029 250.85241757333279 378.66834409534931 150.36201271414757 832.66812965273857 251.60038259625435 355.85272169113159 156.91475605964661 572.87099859118462 1031.1947677582502 139.31265561282635 275.48018425703049 268.40653057396412 661.07328440248966 229.85232351720333 146.74587446451187 783.40531598031521 106.14252461493015 115.43836906552315 1215.6759434342384 294.57863759994507 227.12697377800941 196.61496296525002 162.1443896740675 238.8384532481432 319.87869623303413 158.17080599069595 104.94735261797905 293.71472203731537 106.71009315550327 113.66609913110733 130.98265862464905 780.76349471509457 155.15445299446583 964.28692424297333 161.42426705360413 463.46643443405628 319.240612372756 210.92340697348118 434.02219544351101 107.41832007467747 652.90237781405449 100.97025907039642 118.1070451438427 135.80275231599808 215.2001057267189 141.20243357121944 1117.8565651774406 257.34814502298832 129.43356940150261 716.48109871149063 122.41662107408047 1007.1481971740723 166.93380472064018 564.56246900558472 200.08059369027615 120.42911104857922 106.92558608949184 475.75736086070538 377.88381136953831 100.47267462313175 141.43364971876144 228.84831345081329 152.97435307502747 659.31905014812946 256.06898361444473 711.9378225505352 547.52492754161358 1671.8604610711336 127.92888030409813 249.12839959561825 250.54866577684879 142.45467001199722 579.55571395158768 366.38283118605614 309.33926741778851 101.46445882320404 157.93666753172874 175.42413535714149 320.15093007683754 706.45147836208344 159.9384384304285 133.95858964323997 196.21411406993866 145.47444143891335 226.95799034833908 148.72598302364349 231.46532517671585 649.64742404222488 153.22022090852261 425.6983505487442 252.95870073139668 195.22198182344437 469.42216640710831 107.46986323595047 231.46714597940445 141.97730880975723 159.97073489427567 213.97067157924175 458.42932327091694 106.23449817299843 201.72284452617168 307.55336824059486 289.43077422678471 133.22967356443405 667.43852005898952 203.56411266326904 405.03218649327755 199.10616844892502 110.66480183601379 161.44217811524868 993.03887937963009 190.85920466482639 265.12666694819927 100.47389957308769 254.41696739196777 336.92052114009857 122.22995261847973 125.16722056269646 191.96678391098976 295.20980678498745 234.42255643010139 108.70329113304615 4436.1152429133654 253.36859178543091 258.36280903220177
leaf_count=4384 1184 1004 1516 602 3337 1007 1424 628 2292 4135 558 1103 1074 2645 920 589 3135 425 462 4866 1179 909 787 649 956 1280 633 421 1177 427 455 524 3124 621 3858 646 1856 1278 844 1737 430 2614 404 474 545 861 565 4473 1030 518 2868 490 4030 668 2259 801 482 428 1904 1512 402 566 916 612 2645 1025 2850 2191 6690 512 997 1003 570 2319 1466 1238 406 632 702 1281 2827 640 536 785 582 908 595 926 2599 613 1703 1012 781 1878 430 926 568 640 856 1834 425 807 1231 1158 533 2671 815 1622 797 443 646 3976 764 1061 402 1018 1348 489 501 768 1181 938 435 17754 1014 1034
internal_value=3.56498e-07 0.0010918 0.00215724 0.00361239 0.0056298 1.17946e-05 -0.00142987 -0.00171035 -0.00239976 -0.00454734 -0.00708326 -0.00290548 0.000326738 0.000657294 0.00103855 0.00411292 0.00180902 0.000438545 -0.000266456 -0.0006437 -0.00168459 -0.00357883 1.09333e-05 0.000993442 0.0023805 0.00259067 -0.000631439 0.007921 -0.00228671 -0.000531538 -0.000795429 -0.000452552 0.00219487 0.00661625 -0.00308044 -0.00212327 -0.00459837 -0.000991196 -0.00222672 -0.000461828 0.00275096 0.0025708 -4.10352e-05 0.00590221 0.0019518 0.000894739 0.001895 0.00125907 -0.00145509 0.00158592 0.00236721 0.00307827 -0.00114215 -0.0017696 -0.000858198 0.0032786 -3.71178e-05 0.00261997 0.00394526 -0.000166024 0.00283029 0.000954815 0.000457318 -0.00101305 0.00725299 0.00142182 0.00313775 0.000646675 -0.000243885 -0.000438932 -0.000462759 -0.00105019 -0.00069715 0.000733795 0.00428442 -0.00187922 -0.000707566 -0.00180138 -0.00504263 -0.0010622 -0.00307905 0.00374871 -0.00249663 -0.0012112 -0.00144478 -0.00375767 -0.000890289 4.94022e-05 -0.00210941 -0.00101415 -0.00288536 0.00298344 0.00470556 -0.0032751 0.000364197 -0.00123227 -0.000261725 0.00221915 -0.00464984 -0.00299082 0.00755605 -0.00451087 0.000162479 0.0028746 -0.000384768 0.00183701 0.00339916 0.00430705 0.00589011 0.00242871 -0.00351286 0.00492184 0.00193268 0.0011208 0.00201383 0.00108854 0.00314513 0.00293327 -0.00256907 -9.53201e-06 -0.00169005 -0.00103102 0.00282388 -0.00141538 -0.00179542 0.00120098
internal_weight=45593.3 25862 13008.8 6588.67 3089.76 12853.3 19731.3 17015 10319.9 3792.05 1464.22 2327.83 2716.31 6420.1 5759.03 1892.64 3498.91 4610.81 3478.27 6695.04 1971.08 920.487 1050.59 935.149 738.534 2715.5 478.05 1197.12 433.027 9287.09 8368.05 7297.06 1264.78 268.821 1071 2052.35 624.891 1427.46 1108.22 752.364 318.342 1132.54 479.639 1059.97 282.549 995.964 1554.97 1413.77 625.909 1507.19 1275.88 1146.45 6527.87 1161.34 994.411 2237.45 377.717 257.288 1859.74 5479.37 478.356 368.561 576.39 6032.27 777.426 3566.17 1090.72 2475.45 1927.93 378.781 5001.01 3652.73 3402.19 1542.5 508.838 1859.68 1374.92 1113.52 484.763 1033.67 864.388 261.403 713.514 5757.07 5400.88 1022.08 4378.8 2990 795.122 2204.12 1388.8 785.881 554.415 824.365 1379.76 849.626 567.676 356.185 821.126 607.155 301.456 671.145 429.97 530.13 240.7 919.039 1148.22 944.655 714.803 309.771 429.849 1383.98 390.94 1348.28 1083.15 982.675 493.835 275.204 231.31 718.644 487.177 488.84 337.552 5954.99 4947.85 511.731
internal_count=182500 103527 52098 26400 12395 51429 78973 68104 41312 15188 5870 9318 10869 25698 23053 7590 14005 18456 13922 26792 7889 3684 4205 3743 2956 10870 1913 4805 1735 37157 33479 29194 5061 1076 4285 8215 2502 5713 4435 3011 1274 4534 1920 4253 1134 3985 6222 5657 2505 6033 5107 4589 26124 4647 3979 8957 1512 1030 7445 21926 1914 1475 2307 24133 3119 14272 4366 9906 7715 1516 20012 14617 13614 6172 2036 7442 5502 4456 1940 4136 3459 1046 2855 23032 21607 4089 17518 11962 3181 8818 5556 3144 2218 3298 5520 3399 2271 1425 3285 2429 1206 2685 1721 2121 963 3678 4597 3782 2862 1240 1720 5541 1565 5395 4334 3932 1976 1101 926 2875 1949 1956 1351 23832 19802 2048
is_linear=0
shrinkage=0.02


Tree=23
num_leaves=127
num_cat=0
split_feature=7 231 11 231 231 101 11 1 97 1 138 231 101 30 214 108 103 209 83 173 63 217 108 209 212 148 212 73 152 62 63 63 231 100 152 211 30 110 101 195 195 25 179 209 130 152 5 190 185 209 211 231 231 155 110 110 213 139 171 32 98 25 139 205 117 231 231 231 212 111 212 73 190 133 80 138 213 62 190 102 25 215 166 11 214 229 133 133 148 73 189 2 62 231 231 69 214 108 139 108 152 171 76 98 229 175 152 29 108 139 214 57 154 76 99 179 63 59 108 57 138 110 212 106 117 106
split_gain=212.758 53.8931 53.9592 76.5852 80.4352 30.0369 26.1431 21.8941 21.5127 22.0579 21.0475 18.9994 18.0325 17.2854 17.3192 20.0289 16.8307 21.0654 16.0787 16.1312 16.74 19.072 15.7535 15.5697 15.3396 14.0443 15.6897 15.5501 17.4915 13.8545 13.7692 13.6664 13.4183 17.9981 13.2393 16.8178 12.9574 12.6737 12.501 13.9107 12.989 19.9466 15.7369 12.4693 13.5519 12.4626 12.1832 12.1231 17.8632 14.247 19.3818 12.4162 17.2227 12.622 12.1175 12.1074 12.0029 14.2451 11.8747 12.1848 11.6171 11.3491 14.2034 13.2075 12.7764 11.221 30.7693 14.0123 20.5872 14.3865 13.4806 13.8365 12.6248 11.7416 11.0968 11.0895 13.7881 13.7166 15.6793 14.4063 14.6553 17.3011 14.8103 13.1312 13.0781 13.6976 16.7642 14.7919 11.5169 20.0291 20.377 11.2745 11.0543 11.0224 11.8417 12.9331 11.8447 11.0106 11.3117 11.0006 13.189 12.4592 11.8712 10.9136 14.1708 12.3317 11.9319 10.8416 10.8277 15.6092 11.3956 10.8188 15.4255 10.7054 10.9338 10.6878 10.6416 10.5356 10.5278 10.5045 10.5921 10.501 10.4612 10.4285 10.3876 10.3253
threshold=4.9208983909920796e-05 0.48289918899536138 -5.6338794820476317e-05 -0.55375361442565907 0.01527100056409836 0.00054550712229684006 -0.00017747376114130017 -0.00024889316409826273 0.3085551410913468 0.00026714122213888919 0.00076164316851645719 0.32350382208824163 0.00027544214390218263 -0.00031859218142926688 0.0010863995412364604 0.33158084750175482 -0.0016971752047538755 -0.00015450682985829187 0.00032440757786389446 0.40864486992359167 0.0001601467374712229 -0.0026919411029666658 0.82702898979187023 -0.00050225722952745844 0.0085298004560172575 0.0083546224050223845 0.018936555832624439 7.8847615441191027e-06 0.0010706300381571057 0.00011982303112745286 0.00027255286113359039 0.00030874737421981996 0.19722913205623629 0.00019680738478200513 3.636264591477812e-05 0.085003007203340544 -0.00034330502967350179 0.0055874541867524394 0.00027544214390218263 0.0017879899241961541 -0.0002385245243203826 6.4198353356914608e-05 -0.0019013205310329793 -0.00023796925961505619 1.0000000180025095e-35 0.00012065839837305249 3.1690173273091211e-05 0.00034983045770786708 -0.012763891834765671 -9.6428764663869502e-05 -0.17262645065784452 0.18437977880239489 -0.8153785467147826 -0.0043563188519328824 0.0078786974772810953 0.0045011320617049941 0.0019378370488993826 0.00075523031409829866 0.00013861844490747902 0.53575551509857189 0.00056236001546494674 5.3137931899982511e-05 0.0007836840522941203 0.047785857692360885 0.0012296011555008592 -0.75039777159690846 0.093673683702945723 0.5056561827659608 0.010132460389286281 2.9278321562742352e-05 0.016247752122581009 -4.6317925352923331e-06 8.7870615971041857e-05 7.0823487476445748e-05 0.0020137907704338436 0.00073727560811676096 0.0012920327717438342 0.00031178191420622175 -0.00082632087287493039 0.50634926557540905 0.00013317914272192868 0.0025000663008540873 0.00039183936314657336 -0.00024556691641919309 0.0014020804665051403 0.053527126088738448 0.00020032855536555874 1.4620128695241876e-05 0.0014438891666941347 -5.75568301428575e-05 0.35000000894069677 -0.00016758735728217286 0.00038842056528665131 -0.050157042220234864 -0.31109040975570673 0.00054771927534602593 0.0023867929121479396 0.96634066104888927 0.0015168388490565123 0.90326982736587536 0.00062460248591378342 -5.8404957599123002e-05 5.7587763876654214e-05 0.0016433965065516534 0.20498624444007876 0.00091095661628060054 0.00099814811255782864 0.92189845442771923 0.058584325015544898 0.00078618206316605221 0.0013021909981034698 3.7773617805214606e-05 -0.00093385597574524571 4.9429713726567579e-06 0.00020956039952579888 -0.0013155619963072238 0.00018959299632115292 0.71348533034324657 0.47898654639720922 1.5180245554802242e-05 0.0005684110219590367 0.0034869643859565262 0.0050592976622283467 -0.0013421553885564206 0.00053911053691990684 -0.0053652122151106587
decision_type=2 2 2 2 2 2 2 2 10 2 8 2 2 2 10 10 8 8 2 8 2 8 10 10 8 10 10 10 8 10 2 2 2 10 10 10 2 10 2 10 8 2 10 10 2 10 2 10 10 10 8 2 2 10 10 10 10 2 2 2 10 2 2 8 10 2 2 2 10 10 8 10 10 2 10 10 10 10 10 10 2 10 2 2 8 2 2 2 10 10 10 2 8 2 2 10 10 10 2 10 10 2 2 10 2 10 10 2 8 2 8 2 10 2 10 8 2 10 8 2 10 10 10 10 10 10
left_child=1 2 3 30 5 6 -5 -7 9 47 -11 12 -4 14 -14 -16 125 23 19 24 -21 -22 60 31 32 27 -27 -17 -29 113 46 -18 33 -15 123 -36 -8 55 -6 40 41 42 45 -43 -45 -40 -1 48 92 51 56 52 107 -54 -24 -30 57 -51 59 -55 -3 64 63 -63 -20 70 97 68 72 73 71 -10 -68 -70 -41 77 -77 79 -79 80 81 119 -82 -83 -78 88 87 -87 89 90 -86 -81 -2 94 96 -96 -52 98 -67 101 -101 118 -103 -73 106 -106 -105 -50 109 110 -62 -95 -113 -26 -115 -38 -23 -53 -69 120 -32 -12 -13 -19 -71 -9
right_child=8 22 11 4 38 7 36 16 65 10 121 122 13 18 15 25 17 34 61 20 21 116 54 -25 29 26 -28 28 37 -31 75 -33 -34 -35 35 -37 115 -39 39 74 -42 43 -44 44 -46 -47 -48 -49 49 50 93 117 53 58 -56 -57 -58 -59 -60 -61 108 62 -64 -65 -66 66 67 99 69 124 -72 103 -74 -75 -76 76 84 78 -80 91 82 83 -84 -85 85 86 -88 -89 -90 -91 -92 -93 -94 111 95 -97 -98 -99 -100 100 -102 102 -104 104 105 -107 -108 -109 -110 -111 -112 112 -114 114 -116 -117 -118 -119 -120 -121 -122 -123 -124 -125 -126 -127
leaf_value=0.0026807944629747556 0.0038787971755128805 0.0044557042771035818 0.0050460148321716924 0.010440485829194933 0.0074105564821657444 0.0097471691181178714 0.01011602806769234 0.00066183466149369763 -0.0056692345594461981 -0.0070097744348846724 0.00044023270090427064 -0.0023694346236037243 0.0057497728788685389 0.0044046080993434848 0.0043014522881596583 0.0031413882256344679 -0.0012631948029550343 0.00058776972603620341 -0.0010892069379272119 0.0060576728779306371 0.0058894607850779445 -0.0064827443686632851 0.0026403964514089395 0.0088077906766190223 0.0061924066894606927 0.0054574300856534211 -0.0026826443804623605 -0.0028696392018307411 0.00086337576888978332 -0.00052375729417245616 -0.0024021166389653291 0.0068233130719428147 -0.0081530533029235651 -0.0024289348366295072 -0.0029659698724848606 0.006190960488723786 0.0054677922604841334 -0.0031856917945453757 -0.0041843065419080016 0.0043794277928796421 -0.0013499963799492862 0.0014657991408623798 0.0049769145366101372 0.0085244848738874925 0.00016713955070083507 0.003189347504965447 -0.0035236123684269033 0.00035612456434126706 -0.0023780593670761499 -0.00070309496150173373 -0.0027089862753109746 -0.0017039472789708286 -0.0012821555587171759 -0.00081069023768929477 -0.0038563952129336099 0.0089474808155114334 -0.0028304041410686571 0.0050931460780021774 -0.00072208089609712657 -0.0082234837064840676 -8.563729071569996e-05 0.0057041567899710453 -0.0022996475231348646 -0.0012434655645386576 -0.0069366922676576412 -0.0059476032040550984 -0.0057217098421331802 -0.0038913738362571148 0.0018500278006672432 0.0039814595013508876 -0.0045413525084789979 -0.0054046622714740908 3.5614585311296685e-05 0.0095745075509736152 -0.0022224078536996071 0.0047934571741747737 -0.0044328414664745524 -0.0095676779433464584 -0.00085113929231197389 -0.00012122075362570925 0.0002561267019535752 -0.0057004423425122451 0.0075795860943574378 0.001857333698126451 0.0092255263105720017 -0.00014182767770151179 0.0014499828424228384 -0.0097402194840388173 0.0026925043333035519 -0.004005249660426393 -0.001190794333160074 -0.006753441669363848 -0.0030144641212044251 -0.0014267990009023252 -0.0011115898724348454 -0.0099690270563074189 0.0031380888280779385 -0.00090602872655532048 -0.00046748227639765565 0.0026264531920947303 -0.0050731892336815798 -0.0018963939489515893 -0.0088806188950056215 0.0048928590393276933 -0.0041797724822515486 0.001353855332561178 -0.0019899477717776775 0.0035093255741131262 -0.0019599043847899518 -0.0027884513941680996 0.0088768159041702765 0.0071117418598985052 -0.0019660593078600513 -0.0023115246080680101 0.0053025910515078489 0.00033477322821146808 0.00030987737233513713 0.0042364024990830078 0.00317462279682681 0.0056459446750525034 0.0029425943904210486 -0.0044362622216108155 0.0038744287742657423 -0.0046580265127891349 -0.0027630337500024332 0.0069230732721688292
leaf_weight=1609.2745586633682 374.86474257707596 111.71715320646763 260.82813809812069 730.91414058208466 112.09550814330578 228.78787572681904 156.49696201086044 132.3995304107666 155.13421694934368 460.33750794827938 432.17390628159046 110.20305803418159 272.62014438211918 159.90913920104504 472.30531644821167 307.405174061656 196.83219011127949 375.13755585253239 277.37426905333996 304.81112939119339 148.94911396503448 123.70269830524921 689.80098266899586 237.68920582532883 241.64107036590576 298.67808842658997 120.46531933546066 1199.1823841631413 206.70730492472649 1290.1738024204969 308.12053090333939 119.16958121955395 116.96412964165211 1106.3739316612482 103.52241860330105 230.78293909132481 481.98734419047832 129.4741435199976 420.97160302102566 667.85039138793945 1010.7746199965477 612.83660316467285 113.66479942202568 252.68178533017635 109.62440672516823 99.918652191758156 120.22712083160877 2371.2410742640495 478.09138482809067 265.07158282399178 898.73644396662712 530.32255773246288 284.82205337285995 107.96057465672493 118.7231477946043 99.980218172073364 164.67899787425995 430.28798104822636 138.62677483260632 635.78616908192635 99.928868278861046 181.93535044789314 1136.4212617725134 226.44246758520603 327.86429949104786 1749.4698161184788 298.80565650761127 222.07073949277401 218.92283414304256 113.92767785489559 389.43542827665806 100.41139744222164 291.32034978270531 115.20161573588848 106.88652472198009 315.64299017190933 180.69139523804188 124.96031919121742 201.91215872764587 199.15650816261768 235.87787824869156 309.88271377980709 190.16761112213135 116.23099005222321 106.94598235189915 114.23422399163246 267.68269979953766 128.47247871756554 1311.9585944414139 312.3975937962532 174.4405986815691 192.95279280841351 105.45493505895138 658.31645593047142 115.64759095013142 152.82015021145344 145.9274524897337 246.56780727207661 168.59138184785843 218.86346669495106 121.87770418822765 159.10645543038845 298.7121092826128 400.97823123633862 269.29356092214584 347.54010315239429 120.17164061963558 147.93323722481728 3482.8273781090975 170.68086031079292 110.17845447361469 149.46147315204144 121.71175420284271 183.93372136354446 99.967673629522324 243.79593589901924 252.92715674638748 132.68621237576008 111.42336244881153 153.69812072813511 250.66445742547512 275.03547449409962 784.49712108075619 230.08416382968426 269.07687875628471 598.80165569484234
leaf_count=6441 1500 447 1044 2936 449 919 628 531 621 1844 1730 441 1091 640 1890 1230 789 1504 1110 1220 596 495 2760 953 967 1195 482 4798 827 5162 1233 478 468 4427 415 925 1931 518 1685 2675 4046 2454 455 1012 439 400 481 9489 1913 1061 3597 2122 1140 432 475 400 659 1722 555 2546 400 728 4547 906 1312 7010 1196 889 876 456 1559 402 1166 461 428 1263 723 500 808 797 944 1240 761 465 428 457 1071 514 5250 1250 698 772 422 2634 463 612 584 988 675 876 488 637 1196 1605 1078 1391 481 592 13935 683 441 598 487 736 400 977 1012 531 446 615 1003 1101 3139 922 1077 2402
internal_value=4.11177e-05 0.00104115 0.00141398 0.0022026 0.00358998 0.00549805 0.00762826 0.00404689 -0.00181981 -0.00121616 -0.00376983 0.000316801 5.28719e-05 -9.7917e-05 0.00111469 0.000631681 0.00337897 0.002114 -0.000709211 3.80767e-05 0.00248781 0.000271281 -0.000900429 0.00513407 -0.000609332 -0.000132116 0.00310228 -0.00085443 -0.00163443 0.000598522 0.00067941 0.00201099 -0.00218075 -0.00151091 0.000264271 0.00334803 0.00511872 0.00173858 0.00135912 0.0011171 0.000410815 0.00151948 -0.00121832 0.00328973 0.0061368 -0.00270424 0.00221414 -0.00085355 -0.00132813 -0.00164922 -0.000740656 -0.00278165 -0.00363834 -0.00505557 0.00161635 0.00388522 0.00178428 0.00292573 -0.00621818 -0.00719687 -0.00141783 -0.00209714 -0.00115921 0.00197356 -0.00437742 -0.00271844 -0.00324031 -0.00167902 -0.000257693 0.00199558 -0.00134988 -0.000406353 -0.00297156 0.00490365 0.0034356 0.000162049 0.000977257 -0.000877101 -0.00454291 -0.000224965 0.000643698 -0.000551088 0.00371828 -0.00364806 0.000480309 0.000881116 -0.00197602 -0.00557729 0.00165888 -0.000638222 0.00311761 -0.00355423 0.00230537 -0.00171617 -0.00288177 -0.00649512 -0.00184861 -0.00496825 -0.00547571 -0.00328734 -0.000256164 -0.00455408 -0.00663435 0.000332554 0.000923388 -0.00111738 0.00329087 -0.000921263 -0.00160974 0.00153097 0.00497724 -4.34641e-05 0.00318214 0.00327184 0.000542089 0.00379879 -0.00213553 -0.000425881 -0.00148452 0.00135015 1.42919e-05 -0.0015261 0.00307036 -0.00149171 -0.000658805 0.00583715
internal_weight=45689.8 29724.9 24941 14499.3 7573.71 4066.4 1613.19 2453.21 15964.9 9578 1167.55 10441.7 9547.04 9286.21 3106.82 2834.2 2224.42 1493.22 6179.39 4029.35 830.39 525.579 4783.86 553.691 3198.96 2361.89 419.143 1942.75 1635.34 1815.72 6925.59 316.002 1383.25 1266.28 939.527 334.305 882.28 436.162 3507.3 3395.21 2620.47 1609.7 634.555 975.143 362.306 520.89 1729.5 8410.45 6039.21 5558.89 3102.66 2456.23 1793.22 1167.2 808.524 306.688 860.039 695.36 882.374 743.747 3975.33 2150.04 1544.8 408.378 605.239 6386.9 4603.94 2439.31 1307.26 717.129 1782.96 1393.53 590.126 334.124 774.737 5196.09 2912.47 2283.62 326.872 1956.75 1564.64 1138.6 426.045 426.114 2596.82 2416.13 510.389 242.707 1905.74 593.784 281.387 392.109 480.32 2242.62 1313.13 268.468 1044.66 2164.63 1918.06 1132.05 340.741 791.313 457.819 1238.39 1137.98 616.834 521.15 626.025 3863.62 380.788 210.107 929.49 271.173 525.542 283.901 725.783 376.63 663.009 333.494 712.483 558.785 707.209 894.7 605.222 383.005 731.201
internal_count=182897 118989 99848 58067 30353 16310 6472 9838 63908 38334 4675 41781 38201 37157 12431 11340 8919 5986 24726 16123 3323 2103 19141 2220 12800 9450 1677 7773 6543 7265 27714 1267 5535 5067 3766 1340 3536 1745 14043 13594 10491 6445 2540 3905 1451 2085 6922 33659 24170 22248 12417 9831 7178 4673 3235 1227 3442 2783 3533 2978 15906 8603 6181 1634 2422 25574 18437 9764 5232 2870 7137 5578 2362 1337 3103 20792 11654 9138 1308 7830 6261 4556 1705 1705 10391 9668 2042 971 7626 2376 1126 1569 1922 8975 5256 1075 4181 8673 7685 4532 1364 3168 1833 4957 4555 2469 2086 2505 15459 1524 841 3719 1085 2103 1136 2908 1507 2653 1335 2851 2236 2831 3580 2426 1533 2933
is_linear=0
shrinkage=0.02


Tree=24
num_leaves=127
num_cat=0
split_feature=9 231 231 231 9 76 5 231 231 109 231 9 95 193 152 232 194 229 27 95 118 231 98 61 229 144 156 97 5 101 33 95 81 114 81 149 47 0 188 229 203 74 221 202 177 156 136 214 148 156 194 108 113 145 152 144 59 3 181 121 177 229 0 27 147 141 205 28 156 23 150 41 28 214 193 76 61 170 188 87 188 177 191 221 32 149 141 76 30 103 194 33 156 163 35 150 105 231 151 76 74 41 59 28 152 143 152 2 23 5 191 157 180 59 67 91 178 119 152 97 57 152 67 188 74 188
split_gain=211.451 46.1681 67.2788 66.5362 34.2124 23.247 22.5481 22.7494 57.6434 23.5562 25.0689 27.9308 19.1456 19.1094 16.6167 17.0322 15.6891 15.6023 15.4555 20.8286 18.3425 16.837 15.6923 20.5621 22.7569 20.1763 14.9911 22.2121 14.4159 18.1367 14.308 13.8056 19.8326 21.8789 17.7443 13.5186 13.4717 13.4883 13.41 13.1547 14.1628 14.541 13.0854 19.0409 17.3387 24.8536 18.8946 18.1929 15.99 14.7272 14.4119 13.022 12.9594 12.8541 12.5276 13.277 12.5086 13.7791 12.1594 11.8914 11.8021 11.7126 11.6881 12.6817 12.1855 12.1427 11.6847 11.6338 11.6333 16.1747 11.6227 11.5795 12.5213 11.5657 12.0029 13.1335 11.4774 11.4213 16.8949 15.4783 13.0747 11.3802 11.2995 11.2656 11.2108 11.0986 14.5018 13.1692 11.0827 10.9312 15.0218 10.6429 13.9887 10.6641 10.6292 10.6032 10.3555 10.3308 14.1003 12.9536 12.6665 12.5589 12.9445 10.3277 10.2706 10.112 10.0958 10.0882 10.0592 10.0427 10.2201 9.99643 9.90354 13.5486 10.1159 12.5155 12.3869 11.5171 10.6816 10.6602 10.0054 9.87248 10.0823 9.84829 9.81702 11.1977
threshold=-7.8199291237979179e-06 0.48289918899536138 -0.56099891662597645 -0.23132287710905072 -6.7820397816831232e-05 0.00039527131593786185 2.6935184905596546e-05 -0.74168145656585682 0.02835773024708033 -0.0083135683089494688 -0.53176689147949208 8.2219252362847342e-05 -0.00018543514306657014 -0.0041703244205564252 0.00010048468175227755 5.0000000000000009 -0.0062096992041915646 -0.073170356452465043 -0.00032580977131146932 1.1908079159184128e-05 -0.001449351431801915 -0.14133286476135251 0.0019213785417377951 9.8867541964864372e-05 -0.092898488044738756 -0.0018397575477138159 0.00043434777762740856 -0.17990812659263608 -1.5319506019295656e-05 0.00056434105499647569 -0.00023628171766176817 5.1776913096546202e-05 -5.0843444114434526e-05 0.0003977736050728709 0.00022040440671844411 0.00016515688912477347 0.00020476329518714922 -0.00019269979384262112 -0.067089725285768495 -0.26701496541500086 -0.00017868501890916375 -0.25261594355106348 0.0027270038845017557 1.0000000180025095e-35 0.0013351114466786387 0.00043434777762740856 0.0054561477154493341 0.0015985050704330208 0.0010125568951480093 0.00036869589530397212 0.0034002661705017094 0.59018465876579296 0.25000000745058065 0.0011756054591387512 -0.00034810959186870599 -0.0034933019196614619 0.6536383628845216 4.9855218094307936e-05 0.066939789801836028 -0.00014673037367174399 0.0018039161805063488 -0.14109790325164792 0.00010621080218697899 -0.00065466275555081655 -0.0010274860542267559 -0.00055232105660252262 0.45055061578750616 6.3094365032156943e-05 0.001729915209580213 7.4753581429831697e-05 0.10236745327711107 0.00068561109947040688 0.00020566621242323893 0.0010717314435169103 -0.0065627205185592166 4.248993354849518e-05 0.00011883343177032658 1.0000000180025095e-35 -0.071932170540094362 -0.0026628324994817372 -0.023460604250431057 0.001091052661649883 -2.4365546778426502e-05 0.012402037158608438 0.1904963552951813 8.1078851508209495e-05 -0.00060409225989133109 -0.00049961483455263067 -0.00032454449683427805 -0.0012072885292582212 0.010607776232063772 -0.0016992387827485798 -0.00106559123378247 -0.0046369873452931634 1.9537294974725231e-05 -0.083024181425571428 0.53349590301513683 -0.70864605903625477 0.35000000894069677 0.00016917855100473392 -0.12670836597681043 0.00022244460706133398 0.69587063789367687 0.00023695136769674721 -7.1653954364592196e-05 0.43367315828800207 9.5306175353471203e-05 -1.4882622508594066e-05 9.3280974397202967e-05 4.3863330574822619e-05 0.0047556655481457719 0.0006302742986008526 0.00027606662479229277 -0.85535281896591175 0.49656353890895849 0.02500947751104832 0.89098763465881359 -6.7079101427225382e-05 0.000131175977003295 -0.68039429187774647 -4.6921526518417516e-05 0.0002878184750443325 0.68723374605178844 -0.031355306506156914 -0.25833085179328913 0.06874242797493936
decision_type=2 2 2 2 2 2 2 2 2 8 2 2 2 10 8 2 8 2 2 2 8 2 10 10 2 10 10 10 2 2 2 2 2 2 2 10 2 2 10 2 10 10 8 10 2 10 10 10 10 8 10 8 10 10 10 10 8 2 10 2 2 2 2 2 8 10 8 2 10 2 10 10 2 8 8 2 10 2 8 2 10 2 8 10 2 10 10 2 2 10 8 2 10 2 2 10 10 2 8 2 10 10 10 2 10 10 10 2 2 2 8 2 10 10 10 2 10 2 8 10 2 10 10 10 10 10
left_child=1 2 13 4 62 18 36 35 9 108 26 83 -10 73 15 60 -6 -16 20 30 53 38 23 25 81 -23 -11 -28 29 104 66 32 54 -34 -35 85 77 103 -21 -30 -41 111 48 49 45 47 51 -45 76 106 95 59 -31 -5 -14 -56 57 67 -33 -46 -13 -50 63 -4 -65 -66 -20 88 -52 -70 -58 121 -73 -1 91 -76 -3 78 79 -2 -79 -25 -22 -12 -24 87 94 -8 -39 90 -43 -75 93 124 -87 -47 -48 99 100 -80 -99 107 -103 -38 -15 -32 -44 -100 -9 -19 -111 -42 -54 -114 115 117 -117 118 119 120 -115 -69 -123 -106 -93 -126
right_child=6 42 3 5 16 -7 7 8 12 10 11 14 31 28 17 -17 -18 109 19 21 82 22 84 24 -26 -27 27 -29 39 52 105 58 33 34 -36 -37 37 56 -40 40 41 89 43 44 46 50 96 -49 61 -51 68 -53 112 -55 55 -57 70 -59 -60 -61 -62 -63 -64 64 65 -67 -68 71 69 -71 -72 72 -74 74 75 -77 -78 80 97 -81 -82 -83 -84 -85 -86 86 -88 -89 -90 -91 -92 92 -94 -95 -96 -97 -98 98 101 -101 -102 102 -104 -105 123 -107 -108 -109 -110 110 -112 -113 113 114 -116 116 -118 -119 -120 -121 -122 122 -124 -125 125 -127
leaf_value=-0.0034993985732041837 -0.0054330497297643277 -0.0039666350544902487 0.011971145326732206 0.0097933396742471823 0.007135851944388958 -0.0057789654586757715 0.0059114529065876298 0.0061237073996100516 0.0049642231366636902 -0.003984020028671079 -0.00060842303836413161 -0.010108903615761446 -0.0047506508154142504 0.0049826237044945151 0.0025028607757601757 -0.0029728331594505797 0.00043719490020880189 -0.00043682608398639577 0.0014424128336148259 0.0083416395231065265 -0.0014047792388672104 -0.0046333907738624856 -0.0068325348279941337 0.00097230682977962818 -0.0018105035362695593 0.004481383180531073 0.0057545502663124059 -0.001973040955111091 0.0043202699839369587 0.0044579327201072988 0.0010985888302157847 0.0033704501685796039 0.0019691247075574124 0.0029635801439157651 -0.0059171595059236068 -0.0026973487933264527 -0.00050404367373303738 0.00080288423894689387 -0.00057313543383929891 -0.0061584986924887843 -0.0062870758734623992 0.0029769188009689707 0.0070199668932277894 -0.006200817933913967 -0.0051588483927765298 0.0091001994615382033 0.0056825349664899735 0.0018147915740884671 -0.0081953291399831478 -0.00015946281015012453 -0.0045844247253275265 -0.0091638771395025596 -0.0051881134386213409 0.0034419512347395372 0.0038358425364965467 -0.0022331300882068648 0.00050307378310388679 -0.0045287528770488186 -0.0029264481647870428 0.0025732643432705765 -0.0030649572105322736 -0.0014638454352932956 0.00048574703658956365 0.0070839497572542619 -0.0014890066773980055 0.0064322117497316025 0.0066189519499586661 -0.0012522068456123781 -0.001044282277992284 0.0078365387216931277 -0.0030537569171611529 -0.0053457130855178482 0.0022740487930846803 0.0065105223286244978 0.0061438429458948712 0.00020102345818620565 0.002194499808321509 -0.0012984253554902761 -0.0075058747028294232 0.0016386494883948459 0.0061174027813442515 0.0082635380949923828 0.0033156795922310747 -0.0070201846465097395 -0.0011372594897777449 0.0070101233700224901 -0.0021148197112408232 -0.0007964722114341703 -0.0046073962498594558 -0.0023815116147266262 -0.0033169640839105807 0.0046878392874598399 0.0052739099650670239 -0.0060184065321657911 0.00054256938186981801 0.0010406450581357594 -0.0026646400780217789 -0.0011432045704708319 -0.0028492357085914462 0.00010290349195670648 0.007054433640490413 -0.0064052846805112843 0.0014742142069437184 0.0074438874719691666 0.0032154174708419136 0.007077053646123023 0.0005357150207489016 0.0015774091498143114 -0.0016485398357199317 -0.0069451449514707688 -0.00046068054833210979 0.00036416702424165007 0.0027313531122291406 0.0011006053683675194 0.00092850419843340211 -0.0048638869979748351 0.0020798778321174339 0.0045277339410826354 -0.0052478983598864253 0.001474818482451141 -0.006815951091420842 -0.0024772633207564908 0.0041371497441431418 -0.0021528595834758974 0.0012511956336184074 -0.0049670259460861243
leaf_weight=110.15636414289474 112.724878013134 173.41436193883419 199.15299317240715 258.62039124965668 158.57709923386574 136.84614570438862 102.69738787412643 108.70499004423618 199.45543129742146 809.46576370298862 609.95512457191944 816.74107387661934 477.33440700173378 501.62809312343597 105.81094804406166 243.90634310245514 658.93277171254158 153.51689030230045 2381.9274001270533 135.00182607769966 261.88988499343395 381.49146081507206 222.09740716218948 135.58886905014515 242.89367020130157 110.65867120027542 176.1946114897728 595.79686817526817 133.20870803296566 225.13664031028748 168.34904529154301 115.9504953622818 1596.330504283309 115.95736010372639 269.57620970904827 894.61492070555687 133.72813691198826 193.2226090580225 115.27210931479931 237.94644927978516 277.95337525010109 592.15969134867191 292.64457221329212 272.17238262295723 214.20593370497227 165.93932102620602 100.72557745873928 172.95806980133057 236.43655149638653 426.81416641175747 113.72687640786171 201.7090862840414 138.2076635658741 298.06404428184032 180.4356959015131 495.83936652541161 1689.4919319599867 778.14902155101299 1653.1690147072077 105.48286305367947 132.03868266940117 190.7048178166151 117.39117024838924 1623.3581535816193 150.34469220042229 127.44349886476994 170.99124643206596 438.85929301381111 204.44657936692238 112.71442571282387 448.29194012284279 268.43681605160236 109.72361668944359 113.41063264012337 557.96152268350124 202.16498082876205 302.82794323563576 138.95713859796524 199.46819996833801 1958.2475911825895 244.91710138320923 243.48788225650787 755.0503613203764 114.92508009076118 345.59384129941463 242.14344826340675 178.86054559051991 2585.1921560913324 601.07008224725723 459.16315266489983 183.4664463698864 132.93658700585365 168.41465367376804 110.71367236971855 171.89219330251217 109.46430714428425 99.977671340107918 132.21230098605156 316.904959410429 150.22787490487099 141.71269103884697 297.93319810926914 104.22575062513351 103.71742950379848 303.03572291135788 386.70217460393906 143.70594657957554 509.86110980808735 124.43096487224102 702.60086333751678 115.75887356698513 126.72878128290176 555.32794588804245 103.95236875116825 1034.0125114172697 555.11883045732975 113.22078305482864 153.44882953166962 175.44647532701492 556.82137078046799 127.70424473285675 102.98248565196991 408.13712030649185 218.85993546247482 289.11459472775459 166.91832572221756
leaf_count=441 451 694 801 1037 635 548 411 435 798 3240 2441 3275 1910 2008 424 978 2638 615 9540 541 1049 1527 889 543 972 443 705 2385 533 901 674 464 6388 464 1079 3581 535 773 462 952 1112 2369 1171 1089 857 664 403 692 946 1708 455 807 553 1194 722 1984 6761 3114 6618 422 529 763 471 6518 603 511 685 1756 818 451 1794 1074 439 454 2233 809 1212 556 798 7835 980 975 3025 460 1383 969 716 10346 2405 1837 734 532 674 443 688 438 400 529 1268 601 567 1192 417 415 1213 1549 575 2040 498 2818 464 507 2223 416 4137 2221 453 614 702 2228 511 412 1633 876 1157 668
internal_value=3.19066e-05 0.00144048 0.00184709 0.00298048 0.00543257 0.00186517 -0.00128024 -0.00178889 -0.00230971 -0.00387634 -0.0041926 -0.00526708 -0.000824027 0.000557152 -0.00635315 -0.00800626 0.00187595 -0.00441111 0.00204028 0.00148958 0.00376325 -0.000141672 -0.000876711 0.000509573 0.00288588 -0.00248899 -0.00211719 -0.000108563 6.26079e-05 0.000661956 0.00249808 -0.00107862 -0.000276837 0.000935232 -0.00323166 -0.000547137 -0.000530249 -0.00120594 0.00449707 -0.00134941 -0.00179299 -0.00109282 -0.000614861 7.92054e-05 -0.00105246 0.000476223 -0.00343716 -0.00314219 -0.00267362 0.00250373 0.00278041 -0.00538799 1.1144e-05 0.00662994 -0.00233958 -0.000550209 -0.00142929 -0.00228031 -0.00248068 -0.0026063 -0.00921213 -0.00538984 0.00671516 0.00705548 0.00642128 0.00233301 0.00183789 -0.00142138 0.000427103 0.00238947 -0.000264183 -0.000263238 -0.00313166 0.00234585 0.00275109 0.00460895 -0.000118407 0.000299102 -3.03992e-05 0.00120545 0.00350161 0.00583502 0.00209638 -0.00178616 -0.00352211 5.19801e-05 0.00248202 -0.000498412 -0.00330388 5.04163e-06 0.00144221 0.00124896 0.000430438 -0.000849556 0.00447376 0.00618412 0.00165983 -0.00141008 -0.000663657 -0.00440844 0.00328921 -0.00158331 -0.00439009 0.00327624 0.00299326 0.00536504 0.00500154 -0.000146574 0.00217295 -0.00519914 -0.00606077 -0.00428514 -0.000297436 -6.77809e-05 -0.000634408 -0.00153967 -0.00366132 -0.000228569 -0.00106238 -2.42622e-05 -0.00345837 0.000919629 0.00276135 0.00096783 0.000287825 -0.00113787
internal_weight=45722.6 22050.1 18410.1 9785.73 3035.2 6750.53 23672.5 14089.3 9913.9 4809.85 4576.71 2995.25 5104.05 8624.34 2270.37 1192.69 817.51 1077.69 6613.68 5040.06 1573.62 1932.09 1681.81 1114.12 621.97 492.15 1581.46 771.991 6772.55 4761.92 3107.97 4904.59 3135.47 1981.86 385.534 4175.4 9583.2 5275.81 250.274 2010.63 1877.42 1639.47 3640.07 2736.69 1873.52 1151.42 722.101 445.13 903.384 863.165 706.292 521.398 3738.4 556.684 1153.61 676.275 5038.36 2900.58 1769.12 319.689 948.78 427.141 2217.69 2100.3 1901.15 277.788 2552.92 2122.43 430.888 317.161 2137.78 1328.14 378.16 1851.79 1741.63 760.127 476.242 4307.39 3923.52 2070.97 383.874 379.077 1016.94 724.88 567.691 3280.79 592.896 2687.89 794.293 1234.79 775.626 981.508 868.098 699.683 414.036 275.404 200.703 1852.55 1502.85 349.696 273.925 1228.93 402.159 237.446 1023.52 555.051 436.351 826.766 233.136 971.877 818.36 404.682 3513.26 3375.05 2819.73 1785.71 668.34 1117.37 963.924 788.478 231.657 949.979 511.12 521.896 588.97 456.033
internal_count=183039 88289 73724 39213 12177 27036 94750 56405 39694 19267 18334 12004 20427 34511 9103 4782 3273 4321 26488 20183 6305 7735 6732 4460 2490 1970 6330 3090 27100 19056 12448 19629 12547 7931 1543 16711 38345 21111 1003 8044 7511 6559 14565 10950 7496 4607 2889 1781 3615 3454 2826 2086 14959 2231 4616 2706 20161 11606 7082 1279 3804 1709 8904 8433 7632 1114 10225 8492 1724 1269 8555 5314 1513 7411 6970 3042 1906 17234 15698 8286 1536 1518 4074 2901 2272 13130 2373 10757 3178 4940 3103 3928 3474 2800 1657 1102 803 7412 6013 1399 1096 4917 1609 950 4097 2223 1746 3308 933 3897 3282 1619 14058 13505 11282 7145 2674 4471 3857 3155 927 3801 2045 2089 2357 1825
is_linear=0
shrinkage=0.02


Tree=25
num_leaves=127
num_cat=0
split_feature=13 231 231 15 231 62 47 101 153 231 231 13 46 70 72 159 146 221 108 204 3 214 215 221 62 13 81 229 112 76 223 150 81 231 232 146 60 175 149 128 215 63 187 166 27 41 183 142 115 43 226 135 216 76 72 13 226 100 27 186 186 15 197 212 22 135 78 68 136 217 214 183 223 193 63 100 186 118 224 119 159 113 25 119 221 176 52 176 193 119 153 28 140 204 223 161 214 221 218 204 212 128 108 224 223 226 180 157 166 128 205 60 221 101 176 226 15 136 66 101 63 78 150 175 138 62
split_gain=175.841 37.3483 66.6496 48.6689 39.8675 24.9397 23.8709 20.303 19.1904 23.567 52.4635 39.2002 20.5261 18.0066 17.7241 21.8306 19.1321 25.1784 19.1763 17.5109 17.4962 16.1834 16.1332 15.6034 14.9113 16.71 17.2074 17.1538 14.5243 14.3461 14.3246 15.4444 14.8007 14.3133 24.2912 15.445 15.7548 15.0264 20.6989 20.0272 19.4743 17.8584 14.1105 13.9599 13.7553 19.8168 13.5701 23.6113 17.4579 15.0437 13.5694 13.4419 13.3174 13.4666 13.2447 12.993 12.9367 12.8121 18.5811 12.8039 12.6724 12.6561 12.5525 12.4979 12.4022 12.0417 12.3372 11.5457 13.4438 13.6398 12.9297 15.5286 11.4894 11.4885 11.4697 18.9596 12.6554 11.3483 11.323 11.1965 11.262 14.3699 11.1338 13.5841 13.8806 11.0635 11.2502 13.1444 11.011 11.3053 14.7598 10.9523 10.9361 11.0954 10.8151 12.4369 15.8258 11.4821 17.21 14.5835 12.7744 12.3274 15.9271 13.1788 11.5514 13.154 15.4359 18.6152 13.7236 13.0826 12.8401 12.1034 11.6582 13.645 11.3309 12.5882 11.3029 10.6104 14.3695 12.2723 11.2791 10.5353 11.0278 10.4994 12.0681 11.4202
threshold=3.3008848276949725e-06 -0.74168145656585682 -0.058870663866400712 -0.050620766356587403 -0.55375361442565907 0.00034367849002592271 -0.00022037974849808958 0.00051126931793987762 -0.0028716612141579385 0.02835773024708033 -0.5206359028816222 1.8301491763850212e-05 1.0000000180025095e-35 0.9577242136001588 0.00086741775157861422 0.00048836745554581295 0.12486843019723894 0.0077733607031404981 0.37983390688896185 -0.003210350289009511 7.5231807841191775e-06 0.00095159051124937843 0.0018347650766372683 0.010034147184342148 0.0001953117462107912 1.1768461263272913e-05 0.00026966715813614433 0.044664029031991966 -0.10817619413137435 3.8090212910901762e-05 -0.0094634415581822378 0.11642780900001527 9.4766939582768841e-05 0.46754305064678198 2.5000000000000004 0.040133668109774596 0.0022362464806064968 0.0013941849465481939 0.00012662028893828395 0.001545590872410685 0.0025126341497525577 0.00014425880362978208 -0.0004280462308088317 0.0011864749249070885 -0.00020949629833921787 0.00010167650543735364 0.00031715453951619571 0.00094205731875263165 0.0008720582991372795 -0.00020672420941991729 0.11496067047119142 0.6068563461303712 0.84063744544982921 -0.00017942936392500994 0.00017249005031771961 -1.9097584527116847e-06 -0.12781940400600431 0.00041945971315726643 -0.00024710682919248933 0.007960492745041849 0.00051767256809398543 0.55712968111038219 -0.0030586527427658434 0.0092288185842335241 0.00015687294217059391 -1.0185006856918333 -0.0014856002526357768 -0.00084579453687183548 0.0036790005397051577 -0.0023343409411609168 0.0020715028513222937 0.0020217447308823471 -0.024134530685842034 0.0031706307781860237 0.00024925396428443497 0.00040650868322700267 0.0014102612622082236 -0.0026585106970742341 0.0023413538001477723 0.00026903947582468396 0.00038243657036218798 0.35000000894069677 0.00010218888201052324 0.00021400437981355938 0.010329443961381914 0.00079322082456201326 -0.00025373460084665561 0.00097783363889902852 0.00055058911675587307 -0.00029352428100537503 3.5657967600855052e-05 6.7729699367191656e-05 0.17075046896934512 -0.0025776600232347842 -0.0014356879401020704 0.0028557726182043557 0.0021167475497350101 0.0028604987310245637 0.0017906171851791444 -0.00034411172964610154 0.016865066252648834 -0.00050205484149046231 0.18626344203948977 0.00081998802488669764 -0.010651307180523871 0.10683856904506685 0.00042430916801095014 -0.0011347195832058785 -0.00028068650863133365 0.00092497831792570661 0.013976856134831907 0.00078620496788062166 0.0071893213316798219 0.00086993534932844352 0.0010188414598815145 0.092301312834024443 0.25807113945484167 0.0020115806255489592 0.00077425577910617005 0.00041332724504172807 0.00023817155306460339 -0.00063773521105758835 -0.19272919744253156 0.0005753949226345868 0.00046015791303943848 0.00016969678108580413
decision_type=2 2 2 2 2 10 2 2 8 2 2 2 2 8 8 2 8 8 10 10 2 8 10 10 10 2 2 2 10 2 10 10 2 2 2 10 10 10 8 2 10 2 10 2 2 10 8 10 10 2 10 10 8 2 10 2 10 10 2 10 10 2 10 10 2 10 10 8 8 8 8 10 10 10 2 10 10 10 10 2 2 10 2 2 10 10 2 10 10 2 10 2 10 10 10 2 10 10 8 10 10 2 10 8 10 10 10 2 2 2 10 10 10 2 10 10 2 10 2 2 2 8 10 8 8 8
left_child=1 21 3 4 5 43 7 -6 -2 10 61 12 -12 -13 15 16 28 18 50 44 79 -1 -14 24 25 26 27 -24 56 -30 -17 32 91 34 42 -35 37 38 39 40 41 -37 -11 46 -5 -46 -3 -48 49 -49 -18 -36 53 -45 92 57 77 58 -8 -54 -56 94 -52 -51 -16 -62 -67 70 69 -69 71 -21 -44 -39 -68 -76 -77 -4 -60 80 81 -20 83 -59 -85 -42 -87 -88 -19 -90 -91 -32 93 -23 97 -96 -97 98 99 101 104 102 103 -10 112 106 -106 -108 -109 -107 -110 -112 -99 -114 -102 -116 -104 118 -43 -119 -121 -9 -123 -66 -125 -126
right_child=8 2 14 19 6 -7 55 121 9 33 11 13 22 -15 64 30 17 88 20 67 -22 54 23 -25 -26 -27 -28 -29 29 -31 31 -33 -34 35 51 36 -38 73 -40 -41 85 117 72 52 45 -47 47 48 -50 63 62 -53 59 -55 60 -57 -58 82 78 -61 65 -63 -64 -65 123 66 74 68 -70 -71 -72 -73 -74 -75 75 76 -78 -79 -80 -81 -82 -83 -84 84 -86 86 87 -89 89 90 -92 -93 -94 -95 95 96 -98 100 -100 -101 114 -103 116 -105 105 109 107 108 110 -111 111 -113 113 -115 115 -117 -118 119 -120 120 -122 122 -124 124 125 -127
leaf_value=-0.0038600379014366915 0.0018983586063496109 -0.0025186332466159743 -0.0064053551599328974 0.0076594387408956549 0.010678673250154732 -0.0039979428151940425 0.0083681900369763969 0.0074864978214651615 -0.0012806464277565399 -0.0074256562515826949 -0.00050535068886571523 -0.0087404394818154738 -0.0083725202057504788 -0.00078073615048861959 -0.0046267369652161104 -0.00016773609109166425 -0.0017140961622962518 -0.0063966360301330981 -0.0005012995638545675 -0.00026716534052221826 -0.001954018710529571 0.0058767350426649299 -0.0031631350006149535 -0.0063676448525031553 0.00068116013655028691 -0.0083847860679198104 -0.0073558296287281888 0.0042053458507905509 0.0063970248674481527 -0.00043621205044325879 0.0056415459506009083 0.0075478189694741481 -0.0017209047293468775 0.0053812835239329913 0.0029097416989176555 0.0025022867523301589 -0.0068870695160744132 -0.00786462046902822 0.0043279148315420943 -0.0070248475034943494 0.0054877425642116855 -0.0032602925391789868 0.0045246199845590755 0.0014644887099463635 0.005102989279924937 -0.003088882573622716 0.0081404220488492194 -0.0034814625073654143 0.0088681017097552734 0.0060016191823908894 -0.0023556018175989748 -0.0028690236026449913 -0.0026485041533716026 -0.0071687617566370924 0.0035186355145225764 -0.0026830789239857804 0.002222076516219436 0.0041364233708338456 -0.0019870713900778988 0.0057566373259770719 -0.0059456214049210575 -0.0066489308784485422 0.0057785749517570888 -0.00073511701353823008 0.0031930605911816446 0.0031513454251424519 0.0016336003454470414 0.0032175401402767139 -0.0023304126425018638 -0.0019093033758486376 -0.0020461707176950799 0.0082638081545559211 -0.0011748531922667529 -0.0005728221136849593 -0.0047375708449804346 -0.0037056903510520258 -0.00012381082406629301 0.0018377726391863329 0.0042632621153007753 -0.0024875163482504705 -0.0018200744281076798 0.0061068151214706155 0.0044406792607354726 -0.0063252246463817727 0.0020017449650921739 -0.0049721257340827807 -0.0018923960068599939 0.0054090081549102668 0.0011158303648633309 -0.0070038404757116679 0.0012672795456588168 0.0015514559152734358 0.0064721594387266781 -0.0011574475027549824 -0.0078848094407355813 0.00030735112447647923 -0.0078317018864282346 0.00066662897651318602 -0.0045349282094872363 -0.004437234277405353 -0.0050543895366881751 0.0054703318258900102 -0.005324483433608398 0.0062888047613433844 0.0072781551792655153 -0.0055280182543387211 -0.007493986893529524 0.0044612094531041053 -0.0056947229904462235 0.00061862174014460519 0.0044157923301219515 -0.0004825480007280775 0.010088062845278451 0.0013938455933592759 0.0016213566930593424 -0.004823960800989055 0.0010139983875692585 -0.0090650211545661597 0.0046976034832843993 0.0011229447570538216 -0.0063402678411790302 -7.1976249790464778e-05 0.005249496236596797 -0.0061317689645323664 0.0010771114451822944 -0.0014598472802763252
leaf_weight=434.2793403416872 619.80250771343708 119.67884770035744 145.61629295349121 199.63143107295036 414.08147116005421 263.90491317212582 456.05130557715893 552.58143377304077 164.68747738003731 115.71386417746544 979.63913227617741 790.83343890309334 281.97348372638226 137.05229127407074 278.15408501029015 532.29059045016766 1437.1094069033861 285.3509801030159 158.36095033586025 144.58471384644508 294.36882421374321 104.88561682403088 271.99670295417309 458.71600672602654 485.61345410346985 205.23911754786968 151.96003019809723 202.80803298950195 440.26939162611961 164.33810043334961 516.59016513824463 305.14962677657604 246.63108029961586 100.21692450344563 1250.8264443725348 223.8910007327795 220.56949849426746 219.62267023324966 249.90248514711857 218.33705171942711 203.3746695369482 327.56448857486248 133.69652961194515 120.19717961549759 241.10552431643009 197.6806001663208 383.20725448429585 212.345732614398 104.70538398623466 211.87692162394524 105.6635570526123 168.10891576111317 100.9539961963892 141.95797878503799 320.04877723753452 112.62388934195042 523.94622331857681 164.39137542247772 129.20961327850819 173.43703098595142 135.45454375445843 145.57703292369843 187.37116828560829 202.40945711731911 282.42314898967743 366.58547408878803 803.14814366400242 470.53890518844128 1047.6144894361496 342.37259212136269 153.87673179805279 184.12457756698132 1814.1948645114899 140.42583492398262 450.36335983872414 420.85756878554821 3772.5007802546024 99.895651295781136 617.54403153061867 101.21851485967636 103.13149152696133 683.74564754962921 364.89054851233959 161.04998484253883 130.12356889247894 111.20978875458241 181.12206727266312 178.13389398157597 299.03374695777893 218.89977116882801 126.69759255647659 552.78088587522507 195.32896292209625 301.84971082210541 165.65874978899956 383.61679093539715 106.64989437162876 678.71045497059822 695.82446657121181 281.83363807201385 349.79499903321266 151.37629108130932 268.08497656881809 173.43126468360424 100.97130075097084 325.3374180495739 106.95622156560421 265.38610565662384 138.93057003617287 225.12348341941833 218.8853158056736 1281.5661504715681 117.45059268176556 168.19082590937614 360.05990761518478 158.16963620483875 175.57711704075336 208.30873967707157 103.67168566584587 153.64100879430771 140.13283132016659 223.37880089879036 490.62190529704094 136.21401895582676 1186.1158952713013 1707.8290731459856
leaf_count=1738 2480 479 583 799 1665 1056 1831 2221 659 463 3921 3175 1130 550 1113 2131 5752 1142 634 579 1178 420 1089 1838 1945 823 609 812 1763 658 2069 1222 987 401 5005 896 883 879 1000 874 814 1311 535 481 965 791 1534 850 419 848 423 673 404 568 1281 451 2098 659 518 694 542 583 750 810 1130 1467 3214 1883 4192 1370 616 737 7260 562 1802 1684 15094 400 2475 405 413 2737 1463 645 521 445 725 713 1197 876 507 2213 782 1208 663 1536 427 2716 2785 1128 1400 606 1073 694 404 1302 428 1062 556 901 876 5129 470 673 1441 633 703 834 415 615 561 897 1970 545 4746 6834
internal_value=1.92915e-06 0.00101905 0.00146664 0.00276157 0.00381857 0.00153701 0.00502056 0.00681207 -0.00151613 -0.00163814 -0.00219361 -0.00403608 -0.00290308 -0.00760604 0.000434876 0.000985514 0.000300385 -0.000400791 0.000476543 0.000675603 0.00225474 -0.000204076 -0.00402842 -0.00325331 -0.00209008 -0.00368558 -0.00193509 2.70002e-05 0.0023185 0.00458519 0.0026771 0.00360184 0.00258757 -0.000673946 0.000197237 -0.00168653 -0.0019679 -0.00151153 -0.000894009 -0.00156644 -0.000846708 -0.00240555 -0.00118413 0.00239735 0.00355744 0.00143864 0.00355249 0.00423731 0.0020299 0.000648339 -0.000911542 0.00219474 -0.000292018 -0.00338722 3.75297e-05 0.00356077 0.000466396 0.00393119 0.00523813 0.00269437 -0.000237944 -0.0011715 0.00288242 0.00282795 -0.000718673 -0.000451159 -0.000303192 -0.000133062 -0.000851641 0.00106428 0.00256094 0.0047113 -0.000741652 -0.00520049 -0.000546367 -0.000928789 -0.000499182 -0.00316555 0.00315816 0.00345311 0.00412761 0.00488134 0.00193612 -0.000172325 -0.00271447 0.00182252 7.89325e-05 0.00182227 -0.00324695 -0.00170218 -0.00406816 0.00359459 0.00282131 0.000846885 -0.00104013 -0.00344966 -0.00170074 -0.000783462 -0.00207358 -0.000613347 -0.000228347 0.000610422 -0.000443583 0.00273633 0.000296435 -0.000385163 0.000339449 -7.70315e-05 0.000412986 -0.00308065 -0.000288219 0.000280706 0.00214832 0.00539495 -0.00237872 -0.000451983 -0.00288052 -0.00361067 -0.00122375 -0.00553537 -0.00261429 0.00540161 0.00362805 -0.00036472 -0.000715082 -0.00041979
internal_weight=45513.4 27257.3 19951.9 8832.75 5851.22 2034.67 3816.55 1680.66 18256.2 17636.3 11173.7 3965.83 3037.95 927.886 11119.2 7528.46 5375.02 4000.95 3070.97 2981.53 1340.83 7305.3 2058.31 1776.33 1317.62 832.004 626.765 474.805 1374.07 604.607 2153.44 1621.15 1316 6462.67 3482.54 2980.12 2879.91 2659.34 2299.29 2049.39 1831.05 1157.21 2063.61 1770.77 638.418 438.786 1234.22 1114.54 731.337 626.632 1730.14 1418.94 536.546 262.155 6871.02 2135.88 769.458 2023.26 1202.8 274.391 6268.96 7207.85 293.035 414.286 3590.74 5948.91 5813.46 2343.11 1860.53 812.911 482.586 328.709 1947.89 360.049 5446.87 4643.72 4193.36 245.512 746.754 1046.46 945.238 842.107 820.455 455.565 291.174 673.84 470.466 359.256 929.982 644.631 345.597 1069.37 602.064 406.735 7062.27 655.925 490.267 6406.35 1910.82 1214.99 4495.53 933.157 781.781 338.119 3627.51 2663.16 2112.7 2011.72 1904.77 550.461 1639.38 1500.45 964.352 285.641 868.025 518.23 443.662 933.319 431.236 502.083 293.774 1266.58 714.001 3312.58 3030.16 2893.94
internal_count=182213 109129 79897 35391 23459 8143 15316 6753 73084 70604 44740 15892 12167 3725 44506 30138 21516 16014 12292 11932 5367 29232 8246 7116 5278 3333 2510 1901 5502 2421 8622 6491 5269 25864 13936 11928 11527 10644 9203 8203 7329 4632 8258 7087 2555 1756 4940 4461 2927 2508 6925 5678 2147 1049 27494 8563 3081 8112 4824 1098 25084 28848 1173 1658 14368 23803 23261 9377 7445 3253 1932 1316 7795 1441 21794 18580 16778 983 2993 4189 3784 3371 3288 1825 1166 2697 1883 1438 3722 2580 1383 4282 2410 1628 28265 2626 1963 25639 7648 4863 17991 3735 3129 1353 14517 10658 8455 8051 7623 2203 6561 6005 3859 1143 3474 2074 1776 3736 1726 2010 1176 5088 2867 13255 12125 11580
is_linear=0
shrinkage=0.02


Tree=26
num_leaves=127
num_cat=0
split_feature=11 230 7 26 26 137 201 30 99 177 139 213 116 28 174 226 226 174 25 215 225 128 214 142 23 74 2 23 111 98 138 23 70 74 138 178 74 74 32 98 142 186 223 101 138 223 186 219 97 115 181 2 225 89 151 139 115 154 193 182 201 230 203 215 129 153 59 184 67 230 74 154 138 115 182 7 70 171 159 151 180 32 193 214 117 179 95 225 193 214 214 140 149 74 99 72 154 25 117 226 117 184 174 191 51 154 230 174 32 101 181 174 227 110 156 33 225 149 28 156 47 149 177 148 149 110
split_gain=187.32 53.605 32.1434 30.7205 24.6981 18.5987 17.5143 18.449 19.55 17.9012 22.3224 17.6007 17.382 16.9854 16.7188 21.4898 20.1531 16.8549 16.4787 16.3066 16.9567 19.0914 14.7219 16.5075 14.0584 18.9746 14.0949 13.924 15.4073 13.6868 12.4925 12.4781 18.3637 14.3317 12.3679 12.8199 12.797 12.2967 17.9807 15.9171 15.8925 18.9035 20.9917 12.2409 12.2104 12.1914 12.1027 12.4967 20.8839 12.2159 14.2186 11.9623 12.8924 16.2073 11.7791 14.437 13.2424 13.6299 11.5936 11.5831 11.4276 11.256 13.246 13.0543 11.2404 13.6696 11.9074 16.4792 11.1967 11.1906 11.0336 12.1382 10.8102 12.1349 15.4046 10.3705 10.2672 10.2253 11.2203 10.2213 10.1605 10.0401 10.0253 10.0053 9.90725 10.5399 11.7939 9.82541 9.80693 9.74391 10.3513 9.72956 9.85836 9.66802 10.2583 13.3735 12.2972 15.0009 10.5237 19.5149 13.0159 13.7512 9.88951 14.1995 16.6808 13.9796 14.1404 13.7715 12.4801 13.8089 11.5262 9.72412 11.6636 9.46382 14.4756 11.865 10.9848 10.2069 11.9894 9.4673 9.46189 11.5146 12.4853 11.1811 9.44783 13.6937
threshold=5.4963420552667237e-05 -0.87777194380760182 1.0000000180025095e-35 0.51282051205635082 0.45905365049839025 0.00049506622599437844 -0.0021614815341308709 -0.00064356040093116451 0.00093673678929917525 0.0013310758513398471 0.0010814096895046534 0.0019555089529603724 -0.0011153849191032348 0.00052570621483027946 0.0046806347090750941 0.33404830098152166 -0.33038653433322901 0.0060797252226620921 0.00033951406658161437 0.0028532636351883416 -5.9498244809219607e-05 -0.0030819833045825358 0.0010802346514537933 0.00078017028863541793 4.0532548155169941e-05 -0.12670836597681043 2.5191010536218531e-05 9.7390013252152144e-05 0.00012019982750643977 0.0021737552015110855 0.0011353038717061283 3.5270955777377828e-05 0.91353940963745128 -0.51021078228950489 0.00065021484624594461 0.10727694258093835 -0.055844750255346291 -0.0049533576238900414 0.84217223525047313 0.0015600471524521711 0.0016198053490370514 0.0031188504071906213 -0.005235786084085702 0.00027544214390218263 0.001190455455798656 -0.01409043464809656 0.013070184271782638 0.24451486766338351 0.21237306296825412 -0.00067509591463021923 0.23986291885375979 0.00012883443559985611 -0.0001610346444067545 9.5984727522591142e-05 0.45000000298023229 0.00057143924641422938 -0.00015110486128833142 -7.5866144470637651e-05 0.0044745113700628289 -0.0047878769692033521 -0.012661151587963103 -0.96976330876350392 3.4160871109634176e-06 0.0031593837775290017 -0.25384464859962458 -0.002050736802630126 -0.84371802210807789 0.4909264892339707 0.61122077703475963 -0.4047416597604751 -0.2810345590114593 -0.0016753571690060196 0.00047614627692382788 -1.0000000180025095e-35 -0.0025425507919862862 -0.00023879254877101627 0.47072334587574011 0.0001292131710215472 -0.00073768739821389307 0.55000001192092907 0.0032601815182715659 0.49519999325275427 -0.0018682779045775531 0.0022935539018362765 0.0018098236760124566 -0.0030268435366451736 -7.7775577665306614e-05 0.00091415623319335293 -0.0054503243882209054 0.0010494781308807435 0.001464724831748754 0.81851515173912059 0.00012954208796145397 -0.52293667197227467 0.00050181016558781277 0.00085130141815170657 -0.002353872405365109 8.407063796767035e-05 -0.0012537925504148004 -0.15064073354005811 -0.00076562416506931175 0.21909929066896441 0.0043445529881864795 -0.00031506047525908793 -2.3511895960837134e-05 0.0023579696426168088 -0.99913862347602833 0.0076614415738731631 0.29531182348728185 0.00047427669051103299 0.53783065080642711 0.002819668967276812 0.45000000298023229 0.00018489694048184904 0.0016385936760343613 -0.00056373563711531449 7.755323167657481e-05 4.1936345951398841e-05 5.1212455218774273e-05 0.00085231097182258974 0.00045500503620132809 -1.2047208201693136e-05 0.0012039445573464038 0.00093274976825341593 7.1959311753744273e-05 0.00042088107147719716
decision_type=2 2 2 2 2 10 10 2 10 2 2 10 10 2 10 10 8 10 2 10 8 2 8 10 2 10 2 2 10 10 10 2 10 10 8 8 10 8 2 8 8 10 10 2 8 8 8 10 10 10 10 2 10 2 10 2 10 10 10 10 10 2 8 10 2 10 10 8 10 2 10 10 8 10 8 2 10 2 2 10 8 2 8 10 10 8 2 10 10 10 10 10 10 8 10 10 10 2 10 10 10 8 10 10 2 10 2 10 2 2 10 10 10 10 8 2 8 10 2 10 2 10 2 10 10 10
left_child=1 2 27 31 6 29 14 8 64 22 -11 12 -12 19 60 16 -16 75 44 20 21 -5 23 -9 25 26 -4 28 43 -6 -13 32 45 -33 36 -36 -35 40 89 -40 54 -42 80 -1 -15 -2 47 48 76 -49 -51 52 53 120 56 -56 -22 -58 -41 -27 -3 62 63 82 65 -8 69 -68 -54 -66 -52 -72 -7 -74 -75 -18 -21 78 -46 -64 -43 -19 -26 -29 85 -69 -87 -37 -77 -39 -91 -44 -93 -45 96 -96 97 -95 99 -98 101 -100 103 111 -105 106 -104 -108 109 -106 -110 -102 -113 -24 119 116 -116 -117 -119 -115 121 122 123 -23 125 -62
right_child=3 4 24 13 5 72 7 9 -10 10 11 30 -14 18 15 -17 17 81 -20 46 37 51 113 -25 61 59 -28 83 -30 -31 -32 33 -34 34 35 87 -38 38 39 58 41 42 91 93 77 -47 -48 49 -50 50 70 -53 68 -55 55 -57 57 -59 -60 -61 124 -63 79 -65 66 -67 67 84 -70 -71 71 -73 73 74 -76 88 -78 -79 -80 -81 -82 -83 -84 -85 -86 86 -88 -89 -90 90 -92 92 -94 94 95 -97 98 -99 100 -101 102 -103 105 104 108 -107 107 -109 110 -111 -112 112 -114 114 115 117 -118 118 -120 -121 -122 -123 -124 -125 -126 -127
leaf_value=0.0070245577286963765 -0.006473924516820731 -0.0018509590971990582 -0.0032324908889441563 0.0042602584259064068 -0.0014255583394979507 0.0045280084528430296 0.0039106412071136616 0.0013253660125043152 -0.0042788874229587543 -0.0051271769152004196 -0.002576074302605781 -0.0047423789270005018 0.0056781072691316362 -0.0043514114920870364 -0.0054747566754537189 -0.0072719508637595987 0.0035696872505723226 0.003998060676752904 0.0024209706958373206 -0.0017392848073942277 -0.0072984980500365613 -0.00079867710721369975 0.00681191465156722 -0.0051883153476977696 -0.0038345045590768016 -0.00037449830229140379 0.002483122719670325 0.0055975810605829205 -0.0026432669671659658 -0.0056357293637826038 0.0019432197964358636 -0.0057318480171061345 -0.0082953656726413964 0.0028858125927929629 0.0055968733031933806 -0.00053775967287333752 -0.00036696559449687265 0.0028639295494925056 -0.0010201257727319815 0.0066595579438782715 -0.0092690258280285886 0.0063924600604809804 -0.0012795997447755838 0.0067759177936585393 -0.001736219919019409 0.00039474145272105237 -0.0037743946150770491 -0.0048512170705632971 -0.0046864556426198583 0.0060154271222933112 0.0037318617170604947 -0.0052475349904522782 0.00060140028992468298 0.0051142638194245204 0.0039416427227220805 -0.0010030011738759519 0.0012468019531519444 -0.0064652419730392872 -0.00025250514505029917 0.006298816551518505 0.00023170307506034906 0.00082704004585958818 -0.005978350700841204 0.005621555529761714 0.0071209953135637225 -0.0045167032747810126 0.0064837950715668372 0.0028356352178749776 -0.006509403887144583 0.00050985813063602898 -0.005714126082160354 0.00047845148659114413 0.00042501631323249177 0.00015463081229746296 -0.0056900456392106977 0.0019920134858332854 0.0044241493098957901 -0.0040990777049333118 0.0056636921446150427 0.00045705381151537266 -0.0011284160343908816 -0.0014027154752584096 0.0032087763962118042 0.001900337507341709 0.003025531449585935 0.0017177821105640815 -0.0063014052720141971 -0.006165554708847094 -0.0047129207042779691 -0.0060937012835827666 -0.00066194657806112681 -0.0095115456709229784 -0.0031541386052258555 -0.003358490855654836 0.0095621594451526723 0.0016350244113435739 0.00010881846357273525 0.004271753397912758 -0.0045681815240343543 0.0070902841635344981 0.0024742868784056759 0.001513203640098646 0.0058530979689046282 0.0071779013142063601 -0.0038421611732350975 0.0061225312990400909 -0.00094866831586212297 0.002556628734838611 -0.0017337396304144979 0.0040803500845812942 0.0060753230495831827 0.0030322626065878624 0.011401986584192243 0.00052765186643673363 0.010997199736465711 0.0050669675909039355 0.0027011892586896831 -0.0051167346397226945 0.0027398210904562392 -0.0040337897040348984 -0.0054031294733083617 0.0011172586981114255 0.0013644901207351165 -0.0079387308995332497 0.00065637588117046304 0.0062041543213336792
leaf_weight=227.28754681348801 108.46072167158127 120.65954588353634 299.8756291270256 113.42561857402325 1535.9564833343029 189.19061978161335 112.44114662706852 282.05779176950455 167.16630724072456 592.00346721708775 143.68644554913044 337.13434062898159 267.16215106844902 2255.3891362547874 136.41268709301949 101.17370423674583 126.83232602477074 1046.8005981892347 172.87668162584305 196.89786975085735 181.55396245419979 149.84355267882347 102.43357974290848 310.08780056238174 234.63073071837425 131.92623725533485 354.86165964603424 1085.0949226915836 216.02303935587406 374.60109582543373 149.44385512173176 143.95573051273823 156.6477527320385 1121.6417714953423 111.45134894549847 2815.9398463517427 832.5213947892189 109.9158928245306 340.49868346750736 307.96457606554031 195.25390593707561 104.64130963385105 272.48272211849689 182.10418802499771 176.37214456498623 519.07646769285202 357.41631710529327 116.41773214936256 471.30945414304733 210.13151985406876 346.97756533324718 1090.6348568201065 106.19100897014141 116.14630700647831 303.04797327518463 859.71476855874062 304.23899620771408 108.40384025871754 135.84893207252026 436.80927042663097 188.48783890902996 1147.4202453792095 358.11048555374146 116.45789754390717 410.75470453500748 165.63559085130692 207.0913914591074 129.92350743710995 431.87201957404613 138.61975824832916 122.42067162692547 1122.4133998155594 2926.8193311095238 401.63797774910927 305.92244330048561 113.4124371111393 199.65426728129387 206.54504695534706 122.87110568583012 129.95201440155506 158.05964450538158 147.95199401676655 100.70152509212494 436.4200474023819 290.86318922042847 100.42514324188232 195.39565980434418 110.19567595422268 259.31465126574039 253.315150603652 299.78471706807613 184.74579250812531 245.91549243032932 321.84985712170601 154.2503499686718 186.20338116586208 249.19940969347954 128.35375864803791 218.02388395369053 431.38720105588436 197.58068878948689 378.75283612310886 194.4598119109869 180.77511313557625 294.92668344080448 218.91209810972214 1131.6608597189188 714.86060863733292 102.62019281089306 103.79629412293434 205.70267577469349 126.03567714989185 187.40374220907688 937.2556913793087 103.4249087870121 140.44789044559002 170.40079994499683 134.68886053562164 137.94733765721321 204.90581411123276 263.35839745402336 448.68905757367611 159.35175679624081 209.79792638123035 236.04320192337036 848.1669033318758
leaf_count=911 434 483 1200 454 6146 757 450 1129 669 2369 575 1349 1069 9035 546 405 508 4191 692 788 727 600 410 1241 939 528 1420 4355 865 1499 598 576 627 4488 446 11267 3331 440 1363 1233 782 419 1091 730 706 2077 1431 466 1887 841 1389 4369 425 465 1213 3442 1218 434 544 1748 755 4592 1433 466 1645 663 829 520 1729 555 490 4493 11711 1607 1224 454 799 827 492 520 633 592 403 1750 1164 402 782 441 1038 1014 1200 740 985 1290 619 746 999 515 874 1730 792 1518 779 725 1182 877 4534 2865 411 416 824 505 751 3751 414 562 682 539 552 820 1055 1796 638 840 945 3396
internal_value=7.56975e-06 0.00111194 0.00215849 -0.0014781 0.000329285 -0.000700649 0.000967423 0.000313645 0.00191636 -0.000458184 -0.00218187 -0.000169529 0.00280579 -0.00200316 0.00212475 0.00090454 0.00143011 0.00204342 -0.0033495 -0.00162483 -0.00213325 -0.00326488 0.000568272 -0.00214371 0.000501054 0.00218525 -0.0001529 0.00285238 0.00242658 -0.00230088 -0.00269336 -0.000275144 -0.0025917 8.72592e-05 0.000277279 -0.000520694 0.00151037 -0.00132118 0.00018529 0.00220933 -0.00206455 -0.00386064 -0.00260143 0.00261307 -0.0037256 -0.000955697 -0.000413336 4.16477e-05 -0.00192368 0.000941433 0.00136482 -0.00357822 -0.00256756 -0.00148211 -0.000847491 0.000330569 -0.00308849 -0.000984415 0.00462416 0.00479071 0.00377983 -0.00049752 -0.00209815 0.000377344 0.00254941 -0.00107533 0.0032389 0.00178832 -0.00513477 0.00552936 0.000683882 -0.000211269 0.000106762 -0.000146911 -0.00245934 -0.00101333 0.00142728 -0.000875624 0.0014667 -0.00431431 0.00210767 0.00331717 -0.00165782 0.00457551 0.000292182 -0.00162717 -0.00364267 -0.000790114 -0.00267521 -0.00220363 -0.00327549 -0.00437042 -0.00618243 0.00242026 0.00225865 0.00555788 0.00203033 -0.00109393 0.00231854 0.00461008 0.00193221 -0.000784631 0.00237721 0.00369378 0.00208731 0.00153701 0.000990536 0.000421223 0.000624112 -0.00168337 0.00352892 0.00630106 0.00842022 0.00141314 0.00104038 0.00329019 0.00636989 0.00104883 -0.00122594 -0.000346015 -0.00217627 -0.00120644 -0.00318229 -0.00516264 0.00433404 0.00514316
internal_weight=45627.5 26175.2 11184.4 19452.3 14990.8 5734.13 9256.65 5931.4 1918.32 4013.08 1489.43 897.427 410.849 13532.4 3325.26 1931.9 1830.72 1694.31 2934.05 10598.3 7454.7 3089.31 2523.65 592.146 3310.75 1223.47 654.737 7873.68 6352.17 1910.56 486.578 5919.89 784.185 5135.71 4991.75 3037.59 1954.16 4365.39 1447.33 784.312 2918.06 1161.1 965.845 6136.15 2761.18 627.537 3143.64 2786.22 867.862 1918.36 1801.94 2975.88 1885.25 1347.19 1756.96 1162.76 594.197 412.643 443.814 568.736 1393.36 2087.27 939.853 451.79 1751.15 278.077 1473.07 923.699 538.063 549.374 1591.81 1244.83 3823.57 3634.38 707.56 499.559 396.552 505.788 299.243 488.062 262.701 1194.75 335.332 1521.51 716.607 425.744 295.821 2926.14 372.727 663.016 553.1 703.144 430.661 5908.86 5726.76 340.454 5386.3 450.204 4936.1 680.587 4255.51 596.777 3658.73 1398.84 887.821 2259.89 2040.98 1846.52 707.046 398.723 308.323 511.02 313.439 1931.5 1829.07 686.91 273.826 413.084 272.636 1142.16 1231.04 967.682 518.993 359.641 1272.7 1036.65
internal_count=182680 104808 44812 77872 59996 22944 37052 23739 7679 16060 5960 3591 1644 54185 13313 7734 7329 6783 11752 42433 29849 12371 10100 2370 13249 4896 2620 31563 25458 7645 1947 23687 3138 20549 19973 12154 7819 17478 5794 3140 11684 4650 3868 24593 11060 2511 12584 11153 3474 7679 7213 11917 7548 5394 7034 4655 2379 1652 1777 2276 5579 8353 3761 1808 7010 1113 5897 3697 2154 2200 6372 4983 15299 14542 2831 2000 1587 2025 1198 1953 1052 4783 1342 6105 2868 1704 1184 11708 1492 2654 2214 2816 1725 23682 22952 1365 21587 1805 19782 2729 17053 2392 14661 5606 3558 9055 8178 7399 2833 1598 1235 2048 1256 7730 7320 2749 1096 1653 1091 4571 4929 3874 2078 1440 5096 4151
is_linear=0
shrinkage=0.02


Tree=27
num_leaves=127
num_cat=0
split_feature=9 230 11 1 70 230 230 230 230 219 204 222 226 230 163 138 136 26 137 212 97 212 215 138 174 127 175 61 6 180 78 109 115 152 133 61 32 115 190 185 174 190 226 161 226 226 216 103 220 34 70 204 112 129 127 152 222 106 175 219 230 157 109 185 193 220 204 226 61 230 182 35 230 141 174 193 190 220 106 128 150 52 193 216 19 95 101 114 152 215 51 136 222 102 226 61 27 204 232 112 102 226 25 97 112 204 152 187 215 222 167 142 23 193 133 205 133 187 34 114 225 11 11 101 150 148
split_gain=176.626 63.142 31.4611 27.621 27.9259 23.0229 17.904 30.9988 26.5147 20.9678 17.1111 15.1783 17.9514 16.3046 21.349 14.8486 21.5737 17.6767 16.9047 15.2391 15.1972 14.9545 14.7812 14.7712 19.3163 15.8611 15.8406 14.7302 14.1875 16.7922 15.6299 14.8107 14.4514 14.1439 18.997 13.9601 13.7341 12.0391 12.0262 16.1575 12.6518 14.5391 13.4895 12.1067 17.6165 15.9469 14.3424 19.5764 16.0517 17.5841 12.6815 12.1258 11.7838 12.5589 12.9523 11.6423 13.8573 12.5132 11.6052 11.5959 14.3989 14.2742 11.7577 17.755 18.7823 18.1884 15.8118 13.6912 12.3934 11.9121 11.5547 11.533 11.499 12.4166 17.8669 14.8235 14.6768 15.7703 13.5759 15.0783 12.8764 11.8731 11.5641 11.4518 12.8013 13.4213 11.3372 11.2556 11.2201 13.5703 11.2017 11.1573 13.1859 11.0752 11.0192 10.9555 10.9144 10.8918 10.7632 18.0349 11.8656 11.7492 10.6707 10.6698 16.7209 10.6207 11.7762 10.6073 10.5969 10.4863 10.966 10.4565 10.4205 15.9492 14.796 15.8305 13.4683 14.7485 17.6606 15.0128 12.9368 11.37 14.8187 12.6261 11.6237 10.3596
threshold=-9.8610953500610759e-06 -0.85149618983268727 -0.00016577188944211227 0.00017601889703655618 0.65793225169181835 -0.85377600789070118 -0.94762688875198353 -0.89199274778366078 -0.96535655856132496 0.79051592946052562 0.001315782137680799 0.062916591763496413 -0.091519962996244417 -0.8468879461288451 -0.006102584768086671 0.001166095433291048 0.0045365178957581529 0.4359418004751206 0.00057795213069766771 0.011580822523683311 -0.77279940247535694 0.016368055716156963 0.0025286760646849875 0.001284760073758662 0.0037795543903484945 5.2977873565396301e-05 0.00048158993013203149 6.6038843215210377e-05 1.0000000180025095e-35 0.0064842877909541139 0.001012548978906125 -0.0011900918325409291 0.00041265175968874251 0.00018210041162092241 -9.5526324912498222e-06 0.00018707416893448683 0.25020325183868414 0.00095679398509673785 -0.0051311659626662722 -0.0062628514133393756 0.012126978486776354 0.00014086379815125841 0.18483968824148181 -0.00044466031249612564 -0.041548373177647584 -0.23750878125429151 0.62284013628959667 -0.00046393596858251834 -0.0023775831796228881 0.00035605925950221723 0.052647508680820472 0.0020709696691483264 0.051215443760156638 0.30477848649024969 -7.761337838019243e-05 0.00088016077643260371 0.25922009348869329 -0.0007018611067906021 0.00083247403381392371 0.27625595033168798 -0.85828685760498036 -0.00065465702209621657 -0.0018897037953138349 -0.0020301719196140762 0.00077537054312415432 -0.0059961590450257054 0.0024722078815102582 -0.21092641353607175 0.00014349471166497099 -0.75039777159690846 -0.0027934967074543233 -2.449806106596952e-05 -0.82535797357559193 -0.0027478551492094989 0.0029044586699455981 0.00022148765856400135 -0.0014691908145323394 -0.0015001597348600624 -0.0049373405054211608 -0.0024325945414602752 -0.24756233394145963 -0.00035693820973392571 -0.0044868511613458386 0.81161108613014232 -1.369321580568794e-05 -6.6835156758315848e-05 0.00051994336536154162 0.00042992031376343226 9.0462770458543687e-05 0.002079960773698986 -2.4514914912288074e-05 0.0031082327477633957 0.90737295150756847 0.032739408314228065 -0.05693021044135093 6.7771921749226762e-05 -0.00013158936053514478 -0.0027251617284491654 2.5000000000000004 0.10281236842274667 0.20471861213445666 -0.28814071416854853 0.00012742874969262632 -0.47962111234664911 -0.12462193891406058 -0.00084325231728143979 -0.00058888783678412427 0.0002590354706626386 0.0032528087031096224 0.69607695937156688 0.10231032595038415 0.0022425769129768018 7.015173832769507e-05 -0.0010379379382356999 4.8269603212247611e-06 0.062250362709164626 -0.00023639863502467048 -2.142393714166246e-05 0.00020210749789839613 7.7073964348528551e-06 0.00014591979561373594 3.1572519219480462e-05 -0.00011410770457587204 0.00095625399262644361 -0.089868456125259386 0.0006163862708490343
decision_type=2 2 2 2 8 2 2 2 2 8 10 10 10 2 2 8 10 2 8 8 10 10 10 10 8 2 10 10 2 8 10 10 10 10 2 10 2 10 10 10 10 10 10 2 10 8 10 10 10 2 10 10 10 2 2 10 10 10 10 8 2 2 8 8 8 8 10 10 10 2 10 2 2 8 8 8 10 10 10 2 10 2 8 10 2 2 2 2 10 10 2 10 10 10 10 10 2 8 2 8 10 8 2 10 10 10 10 10 10 10 2 10 2 10 2 10 2 10 2 2 10 2 2 2 10 10
left_child=1 2 15 4 11 22 8 9 23 55 36 12 13 -2 -15 16 17 33 -17 -19 -18 35 -5 24 25 26 -6 -26 29 30 31 -9 -33 95 58 -22 37 72 -12 40 41 42 -40 -41 45 51 -47 48 -48 111 -46 -45 53 54 -52 56 96 -58 -35 61 -61 -30 68 64 65 -64 -65 -68 -62 -69 -23 -39 -3 78 75 80 -76 81 79 -74 -75 -78 -83 84 -7 -86 -24 -32 89 -80 -4 -54 -93 -38 -63 -1 -8 -29 100 125 -95 -102 -53 -14 -105 106 -84 -85 -97 -56 -111 -50 113 -13 116 -116 -115 119 -119 -118 -121 122 -114 -123 -125 -100
right_child=3 10 90 5 6 83 7 28 -10 -11 38 112 103 14 -16 18 20 19 -20 -21 21 70 86 -25 27 -27 -28 97 59 -31 87 32 -34 34 -36 -37 93 71 39 43 -42 -43 -44 44 50 46 47 -49 49 -51 52 102 91 -55 109 -57 57 -59 -60 60 62 94 63 66 -66 -67 67 69 -70 -71 -72 -73 73 74 76 -77 77 -79 88 -81 -82 82 105 107 85 -87 -88 -89 -90 -91 -92 92 -94 98 -96 108 -98 -99 99 -101 101 -103 -104 104 -106 -107 -108 -109 -110 110 -112 -113 121 114 115 -117 117 118 -120 120 -122 123 -124 124 -126 -127
leaf_value=-0.0014380476299969895 -0.0037804950545868004 0.0053644968965046681 -0.0036862620998844653 -0.007896299961819616 -0.0036589973055461329 0.0040956436548425157 0.0034380231266203584 -0.0032461651965311599 -0.0069801899030657632 -0.0022306120757228033 0.0052215130788287028 -0.0013190558156700599 -0.00052893320369332445 -0.0041610833939786877 0.0061057187333250929 -0.0054176861777121537 0.0094098607623871559 0.0024527836321507281 0.0022787068571219452 -0.0032212514396913034 0.0036407002581968452 0.003403735783786322 0.0019188114168347953 0.0028761157390369448 0.0022945572498249463 -0.0042675639562455812 0.0048974800410754998 -0.0012859795580145727 6.867959444681718e-05 -0.0045203267020862232 -0.00042148774977144595 0.0040689293107096808 -0.0018083804863376024 -0.0078152409866318415 0.0045457343697313047 0.0086341272648641377 0.0055757643863747364 0.0011265850270200215 -0.0069445636610681715 0.0026465504316941289 0.0025865369865699615 0.0019062946368313038 0.00017255610414397316 0.0041438881098141908 0.0030396939218913011 -0.0015005674776525488 0.0091226160255602831 -0.0035015244795341322 0.0012594314050743214 -0.0036717555623555732 0.0031866643210708575 -0.0048135860907636066 0.0001545875704688596 0.002748525112089192 0.0021213284699424925 0.0087072079746070303 -0.00046515963435492296 0.0060564359576140538 0.0010871821537345658 -0.0056144140201762121 0.00088011805225657498 -0.0077663192171384191 0.0036172964483554833 -0.00018929880163374576 0.0062897486526633222 -0.0042848623063877437 0.00063710428427891583 -0.0010439318811106798 -0.0055413874191806165 -0.0087024217616015857 -0.00412254465554632 0.0090955462614710336 0.0040116343489918979 0.0062905885250176211 0.0048068295873355668 0.0086165997964292671 -0.005685439903317273 0.0040528716904269253 -0.00063822155716204742 -0.0040959491184561639 -0.0017108199477051712 0.0021618301780446303 -0.0091376911506142276 -0.006969365236059971 0.0015184070389040875 -0.002529771973607332 -0.0042678409868106143 0.0050645998377288337 -8.159696328973213e-05 0.0073429178288382827 0.001424886751737779 -0.010196824630998969 -0.00133759735896512 -0.0019165246765670541 -0.0028053383640172535 0.0056074015864575966 -0.0037053090595022954 -0.0052496537156626246 0.0020184322011314189 0.0029420784032834837 -0.0026999037329483509 0.0024589268053938863 0.00018503776321029743 0.010266567444262957 0.0020088369214752697 0.0006293972154534723 -0.0022028674329468288 -0.001119819835179456 0.00045567857312030691 -0.0079445660649192871 -0.0024382812655368543 0.007807011100369088 -0.0032606244223225239 0.0036483396317478606 0.006658518848079306 0.00086554250836413319 -0.0015017411626051284 0.002962013389345642 -0.0025552160005995585 6.9867570394556539e-05 0.0080927286888387278 -0.002775227107496545 0.0016574395238423006 0.0041630219136267596 -0.0019492715026675259 -0.0037465044512851541
leaf_weight=104.79019182920456 279.2809787094593 247.3817395567894 159.60184249281883 446.63855120539665 101.40760965645313 168.17082011699677 119.16895499825478 579.61628544330597 530.19558596611023 401.33383964002132 117.46220281720161 1921.6199110895395 120.19392491877079 107.21408723294735 212.68530820310116 125.98913468420506 353.48230087757111 450.75136095285416 506.21060313284397 296.77453608810902 593.25756788253784 208.8989662528038 129.09922222793102 203.57948648929596 139.39973433315754 169.01039916276932 305.68825183808804 390.01134523749352 230.30404128134251 320.40226416289806 242.94547069072723 310.67886038124561 321.67750190198421 103.89202374219894 202.71285180747509 402.99113969504833 112.69629827141762 140.66911973059177 479.11696617305279 486.59700502455235 114.22463884949684 119.70300358533859 134.21472842991352 108.71370096504688 152.14821229875088 309.16744260489941 210.4429148286581 123.21901109814644 203.4030829668045 120.21736927330494 116.71873703598976 360.89976638555527 102.71513380110264 199.44994887709618 99.968473613262177 111.64205092191696 164.12826061248779 373.0161826312542 102.95829424262047 334.94290415942669 159.40337046980858 414.70995490252972 204.89085571467876 883.12632428109646 240.84612572193146 222.089904114604 146.59031704068184 122.8764953315258 414.20786891877651 260.20682910084724 107.25152419507504 145.93379662930965 147.36372563242912 103.1352828592062 160.83164983987808 142.13073961436749 248.83210223913193 185.64754484593868 101.90814337134361 183.4055871963501 215.07025577127934 321.04353323578835 107.68614128232002 253.46660256385803 436.98173201084137 1168.023380830884 718.57944764196873 357.66549533605576 168.39651195704937 420.19354076683521 4457.7814916372299 198.937410145998 106.71669083833694 496.81617349386215 363.50549045205116 1359.8808891922235 204.76737405359745 1096.7450238317251 132.42383769154549 244.67497415840626 192.4271015226841 1103.0672934949398 307.14052340388298 184.14694997668266 212.38945263624191 356.57748760282993 520.44887486100197 243.51389735937119 184.81919482350349 221.68522334098816 432.62210023403168 185.42810727655888 318.65940627455711 360.36371056735516 315.36100108921528 447.55235190689564 234.89110296964645 269.63086833059788 1186.0295903980732 131.94543974101543 187.18208110332489 1957.6879832744598 867.71633742749691 208.66814605891705 254.90118330717087 855.24211482703686
leaf_count=420 1118 991 639 1792 406 673 477 2319 2123 1607 470 7690 481 429 851 505 1419 1807 2030 1189 2380 838 517 815 558 677 1224 1562 922 1282 972 1243 1287 417 813 1618 451 563 1917 1947 457 479 537 435 609 1237 842 493 814 481 467 1444 411 798 400 447 657 1493 413 1342 638 1661 820 3535 964 889 587 492 1658 1042 430 584 590 413 644 569 996 743 408 734 861 1285 431 1015 1749 4677 2880 1431 674 1682 17854 796 427 1988 1456 5458 820 4392 530 979 770 4414 1229 737 850 1427 2083 975 741 887 1731 742 1275 1442 1262 1791 940 1079 4746 528 749 7836 3472 835 1020 3422
internal_value=-6.07832e-05 0.00123956 0.00243724 -0.00125201 -0.00096396 -0.00287144 -0.00168225 -0.0011589 -0.00300309 0.00153987 0.000272015 -0.000195122 0.00197947 -0.000387718 0.00262243 0.00351739 0.00392152 0.00281736 0.000625815 0.000174901 0.00572625 0.00460775 -0.00498416 -0.00207631 -0.00255588 0.000577427 0.00269453 -0.00365946 -0.00176681 -0.000443877 0.000318168 -0.00098933 0.00111538 0.00376578 0.000413968 0.00579075 0.000905765 0.00169249 -0.000620187 -0.000781094 -0.00325859 -0.00421391 -0.00543086 -0.000248837 -0.000657213 0.000635077 0.0021138 0.00344386 0.00469585 0.00259011 -0.00217454 -0.00155579 -0.00274441 -0.00158685 -0.00261902 0.00310912 0.00220214 0.00411855 -0.00367894 -0.00246694 -0.00181998 -0.0043118 -0.00130274 -0.000588217 0.00205987 -0.000500749 -0.00185124 -0.00451449 -0.00378736 -0.00641959 0.000757136 0.00551288 0.0013623 0.0010398 0.000235453 0.00368377 -0.000629201 -0.0011805 0.00285939 -0.000461092 0.0011012 -0.00184901 -0.00104318 -0.00163388 -0.000859293 -0.00142248 -0.00330312 0.00290342 0.00441821 0.00581902 0.00123308 -0.00556294 -0.00737581 -8.08739e-05 -0.00557739 0.00458309 -0.00103033 -0.00424076 -0.000326878 -0.00175092 0.000660768 0.00166326 -0.00257683 0.00463653 0.00615245 -0.00211033 -0.00363704 -0.00425737 0.00500472 -0.00357652 -0.00448416 0.00461105 -0.000479179 0.000107401 0.000985145 0.00336908 0.00019599 -0.000452915 -0.00150697 0.00227258 0.00497537 -0.00129708 0.000304296 -0.0020778 0.000860463 -0.00294884
internal_weight=45570.3 21787 9722.04 23783.4 20218.9 3564.47 10440.8 7504.74 2936.04 1374.06 12064.9 9778.12 1115.91 599.18 319.899 5104.66 4472.46 2806.58 632.2 747.526 1665.88 1312.4 1294.32 2405.84 2202.26 576.106 407.096 1626.16 6130.69 2132.99 1812.58 1211.97 632.356 2059.05 409.563 996.249 7054 3916.66 5010.91 4893.45 847.259 733.035 613.332 4046.19 3559.59 1928.63 1151.88 842.71 719.491 509.049 1630.96 776.754 1478.81 1070.44 870.995 972.723 861.081 537.144 206.85 3997.7 2989.18 1008.52 2654.24 2080.63 667.827 426.981 1412.8 529.674 573.611 383.083 316.15 286.603 3630.05 3382.67 2361.4 460.336 1901.07 1740.24 1021.27 330.769 318.206 1554.59 1305.76 2270.16 1773.18 1605.01 847.679 600.611 690.498 522.102 4617.38 408.369 305.654 3137.35 778.215 1649.49 323.936 1486.76 3024.65 1232.34 1792.31 1295.49 668.04 516.73 396.536 984.713 628.135 496.98 1544.7 754.276 654.307 388.831 8662.21 5054.58 3132.96 762.913 2370.04 2009.68 1455.66 554.019 319.128 3607.63 1186.38 2421.26 463.569 987.666
internal_count=182460 87253 38971 95207 80929 14278 41798 30041 11757 5501 48282 39131 4466 2398 1280 20478 17943 11258 2535 2996 6685 5266 5189 9634 8819 2307 1630 6512 24540 8534 7252 4849 2530 8262 1643 3998 28232 15678 20050 19580 3390 2933 2454 16190 14243 7717 4609 3372 2879 2037 6526 3108 5917 4283 3485 3894 3447 2150 830 16006 11967 4039 10625 8329 2673 1709 5656 2121 2296 1534 1268 1147 14531 13540 9452 1843 7609 6965 4088 1324 1274 6222 5226 9089 7099 6426 3397 2403 2764 2090 18493 1634 1223 12554 3117 6619 1297 5954 12103 4931 7172 5184 2673 2068 1587 3941 2514 1990 6199 3018 2618 1556 34665 20227 12537 3053 9484 8042 5825 2217 1277 14438 4747 9691 1855 3952
is_linear=0
shrinkage=0.02


Tree=28
num_leaves=127
num_cat=0
split_feature=7 11 71 15 199 1 1 215 221 42 216 137 205 102 145 201 101 148 98 74 161 15 47 205 74 101 137 60 98 49 75 188 30 83 142 138 137 11 136 4 99 236 22 143 70 181 137 138 188 42 186 128 216 179 186 117 201 60 98 98 85 161 7 70 137 186 118 3 205 136 99 185 26 190 209 104 121 47 154 215 214 201 67 60 98 76 157 205 41 76 67 188 136 99 111 66 69 215 3 214 138 217 190 103 216 154 163 98 195 156 163 25 60 39 214 236 201 64 189 188 145 69 175 148 85 138
split_gain=176.999 41.3228 21.1477 18.0607 18.1831 19.9421 16.8169 17.9571 17.8337 16.9887 16.7372 16.3418 21.6914 20.6718 17.8671 17.5992 18.5402 21.9066 16.0501 17.565 19.3156 21.4132 15.0662 14.8189 19.233 16.091 16.4531 14.1631 13.923 13.8334 13.7088 13.5796 15.2252 19.3784 15.5588 13.4001 13.3497 15.4423 17.6263 19.6216 16.8428 16.8139 14.6119 13.8189 13.292 13.2026 13.0744 16.9836 16.4404 16.3245 13.0259 13.0082 13.8662 12.9894 16.7231 12.8022 12.618 12.6005 12.5738 14.2628 12.9258 16.0052 12.2706 13.1239 14.4538 13.4349 16.1429 15.2943 12.4396 12.4402 11.8559 15.1405 11.8052 11.6452 11.6294 12.6152 13.1482 13.57 12.2495 14.2353 11.6276 11.5703 13.5764 14.6066 12.1286 11.4581 11.2792 11.2234 11.1899 12.5688 11.3877 11.0541 12.3101 11.045 10.9922 10.8909 10.8679 10.762 10.7532 10.5027 10.4866 10.454 10.4311 10.3421 10.1457 15.3005 12.5503 13.1806 14.2177 12.4639 11.7313 11.1817 13.5991 10.1574 10.1406 10.0731 10.0311 13.4642 10.0305 9.94329 12.0189 9.93799 9.8976 9.86962 10.9175 9.7697
threshold=4.9208983909920796e-05 4.0369024645769975e-05 -0.0039965540636330834 -0.52256253361701954 0.0027776116039603953 -0.00016598559159319845 0.00026714122213888919 0.00268390856217593 0.020263657905161384 0.00020528634922811764 0.18666311353445056 0.00043084092612843966 0.51022517681121837 0.45017816126346594 0.0028702797135338192 0.013943723402917387 0.00040126421663444495 0.0038661850849166517 0.0014369910932146015 -0.22217741608619687 0.0013874679571017625 -0.21664772182703015 0.00088272886932827543 -0.41179029643535608 0.078220181167125716 0.0008819550566840918 0.0007541534141637386 0.0012621575151570143 0.0011731359991244974 -0.00030390442407224322 0.35000000894069677 -0.48250253498554224 -0.00011695196371874771 0.00030998223519418394 0.0024571773828938608 0.00053442965145222854 0.00066578158293850731 -0.00016953380691120398 0.0015420232084579768 -0.0001687684343778528 0.00021507259953068572 -0.68815240263938893 0.00034401255834382033 0.30197732150554663 0.49601377546787268 0.47260613739490515 0.00022797295241616669 0.00034892308758571749 -0.081473007798194871 3.6160317904432311e-05 0.0011222845059819522 0.00034774036612361675 0.16626296192407611 -0.00088575785048305977 0.0049335609655827293 -0.0039156354032456866 0.0056020580232143411 0.0016714714583940806 0.0033803369151428346 0.0040583179797977218 -0.0023149704793468113 0.0026238276623189454 0.00028766164905391639 0.11548734828829767 0.00037842319579795008 0.0023023582762107257 -0.00015780308604007584 0.00014383505913428965 0.25205285847187048 0.0065821174066513785 0.0007684920565225185 -0.0028895897557958956 0.030795574188232425 0.00014086379815125841 -0.000329726593918167 0.0016210068715736272 0.001189056260045618 0.00088272886932827543 0.0034711044281721119 0.0029769836692139511 0.0019476828165352347 -0.0068100630305707446 0.89288195967674266 0.00051257479935884487 0.00087351142428815376 0.00013184225826989862 0.00018783407722366976 0.25932070612907415 1.1182951311639046e-05 4.9429713726567579e-06 0.80847591161727916 0.0051798264030367145 0.0062763064634054908 0.00014102928980719301 -6.3707593653816716e-05 0.00031361047876998788 0.00033435366640333092 0.0034454787382856016 -0.0001776591161615215 0.0017883359105326237 0.00084114089258946489 -0.014682283625006674 -0.00082632087287493039 -0.00058049699873663474 0.74653649330139171 0.00044832390267401939 -0.003662076778709888 0.0011183138121850791 0.00065469465334899734 -3.5889877835870714e-05 -0.005254046991467475 9.9030192359350635e-05 0.00057527804165147256 -7.8579992987215505e-05 0.0013482533395290377 -0.063928332179784761 0.011913708411157133 0.87363627552986156 0.55000001192092907 -0.15587056428194043 0.00166631315369159 0.00048889996833167981 0.0008476467919535936 0.0018367946613579991 0.00091435696231201302 0.0011180592118762436
decision_type=2 2 8 2 8 2 2 10 8 8 10 10 10 10 10 10 2 10 10 10 2 2 2 10 8 2 8 10 10 2 2 8 2 2 10 10 10 2 10 2 10 10 2 10 10 10 10 10 10 10 10 2 10 8 10 10 10 10 10 10 2 2 2 10 8 10 10 2 10 10 8 10 2 10 10 10 2 2 10 10 8 10 8 10 10 2 2 10 10 2 10 10 10 10 8 2 10 10 2 10 10 8 10 10 8 10 2 10 10 10 2 2 10 2 8 10 10 2 10 10 10 10 10 10 2 8
left_child=1 3 51 122 5 55 7 9 28 62 94 12 15 18 45 16 30 29 -13 20 -20 -22 81 27 36 26 -26 -7 -9 -18 -12 -3 70 53 -35 -24 37 38 -25 40 43 -42 44 50 -38 -15 49 48 -48 -39 -40 52 85 54 88 125 -19 97 91 86 -61 -62 63 -4 65 67 -67 -65 69 95 101 -72 -44 -70 -16 78 -77 -78 79 -76 -29 -11 84 -84 -83 -2 -60 -23 -34 -90 -91 92 119 -32 -6 -66 98 -10 -93 -28 -74 -33 -41 -31 106 -106 110 113 109 111 -49 112 -109 -108 -107 -30 117 121 -111 120 -21 -117 -1 -102 -125 -5
right_child=2 31 6 4 10 23 -8 8 57 22 11 13 -14 14 74 -17 17 56 19 58 21 87 35 24 25 -27 99 80 115 103 93 32 33 34 -36 -37 42 46 39 102 41 -43 72 -45 -46 -47 47 104 -50 -51 -52 -53 -54 -55 -56 -57 -58 -59 59 60 61 -63 -64 64 68 66 -68 -69 73 -71 71 -73 100 -75 75 76 77 -79 -80 -81 -82 82 83 -85 -86 -87 -88 -89 89 90 -92 96 -94 -95 -96 -97 -98 -99 -100 -101 123 -103 -104 -105 105 114 107 108 -110 118 -112 -113 -114 -115 -116 116 -118 -119 -120 -121 -122 -123 -124 124 -126 -127
leaf_value=0.0017129935677990336 0.0075152966204289741 0.0036208914489707232 -0.0055950569951514094 0.0024642197355884978 -0.0090655574566455809 -0.002490559946962709 -0.0037070089909099092 0.0031873926483449327 -0.0049484615590579843 -0.0066002639577536276 -0.0045784606374256499 -0.0032516761890391305 0.0094498064830525579 -0.0013928273511817164 0.0042445162540564055 -0.0052422797648722175 0.0040538619073600167 0.0028879286506358392 -0.0047345504345365757 0.0098133516810873216 0.0066198975001212712 0.003451324712086899 0.0033281380662894739 -0.0014709661487648186 6.3052775730208359e-05 0.0043596987984560369 -0.0075591399748409938 0.0058962830661390001 -0.0014604651549624608 -0.0059064047143841513 -0.0022127975139269612 0.0053171212306508224 -0.00837390318699845 -0.0075817830764386461 -0.00026125515882337351 -0.002258859388853634 0.0054000550094360457 0.0015198695241505748 0.0062112316593536865 0.0034271869632597684 0.0050054413988359289 -0.00010981780512504761 -0.0060766171392926324 0.0096137793867816183 -0.00099309463498056957 -0.0080074187902848658 0.0010379490824798305 -0.00035716305483151782 -0.0084218942446866001 0.0088647543852399396 -0.0027893350363976679 0.0073157360263426579 -0.0029775345636315065 0.0044943335420225498 0.0037910954214447896 0.0040890427625668666 0.010494107453018134 -0.0078619504667007071 -0.0071001380275232777 -0.0033782460170002915 0.007511458169990385 2.9889243899276207e-05 -0.0066703579384019889 -0.0079631158535586905 0.0042164564807889004 0.0040373581579341775 -0.0025273504083492605 -0.0014716036591566714 -0.007168392162643776 -0.0033265564916229139 -0.006530380405480928 0.0011558544422049716 -0.0013723543168445253 -0.00040989881799473576 0.0015214985876818756 0.0021022607647349667 -0.0079042977006013437 0.00061508516472730615 0.0056834095940743691 -0.0047718567536105113 -0.001589700076979789 0.00073414939878956921 0.0045404860368009068 -0.0023190979461594173 -0.0050443484589371944 -0.00088795018258006422 0.001220616425764774 -0.0037187505662276523 0.0024403972290405998 -0.0069681858478330919 -0.00023093507850600051 0.0029205106228729267 0.010592269706429741 0.0036600901680908533 -8.2800384978910601e-05 0.00051874097370254216 0.0046612985630822895 0.0027448241198288308 -0.0048221702426041917 -9.790058770073772e-05 -0.0011972681262174356 4.0546170767486517e-05 0.0082735731466833072 0.0020207323747941657 0.0083951602226570565 0.004772595717667848 0.0012777497000360531 0.0029659805131787616 -0.0033470351688751634 0.0024842628625762852 0.0056186144752800853 0.0058742363565088022 -0.0024450823161182166 -0.0037374463946595487 -0.0031793160429248765 -0.00098227597807215854 -0.0031392600131826104 -0.0014599299111213635 0.0092780553232054159 0.00056410417587317448 0.0027118071135400546 0.0032074865273288358 0.006494451856563159 0.0046680912693947548 -0.0015829439687965699 -0.0049838204493442709
leaf_weight=329.71706989407539 118.93447789549828 312.41250531375408 220.65354013442993 149.31366553902626 100.86737622320652 705.68846341967583 1708.0983053296804 378.27483920753002 129.11969071626663 494.81519208848476 195.2797583937645 306.55212862789631 131.82399064302444 241.07260818779469 161.64371326565742 122.91631926596165 274.88361801207066 170.7733436524868 314.68128646910191 151.57375718653202 179.41902785003185 110.13978722691536 217.70193739235401 240.6844270080328 1622.6927521526814 260.76284816861153 188.34880349040031 162.73010681569576 2873.4979992508888 123.39270757138729 191.9898179769516 134.45088721811771 107.46043446660042 356.22499448060989 170.10551266372204 602.95674577355385 391.63285663723946 307.9049279242754 124.6345576941967 329.58612886071205 350.88050357997417 834.66350175440311 107.58363388478756 203.29541216790676 182.1521288305521 244.08430510759354 145.80562946200371 192.09735248982906 120.64194384217262 191.27262762188911 99.823652595281601 120.47033108770847 232.43679995834827 148.20219813287258 166.20732967555523 1767.753210991621 215.98630361258984 207.76666882634163 127.10511511564255 114.12979035079479 207.29642161726952 230.55100245773792 143.96206691861153 271.27100594341755 400.00204740464687 197.1259368956089 464.68361541628838 311.90646697580814 141.61139908432961 235.3203162997961 223.18796724081039 168.19999605417252 825.22931188344955 283.52047622203827 377.19688126444817 107.4210167825222 246.31974379718304 100.18297836184502 125.40230797231197 206.07053390145302 139.5937518030405 157.33389523625374 123.60172241926193 948.44578051567078 1343.9637134820223 114.7038421779871 107.89854724705219 253.02767980098724 182.18263797461987 187.68788877129555 196.92347048223019 108.52828408777714 122.05944542586803 310.93532286584377 99.902766242623329 1349.9639759361744 172.33037854731083 123.89055585861206 146.30466613173485 119.14999483525753 294.65564054250717 5455.243306145072 525.9312107861042 107.39513000845909 184.06372159719467 103.87948706746101 241.96961991488934 300.21277067065239 194.83081705868244 257.53167290985584 380.85908228158951 126.63432011008263 422.65275891125202 421.37547758221626 113.65471857786179 292.33598037064075 262.23800472915173 610.16850012540817 130.86954382061958 249.23337821662426 266.40054804086685 877.29323945939541 395.28013111650944 446.53391337394714 135.8933287858963 101.1094151288271
leaf_count=1322 476 1250 883 598 404 2826 6844 1514 517 1983 782 1228 528 965 647 492 1101 684 1260 607 719 441 872 964 6498 1044 754 652 11504 494 769 538 430 1426 681 2415 1568 1233 500 1321 1407 3345 431 815 729 977 584 769 483 766 400 482 930 593 665 7084 865 832 509 457 830 923 577 1086 1601 789 1860 1249 567 942 893 673 3304 1135 1510 430 986 401 502 825 559 630 495 3799 5384 459 432 1013 729 751 788 435 489 1245 400 5404 690 496 586 477 1180 21827 2108 430 737 416 969 1202 780 1031 1525 507 1692 1687 455 1170 1050 2443 524 998 1067 3512 1585 1788 544 405
internal_value=-6.87689e-07 0.000911891 -0.00169829 0.00135706 0.00124794 0.00166054 -0.00184101 -0.00160266 -0.000748938 -0.00222038 0.00041445 0.00058821 0.00218472 -1.01662e-05 -0.00170472 0.00152324 0.00210465 0.00398202 0.000962532 0.00143357 -0.000946802 0.00134018 -0.00316157 0.00135 0.00156045 -0.000118023 -0.000761456 -0.000956845 -0.000412352 0.00115265 -0.000339022 -0.000336615 -0.000510748 -0.00228761 -0.00531203 -0.000732838 0.00197163 0.00243746 0.00359218 0.00409364 0.00273888 0.00146205 0.000682777 0.00605432 0.00340541 -0.00490593 0.0016075 0.00114018 -0.00353424 0.00456733 0.00230768 0.00197929 0.000355674 -0.000604118 -0.00158672 0.0034952 0.00744274 -0.00443792 0.00245143 0.00046264 0.00220584 0.00374539 -0.00129876 -0.00106604 -0.000763692 -0.00249505 -0.00051092 -0.00465511 0.000143734 0.000813968 -5.45475e-05 -0.0033316 -0.000208157 -0.00288208 -0.000476364 -0.00119342 -0.00372059 -0.00554197 0.000482989 -0.000786453 0.00255557 -0.00380224 -0.00321747 -0.00145955 -0.00443708 0.00364505 -0.00348368 -0.0014776 -0.0029834 -0.00171082 -0.0037006 0.0037098 0.0050873 0.00141925 -0.00500819 0.00140205 0.00105091 -0.00125621 -0.00155215 -0.00485058 0.000228978 0.00018597 0.00652745 -0.00235061 0.00156604 0.00445791 0.00110099 0.000370541 0.00144485 0.00224026 0.00367062 0.000838168 -0.000178468 -0.00192419 0.000700093 -0.000701164 0.000371107 0.000917466 0.00511565 0.00380126 0.00561763 0.00216139 0.00442428 0.00173264 0.00320545 -0.000689148
internal_weight=45660.9 29702.8 15958.1 21894.3 21169.4 14146.6 15371.5 13663.4 5754.59 7908.84 7022.77 6822 1845.38 4976.63 1809.39 1713.55 1590.64 892.431 3167.23 2860.68 857.268 542.586 3888.82 12128.4 11120.4 2190.95 1930.19 1008.01 5293.81 505.671 698.205 7808.49 7496.08 1514.99 526.331 820.659 8929.44 6545.76 2709.5 2468.81 1613.3 1185.54 2383.68 427.754 573.785 485.157 3836.26 3337.08 266.448 499.178 224.458 586.545 466.075 988.664 840.462 2018.18 386.76 460.777 2003.41 786.981 551.977 437.847 4020.02 3876.06 3655.41 1244.99 661.81 583.177 2410.42 1985.29 5981.08 391.388 1809.9 425.132 1324.24 1162.59 453.924 346.503 708.67 583.267 302.324 3068.16 2573.35 1072.05 1501.3 233.638 235.004 363.167 674.254 566.794 384.611 1216.43 789.267 502.925 200.77 1749.97 427.163 253.01 254.833 307.499 1702.31 5589.69 855.517 230.788 3070.63 401.598 2669.03 2096.08 1432.73 1237.9 572.956 849.5 722.866 663.345 217.534 4915.53 2042.04 1779.8 388.401 667.208 417.974 1169.63 724.997 877.083 582.427 250.423
internal_count=182833 118933 63900 87689 84782 56661 61553 54709 23038 31671 28121 27317 7390 19927 7243 6862 6370 3574 12684 11456 3433 2173 15578 48574 44537 8773 7729 4037 21193 2025 2796 31244 29994 6063 2107 3287 35764 26220 10860 9896 6467 4752 9544 1715 2297 1942 15360 13361 1067 1999 900 2347 1865 3956 3363 8087 1549 1845 8023 3151 2210 1753 16093 15516 14633 4984 2649 2335 9649 7947 23931 1566 7247 1702 5301 4654 1817 1387 2837 2335 1211 12291 10308 4294 6014 935 941 1454 2698 2268 1539 4872 3161 2014 804 7005 1711 1013 1021 1231 6816 22365 3429 924 12294 1608 10686 8392 5736 4956 2294 3401 2894 2656 871 19679 8175 7125 1555 2672 1674 4682 2907 3512 2332 1003
is_linear=0
shrinkage=0.02


Tree=29
num_leaves=127
num_cat=0
split_feature=15 230 231 13 73 116 72 109 14 159 144 231 230 13 62 161 139 194 148 138 119 171 60 197 147 13 59 193 230 13 65 28 189 72 13 77 144 139 83 147 161 139 138 214 228 63 192 197 117 139 138 133 230 224 181 218 139 205 112 76 153 110 148 74 62 224 137 153 116 231 213 114 41 159 178 77 112 112 24 61 183 116 42 136 114 147 39 116 168 150 188 150 138 218 61 60 209 178 70 64 72 190 188 150 92 76 144 35 190 178 76 183 74 205 214 193 76 151 197 184 224 178 76 24 74 191
split_gain=156.245 55.1362 72.1228 30.6143 23.1422 21.774 17.2689 19.5661 19.3191 21.9103 17.2121 16.7944 38.5021 26.3399 19.3009 18.2721 17.0527 17.7776 16.749 16.5332 17.6913 16.6985 16.845 16.0245 15.7309 15.5378 15.3605 15.0412 14.5391 14.4767 14.3616 15.3906 14.1114 13.7796 13.5603 13.5168 15.5718 13.4642 13.4356 23.7958 19.905 17.1527 13.4151 13.0969 12.2756 15.0299 18.3425 23.1691 15.2761 15.7101 14.9039 15.1092 14.4811 13.8873 12.3452 12.1658 13.5369 20.096 12.0813 11.9756 12.3126 11.9054 20.1211 11.683 11.5779 11.4861 11.2869 10.9768 10.9278 10.832 10.6687 10.6386 10.6069 10.7431 21.1958 15.2554 14.5272 11.8793 10.5939 10.5001 11.4108 13.9161 10.4758 10.8957 11.7197 12.3623 12.0477 12.5341 19.377 10.4323 10.5832 10.1343 10.1321 13.012 11.7156 12.1558 13.211 14.2547 12.616 15.5172 15.8414 10.7092 10.5219 10.113 13.332 19.5921 13.1721 12.1787 11.1642 10.3246 10.1981 12.3482 11.0086 12.6339 10.0896 10.0646 13.3904 12.7708 12.0718 11.2493 14.606 11.6686 10.6288 10.1708 10.0456 10.9759
threshold=-0.045577239245176308 -0.85377600789070118 -0.11970336735248564 5.1796380375890303e-06 9.6155954452115128e-06 0.00055221034563146542 0.00051318234181962918 -0.0013980048242956398 -6.0343798395479091e-05 -0.0014828903949819503 -0.00026386497484054411 0.10669767111539842 -0.8468879461288451 1.9125845938106071e-05 0.00033551445812918251 0.0025819578440859918 0.00072211341466754686 0.0065290404018014678 0.0016238305834122004 0.001284760073758662 0.00091834520571865152 0.00011943424397031778 0.0022687095915898685 0.0046906284987926492 -0.00023689712543273342 -5.8065775192517313e-06 -0.2911748588085174 0.014154513366520407 -0.88396760821342457 -1.8338230802328322e-05 -0.0004087827837793156 0.00012103196786483751 0.55000001192092907 0.00082711828872561466 4.37117323599523e-05 -0.00017740615294314918 -0.001268071529921144 0.00080961934872902941 -0.00012084826084901577 -0.0029553509084507819 -0.00053561871754936863 0.0007000301848165692 0.001425201597157866 0.0007937636401038618 0.55000001192092907 0.00014751149865332994 -0.00074315149686299254 -0.0035525655839592214 9.6447813120903461e-05 0.000909513095393777 0.00045192151446826761 8.1511698226677271e-06 -0.95943480730056752 0.0018330804887227716 0.36064898967742925 0.0075668988283723601 0.0011426449636928739 -0.13051977008581159 -0.15822847187519071 -0.00028772688528988505 0.00014755356824025514 0.0037315714871510868 0.0077109094709157952 0.024601872079074386 6.0032984038116417e-05 0.0017575530800968411 0.00029808476392645394 0.00097856280626729152 0.00040447134233545517 -0.01963364519178867 0.0026735970750451092 -7.094678949215448e-05 -0.00059436634182929982 0.00021296657359926033 0.62197983264923107 0.00039744722016621386 -0.14251585304737088 -0.045082876458764069 5.0617953093023977e-05 0.00034147038240917032 0.00045728955592494463 -0.00073288445128127922 -0.0007135122432373463 0.0015081869787536564 0.00046487028885167098 -0.0058629696723073712 5.474205136124511e-05 0.00020857508934568616 1.0000000180025095e-35 0.17582130432128909 0.063313707709312453 -0.087693952023982988 0.00079898867988958966 0.0012809027684852483 0.00024769593437667942 0.0013121383963152768 0.00012834784138249236 0.60042339563369762 0.71312302350997936 0.28045651316642767 0.00018037382687907669 -0.0030718407360836859 0.0098224412649869936 -0.29878304898738856 1.0000000180025095e-35 -0.00021108414512127635 -0.0031381556764245029 4.434615675563692e-06 0.0016597839421592655 0.85664933919906627 9.9259032140253125e-05 0.0026129519101232295 -0.076312486082315431 0.052992375567555434 0.0012976065627299251 0.00030164534109644597 4.9429713726567579e-06 0.65000000596046459 0.00059907638933509599 0.4477741420269013 0.010773759800940754 0.43043917417526251 0.00010493815716472456 0.00010746685438789429 -0.16426837444305417 -0.0034691923065111037
decision_type=2 2 2 2 8 8 10 10 2 2 10 2 2 2 10 2 2 8 10 8 2 2 10 10 8 2 10 10 2 2 2 2 10 10 2 2 10 2 2 10 2 2 8 8 2 2 10 10 10 2 8 2 2 8 10 10 2 10 10 2 10 8 10 10 10 10 10 10 10 2 8 2 10 2 10 2 10 10 2 10 10 10 10 10 2 10 2 10 2 10 8 8 10 8 10 10 10 10 10 2 10 10 10 10 2 2 10 2 10 10 2 10 10 10 10 10 2 10 10 8 8 10 2 2 10 10
left_child=1 2 4 24 30 11 44 8 26 -10 59 12 13 16 69 18 78 55 38 20 115 42 -23 34 64 61 114 29 -17 124 31 -1 -30 -19 -22 -32 -37 43 39 89 41 -40 -21 71 45 50 47 53 49 -49 51 -4 -46 -47 -48 56 57 -18 -52 -9 -61 68 -63 -56 -2 -14 -62 -68 -6 -15 103 -31 -67 75 77 79 -77 -75 -5 80 -74 -82 -20 -84 85 -85 -87 88 -88 90 -13 -54 94 101 95 98 -97 -98 99 100 -66 -94 -102 108 105 106 -105 110 -39 -108 111 -106 113 -112 -8 119 117 123 -118 120 121 122 -7 -117 -3 -126
right_child=3 27 6 5 25 19 7 10 9 -11 -12 15 65 14 -16 28 17 33 82 21 23 22 -24 -25 -26 -27 -28 -29 32 37 35 -33 -34 -35 -36 36 -38 70 40 -41 -42 -43 -44 -45 52 46 54 48 -50 -51 58 -53 91 -55 63 -57 -58 -59 -60 60 66 62 -64 -65 92 72 67 -69 -70 -71 -72 -73 73 74 -76 76 -78 -79 -80 -81 81 -83 83 84 -86 86 87 -89 -90 -91 -92 -93 93 -95 -96 96 97 -99 -100 -101 102 -103 -104 104 107 -107 109 -109 -110 -111 112 -113 -114 -115 -116 116 118 -119 -120 -121 -122 -123 -124 -125 125 -127
leaf_value=0.0088010188521630058 0.0043973919913271268 0.0029051630026093399 0.0060080162143843372 -0.0023776875936156149 0.0027320657676817039 -0.010124112795145374 -0.0057476630387567583 -0.0027055502580729698 0.001992147794673911 -0.0051278244595257131 -0.0033216442602002068 0.00012916332035269764 0.0018395368380102509 -0.009719488308031243 -0.00034593622498791261 0.0057912400441587422 -0.0037894243604923434 -0.00097571846217413825 -0.0065080984246073453 0.0084997018479078552 0.00089647909135802449 0.0012888186580614102 -0.0082018745223774846 -0.0044808990248412237 -0.0036784892710112248 -0.002009767118616996 0.0051755973834433271 -0.0046151783427968154 -0.0045345849101493894 -0.0073291845365276564 -0.0024613645205168017 0.0043045198198734423 0.0036552373453149975 -0.0081979847262721051 -0.0053195406498531437 0.0067927760923790171 -0.00035085122825945794 -0.00019691509233161296 -0.0032010772457473947 -0.0087915316384450833 0.0082782770001885234 0.0048648113593094903 0.00032714932206108445 0.001434391510111777 0.0072586143444337012 0.0046652843543142268 -0.003418392299224856 0.011712693291828594 0.00050799950963585237 0.0025426323484849835 -0.0083103530088859002 -0.003255120488251884 0.0045321660317142959 -0.0029767448324023718 0.0038064604859248531 -0.0054977836149753701 0.0048891999146799424 0.002336037141650575 5.6569355073355368e-05 9.6456106998015834e-05 1.6510868530825947e-05 -0.0030968966384179288 0.0069727841829984784 -0.0024927549069499659 0.0017536283919511006 0.0016202003090268471 0.0095500024943139319 0.0026973279518102741 0.0091147785199406448 -0.0020164313937677631 0.0019709550569306828 0.0011230975566604209 0.00049576630346758539 0.0065108455954456211 -0.0017688134930069468 -0.0037302581949588262 0.00270129698071358 -0.00016581851337037543 -0.0082083575609054205 0.0017101518808116346 -0.0074788871956068042 -0.0026278859283254169 -0.0057463541273529081 -0.0054097113947206175 -0.0053476033170578195 -0.0025037257243239364 0.0032724467466762031 0.0058851881692951512 -0.0042790236599222521 -0.0046751039573117541 0.0059552525922296111 -0.003198231279894203 0.00010578365970205478 0.00040821022977614835 -0.003034449566924714 0.003723817275340378 -0.0049753700686486855 0.0027761919032353167 -0.0021627024305528194 0.00058948407038730995 -0.0023182788899106174 0.0077159140034656591 -0.0086559877296103604 -0.00017921334055697228 -0.0025505705690298864 0.0014633220782827431 -0.006025947191046056 0.00038546563243894446 0.0064730911699615677 0.00026636477169414467 -0.00369322189894554 -0.011346292065541178 -0.0061177471237870212 0.0050130938990967612 0.0004657132460840535 0.00035836549187031773 0.00045575158106242713 0.0051868947428032556 -0.0051398472535841037 -0.0077662784554385833 0.0013146362370364667 -0.0020601645801778907 -0.0036511198960475404 -0.0067090895032262399 -0.00205437828966562 0.0013321515365845823
leaf_weight=925.91839829087257 212.63172344863415 1268.9757238328457 139.27531184256077 274.56686572730541 268.59188555181026 216.35522928833961 109.85842321813107 102.65089130401611 220.06248942017555 656.35031409561634 173.40198391675949 444.04674242436886 708.56979531049728 452.61641564965248 150.72916626930237 335.16602997481823 371.28096100687981 214.56507466733456 161.43578609824181 109.14458157122135 944.86117759346962 153.82030496001244 117.61956913769245 433.95584382116795 471.26697878539562 236.76453128457069 219.22230081260204 216.18125596642494 138.14779913425446 110.68157704174519 112.75792908668518 548.77279464900494 159.91514308750629 200.68532691895962 144.28183990716934 405.46083402633667 168.50227147340775 521.59390994906425 207.54624010622501 102.69457013905048 188.18814033269882 176.88566011190414 217.07751312851906 2454.45551019907 349.34405848383904 152.17134109139442 236.31646573543549 255.40126539766788 109.55793079733849 120.97078296542168 136.36969487369061 109.0919067710638 119.00164464116096 192.88275401294231 364.31697925925255 119.87988787889481 226.37275497615337 453.97631920874119 123.11023420095444 216.48722168803215 111.87128162384033 200.0790001899004 104.29895728826523 153.54003150761127 210.11899925768375 545.55984100699425 265.45633563399315 170.13606752455235 192.62831988930702 100.78258979320526 464.85080845654011 100.94018368422985 181.669313788414 230.38807055354118 817.63764244318008 198.88254500925541 372.80427819490433 183.92055451869965 250.20579141378403 129.43903924524784 444.52166943252087 552.84123042225838 180.15204200148582 128.17660848796368 169.61279132962227 304.10583913326263 332.35059261322021 220.59875991940498 201.40306417644024 100.18944765627384 153.92644819617271 113.26491358876228 122.17750404775143 2547.7775749117136 655.52301804721355 555.24499072134495 171.93037092685699 169.43943578004837 1503.8373442590237 3130.0721858590841 315.86011691391468 169.65905804932117 155.44193938374519 510.57188260555267 124.69739632308483 869.97437684237957 431.8681096881628 222.19577540457249 103.97671230137348 133.47055758535862 128.20995604991913 152.46282236278057 184.70889419317245 101.22811113297939 523.77807818353176 248.41362342238426 187.00253947079182 119.31451272964478 783.90376457571983 465.96017318964005 172.51889009773731 354.98351342976093 240.78848028182983 99.847086220979691 446.90037234127522 2134.832847699523
leaf_count=3725 851 5080 558 1100 1079 867 440 411 881 2627 694 1777 2836 1820 604 1341 1487 859 646 437 3784 616 471 1739 1886 948 878 865 553 443 453 2207 640 804 578 1628 676 2087 831 411 753 708 869 9824 1401 610 947 1024 439 485 546 437 477 773 1460 480 906 1818 493 867 448 802 418 615 841 2183 1063 681 773 404 1860 404 727 922 3273 796 1492 736 1003 518 1779 2213 721 513 679 1217 1330 883 806 401 616 454 489 10195 2623 2222 688 678 6018 12525 1264 679 622 2043 499 3481 1728 889 416 534 513 610 739 405 2098 995 749 478 3141 1867 691 1423 965 400 1789 8546
internal_value=-2.70224e-05 0.00133917 0.00252843 -0.00102984 0.00492061 -0.00158112 0.00112526 1.60329e-05 -0.00128338 -0.00333548 0.00216009 -0.00107565 -0.00163853 -0.00345336 -0.00676151 1.85239e-05 -0.0022971 -0.00123106 -0.000623799 -0.00267085 -0.00309204 0.000437998 -0.0031043 -0.001324 -0.000185059 0.00234322 0.000853495 0.000377992 0.00305766 0.000489728 0.00608344 0.00720774 -0.000187076 -0.00468246 -8.0477e-06 0.00353344 0.00475438 -7.84339e-05 0.00101042 -0.000663767 0.00329529 0.000567261 0.0033945 0.00101538 0.00226511 0.00152338 0.00247551 0.0044883 0.00721432 0.00904233 -0.00142972 0.00199994 0.00479495 0.000464399 0.000199057 5.0384e-05 0.000773646 -0.000444247 -0.0046207 0.00330714 0.00416347 0.0037063 0.000570778 0.00191555 -1.2025e-05 -0.000457791 0.00571163 0.00710935 0.00566583 -0.0084359 -0.000818139 -0.00354872 -0.000910418 -0.00136155 9.16968e-05 -0.00230472 0.000413382 0.00367578 -0.00535698 -0.00348063 -0.00406952 -0.00489448 -0.00194219 -0.00138496 -0.000730545 7.09723e-06 0.000751217 0.00209417 0.000371392 0.000743307 0.00177308 0.000807743 -0.000117455 0.000883555 -0.000532725 -0.000259836 0.00186895 -0.00118716 -0.000624589 -9.59942e-06 -0.0026998 0.00474105 -0.00467582 -0.00119929 -0.00170152 -0.000750207 -0.00253409 -0.00366846 0.00107791 -0.00458206 -0.00494565 -0.007827 -0.00274562 0.000241966 -0.000754453 -0.00400863 -0.00275826 3.02211e-05 -0.00407465 -0.00519418 -0.00384662 -0.00494826 -0.00701059 -0.00192221 0.00146125 0.000734654
internal_weight=45577.7 19290.4 8607.67 26287.3 3163.77 15896.3 5443.89 2769.28 1729.27 876.413 1040 10886.4 7181.9 2815.66 704.128 3704.54 2111.53 1586.76 3071.31 5009.85 4412.19 597.662 271.44 1523.1 10391 1002.36 852.859 10682.8 633.229 10466.6 2161.41 1474.69 298.063 415.25 1089.14 686.721 573.963 6615.89 1373.48 800.857 572.62 384.432 326.222 2666.08 2674.62 2093 1585.16 830.984 485.93 376.372 507.847 248.367 581.611 345.054 754.173 1171.51 1051.63 825.257 259.48 866.602 763.951 765.598 304.378 517.857 9919.71 4366.23 547.464 435.592 461.22 553.399 3949.81 211.622 3657.66 3112.1 1231.95 1880.16 571.687 414.309 524.773 1308.47 1179.03 997.363 1697.84 1536.4 1356.25 1186.63 1058.46 754.352 533.754 698.163 597.973 232.267 9707.08 2839.61 6867.47 6211.95 896.615 341.37 5315.33 3811.49 681.421 291.837 471.302 3484.96 2859.39 1945.88 1075.91 913.503 625.571 565.339 691.307 277.16 414.147 229.438 633.637 2889.09 1438.48 467.575 970.906 1450.61 984.646 812.127 457.144 348.261 3850.71 2581.73
internal_count=182508 77271 34516 105237 12709 63656 21807 11088 6924 3508 4164 43586 28760 11285 2828 14826 8457 6354 12292 20070 17677 2393 1087 6101 41581 4020 3416 42755 2534 41890 8689 5932 1193 1663 4362 2757 2304 26475 5497 3205 2292 1539 1306 10671 10719 8387 6353 3331 1948 1509 2034 995 2332 1383 3022 4691 4211 3305 1039 3470 3059 3072 1220 2075 39695 17475 2192 1744 1852 2224 15804 847 14639 12456 4931 7525 2288 1658 2103 5237 4719 3992 6795 6149 5428 4749 4236 3019 2136 2794 2393 931 38844 11363 27481 24858 3588 1366 21270 15252 2727 1168 1886 13944 11441 7786 4305 3655 2503 2262 2766 1109 1657 918 2538 11576 5763 1873 3890 5813 3946 3255 1832 1395 15415 10335
is_linear=0
shrinkage=0.02


Tree=30
num_leaves=127
num_cat=0
split_feature=15 230 231 7 15 101 73 97 236 30 181 205 171 101 15 219 230 231 100 31 49 97 222 183 181 23 71 188 179 231 109 236 133 30 109 30 150 171 193 32 66 136 188 186 42 14 188 203 231 230 29 19 219 47 236 159 150 72 117 222 107 118 220 183 136 194 31 31 166 193 32 217 226 226 171 66 25 41 40 49 212 230 150 215 91 212 213 78 73 171 140 140 230 180 109 137 43 15 222 109 140 213 167 187 118 186 68 217 193 100 40 193 154 75 23 97 19 2 226 213 215 213 118 173 213 62
split_gain=137.634 52.3564 48.3405 32.374 29.9097 25.6666 23.4438 19.0503 18.4638 18.3684 16.6018 16.3688 16.2444 16.16 15.6276 17.4099 15.0958 14.8985 24.0374 20.2009 19.7013 18.7905 18.3391 22.2164 17.5385 15.6145 16.1617 15.7593 14.8261 14.9464 14.5674 13.8577 15.4101 14.6791 13.6164 13.4818 13.3733 13.176 13.0682 14.6261 14.9971 13.1322 13.0083 12.7722 13.5489 13.6915 16.9827 12.1626 12.151 35.6589 15.0851 14.4349 14.9271 12.0015 11.9389 11.8729 12.3527 11.8087 11.8032 12.8341 11.7741 11.7548 14.6442 21.4355 13.7845 18.553 11.6891 11.342 11.2095 12.161 11.1358 11.1025 11.3454 10.964 14.1233 12.2658 10.8141 10.7795 11.4092 12.2569 13.2194 11.8821 15.704 12.7887 10.7075 15.3005 17.6379 13.5096 12.4654 16.7291 12.3076 12.0382 11.0511 10.672 10.6565 10.5904 10.5695 13.2751 10.5195 11.0102 17.3001 20.526 11.5721 13.4591 15.9792 11.5227 11.3296 11.1695 18.8693 11.1081 10.5145 14.7519 10.4994 10.3752 10.3168 10.292 10.2892 10.2116 10.1455 10.0501 13.3883 10.2275 12.62 15.2338 11.1903 13.9126
threshold=-0.0093681761063635332 -0.86051779985427845 -0.0327190039679408 -0.00011179812281625344 0.4331431537866593 0.00055502669420093309 -1.3724687505600739e-05 0.3085551410913468 -0.49210661649703974 -0.00010490603744983672 0.096123799681663527 0.46914316713809973 -0.00055111420806497325 0.00053899263730272662 -0.10940027236938475 0.058629173785448081 -0.99913862347602833 -0.050157042220234864 0.00027711462462320929 0.00023805569799151274 -0.0001493826930527575 -0.35826086997985834 0.56670197844505321 0.0013282378204166891 0.070409402251243605 9.6762196335475905e-05 -0.001083499635569751 -0.37493711709976191 -0.0010856436565518377 1.0000000180025095e-35 -0.00054388106218539168 1.9870588183403017 0.00026451147277839487 -0.0005671864200849085 -0.0015642818179912863 -0.0002095491508953273 -0.50077515840530384 -8.1984737335005762e-05 -0.0011462657130323348 0.8724384903907777 0.0002420419696136378 0.0019110058783553543 0.08109851181507112 0.0039011094486340885 0.00021315428602974865 -4.5909744130767641e-06 0.054845407605171211 -0.00049555167788639654 -0.19294966012239453 -0.83747833967208851 0.66040676832199108 1.8040657323581402e-06 0.27625595033168798 0.00045500503620132809 0.3266922533512116 0.0016604844713583591 -0.17414984107017514 0.0011578596313484015 0.0051343278028070935 0.085089307278394713 0.0014138906262815001 -0.0057067463640123597 -0.015800973400473591 0.0028268276946619157 0.008894202299416067 -0.0056591683533042661 0.00035234019742347305 1.1876461030624343e-05 0.0013489573029801252 0.0023986317683011298 0.28341163694858557 -0.0064701254013925782 0.15939438343048098 0.032646266743540771 -0.00034660602977965022 0.00046697813377249991 0.0001712488665361889 -0.00060657900758087624 0.0001099628643714823 0.00040014515980146831 0.0086087221279740351 -0.85149618983268727 -0.087693952023982988 0.0023785154335200791 -0.21580888330936429 0.013129353988915684 0.00095335280639119457 -0.00062456895830109705 -2.7523612516233694e-05 -9.0971021563746022e-05 0.19380622357130053 0.22803700715303424 -0.97185599803924549 0.0025555334286764268 -0.0033600314054638143 0.00080163980601355444 0.00013456744636641818 0.17538088560104373 0.9727369248867036 -0.0012050459044985471 0.71116662025451671 0.0012304249685257675 -0.26030424237251276 -0.00010747704436653292 -0.0025144687388092275 0.002699406817555428 -0.00034511089324951166 -0.0055252471938729278 -0.004705100553110241 0.00045268080430105334 0.00016255669470410797 0.0038460681680589919 -0.00068053836002945889 0.45000000298023229 5.8361998526379473e-05 0.5808374583721162 2.0487933397816963e-05 -0.00012731143942801279 -0.10197853296995162 0.00077006776700727652 0.0020234774565324192 0.0025111524155363445 0.002412452246062458 0.10624897852540018 0.001525897241663188 0.00020398967171786356
decision_type=2 2 2 2 2 2 10 10 10 2 8 10 2 2 2 10 2 2 10 2 2 8 10 10 10 2 10 10 8 2 10 10 2 2 8 2 8 2 10 2 2 10 8 10 10 2 10 10 2 2 2 2 8 2 10 2 10 10 8 10 8 10 8 10 10 8 2 2 2 10 2 8 10 10 2 2 2 10 2 2 10 2 10 10 2 10 8 10 10 2 10 10 2 10 10 10 2 2 8 10 10 10 2 10 10 10 10 10 10 10 2 10 10 2 2 10 2 2 8 10 10 10 10 10 8 10
left_child=1 2 3 5 7 -1 -5 17 70 10 12 98 -4 42 30 -16 -9 18 19 21 24 -2 31 73 118 26 43 -27 47 -30 54 32 33 -20 -22 58 115 -10 93 40 113 -42 -8 -25 45 -45 -47 -6 49 50 -38 52 -51 60 67 56 -28 -58 59 -18 -15 64 63 -63 -35 -66 -49 -3 69 119 -7 -53 110 74 -24 -76 77 -64 79 80 -79 83 116 -80 -26 86 -86 -87 -88 91 -89 -90 -92 -36 -85 -71 -84 -98 99 102 -101 -102 109 104 107 -106 -103 108 -104 114 111 -73 -82 -40 -12 -37 -83 -39 -19 -17 -121 122 123 124 125 -122
right_child=4 14 9 6 28 8 13 16 37 -11 11 -13 -14 53 15 68 35 20 22 -21 34 -23 23 25 84 27 55 -29 29 -31 -32 -33 -34 61 38 36 48 117 39 -41 41 -43 -44 44 -46 46 -48 66 -50 51 -52 71 -54 -55 -56 -57 57 -59 -60 -61 -62 62 76 -65 65 -67 -68 -69 -70 95 -72 72 -74 -75 75 -77 -78 78 81 -81 112 82 96 94 85 87 88 90 89 -91 92 -93 -94 -95 -96 -97 97 -99 -100 100 101 106 103 -105 105 -107 -108 -109 -110 -111 -112 -113 -114 -115 -116 -117 -118 -119 -120 120 121 -123 -124 -125 -126 -127
leaf_value=0.010349444975799997 0.0037310548713759902 -0.0023721800669601802 -0.0023607224144842256 0.0050496936806437931 0.00020567829827578175 0.009040352773187597 0.0043197919894476765 -0.006021536947292903 0.0055277669221942402 0.0059601541123571449 0.0010420058493067249 0.0057469143225903352 0.0062671391701371905 -0.0017414976626557433 0.0038254591162439956 -0.005736236438814807 0.0048479035336329015 -0.0014732050852811868 0.0068943985314393668 -0.0072400387104776531 0.0034792296641395358 -0.0042025605212721827 0.001759925166399908 0.0060367435191267839 -0.004029222796427416 0.0041024161240358946 -0.0037186267521665162 -0.0035687762665787578 -0.0038062051349075027 0.0027767161679719222 0.0040648820961167505 0.0058179091998269133 -0.006277726803904279 0.0076011638494535329 -0.0062515606178639794 -0.001518066080169197 -0.0013180636072178439 0.001630729874056168 -0.00029105725454674995 0.0061361938025218101 0.0035860301262760287 -0.0040846181830289981 -0.0010835722863083736 0.0027078941195668583 0.0060402675723155112 -0.0066485425318505995 0.0025316207283754295 0.00023356423554346387 -0.000777611733527859 -0.0038700253785444718 -0.0075934447032629891 0.001577959607533009 0.0028212127904844769 -0.0047235791037180622 0.0017671536024348046 -0.0056664661917356987 -0.00074270862481182697 0.0073630331041579442 -0.0040101187145805597 -0.00016781907505886463 0.0032041141764643549 -0.0067481671154970488 0.0044287363754146542 0.0032090061076504362 0.0038360308483673623 -0.0042937249434319069 -0.0061381789284499031 0.00042400137817969049 -0.0027595848719953507 0.00058400043134019131 0.0019412480792490255 -0.0042507317358558162 0.0014199303944577646 -0.0074827717656946978 -0.00049560588339201436 -0.0093027973618737929 -0.0034544101412230382 -0.0028020486220361263 -0.0058255021139938671 -0.0065111613015310923 -0.00083811709117407663 0.0068977325353577947 0.003525002875991225 0.0048525116789720274 0.0038872140722265814 -0.0036994977336876375 0.0012891680325341649 0.0089898009431509957 0.0030813733359820691 -0.0086264891046801857 -0.0029011814574295513 -0.003914153072980796 0.0043313387878009422 0.0010592085611799539 -0.0028755014635533246 0.0078694445399558853 -0.0070093786211940391 0.0011041264068608891 -0.0039836673802673625 0.0049112099900775622 -0.0054328760651338962 -0.00029828490005538467 -0.0034951229368309499 0.00016491115221248153 -0.0019455103516255701 -0.0084732265986197774 0.0064594696731117649 -0.0047542486173993304 0.0068613416517054092 -0.0021395314150796639 -0.0063803320228047588 0.0040425714288037339 0.0045730774417052783 0.0072078943174937798 0.0085016901784007171 -0.010350421038565774 0.00014599799954104382 -0.0053887479530741805 0.004621820148651353 0.0025461720270154174 -0.0024090157752769928 0.0023201451307213652 0.0026247459741031449 -0.0063184912179468609 -0.0033206158593521856 0.0043662780124497143
leaf_weight=427.02045749127865 180.16320510208607 640.7711236178875 102.55027177929878 996.77262622117996 178.4199632704258 348.33131347596645 734.73637033998966 271.51806555688381 214.41898819804192 263.85867740213871 156.35522976517677 194.39436112344265 349.70143266022205 389.67696072161198 296.02621853351593 139.44867527484894 206.60648417472839 148.18185350298882 113.43896831572056 385.88175870478153 1103.0524213463068 278.11416505277157 179.63315431773663 233.88461899757385 476.54213574528694 104.91401733458042 188.61936847865582 867.65658275783062 259.50899690389633 253.00210109353065 502.21886889636517 159.59543062746525 124.42344975471497 147.6647564470768 163.17402693629265 101.619469627738 214.25495879352093 247.51554027199745 136.69325882196426 197.41321995854378 103.71664313971996 320.63847325742245 224.20350220799446 252.38136121630669 133.66212207078934 198.35990196466446 114.178142786026 128.80273945629597 2814.9827420711517 157.83591252565384 618.40879666805267 212.74200773239136 523.44455736875534 198.67981359362602 2434.0325824171305 200.30738586187363 164.87856191396713 103.17476268112659 261.51923474669456 2039.8535254001617 344.33780066668987 272.78133445978165 240.62647131085396 108.68306323885918 279.34558607637882 160.17796336114407 964.19874404370785 4743.0943073481321 1083.0177985727787 243.19223880767822 133.46732650697231 246.69534020125866 156.05962972342968 299.02060271799564 117.41761204600334 123.40602894127369 277.73280917108059 492.41456891596317 144.22429895401001 135.64254190027714 305.48702435195446 335.64959110319614 196.68160139024258 132.09463401138783 151.18200968205929 110.45053850114346 187.67421625554562 105.96312791109085 119.45623058080673 225.89334763586521 124.19289849698544 333.33364836871624 188.68691362440586 132.70793648064137 116.3331738114357 101.4840883910656 114.21714675426483 190.90732683241367 220.2499877512455 455.93103083968163 183.08294905722141 252.05130019783974 106.39286436140537 1900.0986098349094 228.777059212327 215.5913455337286 141.91758687794209 101.89151495695114 144.57008205354214 117.85891290009022 425.93148139119148 108.10648217797279 242.0895538777113 136.67934116721153 133.03330171108246 111.33022867143154 122.17779725790024 100.39044001698494 325.34962764382362 432.58271688222885 228.42538197338581 246.44722501933575 192.46532519161701 320.18881651759148 508.37660744786263 218.20640949904919
leaf_count=1721 721 2565 411 4004 715 1403 2946 1088 862 1057 626 779 1402 1562 1185 558 827 593 454 1546 4414 1113 719 936 1907 420 755 3474 1041 1013 2010 639 498 591 653 407 858 994 547 790 415 1283 899 1010 535 794 457 516 11272 632 2482 852 2095 795 9745 802 660 413 1047 8165 1379 1092 963 435 1118 641 3865 18984 4333 973 536 988 625 1197 470 494 1112 1971 578 543 1223 1343 787 529 605 442 751 424 478 904 497 1334 755 531 466 406 457 764 882 1827 733 1009 426 7610 916 863 568 408 579 472 1706 433 969 547 533 446 489 403 1302 1731 914 986 770 1281 2034 873
internal_value=6.01925e-05 0.0011991 0.0023027 0.00385623 -0.00100031 0.00626196 0.00259629 -0.00079467 0.00442718 0.00100742 0.000723604 0.000351701 0.00429361 0.00126419 0.000335019 -0.000688368 -0.00153519 -0.000322458 -0.000822651 -0.0039861 0.000568653 -0.00105801 -0.000466129 -0.00159371 -0.00065886 -0.000706278 0.000516809 -0.00267527 -0.00347654 -0.000574296 0.000828706 0.000375861 0.00014536 0.000368275 0.00189884 -0.00137234 -0.00190911 0.00186031 0.0004019 0.0016064 0.00018948 -0.00213281 0.00306014 0.00219041 0.000770481 -0.000640271 -0.00334424 -0.00461942 -0.00170225 -0.00266641 -0.0060475 -0.00107994 0.00120486 -0.000607774 0.000610973 -0.0018531 -1.2899e-05 0.00267183 -0.000148752 0.000332185 0.000602015 0.000150625 -0.000302038 -0.00389273 0.00271598 0.000815332 -0.00539661 8.36606e-05 -0.00106672 -0.000354269 0.00722952 -0.00243149 -0.00335597 -0.00464923 -0.0023858 -0.00537598 0.000170057 0.000555821 0.000155298 -0.00127419 -0.000481184 0.00139851 0.00258242 -0.00147988 -0.00147142 -0.000642052 -0.00206386 0.00206692 -0.00316662 -0.00440039 0.00368685 -0.0020163 0.00145868 -0.00311311 0.00128904 0.00304302 0.000107114 -0.00217735 8.58741e-05 0.000320625 0.00208819 -0.000232093 -0.000277097 -0.000756503 -0.00290289 -0.00534106 0.0023305 0.000289417 0.00253693 0.00278492 -0.00432224 -0.00164292 0.00163107 0.00369401 0.00479916 -0.00662782 0.00517746 -0.000577615 0.0027321 -0.000888419 -0.000523463 -0.00131857 -0.00195255 -0.00267326 -0.00134657 0.000946388
internal_weight=45541.7 21957.8 9627.86 4359.55 23583.9 1471.14 2888.41 21799.9 1044.12 5268.31 5004.45 4552.2 452.252 1891.63 12330 4009.86 8470.91 13329 8538.04 844.159 4790.98 458.277 7693.88 3281.49 2496.91 2562.02 1589.45 972.571 1783.93 512.511 8320.12 4412.39 4252.79 4128.37 2294.08 8199.39 5691.41 562.325 1191.02 895.141 697.728 424.355 958.94 932.466 698.582 564.919 312.538 1271.42 5478.46 2663.48 832.664 1830.82 681.28 932.695 7817.9 656.98 456.673 268.053 2507.98 2246.46 734.015 4014.93 3427.74 381.464 587.188 439.524 1093 5383.87 3713.84 2630.82 481.799 1149.53 936.793 719.477 420.457 240.824 3046.28 2768.55 2527.92 1175.63 1039.99 1352.29 959.633 392.652 2023.38 1546.83 1017.54 529.293 866.357 678.683 418.843 452.79 312.88 295.882 248.428 344.676 501.806 305.124 4357.8 4137.55 1032.98 577.052 3104.57 2697.32 797.223 444.368 393.969 352.854 250.963 407.247 780.733 354.802 547.577 273.373 289.389 212.95 457.827 347.906 473.531 2286.14 2146.69 1714.11 1467.66 1275.2 955.008 446.632
internal_count=182376 87953 38605 17504 94423 5919 11585 87273 4198 21101 20044 18231 1813 7581 49348 16044 33923 53350 34178 3380 19172 1834 30798 13136 9992 10256 6362 3894 7150 2054 33304 17662 17023 16525 9180 32835 22796 2259 4766 3582 2792 1698 3845 3732 2796 2261 1251 5096 21943 10671 3340 7331 2727 3736 31294 2630 1828 1073 10039 8992 2941 16071 13721 1527 2350 1759 4381 21549 14859 10526 1939 4604 3752 2880 1683 964 12194 11082 10119 4706 4163 5413 3840 1573 8097 6190 4072 2118 3467 2716 1676 1812 1252 1184 995 1379 2008 1221 17452 16570 4137 2310 12433 10802 3192 1779 1577 1413 1005 1631 3127 1421 2192 1094 1159 853 1832 1397 1895 9147 8589 6858 5872 5102 3821 1787
is_linear=0
shrinkage=0.02


Tree=31
num_leaves=127
num_cat=0
split_feature=11 230 7 5 221 223 7 236 5 225 23 21 222 115 71 147 188 213 188 221 225 78 143 223 117 136 223 107 11 135 95 194 116 153 185 143 127 185 214 150 77 205 30 65 60 69 85 133 161 233 150 156 178 167 152 60 197 213 219 161 149 185 74 219 152 185 194 163 2 28 74 115 51 49 192 41 223 35 167 229 192 138 155 185 103 76 161 74 188 174 81 69 31 213 59 197 217 29 190 219 22 150 156 188 136 99 147 59 116 107 190 225 97 161 76 153 97 30 220 214 213 194 194 71 97 78
split_gain=168.087 52.8449 37.9508 24.5108 24.1297 23.3541 21.1235 20.0334 25.3216 19.6312 19.2827 21.6549 15.6224 15.5755 27.0148 20.4399 16.6688 15.2128 17.3232 17.8759 25.1202 16.2711 15.8936 15.1789 15.1113 24.0125 16.9917 15.5775 15.4648 15.2625 14.8053 14.5013 14.4337 15.3977 14.1608 19.3716 17.6621 16.7021 14.9789 14.4114 15.3372 15.9869 15.528 14.1083 13.8737 14.8329 13.7736 20.1248 16.5324 13.7892 27.991 15.5527 13.6642 13.4777 14.2849 13.1845 13.1258 13.0767 12.8329 20.5571 13.987 13.0022 12.8047 12.5634 12.4385 12.2435 12.1784 12.1496 11.9408 13.7781 11.7894 11.701 13.3818 11.6671 15.4295 11.6372 11.5182 11.4301 11.4189 11.4084 11.3281 12.8447 15.1122 17.8 13.4766 13.4315 14.8909 13.1399 19.0746 15.0551 12.7371 14.4253 11.6705 11.3223 11.1586 11.5129 11.0335 16.6508 11.0146 13.2185 11.4969 10.9618 14.0659 12.1268 11.7701 11.0085 10.9271 15.4125 14.6885 11.3758 10.7355 15.9221 15.2163 10.7252 15.2904 12.2906 10.7623 10.6724 10.6328 10.4884 10.4568 10.4 10.3591 10.3588 10.3248 10.3221
threshold=5.4963420552667237e-05 -0.86711210012435902 1.0000000180025095e-35 -0.00014557177928509188 0.00039260443008970475 -0.026801652275025841 1.4018289675732378e-05 -0.010683681350201367 -7.5826796091860147e-05 -0.00020180674619041381 4.6134378862916499e-05 0.076336536556482329 0.67403277754783641 -0.00010838147863978519 -0.00077160805813036848 -0.004805902484804391 0.08109851181507112 0.0011747906683012845 0.016345168463885788 0.0060479380190372476 -6.6311968112131567e-05 0.00063069359748624276 0.28172977268695837 -0.022781421430408951 0.00034768563637044286 0.0063340286724269399 -0.0034556782338768239 0.0015999690513126554 -0.00052157195750623931 0.459363803267479 1.1908079159184128e-05 -0.013436489738523958 0.00015135425201151523 -0.0010572004248388109 -0.0067884838208556167 0.043415375053882606 -0.00011035129500669426 -0.0055114489514380685 0.00074623699765652429 -0.41702012717723841 -0.00049716525245457877 -0.16490674018859861 -0.00041833736759144807 -0.00034694044734351332 0.00098397780675441048 0.00055789705947972845 0.0015472728409804406 0.0002710412372834981 0.0028557726182043557 1.0000000180025095e-35 -0.1126568242907524 -0.0020619789138436313 0.21913060545921328 0.10538656264543535 0.00011003681356669405 0.00086321384878829132 -0.0024342751130461688 0.0012769211316481235 0.24451486766338351 -0.0053887674584984771 -6.5896481373783891e-06 -0.010973976925015448 0.16511692851781848 0.42289377748966223 0.00024132918042596432 -0.0033247570972889657 -0.0041753316763788453 0.0017688131192699077 -0.00010533731983741744 0.00047300512960646307 -0.046456700190901749 -0.00035276725247967983 -9.9163971754023788e-06 -0.00026691962557379151 -0.0051815439946949473 0.00073423661524429928 -0.013958118855953215 1.0902675512625139e-05 -0.014624538365751503 0.38694638013839727 0.006518817739561201 0.00071461661718785774 0.0047979615628719339 -0.0030440874397754665 -0.00028460551402531559 4.9429713726567579e-06 -0.00079465925227850665 -0.032144498080015176 -0.29386889934539789 0.0055311068426817664 0.00028062054479960358 0.0015980165335349741 0.00098216556943953059 0.0017487984732724728 0.67027109861373912 -0.0054491986520588389 -0.0018875719397328792 0.38468687236309057 -0.0010338208521716295 0.07661036774516107 0.00036684266524389392 0.03659274801611901 -0.00081214620149694372 0.057175701484084136 0.0028701067203655843 0.00023282664915313947 -0.0024045592872425909 -0.57277041673660267 -0.00047854820149950678 0.001615955261513591 0.00090032271691598009 0.00059191219042986642 0.074218358844518675 -0.0014771640999242661 7.9554123658454059e-05 -1.1240970707149243e-05 0.90873530507087719 -0.00021152058616280553 -0.00097600347362458695 0.0020989113254472618 0.0018518653814680877 0.0071695225778967151 -0.006439314689487218 -0.00050543152610771347 -0.077913928776979433 0.00046317490341607487
decision_type=2 2 2 2 8 10 2 10 2 10 2 2 8 10 10 10 10 10 10 10 10 10 10 10 8 10 10 10 2 10 2 10 8 8 10 10 2 10 10 10 2 10 2 2 10 10 2 2 2 2 10 10 10 2 10 10 10 10 10 2 10 10 10 10 8 10 10 2 2 2 8 8 2 2 10 10 10 2 2 2 10 10 10 10 10 2 2 10 10 10 2 10 2 10 10 10 10 2 8 10 2 10 10 10 10 10 10 10 10 10 8 10 10 2 2 10 10 2 10 10 10 10 8 10 10 10
left_child=1 2 7 77 9 63 23 8 64 -5 11 -4 34 14 15 -13 -15 18 19 20 117 -20 -22 -7 25 26 27 -14 -28 32 71 -9 33 -26 39 -36 37 56 -38 -6 68 -42 -43 -19 -31 -46 48 -48 49 50 52 -51 -40 123 -55 66 -37 -16 59 70 73 -60 -33 -2 67 -64 -53 -1 -41 -70 -45 72 -10 74 -61 -24 -66 110 -27 80 81 82 83 101 87 -86 -87 88 -83 -89 -85 -92 93 -88 95 -25 106 -98 100 -100 -32 102 103 -63 -103 -104 107 -57 -108 -110 -3 112 -112 115 116 -97 -115 -8 122 -82 -106 -81 -73 -21 -34 -114
right_child=5 3 10 4 12 6 17 31 30 -11 -12 13 24 16 57 -17 -18 43 21 53 22 -23 75 94 29 78 28 -29 -30 44 98 62 124 -35 35 36 38 -39 46 40 41 42 -44 58 45 -47 47 -49 -50 51 -52 55 -54 54 -56 96 -58 -59 61 60 -62 79 65 -65 76 -67 -68 -69 69 -71 -72 118 -74 -75 -76 -77 -78 -79 -80 121 119 84 -84 90 85 86 92 89 -90 -91 91 -93 -94 -95 -96 113 97 -99 99 -101 -102 104 105 -105 120 -107 108 -109 109 -111 111 -113 125 114 -116 -117 -118 -119 -120 -121 -122 -123 -124 -125 -126 -127
leaf_value=0.0088400998169283537 0.00010625769586995691 0.00064202127883032623 -0.0042403959036107202 0.0010056005470905534 0.0042733528218197583 -0.0070396928623710662 0.0017455772403131853 -0.0029948400667162856 0.0064197284373922513 0.010318786438270401 -0.0011009719434824255 -0.0020016623376476693 -0.0037833666023188812 0.0075996875643819187 -0.00755886554179655 0.0061702313365956966 -0.00057902096930684743 -0.0029369938699556225 -0.0071550420059229691 -0.0040901337582765138 0.0070769752093302885 -0.00055163844099071348 -0.001211696058656119 0.0042451902316461825 -0.006642946039522743 0.0012557414469136772 0.0065137159269755022 0.0038636712882045617 -0.00029989695424454278 -0.0034762712020085097 -0.0051895477847851215 0.0023355714919622355 -0.0021422410989856721 -0.00090498234159274208 0.0061475879567965018 -0.0034121383042163929 -0.0050908368889499376 -0.005281893811358177 -0.0033465733241961493 -0.0037232920328848619 -0.0013058152307444078 -4.786608395002785e-05 -0.0083853505574649906 0.00479323148575904 0.0058754817802846582 -0.0012049715199793194 -0.0084732651173907367 0.0027786762378473663 0.0081102939105390029 0.0059491142271658982 -0.0038429875243838276 0.0069778733529157668 0.00415403470738193 0.00067430471040389644 -0.005365769870133639 0.0055139957436918449 0.004828002779396952 0.0009121050600847722 0.0057456192614862098 -0.0069192213199928921 -0.00070763283527967933 0.0067534577114040815 0.0017260465388182396 0.0049774134447551199 -0.0022260440638268513 -0.0054361119130313653 0.0014867015848665916 0.0037069154252145791 0.0039551474608197947 -0.0026276568869490714 -0.0024776196938222283 0.0061195231678302158 -0.00092065941037228053 -0.0067315435375364611 0.00014444053093561773 0.0055958824539144979 0.0049426221391948291 0.007122873503350927 0.0084004912435440733 -0.00025082099381633978 0.0044168523973988037 0.0040168126429344841 0.0060709310353561762 -0.00035793865986996886 0.0059833029529226464 0.004932757425594487 0.00022521658416368857 -0.00066222673568638369 -0.0031562392296127441 -0.0077540727984298707 -0.0063757553586978001 0.0013979432019003634 0.0034864812325297034 -0.0056463600639180909 0.0016651859387280716 0.00059212784884586807 -0.0010921999543400749 0.0087463202629039834 0.007567132790820187 0.00098284507586368815 0.0022910736733989111 0.0040106607390769985 -0.0043041644417460582 -0.00075535755051257998 -0.005647733938495764 0.0024120942131292968 -0.0083250041765227465 -0.0015806037797711004 0.0042181819032070305 -0.0036793696372678705 0.008063440188599268 -0.0027872416589284394 -0.00068739906199715122 8.8247757822426703e-05 -0.0024886468085306736 -0.0060725210193244387 0.0057798241438863484 -0.0040748221208827175 0.0068307201370046101 -0.00089098139292510163 0.0017399962097321864 -0.0077719220696318252 0.00086306407043016883 -0.012322666313256273 -0.0099691749333165863 0.0057898275627943346
leaf_weight=601.09795838594437 999.82309973239899 1691.4183134436607 182.15814143419266 238.21031977236271 169.91483594477177 116.71188636124134 135.84533597528934 245.79817207157612 731.90077075362206 131.10163672268391 1952.808611124754 167.87193045020103 916.3649313300848 368.58515357971191 147.93247093260288 364.50892798602581 130.44465610384941 2598.2731602787971 651.45480380952358 164.78378804028034 143.57447372376919 196.45549727976322 516.066804677248 153.19364657998085 244.89856106042862 218.65684515237808 131.40636356174946 103.95539759099483 1098.8121211081743 311.64377772808075 186.98297508060932 2808.2233300507069 114.44361621141434 664.22775232791901 241.31483174860477 122.42484140396118 132.67380771040916 352.57119572162628 107.69214504957199 160.14684917032719 1059.9511192440987 127.19877037405968 282.14601321518421 193.11239646375179 187.43275251984596 262.91191202402115 115.70641225576401 105.46536488831043 131.69595758616924 354.99807804822922 508.27327615022659 246.25246722996235 429.52587884664536 265.57822676002979 348.16844229400158 172.38281245529652 150.94499626755714 121.94955542683601 100.93496517837048 176.03692841529846 480.72494423389435 332.20169983804226 189.62233817577362 249.02121099829674 120.06206038594246 158.77235755324364 448.68017368018627 326.53950121998787 432.27117905020714 160.93388357758522 136.91443301737309 158.12238842248917 109.11043751239777 582.90797147154808 333.04645080864429 103.60614837706089 249.77422639727592 139.39352716505527 142.1981453448534 127.56271423399448 298.36766736209393 170.80068968236446 133.59678260982037 698.7664999216795 104.88782288134098 117.88973058760166 206.99636036157608 176.29350608587265 666.45003081858158 381.59279043972492 372.41448639333248 117.83703191578388 99.838828682899475 332.61594223976135 919.27167807519436 163.70721465349197 135.89570771157742 111.71733200550079 123.6676000803709 867.94317202270031 121.20960615575314 104.4102888405323 142.60358947515488 108.88140621781349 207.72815401852131 224.47485569119453 131.18120609223843 320.14216092228889 104.19581647217274 157.19130651652813 280.03354521095753 123.66824473440647 238.80415432155132 1668.0221334248781 1033.4755963534117 301.66469451785088 124.46115663647652 848.65273362398148 169.57425947487354 269.18386615812778 103.89066569507122 158.19062969088554 1013.5237976461649 119.35653057694435 208.92243069410324 143.14227432012558
leaf_count=2418 4003 6773 729 954 680 467 544 985 2940 525 7816 672 3667 1475 592 1459 522 10407 2610 660 575 787 2067 613 980 875 526 416 4397 1247 749 11260 458 2658 966 490 531 1411 431 641 4242 509 1129 773 750 1052 463 422 527 1421 2034 986 1719 1064 1395 690 604 488 404 705 1926 1330 760 997 482 636 1796 1312 1730 644 548 634 437 2336 1334 415 1003 558 569 511 1195 684 535 2798 420 472 829 706 2669 1528 1492 472 400 1332 3678 655 544 447 496 3479 486 418 571 436 832 899 525 1281 417 629 1122 495 956 6674 4135 1207 498 3401 680 1078 416 634 4064 478 836 573
internal_value=-8.48969e-05 0.000961492 0.00196628 0.000158407 -0.000226361 -0.00149074 -0.00167202 0.00270553 0.00354017 0.00467194 0.0002006 0.00190584 -0.000390373 0.00281736 0.00104169 0.00361427 0.00552187 -0.00206018 -0.00320118 -0.00237234 -0.00116975 -0.00567304 0.00153176 -0.000476713 -0.00129162 -0.00028531 -0.00106274 -0.00294495 0.000520461 -0.00259328 0.00262542 0.00151924 -0.0039514 -0.00256038 0.000206878 0.000857101 0.000536058 -0.00252118 0.0010621 -0.00103486 -0.00147515 -0.00265284 -0.0059175 -0.00166617 -0.00035169 0.00186643 0.00131707 -0.00332232 0.00164033 0.00132806 -0.00055386 0.00222636 0.00258429 -0.00463671 -0.00281333 0.00144668 0.00115673 -0.00393231 -0.00122865 -0.00264494 -0.00359026 -0.000753137 0.00188739 0.00114072 0.00591797 -0.00165586 0.00357329 0.00714953 0.000830964 0.00214181 0.00180764 0.0036259 0.00546814 -0.00482372 -0.00246734 6.58703e-05 0.00262061 0.00190393 0.00436448 -0.000888912 -0.000672305 -0.000989477 -1.34833e-05 -0.000397452 -0.00208083 -0.000107273 -0.00108303 -0.00328177 -0.00163335 -0.00561351 -0.00212282 -0.00452571 -0.00230807 -0.00346646 -0.000269867 -0.000792923 0.000102615 0.00366863 0.000916224 0.00193737 -0.00228715 0.00128553 0.00262153 0.00494754 -0.00131095 -0.000284635 -0.000954032 0.00102077 -0.00336103 -0.000455144 0.00155554 0.0034575 0.00467164 -0.00105164 -0.000575484 -0.00380026 0.00054286 -0.00325293 0.00240736 0.00195477 -0.00322834 -0.00465047 0.00166326 -0.00813123 -0.00748524 0.00190738
internal_weight=45665.6 26183.3 11618.2 14565.1 11948.7 19482.3 18233.5 8181.92 4779.51 369.312 3436.26 1483.45 11579.4 1301.29 802.263 532.381 499.03 13753 3493.54 2645.63 1747.75 847.91 763.247 4480.51 4605.87 2611.39 2250.54 1020.32 1230.22 1994.48 3482.04 3402.42 1232.49 909.126 6973.49 4580.93 4339.61 625.941 3713.67 2392.56 2222.65 1469.3 409.345 10259.4 761.988 450.345 3581 221.172 3359.82 3228.13 1045.49 2182.64 537.218 897.887 613.747 1827.64 273.37 269.882 7661.15 1902.74 1572.72 5758.41 3156.62 1248.84 1297.47 348.395 694.933 927.637 753.352 593.205 330.027 2182.23 841.011 1091.99 509.083 619.673 369.836 2616.46 360.855 5657.48 5371.72 4804.17 2546.81 2413.21 2257.37 862.229 757.341 1395.14 837.251 557.886 1189.02 490.252 639.451 539.612 4363.8 3444.52 1132.71 247.613 1299.8 991.611 308.193 1224.19 808.162 441.083 416.029 367.078 885.093 492.525 392.568 261.387 2477.07 785.648 661.98 3291.33 2825.96 465.372 1792.48 984.498 1341.22 567.552 311.619 285.753 1171.65 284.14 323.366 381.946
internal_count=182883 104870 46574 58296 47819 78013 73013 32821 19180 1479 13753 5937 46340 5208 3211 2131 1997 55086 13996 10599 7002 3397 3057 17927 18431 10450 9006 4083 4923 7981 13965 13641 4932 3638 27909 18334 17368 2505 14863 9575 8895 5880 1638 41090 3049 1802 14332 885 13447 12920 4184 8736 2150 3597 2459 7315 1094 1080 30683 7622 6301 23061 12656 5000 5215 1396 2782 3730 3015 2374 1321 8755 3377 4375 2039 2482 1485 10477 1444 22657 21512 19239 10199 9664 9040 3453 3033 5587 3353 2234 4762 1964 2561 2161 17460 13782 4533 991 5210 3975 1235 4902 3236 1766 1666 1470 3542 1971 1571 1046 9919 3146 2651 13169 11307 1862 7172 3945 5378 2273 1248 1145 4698 1138 1294 1529
is_linear=0
shrinkage=0.02


Tree=32
num_leaves=127
num_cat=0
split_feature=11 231 231 231 8 155 11 21 231 231 28 135 222 49 191 62 205 111 201 100 42 30 231 231 222 226 216 112 166 226 150 174 154 95 100 109 187 222 165 187 2 111 212 109 174 87 53 178 110 135 212 11 201 105 116 152 213 226 52 152 222 106 33 231 53 157 36 25 68 212 21 231 52 212 116 85 212 135 226 219 205 161 25 30 221 36 231 216 2 232 176 100 34 36 70 25 216 191 71 53 68 187 171 191 66 62 141 66 25 2 226 232 155 22 150 152 116 71 174 204 204 154 176 204 71 116
split_gain=145.081 49.1203 39.1697 45.2563 58.0638 25.0528 30.3989 24.3751 33.043 52.4551 36.0736 21.1516 19.5963 19.3169 18.8586 17.1041 16.989 17.1177 16.2894 21.4295 16.2021 15.9221 22.6078 21.9246 15.7174 15.6894 23.8102 25.8595 23.4891 25.7637 20.7742 19.3171 17.4033 17.3735 16.4156 15.4973 20.8002 15.449 15.3084 16.9818 15.0533 15.0352 14.6793 14.4462 14.263 19.3656 24.8376 19.8692 17.1148 19.8049 16.6944 14.1764 14.1506 13.7245 13.3769 13.2573 17.2748 16.9178 22.3202 13.1373 13.0356 13.0239 23.7981 19.3908 12.9815 12.9189 12.7539 12.7153 15.3715 12.3797 14.0285 12.1618 12.0336 11.967 11.7932 11.7929 11.7926 11.616 11.593 11.5018 12.368 11.4965 17.4 14.5867 13.3837 11.4135 11.4089 11.2849 11.0653 11.5439 11.059 13.7599 16.3029 11.0111 12.9933 11.904 14.9345 12.9248 10.9692 10.9522 10.8115 10.6734 10.6642 10.6137 11.0779 11.7463 11.1851 10.5118 17.1174 10.837 10.4733 17.7512 12.6566 12.4161 10.3992 10.3237 10.6483 15.2716 10.3047 10.2252 10.4614 10.2498 10.2204 10.1596 10.1472 15.7712
threshold=3.1572519219480462e-05 0.44424325227737432 -0.56099891662597645 -0.11537030339241026 1.0000000180025095e-35 0.0007173679186962546 -9.7324278613086776e-05 -0.086099840700626359 0.02835773024708033 -0.54280677437782276 0.00035571563057601457 0.65172481536865245 0.85159689188003551 -0.00054926631855778385 0.0049499582964926967 0.00017618538549868393 -0.41179029643535608 -1.4986855148890753e-05 -0.0031568020349368449 0.00056619488168507825 5.6588398365420296e-05 -0.000197010493138805 -0.26092512905597681 -0.32762940227985377 0.60085090994834911 -0.043354410678148263 0.51824173331260692 -0.45855279266834253 0.0010837146546691658 0.32826068997383123 -0.36781050264835352 0.007024467922747136 -0.0037192542804405089 -9.4832845206838088e-05 0.00033269979758188134 -0.00085362032405100752 -0.00014863129763398317 0.92383351922035228 -0.00012942297325935212 -5.2200921345502131e-05 -0.00025798578280955548 -0.00011000681843142955 0.027277620509266857 -0.0032724046614021059 0.0038724079495295887 0.00038941086677368736 0.089842408895492568 0.74012190103530895 0.0031366908224299554 -0.013669821899384258 0.0082398699596524256 0.00018116181308869275 -0.0017377145704813299 0.66255462169647228 -0.00077764119487255801 -9.1137251729378463e-05 0.0008635852427687497 0.010905219707638027 -0.00079465383896604169 -0.00047104168334044511 0.26855026185512548 -0.0028867132496088739 -0.00059178550145588804 -0.35224922001361841 0.030587832443416122 -0.00066696718567982305 -0.22775490581989286 9.5564082585042356e-05 -0.00077180398511700321 0.0090996283106505888 -0.22046301513910291 -0.44032992422580713 -0.00082025476149283339 0.0098355798982083815 0.00011622486999840477 -0.0014545079320669172 0.012065581977367403 -0.036117611452937119 -0.21677968651056287 0.25845547020435339 -0.013012803625315426 -0.0011504190624691544 0.0001376565269310959 -0.00016736565157771108 0.0023247023345902566 -0.0070311918389052144 -0.32762940227985377 0.88869845867156994 6.0249476518947638e-05 1.5000000000000002 0.00063628909992985438 0.00027886703901458537 0.00050054810708388697 -0.36750644445419306 0.38798907399177557 4.1798897655098706e-05 0.58119705319404613 0.00022571373847313228 -0.00026665601762942964 -0.1035313419997692 -0.00047584650747012342 0.00015938282012939456 -0.00019620863167801869 -0.0023636787664145227 5.280129698803649e-05 8.8113203673856346e-05 -0.0012354899081401525 0.0002420419696136378 4.7611656555091038e-05 -4.9452786697656841e-05 0.079480085521936431 2.5000000000000004 0.0028874367708340292 0.00079124100739136349 -0.02778714336454868 0.00068905038642697047 -0.00045716288150288159 -0.00099088193383067825 0.0027408690657466654 -0.0041555915959179393 0.0024722078815102582 0.0010102122323587539 0.00072291283868253242 -0.0027810127940028902 -0.0041538821533322326 -0.0017528288881294427
decision_type=2 2 2 2 2 8 2 2 2 2 2 10 10 2 10 8 8 10 10 10 8 2 2 2 8 10 8 10 2 10 10 10 10 2 10 10 10 10 8 8 2 8 10 10 10 2 2 10 10 10 8 2 10 10 10 10 10 10 2 10 8 10 2 2 2 2 10 2 10 8 2 2 2 8 10 2 8 10 10 8 10 2 2 2 10 10 2 10 2 2 10 10 2 10 8 2 10 10 10 2 10 10 2 10 2 10 10 2 2 2 10 2 10 2 10 8 10 10 8 10 10 10 10 10 10 10
left_child=1 2 18 4 5 61 119 13 9 37 12 44 21 74 -14 -12 17 -5 19 55 -8 86 23 35 -6 26 30 -28 29 81 -20 34 -33 40 -32 36 -23 -9 41 103 -30 72 43 76 45 46 118 53 49 66 -51 64 -29 -47 -43 57 -57 58 -1 -59 -48 62 -4 -63 -24 -41 -46 68 -26 70 75 -17 -18 -70 -2 -21 -15 -25 -53 -36 -81 83 -83 84 -27 -65 -11 -39 110 99 -50 92 -92 94 -67 96 97 -95 -80 -90 -58 -35 -87 -40 -105 -106 -107 109 -109 -45 113 112 123 -3 -82 116 -93 -118 -10 -7 -121 -122 -42 -112 -54 -126
right_child=7 88 3 16 24 6 20 8 11 10 15 -13 14 42 -16 71 38 -19 25 69 -22 22 51 77 67 28 27 52 33 -31 31 32 -34 101 79 -37 -38 87 39 65 122 54 -44 107 48 47 60 -49 90 50 -52 78 124 -55 -56 56 100 59 -60 -61 -62 63 -64 85 -66 93 -68 -69 73 -71 -72 -73 -74 -75 -76 -77 -78 -79 98 80 114 82 -84 -85 -86 102 -88 -89 89 -91 91 115 -94 95 -96 -97 -98 -99 -100 -101 -102 -103 -104 104 105 106 -108 108 -110 -111 111 -113 -114 -115 -116 -117 117 -119 -120 120 121 -123 -124 -125 125 -127
leaf_value=0.010141452587241398 0.0074859686376424362 -0.0017184578082343833 0.006789582735480232 -0.0072710868156760826 0.0021049979530279703 -0.00095538944451444452 -0.0053379250664569765 -0.00091379550534660963 -0.0044227487140033979 0.0045817963020710626 -0.011402919850200331 -0.0031351241004300631 -0.0090308545970158895 -0.0057494749789936319 7.1118726822912354e-05 -0.0092097437814270752 0.0029595145479768248 0.0010496355775049802 0.0063860908834232786 -0.0043710686992532444 0.0020348321999546239 0.00089453645884139221 -0.0030918480411907616 -0.0042458627787956378 0.0041783721478898493 0.0037080134656284022 -0.0070026743723313354 -0.00375396027390074 0.0042253120511652701 0.0085904684543569605 0.0023155210486822957 -0.002330153966092219 0.0069089672759136116 -0.0079511588117664074 -0.0082131617581116725 0.0023805356560194302 -0.0079562672482951565 -0.0092573855504005948 0.0016743481640372781 -0.0033416830255512476 0.0019903512620737208 0.0083237793316886608 -0.0064399947197156925 -0.0011312640965528823 0.0028406973601147966 0.00027741161387929584 0.0018515593459384064 0.0038672231237050323 -0.0044192931397471595 -0.0090397789981047447 -0.0023617221753973257 -0.0085933198616161693 0.0080567071220419909 -0.0085311773908515517 0.0028724476390372435 0.0078939940761788285 -0.0018913336984939461 0.0036388432977294757 0.00069086489287496615 0.012101099025979514 0.0086928678075249427 0.01004265755820026 -0.0017521356542648471 0.0068451884923156911 0.0029118000426201023 0.0017678931630504284 -0.001429886784223372 -0.0057165766521389914 0.0010368752052379107 0.00087920869790247282 -0.0076749479364659548 -0.0037875535579593713 -0.0054698551610945709 -0.0075048700773600388 -0.00011500838739827947 0.004330558476957686 -0.00025190587380335478 -0.014063752015070468 0.0015010372357097319 0.00131721814349531 -0.0077771157588447468 -0.00038940975473499728 0.0063757202987244233 -0.0077035682093872498 -0.0026721030537842768 -0.0028126914946683037 -0.0016547524775965706 -0.0025942227379457884 -0.0075733886119729536 -0.0010234936512431264 0.00050727300363331872 -0.0028410559054273506 0.0089994954731014015 0.004832254524909243 -0.0056845073314526293 0.0014185796878249726 0.0067123725623006759 -0.0035150620735507178 -0.005189960468348063 1.9396570534587417e-05 0.0037681171857342727 -0.002099829947416202 0.0045877045862311007 -0.0069842261019242603 0.0042710361896645494 0.00096637078690739735 -0.0049116282136392733 -0.00433514811082237 0.00047710394248610922 0.0062655792124430348 -0.00016828065603522339 -0.0018305177462284905 -0.0020744060673132713 0.0020569258638053652 -0.00085988563553698568 -0.00359438255827795 0.0085796062508409574 0.0010155207927189994 0.0023291602965756584 0.00755236946099386 0.00016451990105543078 0.0065958355199773498 -0.003976158814598783 0.0070783809680518396 -0.0028819199514151239 0.0031536331465034061
leaf_weight=105.41014525294304 190.42324213683605 2112.61752602458 314.00048811733723 172.82606583833694 747.63099594414234 101.97081816196442 200.94598898291588 5727.9256493449211 141.66592617332935 197.80538819730282 285.79357373714447 1002.2025621682405 329.43586754798889 287.9116325378418 122.72068074345589 243.60482424497604 121.22906941175461 194.04539190232754 106.95988214015961 101.44394317269325 242.2267097234726 156.94699993729591 194.72869451344013 106.53005297482014 179.85423496365547 170.41453641653061 100.70767492055893 116.6809110045433 146.35668848454952 119.45204849541187 148.16753141582012 151.9511171579361 139.19149844348431 341.12445345520973 238.9035617262125 141.86249059438705 286.09341868758202 124.80496242642403 304.20073291659355 194.74376679956913 137.68690353631973 239.93262001872063 134.69383253157139 114.44681869447231 354.02113059163094 121.93744814395905 186.80420029163361 151.65866297483444 121.93193866312504 199.76704296469688 542.22954413294792 113.93108317255974 129.93957743048668 144.62107108533382 724.34745006263256 103.34692317247391 454.62082962691784 165.8887020945549 509.8098012804985 159.60273957252502 314.57969398796558 646.13233622908592 202.94432301819324 561.81781350076199 422.57545414566994 195.90531426668167 1091.7064409255981 225.05934222042561 124.44232332706451 1071.515644967556 145.95722922682762 608.17343190312386 111.57099252939224 109.45487186312675 132.44333049654961 107.93024587631226 320.39421266317368 130.40968638658524 201.0538525134325 179.17072480916977 197.67172810435295 629.73174311220646 179.64777605235577 133.19422402977943 407.84289236366749 108.67131596803665 238.01069140434265 435.80909831821918 265.11239263415337 563.77262437343597 182.17990820109844 189.4370215088129 164.64224354922771 124.56638807058334 147.82196772098541 2244.6202921271324 413.67158688604832 132.81674267351627 159.49950487911701 103.46485774219036 168.80040843784809 218.92444495856762 185.03371034562588 162.31949254870415 104.89421825110912 207.25299407541752 301.73201267421246 309.60549601912498 2851.4106974899769 203.40324045717716 100.68361607193947 377.78762571513653 105.91631233692169 398.92562231421471 153.94971641898155 197.09861749410629 108.20306865870953 684.61561262607574 186.12843005359173 469.0091187953949 233.98964463174343 153.3335050791502 455.83565942943096 301.80738091468811 178.15865913033485 1606.7478701472282
leaf_count=422 762 8455 1265 692 2993 410 805 22931 567 792 1150 4014 1321 1152 492 979 486 777 428 406 971 629 780 427 720 682 403 467 586 478 593 608 557 1365 956 569 1147 500 1218 780 551 962 539 458 1417 488 748 607 488 800 2171 457 520 579 2902 414 1820 664 2041 639 1259 2601 815 2258 1692 785 4370 901 498 4289 584 2442 447 438 530 432 1282 523 806 717 791 2520 719 533 1632 437 953 1746 1061 2256 729 758 659 499 592 8992 1658 532 640 414 676 876 744 650 420 830 1208 1239 11409 814 403 1512 424 1597 616 789 433 2740 745 1887 941 616 1824 1208 713 6430
internal_value=-9.1079e-05 0.000945156 0.00135588 0.00217229 0.00362008 0.00501271 0.00289552 -0.00131881 -0.00167929 -0.00237264 -0.00417731 -0.000510027 -0.00292202 -2.31967e-05 -0.0066621 -0.00716492 0.00102312 -0.00304335 0.000414414 0.00160043 -0.00139431 -0.00215208 -0.00293242 -0.00539805 0.000162291 -0.000163252 0.000750125 0.00204845 -0.00123227 0.000361699 -0.00135269 -0.00213012 0.00224712 -0.00321858 -0.00353688 -0.00312737 -0.00491766 -0.00123252 0.00129308 0.000754699 -0.00115181 0.00328657 -0.00039218 -0.000162484 1.77921e-05 0.00185836 0.00359932 -0.00160011 -0.000587285 -0.00174008 -0.00434972 -0.00101271 0.00256103 -0.00476355 0.00437042 0.00312604 0.00105448 0.0046712 0.00257843 0.00824857 0.00631275 0.00643982 0.00349588 0.007394 0.000980353 0.00143777 -0.000359639 -0.00210623 3.06444e-05 -0.00020104 -0.00333184 -0.00551399 -0.00119345 -0.00323664 0.00454314 0.000101012 -0.0029541 -0.0103236 -0.00354045 -0.00469358 -0.00286875 -0.000387736 0.0012297 -0.00221111 -0.000730757 0.00520989 0.00125269 -0.00434537 -0.000986018 -0.00289217 0.000945463 0.00142569 0.00480954 0.00174198 -0.0015734 0.00214088 0.00444594 0.000581943 -0.00157609 -0.00555069 -0.000289459 -0.00581513 0.00184479 -0.0014156 -0.00263822 -0.00130496 -0.00257213 0.000339747 -1.85247e-05 0.00369293 -0.0004491 0.00139949 0.00377808 -0.00110727 -0.00495783 0.000366969 0.00121771 0.00223357 -0.000675404 0.00486732 0.00556666 0.0029094 -0.00257227 0.00534347 0.00298065 0.00252594
internal_weight=45575.7 24717.8 20387.8 10905 4806.52 3420.08 1401.48 20857.9 16313.1 10227.7 3939.18 6085.43 2801.6 4544.73 452.157 1137.57 6098.5 366.871 9482.74 3094.33 443.173 2349.45 1913.63 821.843 1386.44 6388.41 3448.2 2132.23 2940.21 1640.28 1315.97 1209.01 291.143 1299.93 917.863 584.903 443.04 6288.54 5731.63 4534.55 739.879 1197.08 4221.87 4087.17 5083.23 1247.4 829.178 418.217 3835.83 2187.72 741.997 1091.79 2031.53 266.559 964.28 1667.48 726.768 940.711 615.22 325.491 501.384 2018.6 516.945 1501.66 617.304 3454.15 1445.73 638.811 413.751 1426.85 355.331 851.778 232.8 233.897 322.867 209.374 608.306 236.94 474.484 769.696 530.792 1520.83 809.38 711.452 578.257 855.523 435.816 560.614 4330.09 932.35 1648.11 1526.18 346.822 3259.4 343.727 2915.68 671.055 257.383 360.553 368.577 623.421 560.049 293.705 1080.4 776.199 613.879 508.985 3478.87 3161.02 317.85 3397.74 886.195 508.407 2511.54 351.621 1179.35 982.256 792.819 327.794 958.303 856.332 387.323 593.523 402.491 1914.85 1784.91
internal_count=182534 99012 81682 43730 19300 13750 5630 83522 65337 40976 15799 24361 11228 18185 1813 4571 24430 1469 37952 12387 1776 9415 7670 3295 5550 25565 13799 8533 11766 6564 5266 4838 1165 5202 3673 2345 1776 25177 22961 18164 2961 4797 16893 16354 20347 4993 3319 1674 15354 8758 2971 4375 8130 1067 3864 6676 2910 3766 2463 1303 2007 8120 2080 6040 2472 13838 5787 2557 1656 5711 1422 3421 933 936 1292 838 2434 950 1903 3080 2124 6086 3239 2847 2314 3439 1745 2246 17330 3731 6596 6108 1388 13058 1377 11681 2689 1031 1446 1475 2496 2241 1181 4326 3108 2458 2038 13920 12648 1272 13599 3547 2035 10052 1407 4720 3931 3173 1312 3854 3444 1557 2375 1611 7663 7143
is_linear=0
shrinkage=0.02


Tree=33
num_leaves=127
num_cat=0
split_feature=9 230 236 9 5 71 230 64 52 230 236 0 2 119 222 205 42 24 180 5 174 45 149 195 232 195 2 2 191 173 161 174 63 143 145 143 150 29 195 61 77 205 64 53 67 187 72 177 0 100 28 24 213 26 197 218 143 218 74 218 145 194 209 222 222 213 152 152 214 92 118 218 173 176 225 71 72 108 149 80 68 195 186 24 218 187 174 209 101 101 176 214 24 57 74 68 136 150 42 152 225 152 174 232 108 159 182 236 152 42 61 28 214 24 232 174 176 71 101 68 193 141 83 42 152 213
split_gain=133.456 61.6426 31.504 37.4768 27.4702 19.7355 19.5386 19.0718 18.8427 17.9009 15.2519 15.1555 14.9409 14.6309 14.6298 14.4895 18.6413 18.3044 13.1992 12.9837 13.5577 13.6959 12.8109 13.241 18.4664 17.5175 12.5189 12.4894 12.4812 12.4629 11.9655 15.1005 14.0143 11.9061 11.8969 16.6731 11.6776 11.3793 11.0336 10.9208 16.8161 19.2289 10.7264 10.7079 10.5314 10.33 12.7573 10.6599 10.2154 10.2059 10.1831 10.1561 10.1404 10.136 12.7339 14.4366 16.0358 13.1494 13.6341 11.1536 11.1181 11.2614 11.3286 10.7009 14.0927 10.3497 10.0991 11.9414 12.8292 10.9815 12.9133 12.8919 10.8031 13.0251 12.645 10.6039 10.9857 13.341 12.9078 10.6258 10.0789 10.0136 9.95544 11.0193 9.90176 9.8686 18.3831 9.82327 14.8022 13.0829 11.965 13.2556 9.81027 9.78753 11.5724 9.77003 9.69704 9.573 9.54874 16.4811 9.99278 9.46908 9.40608 9.37159 9.32766 9.29379 9.16811 9.29689 9.12466 13.4437 11.8631 10.5941 10.0489 9.82714 10.9629 9.22677 13.0922 9.1079 9.09305 8.99657 8.94404 9.64434 10.4246 8.92443 8.89476 8.85906
threshold=-5.8733623973239438e-06 -0.83985477685928334 1.0000000180025095e-35 -0.0001266554827452637 0.00011953776265727357 -0.0036269987467676397 -0.85149618983268727 0.070977699011564269 0.00015842860011616724 -0.88396760821342457 0.97449588775634777 -0.00019269979384262112 -0.00015275396435754371 0.00029496345086954539 0.046891180798411376 -0.19544877111911771 0.0024189506657421593 0.00012744066771119836 0.0069132540374994287 -2.7606278308667239e-05 0.016518680378794674 0.00053891516290605079 4.1936345951398841e-05 0.0017056429642252626 1.5000000000000002 0.0032442645169794564 0.00010001230839407073 -0.00016758735728217286 -0.0011438818764872847 -0.5514160394668578 0.003068185294978321 0.0045722478535026321 0.00026180200802627956 0.73896652460098278 0.0010198780219070616 0.25571362674236303 -0.46348603069782252 0.99999991059303295 -0.0012104758643545208 6.012113772158046e-05 3.3874948712764315e-05 -0.15389869362115857 0.92982456088066112 -0.26173044741153711 0.48439124226570135 3.7471205587280569e-06 0.00092330333427526068 0.0011758649488911035 -5.2332632549223483e-05 0.00033453726791776722 0.00022731198987457904 4.7103578253882013e-05 0.00069201501901261519 0.46349540352821356 -0.0063518933020532123 0.002248656353913248 0.090121433138847365 0.0023586476454511289 0.035424495115876205 0.00050203243154101085 0.00078426187974400829 -0.0034115230664610858 -3.4331618735450313e-05 0.05713802948594094 0.22690103203058246 0.0030156566062942152 -0.00028956370078958566 -0.00063770895940251638 0.0015911581576801839 1.0000000180025095e-35 0.0041711567901074895 0.0072437289636582145 0.77330589294433605 0.00054842006647959362 2.8403039323166016e-05 -0.00031999737257137889 0.0015601806226186456 0.91028833389282238 7.839884801796872e-06 0.00052737898658961069 -0.00044240988790988917 0.0023859009379521017 0.0014660128508694472 4.7505700422334492e-05 0.0018709916039370003 -0.00030710120336152608 0.0053595514036715039 -0.00060620991280302395 0.00059877429157495509 0.00071022188058123003 0.00063038361258804809 0.0014075059443712237 0.00011872480536112563 9.2916092398809283e-05 -0.20467758178710935 -0.00032827125687617803 0.0067505722399801025 -0.039695283398032181 -0.0005958917608950286 -0.00031651549215894187 -8.8843156845541657e-05 -5.1880268074455664e-05 0.0033997320570051674 2.5000000000000004 0.84130656719207775 0.00074353141826577495 -0.00022943888325244186 -0.36775100231170649 0.00047919532516971236 0.0001833882124628872 0.00011883343177032658 0.00013344597391551363 0.0011281270999461415 9.4772778538754223e-05 2.5000000000000004 0.0077610369771718988 0.0012458633864298465 -0.00033922205329872662 0.00063883955590426933 -0.00065518508199602355 -0.0095973312854766828 -0.0018722389941103754 8.8720193161861985e-05 0.0016420762403868141 -0.00023086919827619565 0.0019766339100897317
decision_type=2 2 10 2 2 10 2 2 2 2 10 2 2 2 8 10 8 2 8 2 8 2 10 10 2 10 2 2 10 10 2 10 2 10 10 10 10 2 10 10 2 10 2 2 8 10 10 2 2 10 2 2 10 2 8 10 10 10 10 10 10 10 10 8 8 8 10 10 8 2 10 8 10 8 8 10 10 10 10 10 10 10 8 2 10 8 8 10 2 2 8 10 2 2 10 10 10 10 8 8 8 8 10 2 10 2 10 10 10 10 10 2 8 2 2 10 10 10 2 10 8 10 2 10 8 10
left_child=1 2 3 12 8 -6 9 -5 22 29 14 50 18 52 -3 17 19 28 -1 42 21 36 39 87 49 33 98 44 51 119 31 101 38 -26 95 -36 -21 -31 43 40 -2 -42 -17 -33 -15 105 47 -47 -12 -25 -10 -13 -4 60 65 56 124 -57 -59 -58 -41 120 102 -61 -65 -55 67 -38 -69 92 72 -72 73 74 -71 79 77 78 -77 -75 -81 117 -66 -84 -85 -53 -87 -24 90 -90 103 -92 -68 94 -23 -8 -73 -28 100 -100 -9 -14 -63 -89 -95 -37 -16 -108 109 111 -111 112 -54 114 -113 -114 -117 -74 -11 -7 -62 -122 -123 -96 -56 -64
right_child=4 10 13 7 5 6 34 26 11 118 48 15 30 27 106 16 -18 -19 -20 20 -22 93 23 24 25 -27 97 -29 -30 37 -32 32 -34 -35 35 45 66 -39 -40 53 41 -43 -44 -45 -46 46 -48 -49 -50 -51 -52 85 108 54 55 57 59 58 -60 63 61 62 125 64 82 -67 69 68 -70 70 71 96 81 75 -76 76 -78 -79 -80 80 -82 -83 83 84 -86 86 -88 88 89 -91 91 -93 -94 104 123 -97 -98 -99 99 -101 -102 -103 -104 -105 -106 -107 107 -109 -110 110 -112 113 115 -115 -116 116 -118 -119 -120 -121 121 122 -124 -125 -126 -127
leaf_value=0.007676884646727649 -0.0022757533378332268 0.0032216435610702004 -0.004076122303304907 -0.0046538450800688641 0.0023861499803523511 -0.0019596878563411016 -0.0004422534284242108 0.00096025651908730378 -0.00065643406661739878 -0.0048528047406777288 0.0036962819723270757 -0.0078064305263700721 0.0077570201554742289 -0.0028946726361282751 -0.00040499096153513578 0.00017552672941790079 -0.0057416093033236231 0.0022358797045937211 0.00027631470157867205 -0.0058665254804983347 -0.0074717251629832235 -0.0015115960490918899 -0.0018592863420002471 0.00054444683587458252 0.0015927348633053633 0.0057370794502235216 0.0014034032263323115 -0.0034945394028289556 -0.0073994333560172048 -0.0014877601634535227 0.0073760520009592857 -0.0024078767746934055 0.0037567347346599608 -0.0060733795102013589 -0.0071809986872869679 -0.0008152557884634926 0.00077826001782398168 -0.0067703224002916874 -0.0034971382166040302 0.0033140205535696567 -0.0015288843944716941 0.0086321312313750714 0.0056701525572373573 0.0056774995532092318 0.0041262606102336176 -0.0034831811055620852 -0.003452775301417505 0.0040776502434681314 0.00052886619035583842 -0.0062741949042071296 0.0076163132312358989 -0.0045756477380223346 0.0060837079860730607 0.0038659448970060233 -0.0016307742689322035 0.0056123112320030826 -0.0063243506090072052 -0.0014689292112640745 0.001830156918200844 0.0014823348679768051 -0.0025515114285632385 0.00097788542730462761 0.0020832800633060382 -0.0050811396642138889 -0.0030658738013535003 -0.0028116899314645847 0.0010872439999074319 -0.011317107379004406 -0.002547253618023367 -0.0028395577901745529 0.0059963295634289848 -0.0050472754306703903 0.0010494200070495479 -0.004964941392942959 0.0052757881784848684 -0.0034740206012198313 -0.00060748791770126251 4.7995466186042979e-05 -0.012136956303750007 -0.0027896801967510379 0.0041739458931762024 -0.01034635175563357 0.0060632624315598961 0.0018570673952991324 -0.0052865540497430445 -0.0042482194183598235 0.0054210563269899105 0.0060939365171528339 0.010656153139038964 0.0025493041225900727 -0.0056580933098536448 0.0022080824845725276 -0.0046197685920818235 -0.0045975958127224097 0.0070932977093917261 0.0058438734738319315 0.0017657748376590538 -0.0056246834012381383 -0.0017321571843120658 0.0026920065707532362 0.0076666573380794059 0.0024424936803922608 -0.0058639035248230368 -0.00010407796683489367 0.0022351943839191029 0.0044451885099553003 0.0068360877543499864 -0.00079938616446060401 0.00547715248864079 0.0016216543220762595 -0.00532212988787695 -0.003819912246259174 0.001044012283533435 0.0025846552985686832 0.0021894295847471193 0.0064892288039077907 -0.00061627524125226079 -0.0056717413442956477 -0.012216290100386214 -0.0094632278304793011 0.0061263024192386674 -0.0032753573623626178 0.0040316105610219925 8.2169171864490649e-05 0.0036530927977068452 -0.0039604808580587852
leaf_weight=871.07631787657738 179.38023066520691 474.13673064112663 107.25151485204697 160.968381986022 323.08075435459614 113.43566958606243 351.13391491770744 144.41568037867546 109.72120872139931 204.15009382367134 712.7835646122694 101.80457673966885 316.37539552152157 120.73733149468899 9490.3702184855938 1134.2121464312077 319.46699824929237 168.87388363480568 109.80461670458317 229.67628921568394 122.83659698069096 150.03737951815128 154.6887975782156 130.41497807204723 201.39308266341686 230.37577879428864 154.89028565585613 472.54853151738644 386.44525939226151 1111.9993655532598 292.80237632989883 101.1280647367239 497.38816928863525 109.19173187017441 218.75748133659363 716.97470764815807 125.36233173310757 175.69298568367958 274.20643930137157 446.78634363412857 105.91677644848824 194.88156045973301 142.7081081867218 129.52947190403938 203.20395196974277 102.63072182238102 1228.6439846456051 173.62078286707401 934.86975437402725 231.11768144369125 102.93604126572609 185.53568717837334 282.61779275536537 330.83859960734844 246.09991158545017 123.65038479864597 342.44733846187592 1888.9313044846058 660.64042817056179 234.25273716449738 130.93993371725082 101.71691702306271 336.64478830993176 701.98578126728535 520.30205465853214 109.95537999272346 1122.148016795516 108.11729542911053 172.28830921649933 113.34084716439247 130.11234098672867 122.83584161102772 119.62738102674484 116.85876651108265 167.80515430867672 154.78774879872799 217.13583408296108 103.37968355417252 148.00872141122818 115.1259223818779 203.31716027855873 102.29569891095161 104.4391081482172 178.60859552025795 108.41264352202415 123.52960515022278 155.26447589695454 248.0857846736908 154.68007020652294 177.18390725553036 131.91762392222881 179.16008213162422 114.87349779903889 159.30772225558758 220.99675565958023 116.3532996326685 184.25700893998146 123.65677477419376 390.55502328276634 1981.7843091338873 241.14366179704666 266.59298832714558 288.65688255429268 152.38733053207397 127.60748170316219 144.31133614480495 122.42904643714428 108.69321262836456 220.9595450758934 170.73492096364498 191.13478349149227 326.94778636097908 1145.986570328474 330.15530359745026 170.72696888446808 322.46667216718197 144.13162241876125 197.16905802488327 133.32010616362095 177.09378299117088 204.67268899083138 132.94460365176201 139.94475284218788 104.62048852443695 226.84479832649231 113.47003324329853
leaf_count=3506 718 1899 430 645 1293 455 1406 579 439 820 2854 408 1272 484 37980 4538 1279 676 441 920 492 601 619 522 806 922 620 1892 1548 4461 1176 406 1999 437 876 2872 502 705 1100 1788 424 780 571 520 814 411 4922 695 3742 925 412 743 1134 1324 985 495 1371 7560 2644 938 524 407 1347 2811 2083 440 4493 433 690 454 521 492 479 468 672 620 870 414 593 461 814 410 418 715 434 495 622 993 619 709 528 717 460 638 885 466 738 495 1565 7941 967 1071 1155 610 511 578 490 435 886 684 766 1310 4596 1324 684 1294 578 790 536 711 819 532 560 419 908 454
internal_value=2.37669e-05 0.0011378 0.00227048 0.0031924 -0.00102756 -0.00229307 -0.00260571 0.00168858 -0.000656274 -0.00418271 0.000153808 -0.00139008 0.00485087 0.000935293 -0.000135958 -0.00153917 -0.00117237 -0.00362355 0.0068705 -0.000920471 -0.00138299 -0.00119801 -9.04354e-05 0.00129492 -0.000530359 0.00179053 0.00205306 -0.00147904 -0.00468693 -0.00321337 0.00373474 0.00297864 0.00144006 -0.00130681 -0.00159521 -0.00212437 -0.00165827 -0.00230104 -0.000898497 -0.000449648 0.0024164 0.00518199 0.000867574 0.00222332 0.0014933 -0.00160061 -0.00258963 0.00122319 0.001927 -0.00391492 0.00365845 -0.00264606 0.00150404 -0.000634817 -0.00105036 -0.00132178 -0.00235824 -0.000279292 -0.000606485 -0.00307444 0.000629296 -0.00023237 -0.00171591 -0.00241094 -0.00298732 0.00215048 -0.00137739 -0.00429012 -0.00645702 -0.00101027 -0.00185341 0.00118079 -0.00261243 -0.00168899 0.00203287 -0.0026968 -0.00432833 -0.00619558 -0.00819814 -0.000273094 0.00164032 -0.00535312 -0.00130078 0.00108024 -0.0010098 -0.001239 0.00113916 0.00265598 0.00334776 0.00671879 0.00163482 -0.00126799 0.000492203 0.00123723 0.00295099 0.00129787 -0.0011014 -0.0018844 0.00246145 0.00195527 0.00532593 0.0054883 -0.00412041 0.00384271 -0.00161104 0.000147026 -0.000305993 0.00346756 0.0017085 0.00140502 -0.00213261 0.00188727 0.00270443 -3.17996e-06 -0.00175347 0.00204492 0.00435923 -0.00322212 -0.00828254 -0.00684842 0.00180616 0.0030555 0.000491266 0.00497574 0.000948987 0.000456028
internal_weight=45538.8 22109.2 10265.9 6056.32 23429.6 5291.2 4968.12 3197.41 18138.4 1915.69 11843.3 7884.43 2858.9 4209.6 10195.6 7671.77 6550.32 1121.45 980.881 6230.85 4953.93 4831.09 10254 2100.6 902.493 540.961 3036.45 796.49 952.58 1578.22 1878.02 1585.22 1002.25 310.585 3052.43 2584.94 4068.52 1287.69 504.864 8153.36 480.179 300.798 1276.92 230.658 323.941 2366.18 1504.9 276.252 1647.65 361.533 212.657 566.134 3413.11 7673.19 5777.41 5336.62 2663.39 2673.22 2549.57 2190.45 1895.78 1448.99 840.489 1848 1613.75 440.794 3838.85 405.768 280.406 3433.08 2196.06 437.205 1758.85 1339.76 281.146 1058.61 623.312 406.176 302.796 435.302 318.443 419.092 911.762 391.46 287.021 464.33 278.794 1198.1 1043.41 331.864 711.551 311.078 1237.02 762.57 475.655 467.487 307.093 278.547 2757.9 2372.34 385.559 582.968 390.374 400.473 286.915 861.286 9721.49 231.122 3305.86 3084.9 361.87 2723.03 1895.2 827.83 497.675 1612.58 466.598 316.796 337.47 290.529 608.502 477.562 272.889 325.617 472.945 450.115
internal_count=182398 88579 41179 24303 93819 21207 19914 12812 72612 7688 47400 31571 11491 16876 40804 30720 26228 4492 3947 24949 19840 19348 41041 8407 3612 2165 12167 3190 3816 6332 7544 6368 4025 1243 12226 10354 16294 5166 2026 32634 1922 1204 5109 926 1298 9478 6028 1106 6596 1447 851 2268 13686 30712 23126 21362 10663 10699 10204 8770 7586 5798 3363 7399 6461 1764 15374 1625 1123 13749 8796 1751 7045 5366 1126 4240 2497 1627 1213 1743 1275 1679 3650 1567 1149 1860 1117 4795 4176 1328 2848 1245 4953 3054 1905 1872 1230 1115 11052 9506 1546 2343 1562 1603 1149 3450 38905 925 13256 12370 1450 10920 7602 3318 1994 6468 1872 1269 1356 1166 2435 1911 1092 1304 1893 1801
is_linear=0
shrinkage=0.02


Tree=34
num_leaves=127
num_cat=0
split_feature=7 15 231 140 137 231 231 212 187 221 143 159 35 231 231 118 9 231 141 60 114 181 140 155 81 215 74 143 5 188 61 7 5 35 139 31 221 214 231 83 204 2 193 74 60 135 137 63 70 66 66 137 173 231 231 33 215 62 184 181 15 178 199 185 33 60 7 215 118 117 118 61 214 215 214 215 215 209 118 231 193 135 61 194 209 147 103 147 236 105 188 224 136 62 42 104 225 136 136 139 186 182 179 199 42 105 194 193 83 38 73 139 212 224 231 2 215 23 159 179 121 231 15 104 111 155
split_gain=138.286 42.2303 34.7274 27.9905 25.2385 20.1643 21.2898 16.6579 16.4238 21.828 15.7461 19.6452 14.9269 14.8735 57.4408 30.224 30.77 24.8535 16.7274 15.1229 14.5814 13.816 24.8089 14.3901 16.9703 13.7143 14.1714 13.3962 12.8458 15.3177 13.9936 12.8405 12.8265 12.7473 12.7088 18.1787 12.6832 12.6461 12.3468 13.0606 12.4478 12.2584 12.0131 11.8661 11.7248 11.426 11.3986 11.1187 11.0886 10.9795 12.2353 11.4685 10.8821 10.7896 20.3826 28.2083 22.406 18.2401 14.0621 12.7178 10.8704 10.5506 18.5791 18.8692 17.4207 18.5439 15.9308 14.982 14.6501 14.046 13.1422 13.1276 16.8402 12.3623 12.0991 12.442 11.5134 11.4851 11.0374 10.5059 12.509 11.6701 14.5383 10.4873 12.7821 10.2251 10.1777 12.4798 10.081 11.7643 9.68523 10.5675 12.5768 10.2557 13.7528 11.9213 11.8956 15.9552 9.84317 9.64981 10.0886 13.008 12.1433 10.4849 10.5713 10.3467 12.9271 13.7907 10.1911 10.8367 10.3614 12.488 11.5986 11.1826 10.4596 11.1298 9.86234 13.1386 10.103 9.63572 16.027 10.4725 9.48695 9.48579 11.7951 9.47825
threshold=4.9208983909920796e-05 -0.30812345445156092 0.054514370858669288 0.74249267578125011 0.00044348664232529705 -0.92304024100303639 0.49810825288295751 0.017768514342606071 5.8073997024621357e-06 0.002978421864099801 0.043415375053882606 -0.0015899707796052096 -1.1061780696763888e-05 1.0000000180025095e-35 -0.5206359028816222 -0.007213358534500002 5.4860958698554903e-05 -0.26092512905597681 -0.0024746410781517621 0.0022362464806064968 -0.00022604374680668113 0.070409402251243605 0.21589875966310504 -0.00075508703594095994 0.00013102899538353088 0.0026900656521320347 -0.30280846357345576 0.50174322724342357 -6.5082983837783095e-06 -0.49252623319625849 4.156307841185481e-05 7.0622820203425376e-05 4.0696264477446682e-05 -4.2334331737947643e-05 0.0011720192851498725 0.00038869497075211262 0.0016918591572903099 0.00076470102067105483 0.17149884253740313 -5.4209924201131792e-05 -0.0043208757415413848 0.00014540267147822308 0.0036590808304026727 -0.11753896251320838 0.00051257479935884487 0.45273493230342871 0.00066979159601032745 0.00045070463966112589 0.6417994797229768 6.7588753154268502e-05 2.2445631657319612e-05 0.00071430389652960013 0.45934027433395391 -0.55375361442565907 -0.23132287710905072 -0.00049907673383131612 0.0030976836569607262 0.00024971457605715846 0.79576656222343456 0.63248762488365184 -0.028835625387728211 0.84958893060684215 0.00036912313953507697 -0.0051553288940340272 -0.00046768796164542431 0.0010269597987644377 -1.0798255971167235e-05 0.0032656599069014196 0.0031910549150779848 0.00057475056382827472 0.002412452246062458 0.00019495248125167566 0.0011330826091580095 0.0018214098527096214 0.001213944982737303 0.0025405397173017268 0.0033084055176004772 -1.662453450990142e-05 0.0014449200243689122 -0.83025357127189625 -0.0012722661485895512 -0.086710639297962175 0.00013315236719790849 0.0089032137766480463 0.00021402205311460423 -0.0011687861406244335 -0.0011288980604149399 -0.0013531477889046071 0.065819531679153456 0.80005630850791942 -0.44568510353565211 0.002687122556380928 0.0031914849532768135 9.7235410066787167e-05 0.00014720099716214466 0.00057509943144395958 -0.00027655960002448404 0.0041638321708887824 0.0020115806255489592 0.00050543155521154415 0.00025559915229678159 -0.0061777858063578597 -0.0036310962168499823 -0.003425527247600257 -0.0001062088194885291 0.19033381342887881 -0.0017033321200869975 0.0017485884018242361 -0.00031293839856516564 -0.00029192763031460339 6.1871328398410705e-06 0.00060127890901640068 0.0050592976622283467 0.023653957061469558 0.33586180210113531 -5.2994455472799011e-05 0.0039096176624298104 6.3733252318343161e-05 -0.0027260235510766502 -0.001938297238666564 0.00055463626631535601 -0.8959035575389861 0.55712968111038219 0.00046773700159974402 -9.984611460822633e-05 -0.0011285359505563972
decision_type=2 2 2 8 8 2 2 8 8 10 10 2 2 2 2 8 2 2 10 8 2 10 10 10 2 10 10 8 2 10 10 2 2 2 2 2 10 8 2 2 10 2 10 10 10 10 10 2 10 2 2 10 8 2 2 2 10 10 10 10 2 10 10 8 2 10 2 10 10 10 10 10 8 10 10 10 10 10 10 2 8 10 10 10 10 10 10 10 10 10 10 8 10 10 10 10 10 10 10 2 8 8 10 10 8 10 10 10 2 2 10 2 10 8 2 2 10 2 2 8 2 2 2 10 10 10
left_child=1 2 4 5 86 21 20 10 9 -9 -8 36 42 14 122 -16 41 32 -19 25 45 -3 -23 24 -24 26 44 -21 29 43 -30 -28 -18 -5 35 48 -12 -35 40 -40 -32 -17 -4 -22 -15 53 -25 -34 -20 50 51 -6 -46 58 55 -55 -56 -58 59 79 -57 62 71 -64 67 69 68 77 70 -66 73 72 -39 -63 -74 -76 -77 -65 -67 80 -7 82 -81 119 -85 -70 -1 -88 89 -73 -33 92 -92 -93 95 -95 -96 98 -98 -31 -101 116 103 104 -103 106 -104 -108 -107 -110 111 -111 -113 -114 115 -112 117 118 -102 121 -121 -51 -2 -105 -125 -84
right_child=13 3 12 33 49 6 7 8 -10 -11 11 -13 -14 19 15 16 17 18 34 27 28 22 23 46 -26 -27 31 -29 30 99 38 90 47 37 -36 -37 -38 61 39 -41 -42 -43 -44 -45 52 -47 -48 -49 -50 83 -52 -53 -54 54 56 60 57 -59 -60 -61 -62 66 63 64 65 78 -68 -69 85 -71 -72 88 74 -75 75 76 -78 -79 -80 81 -82 -83 125 84 -86 -87 87 -89 -90 -91 91 93 -94 94 96 -97 97 -99 -100 100 101 102 105 123 -106 108 107 -109 109 110 114 112 113 -115 -116 -117 -118 -119 -120 120 -122 -123 -124 124 -126 -127
leaf_value=0.0016342903443100553 -0.00079429367225911682 0.0039248674144945926 0.00032290439740446534 -0.005936276796304687 5.6958529001981867e-05 0.0064193738167482315 0.0060455410767786292 -0.0056543034667845809 -0.0079809797556659214 0.0059683645508197478 -0.00042712226904409499 0.00046538561395021718 -0.0027255265556565562 0.00023514373599372985 0.0042420532830249828 0.0033058295083971357 -0.0034555701693590969 -0.0082018203493419029 0.0021802188701012201 0.0002984396476011589 0.010551138907802887 -0.0048860848763616098 0.0045797984363565719 0.0012644707299424099 -0.0025726737411972183 0.00081089286952576944 -0.003371147069008922 -0.006861894108572345 0.0063475462702260975 0.0051518163710154354 0.0024812974743833116 0.0048143420063972934 -0.0091404430352601991 -0.0064018186140600633 0.002324482906458251 -0.0062428499436858031 -0.0091450622281003553 0.0041317875305573199 -0.00018222218985823512 0.0052741198103298534 -0.0012870460472089681 -0.003390430004515188 0.0044474402808518665 0.0012565701683977749 -0.0083109326421295232 0.0075772800425353629 -0.0032784763973886678 -0.0022780713370063967 -0.0035776512948396569 0.0025070721476140212 -0.0011848026754421898 0.0068560333324655621 -0.00048871224336647073 0.0086259989494858851 0.0032181706553388659 0.0043255455996807721 -0.004778666083138549 0.0039882577360125663 -0.0036744423258662107 0.0060124303330434375 -0.0028904663123116448 0.0072475620474476126 0.0031461453235877091 -0.013501762856785704 0.0004424461674421078 -0.0017784336894628731 -0.0015385706631140599 -6.0707470143422877e-05 0.0049132493911918469 -0.0064630881375133068 0.0071802783246477722 0.0044651205561144335 -0.007209027231860534 0.00015221387614627657 0.0011240501409677816 -0.0057887544807309968 0.0012133285201655771 -0.0053145556435488118 0.0055904371183683457 0.0067174965393040614 -0.00032624874506161262 -0.0061427249066059522 -0.0025669010794028293 0.0056048295846264293 -0.0026671726323706547 -0.00057071239900611549 0.011657985215947438 0.0041149970337873241 0.0063436690334559087 -0.0022430980997529791 -0.0058047772105568607 0.0036620258684256029 0.001959370503124158 -8.4040561887617951e-05 0.0037514810676127271 0.0059124329540638301 -0.0012069766875864869 0.0023303153180989273 -0.0069346606396553587 -0.0038224573089676289 -0.0031901967729475499 -0.0018369409007146053 -0.00049027493208153811 0.0013953175026855467 0.005074259138409083 -0.0028918889916461207 0.01138600407946154 0.0022812582021256747 0.0064147371390832772 -0.0023912349337738168 -0.0024468270346133547 0.0088723949439983244 0.0015214930043943929 0.0079818597813851346 0.0047935155731638245 0.0016485828677314811 -0.00064916839141706379 0.0066203901427613386 0.0040594987528389907 -0.0030228938110534159 0.0050142194685046148 0.0076988363772931591 -0.0056031902309487134 0.00074867660474828019 -0.0053349634842482637 0.0027002640618992292
leaf_weight=100.00424548983574 6757.5250362753868 198.34995900094509 1057.9512398988008 156.36280570924282 189.3753549605608 219.11667628586292 150.86063925921917 117.20109710097313 195.93401119112968 102.22103762626648 123.18925449252129 1868.0927127301693 434.22440622746944 162.0946806371212 148.33937354385853 239.37659706175327 317.50558504462242 214.69259844720364 261.2569719851017 163.63024000823498 113.76685924828053 558.7527143061161 406.59954878687859 341.62246315181255 177.2029502093792 2243.9493665844202 521.84234155714512 261.61863622069359 117.62966147065163 242.63339799642563 390.88659958541393 139.88528470695019 900.79481910169125 121.13970544934273 187.47471122443676 405.3811689466238 131.20271617174149 196.80795086920261 399.20493210852146 291.32127043604851 2407.7341967225075 169.38243199884892 367.14501787722111 103.61008630692959 246.60569095611572 151.58749303221703 563.57616446912289 122.86866775155067 235.88003924489021 253.97418031096458 433.75298422574997 189.26820878684521 100.59386859834194 478.02858452498913 1073.3095965385437 147.4954772144556 292.7683118134737 118.74624994397163 206.90006205439568 209.6355297267437 147.3688779771328 106.35763017833233 170.16959322988987 116.17250983417034 176.63168480992317 141.94387683272362 1001.5967181175947 106.68781897425652 135.42328958213329 319.79503953456879 253.80845023691654 167.84612214565277 133.1393705457449 445.1777985394001 469.35274338722229 271.55111429095268 129.69243197143078 239.57322855293751 149.68387505412102 103.92991934716702 200.16390354931355 104.94587016105652 386.57112884521484 100.22759903967381 177.86957685649395 1068.8092521429062 271.91913238167763 170.70493625104427 179.64642339944839 217.12320655584335 237.85687474906445 290.5643677264452 111.30311574041843 391.50337567925453 102.34220468997955 180.12128403782845 206.78742158412933 154.3572416305542 303.01515425741673 136.34398618340492 115.34972397983074 145.88302840292454 142.07330220937729 208.46372438967228 177.51288004219532 221.78383201360703 119.64503465592861 151.61285804212093 143.19920472800732 181.09583133459091 683.27171629667282 105.48631730675697 927.39928761124611 104.05091179907322 125.39410653710365 408.86109791696072 176.46440345048904 440.17273616790771 159.98947323858738 140.05050490796566 250.69476686418056 526.33296072483063 148.9232232272625 178.53663019835949 389.85056786239147 186.90629281103611
leaf_count=402 27056 794 4238 626 760 877 604 469 784 409 493 7475 1739 649 594 958 1273 861 1047 655 456 2236 1627 1367 709 8982 2089 1048 471 973 1565 560 3622 485 752 1630 525 788 1598 1166 9639 678 1471 415 988 607 2255 493 947 1017 1740 759 403 1925 4303 593 1173 476 828 839 590 426 681 465 707 568 4009 427 542 1280 1016 672 533 1782 1879 1087 519 959 599 416 801 420 1547 402 713 4278 1094 686 719 869 953 1163 446 1567 410 721 828 618 1214 547 462 585 570 836 711 889 480 608 574 726 2736 423 3717 417 502 1637 707 1764 641 562 1005 2114 597 715 1561 748
internal_value=1.9162e-05 0.000827374 0.00257022 0.000499761 0.00396779 0.00089616 0.00114197 -0.00048066 -0.00406491 -0.000193453 0.000203946 -0.000263818 0.000442649 -0.00148247 -0.00194573 -0.00415123 -0.00458377 -0.00536739 -0.0033219 -0.000673618 0.0014645 -0.000873931 -0.00137222 -6.34762e-06 0.00239549 -0.000379654 -0.00122782 -0.00421705 0.00103361 0.00160666 9.21187e-05 -0.000623767 -0.00727919 -0.000630427 -0.00223025 -0.00320627 -0.00526224 -0.000480798 -0.000153746 0.00220338 -0.000746845 0.000502303 0.00143235 0.00660012 -0.00421667 0.00247173 -0.00157369 -0.0083762 -0.000584464 0.00298994 0.00109211 0.003629 -0.00619466 0.00223417 0.00312327 0.00572174 0.00171262 -0.00218129 0.000970688 0.00169352 0.000764568 -0.000344831 -0.00114381 -0.00282926 -0.00367914 -0.00179261 0.000502462 -0.00668647 0.00152487 -0.00408408 0.00357743 0.000229189 -0.000953851 0.00172621 -0.00201226 -0.00107348 -0.00357535 -0.00856453 0.00211984 0.000853951 0.00333079 -0.00052338 0.000498378 0.00402451 0.000490118 0.000116184 0.00779211 0.00905258 0.00269126 0.000757749 7.84343e-05 -0.000301359 -0.0033577 0.000386646 -0.000368033 0.00194147 -0.00209593 -0.0030803 -0.00474465 0.00139326 0.00120745 0.00135057 0.000896545 -0.000911946 0.00203122 0.00149885 0.00438933 0.00680322 0.00105972 0.0014059 0.00107503 0.00229002 0.00306411 0.00231263 -0.000256012 -0.000911556 0.00352845 0.00454839 0.00101197 0.00484152 0.00212664 0.0061139 -0.000913867 -0.00215739 -0.00346353 -0.000817093
internal_weight=45537 29609.5 4663.5 24946 2804.17 18471.5 16225.4 2688.7 415.356 219.422 2273.35 2122.48 1859.32 15927.5 10109.4 3202.95 3054.61 2645.85 1304.69 5818.07 13536.7 2246.1 2047.75 1489 583.802 5392.82 3148.87 425.249 9509.23 5902.45 3606.78 2639.58 1341.17 6474.49 1089.99 902.518 254.392 6318.13 3489.15 690.526 2798.62 408.759 1425.1 217.377 509.294 4027.47 905.199 1023.66 497.137 2261.55 812.397 378.644 347.2 3875.89 2257.72 772.893 1484.82 411.515 1618.17 1411.27 294.864 6196.99 3185.82 1420.66 1250.49 788.054 3011.17 462.434 2009.58 496.427 805.344 1765.16 1200.54 551.535 1003.74 870.596 401.244 355.746 291.628 1201.63 419.281 782.353 677.407 1449.15 278.097 1204.23 542.628 442.624 564.616 384.969 2117.74 1977.85 349.16 1628.69 1338.13 571.625 766.502 664.16 509.803 5685.07 5442.44 5306.1 4414.12 1100.25 323.396 3313.87 413.331 271.258 2900.54 2678.76 2535.56 1318.03 1136.94 1031.45 1217.53 1092.13 891.976 715.512 275.339 1171.05 390.745 780.307 6906.45 776.851 568.387 573.477
internal_count=182401 118599 18702 99897 11254 73981 64993 10759 1662 878 9097 8493 7448 63802 40508 12855 12261 10625 5237 23294 54234 8988 8194 5958 2336 21591 12609 1703 38091 23652 14439 10569 5388 25916 4376 3624 1018 25290 13968 2764 11204 1636 5709 871 2040 16143 3622 4115 1994 9072 3259 1519 1391 15536 9060 3108 5952 1649 6476 5648 1183 24805 12752 5686 5005 3154 12053 1851 8044 1987 3224 7066 4806 2208 4018 3485 1606 1424 1167 4809 1678 3131 2711 5813 1115 4820 2182 1780 2260 1541 8480 7920 1399 6521 5358 2288 3070 2660 2042 22781 21808 21261 17687 4408 1296 13279 1658 1088 11621 10732 10158 5283 4557 4134 4875 4373 3574 2867 1103 4698 1567 3131 27653 3112 2276 2295
is_linear=0
shrinkage=0.02


Tree=35
num_leaves=127
num_cat=0
split_feature=15 13 142 15 62 201 4 78 99 69 114 109 144 178 190 216 41 146 154 147 218 137 123 159 178 142 142 73 178 105 216 142 105 28 53 226 201 226 71 119 173 81 19 190 176 115 174 187 95 149 137 216 2 217 24 74 38 60 171 100 63 36 34 57 62 74 99 213 12 142 32 213 204 69 138 23 105 149 226 156 217 100 171 137 171 213 171 147 30 74 139 4 41 105 119 100 176 118 155 90 19 155 183 165 226 176 139 183 156 91 137 232 123 99 137 21 23 2 118 225 154 174 57 104 24 154
split_gain=117.174 26.0307 25.8746 28.4417 14.6735 14.613 14.4201 13.8065 21.7713 16.9747 13.4579 16.5432 14.1462 13.2792 15.5967 13.3713 19.1726 24.2571 16.1412 12.9634 14.0634 18.1939 13.4719 13.5719 13.3113 18.166 18.8535 14.5948 14.6927 14.5244 13.038 12.9215 18.7211 15.0918 12.9168 12.8782 12.5007 12.4008 24.962 17.129 18.3348 12.2499 12.1939 13.9207 12.21 12.1117 14.3188 12.3212 11.9723 11.6651 14.6869 13.3031 11.5314 13.2811 11.5237 12.9152 11.5982 11.4009 17.7748 14.3535 12.0686 11.3833 11.1764 19.0135 12.8275 11.1722 12.6391 13.2175 11.5774 11.0468 11.5153 10.9837 10.959 12.8606 18.0802 12.4283 10.9494 12.1603 10.898 10.8652 10.8172 10.6958 10.6907 10.5946 19.8006 16.2657 13.8848 12.0834 11.4892 15.0585 11.4728 10.4669 11.6971 10.4199 20.4276 11.1184 10.2926 11.8889 10.1971 16.8678 9.95353 9.94802 20.541 14.3556 10.813 9.75973 9.72904 10.4151 9.67802 10.9863 10.5437 11.6139 10.8416 11.0499 9.80111 9.64204 9.6193 9.61304 12.9589 9.60406 10.0326 9.54088 9.51377 10.3607 9.38842 9.35299
threshold=-0.048079872503876679 5.1796380375890303e-06 0.0010460328776389363 -0.30268497765064234 0.00047244719462469226 -0.018671473488211628 0.00034039102320093667 -0.0006917784921824931 0.00025238477974198764 4.1048606362892322e-05 -0.00026250610244460398 -0.0015463299350813029 -0.0015487449709326027 0.13303261250257495 0.00034983045770786708 0.59023046493530285 -0.00055871388758532692 0.1381550803780556 -0.0041464713867753735 -0.0070788168814033261 0.0038316928548738365 0.00029480492230504757 0.00031170318834483629 0.00061492226086556922 0.44969806075096136 0.0023732791887596254 0.00045605917694047099 3.229040703445208e-05 0.41344867646694189 0.7076556682586671 0.82535853981971752 0.0013888865360058846 0.68735849857330333 7.4572362791514038e-05 -0.29848350584506983 0.092301312834024443 -0.0059245543088763944 -0.17703989148139951 -0.0015425549936480818 -0.0015743102412670849 -0.043875308707356446 -0.0001466373723815195 -4.2813248001039021e-05 0.0010970087023451926 0.0012270262814126911 -0.00025878506130538875 0.0065213497728109368 -0.00038868928095325822 -9.8544394859345616e-05 -0.00023313406563829628 0.0013114863540977242 0.15646249800920489 3.4571108699310578e-05 -0.0017071243491955099 5.5494358093710623e-05 -0.31279054284095759 8.5409195889951675e-05 0.00071764361928217124 -0.00033412063203286374 0.00036211460246704524 0.00017603181186132136 -0.093479685485362993 0.00056037271860986959 -2.2418926164391447e-05 0.00024971457605715846 0.066429048776626601 0.00047353869013022637 0.0015384580474346878 1.0000000180025095e-35 0.00073227565735578548 0.17503501474857333 0.001668057404458523 -0.0013710335479117928 0.00027960614534094935 0.00055840268032625328 0.00011149072088301183 0.94321599602699291 6.3970544488256573e-06 0.1187577433884144 -0.00047083724348340178 -0.0082226837985217554 0.00045268080430105334 0.00010942107110167855 0.00030700187198817735 0.00025368410570081329 0.0010629884200170638 7.5243544415570809e-05 -0.00051154638640582551 -0.00038301310269162053 -0.24722406268119809 0.00075207054032944154 0.00022777604317525404 0.00012177763346699068 0.58661559224128734 -6.1775463109370307e-05 0.00037117020110599702 0.00076377461664378654 0.00038683327147737151 0.0055154021829366693 0.00054899585666134964 8.5807591858610993e-06 0.0014049727469682696 0.0044301040470600137 -0.00018325504061067474 -0.081850901246070848 0.0010721374419517817 0.0015539322630502286 0.0026383403455838565 -0.0024739187210798259 0.073237605392932906 0.0004848055104957894 5.0000000000000009 0.0061887039337307223 0.00070318666985258471 0.00056323609896935533 -0.70615392923355091 0.00010907880641752855 -0.00017561243294039738 0.0017021355452015998 0.0005376384360715748 0.0019949259003624324 0.0026440236251801257 5.5011580116115517e-05 0.00086122873472049843 4.4155953219160444e-05 0.0012354275095276537
decision_type=2 2 8 2 10 10 2 10 10 10 2 10 8 10 10 10 8 8 10 10 10 10 2 2 10 10 10 10 10 10 10 8 10 2 2 10 10 10 10 2 10 2 2 10 10 10 10 10 2 10 10 8 2 10 2 10 2 10 2 8 2 10 2 2 10 10 10 10 2 10 2 8 10 10 10 2 8 8 10 8 10 8 2 10 2 8 2 8 2 10 2 2 10 10 2 10 10 10 10 2 2 10 10 10 10 8 2 10 8 2 10 2 2 10 10 2 2 2 10 8 10 10 2 10 2 10
left_child=2 6 4 34 7 -5 76 37 9 -9 31 12 65 15 19 16 18 -18 -3 49 22 -22 24 -24 27 26 -26 28 -21 36 54 33 41 -7 48 72 -28 38 39 -1 81 101 -36 79 115 46 62 -47 -4 50 105 -51 53 122 56 -56 -23 58 -11 80 -59 -29 -16 -64 -65 66 68 -68 82 121 -71 -62 73 74 -10 100 91 -78 -57 -44 -60 -41 93 -13 85 90 125 -88 -86 -90 -85 -2 -93 94 -12 -95 -37 -98 99 -32 124 103 -103 -33 -104 -15 107 -69 109 -54 111 -110 113 114 -112 -45 -116 -34 -119 120 -8 -39 123 -49 -74 -87
right_child=1 13 3 5 -6 10 119 8 35 57 11 83 -14 14 45 -17 17 -19 -20 20 21 30 23 -25 25 -27 29 61 -30 -31 98 32 117 -35 42 96 -38 69 -40 40 -42 -43 43 44 -46 47 -48 52 -50 51 -52 -53 108 -55 55 78 -58 60 59 -61 71 -63 63 64 -66 -67 67 106 -70 70 -72 -73 75 -75 -76 -77 77 -79 -80 -81 -82 -83 -84 84 88 86 87 -89 89 -91 -92 92 -94 95 -96 -97 97 -99 -100 -101 -102 102 104 -105 -106 -107 -108 -109 110 -111 112 -113 -114 -115 116 -117 -118 118 -120 -121 -122 -123 -124 -125 -126 -127
leaf_value=0.0054860249063766135 0.00017040840351682104 -0.00071978531603150654 0.0096947624062404363 0.0053416438779201204 -0.0033375221104618379 0.0034918333034428066 0.0050111865555532665 -0.00092549527566595559 0.0046878617765938133 -0.001688020171728391 -0.000969695582523811 -0.0031846426024202596 -0.0068935482298988892 2.465891395378435e-06 0.0047550109587731881 -0.0047447065417601008 -0.001518839635315209 0.0040751322223729972 0.0082680664095595817 -0.003718822336631661 0.0030691767536158879 0.0047640742192550231 -0.0091355153725425874 -0.002511467871042969 -0.0059130604343815519 -0.0064715031880055217 0.0091575089590481256 -0.003573413533199646 -0.010606799494526298 -0.0021009937909581356 -0.00084769696431809553 -0.0014721688513493413 0.0031481426554979611 -0.0047575036777178694 0.003892213064072933 5.3786373215684712e-05 0.001685338169654268 -0.00061667560317940216 0.008012292913105153 -0.0011264578685630986 0.0044478683229379895 0.0073113194847103467 0.0018178619920996156 0.0023416991176289713 -0.002686136493670895 -0.0069847239782434298 -0.0012350725629669129 -0.00023192590209324024 0.0019146688294159762 0.0065802531617904789 0.0024567769251270725 -0.00090441815545418971 -0.0024095666808644045 -0.0018339305671508128 0.0019701981012715227 -0.0016760407182309987 -0.0022444571361778663 -0.0017016196456794514 -0.0017762335705531196 0.010523319680306016 0.004634753836034412 0.0024236252585676365 -0.0045003788499706184 -0.00031938137393137798 0.0080427325913922376 -0.0036394763049910571 0.0019970291216329962 -0.0014432922982891758 -0.0020664805723358938 0.0043723365565755271 -0.0035722062299495937 -0.00079335889562375233 0.00095898188267009969 0.0038363536207619646 -0.004940501364608209 0.0028488851389175019 0.0023705895511004775 -0.0045426483918522354 -0.0059133838998810199 -0.0027185732630581054 0.004481469961460741 -0.0080398776232784974 0.0054004911702967449 0.0020106382109374597 0.00071211155038057128 0.0031902399800350519 0.0075372886749570682 0.00095034867579255891 0.0017317260729969883 -0.0054378584222040246 -0.0047382909674169365 -0.0050745816295570626 -0.00015521825300546932 -0.0054664720048929341 0.0071917210781609958 0.0020847800974836185 0.0068865634888715579 -0.00089663480895403808 0.00055092447471980107 -0.0086588855508283723 0.0023468614767965961 -0.0069835072002716585 0.0071319693572372321 0.0066953032058510555 -0.00059097908346709906 -0.00791376599881451 -0.00032600784487601161 -0.0087070947315957305 -0.0041876732887879279 0.0047421312899032595 0.0016544973555819246 0.0025051227072483712 -0.0065635921359369631 0.0030761166138033248 -0.00080703928511607686 0.0086253232109415445 -0.0042957657101257256 -0.0063909450767193621 0.00036552424112810511 -0.0024129217211522427 -0.00092811468520564901 0.0056219263359831651 -0.00051362176756055518 0.0069658748023218395 -0.0040580193049746085 -0.0030983960018852409
leaf_weight=120.04597254097462 8535.4666275531054 121.67539496719837 159.76383493840694 181.53607106208801 177.80606193840504 116.01203598082066 471.81137853860855 433.63696865737438 103.14448752999306 183.74878768622875 299.47934871912003 263.17355917394161 174.0317398160696 100.86207899451256 411.21174229681492 181.34257306158543 1302.7004899680614 385.05919277667999 197.35662406682968 1689.5164819657803 309.68710215389729 216.77233313024044 274.21352079510689 249.18146251142025 111.84186795353889 143.76739712059498 131.76780672371387 213.35038331151009 122.53700153529644 176.32700201869011 180.24404771625996 111.53904113173485 171.55528219044209 245.13990013301373 755.71709585189819 337.12161135673523 247.34512868523598 101.97741514444351 150.37791767716408 189.52931867539883 100.76842938363552 258.15337155759335 338.71249347925186 321.36530457437038 103.5623857229948 127.79511220753193 789.1956802457571 114.85859446227551 163.26004506647587 172.83845384418964 169.41213770210743 178.83936719596386 136.75178177654743 423.50413529574871 287.33816801011562 1246.72665835917 141.55654193460941 315.97235204279423 108.02376027405262 142.32294385135174 454.33820551633835 257.04891565442085 180.99070090055466 158.78457783162594 114.13185769319534 602.22727328538895 162.6154940277338 133.11443690955639 467.5398074388504 131.13528653979301 121.48364144563675 209.87561576068401 175.34251277148724 389.59637698531151 196.4743287563324 197.47915761172771 119.65452706813812 407.64951390028 291.31992560625076 497.9087820649147 1650.0515805631876 163.68346691131592 217.62149024009705 216.48559167981148 701.86862814426422 227.04718962311745 420.27396543323994 157.64061352610588 160.83284686505795 345.44886355102062 156.61700640618801 314.59035375714302 461.08045069873333 167.22035364806652 183.15885865688324 119.31558956205845 270.57690884172916 101.76482836902142 123.28693298995495 286.96182757616043 138.70036180317402 101.3630319237709 109.02849984169006 282.53570079803467 159.22290520370007 142.87110863626003 170.069630458951 214.07093179225922 998.37239311635494 175.1304412484169 343.98796628415585 102.29483816027641 116.75366640090942 246.8895072042942 912.90783697366714 136.98676936328411 473.81457786262035 160.58933021128178 300.48867562413216 110.2043849080801 140.70976266264915 1285.1238702982664 217.76200069487095 234.35104727745056 775.64871287345886 134.14635701477528
leaf_count=481 34161 487 641 727 713 465 1888 1739 414 737 1200 1054 697 404 1646 726 5217 1542 790 6770 1240 868 1099 999 448 576 528 855 491 707 722 447 687 982 3030 1352 991 409 603 760 404 1034 1358 1288 415 512 3160 460 655 692 678 716 548 1697 1151 4994 567 1266 433 571 1822 1030 725 636 457 2411 651 533 1871 526 487 841 703 1562 788 792 479 1632 1167 1996 6617 656 872 867 2810 909 1683 631 644 1383 627 1259 1845 670 734 478 1085 408 494 1150 556 406 437 1132 638 572 681 857 4002 702 1379 410 468 989 3658 549 1899 643 1203 441 563 5154 872 939 3109 537
internal_value=9.74756e-05 -0.000763096 0.00129112 0.000613873 0.00209263 2.51068e-05 7.08575e-06 0.00221311 0.00170645 0.00274183 -0.000113577 -0.000610754 -0.00165995 -0.00127297 -0.00150304 0.000172785 0.000659586 -0.000209807 0.00499995 -0.00212023 -0.00240106 -0.00139503 -0.00324645 -0.0061904 -0.00271179 -0.000495169 0.000943298 -0.0034883 -0.00429532 0.00248141 -0.00191177 0.00128311 0.00202954 -0.00206341 0.00247412 0.000347709 0.00461118 0.00351292 0.00128661 -0.000685761 -0.00248039 0.00367844 0.00187876 0.000751231 0.00313024 -0.000764879 0.00069769 -0.00128876 0.00610351 0.000338687 -0.00190071 0.0029302 -0.0010967 0.000796679 -0.00117671 -0.00181996 0.00202309 0.00326343 0.00409721 0.00466833 0.0014441 -0.000331148 0.0024489 0.000247204 0.00348798 -0.00127951 -0.000585965 -0.00279529 0.000470756 0.00446912 0.000570047 0.00294655 -0.000486007 0.00152161 -0.00153998 -0.00156782 -0.000195391 -0.00294461 -0.00254424 -0.000882401 0.00408132 -0.00458939 0.00169006 0.000490305 0.000896091 0.00257951 0.00395975 0.00583243 -0.000944555 -0.00318101 -0.000919291 -3.3721e-05 -0.00222778 0.000530012 0.00229044 -0.00239121 0.00261988 0.00482207 -0.00450252 -0.0058039 -0.00240515 0.00229516 -8.52876e-05 0.00442413 0.002825 -0.0048861 -0.00432017 -0.00615239 -0.00163294 0.00165007 -0.00196168 -0.00353205 -0.00111079 -0.000726374 -0.00129775 0.00450178 -0.00204319 -0.000664917 -0.00215556 0.00269444 0.00366059 0.00516103 0.00275717 0.00471412 -0.00313229 0.000814634
internal_weight=45588.6 26494.4 19094.2 10368.4 8725.75 7891.16 10561.2 8547.94 6183.82 3497.97 7709.63 5694 2910.46 15933.2 13745.1 2188.13 2006.79 1687.76 319.032 7465.61 6700.79 3083.89 3616.9 523.395 3093.5 811.049 667.282 2282.45 1812.05 555.44 2774.21 2015.63 1654.48 361.152 2477.28 2685.85 379.113 2364.13 724.405 574.027 453.981 1021.84 2154.25 1398.54 561.914 6279.49 1654.31 4625.17 323.024 764.823 413.145 351.678 4497.38 990.476 2183.71 1825.38 358.329 3064.33 2084.15 1900.4 980.186 470.399 865.119 453.907 272.916 2736.43 2134.21 679.87 1454.34 1639.72 252.619 664.214 1976.39 689.215 299.619 1287.17 9838.44 527.304 1538.05 836.621 1758.08 353.213 986.796 2783.53 2520.36 1312.21 939.108 577.915 1208.15 506.282 373.103 9311.14 775.671 769.174 482.638 286.536 709.463 372.342 590.493 467.206 1089.69 763.689 369.614 394.075 268.251 243.733 517.255 347.185 3506.9 311.882 3195.02 1100.67 2094.35 1977.6 1730.71 458.352 1386.72 632.633 461.078 722.726 612.521 1387.1 566.972 349.21 950.991 361.194
internal_count=182619 106098 76521 41533 34988 31601 42268 34275 24795 14026 30874 22800 11655 63830 55068 8762 8036 6759 1277 29909 26847 12353 14494 2098 12396 3250 2674 9146 7261 2226 11113 8074 6627 1447 9932 10769 1519 9480 2904 2301 1820 4094 8636 5606 2252 25159 6624 18535 1296 3062 1654 1408 18023 3968 8747 7312 1435 12287 8358 7621 3929 1885 3464 1818 1093 10958 8547 2722 5825 6576 1013 2663 7924 2764 1202 5160 39376 2111 6161 3354 7050 1416 3954 11145 10091 5254 3760 2314 4837 2027 1494 37265 3104 3082 1934 1148 2845 1493 2366 1872 4368 3060 1481 1579 1075 976 2071 1390 14055 1250 12805 4412 8393 7925 6936 1837 5557 2533 1846 2892 2451 5563 2271 1399 3812 1446
is_linear=0
shrinkage=0.02


Tree=36
num_leaves=127
num_cat=0
split_feature=9 230 9 236 201 71 1 62 230 230 138 11 221 121 163 77 76 225 0 226 87 226 80 221 34 138 115 140 226 119 220 1 71 101 74 19 74 97 33 201 2 159 171 220 61 175 201 150 199 145 152 220 106 180 9 80 3 135 218 71 139 76 106 171 99 175 230 80 2 68 33 195 180 184 106 197 101 166 97 230 152 143 230 61 190 191 63 201 106 115 75 71 78 74 98 98 144 213 152 225 102 37 76 61 1 171 102 96 150 226 60 38 201 191 190 143 177 199 78 61 77 218 159 133 117 133
split_gain=132.922 43.4303 28.5498 32.3967 20.6189 20.283 21.8315 18.672 18.4373 24.8449 17.9994 19.7574 16.9044 16.8792 16.5528 15.4711 15.1691 14.9899 14.4386 14.3655 17.8574 13.9764 14.7279 19.356 18.0268 17.5986 16.5018 14.8814 13.9588 13.7124 18.3885 13.5646 13.2088 16.9675 13.1309 12.8208 17.1456 13.0832 12.9362 12.7862 12.232 12.9224 18.6311 17.1086 14.6578 14.3017 16.8955 20.1498 20.0328 18.2179 16.5365 15.1386 15.6428 13.7396 15.6678 14.9334 12.0662 11.9701 11.9422 12.5811 13.7248 13.2251 11.9168 11.8727 15.4496 14.0404 11.7526 11.7495 11.6122 15.2512 16.6659 11.6798 11.4203 11.2982 12.1309 21.6359 12.1081 12.0308 11.5781 11.2574 11.1045 16.8773 16.5914 16.4878 14.8016 14.1461 17.5687 15.3919 16.0461 13.0733 13.9825 14.0526 16.6988 11.7117 11.4452 14.2538 11.0883 11.0686 12.5149 11.0447 13.3678 13.8198 13.2671 16.1826 12.0985 11.0371 10.9702 10.9267 16.203 10.8976 17.1511 10.8925 10.888 10.9455 11.5692 10.842 10.7619 10.7267 12.3973 11.3792 10.7009 12.2618 10.5347 10.4808 10.4418 13.641
threshold=3.5789851608569741e-05 -0.85377600789070118 -0.000129576088511385 -0.49210661649703974 -0.0026379434857517477 -0.0037415575934574004 0.00026714122213888919 0.00017047252185875553 -0.94762688875198353 -0.96535655856132496 0.00125341780949384 0.00026356546732131397 0.009848251938819887 -0.0016907345270738003 0.00080681388499215256 0.00031046553340274846 -7.4842566391453133e-05 0.00071818401920609187 -0.0001737244820105843 0.31371654570102697 0.0024058030685409908 0.33404830098152166 -0.0012646288960240779 0.0096928551793098467 0.00035272954846732324 0.0010830925893969836 0.00093353877309709798 0.89039263129234325 -0.19350520521402356 -8.8932283688336597e-05 -0.010346589144319294 -0.00012077858991688116 -0.0012320372625254092 0.00055034784600138675 0.081309314817190184 3.4528567312008822e-06 -0.51021078228950489 0.3222938627004624 -4.1224788219551549e-05 0.0062582027167081842 -0.00063672757823951532 -0.0015899707796052096 -0.000701877987012267 -0.0065074542071670285 0.00023285139468498531 0.00048813239845912909 0.01266654394567013 -0.078735694289207445 -0.0020915606291964646 0.0019389240769669416 -0.00028956370078958566 -0.0058585708029568187 -0.00053954971372149874 0.0006022159941494466 -0.00036477419780567283 -0.0017293631099164484 -0.00038753527041990305 0.47756040096282965 0.0015595023869536819 -0.00077914609573781479 0.00069039553636685025 0.00019649587920866909 -0.00034966660314239556 -0.00027804942510556424 0.00027772203611675655 0.0016944275703281166 -0.33174875378608698 -0.0011367337428964672 0.00010216196824330838 -0.00087714940309524525 -0.00033822304976638401 -0.0016621132963337002 0.0018332962645217778 0.62568864226341259 -0.0013297455152496693 0.0032271166564896707 0.00054119131527841102 0.0024830054026097064 -0.33788950741291041 -0.60702770948410023 -3.373924664629157e-05 0.12538151443004611 -0.92304024100303639 0.00016202589176828044 -0.0010985955013893543 0.0010491003631614151 0.00015757232176838445 -0.0091471876949071867 -0.0012682729284279046 0.00020485543063841763 0.45000000298023229 -0.00052577824681065966 -9.178499749395995e-05 -0.166702926158905 0.0018078300636261704 0.0014054920175112786 -0.0025290619814768429 0.0017874981858767571 -6.128069071564822e-05 0.00031302678689826285 0.8508380949497224 0.45000000298023229 0.00047202223504427826 8.1428690464235856e-05 -0.00010363797264290041 0.00019778091518674049 0.93606495857238781 1.0000000180025095e-35 0.015097987838089468 -0.17703989148139951 0.0013856464647687974 -5.6357925132033408e-05 0.0031239518430083994 0.00035076677158940589 -0.00023279736342374233 0.8899926245212556 0.0012445226311683657 -0.0051313445437699548 -0.00012946633069077504 0.00017611090879654515 -0.00012431636423571033 0.0068553162273019561 1.0000000180025095e-35 -5.9762762248283245e-05 0.00034768563637044286 8.2551261584740146e-05
decision_type=2 2 2 10 10 8 2 10 2 2 10 2 10 2 2 2 2 10 2 10 2 10 10 8 2 10 10 10 8 2 10 2 10 2 10 2 10 10 2 8 2 2 2 10 10 10 10 10 10 10 10 8 10 10 2 10 2 10 8 10 2 2 8 2 10 10 2 10 2 10 2 10 10 10 10 10 2 2 10 2 8 10 2 8 8 10 2 10 8 10 2 10 10 10 10 10 10 8 10 10 10 2 2 10 2 2 10 2 10 10 10 2 10 10 10 8 2 10 10 10 2 10 2 2 10 2
left_child=1 2 3 31 21 28 8 80 9 10 11 12 14 -9 -7 32 -11 18 -10 40 111 22 25 24 26 66 27 29 -2 117 -31 -1 -14 -34 67 36 -20 -37 63 -18 122 42 -42 -44 -45 112 48 49 -47 -48 -49 52 -50 -53 55 -55 -56 -36 -58 60 -60 107 123 64 -38 99 109 -13 69 71 -71 -15 -27 76 75 78 -62 -76 -75 -25 83 84 89 85 -82 87 -87 -4 94 90 91 92 -83 -93 95 -89 -92 -66 -99 102 101 -101 103 -65 -104 -98 -102 108 -61 110 -3 -21 113 114 -43 -106 -8 118 119 -24 -19 -122 -6 -16 -77 -126
right_child=5 4 7 -5 19 6 116 13 17 16 -12 34 15 68 62 -17 39 120 35 20 -22 -23 23 79 -26 72 -28 -29 -30 30 -32 -33 33 -35 57 37 38 -39 -40 -41 41 45 43 44 -46 46 47 50 51 -51 -52 53 -54 54 56 -57 58 -59 59 61 73 -63 -64 65 97 -67 -68 -69 -70 70 -72 -73 -74 74 77 124 -78 -79 -80 -81 81 82 -84 -85 -86 86 -88 88 -90 -91 96 93 -94 -95 -96 -97 105 98 -100 100 106 -103 104 -105 115 -107 -108 -109 -110 -111 -112 -113 -114 -115 -116 -117 -118 -119 -120 -121 121 -123 -124 -125 125 -127
leaf_value=0.0089130554130662284 -0.0025629454551172903 -0.0018627952076108523 0.0043385258409936855 0.0018333642805308237 0.0079043341658115406 -0.0011711923560913818 -0.0065430570133786703 0.0047114157762120981 0.0036195996239372285 0.0011671782875183902 0.0028598248047594184 -0.011246704640819123 0.00071025056684502832 -0.0032335458017445709 0.00092774984004696792 0.0025286092422248416 -0.0076449910084545073 -0.0091002940252388892 -0.0065331760762875474 0.00960479989294462 -0.0027127809806061741 -0.003828135586427416 0.0061544644198458951 0.010100918377896666 -0.0029945867182877704 -0.0047148365064288798 0.0071399495654841981 -0.0063146330361860039 0.0043635924063135188 -0.001160357085054335 0.0045375395959598979 0.0042718079871319169 -0.0031640721878456964 -0.012259815679121894 0.0032496041010706494 -0.00052262704265092924 0.0074608953083748191 -0.0023519438830040787 0.0038916554511472423 -0.0014196330447899244 0.0026573148880335846 0.0010077330616028166 -0.0056907491207343099 0.0032573807060718024 -0.0041090847791674431 -0.0041423946144000245 0.007069383689232476 -0.0012354136154749476 0.0037320832716030718 -0.0014875508398464385 -0.0084739559319354802 0.0041244205160140754 -0.0033122219091684781 -0.0036131277190587121 -0.0047951290815859467 0.0040926549615646719 -0.0055778526380697259 -0.004835219775088332 0.0035119446423351793 -0.0048258618706595339 -0.0090505217689671284 0.007806361898072497 -0.0027385062911870479 0.0045724937761286886 -0.0023409841570963953 -0.0046604669605374857 0.00086176397525471161 -0.004207134604425654 -0.0044231013580750735 0.00023648497909322413 -0.0045363759610493439 0.0038402165047094982 0.0026749295091390143 0.00046327095359648693 -0.0050139025274395111 0.0022698466637605329 -0.0021438483862746332 0.0016420578614627676 0.0087791978272771347 0.00096039528532979881 0.0015335033114981908 -0.0020376331474031197 0.005458312121094485 0.0053001566508273194 0.01182437701492119 0.0063561645391949804 -6.1901041712088809e-05 -0.00056855872964872353 -0.0037899214717897474 -0.00068960120490208973 0.00050121759536790123 0.00094813352846606776 0.0071065675216458318 -0.007940926089248946 -0.002443418954869301 0.008778435843843968 0.0083209398010554107 -0.002440300971094093 0.0056028706346991771 -0.0049277204750976644 0.0081766230470521669 0.0030071078671585895 0.0071109735424838708 -0.0015717234534133207 -0.001877646195173969 0.00089836029413519413 0.00043193790397005205 0.0027067625246222022 0.0037970263439049811 0.0064803036206087152 0.0068020305811404107 0.0017380313800303723 -0.0059263242219232196 0.0031758806170430242 -0.0077241310665852169 0.005329047308624978 -0.0025857448603027718 -0.0031371200036780446 -0.0043578878080460185 -0.00087158934857341057 0.0029702520613438931 -0.003863167616500204 -0.00019018982195799457 0.0070528532705912096 -0.0070458561952577324 0.0016926548106859641
leaf_weight=330.55579872429371 145.18037202954292 196.25226756930351 158.50524492561817 3164.7049573212862 106.3808409422636 1462.0484527498484 367.03144265711308 208.41507634520531 302.60643893480301 123.30961081385612 331.63565008342266 103.72298583388329 102.38217307627201 101.52986405789852 215.32146339118481 107.40358518064022 573.91810283064842 100.09631849825382 132.88823004066944 135.9116794615984 127.4374276548624 186.62137575447559 185.03689667582512 109.16336569190025 558.78825150430202 161.10608521103859 141.38122256100178 101.42290672659874 404.54094217717648 339.98992615938187 620.38263270258904 1315.0754137337208 208.98422169685364 140.00008419156075 153.15564052760601 3888.5979151874781 157.17147293686867 2613.3866410106421 345.09119173884392 183.19207954406738 212.9189397841692 111.18566991388798 614.73657563328743 201.15157291293144 191.43550989031792 345.04950298368931 104.96314777433872 244.11567370593548 925.97682417929173 469.2931227684021 260.37369519472122 303.82818798720837 129.69679443538189 107.4071539491415 246.38122901320457 516.87812866270542 145.69137522578239 106.9901380687952 222.38470414280891 224.6540235131979 117.94547311961651 107.96806499361992 108.58934046328068 164.90477645397186 253.86943824589252 273.06453792750835 380.90971490740776 722.98860977590084 316.05075186491013 762.26716986298561 453.12193782627583 428.50563137233257 137.65823121368885 113.20324338972569 311.1554589420557 167.43223686516285 464.59355425834656 149.70484752953053 152.70952506363392 100.43266719579697 102.82801467180252 136.23829637467861 450.79231007397175 255.13547065854073 123.23372857272625 250.45818787813187 461.0597789734602 134.74892677366734 710.9979590177536 802.92729842662811 185.27415254712105 109.82915046811104 151.73341311514378 99.844259977340698 192.92118617892265 102.55191253125668 298.70295560359955 100.70795796811581 218.38867546617985 138.94224375486374 173.59625919163227 176.63983416557312 131.45516473054886 2479.6721104979515 254.04083700478077 114.06979705393314 121.35764928162098 503.83403468132019 117.45859444141388 670.01428985595703 141.10639342665672 148.18488343060017 282.63591055572033 149.14559596776962 103.69094552099705 100.18204653263092 1157.9982541054487 417.31846672296524 101.88399544358253 159.58296702802181 119.87878593802452 441.14862298965454 129.08818547427654 229.01500228047371 168.19388449192047 104.71290931105614
leaf_count=1333 581 786 635 12706 426 5856 1474 835 1211 494 1328 416 410 407 862 430 2300 401 532 544 510 747 741 437 2236 645 566 406 1619 1361 2484 5291 837 561 614 15572 629 10474 1382 734 852 445 2460 805 766 1381 420 977 3706 1878 1042 1216 519 430 986 2070 583 429 890 899 472 432 435 660 1016 1093 1525 2900 1265 3053 1814 1717 551 453 1245 670 1859 599 611 402 412 546 1806 1022 494 1004 1847 540 2848 3215 742 440 608 400 773 411 1197 403 874 556 695 707 526 9926 1017 457 486 2016 470 2683 565 593 1131 597 415 401 4643 1671 408 639 480 1767 517 917 673 419
internal_value=2.19452e-05 0.000963329 0.00184863 0.00303632 0.000205085 -0.00121811 -0.00132797 0.00103902 -0.00112586 -0.00216959 -0.00148381 -0.00189073 -0.000921579 -0.00045509 -5.56866e-05 -0.00393424 -0.00517724 -0.00072223 -0.000557747 -0.000343979 0.00322071 0.00127929 0.00150598 0.000617413 0.000129496 0.00297464 0.000994658 0.000474706 0.00250855 0.000916572 0.00253786 0.00529992 -0.00551412 -0.0072797 -0.0041276 -0.000671549 6.67063e-05 -0.00126285 0.000263945 -0.00621399 -0.000517059 -0.000643892 -0.00253307 -0.00366054 -0.000359758 -0.000325192 -4.80858e-05 -0.00231774 0.000392146 0.000261779 -0.00515199 0.000701719 0.00282115 0.000164031 -0.000160468 0.00269588 -0.000710823 -0.000183254 -0.000354314 -5.81169e-05 -0.000968525 0.00180522 0.00283186 -1.51744e-05 0.00229535 -0.000444766 0.00391257 -0.00533514 -0.00101767 -0.000357919 -0.00158757 0.00241691 -0.00135574 -0.00157126 -0.000415466 0.00122342 -0.00379622 -0.00287342 0.00551903 0.00618622 0.00173846 0.00263265 0.00208954 0.000708176 0.00764851 7.92116e-05 0.00230931 -0.00115812 -0.00198313 0.00124112 0.00264297 0.000141989 0.0029291 -0.00360764 0.00103854 0.0038392 0.00465214 0.00067453 0.00307021 -0.000113887 0.00230299 -0.000571859 -0.00059691 -0.00115715 0.00237878 0.00640602 0.00521988 0.000876684 -0.00181914 0.00502692 0.00193928 0.00588567 -0.00311935 -0.000744797 -0.00350484 0.000336441 -0.00361053 -0.000902566 0.00123089 0.00303157 -0.00361011 -0.00235104 0.00379929 0.00425249 -0.0014977 -0.0038063
internal_weight=45505.7 25870.6 11922.1 4810.34 13948.6 19635.1 19085.4 7111.74 17560.3 4872.66 3992.24 3660.6 2573.74 2269.89 2014.97 558.77 880.42 12687.7 12026.6 9239.51 411.534 4709.05 4522.43 2835.38 2625.79 1687.05 2067 1925.62 549.721 1824.19 960.373 1645.63 451.366 348.984 1086.86 11724 5221.97 6501.98 5089.08 757.11 8827.98 8592.51 1220.24 1007.32 392.587 7372.26 6725.61 1078.75 5646.86 574.256 504.489 5301.81 1055.67 4246.14 3942.31 624.285 3318.02 260.146 3071.64 2925.95 1972.04 953.915 552.926 4743.99 730.138 4013.86 1388.28 826.712 2061.48 1745.42 1215.39 530.035 298.764 1749.65 1167.11 706.252 582.539 460.86 265.913 209.596 4841.85 2575.47 2349.41 2266.38 226.062 2011.24 711.518 1299.73 1141.22 1898.62 1095.69 497.645 287.972 209.673 430.222 237.301 598.047 572.966 319.097 3740.79 610.536 315.582 3130.25 2644.58 485.678 412.773 294.954 845.947 342.113 1007.37 337.359 284.097 646.658 364.022 214.877 354.223 1525.03 863.822 446.504 344.62 661.124 561.027 235.469 444.336 440.339 272.907
internal_count=182296 103648 47818 19330 55830 78648 76448 28488 70331 19523 15995 14667 10308 9091 8070 2238 3528 50808 48160 36977 1647 18853 18106 11351 10512 6755 8276 7710 2200 7304 3845 6624 1808 1398 4359 46949 20903 26046 20371 3034 35330 34387 4883 4031 1571 29504 26916 4317 22599 2298 2019 21218 4225 16993 15777 2500 13277 1043 12291 11708 7891 3817 2214 18989 2922 16067 5559 3316 8256 6991 4867 2124 1196 7001 4670 2826 2331 1844 1064 839 19397 10317 9411 9080 906 8058 2851 5207 4572 7605 4390 1994 1154 840 1724 951 2396 2293 1277 14974 2444 1263 12530 10586 1944 1654 1181 3385 1369 4034 1351 1137 2588 1457 860 1418 6117 3459 1788 1380 2648 2247 943 1779 1762 1092
is_linear=0
shrinkage=0.02


Tree=37
num_leaves=127
num_cat=0
split_feature=15 230 0 236 5 204 180 83 186 143 236 5 79 41 192 211 186 177 188 3 107 90 192 5 230 98 230 223 179 182 223 179 0 153 188 61 62 194 11 179 62 177 185 211 199 100 137 186 199 183 129 180 38 180 116 11 175 224 32 19 214 0 213 213 114 143 41 64 15 105 186 38 108 25 211 192 180 142 133 179 105 100 192 232 230 80 32 79 213 155 224 153 133 209 183 224 180 43 30 52 64 213 225 211 211 25 213 26 5 106 182 204 137 177 26 98 35 223 155 32 143 179 214 139 26 25
split_gain=117.359 55.3197 24.0983 22.5563 19.1795 19.1388 18.8633 16.4056 18.1167 19.2476 17.8271 16.8923 15.8788 15.8218 14.7347 15.2264 16.7168 14.3912 14.1739 15.3216 13.8346 16.5358 13.2966 18.7319 13.0435 12.3423 14.0458 12.1426 12.0642 11.9591 16.8486 14.3978 14.2896 12.6656 12.0895 11.9398 14.5511 14.6668 11.9165 13.5568 15.4594 14.6057 12.9073 12.102 14.6894 15.2324 13.1886 13.9593 13.0881 12.3642 12.6029 12.3322 13.2311 12.3183 13.5619 11.6721 12.2527 11.6588 11.4851 14.4814 12.7199 12.3052 10.7674 13.3518 13.5739 10.7076 12.1083 10.6941 11.2046 10.6594 11.6721 10.5823 12.1467 11.8215 10.5985 10.4989 10.4588 15.7486 10.7943 10.69 10.4361 10.1976 10.1128 9.99636 15.6368 11.1933 10.3421 9.98725 10.4245 15.2807 9.95744 9.95558 13.4947 11.6347 11.0222 11.6934 11.6685 9.90687 13.2885 12.2249 10.8148 11.8321 9.8027 9.78345 15.3147 13.539 13.0814 14.9032 11.0302 11.0094 13.5145 14.8631 10.11 12.4973 14.2435 9.90976 9.815 12.6647 12.48 14.8187 9.7601 11.1312 10.6555 9.68154 14.1488 11.5548
threshold=-0.0093681761063635332 -0.86051779985427845 0.0001851643901318312 -0.042291922494769089 -0.00020224046602379528 -0.0014913035556674001 0.00089828667114488791 0.00032440757786389446 0.002018086146563292 0.068543970584869399 -0.032442361116409295 5.4422846005763865e-05 -0.00020303337805671615 0.00040509039536118513 -0.0015355122159235177 -0.19320904463529584 0.0024860181147232656 0.0020830972352996473 -0.46186570823192591 -0.00027819818933494384 0.00029960097162984317 -0.00029128749156370754 -0.003900240757502615 1.8323471522307958e-05 -0.17149884253740308 0.00098447425989434145 -0.81029549241065968 -0.0073532355017960063 -0.0012034871615469454 -0.0042643658816814414 -0.0023632079828530546 -0.0052045253105461589 2.4972406208689794e-05 0.00036702715442515915 0.24683589488267901 0.00012043515744153412 0.00025587249547243124 -0.0058619913179427377 1.1600047855608865e-05 -0.0079100993461906893 0.00025743425067048525 0.0018444280140101912 -0.0071769803762435904 0.7441965937614442 -0.00053600667160935689 0.00027542393945623195 0.0004652189818443731 0.0032855146564543252 -0.0020915606291964646 0.00093205791199579846 -0.028138643130660054 0.0063090934418141851 8.0961026469594816e-06 0.0032601815182715659 -0.00024481200671289111 -0.00085143960313871492 0.00060443594702519487 0.0036741030635312204 0.9826914668083192 -1.463200851503643e-05 0.0016056941822171213 7.6545502452063391e-06 0.00232321082148701 0.002066057408228517 0.00050847275997512053 0.030716408044099811 -0.00048565598262939597 0.988673895597458 0.021280697546899322 0.10264109820127489 0.00042955433309543883 7.3636692832224085e-05 0.22180942445993426 0.00010545857730903664 1.0427037477493288 -0.0066990850027650586 0.0029199081473052506 0.0014842828386463227 0.00014138411643216389 -0.0044091509189456693 0.91204687952995311 0.00041945971315726643 0.00055453428649343561 5.0000000000000009 -0.85149618983268727 -0.0001566426799399778 0.68790510296821605 -0.00025875962455756957 0.0025779564166441564 0.0054055338259786376 0.00046570388076361274 0.00046167110849637544 5.62342320336029e-05 -0.0001359495799988508 0.002221044735051692 0.0093537298962473887 0.0010829700040630998 -0.00035429696436040098 -0.00028038675372954453 -7.707299118919762e-06 0.12919278442859652 0.0011998374247923496 0.00036786092096008366 -0.40032376348972315 -0.30758067965507502 7.3781411629170193e-05 0.0019378370488993826 0.49497474730014807 -9.6081610536202775e-05 -0.0013046573149040339 -0.0012700595543719826 0.001867004903033376 0.00089820005814544867 0.0013621511752717199 0.43161679804325109 0.0019342111190780999 3.9518612027222849e-07 -0.0017928298329934476 -0.001058584719430655 0.14779495447874072 0.73896652460098278 -0.0002178177310270257 0.0013927566469646992 0.0010317327687516811 0.37147818505764013 5.4571208238485276e-05
decision_type=2 2 2 10 2 10 10 2 8 10 10 2 10 10 8 10 10 2 8 2 8 2 10 2 2 10 2 8 10 8 8 10 2 8 10 10 10 8 2 10 10 2 10 10 10 10 10 10 10 10 2 10 2 8 10 2 10 8 2 2 10 2 10 10 2 10 10 2 2 10 10 2 10 2 10 10 10 8 2 10 8 10 10 2 2 8 2 8 8 10 10 8 2 10 10 10 10 2 2 2 2 10 8 8 8 2 10 2 2 8 8 10 10 2 2 10 2 10 8 2 8 10 8 2 2 2
left_child=1 3 7 4 -1 6 12 8 9 65 58 29 35 -11 15 16 90 57 102 -20 -16 -22 75 -24 103 28 -27 55 -8 31 32 -10 34 -32 91 -3 37 -37 39 -6 41 42 -41 44 48 49 -47 -48 -44 -46 -51 52 -45 54 -49 -28 -57 -13 59 60 61 -9 63 64 97 66 -2 68 -61 -67 -71 72 -59 -74 83 -15 77 -12 -79 -78 -23 -25 -26 84 -73 86 -86 -70 89 -89 -5 92 94 -94 96 -96 -31 -58 100 -100 -99 -102 -7 105 -105 115 107 109 -107 116 111 -111 113 114 -110 -21 117 118 -106 -120 -112 122 -122 125 -125 -40
right_child=2 5 -4 14 38 18 25 10 11 13 76 17 -14 22 20 -17 -18 -19 19 24 21 80 23 81 82 26 27 -29 -30 30 33 -33 -34 -35 -36 36 -38 -39 123 40 -42 -43 43 51 45 46 47 53 -50 50 -52 -53 -54 -55 -56 56 62 71 -60 67 -62 -63 -64 -65 -66 69 -68 -69 87 70 -72 74 73 -75 -76 -77 79 78 -80 -81 -82 -83 -84 -85 85 -87 -88 88 -90 -91 -92 -93 93 -95 95 -97 -98 98 99 -101 101 -103 -104 104 106 108 -108 -109 112 110 120 -113 -114 -115 -116 -117 -118 -119 119 -121 121 -123 -124 124 -126 -127
leaf_value=0.0083051281610261717 0.0036633383185124199 -0.0023052748064180248 -0.0037587206405801611 -0.0020151158905377287 -0.0018925138551227781 0.0053203348977902418 -0.0083130340602086891 0.0054211720040694359 0.0014928638751809374 -0.0024941971947531338 0.0011806115318443516 -0.00377975905123684 0.0091356179399681922 0.0014420642406273126 0.0034228574056149432 0.0070148300490419282 -0.0025092278114603695 0.0030895521283157445 0.00063974885933745513 -0.0026153224633709378 -0.0045735975959281848 0.00067437391294015373 0.0074425458373214891 -0.0031528081124744178 -0.0013237409191628243 0.0044150224361937628 0.0044932601318344841 0.0047172972047528593 0.0008980756955622092 0.00012138210916282777 -0.0019500243320473801 -0.0030946516501266798 0.0052490646876450966 0.0041548080798916032 0.0062108317000926739 0.008445798013123413 -0.00083125803238441446 0.00076312628995321838 -0.00086538698581233183 0.0059135759780621815 0.0067208645645645618 -0.0026085765391036858 0.0022306720655909068 0.0090853676498420365 0.0028965180567508504 0.0054034629576513362 0.0055477574342024287 0.00056108490958285348 0.0073122260583713232 -0.0081796137190884508 -0.00082408768793660377 3.6890842388178507e-05 0.00079154878301908999 0.0024241446059234217 -0.0084705315357413678 0.0035113137058210625 -0.0045124001212670422 0.0042760741061495322 0.0015460944215886301 0.00049848817768907662 -0.0022397893849856469 -0.0017148232886300802 0.0017313141015301847 -0.0062383922988434592 -0.0061897546591986683 0.0056900522302666271 -0.0041725472915615089 0.0012773941992003945 0.00092190889203910462 -0.0033760031437650392 0.0038380577625172579 -0.0049973356495726356 0.001078511796813008 -0.0028435353213597143 0.0038640221884610011 -0.0044676609850881387 0.006086609110828394 -0.0058093144087443468 -4.3256011442013563e-06 -8.3141847490359045e-06 -0.0043557501598646998 0.0032800407531910158 -0.0077387615500760015 0.0017436580261136958 -0.0062790144607194273 0.0013650193782530579 -0.00062998978572289253 -0.0042136627658744879 -0.0071535871006820784 0.00025381027647160894 0.0039626586060841455 -0.0020212029222766124 0.00068491278367420905 0.0092781607894388361 -0.0024494509573727346 0.002064156648675034 0.0057951088971323842 0.0060721287289769478 0.001007746468112698 -0.0076337237272096304 -0.0039042648121358999 0.0021061581953050177 -0.0014623977923962916 0.0054774797187114232 0.0056969307860446593 -0.0052103210947671294 -0.0027176954732323639 -0.0026282414828209246 0.0055654309734925614 0.0010896703218465826 0.0053628245511830623 -0.0061939100910363464 0.0051218698739923648 -0.0056674944883510501 -0.0036625439546003236 -0.0097567032892572313 -0.0010211591245062486 0.0091390220626163827 -0.003934825684413024 0.0035044832746556954 -0.004182028366572204 0.0052003636092246798 0.0015263857142336227 -0.0047342348913722446 0.0035499857961702004 0.004272109726595935
leaf_weight=241.87026938796043 100.41839930415154 157.43977616727352 1200.9752176851034 119.35952152311802 190.95092275738716 258.07048611342907 101.43486867845058 207.11553284525871 500.52211602032185 3660.0846420526505 346.19429714977741 556.4844414293766 158.47229121625423 190.34174413979053 419.85609599947929 247.05013754963875 274.49511584639549 330.00647315382957 2609.6990860551596 200.85396581888199 312.70004944503307 1862.9788089096546 174.90905764698982 197.5589517056942 203.67145326733589 361.14174889028072 181.71000090241432 207.56082706153393 100.36279766261578 283.09783144295216 756.58586621284485 560.69990232586861 496.0116053968668 145.40330827236176 181.40272690355778 257.58747608959675 195.26532787084579 161.53930832445621 298.00574260950089 576.98076130449772 485.6025738120079 167.6942140609026 709.34859484434128 291.44749382138252 129.71222746372223 304.3035109937191 129.79382435977459 120.46226964890957 282.19849087297916 142.84905435144901 229.74245534837246 134.96974946558475 107.59244847297668 170.32246015965939 122.32172825932503 245.71721374988556 165.6128606647253 262.20958624780178 266.58813819289207 254.14575450122356 576.23746800422668 155.10129262506962 417.26257944107056 214.38238598406315 157.93966855108738 262.77761569619179 215.51589813828468 189.14356623589993 160.07818545401096 155.35298305749893 163.85795851051807 637.32728733122349 861.85331672430038 452.15929619967937 111.12908434867859 274.13502906262875 101.88376168906689 413.96383737027645 181.85253125429153 2069.2859258204699 160.87952451407909 160.32735978066921 189.93677923083305 227.89315108954906 197.12492714822292 436.87411312758923 334.40798258781433 2110.3028962165117 389.33193597197533 355.10704758763313 692.82214370369911 334.03226660192013 110.44874152541161 138.17939653992653 505.73901234567165 388.29839630424976 279.09635499119759 160.33809696137905 119.43829227983952 114.69489078223705 159.88359786570072 463.98855312168598 112.44399818778038 145.42634849250317 226.34947107732296 157.89827597141266 970.86559048295021 661.01105704903603 133.90676620602608 180.39141294360161 147.41243840754032 254.91967269778252 122.45049929618835 129.4507956802845 100.19929431378841 133.15696294605732 254.12233780324459 111.91261893510818 185.11102090775967 204.15158306062222 247.6546311378479 106.94416488707066 240.40949660539627 223.63880290091038 107.19973076879978 385.73112969100475
leaf_count=976 402 631 4815 479 767 1033 406 829 2003 14657 1387 2230 635 762 1685 991 1100 1321 10448 804 1254 7469 700 792 815 1447 728 831 402 1133 3028 2244 1985 582 726 1032 782 647 1193 2318 1954 673 2850 1171 521 1222 522 484 1134 573 922 542 432 684 491 984 663 1050 1069 1017 2307 621 1670 858 632 1052 863 758 641 622 656 2555 3451 1811 445 1098 408 1659 729 8290 644 642 760 913 789 1749 1339 8459 1560 1423 2780 1337 442 553 2024 1554 1117 642 478 459 640 1857 450 582 906 632 3885 2645 536 722 590 1020 490 518 401 533 1017 448 741 817 991 428 962 895 429 1544
internal_value=-4.13515e-05 0.00100809 -0.00102033 0.00214238 0.00297115 0.000123279 0.00123731 -0.000870411 -0.000475016 -0.00137255 -0.00161178 7.54939e-05 0.00370981 -0.00188856 0.00100826 0.00271709 0.00163091 -0.000811139 -0.000429683 -0.000611714 0.000167804 -0.000441182 0.000339545 0.00245331 -0.00122707 0.000493333 0.000828136 0.00030173 -0.00406405 0.00091048 0.0014564 -0.000943373 0.00223877 -0.000897128 0.00152541 0.00239318 0.00363189 0.00565437 0.00269798 0.00315696 0.00339986 0.00291985 0.00320189 0.00262061 0.00196967 0.000594238 0.00221173 0.000294296 0.00379288 -0.00211411 -0.00391718 0.00530014 0.00699363 -0.00153625 -0.00428766 -0.000115808 -0.000529953 -0.00114038 -0.00239175 -0.00263644 -0.000422015 0.0024357 -0.00106329 -0.00182503 -0.00103869 0.00128673 -0.00161212 -0.00323151 -0.00349857 0.00286166 0.000335087 -0.000704236 0.000510729 -0.000293485 -0.00168414 -0.00208631 -0.000435686 -0.00217209 -0.00409522 0.00033064 0.000235812 -0.000249918 -0.00464385 -0.00205845 -0.00261288 -0.000974256 -0.00287672 -0.00383659 -0.00410797 -0.00357332 0.00305684 0.00105226 0.0016709 0.00579597 0.000897628 -0.000486829 0.00304037 -0.00026013 0.00050501 -0.00349307 0.00175586 0.000492401 0.00329243 -0.000935708 -0.000484611 -0.00270553 -0.00074085 -4.60142e-05 -0.000945893 0.000761301 -0.000541325 -0.00326034 0.00059075 -0.00112288 0.00163838 -0.00585268 0.00230373 0.00346135 0.00217412 -5.26328e-05 0.00109665 -0.000100321 -0.00142079 0.00073097 -0.0020006 0.00207198
internal_weight=45652.6 22033.1 23619.6 9642.88 5552.74 12390.2 4101.77 22418.6 14642.3 5555.28 7776.33 9086.99 930.304 4657.36 4090.14 1333.73 1086.68 4407.47 8288.42 7917.91 2756.41 2336.56 997.272 532.795 5308.21 3171.47 2969.67 2608.53 201.798 4679.52 3618.3 1061.22 2716.31 901.989 2220.29 771.832 614.392 419.127 5310.87 4296.29 4105.34 3619.74 3452.05 2875.06 2341.05 1349.51 847.204 542.9 991.547 502.304 372.592 534.01 399.04 413.106 242.784 2400.97 2219.26 4077.46 4663.15 4396.56 938.454 362.217 1973.54 1556.28 1341.9 897.923 315.934 3458.11 3268.97 581.989 319.211 3520.98 1576.22 1314.01 1944.76 464.477 3113.18 942.011 595.816 2171.17 2023.86 357.886 393.608 1833.63 1605.73 968.407 531.533 3014.82 2854.74 2465.41 812.182 2038.89 1704.86 248.628 1456.23 894.037 562.194 1183.96 1018.34 234.133 784.21 623.872 370.514 4914.6 3936.68 977.917 3791.26 2820.39 643.906 2159.38 1177.73 435.311 486.007 363.557 234.106 334.011 981.647 727.525 615.612 389.263 742.421 595.008 488.064 1014.58 330.839 683.737
internal_count=182896 88297 94599 38699 22297 49598 16424 89784 58627 22246 31157 36381 3727 18651 16402 5350 4359 17653 33174 31691 11052 9367 3994 2134 21243 12697 11889 10442 808 18728 14481 4247 10871 3610 8886 3092 2461 1679 21321 17260 16493 14539 13866 11548 9403 5419 3403 2181 3984 2016 1495 2145 1603 1659 975 9611 8883 16332 18684 17615 3757 1450 7899 6229 5371 3595 1265 13858 13100 2330 1278 14102 6312 5262 7790 1860 12473 3775 2388 8698 8113 1434 1575 7345 6432 3877 2128 12083 11442 9882 3259 8160 6823 995 5828 3578 2250 4739 4076 937 3139 2497 1483 19668 15754 3914 15172 11287 2577 8642 4713 1742 1945 1455 937 1337 3929 2912 2464 1558 2971 2381 1953 4061 1324 2737
is_linear=0
shrinkage=0.02


Tree=38
num_leaves=127
num_cat=0
split_feature=15 119 150 179 15 216 107 138 107 226 13 110 192 98 19 2 214 205 220 214 73 153 138 68 13 111 216 177 204 176 179 224 190 192 138 214 179 100 24 150 212 114 26 236 216 226 236 35 15 102 95 176 92 11 176 226 219 197 107 226 24 95 186 141 140 154 204 152 226 31 186 216 197 154 80 194 156 100 191 157 141 107 190 216 219 163 128 26 224 77 138 220 107 192 216 156 226 191 220 137 204 114 22 157 35 157 38 212 213 145 11 224 189 205 100 103 189 2 194 232 41 197 13 19 193 11
split_gain=114.1 24.7384 16.0361 17.0912 15.9815 15.8733 14.3193 15.2464 14.5908 14.2299 13.4931 16.5521 14.4438 14.1256 14.0161 13.2863 15.7763 13.1219 20.7181 13.8895 16.5882 12.471 16.308 12.2183 11.6974 12.5177 14.6535 12.7145 12.2871 14.5335 15.3053 11.6645 11.4966 17.7759 17.7628 14.4118 13.2007 13.0048 15.9944 12.9449 12.5981 14.1585 11.8802 11.2991 11.139 15.4658 11.4432 11.1254 11.0493 11.0212 13.1833 10.9875 11.9352 15.7186 14.7231 14.8917 11.9863 11.2844 10.9787 10.7986 12.9646 11.3233 13.7386 10.7861 12.676 11.8026 10.7295 17.0834 14.6481 13.2136 11.0394 18.4279 10.8502 10.9811 20.3373 14.3463 16.0029 13.0919 13.8176 12.7168 11.1779 11.0184 10.6793 13.8663 11.5206 10.5682 10.5243 10.4875 10.3929 15.7422 14.917 17.7647 17.1101 14.2634 12.0005 10.3853 12.826 14.4243 13.9287 24.4841 12.8676 10.3592 10.2978 10.1086 10.0458 10.0327 9.96668 9.90863 10.0583 9.87936 9.74296 13.5934 10.4736 10.1585 9.61719 9.55036 9.37067 9.29837 13.0491 10.8764 9.37831 13.3935 9.26417 11.3993 9.24376 9.2023
threshold=-0.048079872503876679 0.00029496345086954539 0.33800262212753301 -0.0016218696255236862 -0.52256253361701954 0.10693765059113504 0.00078019814100116502 0.0012355565559118988 0.00068214809289202105 -0.50826266407966603 -8.7490960254399386e-07 0.0036996060516685252 0.0035929945297539238 0.001247958396561444 -1.7388776541338299e-05 8.6394225945696248e-05 0.0015267584822140636 -0.12428331002593039 -0.0060506011359393588 0.0013212593621574344 4.0714970964472748e-05 0.00080208585131913434 0.00060244690394029032 -0.0003886565391439944 -1.15249144982954e-05 0.00018944071052828806 0.90471363067626964 0.0020265491912141447 0.0073513255920261153 0.0010494922753423455 -0.0036024808650836344 0.0013259632978588345 0.00077624319237656902 0.0017369664274156096 0.0010164844570681455 0.0023291655816137795 -0.001235969190020114 0.00046498820302076643 0.00012050406803609805 0.015097987838089468 0.008564463350921871 0.00029503075347747659 0.60297811031341564 1.0000000180025095e-35 0.042835585772991187 -0.12505502998828885 1.0017962455749514 -8.6184300016611798e-06 0.24550464004278186 0.46607002615928655 3.0771136152907281e-05 0.00056505532120354484 1.0000000180025095e-35 0.00045588113425765192 0.0011850528535433116 0.1697899475693703 0.92187809944152843 -0.0062175721395760766 0.0019121457007713618 0.022243579849600795 0.00010680930427042769 4.6716688302694827e-05 0.0017432187451049688 -0.0012354899081401525 0.84950315952301036 0.00395908858627081 -0.0014524220605380831 0.00014236504648579287 0.34569342434406286 3.3912354410858832e-05 0.00017981344717554751 0.05353845842182637 -0.0031648365547880526 -0.0032179509289562698 -0.0021991754183545704 -0.0027623284840956326 -0.001864447782281786 0.00054609592189081024 -0.0012537260190583763 1.9133663954562511e-05 -0.0013060499913990495 0.00040012295357882982 -0.00072104949504137028 0.39545471966266638 0.74666640162467968 -0.0018402882851660249 0.00062815865385346125 0.95064494013786327 0.012608055491000416 0.00015144296776270497 0.00076498041744343947 -0.0037579381605610247 0.0011455439380370083 0.0016138543142005803 0.34185840189456945 -0.00054085048031993199 0.019801070913672451 -0.00031506047525908793 -0.010023936629295347 0.00051716173766180884 -0.0032861091895028944 -0.0005128233169671147 0.00039531460788566625 0.00011893096598214471 -2.0438995306903959e-05 0.00018783407722366976 9.8358810646459474e-05 0.005274686962366105 0.001122834160923958 0.0010667172027751806 -0.00020259160373825577 0.0062468124087899932 0.45000000298023229 0.10321014747023584 0.00026339913893025374 -0.00040347516187466676 0.45000000298023229 -0.00022339032875606787 0.0062929186969995507 3.5000000000000004 -0.00025577741325832898 -0.0013571470044553278 -1.9616123609011989e-05 -9.6915864560287429e-06 -0.0011462657130323348 -0.00013202823902247471
decision_type=2 2 10 10 2 10 8 8 10 10 2 8 8 10 2 2 8 10 8 8 10 10 10 10 2 10 10 2 10 10 10 8 10 8 10 8 8 10 2 10 8 2 2 10 10 8 10 2 2 10 2 8 2 2 10 8 8 8 10 10 2 2 10 10 10 10 10 10 10 2 10 10 10 10 10 10 10 10 10 2 10 10 8 8 8 2 2 2 8 2 10 10 8 10 10 10 10 10 10 10 10 2 2 2 2 2 2 10 10 10 2 8 10 10 10 10 10 2 8 2 10 10 2 2 10 2
left_child=4 2 15 5 124 -4 7 8 66 116 12 14 -3 -13 58 44 59 31 -19 20 48 22 -21 -14 28 26 27 -26 47 -30 -31 -16 82 34 40 37 -37 -35 63 -36 41 -34 -40 -38 45 -2 87 -11 86 50 -47 -18 53 57 56 -56 -54 -53 -12 61 107 -17 -63 -39 -65 -66 67 69 70 122 -68 -72 -73 104 77 81 80 78 -75 110 -77 -76 84 -84 -15 -7 -20 88 -46 90 115 92 -92 94 -91 96 97 98 99 -71 -100 -49 -87 -81 -74 -105 -42 -61 -109 -69 111 -78 125 -113 -97 -90 -8 118 119 -103 -119 -122 -6 -124 -1 -112
right_child=1 10 3 -5 6 85 9 -9 -10 24 11 13 23 32 17 16 51 18 19 21 -22 -23 -24 -25 25 -27 -28 -29 29 30 -32 -33 33 35 39 36 43 38 42 -41 106 -43 -44 -45 46 49 -48 101 -50 -51 -52 52 54 -55 55 -57 -58 -59 -60 60 -62 62 -64 64 65 -67 68 109 -70 95 71 72 73 74 75 76 79 -79 -80 103 -82 -83 83 -85 -86 102 -88 -89 89 93 91 -93 -94 -95 -96 114 -98 -99 100 -101 -102 117 -104 105 -106 -107 -108 108 -110 -111 112 113 -114 -115 -116 -117 -118 120 -120 -121 121 -123 123 -125 -126 -127
leaf_value=0.0013743012486923454 -0.007667368516410096 0.0018378751028712025 0.00067895487628246679 0.0034135394585824543 0.0047356374470267368 -0.0096629887886892397 4.0428676539206709e-05 -0.0027389901991558608 0.0046085724382695934 0.00085585424811357143 -0.0038882867883659688 0.0031770817666826857 -0.0062759223044609441 -0.0024357396576635479 0.00013299037556336154 -0.0020472277610649472 -0.0042842106709001819 0.0014319036903742686 -0.0047851144278223566 0.00062735454597470566 0.0030485278380949481 -0.0085436941054310728 -0.007112523997976408 0.00081051256843795306 -0.00064731508124493827 -0.0046455336016066641 0.0026813886110074038 0.0043631371274088079 0.0024407726348681341 0.0011276928036760626 -0.0071939368336740497 -0.0069536460680743473 -0.0042278044183619882 -0.0031751536794044043 -0.0069332920943942708 -0.0007184548506079339 -0.010020730631093589 0.0062596220172655582 0.0024833577548402249 0.0014917582283024676 0.007440505767566977 0.0043455734985712365 -0.004975246949019959 -0.0021740930394101004 0.00078996257292103999 -0.0015691443558951954 0.0023443628260343403 0.006972351702211498 -0.0077595585258727427 -0.0040952618341940144 0.0071878973663166337 0.0051193683962005958 -0.00027453388964998349 0.0076262381305632057 -0.0016912618257003329 -0.0089776158032593718 0.0061734448365110498 0.00019561015209316527 0.0034400019286072842 0.005925042646759404 -0.0046572627115589998 -0.0090943979894028311 -0.0015316503665957295 -0.0035363820495292338 0.0065458444876312595 -0.00066675665551717224 -0.0036611945561152727 0.0017749486905814136 0.0071485480499485247 -0.0054604414573906617 0.0070245266424151746 -0.004337843394901961 -0.00029453717959462117 -0.0050583558102464945 0.00059005788922199612 0.0076236109664541097 0.0068957766881582606 -0.0079036354091593566 0.0028305234458010356 0.0075989468529628788 0.00046339114078559868 -0.0067744572861393538 0.0011417862737514075 -0.0054959997652251338 0.0047110274893497495 0.0011711983853747051 0.0021501955219596215 -0.002844647393567711 -0.005238255099823173 -0.00082106126941392606 0.0017990478566800856 0.0041600603526768245 -0.0074754417442627844 -0.0018905613582459473 0.0056203739877603333 0.011225712967879777 0.0069329439523664587 -0.0046031619378873014 0.010796996116476016 0.0057997828718356174 0.0011944071518147077 0.0034156569097702327 -0.0066629548445985391 -0.0034500600432723965 0.0074245414975509594 0.0030363964743856265 0.0013961305943069433 -0.002459057125022375 0.0016921115033120178 -0.0045206190060102912 -0.0037617093203559161 -0.0034474284260346735 -0.005654006204965715 0.001622519061143668 0.00444865908071671 0.00057105726853777321 0.0069346729892113693 -0.00026974021730785945 -0.0038767630762779914 -0.0027999609406736794 0.00041355708467923254 0.0081903951026512482 -0.0063522477865875096 0.0019907623936195372 0.0060175409930341116 0.003423867733396202
leaf_weight=309.7649430334568 142.86702316999435 791.02002181112766 165.8015598654747 114.37869068980217 99.901459515094757 203.98032677173615 119.06982536613941 265.32735155522823 750.81446263194084 3855.7984334677458 110.38756331801414 253.69918324053288 181.17336662113667 294.86098098754883 107.68647173047066 1554.2876881808043 217.65562035143375 371.31971324980259 152.97591428458691 220.11345043778419 195.38817344605923 323.74480417370796 189.91292557120323 180.67723090946674 3992.378332734108 217.3888199031353 705.69431142508984 193.49426630139351 202.96045009791851 135.24588111042976 211.51239120960236 624.53156742453575 153.76767845451832 615.26473869383335 132.57678456604481 218.19303269684315 189.31888630986214 174.06256753206253 107.64753982424736 128.57649940252304 250.45953866839409 118.60144531726837 264.40894074738026 134.23046810925007 5419.8588996976614 147.61934530735016 1068.986084073782 196.83772106468678 150.75277523696423 166.11410596966743 100.15481553971767 191.09121070802212 1532.7079601883888 125.45229481160641 552.40024936199188 125.62357845902443 104.59353704750538 1593.8115968257189 200.78977812826633 100.08253242075443 218.016771286726 210.44164043664932 181.32227842509747 168.97578856348991 156.95155030488968 179.45026017725468 188.74429722130299 215.27745877206326 132.86615703999996 141.37506812810898 177.34445063769817 141.63314491510391 102.58589664101601 143.34084059298038 177.95192249119282 264.22230157256126 117.13748976588249 138.04407927393913 175.58128035068512 141.61621767282486 129.73401732742786 125.20225410163403 144.77704446017742 707.64092002809048 106.58011811971664 112.42315873503685 160.00250071287155 420.02214242517948 572.06656488776207 170.64313617348671 144.40738092362881 235.81222338974476 141.64507482945919 326.50805252790451 311.56639534235001 147.80110269784927 248.00572581589222 104.27315846085548 110.35825578868389 128.15789893269539 107.3904055505991 498.23010094463825 129.57251708209515 100.48039078712463 168.89545726776123 475.53929391503334 201.6672451198101 405.82695922255516 497.06873960793018 154.34492632746696 106.5181570649147 212.58716656267643 199.34654489159584 473.50156702101231 266.2129553258419 135.39321999251842 214.89866828918457 139.67837463319302 169.26114909350872 127.51320558786392 133.24724797904491 258.05522087216377 104.39846527576447 123.39313827455044 410.74889823794365 143.49956473708153
leaf_count=1244 572 3165 664 458 401 817 477 1064 3011 15453 442 1016 725 1181 432 6227 872 1488 613 882 783 1298 761 723 15991 870 2827 775 813 542 847 2505 616 2466 531 874 759 697 431 515 1003 475 1060 538 21696 591 4279 789 605 665 401 765 6140 503 2212 503 419 6382 804 401 874 844 727 677 629 719 757 864 533 567 712 568 411 575 714 1060 470 553 704 568 520 502 580 2836 427 450 641 1682 2290 683 578 944 567 1307 1247 593 995 418 443 514 431 1997 519 403 677 1908 808 1626 1991 619 427 853 799 1899 1068 542 861 560 678 511 534 1034 419 495 1649 575
internal_value=4.82072e-05 -0.000800787 -0.000374195 -0.00324458 0.00122614 -0.00455804 0.00110862 0.0018192 0.00200626 0.000668553 -0.00167649 -0.00198507 0.000333077 -0.00125082 -0.00319714 -0.000248758 -0.000870379 -0.00369284 -0.00270591 -0.00381363 -0.00163302 -0.00567709 -0.00312161 -0.00288044 0.000540919 -0.000160403 5.70287e-05 -0.000396058 0.00114381 -0.00166085 -0.00406376 -0.0059356 -0.00151646 -0.000869281 0.00134566 -0.00186101 -0.00463552 -0.000914945 0.000442157 -0.00297425 0.00294089 -0.000452691 -0.00280064 -0.00708148 0.000249809 -0.00244524 0.000422599 0.00143556 -0.00365003 -0.000372318 0.00224309 -9.97263e-05 0.000134974 0.00129799 -0.000827521 -0.00325982 0.000206903 0.000773633 0.000762531 -0.00194419 -0.00045867 -0.00286209 -0.0058385 0.0022472 0.000679553 0.00287684 0.00166567 0.00287851 0.00106817 0.00377437 0.000825824 0.00107219 0.000735963 0.000971744 0.000621095 0.00129298 0.00182097 -0.0031905 -0.000804429 0.00105784 0.00540198 -0.00268251 -0.0031256 -0.00436829 -0.000404794 -0.00645059 -0.00132342 0.000156551 0.000332731 -0.000879065 -0.00229008 0.00027978 -0.00298181 0.00126931 0.00339897 0.004696 0.00328512 0.00157907 0.00303133 -7.56234e-05 0.00656001 0.00287324 -0.00321189 0.00314125 0.00468763 0.0018271 0.00491782 0.000527185 -0.000186581 -0.000951027 -0.000166395 0.00114739 -0.00246357 -1.57475e-06 0.00727384 -0.00414134 0.00461783 0.00217018 0.000764836 0.00210155 0.00417018 0.00569109 0.000181372 -0.00203699 0.00411234 0.000310633
internal_weight=45597.6 26502.4 17840.2 726.156 19095.2 611.778 18374.7 7003.4 6738.08 11371.3 8662.19 7509.32 1152.87 4701.71 2807.61 17114 7610.38 2496.43 1764.21 1392.89 659.119 733.771 410.026 361.851 11037.3 5108.96 4891.57 4185.87 5928.34 549.719 346.758 732.218 4448.01 3194.15 985.649 2208.5 541.742 1666.76 1051.5 261.153 724.496 272.369 372.056 323.549 9503.66 556.755 8946.91 5378.62 463.731 413.888 247.774 4443.34 4225.68 1910.36 2315.33 678.024 1637.3 1784.9 311.177 3167.05 1221 1946.05 391.764 679.44 505.378 336.402 5987.26 1950.89 4036.37 1581.27 3903.51 3714.76 3537.42 3395.78 3124.3 2667.34 2364.18 456.966 318.922 1970.23 393.956 303.154 1253.86 852.418 401.441 445.976 312.978 7877.92 7457.9 2038.04 1229.32 521.865 286.052 808.718 482.21 1253.57 839.561 591.555 487.282 269.533 217.749 1522.82 241.996 717.636 271.481 576.02 452.127 1002.98 902.896 369.622 1252.59 803.226 449.364 686.089 414.014 707.46 333.968 1325.99 795.004 625.743 530.981 391.302 327.693 227.792 720.514 250.018
internal_count=182685 106143 71438 2908 76542 2450 73649 28090 27026 45559 34705 30092 4613 18838 11254 68530 30486 10008 7071 5583 2642 2941 1643 1448 44221 20463 19593 16766 23758 2202 1389 2937 17822 12798 3948 8850 2171 6679 4213 1046 2902 1091 1491 1297 38044 2229 35815 21556 1859 1657 992 17796 16924 7650 9274 2715 6559 7147 1246 12690 4892 7798 1571 2722 2025 1348 24015 7827 16188 6344 15655 14898 14186 13618 12530 10698 9482 1832 1279 7902 1580 1216 5024 3416 1608 1786 1254 31536 29854 8158 4921 2089 1145 3237 1930 5029 3368 2373 1955 1081 874 6103 969 2879 1088 2311 1811 4018 3617 1483 5023 3222 1801 2752 1661 2832 1338 5314 3186 2508 2128 1568 1315 914 2893 1002
is_linear=0
shrinkage=0.02


Tree=39
num_leaves=127
num_cat=0
split_feature=7 7 116 142 231 231 7 125 69 9 116 231 154 231 231 231 224 214 192 226 28 167 157 194 174 100 67 22 153 145 203 231 214 146 157 231 232 224 22 89 89 181 91 157 73 38 117 218 143 36 212 19 212 105 187 1 218 203 166 181 146 214 221 150 232 107 57 231 231 152 65 5 231 28 75 69 232 38 135 231 152 144 214 75 117 192 221 69 224 150 184 31 117 174 204 69 116 107 100 231 81 116 184 0 153 179 41 152 144 1 73 25 204 71 231 23 143 97 105 163 36 142 91 73 73 166
split_gain=128.268 26.5414 23.586 20.7659 18.6433 39.2543 39.5163 27.2901 21.9221 21.6949 17.725 22.1637 22.3299 19.5392 16.5929 40.0426 16.1927 16.062 15.9557 15.9036 15.5479 15.5365 20.7019 17.7892 14.9031 22.0398 14.8312 14.1616 27.8994 13.9316 13.8533 13.6761 13.4678 17.1281 13.6699 13.2175 18.2873 16.6606 19.7978 13.3394 14.944 14.4289 13.2164 30.5993 12.5189 12.0047 11.9142 12.9918 11.7695 11.6212 11.4854 14.8756 13.2652 13.6879 12.6991 12.6959 12.1927 11.8895 15.8679 18.4862 14.9886 14.0993 19.9689 18.65 12.4987 12.3976 12.3789 11.3738 11.3574 11.1742 20.6342 13.4467 16.9249 18.246 16.8627 19.5011 12.9728 11.5731 13.3087 12.7688 11.4809 11.0276 10.9752 10.8668 10.8388 10.6747 14.6123 11.1908 13.3569 12.0263 12.4994 12.3232 12.0578 11.9352 11.4977 11.9589 12.6391 12.5711 11.9 18.977 13.549 15.8328 12.6775 11.8596 13.1339 10.8493 10.6525 10.5819 10.5181 10.4966 11.0131 10.6624 10.4517 12.7875 13.8684 16.3181 10.4197 13.8061 10.4887 10.3785 10.1832 10.1081 10.0387 11.3779 10.3266 16.886
threshold=3.4036382203339606e-05 -0.00017807875701691953 -0.0029438920319080348 0.00094205731875263165 0.02835773024708033 -0.5206359028816222 0.00015943247854011136 -0.0052853578235954038 0.0012247813865542414 7.5044878030894338e-05 0.00041523689287714666 0.5056561827659608 0.00066679215524345647 -0.96759679913520802 -0.7589854598045348 0.26092512905597692 0.020608721300959591 0.0012647213879972698 -0.00031427401700057084 -0.32613787055015558 0.00036017446836922323 0.13355922698974612 0.0005021720426157118 0.0066497721709311017 0.0066434696782380351 0.00036601211468223488 0.2105791047215462 0.00059971681912429642 0.00047331141831818973 0.0001613909407751635 0.00029897055355831986 -0.56099891662597645 0.0012580503243952992 0.35489046573638922 -0.0004242594441166147 0.44424325227737432 5.0000000000000009 0.0050200470723211774 0.00043596529576461768 -4.2818188376259052e-05 -0.00010298324559698811 0.1220616288483143 -0.26289394497871393 -0.0022332352818921204 -4.0825865653459907e-05 1.1043622635042995e-05 -0.0015795638319104908 0.0010089924908243122 0.96298635005950939 -0.2222252935171127 0.025662668049335483 -1.9349704416526944e-05 0.021721526980400089 0.96810039877891552 0.00013167310680728408 -0.00030378808150999243 0.014678058680146934 -0.00022332561638904733 -0.001001430850010365 0.529686599969864 0.29661349952220922 0.0012976065627299251 0.0025264504365623002 0.099186979234218611 2.5000000000000004 0.00068214809289202105 -3.2225814720732153e-05 -0.41667649149894709 0.26092512905597692 -0.00050185032887384285 -0.00064969967934302975 -1.8670470126380675e-05 0.041439602151513107 1.8665422430785842e-05 0.45000000298023229 0.00037238994264043873 1.5000000000000002 -4.3017689677071749e-06 -0.31151354312896723 1.0000000180025095e-35 0.00031432145624421542 -0.0078997937962412817 0.0013546875561587515 0.45000000298023229 -0.0042309793643653384 -0.001446194597519934 0.0026601469144225125 0.00024229940754594284 0.022206672467291359 -0.0023840783396735783 0.97686088085174572 6.074811426515226e-05 0.00055511790560558449 0.012763716280460359 0.00078955851495265972 0.00056854594731703411 0.00096225389279425155 0.0015251833829097452 0.00045760370267089462 -0.076283793896436677 7.715306855970995e-05 0.00062583983526565145 0.64811640977859508 -6.0075333749409758e-05 0.0014907008735463025 -0.0043138759210705748 -0.00095574845909140993 0.00081838923506438743 -0.0053805366624146691 0.00030349697044584906 3.0951883672969423e-05 0.00019150675507262352 0.0066240604501217612 -0.00031999737257137889 -0.26933941245079035 5.8361998526379473e-05 0.90740123391151439 0.32941871881484991 0.93508374691009533 -0.00087269290816038836 -0.13290227204561231 0.00044704263564199215 -0.25372488796710962 -1.0281237791787133e-05 8.5659876276622543e-06 -0.00080254708882421244
decision_type=2 2 8 8 2 2 2 2 8 2 10 2 10 2 2 2 8 8 10 8 2 2 2 10 10 10 10 2 8 8 10 2 8 10 2 2 2 10 2 2 2 10 2 2 10 2 10 10 10 10 10 2 8 10 8 2 8 10 2 10 8 8 10 10 2 10 2 2 2 10 2 2 2 2 2 10 2 2 10 2 10 10 8 2 10 10 10 10 8 10 10 2 10 10 10 10 10 10 10 2 2 10 10 2 10 10 10 10 8 2 10 2 8 8 2 2 10 10 10 2 10 10 2 10 10 2
left_child=1 14 49 10 5 48 7 -7 108 20 11 12 13 18 46 16 31 -12 -3 24 30 23 -23 29 25 26 -15 28 -17 -13 45 -16 34 -34 -31 36 37 38 -6 40 -37 -41 43 -5 84 -9 47 -1 106 -2 52 -52 53 55 -54 -44 -56 61 59 60 -59 66 63 64 -63 -60 -57 -33 -40 70 -46 72 122 -74 77 -76 -72 78 79 -73 -77 -49 -55 -66 -21 86 -67 88 -87 90 93 92 -91 94 98 -96 97 -97 99 100 -89 -102 -101 -100 -105 -88 -4 112 -8 -108 -111 -112 113 114 -11 -116 117 -43 -118 -36 -99 -28 123 -71 -124 -126
right_child=2 3 4 42 35 6 8 9 -10 107 17 21 -14 19 15 27 -18 -19 -20 44 -22 22 -24 -25 -26 -27 121 -29 -30 32 -32 67 33 -35 119 39 -38 -39 68 41 -42 116 50 -45 69 -47 -48 81 -50 -51 51 -53 54 82 56 57 -58 58 65 -61 -62 62 -64 -65 83 85 -68 -69 -70 71 76 74 73 -75 75 80 -78 -79 -80 -81 -82 -83 -84 -85 -86 87 105 89 -90 91 -92 -93 -94 -95 95 96 -98 120 103 102 101 -103 -104 104 -106 -107 109 -109 -110 110 111 -113 -114 -115 115 -117 118 -119 -120 -121 -122 -123 124 -125 125 -127
leaf_value=0.003159355254421682 -0.0026160220357746683 -0.0003679003954943501 0.0027274478903826838 0.0017485956586016996 -0.005379151945033701 0.0056818518392514417 -0.0026936373994329897 -0.0011303850177037549 -0.0030823814588981048 -0.0051776947357654278 0.00042809684905694789 0.0046398687155649885 0.0059892868605848941 0.0054923012625344896 0.0029413957280908527 -0.0057371263822122709 0.0009320577683881744 0.0080896039879934482 -0.0092405314385553758 -0.00094964511700881902 -0.0056260060102053568 0.0060111918521381846 -0.0040058818424374932 -0.0074547284816412519 0.0047483039623253754 -0.0086284919527370978 -0.0063876594937644507 0.0015533404002094264 0.0050092220644809343 0.0057681232474785047 -0.0038885860242918084 0.010297847131915578 -0.0057966319310556683 0.00063257889548023821 -0.0054559542640770066 0.0019481148059009355 0.0031444531786959918 0.00061550803081241389 -0.0033698286782101908 0.0038434564956506107 -0.0063505824581811185 -0.00027464388542807453 0.0054871033029936216 -0.010561280942574499 0.0046898613308511278 0.0047544766567174995 0.001657333592696006 0.0023445629510030121 -0.0045926046229478705 0.0042857575586028969 -0.0077262227268571028 -0.0003726689101694584 0.0052539115167900439 0.0013380346158813319 -0.0050363438010581057 0.0013987796808199897 0.0032331942394837384 0.0058488221939899344 -0.0057361926642700532 0.0075419821147555532 -0.0025093053997486355 0.0054703904693056997 -0.0027180595055289157 -0.0027556254567845666 -0.0047333563463861795 -0.0041017749456372073 -0.0059380256016936771 0.0053343081374804726 0.0035889442592014821 0.0042669097810616001 0.00065566837436882802 -0.0021964870637430169 -0.0037940085822993309 0.0024843660198182573 0.0044629214493036272 -0.0025192657237149271 -0.0064617475233088055 0.0010855313924475224 0.00048479002258660519 -0.010345147747045716 0.0042250441704889284 -0.0043234319591768057 -0.0059469189346958544 0.0028953763087917425 0.0046042851630870912 0.00094003937005992209 -0.0008032128971657759 0.0081031623022753078 0.0073786546462368688 0.0023122234808988841 0.0035693974011637738 0.0015980515843557978 -0.0055537263124196216 -0.006335627149760029 -0.0043178611224182354 -0.002344552760240654 -0.0037956180520580612 0.0060645628468665551 0.002680334455340644 0.0022079090007537973 -0.0025286446798111562 0.0055041903189004841 -0.0043115227096171948 -0.0052544681833195175 0.0022565242086260849 0.0048844505392133097 -0.000826952835743113 0.00037533877994416472 -0.010260091415548464 -0.0057206239752013426 0.0036195260888703547 -0.0040878595714829756 -0.0099168409714946656 -0.0066678615823154708 0.0023017618566153787 -0.0044056922314148319 0.0040477491993541068 -0.0035496525293302562 -0.0021161646828560454 0.0021425505483929543 7.4558591345062598e-05 0.0011717075243331131 0.0062868473849344176 -0.003613682229128968 0.0067237059366812993 -0.0023294845153548427
leaf_weight=167.73177249729633 111.69381147623062 252.30192624032497 287.32793818414211 162.0584964454174 476.69501614570618 142.15062959492207 104.52160635590553 213.32990321516991 415.46828126907349 447.70681422948837 185.52621394395828 133.84704904258251 395.84967970848083 109.87361100316048 624.09919711947441 310.7769318073988 402.5937884747982 255.42633000016212 100.70555360615253 159.16381372511387 150.83511793613434 225.86752699315548 107.45195643603802 182.44198496639729 105.72803026437759 160.67851229012012 123.50214114785194 1057.2856045812368 118.89422757923603 138.14706529676914 155.32635934650898 283.97594922780991 430.79687492549419 256.40175741910934 120.96056187152863 101.18651911616325 675.19522094726562 1708.8088604360819 138.77480971813202 208.33281622827053 373.18648774921894 982.53004749119282 155.35191754996777 132.06500506401062 147.19453707337379 344.51393310725689 1433.8778798729181 112.65875218808651 350.18839438259602 407.2730597704649 150.13701757788658 317.67762197554111 367.37996563315392 110.93252530694008 109.13995535671711 112.32546035945415 139.62096193432808 111.8498981744051 120.01224786043167 240.78983350098133 226.25788898766041 400.80585923790932 780.04789669811726 269.92070604860783 100.35864663124084 101.17309525609016 362.87953685224056 797.02660126984119 210.78112259507179 135.37158446013927 165.40330490469933 197.54405517876148 249.49885642528534 573.05929464101791 630.16777667403221 370.48241733014584 235.32054850459099 420.520059004426 224.31972385942936 123.10684221982956 116.6647215783596 439.42207625508308 245.60096906125546 176.83620969951153 883.89667697250843 1247.7125309705734 171.82455323636532 185.16758561134338 125.01925593614578 109.86053651571274 203.34370842576027 1617.5454916954041 189.55168455839157 160.85540226101875 629.48670659959316 317.79242436587811 375.05750565230846 184.6481356471777 151.17426070570946 196.13664247095585 179.30266423523426 176.07862670719624 251.30886586010456 361.98944666981697 110.45473623275757 518.80253405869007 5918.8579602092505 190.12995031476021 540.77285708487034 355.78666983544827 123.22704480588436 124.04737648367882 123.83620670437813 475.28197325766087 330.89875864982605 227.65162752568722 235.93176665902138 1070.2104675024748 177.41788619756699 130.45171211659908 256.09030938148499 129.27580980956554 750.33029195666313 119.07408604025841 128.12703135609627 169.35703578591347
leaf_count=672 447 1010 1150 649 1909 569 420 854 1671 1796 743 536 1588 441 2500 1245 1616 1023 403 638 604 904 430 730 424 644 495 4236 476 553 622 1148 1724 1026 484 405 2703 6840 556 834 1494 3933 622 529 591 1379 5742 451 1403 1630 601 1272 1471 444 437 450 559 448 481 964 906 1605 3123 1081 402 405 1453 3209 844 544 663 792 1000 2297 2525 1483 943 1685 899 493 467 1759 983 708 3547 5000 688 742 501 440 814 6475 759 644 2521 1272 1501 739 605 785 718 705 1006 1449 442 2077 23701 763 2181 1426 494 497 497 1910 1326 913 945 4289 711 522 1025 518 3014 478 514 679
internal_value=-5.31619e-05 0.000799234 -0.00137188 0.000481546 -0.00149823 -0.0019953 -0.00361593 -0.00234163 -0.00687596 -0.0028097 0.00119506 0.000994551 0.00148335 0.00120346 0.00200679 0.00283525 0.00459511 0.00502454 -0.00325882 0.00145787 -0.000196346 -0.00103111 0.00273803 -0.00195895 -0.00152593 -0.00292164 -7.4298e-05 0.000312839 -0.00267297 -0.00102303 0.00107417 0.00543917 -0.00179873 -0.00344777 0.00113656 -0.000633134 0.0002698 -0.000514464 -0.00281073 -0.00154959 -0.00457322 -0.000983306 -4.81109e-05 -0.0040992 0.0017857 0.00254276 0.000610675 -0.00146272 -0.00111335 0.00275838 5.51046e-05 -0.00295268 0.000178616 1.94861e-05 0.00298826 0.000148986 -0.000499729 6.15729e-05 0.000400643 0.00354001 0.000427889 -0.00124136 -0.000384048 0.0015531 0.00329826 0.000163447 -0.00421735 0.00680159 0.00079343 0.00133988 -0.00131028 0.00168955 0.00280168 0.00053515 0.000539128 0.00219406 -0.00363244 -0.0013817 -0.00325654 -0.00574868 -0.000801177 -0.00292835 -0.00372959 7.21864e-07 0.00375487 0.000268385 0.00243983 1.75332e-05 0.00162396 -0.000376713 -0.00103528 0.000905211 -0.00270348 -0.00131871 -0.00104366 -0.00215031 -0.00089267 0.000603334 0.000178521 0.001533 0.00399215 0.00153254 -0.00148155 -0.00194832 -0.00347811 0.00348661 -0.000921493 -0.00405123 -0.00915233 -0.0010901 -0.00356332 -0.000263517 -0.00457366 -0.0040009 -0.00263583 -0.00048983 -0.0014187 -0.00199987 0.00142651 -0.00164592 0.0027384 -0.00271919 0.00420356 0.000584403 0.00505501 0.00174767
internal_weight=45604.5 27704.6 17899.9 21956.3 17380.9 11021.9 3862.42 2801.66 1060.76 2659.51 9343.84 8902.88 7176.52 6780.67 5748.34 3594.65 2107.7 440.953 353.007 6427.66 864.005 1726.37 333.319 1393.05 629.058 523.33 362.652 1486.96 429.671 1210.61 713.17 1705.1 1076.76 687.199 389.559 6359.05 3210.26 2535.06 826.251 3148.8 474.373 2674.42 12612.4 294.124 5798.6 557.844 2153.69 719.813 7159.44 518.967 12318.3 467.815 11850.5 11234.3 616.141 10877.8 248.761 10722.5 8519.29 578.898 338.108 2203.17 1727.97 947.921 678.001 7940.39 475.205 1081 349.556 4755.54 547.918 4207.62 2124.82 822.558 2082.81 1117.31 400.724 965.491 544.971 320.651 487.147 552.081 356.533 277.195 1043.06 7820.38 791.8 7028.58 1372.73 5655.84 3738.89 1916.96 299.412 3535.54 3374.69 1763.08 1133.59 758.531 1611.61 987.994 540.549 355.381 447.446 623.618 472.444 690.627 6809.25 1795.51 645.294 6521.92 603.061 247.274 1605.38 1481.54 1006.26 558.55 2466.09 2052.74 413.35 251.412 440.738 252.778 1302.26 254.446 1047.81 297.484
internal_count=182721 111005 71716 87951 69639 44176 15505 11233 4272 10664 37450 35684 28775 27187 23054 14430 8473 1766 1413 25774 3459 6909 1334 5575 2522 2098 1454 5957 1721 4845 2855 6857 4309 2750 1559 25463 12852 10149 3309 12611 1899 10712 50501 1178 23252 2233 8624 2882 28671 2077 49323 1873 47450 44983 2467 43556 996 42934 34112 2318 1354 8822 6919 3796 2715 31794 1903 4357 1400 19067 2197 16870 8526 3297 8344 4475 1606 3869 2184 1285 1950 2210 1427 1110 4185 31313 3170 28143 5501 22642 14968 7674 1199 14154 13510 7058 4537 3036 6452 3956 2165 1423 1791 2496 1891 2765 27268 7205 2601 26118 2417 991 6442 5945 4035 2239 9878 8222 1656 1006 1764 1013 5229 1022 4207 1193
is_linear=0
shrinkage=0.02


Tree=40
num_leaves=127
num_cat=0
split_feature=13 231 231 231 12 231 105 52 231 231 13 193 231 236 42 138 60 177 211 33 150 13 177 116 115 115 22 77 236 187 223 194 213 184 22 190 118 178 156 179 181 150 163 231 57 24 231 150 28 147 77 80 163 21 34 100 33 118 28 183 150 179 191 80 76 217 47 187 183 194 27 81 116 138 40 60 34 175 57 57 99 177 99 115 22 108 89 178 115 150 209 223 201 194 28 177 112 52 24 190 23 77 89 112 236 185 112 112 98 116 179 150 147 231 220 190 34 24 116 106 100 100 111 199 73 81
split_gain=108.54 33.4763 40.6621 29.4823 29.1311 26.5239 25.0068 22.1315 23.3793 27.4461 59.9797 30.617 21.8186 18.6128 18.4792 16.5759 16.2714 19.3369 21.6821 18.872 17.3986 15.1204 22.7021 20.8028 17.5256 15.8973 15.0527 15.4223 14.3891 14.2336 14.0629 14.4094 13.9149 13.8406 13.6146 13.314 16.7847 16.849 15.4124 13.9417 15.079 13.7609 13.1497 13.0467 12.7618 12.5431 12.51 17.3408 12.4428 13.0462 11.8365 15.2484 17.8034 14.7171 11.8337 17.3193 11.7252 12.6461 11.6864 11.5654 11.4104 15.4418 11.4898 11.385 12.6326 14.1319 16.9857 11.2684 11.2602 11.1625 15.7493 14.0642 13.5872 11.0547 11.0004 10.9246 10.7779 11.9694 10.652 10.6175 10.6109 10.5762 12.4961 12.0801 10.4146 10.3396 15.003 15.6714 13.0257 17.8477 18.0936 17.532 15.6756 14.2747 13.6816 13.0608 12.8254 12.7918 12.2779 11.6324 11.447 11.3412 10.5916 11.1051 10.2695 10.2417 13.8425 10.6309 10.9723 11.3349 10.2219 13.0293 11.627 11.0251 12.4745 10.2088 10.1076 10.1196 10.0969 14.3462 12.9422 13.9271 11.5382 11.8123 10.6152 15.6334
threshold=2.3966423157162358e-07 0.48289918899536138 -0.7589854598045348 0.054514370858669288 1.0000000180025095e-35 -0.55375361442565907 0.87037914991378795 -0.00070874110679142166 1.0000000180025095e-35 -0.5206359028816222 7.9939245551941002e-06 0.0031046610092744236 -0.23132287710905072 1.0017962455749514 0.00033150496892631059 0.00088882888667285453 0.0022362464806064968 0.0011225137859582903 -1.0922541618347166 -0.0001879853516584262 -0.51185658574104298 -1.1769539014494511e-05 0.0012663932284340265 -8.5909476183587672e-05 -0.00036082435690332199 0.00037869792140554642 0.00061251784791238617 0.0007663906435482205 -0.76727759838104237 0.00022669488680548969 -0.0041830113623291245 -0.0075708159711211911 0.0010242791031487288 0.32100327312946325 9.3903767265146612e-05 -0.0011784993694163857 0.0037423663306981329 0.82101604342460643 -0.0015079744043759999 -0.0013316663098521528 0.51987457275390636 -0.33021540939807886 0.0031095896847546105 0.32350382208824163 1.9081606296822432e-05 3.8218708141357645e-05 -0.15858851373195645 -0.22634658217430112 0.00036941852886229759 -0.0031256832880899306 -0.0001108362994273193 -0.0020110785262659188 -0.0058646686375141135 -0.37884551286697382 0.00027261959621682769 0.0003042539610760287 -0.00022235674259718505 0.0017021355452015998 9.7133986855624257e-05 0.00019662958948174494 0.17147281765937808 -0.0024618844036012884 -0.0019650903996080156 -0.0011871067108586428 -0.00017530190962133926 -0.0059779132716357699 0.00023426104598911482 -2.4342613869521298e-05 0.0028550428105518226 -0.0055304022971540681 -0.00012303012772463259 0.00029326936055440461 -0.00054859527153894294 0.00046518092858605092 -7.9198362072929726e-05 0.001199847902171314 0.00066672315006144356 0.0012367165763862433 -1.6605303244432431e-05 -1.1692039151967036e-05 0.00045805933768861001 0.0010955214966088536 0.00067147516529075812 -0.00019028518727282059 0.00092100378242321323 0.13224619626998904 -3.60938356607221e-05 0.18924715369939807 -0.0002744174853432923 1.0000000180025095e-35 -0.0001862599601736292 -0.0134332412853837 -0.0053762260358780614 -0.005754088517278432 0.00028754312370438134 0.0018337140791118147 0.20063984394073489 -0.0002706899977056309 7.0025391323724775e-05 -0.0006145282823126762 5.9483454606379389e-05 0.00034357543336227542 -2.5832062419794962e-05 0.21861593425273898 0.39820346236228948 -0.0054185765329748383 -0.24036434292793271 -0.16278570890426633 0.011373390909284355 -0.0018597593298181889 -0.00072756537701934565 -0.12719713896512982 -0.0012948695803061125 -0.97948506474494923 -0.0061806919984519473 0.00067430821945890795 0.00019956985488533976 7.9948960774345337e-05 -0.00011386075493646784 -0.00036840708344243461 0.00019095462630502882 0.00016430442337878051 4.5751789002679295e-05 -0.0027961269952356811 -3.6330708326204326e-06 9.1215428255964084e-05
decision_type=2 2 2 2 2 2 10 2 2 2 2 10 2 10 8 8 8 2 10 2 10 2 2 8 8 10 2 2 10 8 8 10 10 8 2 10 10 10 10 10 8 10 2 2 2 2 2 10 2 10 2 10 2 2 2 10 2 10 2 10 10 10 10 8 2 8 2 10 10 8 2 2 10 10 2 10 2 10 2 2 10 2 10 10 2 10 2 10 10 10 10 10 10 10 2 2 10 2 2 10 2 2 2 10 10 8 10 10 10 10 10 10 10 2 8 10 2 2 8 8 8 10 10 8 10 2
left_child=1 2 50 4 5 13 29 105 9 59 11 14 48 -4 46 33 17 34 19 -19 -20 22 -7 116 58 -25 27 32 -22 30 31 43 -6 -14 -10 38 37 39 -26 40 41 -37 -28 74 -8 -16 54 -48 49 -12 51 52 -1 104 -11 -56 57 -34 -23 -9 69 62 -62 -36 -65 66 -66 78 -69 70 -30 76 -72 -41 -5 -51 77 -71 -32 -59 -50 -54 83 -83 -78 -61 96 98 95 102 92 93 -91 -92 -94 100 97 101 -88 -99 115 -87 -90 110 -53 106 -2 -108 109 -109 111 112 -104 -112 -115 -89 117 -24 120 124 121 -67 123 -121 -120 -126
right_child=7 -3 3 6 26 21 44 8 16 10 12 -13 15 -15 45 -17 -18 18 20 -21 28 24 23 25 35 -27 42 -29 60 -31 67 -33 56 -35 63 36 -38 -39 -40 73 -42 -43 -44 -45 -46 -47 47 -49 80 75 -52 53 81 -55 55 -57 -58 79 -60 85 61 -63 -64 64 65 118 -68 68 -70 71 72 -73 -74 -75 -76 -77 84 -79 -80 -81 -82 82 -84 -85 -86 86 87 88 89 90 91 -93 94 -95 -96 -97 -98 99 -100 -101 -102 -103 103 -105 -106 -107 107 108 -110 -111 113 -113 -114 114 -116 -117 -118 -119 119 122 -122 -123 -124 -125 125 -127
leaf_value=0.0034278457061995182 0.0062001841460479958 -0.00068035137688439646 0.00074108141868228696 -0.0005516248908854196 0.0041204977896827037 0.0087474770352678269 -0.0062781890199759549 -0.0062402946551222832 0.0050894789744480211 0.0034893978661773325 -0.0011810861049403917 -0.00414060895542687 -0.0087400282739868423 0.0063935381050808614 -0.0075234705812846463 0.00090071825938615817 -0.0040863365873684302 0.0017693539478965607 -0.0049707972479466752 -0.0089430226656546027 -0.0011194100147379911 0.0076499446295798627 0.0040576293409751683 -0.0015235640109954082 0.0024061096493051821 0.0055820064271159733 0.0063790796119996664 -0.0059186756604940527 0.0089821701785630717 0.0037326098318548858 -0.0089195186136914306 0.0022527986024474854 0.0026875792257708615 -0.0024057269674633455 0.0025107185560997135 -0.0040651389833205763 -0.0026692577726248135 0.0094618200969488163 -0.0059555837783453781 0.0025708240424246755 0.008128848309746672 0.0034393618751524992 -0.00043781870756753085 0.0024319043885437631 0.0010250571446196075 -0.00062094102962000867 -0.0012815527831913762 0.0068037844833279187 -0.01087546362790966 -0.0090589792985816871 -0.00088954784039533066 0.0018657852714122644 0.0028486093735748249 -0.00023508265192616302 -0.0061898601480212135 0.0011146041113344861 -0.0033628100424702807 0.0015599728954461952 0.0029798879787777729 0.0025099117400050257 5.1559285558970329e-05 0.003035022068015771 -0.0079100441361249531 -0.0058631667008465418 -0.00193068501454479 -0.0034943885977600959 -0.010785225769934932 0.0029017437449793621 -0.002556778487997075 0.0029506958824068764 -0.0033819286484364441 -0.00072750750760138384 0.0041598723627936322 -0.005111083268482218 -0.0071229697376002654 -0.0017436613449833113 0.0078270825501559286 -0.0014718830818500339 -0.00053911096979573794 -0.0050119207612329356 -0.0046489604284287349 -0.0064766858543059812 0.0013240920727072144 0.00078180625395406125 0.00060292205911166466 -0.0060484504412223836 0.0081194138436389181 -0.005366414322169044 0.0037086757796095798 -0.0019566935326802786 -0.0019080260911563693 -0.0024900486356897334 0.00062121564128748193 0.0065581138009855799 0.0081964583020864446 -0.0035262968032329979 0.0024044004705625656 -0.0040221220523128419 0.00025437106283488083 0.0046107596299645708 0.0031502715909025938 0.00038372047121860249 -0.0010182805071623569 0.002004006533776709 0.005668637347370966 -0.0016699994733525565 -0.003554350304880279 0.0044505887786047112 -0.0034641699279296806 -0.00040923235884646311 0.0041542336089786507 -0.0058211741143645856 -0.0051519286803725006 0.002302474254626288 -0.003541474287118413 0.0018102609867318904 0.002416383023416061 0.011167576899887408 -0.0011746722226038211 -0.0057882996073981632 -0.0044583797438092878 0.0052072953514486469 -0.0054502489196628671 0.0010777938255869402 0.0083313498301763791 0.00084122270138161064
leaf_weight=240.66674560308456 244.55489732325077 3779.3897873610258 1844.0044946372509 247.82954928278923 302.95330978929996 617.83056680858135 274.09125100076199 139.14324113726616 112.40672872960567 299.48572151362896 266.04179058969021 729.89497086405754 201.2100912630558 248.05509479343891 124.51062650978565 316.24865555763245 401.58247578144073 99.937882632017136 160.33195695281029 145.0911131799221 739.39116729795933 469.07914984226227 177.97917227447033 353.56687627732754 170.16950783133507 170.72744306921959 278.50783255696297 150.4196148365736 206.6006933003664 682.45678780972958 118.83639596402645 1796.221854031086 524.86943480372429 430.38134314119816 246.77456803619862 100.09633137285709 179.22900827229023 155.67721256613731 146.78902703523636 133.65198637545109 226.21976834535599 557.62267777323723 178.40453363955021 232.81533034145832 134.44567719101906 403.76279576122761 143.60873946547508 333.46075141429901 408.67677138745785 276.66367946565151 2899.8937693238258 956.33116401731968 107.35331267118454 882.34116576611996 173.76508490741253 379.39357914030552 381.5012881308794 167.16909843683243 455.57176102697849 344.77556584775448 144.36424724757671 207.5673521310091 125.14375278353691 262.23402804136276 294.89680422842503 125.41248424351215 110.20774894952774 253.05742490291595 318.69284115731716 857.50185713171959 107.93094366788864 671.37450729310513 391.78378781676292 128.26884822547436 157.56171472370625 128.17764826118946 247.30906303226948 325.30380475521088 112.61258564889431 195.6522403806448 210.14571164548397 410.74498051404953 155.93017546832561 111.43608069419861 118.87002602219582 648.28383447229862 122.64911495149136 123.42610999941826 100.41446037590504 152.55931568145752 126.06953479349613 855.85588718950748 157.61005982756615 167.32403464615345 235.91696524620056 193.30455949902534 137.39574761688709 100.40283019840717 182.07098783552647 109.94021061062813 768.30329908430576 128.42009760439396 902.69613096117973 198.2535507529974 406.5562559068203 352.70994147658348 151.13430836796761 513.38421630859375 116.16509106755257 295.00617428123951 128.56067876517773 645.16026113927364 378.44835375249386 190.49279937148094 479.38444109261036 161.16671761870384 199.98263937234879 206.66678756475449 218.62306077778339 102.03132346272469 490.89282618463039 129.91014914214611 201.55588540434837 541.17175303399563 178.61349388957024 265.66574968397617
leaf_count=964 979 15127 7383 993 1213 2498 1097 557 450 1199 1068 2924 809 994 499 1269 1609 400 642 581 2960 1887 717 1423 683 687 1115 602 827 2737 476 7199 2101 1730 988 402 719 625 589 537 908 2240 714 933 538 1618 575 1335 1649 1113 11606 3829 430 3531 696 1519 1527 669 1833 1380 578 831 501 1050 1181 502 442 1014 1277 3432 432 2689 1569 515 631 515 990 1302 451 783 845 1644 624 446 476 2595 491 494 402 611 505 3428 631 670 945 774 550 402 729 440 3076 514 3615 794 1629 1412 605 2055 465 1181 515 2584 1516 763 1921 645 807 835 875 409 1965 520 808 2167 715 1064
internal_value=7.0636e-05 0.0010375 0.00137564 0.00200744 0.00267616 0.00334188 0.000654088 -0.000913087 -0.00109016 -0.00162751 -0.00281281 -0.000728399 -0.00519577 0.00146549 0.000641881 -0.00280419 -0.000258852 -5.26096e-05 0.000790207 -0.00477005 0.00112739 0.00421368 0.00569119 0.00386359 0.00324185 0.000910332 0.00066596 -0.000202332 0.00138613 0.00115034 0.000586448 0.00134202 0.000412074 -0.00463001 -0.00121894 0.00205301 0.00284359 0.00363164 -0.00158998 0.00269083 0.00387186 0.00221101 0.00381064 -0.00121191 -0.00393909 -0.00246292 0.00189358 0.00441628 -0.00688374 -0.00475288 3.75235e-05 0.000859737 -0.00114497 0.00177796 0.000413226 -0.00131589 -0.000523309 0.000744225 0.00546083 -0.000896206 0.00193376 -0.000903177 -0.0039364 -0.0014733 -0.00182464 -0.00138556 -0.00473363 -0.0016806 -0.00012441 0.0023992 0.00456507 0.00167562 0.0024635 -0.00128689 -0.00332049 -0.00693398 0.0027132 0.00173012 -0.00520919 -0.00206063 -0.00897275 -0.00259641 -0.00351533 -0.00495599 0.00563463 -0.000784283 -0.000944243 -0.00055788 -0.000788396 -0.00126784 0.000372618 -0.00105293 0.00330392 0.00303066 0.0053393 0.00101838 -0.00305113 -0.0038432 0.00372514 0.000498596 0.00190293 -0.00500202 -0.00218411 -0.00241037 0.00306577 0.00128938 0.00209311 0.00106325 0.00187735 0.00271003 -0.00274383 -0.00352687 -0.00229978 -0.000814658 -0.00186106 -0.00145021 0.00639435 0.0082409 -0.000747443 0.000200085 -0.00261709 0.000989743 -0.00151379 -0.000153085 0.0023645 0.00408165
internal_weight=45606.8 22999.9 19220.5 13049.3 8720.67 6541.19 4328.62 22606.9 20933.9 12703.5 4825.43 2587.88 2237.55 2092.06 1857.99 947.84 8230.48 7828.9 4548.5 245.029 4303.47 4449.13 1726.75 1108.92 2722.38 524.294 2179.48 1722.56 4143.14 3920.08 3237.63 2434.43 1572.15 631.591 3280.4 1797.72 1480.77 1301.54 316.959 1145.86 883.939 657.719 456.912 638.207 408.537 528.273 1329.71 477.069 1289.71 670.883 6171.25 3271.36 1026.13 2245.23 852.644 553.159 1269.19 887.691 924.651 7878.03 3403.75 477.075 269.508 3167.99 2921.22 2658.98 405.105 803.199 571.75 2926.67 706.315 2220.36 499.715 261.921 405.391 404.841 1548.98 1182.81 231.449 362.821 618.822 785.465 678.111 522.181 366.179 7738.89 7394.11 6269.67 5964.95 4718.75 1695.34 1149.25 546.086 293.394 393.527 1246.2 1124.44 987.047 304.72 210.343 1052.9 776.704 3023.41 2923 1362.89 1672.95 1320.24 1075.69 924.555 808.39 2724.74 1926.3 1281.14 798.438 669.877 284.593 584.629 384.646 2253.88 1507.66 746.215 255.323 844.759 643.203 662.902 444.279
internal_count=182744 92182 77055 52352 35006 26282 17346 90562 83865 50910 19363 10365 8998 8377 7441 3808 32955 31346 18210 981 17229 17905 6967 4469 10938 2110 8724 6895 16587 15711 12974 9756 6293 2539 13136 7218 5946 5227 1272 4602 3550 2642 1829 2557 1635 2117 5324 1910 5190 2696 24703 13097 4108 8989 3414 2215 5080 3553 3720 31547 13627 1910 1079 12686 11698 10648 1623 3218 2291 11717 2828 8889 2001 1052 1624 1628 6200 4734 927 1452 2494 3144 2714 2090 1466 30990 29610 25109 23889 18900 6790 4603 2187 1175 1576 4989 4501 3951 1220 842 4215 3109 12110 11708 5458 6697 5285 4306 3701 3236 10914 7715 5131 3199 2684 1139 2359 1552 9025 6038 2987 1022 3384 2576 2654 1779
is_linear=0
shrinkage=0.02


Tree=41
num_leaves=127
num_cat=0
split_feature=7 230 12 236 5 190 1 139 1 125 236 136 230 24 232 115 222 136 213 53 69 214 188 154 154 133 154 149 1 223 117 188 81 218 221 218 60 188 186 34 72 1 140 190 211 221 186 190 217 28 225 138 5 191 102 212 74 183 63 62 188 59 180 185 102 7 53 179 142 149 104 71 204 179 217 61 64 28 173 217 149 190 30 63 214 224 102 102 60 138 150 1 26 121 41 61 7 40 91 214 26 51 40 34 211 104 24 142 28 0 153 17 36 137 125 74 141 223 149 221 224 188 188 214 26 150
split_gain=104.993 45.6545 29.4706 26.9105 25.1852 18.4591 17.4937 19.7196 18.3198 17.361 17.9029 17.2935 16.6727 28.2442 30.7277 16.5853 15.9779 15.1112 16.8433 15.062 14.554 14.5338 14.7711 14.5085 14.4653 14.3437 14.3303 14.7515 14.3182 14.2547 14.5589 13.6943 14.4214 13.6537 13.3827 22.4978 14.0019 17.1083 15.7999 16.3693 13.9063 13.7834 12.8668 12.8435 12.7913 19.7076 15.8078 13.7708 12.7865 12.4896 12.3145 12.1269 13.9461 13.5692 17.3369 17.3624 16.6336 15.8808 18.5138 17.5784 16.3674 16.1258 13.5383 13.5342 12.8934 12.3256 12.3096 12.1033 13.2164 13.0139 12.0701 11.9316 11.7815 12.9353 13.4325 13.3888 11.7863 11.6393 12.7668 11.6127 11.5348 12.2331 11.5084 14.8664 16.8382 14.1758 12.7411 14.6164 11.4911 11.4483 11.8434 11.2837 15.4528 11.2398 11.7321 11.093 11.051 11.0473 12.8054 18.6422 10.846 11.1555 10.8446 10.8121 10.6898 10.6882 12.1112 12.9541 11.7719 15.1094 10.688 10.647 14.9785 11.4986 10.5484 19.0785 10.5465 10.3762 13.7315 12.1347 15.3688 10.3428 11.2336 12.5904 10.2107 12.442
threshold=3.1359390050056397e-05 -0.85377600789070118 1.0000000180025095e-35 -0.021645739674568173 -7.5826796091860147e-05 -0.0071626319549977771 -0.00030378808150999243 0.00081236945698037754 -0.00012833017535740507 -0.0052853578235954038 -1.0245770812034605 0.0020340926712378864 -0.8468879461288451 0.0001484450694988482 5.0000000000000009 -0.0014450204325839875 0.92383351922035228 0.0013633304042741658 0.0015019127749837937 -0.10816718637943266 0.00019126736151520166 0.0007937636401038618 -0.087910760194063173 0.00076576025458052765 0.0012354275095276537 -0.00013772029342362654 0.00037879840238019829 -2.4213029064412691e-05 0.00016205342399189251 -0.019924557767808434 -0.0010039574699476359 -0.083721958100795732 7.3747833084780736e-05 0.00046277655928861355 0.0027745218249037866 0.0017906171851791444 0.00096578215016052138 0.077641550451517119 0.0040114927105605611 0.00038390285044442868 0.00051318234181962918 4.5323016820475466e-05 0.98562952876091015 0.00065270211780443798 0.88891714811325084 0.013244719244539739 0.01209316309541464 0.00021494272368727255 -0.010883698705583809 0.0001364601848763414 -0.00046965063665993506 0.00074363613384775828 -1.4499177723337196e-05 0.00081516802310943614 0.37916518747806555 0.012065581977367403 -0.17123869061470029 0.0015730136656202378 0.00032884028041735297 0.00025587249547243124 -0.047833971679210656 0.015599048696458341 0.004685603780671955 -0.00053974080947227765 0.70969033241271984 1.7734577340888794e-05 -0.17372602969408033 -0.00048392318421974773 0.0015878868289291861 7.1959311753744273e-05 0.00039982996531762188 -0.00066985664307139803 0.008702131453901531 -0.0041171954944729796 -0.0047463558148592702 9.6965613920474439e-05 0.067315589636564269 5.2537170631694614e-05 0.81915438175201427 -0.0010375576675869522 0.00016515688912477347 0.0030501787550747399 -0.00019498897745506835 0.00021798613306600603 0.0013338100397959354 0.025459633208811287 0.54333296418190014 0.95155438780784618 0.00046852930972818291 0.00077153125312179338 -0.052644081413745873 -4.0235054257209404e-06 0.22727272659540179 -6.5700660343281911e-05 0.00022836260905023667 0.00019495248125167566 2.2768153939978224e-06 0.00075640017166733753 0.311447024345398 0.0020827134139835839 0.23978099972009662 6.7637572556122913e-06 0.0003392327053006739 0.00031784770544618374 -0.40032376348972315 0.00096876372117549192 6.0929467508685782e-05 0.0019578038481995468 1.8665422430785842e-05 -9.9732584203593419e-05 -0.00037579718627966935 1.0000000180025095e-35 -0.39288967847824091 0.00038402451900765305 0.0008021020912565292 1.0000000180025095e-35 -0.00042688597750384355 -0.0050717112608253947 1.1913468824786834e-05 0.0061160346958786258 0.017928165383636955 -0.35356509685516352 -0.18936558067798612 0.00155485823052004 0.46349540352821356 0.11268139630556108
decision_type=2 2 2 10 2 10 2 2 2 2 10 8 2 2 2 10 10 8 8 2 10 8 8 10 10 2 10 10 2 10 10 8 2 10 8 10 10 10 8 2 10 2 10 10 10 10 10 10 10 2 10 10 2 10 10 8 10 8 2 10 10 10 10 10 10 2 2 10 10 10 10 10 10 10 10 10 2 2 10 10 10 10 2 2 10 10 10 10 10 10 10 2 2 2 10 10 2 2 2 10 2 2 2 2 10 10 2 10 2 2 8 2 10 10 2 10 10 10 10 10 10 10 10 10 2 8
left_child=1 2 3 4 103 -3 50 8 -8 10 -2 23 13 14 17 -6 34 -11 19 20 -19 -10 29 26 25 -24 27 -4 31 -23 -31 32 -16 -13 35 41 38 48 40 -40 -36 -14 82 114 45 111 -46 -47 -38 71 -7 52 53 56 -55 63 64 59 -59 61 -60 66 -57 -56 -9 89 -58 69 -69 95 -12 -21 73 75 88 -17 -76 -26 -79 -18 116 -82 85 84 104 86 -35 -88 -75 90 -53 -91 -93 94 -42 -32 -29 117 99 -99 -86 -102 -83 -1 -84 108 -107 -108 -5 -110 -33 112 -20 -114 115 -39 -45 -50 119 -119 -121 -51 123 -123 125 -27
right_child=9 5 11 105 15 6 7 51 21 12 70 33 16 -15 28 72 79 18 44 49 -22 22 24 -25 77 124 -28 96 -30 30 67 110 -34 42 36 -37 37 43 39 -41 93 -43 -44 80 46 47 -48 -49 97 121 -52 65 -54 54 55 62 57 58 60 -61 -62 -63 -64 -65 -66 -67 -68 68 -70 -71 -72 -73 -74 74 76 -77 -78 78 -80 -81 81 102 83 -85 100 -87 87 -89 -90 91 -92 92 -94 -95 -96 -97 -98 98 -100 -101 101 -103 -104 -105 -106 106 107 -109 109 -111 -112 -113 113 -115 -116 -117 -118 118 -120 120 -122 122 -124 -125 -126 -127
leaf_value=0.006373240734083194 -0.004063708846963934 0.0069070723228634159 0.0075309497950429016 -0.0010576986721687848 0.0087703020632004386 0.0076319807149942678 0.0037632001343692362 -0.00098302180565354403 -0.0037316916491630342 0.0024523381385099549 -0.0024599486748030051 -0.00571792817538091 -0.0027518361916720659 -0.0061572969305430034 0.0080203083430477867 -0.0052227009522397717 -0.0064661698259649552 -0.0041440890512239878 -0.0058430591905417198 0.0036896422779648264 0.0036638373727280694 0.0080746656429166105 0.0019411893821171609 -0.0030888419297764166 -0.0020024345081308065 -0.0023669005798568864 0.0094754988345206199 0.0031249136499080098 -0.0031501362978600105 0.005341860319578594 0.0015512944978237073 0.0037331943757593885 0.0014387871749301433 -0.0027194303994568002 0.0037876212787794935 -0.0048049558342004809 0.0053116099052852644 0.0015097498789842167 -0.00079509170983008397 0.0048586686007472775 -0.002722735902661727 0.0012635213510875695 -0.0062017355123408224 -0.00065453803869601555 0.0051024128720442274 -0.0086175049162638424 -0.0024466233278010677 -0.0014865100343696921 0.00022306779769077387 -0.0087344112370503699 0.0014945439048016443 -0.00010932239733255574 -0.0036192957659222599 0.0038132184300817668 -0.0055783086761367088 -0.0012628609644552138 0.00021755035038431119 -0.0093853410940004638 -0.0059239947578931407 -0.0067249600061322287 0.0038387655740481476 -0.0048333081016425552 0.006640524771292896 0.0023673838983817295 0.0057934642895398347 0.0039762629672171635 0.0083856083834662372 0.0084401463850632737 -0.0007959193306299856 -0.0050561751318393047 0.0034918588697139524 -0.003137718459294368 0.0079461562859481378 -0.00043802392324382303 -0.0021908288946645153 0.00095345338224115371 0.0022854967048821363 0.0085377541641993328 -0.00010900238651031945 -0.0015648687614282803 -0.0070868397768622613 0.0042467729435424961 -0.007521524997637875 -0.0041994187558161492 -0.0025174927162668376 -0.0048247224559032622 0.0031811271607134527 -0.0034658325693361974 0.0061556870032843649 -0.0014962923871493451 0.0064353430045214193 0.0047955550331139421 -0.00033168465675027738 -0.0044340141301703016 0.0046608404819729115 -0.0040873423548252828 -0.0044013868578576263 0.0067415371441957618 -0.0025866945956794286 -0.0012186994941290582 0.0070272399498735195 0.00090530018451686972 -0.0039273791422034278 0.0010336374627462968 -0.00059016529856450518 -0.0061766670159827267 -0.0035219864921740476 0.0034185383604081357 0.0059945611414396471 0.0014201965766070157 -0.0022876003297413964 -0.0044141576868915525 -0.0027125914221305669 0.00089975330289530139 -0.0079288835885630189 -0.0076857343307865844 0.0068533747933880867 0.0052511323651910228 -0.0044114474344955938 -0.0054769026469369741 0.0031045914979342198 -0.0034274263975706864 -0.0053243341229905362 0.0039681286877817547 -0.0049652914707672673 0.0033325987862970236
leaf_weight=1113.1238933056593 187.55671434104443 134.1088811904192 121.65579858422279 598.52019670605659 138.98402851819992 138.25748313963413 685.38374826312065 470.11525200307369 313.78921954333782 247.29431843757629 150.84761862456799 158.89025293290615 559.77398754656315 585.94956587255001 221.2889392375946 154.68711172044277 287.42811046540737 151.28564120829105 176.88661757111549 122.89519403874874 195.88300110399723 121.12391793727875 382.16748556494713 108.16268953680992 124.16006647050381 664.65809090435505 145.86587378382683 148.30679699778557 230.29058401286602 286.66609147191048 790.16448971629143 158.31067670881748 321.87745359539986 197.87894558906555 203.61847542226315 677.17055861651897 159.86417105793953 207.57031314074993 284.0545069873333 670.46643668413162 165.08719377219677 814.73567476868629 110.17149037122726 189.07731255888939 227.48750340938568 252.50311361253262 184.58250522613525 196.21829365193844 1665.6611880809069 254.653146520257 853.44722065329552 262.82157760858536 1027.0548001080751 433.53818421065807 327.3524209856987 181.66645674407482 182.06097656488419 274.08380571007729 136.66673958301544 138.66958416998386 104.18454343080521 110.93608988821507 137.18883381783962 101.21214696764946 125.9433556497097 254.90388314425945 105.38993626832962 123.63297019898891 103.42606550455093 176.87722885608673 744.10922837257385 349.81582021713257 115.62529547512531 126.42597056925297 254.39265915751457 696.22350169718266 1784.7230905145407 150.91200657188892 112.93798215687275 571.62938976287842 144.60920387506485 108.13346213102341 116.17787113785744 414.66411241889 131.90615372359753 119.93249821662903 1255.1755900084972 131.16608560085297 554.83769053220749 2620.8164823502302 170.14532923698425 274.05645586550236 1162.4338951855898 331.32295726239681 141.62494458258152 148.91715052723885 125.67415565252304 292.14970448613167 154.30001592636108 180.29857501387596 199.87443718314171 274.80636174976826 111.61260402202606 185.09468926489353 268.03365015983582 142.01349255442619 175.93188318610191 218.6943107098341 316.28681951761246 2240.2650026828051 328.62987610697746 326.77277804911137 455.0353197157383 1346.1507466435432 229.2305576056242 132.87101513147354 100.62403851747513 119.88703937828541 542.33092041313648 171.54018031060696 130.60384775698185 307.40344281494617 1098.0875038802624 109.42493590712547 400.03408113121986 178.60633669793606
leaf_count=4488 751 537 487 2403 560 554 2745 1882 1256 991 604 636 2242 2353 886 620 1152 606 709 492 785 485 1530 433 497 2661 584 594 924 1148 3163 634 1290 792 815 2713 640 831 1137 2685 661 3264 441 757 912 1012 740 787 6669 1022 3418 1052 4110 1736 1310 727 729 1097 547 555 417 444 549 405 504 1020 422 495 414 708 2979 1402 464 507 1022 2796 7164 604 452 2291 579 433 465 1660 528 480 5024 525 2228 10490 681 1097 4652 1327 567 596 503 1170 618 722 800 1100 447 746 1073 569 706 877 1271 8988 1317 1312 1823 5395 918 532 403 480 2172 687 523 1234 4409 439 1601 715
internal_value=7.49563e-06 0.000791945 0.00165912 0.00230551 0.00324141 2.20658e-05 -5.17692e-05 -0.000243373 0.000786894 -0.0011652 0.00127385 0.000240128 -0.00132004 -0.00199896 -0.00164749 0.00240269 -0.000746909 -0.00224248 -0.00245201 -0.00364544 0.000220981 0.000270754 0.000622356 0.00317676 -0.000544638 -0.00137563 0.00449373 0.00228945 0.00117682 0.00195542 0.00140824 0.00218572 0.00430974 -0.000339911 -0.000479865 -0.001878 -2.97663e-05 -0.000610201 0.00145998 0.00319439 -0.00053551 -0.000387761 -4.08561e-05 -0.00261869 -0.00145904 -0.00195063 0.00176417 -0.00569572 0.000120227 -0.00424073 0.00248415 -0.000814448 -0.00164443 -0.00090709 0.00072267 -0.00112265 -0.0020696 -0.00355966 -0.00600345 -0.00108512 -0.0017304 0.00110561 0.00232884 -0.00367992 0.000590404 -0.000135912 0.00356294 0.000502548 0.00450923 -0.000377711 0.00245682 -0.00128502 0.00211663 0.00188469 0.00255363 -0.000263463 0.00171119 0.00283337 0.00508971 -0.00331458 -0.000666806 -0.00296418 0.000215657 -0.00111544 0.000232809 0.00131365 0.00183271 0.00251189 0.00495446 -0.000385948 0.00263315 -0.000719461 0.000698919 -0.00198835 0.000763255 0.000590546 -0.000391944 -0.000165465 0.00217922 0.00377758 0.00228153 0.00366297 0.000113708 0.00563917 -0.00295452 0.000996014 -0.00157155 0.000303686 0.00143987 0.00202826 -0.000260104 -0.00117879 -0.000605483 -3.26041e-05 -0.00476107 -0.00230648 0.00222741 -0.000736444 -0.00236459 0.000346315 -0.00180504 -0.00500712 -0.00427492 -0.00139317 -0.00240975 -0.00111049
internal_weight=45613.2 27334.7 12844.2 8815.83 5124.12 14490.5 14356.4 13364.7 4763.46 18278.5 1082.51 4028.34 17196 7848.73 7262.78 3825.9 9347.28 6002.38 5755.09 2589.45 347.169 4078.07 3764.28 649.665 2013.48 1625.47 541.503 395.637 1260.4 1750.81 1629.68 1030.11 543.166 3378.68 8488.22 2051.68 6436.54 4640.36 1796.17 954.521 841.654 1374.51 3219.79 1223.73 3165.64 2753.57 412.07 448.721 3416.64 2242.28 991.705 8601.24 3856.06 2829.01 1180.96 747.42 1648.05 1051.99 514.935 537.057 240.851 398.387 318.855 428.565 596.059 4745.18 287.451 1343.02 227.059 1115.96 894.957 472.711 3686.92 3571.29 2720.38 850.911 2039.12 388.01 263.85 859.058 654.057 364.355 3109.62 1405.46 990.798 1704.15 1584.22 1386.34 681.264 4490.27 432.967 4057.31 1436.49 638.035 306.712 939.082 273.981 3256.77 626.748 472.448 606.587 474.681 219.746 1298.22 384.212 3691.71 536.64 394.626 3155.07 2556.55 486.941 2304.85 1978.07 1801.19 569.672 340.441 289.701 2630.02 964.362 422.031 302.144 1769.57 1514.92 416.828 1243.3 843.264
internal_count=182782 109539 51534 35409 20595 58005 57468 53496 19070 73243 4334 16125 68909 31474 29121 15361 37435 24070 23079 10389 1391 16325 15069 2601 8060 6507 2168 1584 5051 7009 6524 4127 2176 13524 33992 8219 25773 18581 7192 3822 3370 5506 12888 4900 12690 11038 1652 1799 13681 8998 3972 34426 15434 11324 4727 2991 6597 4211 2061 2150 964 1595 1276 1715 2386 18992 1151 5376 909 4467 3583 1894 14801 14337 10921 3416 8186 1553 1056 3443 2619 1459 12447 5626 3966 6821 6341 5549 2735 17972 1733 16239 5749 2555 1228 3759 1097 13041 2510 1892 2428 1900 880 5234 1538 14814 2152 1583 12662 10259 1951 9239 7927 7218 2281 1363 1160 10531 3862 1690 1210 7104 6082 1673 4977 3376
is_linear=0
shrinkage=0.02


Tree=42
num_leaves=127
num_cat=0
split_feature=15 231 231 33 72 27 41 63 1 70 224 156 231 112 150 231 231 213 221 30 136 219 157 139 41 201 214 136 112 53 105 231 190 76 35 214 34 36 213 201 98 33 140 152 139 231 98 89 149 69 193 85 193 211 76 209 220 136 193 152 112 204 204 97 33 66 89 150 211 220 203 112 222 71 231 222 23 218 218 85 118 157 175 150 118 79 219 150 156 152 147 159 150 53 36 103 115 65 221 139 199 103 175 15 150 149 213 36 209 15 224 161 180 157 204 175 34 24 63 231 15 99 152 118 220 163
split_gain=90.6324 29.483 50.0729 30.4725 23.6085 25.6493 19.2669 19.2645 18.7179 21.8822 18.408 18.1696 18.0013 16.3201 14.8868 15.0489 17.4337 19.9913 20.1254 21.021 16.9121 16.0624 18.1637 14.668 14.5759 14.5531 14.4956 15.1357 14.479 14.6217 14.744 14.3898 14.3281 14.6116 14.0201 13.7996 13.3593 13.1725 13.0614 13.6029 12.9381 12.6611 12.9354 12.5916 12.5768 13.3683 14.8083 12.5108 20.4916 12.5232 12.2677 12.0667 11.7903 18.187 13.6161 19.9974 14.6636 20.5497 13.2317 11.332 12.6233 13.5663 13.228 12.3427 11.3023 16.4504 12.1733 11.076 14.68 15.6297 14.4206 11.0189 11.0026 15.7215 43.263 18.6901 16.803 12.6286 25.8196 15.9176 12.4105 17.097 15.6194 12.1774 11.651 15.1908 13.8514 16.1427 15.6035 15.5134 12.8803 21.9329 14.0426 12.757 13.072 11.6409 12.6599 11.1296 15.4603 11.7356 10.6524 10.5856 10.5456 10.5441 10.494 10.462 11.6991 22.1726 17.2296 11.3274 10.6422 16.2228 14.5265 12.6385 10.2453 10.1775 11.4657 10.1405 10.1331 18.5385 17.7053 10.0216 16.1609 13.4164 15.413 13.2231
threshold=-0.0093681761063635332 0.26092512905597692 -0.56099891662597645 -0.00033822304976638401 0.001058169989846647 -0.00024448386102449143 0.00036566013295669114 0.0002127478219335899 0.00016662640700815248 0.7015061378479005 0.00064943506731651734 0.0058181341737508782 -0.058870663866400712 -0.51245191693305958 -0.51185658574104298 0.02835773024708033 -0.3440686017274856 0.0032044653780758385 0.0040848045609891423 -0.0002095491508953273 0.0038713217945769434 0.88419929146766674 -0.00026040422380901868 0.0010850576800294223 0.00036566013295669114 0.0065272734500467786 0.00097344713867641996 0.002174126799218357 0.022639711387455467 0.4469317644834519 0.69527378678321849 -0.26092512905597681 -0.0015091177192516623 -0.00019928172696381805 5.236814786258038e-06 0.0025188041618093853 0.0013931808061897757 -0.24189761281013486 0.00069201501901261519 0.00025761401047930127 0.00070040053105913113 -0.0003932962281396612 0.28500309586524969 4.146359424339608e-05 0.0013419652241282167 -0.063225833699107156 0.0019909330876544122 3.4137092370656326e-05 4.8139318096218637e-05 7.0064983447082354e-05 -0.0016902020433917639 0.00052000710275024186 -0.0046066839713603249 -0.42479619383811945 -7.9982073657447459e-05 -0.00024558525183238084 -0.012176533229649065 0.0054561477154493341 -0.010973984841257332 0.00099814811255782864 -0.2245596498250961 -0.0020823271479457612 -0.0041555915959179393 0.71692541241645824 -0.00053736075642518688 5.9027777751907713e-05 -1.461093461330165e-05 -0.18973023444414136 0.3643349558115006 -0.010779085569083689 0.00041915247857104992 -0.075975194573402391 0.66625556349754345 -0.00093831279082223762 0.067579798400402083 0.79753434658050548 3.4296486774110242e-05 0.0022762387525290255 0.0018179065082222225 -3.6030072806170203e-05 0.00058510529925115417 -0.00048421746760141099 0.00085907705943100165 -0.28593620657920832 0.0020664881449192767 9.5909730589482947e-05 0.43213228881359106 -0.081081751734018312 -0.0047503423411399117 -0.00046023880713619286 -0.0030968397622928019 -0.00067990468232892443 -0.29559116065502161 -0.012084384448826311 -0.13995108008384702 -0.002016265294514596 -0.00087137016816996027 -0.0004482228541746735 0.0031088968971744184 0.00082090887008234869 0.0048835973720997581 -0.0010778300347737966 0.00069906760472804319 0.079049881547689452 0.099186979234218611 0.00057168281637132179 0.0012075794511474671 -0.29524977505207056 -0.00040299707325175399 -0.45280766487121576 0.0055119739845395097 -0.00016762884479248894 0.0029199081473052506 -0.00012200049241073428 0.0015467172488570215 0.002223778399638832 0.00034584831155370926 6.5240266849286868e-05 0.00029171210189815616 0.01527100056409836 0.14527153223752978 0.00018170494877267632 3.636264591477812e-05 -0.0074664982967078677 -0.01556007983162999 -0.0033256603637710209
decision_type=2 2 2 2 8 2 10 2 2 8 8 10 2 8 8 2 2 8 8 2 8 10 2 2 10 10 8 10 10 2 10 2 8 2 2 10 2 10 10 8 10 2 10 10 2 2 8 2 8 10 8 2 10 10 2 10 10 10 8 10 10 10 10 10 2 2 2 10 10 8 10 8 10 10 2 10 2 10 8 2 10 2 10 10 10 10 8 10 10 10 10 2 10 2 10 10 10 2 10 2 10 10 10 2 10 10 10 10 10 2 10 2 10 2 10 10 2 2 2 2 2 10 10 10 10 2
left_child=1 2 7 4 5 100 32 26 9 72 -3 12 -6 -12 24 16 17 18 19 -16 21 22 50 -14 -11 59 -1 -28 29 30 -24 -18 -5 -34 -32 41 71 -10 39 -15 -40 -7 -43 -13 45 46 51 48 49 -35 -17 -33 53 54 55 56 57 -9 -59 60 -20 62 -62 -61 115 66 -66 68 69 -67 -70 -22 77 75 -75 -74 -76 78 79 95 81 -77 -82 -78 86 93 87 88 -79 -88 91 -91 -92 94 -86 96 -2 -90 -99 -100 -4 -69 -27 -89 -73 106 107 -54 -109 114 113 -112 -113 -110 -108 116 -42 -21 119 120 -39 122 125 -123 -125 -97
right_child=8 10 3 6 11 35 -8 52 37 14 13 43 23 38 15 20 31 -19 25 117 36 -23 28 -25 -26 102 27 -29 -30 -31 34 44 33 47 -36 -37 -38 118 40 -41 64 42 -44 -45 -46 -47 -48 -49 -50 -51 -52 -53 105 -55 -56 -57 -58 58 -60 63 61 -63 -64 -65 65 67 -68 101 70 -71 -72 104 73 74 76 80 83 84 -80 -81 82 -83 -84 -85 85 -87 89 103 97 90 92 -93 -94 -95 -96 121 -98 98 99 -101 -102 -103 -104 -105 -106 -107 109 108 110 -111 111 112 -114 -115 -116 -117 -118 -119 -120 -121 -122 123 -124 124 -126 -127
leaf_value=-0.0013722170862961003 -0.00053453928425571543 0.0054282378466205114 0.0069770478770483403 -0.0031875487757944006 0.001983251454928581 0.0040561260883133186 -0.005005193204413682 0.0091755302674702329 -0.0045299857882093748 -0.010134901145619721 0.0051780057910911616 0.00067882244169655622 0.00082080633687558763 0.00010537621412706202 0.001281887045215227 -0.0085429753426164885 -0.0078587135232573262 -0.0078477477727138308 -0.0010048876934108191 -0.0022061157314890267 0.00067227030089168178 -0.005755145948691618 0.0043745981461051301 -0.0063913900340328757 -0.00086318774468825536 0.0032585258203394665 0.0094098350398271313 0.0025417849763288455 -0.0029485116833253837 0.0075673648703184649 0.0024621125475824969 0.0044307536541444885 -0.0042531776616994135 -0.0044730292359625168 -0.0028262170911084088 -0.0027843676765297626 -0.0043784139769058698 0.0012476944687271536 0.0034270592845163338 -0.0096451346440371861 0.00042687626906327423 0.0040624378380733064 -0.0036057552831993693 0.0091698878310221797 0.0033412057328709804 -0.0069340511427740071 -0.0049751858778095421 -0.0012121081651380486 0.0066845842650769226 0.0022515882354962736 -5.8819922898810956e-05 -0.003138590509976088 -0.00410141653299475 0.0070291985912134024 -0.0016543705574086469 0.0098322803771043795 -0.002412883101396447 -0.0035619119987793891 0.0044467440331347266 0.0025646161627974778 0.0041712454830106971 0.0050934041649158303 -0.0049478493672923205 -0.0054674731479027782 -0.0016860324739616901 -0.0035091317551620527 -0.0097532564862644142 -0.0063902324489312655 -0.00629809555234384 0.0046893485705650096 0.0026159320865768027 0.006681899589861773 -0.0019612522885372372 -0.0054810013173631255 0.0057738384406508039 0.00082278393615456446 0.0036932771637237733 0.0092671886524440146 -0.0039305444533792059 0.0063667005172169657 -0.0043692801755525583 0.0081495854789002242 0.0016857223625374193 -0.0024739306403179363 -0.0037014160946693547 0.0030359185765084879 -9.3947135897525777e-05 0.0015500444018815623 0.0053244764400854757 0.0068049634395843219 0.0012441908589052705 -0.002489341438297358 0.0089725177146317975 -0.004718449502395165 0.0044196265169167007 0.0036859762921521389 0.0061867739635515454 0.0037282281840186229 -0.0078076763103716532 9.6270806791943188e-05 0.0030021043556338169 -0.0013730989536875548 -0.0030646799066387747 -0.0032863058384409367 -3.9144229244278166e-05 0.0054359659815029771 -0.00092084888674573559 -0.0046874627526925236 0.0034108874862546451 -0.0012776635523149297 0.010501016059710265 -0.00016089222521251033 0.0060355179064102505 -0.0029570009518702402 0.0067562720199684668 0.0055895954993988254 -0.0033865250489122246 -0.0069548929312527406 -0.00069262950662381674 -0.00082205610170991723 -0.0074140554881973802 0.0048333411941551422 0.006398412901985665 -0.0059202312379870595 -0.00079080470339471594 -0.0038927776827549867
leaf_weight=202.99510043859482 206.07297176122665 198.84104596078396 1324.2105793952942 239.78267808258533 985.78958231210709 1295.3668266534805 195.34241344034672 135.32704001665115 691.4869105219841 130.69923682510853 176.78237806260586 117.61381183564663 215.016023427248 101.8759900033474 314.21230086684227 152.53464740514755 275.21609373390675 150.49868935346603 316.24836440384388 366.65673342347145 593.4414829313755 251.62809871137142 280.99859195947647 208.27158363163471 130.72808009386063 110.48837541043758 171.68437205255032 462.41227024793625 394.63393802940845 115.82841418683529 307.90312652289867 181.39138025045395 129.69883355498314 105.19557566940784 499.17723137140274 155.65031965076923 108.09973917901516 112.58346466720104 299.22615350782871 109.36133667826653 2187.5870365202427 133.39146001636982 186.61864452064037 165.32219782471657 106.53545516729355 280.06233218312263 259.2748349159956 328.96403460204601 421.04887883365154 1027.7625521272421 113.16416595876217 126.52225296199322 263.55714225769043 190.56961813569069 562.50325705111027 101.83597488701344 282.5065942555666 158.05204220116138 133.82502795755863 119.10182727873325 101.63145752251148 615.33861710131168 113.85027666389942 156.29705886542797 154.82528133690357 104.91752347350121 145.84222009778023 185.29881811141968 160.62642873823643 382.8297915160656 106.64509542286396 314.47990225255489 931.68927004933357 829.50598333775997 196.88650248944759 292.5262848585844 160.17462962865829 100.67734840512276 646.81417170166969 149.59264835715294 205.30978409945965 212.84390181303024 679.79656141996384 426.0173147469759 123.6707983314991 290.46964395046234 340.27986109256744 275.87339247763157 185.62342837452888 172.65806300938129 134.65196219086647 198.60201619565487 358.72062890231609 360.92726498842239 157.91805191338062 140.85233576595783 218.35029220581055 211.56024786829948 105.93676102161407 185.10770809650421 393.81598873436451 1043.1004236489534 588.67707712948322 453.58038768172264 128.35017980635166 101.19685754179955 130.94668217003345 117.92584191262722 244.91639174520969 4162.1241472065449 120.91870221495628 319.77188020944595 265.59547996520996 215.8070944994688 118.77361918985844 111.36786642670631 347.97150504589081 392.59433415532112 2218.7389384657145 745.30873253941536 433.90207108855247 121.9237769395113 184.03154739737511 256.77382959425449 1588.9352697879076 196.28351846337318
leaf_count=813 825 797 5343 961 3960 5210 782 542 2774 524 708 472 861 408 1258 611 1106 603 1267 1470 2376 1008 1125 834 524 443 688 1852 1581 464 1233 728 520 422 2000 625 433 451 1199 438 8763 536 749 663 427 1124 1041 1317 1690 4122 453 508 1055 763 2252 408 1131 633 536 477 407 2465 456 626 620 420 584 742 643 1533 427 1259 3730 3323 788 1171 641 403 2590 599 822 852 2722 1705 495 1163 1362 1104 743 691 539 795 1436 1445 632 564 874 847 424 741 1586 4176 2360 1816 514 405 525 472 981 16658 484 1280 1063 864 476 446 1393 1575 8894 2986 1746 488 737 1028 6363 786
internal_value=2.94151e-05 0.000955283 0.00139595 0.00256882 0.00343521 0.00437306 0.000722012 0.000335145 -0.000830241 -0.000566866 -0.000264351 0.00147281 0.000509884 -0.000484363 -0.00135911 -0.00119334 -0.00193079 -0.00116957 -0.000808145 -0.00301257 -0.000153125 -0.00120933 -0.000541177 -0.00285609 -0.00588937 0.000324925 0.00317808 0.0046322 0.000285495 0.00137644 0.000592715 -0.00395106 0.00125838 0.0018142 -0.000797955 0.00263779 0.00178695 -0.00203756 -0.00068661 -0.00534025 -0.000479034 0.0031879 -0.000358439 0.00591808 -0.00268526 -0.00350262 -0.0016298 0.00227243 0.0030161 0.00156044 -0.00518655 0.00131877 1.55911e-05 0.0015521 0.000702528 0.00233665 0.0010211 0.00329832 0.000159726 0.00148085 0.00235053 0.00362135 -0.00065787 -0.00205538 -0.000728951 -0.00175322 -0.00596338 -0.00106184 0.000831399 0.00285705 -0.00280678 0.00250083 2.12977e-06 -0.000849211 -0.00235324 0.000206408 0.00101396 0.000457971 -0.00036356 0.000410339 0.00166606 0.00410134 0.000215689 -0.000722512 0.00128894 -0.000629894 0.00194612 0.000659954 0.00261212 0.00352964 0.0049256 0.00195996 0.00699393 -0.00232876 0.000844016 6.31572e-05 0.00304614 0.00140438 -0.000191767 -0.00309772 0.00611092 -0.00222016 -0.0020026 -0.00146468 0.00481636 -0.000384818 -0.000501494 0.000985436 0.00207569 -0.00102548 0.00282656 0.00433554 0.00275709 0.000429183 0.00296082 0.000161427 -0.00011887 -0.0047771 -0.00152373 -0.00291887 -0.00564857 -0.000465769 0.00195214 -0.0011194 -0.00156022 -0.000697342
internal_weight=45508.1 21909.2 16092.1 7628.86 5181.07 3489.05 2447.79 8463.25 23598.9 19396.9 5817.1 1692.01 1409.08 5618.26 8096.26 7834.84 4574.6 3345.6 3195.1 1073.46 3260.24 2115.87 1864.24 423.288 261.427 2121.63 837.092 634.097 1598.54 1203.91 1088.08 1229 2252.45 2012.67 807.08 1771.03 1144.37 4202.02 5441.48 211.237 5230.24 1615.38 320.01 282.936 953.786 847.251 567.188 1882.97 1554.01 1132.96 265.699 307.914 7626.15 1564.62 1374.05 811.547 709.711 427.204 291.877 1422.47 1147.07 830.82 215.482 275.399 4931.01 2284.09 300.668 1983.42 755.019 487.747 267.272 1036.27 11300.6 3934.75 1612.58 2322.17 783.078 7365.89 3709.63 3062.82 1390.48 505.37 885.106 586.192 3656.26 932.986 2723.27 1518.36 788.905 1204.91 864.633 371.26 493.373 642.516 281.589 2913.22 424.423 688.228 502.605 291.044 1718.03 1228.4 699.165 729.454 442.83 6061.53 5960.34 1548.49 1284.94 4411.84 1167.01 706.286 585.367 460.723 249.72 2646.93 2535.56 759.251 3510.53 1291.79 546.486 2488.8 521.167 1967.63 1845.71 337.136
internal_count=182372 87831 64534 30653 20839 14049 9814 33881 94541 77690 23297 6790 5655 22500 32446 31398 18341 13407 12804 4303 13057 8475 7467 1695 1048 8501 3353 2540 6403 4822 4358 4934 9032 8071 3233 7120 4582 16851 21792 846 20946 6495 1285 1135 3828 3401 2277 7551 6234 4544 1064 1236 30528 6265 5502 3250 2842 1711 1169 5698 4595 3328 863 1103 19747 9145 1204 7941 3023 1953 1070 4149 45244 15754 6457 9297 3134 29490 14854 12264 5567 2023 3544 2346 14636 3735 10901 6078 3158 4823 3461 1486 1975 2572 1127 11665 1699 2755 2012 1165 6929 4918 2803 2920 1773 24263 23858 6199 5144 17659 4672 2827 2343 1845 1001 10602 10156 3045 14077 5183 2197 9966 2087 7879 7391 1350
is_linear=0
shrinkage=0.02


Tree=43
num_leaves=127
num_cat=0
split_feature=9 231 142 182 100 9 27 119 231 231 231 231 176 29 204 140 180 231 9 100 176 149 190 177 125 231 171 199 208 106 232 95 201 27 161 62 79 231 231 112 191 140 81 140 100 87 209 60 171 123 159 213 29 219 119 62 236 231 138 21 98 21 123 111 100 67 114 77 77 98 220 100 171 191 40 142 183 23 177 218 68 5 145 177 101 145 27 34 98 137 98 173 145 218 214 140 98 204 232 236 68 195 100 100 153 218 32 218 34 29 135 218 214 139 60 187 187 218 98 186 195 220 45 129 129 153
split_gain=111.735 32.1926 32.8851 25.7252 21.8429 20.7252 18.5057 22.5092 20.2439 37.0207 26.4261 36.5066 21.5695 18.8979 18.3549 24.5262 20.9049 19.0692 20.781 17.5213 17.2918 22.3344 18.2982 17.9701 20.9241 16.9034 18.1156 16.7227 16.6299 15.9871 15.4565 19.324 15.1833 14.7271 14.4661 14.2518 13.8971 13.5985 44.6467 12.6746 12.575 13.5542 23.5417 12.5132 12.4312 12.3952 18.1461 16.5493 12.3603 12.218 12.18 14.2856 11.979 13.4687 16.2513 12.7838 11.8264 11.7846 15.8105 11.7805 11.6486 11.6472 11.4763 12.9981 11.3028 11.2566 13.6426 14.7457 14.2277 13.7096 13.5537 13.2133 14.6 11.2465 11.2455 11.1568 11.1534 11.1238 11.1069 15.9415 14.0058 13.7184 11.077 11.0543 13.0623 19.1484 13.3124 11.0473 10.9238 10.8467 10.8311 12.4127 14.4926 12.0909 20.5964 17.6283 14.4079 13.236 16.0249 10.8168 12.884 10.793 10.7725 10.7195 10.6914 10.8096 11.2794 10.6809 10.6391 10.6052 12.9229 10.56 10.5597 10.4673 10.4609 10.3358 20.8865 10.2808 10.1983 12.5334 15.2071 17.6955 14.9298 13.5915 14.1443 13.1557
threshold=5.2756944569409832e-05 0.48289918899536138 0.00095269692246802162 -0.00022943888325244186 0.00099345430498942754 -9.3959857622394325e-05 -0.00027922331355512137 0.0025626320857554678 0.27353890240192419 0.46754305064678198 -0.54280677437782276 -0.26092512905597681 0.00039718010521028196 0.672671139240265 -0.0029064384289085861 0.64305561780929577 0.0027535409899428491 -0.7238691747188567 -9.9104676337447004e-05 0.00078600452980026614 0.0011850528535433116 0.00014632372040068733 -6.7293480242369683e-05 0.0014952945057302716 0.0015278513892553749 -0.058870663866400712 -0.00024929275969043369 0.0031886460492387418 1.0000000180025095e-35 -0.0028179744258522983 5.0000000000000009 5.5517541113658815e-05 0.0089943418279290217 -0.00074560442590154697 0.0019386521307751539 0.00010401533654658125 -0.0016746213659644125 -0.5206359028816222 -0.23556562513113019 -0.31929999589920038 -0.002452439744956791 0.25850829482078558 -0.00067340428358875204 0.96436464786529552 0.00025252376508433377 0.00038941086677368736 0.00058809728943742823 0.0013215664657764139 -0.00047001491475384677 -0.0012544538476504383 0.002448629005812109 0.001901073439512402 0.70507484674453746 0.24829657375812533 -8.291882477351463e-05 0.00019442650955170396 -0.40892681479454035 -0.32762940227985377 0.0006825304008089007 -0.64685216546058644 0.0013945200480520727 0.83622565865516674 0.0010639741667546334 -7.6927494774281496e-06 0.00062054881709627818 0.69505137205123912 0.00018073015235131609 -0.00081262510502710928 -0.00020740237960126248 0.0044319247826933869 -0.0044766508508473626 0.00053080849465914081 0.00020590865460690114 -0.0031367937335744496 -0.00013495800521923226 0.00085592438699677597 0.00022394042753148827 0.000112392950541107 0.0010832414263859393 0.0017579153063707056 -0.00022654530766885725 2.2639085727860223e-05 0.00050482747610658418 0.0011465234565548601 0.00053238708642311405 0.0024885257007554178 -2.8605677471205123e-05 0.00016516532923560592 0.00075932155596092354 0.0011651170207187536 0.00056236001546494674 -0.93416729569435109 0.0001613909407751635 0.0027737173950299625 0.00093848485266789805 0.5588510036468507 0.00096059960196726035 0.001315782137680799 2.5000000000000004 -0.063928332179784761 -0.00072384884697385121 0.0019663315033540134 0.00043658835056703543 0.00027205309015698736 -0.0018152470584027467 0.00085913317161612223 0.82323232293128978 0.0045357367489486941 0.0008115404925774784 0.21058013290166858 -0.20037279278039929 0.0076444360893219718 0.0012528705992735925 0.0006841911526862533 0.00034279677493032073 -0.00010487630424904636 -0.00019570741278585044 0.0056426248047500857 0.0015482547460123899 0.00074030784890055667 -0.0011183412279933689 -0.0065803399775177232 0.00072095077484846126 0.080666627734899535 0.25826685130596166 -0.0017195179243572054
decision_type=2 2 10 10 10 2 2 2 2 2 2 2 10 2 10 10 10 2 2 10 10 8 10 2 2 2 2 10 8 10 2 2 10 2 2 10 10 2 2 10 10 10 2 10 10 2 10 10 2 2 2 8 2 10 2 10 10 2 10 2 10 2 2 10 10 10 2 2 2 10 8 8 2 10 2 10 10 2 2 10 10 2 8 2 2 10 2 2 10 10 10 10 10 10 10 10 10 10 2 10 10 10 10 10 10 8 2 8 2 2 10 10 8 2 10 10 8 10 10 10 10 8 2 2 2 10
left_child=1 2 4 90 14 37 7 33 10 45 36 13 -13 57 16 17 28 19 25 75 21 23 -22 24 35 26 48 -28 88 108 43 101 -29 -2 -35 -11 104 39 59 -4 73 49 -43 52 114 61 47 -47 -19 -42 77 -52 -14 55 -55 -54 111 58 -12 102 -48 115 -20 -64 -61 66 67 -44 69 87 -68 72 -70 89 -30 -16 -38 -36 79 113 81 -81 -76 -80 85 -85 -86 -69 -1 -41 -3 -92 -93 95 -95 112 -97 98 99 100 -96 -32 -39 -58 105 -8 -107 -37 -15 -100 -111 -40 -94 -46 -7 116 -10 -18 -78 -120 122 123 -121 -122 -125 -123
right_child=6 3 5 -5 -6 44 8 -9 9 20 11 12 30 29 15 -17 117 18 62 -21 22 -23 -24 -25 -26 -27 27 32 74 -31 31 -33 -34 34 50 107 76 38 56 40 41 42 65 -45 78 46 60 -49 -50 -51 51 -53 53 54 -56 -57 103 -59 -60 64 -62 -63 63 -65 -66 -67 70 68 71 -71 -72 -73 -74 -75 82 -77 118 -79 83 80 -82 -83 -84 84 86 -87 -88 -89 -90 -91 91 92 93 94 97 96 -98 -99 109 -101 -102 -103 -104 -105 -106 106 -108 -109 -110 110 -112 -113 -114 -115 -116 -117 -118 -119 119 120 121 125 -124 124 -126 -127
leaf_value=-0.00013795405186843755 0.0070010427707873817 0.0044174840461250406 -0.0023715078290430752 0.0074455419785790476 -0.0049239122907210374 0.0022730511120338786 0.0052356569780441196 -0.0069440211855552204 0.006065483390844663 0.0030492304118869373 0.0039577578359420822 -0.0096286898235455332 0.00051475235353047437 0.0021921540171323879 -0.00039995318598595817 0.0076697265695619826 -0.0041119839010904961 0.005152492912384384 0.00025223304592265607 0.0064000054651153354 0.00019216840203329627 0.0049341719030168386 -0.0081297388842004239 0.0036768389098097787 -0.0057995845969544702 0.0015102308269163459 0.0086053570250439731 -0.0020361324608650306 0.0040285553026505969 -0.0073549434684984198 0.0053918979390331547 -0.0029810520385642626 0.0064757388288302587 0.0018056807684542157 0.00040723497713642296 -0.0028376978976863481 -0.0071883882617314425 0.012220975701470869 0.00090379100241487324 -0.00050913985670736643 -0.0087855221102333507 0.0057403364538812663 -0.003216953216591567 -0.0077064179273903348 -0.0066879218861521659 -0.0039880174084281654 0.0087227121849692644 0.003732455376000724 -0.00094785558034538877 0.00057229276788648786 0.0051292808490637125 -0.0026423311101914978 -0.0067599581325836792 -0.0046494379635418056 -1.7006508820205088e-06 -0.00024874055736858315 -0.0045016214985626095 -0.0068508994487450903 -0.0037739222692372218 0.0014137850324327397 0.00039160485595279154 -0.00014811642963141736 0.0059187209546929208 -0.0015728738568471707 0.0078135114268586148 0.0042214663971774907 0.00049765808727173942 0.0031643158714263599 -5.8796108210619712e-06 0.00668372738372797 -0.0060747237749308614 0.0017979729803655933 -0.0086579648035166479 0.0082502362029617735 -0.0056121149229982053 -0.0058727261725866099 -0.0034449409680012096 -0.0071398282928243515 -0.0040364386952665291 0.0058773777659698228 -0.0022119537621944126 -0.0007578035892815858 0.0020319225199041178 -0.0019113976501696343 -0.0010963603546175211 0.0059856985618817159 0.003381522993515516 -0.0016028745428431951 0.0061989477287273075 0.005221862200144407 -0.0070817941893381092 0.0040219578929482211 -0.0010815427641219521 0.0075617318081950902 0.0040749463319030652 -0.0042437608827339338 0.0029947276290365715 -0.0023344180724011198 0.0015487196586326272 0.0056531974916176186 -0.0033630859738479914 -0.00085775914724572769 0.0048743679826977445 0.00023073760715765034 0.0069022045238842323 -0.005188068046112642 0.0018922885542321038 0.0022228190648358021 -0.0056766579617544034 0.001567558610443405 -0.0067414791090849944 0.006360127614479948 -0.0057297221511308453 0.0013504233571291423 -0.0042495940031302918 0.0081850201350754728 -0.0038231583823893057 0.0031357773521162456 0.0035810702570706829 -0.0020459872147391145 0.005925759431447907 -0.0072933928218670285 -0.0085231578222729615 -0.0022272949028190364 0.0043961708451593275 -0.00081169967350691802
leaf_weight=118.39656347036362 132.87627843022346 119.65795712172985 545.96696063876152 126.6292017698288 163.67802396416664 107.08838583528996 114.169786632061 132.32863236963749 224.61427406966686 263.18208941817284 188.60161283612251 114.20759345591068 671.58953472971916 131.30457086861134 1587.3465934693813 237.35729801654816 176.14418305456638 214.20112551748753 2445.6849325448275 121.42962118983269 160.82944038510323 210.59756655991077 283.26300649344921 210.24139228463173 474.66886550188065 1207.0258976519108 545.27151587605476 143.98907214403152 306.92045117914677 1134.1882672309875 328.85064570605755 280.26708418130875 158.71581219136715 1241.6708368957043 117.42258334159851 934.91471035778522 106.88915598392487 166.5311274677515 449.31006065011024 313.13395611941814 100.17161451280117 304.7923608571291 348.44484752416611 133.54615879058838 111.37778708338737 377.19765144586563 112.45393568277359 136.36238510906696 295.27495953440666 99.91639769077301 148.36455862224102 197.00671941041946 433.19356660544872 415.57307599484921 973.5621062964201 166.49418140947819 210.9901759326458 113.9517960101366 194.65859146416187 342.5111641138792 140.13459268212318 217.47677785158157 296.10073772072792 120.96675910055637 151.6652594357729 214.06191931664944 214.03488063812256 465.89145632088184 164.5643135458231 233.32588621973991 274.06752786040306 277.05683898925781 128.37970252335072 127.34565412998199 116.00869610905647 144.90102449059486 671.80559176206589 201.74197190999985 323.9725925475359 489.71887096762657 152.88586181402206 159.40258145332336 154.64079917967319 196.84945774078369 3169.9755618870258 275.97515752911568 270.30483889579773 308.05939044058323 1213.5687865018845 204.5638912320137 122.11867500841618 194.74164424836636 292.28193844854832 101.67447890341282 165.39154671132565 149.67770305275917 293.35885044932365 1189.1668092906475 207.5728438347578 271.80141888558865 167.40059226751328 154.58952099084854 221.27791255712509 1109.0375451594591 114.43233695626259 148.67798712849617 176.66096270084381 186.54599618911743 108.3066418170929 101.45126244425774 209.91353210806847 193.17148730158806 645.33300587534904 116.87667134404182 515.43909355998039 252.09973394870758 114.6547963321209 111.90383063256741 224.57021521031857 1105.7099081575871 249.27766995131969 112.41800300776958 148.26498928666115 313.81230220198631 190.29581713676453 2525.6244804263115
leaf_count=475 532 479 2186 507 656 429 457 530 899 1054 756 458 2690 527 6354 952 707 862 9798 486 644 843 1135 842 1902 4845 2201 580 1232 4567 1318 1124 639 4971 470 3746 428 674 1804 1254 401 1221 1395 536 446 1510 450 546 1190 400 594 789 1739 1666 3905 668 846 457 780 1381 561 871 1187 485 611 857 857 1866 659 934 1097 1109 514 510 465 580 2691 808 1297 1961 612 638 620 788 12688 1105 1082 1233 4869 819 489 780 1170 407 662 599 1174 4759 831 1088 670 620 894 4447 458 595 707 747 435 406 840 776 2583 468 2064 1009 459 449 899 4429 998 450 594 1257 762 10118
internal_value=-3.59555e-05 0.0007734 0.0010727 -0.000799558 0.00194217 0.000412911 -0.00124825 0.000480806 -0.00148255 -0.0003065 -0.00191178 -0.00291362 -0.00173902 -0.00517599 0.00206772 0.00159023 0.00367219 0.00137157 0.00196795 -0.000376869 -0.00171354 -0.000987615 -0.00523753 -0.00163167 -0.00226468 0.00326904 0.0047883 0.00655292 0.00442403 -0.00637513 -0.00143334 0.00106685 0.0025516 0.00102542 0.000540505 -0.000987552 -0.00101001 0.00113379 0.00220288 0.000423557 0.000837859 0.000305562 0.000660589 -0.00211947 -0.0004653 0.0021182 0.000276858 -0.00187498 0.00171468 -0.00448522 -0.00180714 0.000794221 -0.00178361 -0.00255713 -0.00143837 -0.00501859 0.000504733 -0.00174435 3.84115e-05 0.00588645 0.00446852 0.00381358 0.000787829 0.00377331 0.00360542 3.25131e-05 -0.000370607 0.000394669 0.00122282 0.00263302 -0.00328656 -0.00127398 -0.00410857 0.00333612 0.00152045 -0.000919552 -0.00130758 -0.00450294 -0.000144372 0.00169828 0.00301389 0.00427405 -0.00140527 -0.000598294 -0.000294566 0.00275378 -0.000727019 0.00127423 0.00564196 0.00186542 -0.00108016 -0.00126075 -0.00104815 -0.00132804 -0.000466212 -0.00280696 0.000471567 -0.000880955 0.00067134 0.00284157 0.000354929 0.00343876 0.00847374 -0.000581569 0.00196427 0.000434145 -0.00145646 -0.00197172 -0.00152794 -0.00186873 -0.00410296 0.0026868 -0.0043336 -0.00279472 -0.00309173 0.00522768 0.00269686 -0.00127552 -0.00116871 -0.000841907 -0.00107016 -0.000367994 -0.0029336 0.00229727 0.000345345 -0.00114071
internal_weight=45512 27295.8 22937.7 4358.17 9879.53 13058.1 18216.1 2171.41 16044.7 4299.24 11745.5 5542.88 3671.87 1871.01 9715.85 7518.27 2197.58 7280.91 5427.23 1853.68 2724.24 2280.15 444.092 2069.55 1859.31 2564.48 1357.45 847.976 1909.54 1373.8 3557.67 763.707 302.705 2039.08 1906.21 1384.64 6202.61 7168.27 2844.49 4323.78 3777.81 3132.77 2932.68 2793.96 5889.87 1574.99 766.149 513.56 509.476 200.088 664.536 345.371 2660.41 1988.82 1389.14 599.688 1962.51 497.212 383.26 881.985 252.589 808.846 2862.75 417.067 494.176 2627.89 2413.82 1925.72 1577.28 1007.28 488.102 570.001 292.944 645.044 577.57 1732.25 5648.67 319.165 5267.34 1030.26 802.007 649.121 270.649 4237.08 3913.11 472.825 3440.28 773.951 1331.97 517.698 4231.54 4111.88 3989.77 3795.02 2414.37 1380.65 443.037 2312.7 1123.53 604.594 332.792 483.44 387.809 1320.03 553.941 439.509 325.339 1121.46 239.611 518.938 311.365 642.482 937.615 228.254 622.527 591.369 339.269 288.048 5541.78 4869.97 4645.4 3391.43 1253.97 753.386 504.108 2638.04
internal_count=182400 109399 91955 17444 39632 52323 73001 8694 64307 17218 47089 22246 14724 7522 38976 30159 8817 29207 21787 7420 10913 9134 1779 8291 7449 10317 5472 3420 7661 5529 14266 3062 1219 8164 7632 5547 24843 28745 11433 17312 15126 12543 11742 11204 23578 6305 3067 2056 2052 801 2661 1383 10668 7978 5571 2407 7873 1993 1536 3560 1011 3238 11470 1672 1992 10521 9664 7710 6315 4033 1954 2282 1173 2583 2317 6934 22626 1278 21085 4125 3211 2599 1085 16960 15663 1893 13770 3099 5344 2073 16937 16458 15969 15189 9663 5526 1773 9256 4497 2420 1332 1938 1568 5293 2217 1759 1302 4493 962 2077 1246 2580 3753 914 2493 2367 1358 1156 22198 19507 18608 13585 5023 3017 2019 10568
is_linear=0
shrinkage=0.02


Tree=44
num_leaves=127
num_cat=0
split_feature=11 231 231 231 7 231 231 223 231 231 11 225 216 173 5 152 152 195 181 76 143 22 154 3 33 194 47 211 222 149 133 214 166 41 128 223 116 161 181 216 133 104 141 222 225 153 63 225 188 114 215 212 223 104 112 141 121 236 110 45 27 112 222 166 159 182 194 152 157 33 197 166 199 57 221 110 188 34 71 112 188 157 3 159 153 223 181 36 114 225 209 197 166 3 221 97 81 37 231 185 221 29 14 110 221 81 99 222 175 133 185 188 117 23 39 15 173 153 49 223 68 188 110 214 215 223
split_gain=94.6158 42.2642 30.0972 30.8571 27.4741 27.112 42.1018 27.3635 26.7751 33.4067 50.7498 19.4186 19.1933 18.2847 18.2228 16.8307 16.6648 16.4273 22.8316 15.9709 15.8018 15.7184 15.3024 17.0901 15.4816 14.8703 14.8388 14.3092 17.0322 16.0846 18.7405 18.1427 14.5734 14.2178 14.1681 13.7424 13.6155 13.2978 13.3943 13.2465 21.4068 12.9932 12.9339 12.8921 19.1196 16.7728 16.1575 13.927 12.7748 12.763 13.5086 15.2169 17.019 15.9343 13.0501 12.5467 17.9296 16.3561 14.0255 13.5499 12.4964 12.467 13.9084 12.2043 11.9983 14.682 14.9887 18.9596 14.264 13.2235 12.8171 14.1286 15.9163 13.4472 12.5133 12.376 11.8976 17.1784 15.6214 14.6118 11.7569 12.1631 11.6891 11.6287 11.4106 11.2076 11.2056 11.1843 11.068 13.7106 11.9865 10.9945 11.7069 11.7032 10.7832 10.7766 17.3598 16.1328 12.3219 10.5546 16.9965 18.3488 14.3965 14.9615 24.1833 14.1754 13.7063 16.7169 13.2728 13.6771 12.5965 12.8143 16.1712 12.7458 11.114 13.7697 12.5823 16.4169 10.5519 10.9167 10.4889 10.4596 10.4513 10.424 12.5546 10.4015
threshold=3.1572519219480462e-05 0.44424325227737432 0.31109040975570684 0.44424325227737432 1.8963002730743032e-05 -0.56820151209831227 -0.19294966012239453 -0.024134530685842034 -0.55375361442565907 -0.25249098241329188 -9.7324278613086776e-05 0.00028902124904561793 0.45618017017841345 0.80946043133735668 -5.04533018101938e-05 0.00092611194122582685 0.0002691075205802918 0.0037346688332036142 0.87971115112304699 3.8532007238245578e-06 0.039263607934117324 0.00060820177895948302 -0.0037192542804405089 0.00016859181050676855 -0.00037537950265686954 -0.0052882838062942019 -0.00018012092914432285 -0.51575660705566395 0.21134792268276217 -3.1135332392295816e-05 0.00013284674059832471 0.0013021909981034698 -0.001001430850010365 0.0006552729755640031 0.0001683741211309098 -0.024134530685842034 -0.00097981811268255093 -0.0014771640999242661 0.32325872778892523 0.1482217609882355 0.00023823721130611378 0.00035709403164219117 -0.001532945781946182 0.26312096416950231 5.9083693486172713e-05 0.00053638787358067941 0.00026886585692409431 0.00047170901962090289 -0.18110320717096326 -0.0005128233169671147 0.0042948185000568637 0.0084323566406965273 -0.0069600059650838366 0.0013356672716327014 0.16739806532859805 -0.002998678013682365 -0.0012011601938866077 -0.042291922494769089 0.00073418620740994822 -0.0003882347082253545 -0.00022509257541969416 -0.059652004390954964 0.55345395207405101 -0.0013505988172255454 0.00038243657036218798 -0.00194089172873646 0.00091138761490583431 -0.0006704907864332198 -0.00054885307326912869 -0.00030018988763913507 0.0079290033318102377 0.0031181003432720904 0.0028948159888386731 -4.0124241422745391e-06 0.00995838036760688 0.0025685474975034599 -0.039876064285635941 0.00069630437064915906 -0.0019256916129961608 0.029784915037453178 -0.060086932033300393 -0.00026040422380901868 -0.00020860470249317584 0.00014426229608943689 -0.00010407537774881347 -0.016482066363096234 0.80052438378334057 0.090499315410852446 0.00094227766385301958 0.00029878554050810641 0.00032216140243690466 0.0015595033182762565 0.0027497888077050452 3.4242537367390475e-05 0.0088481921702623385 0.55082115530967724 5.6647395467734902e-05 0.45000000298023229 -0.26092512905597681 -0.006429070606827735 0.00044040329521521931 0.6013629436492921 5.8778296079253785e-05 0.0041734836995601663 0.0068910976406186828 -6.8370758526725681e-05 0.00065434505813755106 0.13923347741365436 0.00082129938527941715 -4.5471455450751812e-05 -0.0076707808766514054 0.074930876493453993 -0.0039156354032456866 9.9937788036186262e-05 -0.00016509863053215665 -0.38079349696636194 -0.666782647371292 -0.00085587764624506224 0.0014549175975844266 -0.0083635151386260969 -0.00023485721612814811 -0.2054542079567909 0.0053957789205014714 0.0018523114849813285 0.0025000663008540873 -0.01221358962357044
decision_type=2 2 2 2 2 2 2 10 2 2 2 10 10 8 2 8 10 10 10 2 8 2 10 2 2 8 2 10 8 10 2 10 2 10 2 8 10 2 8 8 2 10 10 10 10 10 2 10 10 2 10 8 10 10 10 8 2 10 10 2 2 10 10 2 2 10 10 10 2 2 10 2 10 2 10 10 10 2 10 10 10 2 2 2 10 8 10 8 2 8 10 10 2 2 8 8 2 2 2 10 8 2 2 10 10 2 10 10 10 2 10 8 10 2 2 2 10 10 2 8 10 10 10 8 10 8
left_child=1 8 4 12 15 36 7 -7 11 10 14 49 42 33 -10 26 25 35 -19 122 -3 121 -9 -24 -25 -12 -2 28 29 31 -31 -22 63 39 -18 -8 76 38 -28 -5 -41 -38 -4 -37 45 83 47 -46 -44 50 51 52 -1 54 -53 59 58 -58 -57 94 82 95 85 -29 65 66 67 -34 74 -67 71 72 73 -66 -68 -74 77 -6 79 -78 81 -27 -13 -45 -14 -63 -85 -59 89 -35 -91 -62 -93 -94 -11 96 -39 -97 -98 100 -51 110 103 104 106 -106 107 108 109 -101 111 112 -102 -113 115 -109 117 -116 119 -105 -47 -16 -17 124 -61 -125
right_child=2 20 3 13 5 6 17 22 9 55 16 60 84 -15 21 19 34 18 -20 -21 27 -23 23 24 -26 80 37 32 -30 30 -32 -33 64 88 -36 43 41 61 -40 40 -42 -43 48 44 46 120 -48 -49 -50 99 -52 53 -54 -55 -56 56 57 87 -60 123 91 62 -64 -65 70 69 68 -69 -70 -71 -72 -73 75 -75 -76 -77 78 -79 -80 -81 -82 -83 -84 86 -86 -87 -88 -89 -90 90 -92 92 93 -95 -96 97 98 -99 -100 102 101 -103 -104 118 105 -107 -108 114 -110 -111 -112 113 -114 -115 116 -117 -118 -119 -120 -121 -122 -123 -124 125 -126 -127
leaf_value=-0.0025663836167687253 0.0051694033252215367 0.0032626085457631033 2.614194996735174e-05 0.0032149022285735082 -0.0031624975603647522 0.001912298613167219 0.0031871188721212603 0.0015351110209595295 0.0076449271472189793 0.0050060043648888072 0.0035750996127574056 -0.0012630597729155935 -0.0024937312311837088 0.0040395942841758414 0.001406447127296177 0.0070827969997549383 0.0089391783316705581 0.0083034322450108462 -0.0019826712739672674 -0.00032202207612655877 0.0075071670553508276 -0.00034032233514661955 -0.0041622867285556978 -0.00080287792183394535 -0.0089471490036345958 -0.0039976977132511879 -0.0013691923330256567 0.00013933469536633937 -0.0061285981190423644 -0.0088935980550452348 0.0011608868118497772 -0.001563375534889284 -0.0047634578884672048 -0.0057281363987394 -0.000231861098031264 -0.0043015844991235739 -0.0067981396964583206 -0.0065920206020358462 -0.007264668648828583 -0.00025061940103540236 -0.00787895441271254 -0.0011487276846715777 0.011309553592200551 -0.00021202350037271851 -0.0032857449938897177 0.0011919923871769888 -0.0076535863306823803 0.0022789752290303393 0.0041231708986883241 0.0049827914090135941 -0.0037906446005384195 0.0065781437493161185 0.0036504962303283966 -0.0011481374186680399 -0.00066175077638166145 0.0084827102869454597 0.0021599031614871534 -0.0005819409004528248 0.00087926555615118701 -0.0043474524499289213 0.00049250474301540978 -0.0017746825874183686 -0.0006447458130648862 0.0084986587544624501 0.0036722503620845808 -0.0085580399332428839 0.0052580341626626125 0.0047060481158846439 -0.0051923068972997187 8.8289704587310813e-05 -0.0054851716421421212 0.0050385365523570444 0.0013864243542369853 -0.0035210620348709661 -0.0030601802593201079 -0.005144767026619943 0.00058959250980149323 0.0056313944638966985 0.0047660435074507526 -0.0081245057703607411 -0.0049464194084484154 0.0029877773241461934 0.0024419710530180958 0.0079646038664109541 0.0025370298301344201 0.0054209023370371343 0.00017959480320492601 0.0022712246794930955 0.0019786134516073589 0.0047236580067728249 -0.0036105311631897418 -0.0065289946774575048 -0.0050450059741460416 0.0024463487327987402 -0.0022181829894303865 -0.0051856911860892864 -0.00075591479297858698 0.00090106769679917616 0.0045296243494248253 -0.0024374997863301408 -0.0032330470489160212 -0.0056645300920556687 0.0064604388966511992 -0.0073264924808345991 0.0078033994892918804 0.00045789762068986986 -0.0055229618039853634 0.0034362726898747253 0.0087998462213973866 0.0056851930261425741 -0.0033598273388735301 -0.0062877649455725486 0.0042646318628134245 0.0018474153729764681 0.0018060079136225332 -0.0032326644362061143 0.0025223171079262539 -0.0074851618682753238 0.0020542119759859303 -0.0011294051577243544 -0.0063735066357699368 0.0064359084360685274 0.00090337838191572098 -0.00042710843064517847 0.0044215465992677718 -0.0076538140642667127
leaf_weight=331.2358595430851 144.91488316655159 316.32078367471695 132.40742123126984 366.55004717409611 103.17047913372517 201.23454029858112 181.69098864495754 105.18335245549679 907.11837324500084 188.71405281126499 202.02161578834057 910.72727830708027 259.62662620842457 297.84464299678802 243.12389773130417 286.84402237832546 124.20618951320648 139.01603531837463 175.56011492013931 470.25859151780605 119.59991617500782 283.56648510694504 1058.9735329598188 109.67179045081139 823.30631643533707 148.96544833481312 462.96815083920956 162.13106460869312 443.64228321611881 146.64961230754852 126.17754140496254 225.31090350449085 100.91394869983196 534.62000738084316 124.62637120485306 838.44577440619469 149.79459173977375 110.44794914126396 220.869086176157 2066.4633935987949 138.56253163516521 4765.7384068518877 167.61105388402939 286.93866257369518 620.77684159576893 120.45109978318214 223.6098408550024 233.85855636000633 295.25830866396427 164.21203243732452 111.8831502944231 707.45122888684273 333.9755901992321 160.6129232943058 111.3777062445879 232.77105739712715 3423.0068763494492 2206.0297241955996 165.7729838937521 100.24396333098412 273.60763993859291 101.19639010727406 631.42393198609352 103.66603976488113 445.03388108313084 214.85348980128765 113.16327157616615 271.28283150494099 395.02597783505917 100.67801719903946 117.91343294084072 246.01901641488075 172.10587485134602 116.64742064476013 139.16516217589378 296.55242770910263 157.6128926128149 343.24066139757633 108.90305292606354 125.90388654172421 335.85401394963264 223.26955729722977 517.24019183218479 195.4407142996788 491.66241945326328 363.03388015925884 114.04658722877502 709.77327141165733 134.30213409662247 101.39226691424847 140.02389395236969 364.80646288394928 138.43423235416412 158.14841838181019 121.73790200054646 498.67060345411301 437.80738292634487 254.34052981436253 270.32262483239174 150.1984738111496 133.90513198077679 306.58725215494633 171.15056249499321 157.13992346823215 316.26861234009266 156.65767438709736 117.677600055933 139.97312670946121 151.81805451214314 144.69347214698792 364.63467961549759 142.38058263063431 473.69960017502308 133.10160505771637 162.63477429747581 558.54866705834866 853.56067603826523 113.67113448679447 191.60797762870789 343.52614635229111 148.04894691705704 605.21837233006954 180.39972497522831 128.01790076494217 123.18093474209309 202.33531491458416
leaf_count=1326 580 1267 530 1468 413 808 728 422 3675 759 810 3646 1039 1193 978 1148 499 557 704 1882 479 1141 4252 441 3321 597 1853 649 1776 587 505 902 404 2142 500 3364 600 442 884 8275 555 19093 671 1150 2488 483 897 937 1182 658 448 2833 1337 643 446 935 13735 8844 665 402 1095 405 2527 415 1782 860 453 1086 1581 403 472 985 689 467 557 1187 631 1374 436 504 1346 895 2070 783 1968 1453 457 2846 538 406 561 1460 554 633 489 1996 1752 1018 1082 602 536 1227 685 629 1266 627 471 561 608 580 1460 570 1897 533 651 2236 3417 455 767 1375 594 2434 722 513 494 811
internal_value=3.05967e-05 0.000867162 -0.000959989 0.00037015 -0.00139246 -0.00191395 -0.00290594 -0.00497119 0.00125005 0.00193176 0.00364168 0.000478094 0.00294639 -0.000558331 0.00552609 -5.70818e-05 0.000288784 -0.00143648 0.00278755 0.00229396 -0.000913713 0.00372478 -0.00564353 -0.00603409 -0.00802673 -0.000983852 -0.000697012 -0.00125378 -0.00322681 -0.00101599 -0.00448189 0.00182096 -0.000537843 -0.000972464 0.00467039 -0.00190057 -0.000945921 -0.000979864 -0.00342566 -0.000204314 -0.000796492 -0.00134774 0.00556765 -0.00225327 -0.00133464 0.000871543 -0.003088 -0.00174575 0.0070861 0.000993674 0.0024665 0.00293259 0.000570307 0.00449348 0.00560107 0.00120473 0.00149558 0.00122643 0.00551322 -0.00104518 -0.00108895 -0.000331973 0.00129189 0.00376621 -0.00098134 -0.00232181 -0.00110338 0.00202659 -0.00290976 -0.0059584 0.00031691 0.000929276 -0.000129169 0.00210867 0.000782522 -0.00278773 0.00138526 0.00355057 -0.00113069 -0.00356052 -0.00234702 0.000130948 9.41739e-05 0.00271711 0.000778942 0.00384384 0.00528085 0.000123326 -0.00309134 -0.00399642 -1.66619e-05 -0.00285999 -0.00422062 -0.00114816 0.00221038 -0.00146608 0.00013007 -0.00315968 0.00133079 0.000511491 -0.000779216 -0.00144354 0.00110728 0.000815103 0.00145203 0.00548749 0.00061555 0.000978421 0.00435694 0.00165598 -0.000333362 0.000963026 0.00256191 -0.00249818 0.000114773 -0.00183786 0.00133293 -0.00226357 -0.00178821 -0.00328115 -0.00313222 0.00506012 0.00483198 -0.0028837 0.000453225 -0.00503758
internal_weight=45630 24739.6 20890.4 5126.32 15764.1 11330.6 5576.25 2298.37 20366.7 10799.6 3197.97 9567.15 1346.57 3779.76 2039.03 4433.5 1158.94 3277.88 314.576 937.502 4372.85 1131.91 2097.13 1991.95 932.978 910.111 3496 4056.53 1061.38 617.738 272.827 344.911 2995.15 3481.91 248.833 2963.31 5754.36 3351.08 683.837 2571.58 2205.03 4915.53 595.277 2781.62 1943.17 864.926 1078.25 854.635 462.869 7204.18 1756.54 1644.65 665.211 979.442 818.829 7601.58 6737.35 6338.81 398.544 864.23 2362.96 2667.24 1095.65 265.797 2729.35 1335.08 1019.55 372.197 647.354 315.532 1394.27 1276.36 1030.34 561.681 252.328 468.658 838.831 446.411 392.42 283.517 708.089 372.235 1427.97 596.426 751.289 464.23 309.487 2915.8 910.338 776.036 241.416 934.997 661.389 296.583 310.452 1571.59 818.578 753.011 708.13 5447.65 1718.52 1554.31 3729.13 3557.98 2865.7 472.926 2392.78 2275.1 446.71 294.892 1247.72 883.087 607.605 275.482 1828.39 698.522 1129.87 276.306 692.274 500.666 268.5 848.342 467.244 553.778 223.425 330.353
internal_count=182885 99176 83709 20528 63181 45437 22386 9244 81670 43368 12875 38302 5390 15138 8228 17744 4647 13142 1261 3752 17506 4553 8436 8014 3762 3648 13992 16239 4249 2473 1092 1381 11990 13945 999 11881 23051 13412 2737 10298 8830 19693 2383 11153 7789 3467 4322 3425 1853 28844 7033 6585 2663 3922 3279 30493 27025 25425 1600 3468 9458 10675 4385 1064 10926 5344 4081 1490 2591 1263 5582 5110 4125 2249 1010 1876 3358 1787 1571 1135 2838 1492 5716 2390 3007 1858 1240 11690 3647 3109 967 3742 2647 1187 1248 6290 3276 3014 2834 21811 6881 6223 14930 14245 11474 1893 9581 9110 1790 1182 4996 3536 2433 1103 7320 2797 4523 1106 2771 2004 1077 3412 1870 2220 896 1324
is_linear=0
shrinkage=0.02


Tree=45
num_leaves=127
num_cat=0
split_feature=5 230 9 230 97 115 116 5 230 235 9 184 146 142 184 116 150 137 193 36 101 166 136 112 146 102 68 114 38 115 22 193 150 111 110 142 97 150 115 148 37 215 223 74 232 212 204 223 155 191 114 116 195 223 103 215 36 114 42 103 212 212 5 108 212 152 62 133 142 42 27 112 223 230 146 230 221 205 146 146 42 3 188 41 65 41 74 0 195 166 219 219 212 110 180 146 180 211 180 184 112 112 107 215 75 107 138 175 62 97 102 22 193 166 135 184 230 230 60 99 204 110 62 148 180 41
split_gain=83.6244 24.9979 24.2371 23.0886 19.1478 19.1075 18.4972 16.5996 13.3148 20.1336 12.9256 15.2322 16.2558 12.8175 15.3135 16.9857 13.9909 14.7522 12.8057 14.1028 14.6618 12.7466 12.4378 12.6979 12.1303 13.7678 12.1093 15.4489 12.3102 13.6634 11.7003 13.6469 14.2063 13.7439 13.4786 14.8156 16.4478 11.5495 11.5279 11.2862 11.1473 12.9936 12.7879 12.6583 12.1725 15.6277 12.4692 15.7269 12.0718 13.0532 11.626 16.2437 15.3904 12.5659 17.8624 10.8438 10.819 10.5231 10.7897 12.0846 10.5102 12.4232 11.9963 10.4441 18.8923 14.7733 12.5081 11.9138 11.3577 10.4268 10.341 10.1009 10.0994 10.6252 19.1763 12.643 14.9458 25.7281 12.5226 16.297 12.0164 11.0854 10.5074 10.4684 10.3555 10.2244 11.4106 10.0671 10.0368 14.1969 13.36 12.9024 12.2798 11.8087 11.7402 11.0101 10.6907 12.2979 10.4137 10.2318 15.0847 12.2751 12.1415 9.89299 10.3974 10.9582 9.87919 9.80925 11.2274 9.7353 9.58275 9.52217 9.51438 10.0797 13.0733 12.1816 9.35592 11.0528 9.34669 9.29917 12.1567 10.5739 10.2432 9.29704 9.2923 9.25348
threshold=-1.124880782299442e-05 -0.3358618021011352 3.5789851608569741e-05 -0.88396760821342457 0.082056451588869109 -0.0010228608734905718 -0.0029438920319080348 0.00012838873954024169 -0.83985477685928334 1.0000000180025095e-35 -0.00010176080832025035 0.11474658921360971 0.097799781709909453 0.0002439802483422682 0.85012996196746837 -0.00033556310518179083 -0.10398342832922934 0.00036601096508093184 0.010158961638808252 -0.10727841779589652 0.0010544073884375396 0.0014394357567653062 0.0023227026686072354 0.32540237903594976 0.058746501803398139 0.12097391486167909 -0.00023905528360046444 -0.00052368230535648752 2.2793954485678117e-05 0.00014031414320925253 0.00057589876814745377 0.00034805445466190582 -0.29878304898738856 -3.1205205459627901e-06 0.00038745092751923954 0.00054490176262334 -0.19529607146978376 -0.32629965245723719 -0.0017232154496014116 0.0010125568951480093 0.25000000745058065 0.0027747937710955743 -0.031170131638646122 0.3271509855985642 2.5000000000000004 0.0074172895401716241 0.0017673592083156111 -0.008518176153302191 0.0028874367708340292 0.00085521116852760326 -5.3169052989687764e-05 0.00090312332031317066 0.0023279844317585234 -0.021406099200248715 -0.00010728448978625237 0.0016892681014724078 -0.070557791739702211 6.0561871578102007e-05 -0.00067168474197387684 -0.0017621075967326758 0.0066594784148037442 0.016135483048856262 -5.04533018101938e-05 0.375681683421135 0.0092288185842335241 0.00012065839837305249 0.00011811317017418334 8.1511698226677271e-06 0.0015878868289291861 -0.00082157578435726453 -0.00017382739315507931 0.07569319382309915 -0.031170131638646122 -0.94190874695777882 0.93739748001098644 -0.96535655856132496 0.004348503891378642 0.059390014037489898 0.84913071990013134 0.89939925074577343 0.00034852240059990441 -0.00014790097338845951 -0.015316164121031759 0.00013603796833194795 -1.0000000180025095e-35 -6.3871295424178229e-05 -0.13823460787534711 -1.6254678484983739e-05 -0.00034447490179445589 -0.0030085970647633071 0.72897821664810192 0.78339359164237987 0.016865066252648834 0.0015537451254203918 0.0028122712392359976 0.29252961277961737 0.0049733889754861602 0.88891714811325084 0.0012128892703913154 0.56860283017158519 -0.21441770344972608 -0.19310237467288968 0.0016481684288010003 0.0029491357272490863 0.55000001192092907 0.0017297964077442887 0.0010503943776711824 0.00059112123562954377 0.00014896460925228896 0.41172745823860174 0.10557477176189424 0.00020484103151829916 0.00065152550814673315 -0.001001430850010365 -0.52272820472717274 0.1717547029256821 -0.95037782192230214 -0.76463845372200001 0.0011618437711149456 0.00034799755667336291 0.0015072374953888359 0.0015195930609479549 0.0001429016483598389 0.0066249358933418998 0.00040664005791768437 5.4064415962784558e-05
decision_type=2 2 2 2 10 10 8 2 2 2 2 10 8 10 8 10 8 10 8 10 2 2 10 10 8 10 10 2 2 10 2 8 10 10 10 10 10 8 10 10 2 10 10 10 2 8 10 8 10 10 2 8 10 10 10 10 10 2 10 10 10 10 2 10 10 10 10 2 10 10 2 10 8 2 10 2 8 10 10 10 10 2 8 10 2 8 10 2 10 2 8 8 10 8 10 10 10 10 10 10 10 10 10 10 2 10 10 8 10 10 10 2 10 2 10 8 2 2 10 10 10 10 10 10 10 10
left_child=1 4 3 5 8 106 -4 72 10 112 37 12 -12 16 63 -16 -7 -18 19 20 71 -17 55 30 25 69 27 -21 -28 -30 34 33 -33 -32 -24 -36 -37 70 -3 57 60 43 -43 44 46 -46 47 48 49 116 51 -44 -53 -52 103 -11 -29 58 59 -39 87 62 -62 64 65 -15 67 -65 -66 -5 107 -9 -8 74 75 78 -77 -78 80 -80 85 -75 83 -82 -83 86 -74 -6 89 92 95 -92 -26 98 -95 -90 -96 -98 -93 101 -101 -97 -102 109 105 -105 -2 -1 -109 -55 -34 -41 113 114 -10 -116 -42 -118 -110 120 121 -47 -123 -31 -40 -68
right_child=2 38 6 24 40 13 7 18 9 22 11 -13 -14 14 15 21 17 -19 -20 26 -22 -23 23 -25 88 -27 28 56 29 123 31 32 110 -35 35 36 -38 39 124 111 41 42 50 -45 45 119 -48 -49 -50 -51 53 52 -54 54 -56 -57 -58 -59 -60 -61 61 -63 -64 66 68 -67 125 -69 -70 -71 -72 -73 73 81 -76 76 77 -79 79 -81 82 84 -84 -85 -86 -87 -88 -89 90 -91 91 93 -94 94 96 99 97 -99 -100 100 102 -103 -104 104 -106 -107 -108 108 118 -111 -112 -113 -114 -115 115 -117 117 -119 -120 -121 -122 122 -124 -125 -126 -127
leaf_value=-0.002624938547648138 0.0075218077910611785 -0.0058431461254172239 0.0032620415275238165 0.0017742025848728551 -0.0086276336604651071 0.00024123850513734684 0.003759419880892732 -0.0060037848699519766 0.0036273674747355719 0.00051585922342756293 0.0015177241997102373 0.0019036850985995534 -0.0072988523537574589 -0.0050114547860496839 -0.0086398529953408635 -0.0063045035227798085 0.010495698380573156 0.00095867822469584529 0.00093308546973889779 0.0017256680155505535 0.00063003879212293818 0.0011964250338132928 -0.0043533419219428486 0.0076367891617685037 0.0055234900270911824 0.0062277208327926742 0.0058789802622555903 0.001394210026822999 0.0031813595417092911 -0.0036781125334060978 0.0055480712086180516 0.006695483514582227 0.0025700687139913092 -0.0010232514602928049 0.0051052042224820782 -0.0022847431508127639 0.0029132004780521572 0.0073582024010799066 0.0038732874010340593 -0.00219905452067665 -0.0026159400852166664 0.0044231836021454999 -0.0056366608348536263 -0.0047686844514442462 -0.0029346105280421879 0.0054876404391459768 0.00038948485537911254 0.005349413954277924 -0.0042071914695483879 0.007108235963786627 -0.0043964415222036458 0.0035321913571831395 -0.0044429828421040634 0.0027710877134508928 -0.0046612055055963051 0.0087836912046247023 -0.0041284979274619563 0.00056867331863466781 0.0091910584031623388 -0.00045569307490717206 0.002420331650665112 -0.0042172364810516907 -0.0036135939886003153 0.007998213524313012 0.0027968683338635237 0.0019811417590790024 0.0016413989267848664 0.0016064084279883782 -0.0037208616934482357 -0.0052400321111836391 -0.0042903645009040722 -0.001549019626611561 -0.0066600287092682918 -0.0047440941118346005 -0.0071206476005147602 -0.0069702685004042336 0.0054951179818685846 -0.0044272497737034237 0.0061289043135569696 -0.0024150774196016827 -0.0062830008363326754 -0.00060125631556730307 -0.0061473875183819431 0.00023891907370314006 0.0043064415599221506 0.00042017557716732837 0.00045634877887156265 -0.00071949016740821005 -0.0036842654334971569 -0.0032925225173046353 -0.0055613573837660557 -0.00097111214482789544 -0.0020545269656118826 -0.0058845390751103999 0.0018461891420983919 0.0038545576433671996 -0.007710399164152091 -0.00034022164866495875 0.0073071749962339803 -0.0013539769327448015 0.0086601213599800404 -0.0025226902331869027 0.00170582686060242 -0.0047189778800689136 0.0045969120529850676 0.0020354963540091891 0.00013587549748323037 0.0086716177934877507 -0.0031984821751135134 -0.004637588952910332 -0.0023887539490846745 0.00320647977316307 0.0009489524441672391 -0.0044839461307790689 -0.0066900175722853497 0.0015924192247592824 0.0057126188436598477 -0.00071318041499704801 0.0045776345535309664 -0.00093089252677641687 0.006355612632098208 -0.0047759730710675826 0.0021154286398717636 0.0025776659976947968 -0.0010031318093451018 -0.0031160412138554515
leaf_weight=119.01663294434547 243.31015954911709 165.08613167703152 332.53331191837788 256.46275812387466 118.24217507243156 269.56971737742424 158.07748501002789 1002.2540490478277 186.80291050672531 101.54137916862965 156.79533313214779 1358.4640507251024 146.42835591733456 417.10233172774315 126.25348515808582 101.58475643396378 144.36447139084339 114.43463814258575 407.80338847637177 246.19689443707466 203.85955962538719 338.6611425280571 229.17953953146935 107.869549497962 133.91313968598843 171.07127207517624 105.65673036873341 148.73991587758064 220.99281367659569 461.26164646446705 610.53240540623665 103.11559103429317 218.60677455365658 152.48876014351845 229.18599446117878 628.95410408079624 369.96147628128529 143.99621205031872 149.79149185121059 126.05742903053761 185.57928520441055 183.99494834244251 376.68031600117683 109.11920154094696 433.44421364367008 114.46064567565918 796.94772121310234 837.72514809668064 110.57830768823624 160.65893752872944 192.54345451295376 212.67615096271038 145.77576453983784 101.88350340723991 186.81774610280991 161.69290612637997 1339.9908383488655 134.54476763308048 340.48464620113373 148.81502869725227 532.21528178453445 226.12232129275799 154.04230578243732 205.35840319097042 595.6901835501194 154.47917802631855 744.9419699460268 268.60751374065876 111.36057722568512 102.38676773011684 119.40870279073715 275.48893602192402 174.74511961638927 233.53513550758362 245.35380655527115 315.57429197430611 134.47260072827339 306.4423663020134 195.06408114731312 138.1120315939188 112.40993404388428 7438.8159128427505 308.13316944241524 378.47897736728191 156.24491159617901 1309.6063320785761 163.28847336769104 127.98277626931667 153.41491813957691 1409.7826630473137 271.34284736216068 113.93602842092514 175.63197493553162 198.12252999842167 359.02569609880447 163.40071368217468 116.91396221518517 273.33060924708843 100.93658930063248 172.41349405050278 210.61988018453121 333.8363656103611 199.41333244740963 104.11195547878742 488.79082387685776 407.71687097847462 100.95907154679298 99.447931051254272 100.36159938573837 155.61771067976952 432.82141962647438 1931.5067305266857 591.09720446169376 412.23648139834404 137.43421533703804 117.93904039263725 199.2526454180479 201.56197448074818 108.14553444087505 387.91578973829746 236.12554068863392 143.29293517768383 165.41594241559505 103.18240265548229 2002.3045431226492 188.57350608706474
leaf_count=479 977 661 1331 1027 474 1081 633 4025 748 407 629 5447 587 1671 506 407 579 459 1636 987 817 1357 918 432 536 685 424 597 887 1852 2446 413 876 611 918 2518 1481 582 600 507 744 737 1509 437 1737 459 3192 3357 443 644 771 852 584 408 748 648 5378 543 1373 600 2134 906 617 823 2387 619 2985 1076 446 410 480 1106 700 935 985 1266 539 1229 782 554 451 29802 1236 1518 626 5247 654 513 614 5643 1086 456 703 793 1437 654 468 1094 404 690 843 1336 798 417 1957 1633 405 400 404 623 1733 7777 2366 1650 550 472 799 807 436 1554 946 574 663 414 8015 755
internal_value=-7.42886e-05 0.000896794 -0.000829063 4.43281e-06 0.00115359 0.00110487 -0.00128204 -0.00137873 0.0017401 0.000979293 0.00245759 0.00099766 -0.00292803 0.000679546 0.000201395 -0.00272981 0.00350832 0.00664995 -0.00240819 -0.00274283 -0.00429812 -0.000733131 0.00182816 0.00144868 -0.000919737 0.0018896 -0.00183947 -0.00280359 5.79598e-05 -0.000851621 0.0011748 0.00239184 0.000459464 0.00424221 -0.000107817 0.000741516 -0.000340222 0.00316695 -0.00104933 0.00367863 0.000412005 0.000728413 -0.00038798 0.00142609 0.00161927 0.000178355 0.00246707 0.00342776 0.00147158 0.00239993 -0.000794938 -0.00284802 0.000225439 0.000150019 0.000807603 0.00585604 -0.00356555 0.00575105 0.00680094 0.00361173 -0.00138257 -0.000354287 0.00100194 0.000835189 -0.000470973 -0.00311851 0.00201175 0.00458754 0.00169621 -0.000398073 0.0004845 -0.00508199 -0.000980312 -0.0010512 -0.00191948 -0.00152061 -0.0037804 -0.00129394 -0.000883027 0.00265096 -0.00138186 -0.000627942 -0.00336241 -0.00144205 -0.00048925 -0.000392589 -0.00338897 -0.00487999 -0.0012662 -0.00244887 -0.00049113 -0.0017927 0.00136008 -0.000833669 -0.00179788 0.00102654 -0.000592387 -0.00281651 0.00320871 0.00175074 0.00350397 -0.000359005 0.00551464 0.00167989 0.00257079 0.000535764 0.00548222 0.00195208 0.00377319 -0.0017178 -0.000697682 0.00285733 -0.000983722 -0.0023119 -0.000180517 -0.00302709 0.000918067 0.00260089 0.000882375 0.00149767 0.00291193 0.000790269 -0.00117931 -0.00248546 -0.000631181 0.000635177
internal_weight=45596.9 19939.4 25657.5 9041.21 17622.2 4125.25 16616.3 16283.8 9824.93 4791.46 5033.47 1661.69 303.224 3780.98 3252.61 566.499 528.369 258.799 4515.43 4107.62 1481.6 440.246 3345.95 3082.72 4915.96 529.921 2626.02 1734.93 891.094 785.437 2974.85 1517.56 754.544 763.021 1457.28 1228.1 998.916 3371.79 2317.18 2825.4 7797.29 6638.69 2556.61 4082.08 3972.96 1480.66 2492.3 1695.36 857.631 747.053 2372.61 735.132 358.452 1637.48 1444.94 263.234 1488.73 767.841 633.296 292.811 1158.6 912.38 686.258 2686.11 1278.63 571.582 1407.48 473.966 707.051 358.85 546.38 1277.74 11768.4 11610.3 3781.68 3536.33 756.489 440.915 2779.84 333.176 2446.66 7828.6 799.022 490.889 7595.06 1647.64 338.034 246.225 4386.03 1719.33 2666.71 1433.61 309.545 1162.27 947.393 1233.1 749.27 390.245 214.873 1079.68 582.447 497.237 410.033 1258.12 1000.62 511.829 344.269 426.972 307.955 257.501 651.428 2057.56 1445.51 854.413 442.176 255.373 586.394 400.815 208.507 1047.21 659.295 423.17 308.709 564.444 2152.1 933.515
internal_count=182767 79946 102821 36210 70670 16533 66611 65280 39431 19187 20244 6663 1216 15151 13032 2270 2119 1038 18123 16487 5948 1764 13401 12346 19677 2122 10539 6962 3577 3153 11914 6079 3022 3057 5835 4917 3999 13581 9276 11382 31239 26595 10239 16356 15919 5933 9986 6794 3437 2994 9502 2945 1436 6557 5786 1055 5975 3098 2555 1182 4644 3657 2751 10762 5123 2290 5639 1899 2833 1437 2199 5131 47157 46524 15161 14176 3034 1768 11142 1336 9806 31363 3205 1969 30428 6601 1354 987 17555 6882 10673 5738 1239 4652 3792 4935 2999 1562 860 4321 2331 1990 1641 5038 4007 2050 1382 1719 1240 1031 2609 8284 5786 3420 1770 1022 2350 1606 840 4196 2642 1696 1237 2266 8615 3740
is_linear=0
shrinkage=0.02


Tree=46
num_leaves=127
num_cat=0
split_feature=7 231 231 62 12 7 108 184 215 221 181 121 226 32 214 24 214 129 221 183 215 179 99 220 176 119 101 231 231 152 218 213 63 43 68 226 152 184 190 181 223 226 166 14 222 232 177 63 146 179 174 174 66 222 138 136 59 152 213 135 179 31 101 154 52 226 40 185 185 59 135 154 7 218 223 214 222 24 193 214 24 62 143 142 119 154 24 106 222 225 59 32 220 109 24 106 215 71 224 166 217 174 101 73 74 71 182 183 154 142 45 148 214 224 138 59 147 154 224 45 214 43 106 185 179 177
split_gain=88.8949 27.6187 58.9892 26.2175 26.2571 20.44 21.3938 20.2138 19.2045 20.4157 19.8679 18.897 16.4693 20.9431 15.9009 15.8411 21.4306 15.3842 14.9382 16.3011 14.7629 14.3046 14.2912 14.2436 13.8696 13.4785 13.2783 13.096 20.4464 20.5068 18.6519 13.6995 20.0912 13.502 14.961 15.7123 14.2318 19.9452 16.7581 14.332 13.8706 18.2221 13.13 14.8127 18.0963 13.0904 12.8908 13.1607 12.8448 12.6718 16.2303 12.5208 20.6639 16.5231 17.6081 12.4229 13.7857 12.3911 13.5165 12.3357 12.316 12.1773 14.028 12.1562 16.7247 13.8253 15.9143 12.8482 14.823 12.0288 11.95 11.9222 11.9069 11.8972 11.8889 12.9178 11.7578 14.2838 14.8129 16.9631 15.4796 14.4475 12.7709 13.3603 11.7121 11.4439 11.357 11.3476 11.6334 11.337 11.1479 10.9621 10.8617 15.3327 16.8641 14.4986 13.1897 12.1179 16.0801 10.7527 14.1873 10.7381 18.5742 14.936 13.0088 10.6895 10.7991 19.7727 17.7089 10.6124 10.5713 10.5173 10.5138 10.3451 10.3239 10.1709 10.11 10.6006 12.6743 14.2488 10.126 10.027 11.5932 11.451 14.0122 18.0859
threshold=-2.065322587441187e-05 0.041439602151513107 -0.74168145656585682 0.0003819662233581767 1.0000000180025095e-35 0.00027791222964879131 0.055002750828862197 0.81976753473281871 0.0029943741392344241 0.011226246599107982 0.95377403497695934 0.0011369048734195533 -0.067456200718879686 0.890648514032364 0.0035512720933184032 0.00015240368520608175 0.0015208601253107192 0.083069100975990309 0.0057230482343584308 0.0039205017965286979 0.0031234422931447629 -0.00098099338356405475 0.0003780705737881363 -0.0068462213966995469 0.0011384787503629925 -0.0012060823501087723 0.00063388881972059618 0.17149884253740313 0.46754305064678198 0.00037529671681113547 0.0069303421769291171 0.00093119262601248931 0.00011447913857409732 0.00061908210045658063 -0.0010556917404755948 0.29113604128360754 -0.00019958029588451606 0.84005859494209301 0.00034983045770786708 0.07329586893320085 -0.0076592708937823764 -0.27612620592117304 -0.0014425721601583061 -4.7964264012989581e-05 0.11618511378765108 1.0000000180025095e-35 0.00091977274860255431 0.00020127357129240411 0.93409079313278209 -0.0022476470330730076 0.004918804159387947 0.0080320397391915339 0.00054999295389279734 0.10187777504324914 0.0012187540414743128 0.0056499366182833919 -0.11395753920078276 -0.0002819708024617284 0.0010470222914591434 0.78596246242523204 -0.0075353423599153748 0.0002674179850146175 0.00056197139201685797 -0.001817814423702657 -0.00018227675172965971 0.34569342434406286 0.00039034019573591655 -0.0084400107152760011 -0.0040956274606287471 -0.3528303056955337 0.70727071166038524 0.0025905116926878695 3.1359390050056397e-05 0.0024678541813045744 -0.012444832362234591 0.0012086548376828434 0.75177425146102916 4.9088197556557141e-05 0.00065152550814673315 0.001279398857150227 8.5388233856065212e-05 0.00010401533654658125 0.20412991940975192 0.00017977077368414032 -0.00048748124390840525 0.0023079807870090012 7.483272202080117e-05 -0.0007201723929028957 0.75620850920677196 -1.6212157788686451e-05 0.28725925087928778 0.51403415203094494 -0.0050921970978379241 -0.0055862567387521258 7.5607098551699905e-05 -0.0013168872101232407 0.0031690555624663834 -0.0017749338294379411 0.006404425948858262 0.0020038296934217219 -0.0030160417081788178 0.0041517743375152358 0.00037524860817939048 -4.3119648580614003e-06 -0.12670836597681043 -0.0018812518683262167 -0.005201581632718443 0.0010999838123098018 0.00068641037796624016 0.00074185454286634933 -1.9670145775307898e-05 0.002657219767570496 0.0019387588836252692 0.020139049738645557 0.00066483169212006043 -0.056913912296295159 -0.0012433352530933914 0.00041602367127779877 0.019455632194876674 -7.5434320024214671e-05 0.001279398857150227 -6.0662494433927343e-05 -0.0001106264317058958 -0.0037166208494454618 -0.004264184506610035 0.00093392291455529641
decision_type=2 2 2 8 2 2 8 10 10 8 8 2 10 2 8 2 10 2 10 10 10 10 10 10 10 2 2 2 2 10 10 10 2 2 8 10 10 8 10 10 8 8 2 2 8 2 2 2 8 10 10 10 2 10 10 10 10 10 10 10 10 2 2 10 2 8 2 10 10 10 10 10 2 10 10 10 8 2 10 10 2 10 8 8 2 10 2 10 10 8 10 2 10 10 2 10 10 10 8 2 10 10 2 10 10 10 8 10 10 10 2 10 8 10 10 10 10 8 8 2 10 2 10 10 10 2
left_child=1 2 -1 4 11 6 24 76 27 18 12 15 13 22 -7 16 -4 -9 49 23 -21 25 26 -20 -2 -18 -11 33 29 30 31 32 -29 34 35 105 37 38 40 -38 55 -42 43 -41 61 -33 -40 -48 121 50 -10 52 -52 54 60 56 69 -47 -59 74 -53 -45 -63 -30 -65 66 67 -66 -69 -36 -68 -13 -24 -58 -6 -76 77 -3 81 -80 -81 -79 -78 -84 -43 -19 -73 88 115 -17 -77 -55 93 94 -27 96 99 98 -95 100 -94 104 -103 -104 -70 106 -8 -108 111 -34 -82 -109 -46 -90 -51 -14 117 118 -85 -120 -119 -44 123 124 -123 -126
right_child=5 7 3 -5 59 14 8 17 9 10 -12 71 87 -15 -16 89 21 85 19 20 -22 -23 72 -25 -26 92 -28 28 63 -31 -32 45 109 -35 36 -37 39 -39 46 42 41 84 48 44 112 57 47 -49 -50 114 51 53 -54 91 -56 -57 73 58 -60 -61 -62 62 -64 64 65 -67 70 68 101 -71 -72 86 -74 -75 75 90 82 78 79 80 110 -83 83 116 -86 -87 -88 -89 113 -91 -92 -93 95 97 -96 -97 -98 -99 -100 -101 -102 102 103 -105 -106 -107 107 108 -110 -111 -112 -113 -114 -115 -116 -117 -118 120 119 -121 -122 122 -124 -125 125 -127
leaf_value=8.3721376772771125e-05 0.003494588272783615 -0.0020602432481703105 0.005435018811313831 -0.0013530585999723236 0.0027348137331023397 -0.0029226525212277077 0.0020490289403020008 0.0079422933230688369 0.0059946754292921865 -0.00082259649033408939 -0.0071281391623574265 -0.0029520004821350304 -0.0022395062075866519 0.007289945258643361 0.0021981305961896909 0.013147867491149981 0.0075612759252394147 0.00041769885205450685 0.0078068722686248787 0.0064649846699468558 -8.7044558816170057e-05 0.0078690451421559379 0.0024157985342597829 0.001748269258948127 -0.0029181381582347094 -0.0052048360442078943 0.0066770686983154328 -0.00220207122978618 0.0040426986365218092 -0.0031584982957694853 0.0059736215438218531 -0.0037047453525661223 0.011305394550901942 0.0048313025793230565 -0.00074566508277899509 0.0072421596195440417 0.0037096787220363592 -0.0074458070257359659 -0.0050842263617676721 0.0031208895046047555 0.0018761272328611746 -0.0019545912003119011 -0.0031807276860048401 0.0015789804157599042 -0.0078713846943967141 -0.0028655099451472678 0.0071769092533152659 -4.2094683038676631e-05 -0.0035974888175552633 0.0014977444498097431 0.0018933215016488281 -0.003329867249831401 -0.0063242765030559877 0.0039412581024929711 0.01098487362333905 -0.0058109744837397679 -0.0050213291225619993 -0.0035336531444442897 0.0033179474942411804 0.005357856311462789 0.0053039394316973789 -0.0079435847228982379 -0.00040913639211569619 -0.004870345129823885 0.0057251303748284852 0.0053821887832855931 -0.0065722212838125703 -0.0039667602622549007 -0.00083493870561900303 0.0082062367616222761 0.00069335021930830689 -0.0015384136143624886 -0.0041784463065082048 0.0026587517497668389 0.0031418353891511912 0.00049161944888658296 0.0015996507544417504 0.0044127692170550072 -0.0033247363529970344 0.0073781116090130983 0.0037319929769457959 -0.00059669000183402022 -0.0094091926022017314 -0.0045180368003344329 -0.00847723398486778 0.0052535437393364673 0.0059299666717714762 0.0020856527852948351 0.0037213783747585055 0.0041756031192432532 -0.0050523642628806358 -0.0021863939111423859 0.0049423067207491509 -0.0045287017718764287 0.0031315349726331178 -0.004824995721111577 -0.003088472039087244 0.0055149491216550332 0.0052579123753628831 0.0076055802432845702 -0.0044135029813255925 -0.0064240491682610182 0.0061377830741593765 -0.0016912840704070798 0.0051843646292670806 0.0016214019926817178 -0.0086220454741655957 -0.00080454134712932613 -0.005470653720174498 0.0024643558157733912 -0.0036596955573613009 0.0068397266253089799 -0.0015780522028459886 -0.0032412918278970164 -0.0059160671026311732 -0.0099343110314450509 0.002241349323975547 -0.00067801776604881081 0.005190442476411373 -0.0035617849869762006 -0.0082536653176202481 -0.0021296604093890316 -0.00523427072164957 -0.00083069319593151144 -0.0028893483349551902 0.003888017662865906
leaf_weight=5747.0637730062008 757.06540594995022 1008.7877775281668 2000.8342632651329 540.87979474663734 357.34626050293446 2406.1220857948065 205.84154279530048 143.87201781570911 187.01341761648655 188.77864664793015 187.7188463807106 235.3274489492178 139.34950073063374 160.95446556806564 254.97866407036781 121.04968832433224 144.27480201423168 1000.442683622241 336.47495806217194 144.54777659475803 835.47276732325554 167.68994717299938 138.35357572138309 300.96930302679539 147.31542107462883 162.39218655228615 161.50284925103188 113.58958181738853 140.39310078322887 352.80789597332478 356.95227393507957 269.20042762160301 121.39685198664665 118.32236756384373 113.76407724618912 101.62549889087677 201.4152891933918 342.01229611039162 128.06370505690575 119.57582457363605 105.32480204105377 164.19447919726372 562.56022973358631 281.23819527029991 439.26220780611038 227.32497872412205 108.58375731110573 470.06367741525173 680.35402958095074 101.87585744261742 211.03289707005024 104.65465423464775 249.41447940468788 135.63119125366211 100.67073701322079 177.74875245988369 218.48763796687126 120.3350804746151 693.32997846603394 168.0978659838438 122.83672779798508 158.7994732260704 226.21188032627106 500.85039614140987 108.84452702105045 113.62738807499409 309.22809790074825 418.84031583368778 265.70445454120636 100.33828027546406 119.99494905769825 129.37055061757565 361.88459160923958 106.54810182750225 162.03776679933071 228.80376040935516 277.09947389364243 236.04534550011158 121.01152870059013 317.21639794111252 185.83806590735912 2269.8589647859335 102.29521575570107 227.98895284533501 436.88778457045555 224.64430136978626 172.7748905569315 151.48214110732079 99.85176245868206 140.18468256294727 361.5030352473259 451.73879978060722 118.73809258639812 120.89347855746746 188.29241450130939 192.36693421006203 164.05439208447933 624.0593316257 108.33273176848888 130.587855219841 101.98738916218281 183.81447203457355 126.4213450551033 274.10904827713966 280.73856616020203 661.57169510424137 162.8215039819479 164.55141361057758 169.35973179340363 111.14073622226715 104.91275845468044 103.12766309082508 153.41639147698879 285.30548463761806 207.98215579986572 151.80144467949867 151.83965101838112 107.12724421918392 160.73894684016705 108.4299548715353 211.04836891591549 321.75809413194656 169.89412176609039 3179.5396643131971 180.33400666713715 783.53233788907528
leaf_count=23009 3033 4041 8059 2173 1431 9658 824 577 749 756 753 945 558 645 1022 490 581 4009 1347 579 3346 674 554 1205 590 653 647 455 562 1413 1429 1078 486 474 456 407 807 1371 513 479 422 658 2254 1127 1762 910 435 1883 2729 408 845 419 999 543 403 712 876 482 2776 673 492 638 907 2005 436 455 1239 1678 1064 402 481 519 1450 427 649 916 1110 946 485 1271 745 9094 410 913 1751 900 694 607 400 566 1447 1809 478 487 758 773 659 2510 436 525 410 736 506 1098 1124 2650 652 659 678 445 420 413 615 1143 833 608 608 429 644 434 845 1289 682 12744 723 3140
internal_value=2.9458e-06 0.00102058 0.00157879 0.00283072 0.003193 -0.000765061 -0.00057379 9.16938e-06 -0.000696591 0.00032648 -0.00126234 0.00384208 -0.000593423 0.00111121 -0.00241926 0.00426496 0.00393295 0.00216926 0.00125111 0.00264643 0.000989314 0.00254501 -0.000198695 0.00508651 0.00240948 0.00203914 0.00280912 -0.00103205 -0.000197713 0.00117036 0.00195256 0.00102506 0.00444532 -0.00140515 -0.0014776 0.00033366 -0.00176387 -0.00307642 -0.0023121 -0.00132175 -0.00354775 -0.00550386 -0.00147122 -0.00321664 -0.00385798 6.82382e-05 0.000205605 0.00150707 -0.00105236 3.0837e-05 0.000773591 -1.17405e-05 -0.00263594 0.00133618 0.00479106 -0.00152316 4.77812e-05 0.00109538 0.00224418 0.000621465 0.00138394 -0.00152334 -0.00375556 -0.00133669 -0.00164382 -0.000872476 -0.00126074 -0.000351846 -0.000846197 0.00379228 -0.0046006 0.000286343 -0.00233188 -0.00249558 -0.000178165 -0.00159675 -0.000525648 -6.04699e-06 0.000643271 0.00311122 0.00445734 -9.36167e-05 -0.0021391 -0.0031194 -0.0068158 0.00137459 0.00283523 -0.00265338 -0.00374427 0.00897248 -0.00295782 -0.000688253 0.00154842 0.00268929 -0.000801346 -0.000412944 0.00135263 0.00410937 0.000147247 0.00348116 0.000611877 0.000358501 -0.00150251 0.000954225 0.00233138 -0.000235786 -0.00176308 -0.00309511 -0.000748823 0.00760966 0.00100094 0.0024113 -0.00634703 -0.00134163 -0.00353552 -0.00663213 -0.00227699 -0.00315196 -0.00123705 0.00166226 -0.00589395 -0.000706697 -0.000394046 -0.000187362 0.00139204 0.00258705
internal_weight=45456.7 19548.1 12588.9 6841.88 6301 25908.6 23247.5 6959.2 22343.1 5517.3 2026.98 5023.21 1839.26 1011.47 2661.1 4485.74 4224.5 1368.96 3490.32 1617.46 980.021 2223.67 850.52 637.444 904.381 2055.98 350.281 16825.8 5208.64 2366.08 2013.27 1656.32 346.127 11617.1 11498.8 1568.9 9929.91 2472.02 2130.01 7457.89 1423.29 706.407 7256.48 1378.5 1258.93 1310.19 706.711 578.647 5877.97 1872.85 1562.99 1375.98 460.447 915.532 328.162 716.887 539.138 1040.99 813.665 1277.79 227.491 666.25 385.011 2842.57 2702.17 2201.32 2087.7 1658.47 1549.63 214.102 429.223 537.473 500.238 325.036 1109.69 752.345 5590.24 4243.67 3234.88 728.979 607.967 2505.9 1346.57 1069.47 601.082 1225.09 302.145 827.79 676.308 261.234 590.307 587.37 1911.7 1203.97 350.685 707.735 515.368 853.286 229.226 351.313 220.725 1130.79 584.345 400.53 546.443 1467.27 805.702 599.86 437.039 232.538 290.751 267.679 592.679 385.157 309.858 291.151 967.173 815.333 497.158 269.169 318.176 5197.62 4635.06 4465.16 1285.62 963.866
internal_count=182214 78396 50515 27506 25333 103818 93138 27881 89515 22098 8121 20217 7368 4052 10680 18059 17003 5486 13977 6477 3925 8944 3407 2552 3623 8270 1403 67417 20858 9474 8061 6632 1386 46559 46085 6283 39802 9906 8535 29896 5704 2831 29089 5528 5049 5246 2831 2318 23561 7500 6259 5510 1844 3666 1314 2873 2161 4168 3258 5116 911 2672 1545 11384 10822 8817 8362 6642 6206 858 1720 2158 2004 1303 4443 3012 22395 17002 12961 2921 2436 10040 5393 4283 2409 4909 1213 3316 2709 1056 2363 2352 7689 4844 1411 2845 2072 3433 923 1413 888 4528 2340 1604 2188 5876 3226 2402 1750 931 1165 1072 2377 1543 1241 1166 3873 3265 1991 1078 1274 20832 18578 17896 5152 3863
is_linear=0
shrinkage=0.02


Tree=47
num_leaves=127
num_cat=0
split_feature=7 231 231 119 24 7 231 98 204 101 231 231 7 152 79 90 213 24 11 175 188 212 188 204 204 106 105 112 75 60 63 201 167 193 78 214 62 175 81 183 62 144 119 231 187 108 101 231 137 108 201 112 98 195 98 219 79 219 27 31 125 195 212 105 175 220 116 146 226 219 112 60 115 27 59 24 70 163 219 146 171 175 212 147 171 53 90 213 128 112 59 226 0 213 181 137 106 147 78 79 24 149 188 75 212 201 117 76 201 24 24 27 7 101 23 213 174 214 152 117 142 142 63 165 33 171
split_gain=80.5263 30.2147 28.0386 27.3726 22.43 21.9017 21.4802 22.9434 18.8956 18.3368 17.7955 39.6944 28.584 17.7476 17.153 16.9968 16.2542 16.001 15.63 19.3809 15.2369 14.1768 14.1663 13.9473 15.8396 13.5705 16.3019 15.5981 14.6141 13.4903 19.7505 14.1248 17.5832 13.2753 13.5033 13.0569 13.05 14.1873 14.4974 12.8595 12.8472 12.7805 15.084 12.7631 12.5543 12.5263 13.1707 12.4829 12.4705 12.0495 11.8882 11.8639 12.507 11.8075 11.8074 11.656 11.4356 13.6512 17.0106 11.2566 11.1782 18.5902 11.6982 10.7839 10.9706 10.7235 10.722 10.7178 11.567 18.9164 14.971 15.8473 17.8883 11.8235 10.7038 10.6823 10.6585 10.6103 11.0016 10.6095 10.5165 10.4578 20.2342 11.2306 10.4476 10.4178 10.3718 17.4439 15.8801 13.1983 10.2759 11.8355 12.0402 11.7403 10.2415 11.6932 14.6898 12.0057 10.194 10.1006 10.0806 12.3136 10.0725 13.0009 10.5486 10.4134 13.6696 13.1486 14.3216 11.939 10.063 14.293 12.3069 11.8642 11.0627 10.0368 15.3418 12.6609 12.9528 10.1223 9.95604 9.91634 11.9727 9.88928 17.4581 13.8693
threshold=3.1359390050056397e-05 0.48289918899536138 -0.74168145656585682 0.00023354325821856039 3.0520017389790162e-05 -0.00010947470218525267 0.23556562513113025 0.0024810835020616655 0.0016602624673396351 0.00027544214390218263 0.02835773024708033 -0.56820151209831227 0.00017389441200066361 0.00090391331468708824 -0.0016746213659644125 -0.00054796584299765516 0.00095335280639119457 0.00018529596854932609 -5.021484321332536e-05 0.0012367165763862433 -0.44568510353565211 0.011137367226183416 0.25789710879325872 -0.0066710740793496362 -0.00014325485972221938 -0.00031393405515700573 0.6429656744003297 0.017430786974728111 0.55000001192092907 0.0012389204930514099 0.00052808652981184434 0.0027780876262113456 -0.45168095827102656 -0.0081684817560017092 -0.00023458400391973552 0.0022375050466507678 0.00045753990707453346 0.0013339474680833521 -0.0008211289532482623 0.0054580317810177812 0.00033551445812918251 -0.00038028506969567383 0.00067356729414314042 0.37258200347423559 -6.3931449403753491e-05 0.061819219961762435 0.00052406179020181309 0.42063900828361517 0.00037842319579795008 0.84482145309448253 0.010018477682024242 0.18563036620616916 0.0047831395640969285 0.001051111670676619 0.00087351142428815376 0.56354060769081127 0.00051315550808794807 0.3132233619689942 -0.00013451529957819727 0.0002170228253817186 -0.0030612178379669781 -0.001485259039327502 0.016731854528188709 0.59072086215019237 0.0016530249849893155 -0.0041809920221567145 -0.0017528288881294427 0.055356074124574668 -0.23473850637674329 0.70151343941688549 -0.40986105799674982 0.00078092023613862704 -0.0001763183681759983 -0.00029442852246575052 -0.89305183291435231 9.7309486591257168e-05 0.72078564763069164 0.00012674759636865931 0.79051592946052562 0.89606016874313366 0.0001574316847836599 0.00053801614558324229 0.0085298004560172575 -0.0011182265006937084 7.2060607635648935e-05 -0.030887248925864693 -0.00086519899195991446 0.0018447700422257187 -0.0011775860912166534 -0.10817619413137435 0.66219148039817821 -0.23174395412206647 -1.4714168173668439e-05 0.0019555089529603724 0.87971115112304699 0.00045147057971917098 -0.0018524947809055445 -0.0016606572899036107 -0.00011694512431859037 0.00046616188774351036 8.8534830865683048e-05 -0.00014693967386847359 0.25204087793827062 0.45000000298023229 0.012306890916079284 -0.0080721811391413194 -0.0042309793643653384 0.00020093670900678265 -0.014505203347653149 0.00011786332834162751 3.5596647649072117e-05 -0.00028199335793033237 -8.4234037785790847e-05 0.0010198466479778292 0.00023533834610134366 0.002187661593779922 0.0078617953695356863 0.0022486842935904865 0.00021546135394601154 -0.001482827356085181 0.00098449841607362054 0.0014157940167933705 0.00029171210189815616 -7.2493752668378861e-05 -0.00010382835171185433 3.8114534618216574e-05
decision_type=2 2 2 2 2 2 2 8 10 2 2 2 2 8 10 2 10 2 2 10 10 10 8 10 10 10 10 10 2 10 2 10 2 8 10 10 8 8 2 10 8 10 2 2 10 8 2 2 10 10 10 10 8 8 8 10 10 10 2 2 2 10 8 10 10 8 8 10 8 10 10 10 10 2 10 2 10 2 10 10 2 10 8 10 2 2 2 10 2 10 10 10 2 8 10 10 10 10 10 10 2 10 8 2 10 10 10 2 10 2 2 2 2 2 2 10 10 8 10 10 10 8 2 10 2 2
left_child=1 2 102 5 8 6 7 59 -5 16 11 14 18 17 -2 -8 -7 33 66 21 44 48 23 -16 60 26 56 28 65 31 43 32 -11 -6 55 -23 37 38 -9 -15 79 45 99 -31 -12 46 -3 -29 54 67 -21 52 63 74 -20 -35 57 58 -22 100 -25 -62 94 -36 -65 -27 -13 -34 70 73 -69 72 -72 -70 -17 -58 98 -50 -79 80 -14 -30 -83 -84 120 -57 87 -47 -88 -89 91 92 -26 121 95 97 -97 -63 -24 -43 101 -4 105 104 -104 107 -107 108 109 -1 -108 112 114 -113 -112 117 -117 118 119 -33 -40 -92 -123 124 -28 -125
right_child=10 41 3 4 13 9 15 36 -10 29 20 12 40 39 22 53 -18 -19 19 50 25 35 76 24 90 27 123 47 81 30 -32 115 49 34 51 -37 -38 -39 84 -41 -42 42 -44 -45 -46 86 -48 -49 77 -51 -52 -53 -54 -55 -56 85 75 -59 -60 -61 61 62 -64 64 -66 -67 -68 68 69 -71 71 -73 -74 -75 -76 -77 -78 78 -80 -81 -82 82 83 -85 -86 -87 88 89 -90 -91 93 -93 -94 -95 -96 96 -98 -99 -100 -101 -102 -103 103 -105 -106 106 110 -109 -110 -111 111 113 -114 -115 -116 116 -118 -119 -120 -121 -122 122 -124 125 -126 -127
leaf_value=-0.0056203924798953605 0.0019607590375927374 0.0048279807229942937 0.0004320247333213227 -0.0084188138172656343 -0.0053214724900469126 0.0013763846596047266 0.0042629344669946256 0.0070223663538192304 0.0017660582806022752 -0.0040990742640141962 0.0074766740537631831 -0.0036045848373566594 -0.0059213203351246293 0.0063580371072216894 -0.0045340171723006681 0.00016802601762231013 0.01015981172037533 0.0066434927987186346 0.00042240036462765952 0.0015400459921834956 0.0034129743951339846 -0.0070658740660440693 -0.002041670417300156 0.0035479548583324063 0.0060419317925813907 -0.0069254479966782438 0.01043692376960915 -0.00062499781340570539 0.0052409965724295416 0.0042080249359272605 -0.0049249228731347598 -0.0050790881882716507 0.0058664340707411788 0.0071445617635855149 -0.0039679145921862335 -0.00069189943343586895 -0.0032505490552222601 0.0060415470969496969 0.00068061146213381138 0.00086466199281598033 -0.0015358377674672935 0.0011979607275290818 -0.0017833992600261655 -0.0026343463819686807 0.00054560595631113879 -0.0081288346562073434 -0.0026171945948401695 -0.0082186862731409953 -0.002925224843885309 0.0079696139546577543 -0.0048803063286631983 0.0035923564817839726 -0.0058047941875091595 0.0019775439500113769 -0.0065034243998706581 0.0033702190740841909 -0.0013449478551762672 0.00079193864352169227 -0.0030276716259452019 0.00038078528995580364 -0.003855371040604422 0.0030193395395002988 -0.0041819015028016658 -0.00042355336727478878 0.0049162344150034815 -0.00013242966082028113 0.0028168525046986768 -0.0031299766728516993 0.0047189790206923852 0.0053589519387489048 -0.00013341378260326261 -0.00025695984062980629 0.0088037286791099664 -0.00033843418541458552 -0.0072410968985989208 -0.0087996472808274072 -0.00096422941602115886 0.0038394661442131186 -0.0024226554755392596 -0.0007710122849283027 -0.011816540096812704 -0.0061730918505698406 0.0043926897515891954 -0.0022937115639832151 0.0042886406257674056 -0.0035287110943949878 0.0030014038604390509 -0.0046178800047265087 -0.0015565315207084949 0.0045563662087353138 0.0058006955327435132 -0.0029271158956768492 -0.0011259039300354737 -0.0029485624027633267 -0.0016667354210003844 -0.00017212059105822303 0.0049481096697785512 -0.0056207178913886728 -0.0097775285304061623 0.0099172771930921364 0.0096278414583364311 0.0063883160123264192 0.0075832910286810894 -0.00029231151349333652 0.00023539070562510794 -0.0043262608664596568 0.0045138884412802786 -0.0029125340808908501 0.0042391791551216473 0.00308698907653369 0.00021960242853972679 -0.0019955963627855382 0.0031511832384425358 0.0041273783798286444 -0.0049824290749456704 -0.0017147533915436292 0.0066364904620807574 -0.0069578950589646782 0.0030840318421014846 -0.00062060399735608667 -0.0056260399165308905 -0.0047587805691633447 0.0020879572749434175 -0.0022806666912605247 -0.00017053180984441421 0.002592671824784456
leaf_weight=114.38421188294888 925.69112089276314 248.3624205738306 173.92619656026363 191.17785082757473 177.2051800340414 173.22282886505127 278.35320875048637 107.41162772476673 102.10690642893314 192.79827716946602 161.3402303904295 121.37792845070362 556.60562427341938 308.44246311485767 324.09712399542332 133.10024620592594 158.77389580011368 118.77851019799709 129.52196475863457 573.37567350268364 180.10161985456944 590.46808384358883 135.62660384178162 459.17302764952183 104.37294532358646 195.76075306534767 115.60407100617886 137.96236370503902 147.49489061534405 1219.3333829194307 100.21668571233749 229.91645197570324 203.78989212214947 158.32005581259727 295.5753136575222 168.73463374376297 141.74333356320858 346.83076272904873 216.90332786738873 369.69701090455055 244.45513229072094 104.63382264971733 163.1628225594759 106.25964044034481 254.96728122234344 213.34404589235783 131.37417560815811 229.61736208200455 431.60032457113266 104.95041173696518 123.2671572715044 235.08496296405792 174.97000949084759 194.01622362434864 361.8751714527607 207.26854965090752 227.7181039750576 1922.3301801681519 948.7968066483736 131.18873457610607 358.7852830439806 103.13166366517544 136.57711227238178 1906.1054141521454 147.2664191275835 164.70994724333286 383.20558345317841 103.20948751270771 181.80216719210148 287.4734853208065 118.92001700401306 189.30328273773193 335.98451142013073 2189.1732079833746 165.39833472669125 103.60202543437481 273.4350660443306 265.1240036636591 167.72487078607082 105.46946410834789 190.56638514995575 153.64204314351082 250.73703096807003 143.96841950714588 115.53777322173119 123.00619308650494 322.83997286856174 109.19762758910656 2906.2019642591476 101.93729120492935 163.55684122443199 1616.4300622493029 363.24135199189186 275.52279485762119 298.81237308681011 330.21734324097633 669.11317448318005 117.77405075728893 150.29850341379642 102.92362286150455 338.71499182283878 733.19000117480755 205.52998635172844 387.47999846935272 121.60093919932842 347.2849128395319 146.1339872777462 191.60893902182579 602.38673688471317 100.84959484636784 2117.1778711527586 2177.7419224828482 530.54780206084251 115.9470202922821 157.09713815152645 157.95010076463223 161.66529533267021 116.56667293608189 291.68993380665779 1143.0909847319126 160.14907991886139 117.49735809862614 378.25284591317177 316.98202750086784 113.27298793196678 752.78007271885872
leaf_count=458 3705 995 701 766 710 695 1118 433 409 773 646 486 2250 1236 1298 534 637 478 520 2299 721 2372 543 1839 418 785 463 553 591 4896 402 922 819 635 1185 677 570 1396 875 1481 982 419 653 426 1021 854 526 921 1733 421 495 942 701 779 1454 832 912 7695 3800 530 1438 413 547 7637 590 660 1534 414 730 1153 477 759 1347 8777 663 415 1096 1064 674 426 770 616 1005 577 465 493 1292 437 11632 408 655 6476 1455 1104 1197 1322 2680 472 602 412 1369 2955 823 1551 487 1390 585 767 2413 404 8477 8716 2123 464 629 633 648 467 1169 4584 644 471 1516 1270 454 3015
internal_value=2.93862e-05 0.000717857 0.00101032 0.00149102 0.000178568 0.0020283 0.00340834 0.00431317 -0.00498658 0.0014459 -0.000998554 -0.00146406 -0.00295713 0.000559213 -0.000555974 0.000478366 0.00591556 -1.49232e-05 -0.00200964 -0.00258887 -0.000160409 -0.00353412 -0.000926356 -0.000626932 -0.00038077 -0.000417161 0.000105231 -0.00211224 -0.000835818 0.00123095 0.00296752 0.000810371 0.00151876 -0.00028308 2.27286e-05 -0.00570336 0.00208753 0.00293737 0.00100599 0.00347381 -0.00573391 -0.0007962 0.00266616 0.00362854 0.00345134 -0.00112603 0.00225016 -0.0055479 -0.0022542 0.00183073 0.000299505 -0.000525753 -0.000934553 -0.00174343 -0.0047328 0.00301878 -0.000626846 -0.000231846 -0.00195862 0.00601754 0.000802249 0.000147655 0.0010508 -0.00052583 3.14102e-06 -0.00399164 0.00119364 0.00160931 0.00132183 0.000691585 0.00348706 0.00460951 0.00656018 8.55887e-05 -0.00413428 -0.00404424 -0.00391082 -0.000770085 0.00141312 -0.00687473 -0.00769375 0.000864854 -0.000455251 0.00196083 -0.000528715 0.000746035 -0.00148728 -0.00435981 -0.00108516 -0.000177508 -0.001349 -0.00212451 0.000656174 0.000388137 0.0015695 0.00237609 0.00328601 -0.00167125 -0.00648144 0.00601331 0.0065957 0.00528024 -1.05767e-05 0.00221135 0.00502286 -0.000257065 -0.000595504 0.00159329 0.00269356 -0.0016249 -0.000332968 -0.000488984 0.000467935 -0.00165307 -0.000180033 -0.000509054 0.00265147 -0.0010993 -0.000611329 -0.0014294 -0.00214653 0.00182829 0.000343607 0.00199265 0.00559538 0.00113329
internal_weight=45473.7 27237.3 22833.3 15517.6 4515 11002.6 3236.46 2465.6 293.285 7766.09 18236.4 11715 4413.37 4221.72 7301.61 770.868 331.997 3543.58 3316.28 2811.69 6521.39 2115.05 6375.92 5816.56 5492.46 6105.08 4681.19 1423.89 1056.31 7434.09 1425.81 6008.28 3907.4 3424.8 3247.6 759.203 1088.58 946.833 600.002 678.139 1097.1 4403.98 370.72 1325.59 416.308 4033.26 379.737 367.58 1355.85 3714.61 696.643 2759 2523.92 492.515 491.397 488.595 3382.55 3051.23 1128.9 1377.02 2473.58 2014.41 1655.63 2348.95 2053.37 360.471 504.584 3609.66 3405.87 2658.45 747.417 644.208 454.905 2370.98 298.499 331.32 559.36 864.449 432.849 852.641 747.172 695.842 548.347 394.705 492.59 330.275 3653.52 424.479 3229.04 211.135 3018.87 2084.04 467.614 934.83 1519.05 1220.24 999.331 220.906 285.925 207.557 1245.83 907.116 7315.77 714.611 327.131 6601.16 5591.93 1009.23 817.621 215.234 5244.65 5098.51 2804.82 2293.69 2274.28 2100.88 319.615 1781.26 1664.7 1373.01 377.052 659.307 495.75 1298.64 228.877 1069.76
internal_count=182294 109191 91563 62276 18095 44181 13032 9938 1175 31149 73103 46983 17736 16920 29247 3094 1332 14203 13308 11288 26120 8494 25542 23301 22003 24453 18745 5708 4234 29817 5724 24093 15670 13725 13015 3049 4383 3813 2417 2717 4428 17628 1484 5322 1667 16144 1521 1474 5445 14897 2794 11055 10113 1976 1974 1960 13543 12216 4521 5555 9908 8069 6631 9412 8227 1445 2020 14476 13657 10660 2997 2583 1824 9507 1197 1327 2241 3471 1738 3446 3020 2789 2198 1582 1984 1325 14623 1699 12924 845 12095 8349 1873 3746 6084 4887 4002 885 1145 831 5025 3656 29287 2861 1310 26426 22384 4042 3275 862 20994 20409 11229 9180 9106 8423 1281 7142 6675 5506 1519 2642 1987 5202 917 4285
is_linear=0
shrinkage=0.02


Tree=48
num_leaves=127
num_cat=0
split_feature=7 230 11 231 7 230 231 11 106 218 99 103 142 230 218 64 230 150 222 217 188 79 147 230 232 231 142 77 153 224 103 11 39 216 190 111 30 78 183 83 83 42 204 79 229 161 231 211 128 192 81 213 211 125 117 230 222 183 183 97 149 98 230 190 91 214 64 204 150 192 80 213 220 224 167 153 230 99 189 61 177 166 192 218 61 97 161 165 150 150 68 67 139 139 142 41 68 213 153 177 177 224 218 110 177 185 150 149 150 81 175 102 77 188 77 117 111 231 197 201 201 41 139 224 33 79
split_gain=89.064 31.8455 35.3452 46.9155 18.3359 17.9589 51.7014 21.46 18.5549 15.8502 16.841 18.0096 16.4715 20.3419 21.2437 16.1078 16.0789 15.721 15.5245 16.9358 14.8873 14.7557 14.5201 17.6157 18.2387 21.3498 17.1625 16.4432 16.9211 14.8062 14.4856 15.081 13.92 13.7676 13.0935 13.4733 14.9829 15.3826 13.0732 16.6815 14.7034 15.8781 12.8384 19.2116 20.4557 18.4967 15.6989 14.4725 13.0728 12.7994 12.597 13.7653 12.4841 14.7386 16.928 12.325 11.828 11.4573 15.8447 11.4054 15.7091 11.4011 11.346 15.5618 17.9567 15.8067 11.3403 11.2328 11.5134 11.0802 10.9218 10.9201 15.5471 16.2756 12.8828 11.8749 13.8313 11.6194 15.5326 14.4361 14.1589 10.8698 12.4865 15.8579 12.7937 12.3532 11.1532 13.4756 11.8455 11.3364 10.8532 13.2383 10.7981 11.5886 11.407 10.7878 10.6608 12.9021 14.3907 10.5947 10.5853 15.709 13.5015 11.7936 19.209 13.376 13.5101 16.4532 14.6594 14.2097 13.5046 12.4858 10.7651 12.4945 11.2419 13.6615 12.9121 19.2333 15.1604 10.815 12.2352 10.628 11.602 10.5991 10.5731 10.5107
threshold=4.9208983909920796e-05 -0.85377600789070118 -0.00017349275003653017 -0.25249098241329188 -0.00019975056784460318 -0.85149618983268727 -0.23132287710905072 -1.7604175809537988e-05 -0.0039762596134096375 0.00046277655928861355 0.00016929311823332685 -0.00073567969957366575 0.0002439802483422682 -0.93743178248405445 0.0088459248654544371 0.12919278442859652 -0.8959035575389861 -0.10627789422869681 0.91919347643852245 -0.0010375576675869522 -0.118693009018898 -0.0017217612476088104 -0.00059345344197936345 -0.87985393404960621 5.0000000000000009 0.18437977880239489 0.001995879341848195 0.00074676185613498103 0.00077008877997286629 0.0023413538001477723 -0.0010179279488511381 -0.00023072158364811909 0.00021050778013886887 0.91123881936073314 -0.0014691908145323394 -6.9990642259654115e-06 -0.00028301899146754289 0.0003135151782771573 0.007721216883510352 0.00032440757786389446 6.6113832872360958e-05 0.00050107712741009902 1.0000000180025095e-35 1.0000000180025095e-35 0.022769522853195671 0.00014514209033222872 -0.67074871063232411 -0.48351611196994776 -5.6604136261739761e-05 -0.0018326822901144622 0.00028689762984868144 0.000917876372113824 0.67669665813446056 0.00077470275573432456 -0.00045182480243965978 -0.95037782192230214 0.95368909835815441 0.005723833106458188 0.0048127660993486652 -0.68937709927558888 8.1078851508209495e-05 0.0010073306038975718 -0.83267772197723378 -0.0008458611846435814 -0.10410867258906363 0.0020907407160848383 0.45114530622959143 0.001867004903033376 -0.23767408728599546 -0.001446194597519934 0.001229582470841706 0.001901073439512402 -0.0054661999456584445 0.016523479484021667 0.1149398945271969 0.00034673325717449194 -0.7238691747188567 0.00023567426251247528 0.65000000596046459 9.8867541964864372e-05 0.0010197696974501016 -0.0041159414686262599 0.0015868715709075334 0.0068553162273019561 0.00023844217503210532 0.46642173826694494 -0.00028222067339811469 -7.2493752668378861e-05 0.12308491766452791 -0.19556790590286252 -0.00039298759656958277 0.88531646132469188 0.001065353397279978 0.00096248235786333691 0.00045605917694047099 0.00038111949106678372 -0.0004519654758041724 0.0012243916862644257 0.00036702715442515915 0.0011924143182113769 0.0017230061348527672 0.028578711673617366 0.0085901329293847101 0.0055227333214133987 0.0012921558227390053 -0.01175049878656864 0.24081417918205264 -4.1672992665553459e-05 1.0000000180025095e-35 -0.00036717316834256048 0.0013941849465481939 0.82459399104118358 -0.00022938838083064181 -0.15338576585054395 0.00027921862783841794 -0.0016173591720871625 -1.4258949704526456e-05 -0.83025357127189625 -0.0027404613792896266 7.2796712629497065e-05 0.0031239518430083994 0.00064148055389523517 0.00068725825985893618 0.015160236507654192 -0.00043091749830637122 0.00087983891717158269
decision_type=2 2 2 2 2 2 2 2 10 10 8 10 10 2 10 2 2 10 10 10 10 10 10 2 2 2 10 2 10 10 8 2 2 8 10 10 2 10 10 2 2 10 10 10 2 2 2 10 2 10 2 8 10 2 10 2 10 10 10 8 10 10 2 10 2 10 2 10 10 8 10 10 10 10 2 10 2 10 10 10 2 2 8 8 10 10 2 10 10 10 10 10 2 2 10 10 10 10 10 2 2 10 10 8 2 8 10 10 10 2 10 10 2 10 2 10 10 2 10 10 10 10 2 10 2 10
left_child=1 2 3 30 -3 6 7 69 -9 10 -4 -12 17 20 15 -15 -17 -11 21 -20 38 -7 23 24 25 26 29 28 -26 -8 55 -32 -28 -24 49 61 37 -37 39 40 -14 -42 43 44 45 -6 -46 -44 95 -22 51 -38 53 54 -27 -1 -21 58 96 60 -5 -36 -50 65 -65 -64 -39 68 -41 -2 -56 72 -66 74 -74 -75 -77 79 80 -76 -79 -45 86 85 -85 99 87 125 89 -88 -25 -92 93 94 -57 -49 -53 -98 -99 -84 103 102 -102 105 -105 -23 108 -108 110 -110 112 -106 113 -107 115 -114 117 -116 -118 -120 -121 122 -111 -117 -82 -83
right_child=5 4 9 59 42 18 22 8 -10 12 11 -13 13 14 -16 16 -18 -19 19 56 34 100 33 90 27 52 32 -29 -30 -31 31 -33 -34 -35 35 36 50 66 -40 67 41 -43 47 81 46 -47 -48 48 62 -51 -52 57 -54 -55 70 92 -58 -59 -60 -61 -62 -63 63 64 71 -67 -68 -69 -70 -71 -72 -73 73 75 77 76 -78 78 -80 -81 124 82 83 84 -86 -87 88 -89 -90 -91 91 -93 -94 -95 -96 -97 97 98 -100 -101 101 -103 -104 104 111 106 107 -109 109 121 -112 -113 114 -115 116 123 118 -119 119 120 -122 -123 -124 -125 -126 -127
leaf_value=0.0093664116692550575 -0.0039201811046710427 0.0013191066808690202 0.0035034043455497562 0.0020642349683116104 -0.00081941731748617203 0.0020474776480986327 -0.0072871510756734462 0.0020194352863760097 -0.0063495865690468599 0.0004538650890473175 0.00042821740437362296 -0.0079132025006824723 0.0002266062990960268 -0.0042154224997986199 -0.0019733532293036817 0.0048069203175374418 0.0011290901328833752 0.0084332695187013685 -0.0065857183332698657 0.0042987281693956832 -6.8004521427165681e-05 0.0041477170833983425 -0.00691724174285838 -0.0084082896485419695 0.0046961559861350768 -0.0019262568949237522 0.0042685485342177651 -0.0039179253713410647 -0.0026522808990560105 -0.0022625694322400999 0.012243944264851019 0.0034944109224403844 -0.0029906586968851683 -0.00039252930871844314 0.0056709128501546482 -0.0019377164038206554 -0.0070345394786180803 0.0092097633623851472 0.0063226187403190625 0.0011383874217688753 0.0051275308128849026 -0.002922903839915066 -0.0035039864716295407 -0.0032788319850287455 -0.0085884187780115358 0.004119443904539926 0.00017523334460660576 0.00015302660428108649 -0.0053192593217777995 -0.0072497613714798872 -0.006421607580549436 -0.0042557107145358075 0.004535291326215587 -0.0038931830451604901 0.0046333040418253604 0.0067118708283601019 -0.0024714802535186677 -0.0047169854410760749 0.0071075601724875596 0.00072158766924284884 0.0083962354309284129 0.00036625034412024287 -0.0061630072747183634 0.0035948456052987618 0.0062702108585615882 0.0014753716004109957 0.0012018569159065319 0.0013917480719259085 -0.0060968640576183628 0.003264745739371164 -0.0020371185005798888 -0.0030048127904537072 -0.0052169905917604899 0.0048967536891715803 0.0018368603990260568 0.0050602401074033611 -0.0027724667688720918 0.004190521811783525 0.0046621594550426727 -0.0068054041514473453 -0.0061223763919476502 0.0052980723484182049 0.0037607973290513835 0.0062442961993792187 -0.001420711279173349 -0.0059587594234003583 0.0021975425670094401 -0.00034496558051558827 -0.00097842643979885848 0.0082439928462174766 0.0024716342066740801 -0.0062094061737629318 0.0056504777422091658 -0.004389656826810558 -0.0014097088124536406 0.0044916393691826328 0.0046826642332522522 -0.0050311673588716178 0.0027894993548271889 -0.0036335805572638162 -0.0041487036401589693 0.0046434420514143973 0.0003211086627634444 -0.0042856992682921789 0.00068403737972538923 0.0042377142624978386 -0.0081172470630311109 -0.00011463797567362282 -0.0051730960561960802 -0.00097241477515551595 -0.0069491522433318374 0.0075944430080743166 -0.0072617593773119105 -0.0010764124892512744 -0.0017234869644063076 -0.0025627380160204213 -0.0082648195455737976 0.0058013972812446402 0.0019335318796763745 -0.0076976456468424003 -0.00012751013628504066 -0.00099054588786903893 0.0043598124399701231 0.0029256253864245185 0.0012815439908651083 -0.00087188048289634976
leaf_weight=147.06181035935879 136.79674616456032 3279.9857742339373 118.74869103729725 966.97256763279438 2444.523997977376 879.94237335026264 299.06434762477875 105.13703133165836 1453.9308741092682 186.6031087487936 169.17795997858047 239.08537572622299 1098.7698674201965 103.18631847202778 410.84607829153538 1179.5547759979963 813.35353118181229 195.7110979706049 330.12091194093227 116.48295378684998 170.55270557105541 210.01701039075851 278.55598422884941 150.2665202319622 650.15472356975079 407.5990329682827 227.27526798844337 129.41174109280109 140.3927375972271 1019.2656466066837 239.97345934808254 143.45100443065166 166.11555770039558 232.74151028692722 185.81491911411285 278.03662706911564 138.9815404266119 101.99051700532436 159.26940819621086 116.54282416403294 600.85522384941578 102.87175147235394 780.48990671336651 163.3872546851635 200.65683679282665 325.93727870285511 128.64592215418816 1301.3003784865141 235.25486199557781 218.75727637112141 243.53181481361389 216.17204220592976 273.33963100612164 284.74900341033936 459.24325467646122 126.60773192346096 408.92501753568649 205.19002096354961 99.863522917032242 2347.6489605158567 173.24203723669052 777.59332428872585 374.58996422588825 373.01604081690311 118.44055488705635 140.19163244962692 185.53092432022095 229.91450516879559 280.30491662025452 169.75540919601917 111.1087237149477 748.10910795629025 334.35520328581333 273.12898716330528 108.67923468351364 109.44640386104584 277.85549591481686 108.9353831410408 236.89268955588341 198.62781745195389 205.40244416892529 417.55876292288303 145.12252980470657 182.64379514753819 141.93057350814342 211.6388870626688 225.32585282623768 704.87293937802315 114.91906912624836 319.96420969069004 133.49369531869888 111.91435091197491 316.64340341091156 107.34399802982807 120.05924935638905 258.66407318413258 194.64102932810783 186.23337289690971 155.53371070325375 126.19023054838181 905.61582592129707 104.57714222371578 377.9641622453928 112.58413176238537 195.96248769760132 300.65120849013329 193.35355092585087 199.38272044062614 104.63089716434479 206.32501165568829 134.76804067194462 215.45761723816395 205.96459415555 381.01314345002174 243.93867602944374 977.53789007663727 100.92892563343048 267.64929683506489 336.83533945679665 116.75855687260628 229.2491839081049 345.64090670645237 660.16732540726662 146.76646594703197 108.20289419591427 140.89650700986385
leaf_count=595 548 13140 476 3887 9789 3522 1202 422 5864 748 678 958 4404 414 1646 4728 3260 785 1324 467 683 841 1118 602 2605 1632 912 519 563 4089 976 581 667 934 745 1115 557 409 638 467 2408 412 3124 654 803 1305 515 5208 942 876 976 866 1094 1140 1839 514 1640 822 400 9433 697 3116 1499 1493 474 561 743 921 1123 680 445 2994 1338 1093 435 438 1112 436 948 795 822 1672 581 731 568 847 902 2822 460 1281 535 449 1282 435 487 1035 780 746 623 505 3627 419 1514 451 785 1204 775 799 419 827 540 863 825 1526 977 3917 405 1072 1350 468 919 1385 2645 588 433 564
internal_value=-3.01856e-05 0.000618588 0.00130809 0.00272183 -4.74611e-06 -0.00123421 -0.0019977 -0.0048267 -0.00576679 0.000595806 -0.00271126 -0.00459807 0.000798725 0.000609018 0.00211228 0.00292417 0.00333204 0.00475479 -0.000642932 -0.00317428 -2.96385e-05 -0.000370212 -0.00094281 -0.00057576 -0.000183287 -0.000888656 -0.00241239 0.00227282 0.00335791 -0.00349427 0.00609987 0.00930599 0.00120684 -0.00407379 -0.000905888 -0.000440459 -0.00137032 0.00135428 0.00110546 0.000714571 0.0016888 0.00390246 -0.00035975 0.000302239 -0.000789627 -0.000213013 -0.00535079 -0.000989409 -0.000621908 -0.00426056 -0.00244419 -0.00154245 0.000818531 -4.42142e-05 0.00113205 0.00441025 -0.000867931 -0.00070359 0.000348453 0.00153037 0.00315446 0.0014839 -0.00123232 -0.000946476 -0.000416131 -0.00410545 0.00445667 -0.00205278 -0.0040194 1.47956e-05 0.00330887 -0.000966698 -0.000212006 -0.00066275 -0.00195131 0.00185855 -0.000419258 -0.000739003 0.0007687 -0.00382358 -0.00152617 0.00146895 0.00177476 -0.000308354 0.00300461 -0.00256582 0.00264345 0.00150225 0.0047188 0.00591161 -0.00450203 -0.00165681 0.0030837 0.000608466 0.00294963 0.000920181 -0.000709223 0.000821606 -0.00151463 0.000308254 -0.000667505 -0.0022255 -0.00284779 -0.000293749 0.0025141 -0.000576492 -0.000784382 -0.00425694 -0.000481183 0.00130046 -0.00116633 0.00448726 -0.000890331 0.00132139 -0.00147018 -0.00274718 -0.000136944 0.00228348 -0.00173433 -0.00056136 -0.00296305 0.00193415 0.00309683 -0.00180768 -0.00364413 0.00376509
internal_weight=45567.5 29618 14052.2 4689 15565.8 15949.5 6940.31 1865.62 1559.07 9363.22 527.012 408.263 8836.21 8453.89 2506.94 2096.09 1992.91 382.314 9009.21 855.529 5946.95 8153.68 5074.69 4563.39 4167.72 3247.76 1711.72 919.959 790.547 1318.33 1201.14 383.424 393.391 511.297 3358.42 2969.11 2005.71 565.558 2588.53 2429.26 1802.5 703.727 12285.8 5994.21 3099.76 2770.46 329.303 6291.58 5511.09 389.31 1440.15 1196.62 1536.04 1262.7 977.951 817.716 525.408 1057.63 852.444 3487.86 1140.21 963.408 3951.13 3715.87 3201.09 514.782 287.521 626.762 396.848 306.552 570.352 2828.08 2079.97 1961.53 1301.1 660.431 387.302 966.74 659.433 307.307 422.541 2894.45 2731.06 807.526 324.574 482.952 1923.54 1263.33 660.209 545.29 395.675 245.408 670.654 354.011 246.667 1559.96 752.58 536.408 341.767 271.313 7273.74 1388.16 1283.58 5885.58 524.004 5361.58 5151.56 392.736 4758.83 1316.76 3442.06 411.42 3307.29 681.664 2625.63 1330.27 1295.36 511.588 783.772 682.843 346.008 1212.13 866.492 1124.3 313.605 558.455
internal_count=182682 118729 56410 18887 62319 63953 27859 7514 6286 37523 2112 1636 35411 33878 10048 8402 7988 1533 36094 3431 23830 32663 20345 18293 16707 13020 6870 3687 3168 5291 4870 1557 1579 2052 13457 11898 8037 2267 10373 9735 7224 2820 49179 23999 12412 11094 1318 25180 22056 1559 5770 4794 6150 5056 3916 3313 2107 4237 3415 14017 4584 3861 15813 14871 12811 2060 1152 2511 1590 1228 2284 11318 8324 7850 5207 2643 1550 3869 2639 1230 1691 11587 10933 3232 1299 1933 7701 5058 2643 2183 1586 984 2718 1436 1001 6243 3015 2149 1369 1086 29141 5560 5141 23581 2099 21482 20641 1574 19067 5276 13791 1648 13251 2730 10521 5330 5191 2049 3142 2737 1387 4857 3472 4505 1255 2236
is_linear=0
shrinkage=0.02


end of trees

feature_importances:
hour_cos=210
hour_sin=110
4h_rv_24=91
1h_ret_1=82
30m_autocorr_10=78
4h_rangepos_48=75
4h_autocorr_10=73
4h_bb_width=72
5m_autocorr_10=69
4h_rv_12=68
1m_dist_ema20=66
1h_autocorr_10=66
30m_bb_width=61
4h_atr_pct=58
1m_rsi=55
5m_atr_pct=55
vol_z=54
4h_ret_24=53
4h_dist_ema100=53
30m_rv_24=52
4h_ret_12=52
4h_ema_fast_slow=52
30m_ret_6=51
4h_ret_1=51
1m_dist_ema50=50
15m_rv_12=50
30m_atr_pct=49
1m_rv_12=48
4h_dist_lo_48=48
4h_slope_20=48
5m_rv_24=47
1h_bb_width=47
4h_dist_lo_12=47
4h_dist_lo_24=47
4h_dist_hi_48=47
1m_dist_ema10=46
4h_rangepos_24=46
15m_bb_width=45
30m_dist_lo_12=45
4h_dist_hi_24=45
1m_dist_hi_24=44
1m_rv_24=43
15m_macd_hist=43
1h_macd_hist=43
1h_dist_lo_48=43
4h_ret_3=43
5m_bb_width=42
15m_rv_24=42
15m_atr_pct=42
30m_slope_20=42
4h_dist_hi_12=42
15m_bb_pctb=41
30m_ret_3=40
30m_ret_24=40
30m_rv_12=40
1h_atr_pct=40
1m_dist_ema100=39
15m_ret_1=39
1m_dist_hi_48=38
5m_rv_12=38
1h_ret_3=38
4h_rangepos_12=38
30m_macd_hist=36
1h_ret_6=36
1h_ret_24=36
15m_autocorr_10=35
1h_rv_24=35
15m_dist_ema10=34
15m_dist_hi_24=34
30m_rangepos_12=34
dow=34
1m_ret_6=33
30m_ret_1=33
1h_rangepos_24=33
30m_ret_12=32
1h_rv_12=32
1h_dist_lo_12=32
1h_dist_hi_48=32
1m_autocorr_10=31
5m_rsi=31
15m_ret_3=31
30m_rangepos_24=31
30m_dist_hi_48=31
1h_dist_ema10=31
1h_dist_hi_12=31
1m_dist_hi_12=30
5m_ret_24=30
15m_ret_24=30
30m_dist_ema10=30
1h_ema_fast_slow=30
4h_ret_6=29
4h_rsi=29
5m_ret_12=28
15m_slope_20=28
30m_dist_hi_24=28
1h_dist_lo_24=28
4h_macd_hist=28
1m_ema20_slope=27
1m_bb_width=27
1m_atr_pct=27
30m_rangepos_48=27
4h_dist_ema50=27
1m_ret_1=26
1m_dist_lo_12=26
1m_dist_lo_48=26
5m_dist_lo_24=26
5m_dist_hi_48=26
5m_slope_20=26
15m_ret_12=26
15m_rangepos_12=26
15m_dist_lo_12=26
15m_rangepos_48=26
15m_dist_hi_48=26
1h_ret_12=26
1h_rangepos_12=26
1h_rangepos_48=26
1h_slope_20=26
15m_ret_6=25
15m_dist_hi_12=25
1h_bb_pctb=25
1h_dist_hi_24=25
4h_dist_ema10=25
1m_ret_3=24
5m_dist_hi_24=24
15m_rangepos_24=24
15m_dist_lo_48=24
30m_dist_hi_12=24
30m_dist_lo_24=24
1h_dist_ema50=24
1h_dist_ema100=24
4h_bb_pctb=24
1m_rangepos_48=23
5m_ema_fast_slow=23
30m_bb_pctb=23
30m_dist_lo_48=23
5m_macd_hist=22
5m_dist_lo_12=21
5m_dist_lo_48=21
15m_dist_lo_24=21
1h_dist_ema20=21
1m_macd_hist=20
1m_rangepos_24=20
1m_slope_20=20
1m_bb_pctb=19
5m_bb_pctb=19
5m_rangepos_12=19
5m_rangepos_48=19
1m_rangepos_12=18
5m_dist_ema50=18
4h_dist_ema20=18
30m_dist_ema100=17
30m_ema_fast_slow=17
mtf_rsi_mean=17
30m_dist_ema50=16
1m_ret_12=15
5m_dist_hi_12=15
1m_ret_24=14
15m_rsi=14
5m_ret_1=13
5m_ret_6=13
5m_rangepos_24=13
15m_dist_ema20=13
15m_dist_ema50=13
30m_rsi=13
4h_ema20_slope=13
1m_ema_fast_slow=12
1m_dist_lo_24=12
15m_ema20_slope=12
5m_ret_3=11
15m_ema_fast_slow=11
30m_ema20_slope=11
30m_upfrac_10=11
1h_rsi=11
1h_upfrac_10=11
4h_upfrac_10=11
5m_dist_ema100=10
15m_dist_ema100=10
5m_dist_ema20=9
5m_upfrac_10=9
1h_ema20_slope=9
1m_above_ema100=8
5m_dist_ema10=8
30m_dist_ema20=8
15m_upfrac_10=7
1m_upfrac_10=6
5m_ema20_slope=6
15m_rsi_rising=4
sess_london=4
1h_rsi_rising=3
4h_above_ema100=3
sess_overlap=3
1m_above_ema20=2
mtf_trend_align=2
1m_above_ema10=1
1m_above_ema50=1
1m_rsi_ob=1
5m_above_ema20=1
15m_macd_pos=1
30m_rsi_rising=1
1h_above_ema50=1
1h_rsi_os=1
4h_above_ema10=1
4h_above_ema50=1
4h_rsi_os=1
sess_ny=1

parameters:
[boosting: gbdt]
[objective: binary]
[metric: auc]
[tree_learner: serial]
[device_type: cpu]
[data_sample_strategy: bagging]
[data: ]
[valid: ]
[num_iterations: 3000]
[learning_rate: 0.02]
[num_leaves: 127]
[num_threads: 20]
[seed: 0]
[deterministic: 0]
[force_col_wise: 0]
[force_row_wise: 0]
[histogram_pool_size: -1]
[max_depth: -1]
[min_data_in_leaf: 400]
[min_sum_hessian_in_leaf: 0.001]
[bagging_fraction: 0.8]
[pos_bagging_fraction: 1]
[neg_bagging_fraction: 1]
[bagging_freq: 1]
[bagging_seed: 0]
[bagging_by_query: 0]
[feature_fraction: 0.5]
[feature_fraction_bynode: 1]
[feature_fraction_seed: 0]
[extra_trees: 0]
[extra_seed: 11797]
[early_stopping_round: 0]
[early_stopping_min_delta: 0]
[first_metric_only: 0]
[max_delta_step: 0]
[lambda_l1: 0]
[lambda_l2: 20]
[linear_lambda: 0]
[min_gain_to_split: 0]
[drop_rate: 0.1]
[max_drop: 50]
[skip_drop: 0.5]
[xgboost_dart_mode: 0]
[uniform_drop: 0]
[drop_seed: 21238]
[top_rate: 0.2]
[other_rate: 0.1]
[min_data_per_group: 100]
[max_cat_threshold: 32]
[cat_l2: 10]
[cat_smooth: 10]
[max_cat_to_onehot: 4]
[top_k: 20]
[monotone_constraints: ]
[monotone_constraints_method: basic]
[monotone_penalty: 0]
[feature_contri: ]
[forcedsplits_filename: ]
[refit_decay_rate: 0.9]
[cegb_tradeoff: 1]
[cegb_penalty_split: 0]
[cegb_penalty_feature_lazy: ]
[cegb_penalty_feature_coupled: ]
[path_smooth: 0]
[interaction_constraints: ]
[verbosity: -1]
[saved_feature_importance_type: 0]
[use_quantized_grad: 0]
[num_grad_quant_bins: 4]
[quant_train_renew_leaf: 0]
[stochastic_rounding: 1]
[linear_tree: 0]
[max_bin: 255]
[max_bin_by_feature: ]
[min_data_in_bin: 3]
[bin_construct_sample_cnt: 200000]
[data_random_seed: 38]
[is_enable_sparse: 1]
[enable_bundle: 1]
[use_missing: 1]
[zero_as_missing: 0]
[feature_pre_filter: 1]
[pre_partition: 0]
[two_round: 0]
[header: 0]
[label_column: ]
[weight_column: ]
[group_column: ]
[ignore_column: ]
[categorical_feature: ]
[forcedbins_filename: ]
[precise_float_parser: 0]
[parser_config_file: ]
[objective_seed: 8855]
[num_class: 1]
[is_unbalance: 0]
[scale_pos_weight: 1]
[sigmoid: 1]
[boost_from_average: 1]
[reg_sqrt: 0]
[alpha: 0.9]
[fair_c: 1]
[poisson_max_delta_step: 0.7]
[tweedie_variance_power: 1.5]
[lambdarank_truncation_level: 30]
[lambdarank_norm: 1]
[label_gain: ]
[lambdarank_position_bias_regularization: 0]
[eval_at: ]
[multi_error_top_k: 1]
[auc_mu_weights: ]
[num_machines: 1]
[local_listen_port: 12400]
[time_out: 120]
[machine_list_filename: ]
[machines: ]
[gpu_platform_id: -1]
[gpu_device_id: -1]
[gpu_use_dp: 0]
[num_gpu: 1]

end of parameters

pandas_categorical:[]
