tree
version=v4
num_class=1
num_tree_per_iteration=1
label_index=0
max_feature_idx=61
objective=binary sigmoid:1
feature_names=imb imb_ema3 imb_ema5 imb_ema10 imb_ema20 imb_ema40 imb_ema80 imb_acc imb_chg imb_sgn_ac30 imb_sameside30 imb_runlen micro_dev micro_dev_ema5 micro_dev_ema15 micro_dev_ema30 micro_dev_ema60 micro_mom15 micro_mom60 spread spread_ema30 nt nt_ema30 tsz tsz_ema30 ret5 ret15 ret30 ret60 ret120 ret300 ret600 ret1800 ret3600 rv30 rv60 rv300 rv900 rv1800 rv3600 emadist60 emadist300 emadist900 emadist1800 emadist3600 stretch120 stretch300 stretch900 stretch1800 rangepos300 rangepos900 rangepos1800 rangepos3600 bbw300 bbw900 bbw1800 bbw3600 rel_ratio rel_ratio2 hsin hcos dow
feature_infos=[-0.99331754446029663:0.98307472467422485] [-0.95434445142745972:0.95864051580429077] [-0.94692021608352661:0.95318859815597534] [-0.94082313776016235:0.94384205341339111] [-0.92032086849212646:0.92352408170700073] [-0.8984149694442749:0.89157372713088989] [-0.87945288419723511:0.88599699735641479] [-0.9304736852645874:0.86210095882415771] [-1.9118860960006714:1.9395629167556763] [-0.80000001192092896:1] [0:1] [-50:50] [-0.00035567441955208778:0.00044137446093373001] [-0.00034645810956135392:0.00042685115477070212] [-0.00032320679747499526:0.00039097911212593317] [-0.00030724139651283622:0.00033701307256706059] [-0.00028562132501974702:0.00031667854636907578] [-0.029749572277069092:0.01571047306060791] [-0.029731988906860352:0.053182244300842285] [8.1616326497169212e-06:0.0015585309593006968] [1.2672810044023208e-05:0.0013798124855384231] [1:16] [1.0032490491867065:13.543279647827148] [141600:35640000] [243421.765625:15757544] [-0.020414531230926514:0.015689730644226074] [-0.029749572277069092:0.015699267387390137] [-0.029740810394287109:0.053272843360900879] [-0.029731988906860352:0.053182244300842285] [-0.029750168323516846:0.053347468376159668] [-0.029985427856445312:0.053150296211242676] [-0.030099928379058838:0.053246259689331055] [-0.030121922492980957:0.053539395332336426] [-0.030649781227111816:0.054477930068969727] [1.473133897852974e-12:0.0096685579046607018] [6.4637384866728098e-07:0.0068376478739082813] [3.3897745197464246e-06:0.0030583634506911039] [5.5643963605689351e-06:0.0017658083233982325] [5.8482246458879672e-06:0.0012487014755606651] [6.8825984271825291e-06:0.00088319840142503381] [-0.024478863924741745:0.024188507348299026] [-0.028607310727238655:0.045377962291240692] [-0.029377643018960953:0.050491660833358765] [-0.029615271836519241:0.051901578903198242] [-0.029863974079489708:0.052579164505004883] [-11.332582473754883:27.715028762817383] [-10.025050163269043:15.706535339355469] [-6.1430869102478027:8.2212800979614258] [-6.3438444137573242:6.2796444892883301] [0:1] [0:1] [0:1] [0:1] [5.8712616009870544e-05:0.052972409874200821] [0.00016693190264049917:0.052974250167608261] [0.00024811917683109641:0.052977919578552246] [0.00041295590926893055:0.052991904318332672] [0.0053438520990312099:0.99996250867843628] [0.010818872600793839:0.99989497661590576] [-1:1] [-1:1] [0:6]
tree_sizes=40245 40072 40195 40210 40129 40125 40107 40185 39967 39888 40177 40021 40081 40234

Tree=0
num_leaves=350
num_cat=0
split_feature=52 48 44 40 20 16 59 40 20 39 48 38 20 15 41 24 20 52 44 38 36 30 59 15 39 39 39 24 39 20 46 44 41 20 30 38 36 38 28 31 59 45 20 39 59 41 59 30 31 39 38 38 60 24 31 60 24 20 6 39 60 39 60 36 24 61 38 16 22 48 39 36 38 60 51 36 36 59 59 61 38 36 39 61 48 16 38 38 38 39 16 60 30 20 36 48 48 22 36 20 60 61 38 36 30 39 20 49 20 6 39 22 36 31 20 39 46 28 59 16 51 51 36 44 38 51 52 39 61 59 22 29 51 24 31 44 39 61 31 36 52 24 39 61 59 36 44 39 60 41 30 39 38 6 39 20 38 41 36 38 39 6 59 20 39 46 48 60 60 31 38 52 36 20 39 38 20 61 61 22 60 60 30 24 38 60 38 30 6 38 2 61 38 16 52 44 48 9 36 60 36 38 6 31 44 6 36 16 52 44 39 38 38 31 38 24 44 6 30 44 39 31 60 60 52 51 39 38 31 44 36 59 36 24 22 9 52 39 39 31 38 39 31 39 61 24 49 59 6 36 59 51 16 20 52 51 39 41 24 51 36 52 24 59 51 60 39 44 39 36 61 31 31 60 44 41 51 38 61 59 52 48 39 29 51 44 52 20 59 51 29 16 48 59 60 24 48 39 48 15 49 36 38 36 22 24 39 39 60 51 60 24 38 48 16 38 52 60 38 39 38 22 52 39 20 36 38 60 60 48 29 30 16 39 38 22 60 30 39 59 39 24 24 38 22 38 16 38 30
split_gain=638.602 234.804 147.359 147.348 117.533 104.671 87.7679 86.0976 75.4619 70.2233 66.9241 60.9437 65.2576 54.8657 52.9256 52.4974 51.4587 50.8532 49.4874 55.3814 49.468 80.9898 52.428 49.2335 58.6342 58.5291 53.0569 63.8314 54.1894 82.7306 67.2012 65.1724 50.1866 48.9963 48.0272 48.0256 58.0577 92.808 50.8076 52.4495 48.5132 50.7239 47.1882 47.0604 46.6184 46.6176 52.0666 46.0731 45.8501 48.1829 45.8111 48.8221 57.0817 51.6195 44.1632 63.2134 43.5299 43.4642 42.5868 63.0696 42.253 41.5382 41.4238 44.3627 41.7802 66.4225 80.1355 56.3629 41.1646 40.9006 49.0383 40.7033 40.5307 39.9201 46.2486 42.6117 39.8077 39.7103 39.6955 40.7959 46.3668 77.5304 39.0263 38.9928 46.7018 38.5174 52.2307 45.5563 38.4516 38.1316 37.8397 37.24 36.6566 36.5726 47.7345 45.1566 41.1627 40.3217 36.4643 36.4239 36.1659 56.9314 36.1248 61.607 44.5721 45.8352 43.2045 54.6906 43.1873 49.5174 49.4881 51.6995 46.0767 76.2615 48.2623 42.6794 41.6148 39.2005 37.1015 37.6171 36.0374 36.0051 47.9848 50.4435 49.6756 53.1827 37.6717 40.4438 37.175 35.4693 35.3711 35.1386 35.1098 52.123 46.7619 37.9173 37.3056 40.9147 35.0926 34.9464 34.9286 40.7348 44.9206 53.4938 42.2114 34.837 47.3473 36.8679 60.44 40.4021 34.7722 34.7681 44.9547 34.7528 34.6718 34.5968 34.5796 34.2699 40.6905 58.28 43.3099 41.7869 44.7263 36.4456 34.1409 34.1029 33.5168 47.3177 48.5058 38.3471 36.3562 37.72 35.3065 41.7113 38.7777 50.0031 38.0567 36.3338 43.6615 49.4445 34.182 33.0554 32.8462 38.4253 32.7485 48.101 42.8709 37.3929 46.0619 32.7305 32.727 32.58 42.1374 55.1313 32.4804 32.9436 44.2141 40.6562 36.1371 41.6236 35.2954 33.8983 33.4196 32.4625 32.4391 32.5602 32.322 32.1662 32.1556 34.0874 32.0549 32.5317 38.4875 37.9373 31.9733 31.7418 31.6742 31.6709 31.5493 31.525 44.7506 53.3747 43.849 40.0497 37.3525 34.8772 31.5019 33.9482 50.5954 34.1247 40.3084 54.4945 31.3619 39.8909 33.2709 32.1758 31.3275 33.3485 50.4917 33.3961 34.9828 57.4238 32.405 31.3073 37.6646 31.276 31.2609 31.2126 31.1036 37.5739 51.4797 32.9553 31.0498 30.9583 30.8754 32.0045 30.8582 35.3561 30.8496 30.7367 30.7036 35.6615 30.6891 30.6732 30.5544 30.3302 38.4036 32.866 32.3151 30.7183 30.3302 48.7831 32.0332 30.132 52.4191 30.0206 31.0554 29.9622 30.7029 30.0549 38.1061 69.2676 39.1505 29.8057 29.7485 29.738 29.7207 31.4806 29.6724 29.6678 39.0107 32.4844 29.6662 29.658 41.9769 29.5405 33.2093 29.5016 56.3608 35.765 29.4944 29.4745 45.0214 29.438 29.4294 29.3151 29.3014 30.4553 35.1179 43.616 29.1698 35.9159 37.3769 29.1337 29.0364 36.265 29.0212 31.5966 29.0043 54.9595 28.9488 28.9176 28.9049 28.8601 49.3617 43.2451 43.384 40.163 35.6954 35.3556 34.0693 29.763 28.7673 28.7318 28.7263 28.7136 28.7125 28.6334 38.2021 28.9381 37.5328 31.9019 28.551 28.5013 28.4364 33.4419 32.9239 31.9655 28.4354
threshold=0.26690363883972174 0.63349315524101268 -0.0010971889714710412 1.5676952898502353e-05 9.4789862487232326e-05 1.3220781966083452e-05 0.98296290636062633 8.3584513959067425e-06 4.3400077629485174e-05 2.1358595404308293e-05 1.0099996924400332 1.9390567103982906e-05 7.7404885814758031e-05 7.4271761150157553e-06 4.2285215386073112e-05 3797675.7500000005 5.9425945437396883e-05 0.078974299132823958 -0.00070700416108593334 4.5628747102455243e-05 3.6552295568981215e-05 0.00056999921798706066 -0.91597560048103321 7.2021921369014316e-06 2.6685058401199061e-05 2.5109039597737141e-05 3.40250935551012e-05 2883342.7500000005 4.5851569666410803e-05 2.5100784114329148e-05 0.24225758016109469 -0.0014519820106215773 -0.00046153611037880177 6.9699555751867606e-05 -0.00093048810958862294 6.7362900153966634e-05 3.3813439586083411e-05 2.7854533982463184e-05 0.00031870603561401373 0.00054234266281127941 0.12940952181816109 0.36598737537860876 3.7622876334353357e-05 1.2553897704492558e-05 -0.91597560048103321 -8.982113286037928e-05 0.78656607866287243 -0.00055673718452453602 0.0010873675346374514 2.1217395442363344e-05 2.0411895093275237e-05 2.1470972569659356e-05 -0.37940952181816096 7114661.5000000009 -0.00050780177116394032 0.78656607866287243 4978621.5000000009 5.1920149417128421e-05 0.03512320667505265 2.956706703116652e-05 0.78656607866287243 4.0737526433076716e-05 0.91597560048103344 3.7790989154018468e-05 4064058.0000000005 1.0000000180025095e-35 2.1675778043572794e-05 3.6296238192790048e-07 4.0674612522125253 -0.76849544048309315 3.7258294469211257e-05 2.2574197828362234e-05 2.3297979169001341e-05 -0.6035533845424651 0.40003307163715368 2.2500102204503495e-05 2.9606451789732095e-05 0.91597560048103344 0.60355338454246532 3.5000000000000004 6.0705975556629717e-05 6.7196997406426831e-05 2.2379437723429877e-05 3.5000000000000004 -0.86936151981353749 -4.7904748612381798e-07 2.9079002160870008e-05 2.7291031983622819e-05 1.4384344012796648e-05 2.5018884116434496e-05 -1.123808374359214e-06 0.98296290636062633 -9.1493129730224592e-06 4.8606254495098262e-05 4.2400091842864647e-05 -1.2373660206794737 -0.59971231222152699 5.1404058933258066 2.9045131668681282e-05 2.1223201656539462e-05 -0.6035533845424651 1.0000000180025095e-35 5.2592922656913295e-05 3.8559683162020526e-05 -0.00099530816078186013 2.2908087885298304e-05 6.520462557091379e-05 0.69559207558631908 2.4515611585229639e-05 0.14606569707393649 7.0141013566171764e-05 2.9132118225097661 5.4308264225255705e-05 0.0015886425971984865 5.4838183132233105e-05 4.7552466639899656e-05 -0.89098280668258656 -0.00032028555870056147 0.91597560048103344 1.8568195514490073e-06 0.73764249682426464 0.14834011346101764 3.3467122193542316e-05 0.00097458079108037065 4.5628747102455243e-05 0.89996954798698436 0.89906153082847606 3.8929640140850104e-05 3.5000000000000004 0.78656607866287243 1.555430591106415 0.00013583898544311526 0.70054090023040783 6198031.0000000009 0.0018222928047180178 0.0014133650693111124 4.9296766519546516e-05 3.5000000000000004 0.0022704601287841801 2.8674697205133274e-05 0.13906487822532657 3227072.7500000005 3.831010508292821e-05 2.5000000000000004 0.78656607866287243 2.7287464035907764e-05 -0.0001514659961685538 3.5777538869297139e-05 -0.6035533845424651 9.7529835329623906e-05 -0.00037232041358947748 2.2707238713337578e-05 2.6065083147841509e-05 0.012561813928186895 3.7258294469211257e-05 3.2999170798575512e-05 3.2868782000150538e-05 -0.00043558239121921355 2.5352069314976692e-05 2.1408387510746255e-05 2.4668122932780537e-05 0.11149768158793451 0.78656607866287243 4.664376865548548e-05 3.5777538869297139e-05 0.49996943771839147 0.03684698976576329 -0.7865660786628722 -0.37940952181816096 -0.00097468495368957509 1.6125410184031356e-05 0.72890457510948192 1.9136481569148603e-05 1.9754363165702674e-05 2.0718270206998571e-05 2.0959530047548473e-05 4.447282481123694e-05 3.5000000000000004 5.0000000000000009 2.6051280498504643 0.78656607866287243 1.0000000180025095e-35 -0.00063166022300720204 2953754.1250000005 1.9561177396099087e-05 -0.91597560048103321 2.0294140085752591e-05 -0.00031611323356628413 -0.052229112014174454 4.9717504225554883e-05 0.52448323369026195 1.0000000180025095e-35 2.3079131096892528e-05 9.1875111252193175e-07 0.40759989619255071 0.00045978288108017301 0.14823500066995624 0.58333334326744091 3.1106457754503942e-05 0.37940952181816107 3.2476171327289201e-05 3.9465778172598227e-05 -0.3761997371912002 -0.0006923377513885497 0.0004178583476459608 0.25498300790786749 6.7196997406426831e-05 3.0899242347004478e-06 0.19016464799642566 -0.0016273239743895827 1.5700888980063613e-05 1.4160765203996563e-05 1.6910759768506981e-05 0.00064569711685180675 2.7421317099651791e-05 4978621.5000000009 -0.0013299675774760542 -0.17500383406877515 -1.8507242202758786e-05 0.00056359471636824321 4.1856925236061222e-05 -0.00040796399116516108 0.91597560048103344 -0.12940952181816107 0.88439539074897777 0.63155442476272594 2.35416800933308e-05 2.2789155082136862e-05 -0.00063839554786682118 0.00014976539387134838 1.8725586414802823e-05 0.60355338454246532 2.5046595510502815e-05 2814004.0000000005 2.2686160802841191 0.94999998807907116 0.14637681841850284 4.3142850699950948e-05 4.9296766519546516e-05 0.00049549341201782237 3.2302405088557869e-05 2.9072496545268226e-05 -0.00018581748008728025 4.1856925236061222e-05 3.5000000000000004 2196340.2500000005 0.26431208848953253 0.60355338454246532 -0.041480526328086846 2.7018548280466351e-05 0.12940952181816109 0.87363266944885265 -9.2356303866836225e-06 2.708561078179628e-05 0.21301638334989551 0.46462269127368933 3.6719426134368412e-05 -0.00027726146799977863 3769209.3750000005 0.1556801721453667 2.3108324057830035e-05 0.065439078956842436 5352111.5000000009 -0.7865660786628722 0.622636377811432 0.37940952181816107 1.4599095720768675e-05 0.00034088190295733517 2.0360118469398006e-05 1.6911196325963832e-05 1.5000000000000002 -0.0017614662647247312 -0.0017614662647247312 0.98296290636062633 0.000169033621205017 -0.00033282843651249999 0.14834011346101764 2.6533944947004787e-05 5.0000000000000009 0.60355338454246532 0.57651880383491527 0.20397244393825534 2.3111196242098234e-05 -0.00022909045219421384 0.2797119021415711 -0.00073377430089749385 0.87302094697952282 4.8774249080452143e-05 0.37940952181816107 0.80151402950286876 0.00028425455093383794 -1.5771935295560977e-06 0.23012667149305346 0.60355338454246532 -0.91597560048103321 3769209.3750000005 -0.21776405721902845 1.73565067598247e-05 0.28012251853942877 -1.2047815971527596e-06 0.73398959636688244 2.7287464035907764e-05 2.3444737962563526e-05 2.335162207600661e-05 2.6876630783081059 6368687.2500000009 1.8396461200609341e-05 1.8613790416566193e-05 0.78656607866287243 0.65382137894630443 0.78656607866287243 6098843.2500000009 3.8044510802137672e-05 0.72815474867820751 -1.0251425806018231e-06 1.2475813946366545e-05 0.041866397485136993 0.78656607866287243 2.5413939511054199e-05 2.1287438357830982e-05 3.0824136047158397e-05 2.7886875867843632 0.041866397485136993 3.2209127311944037e-05 2.798560581140919e-05 3.7124935261090293e-05 2.9818404073012065e-05 0.37940952181816107 1.0000000180025095e-35 -0.80540177226066578 -0.00038972496986389155 -0.00029388070106506342 3.9104104416765048e-06 2.2579317374038513e-05 2.3520040485891517e-05 1.8924846053123476 -0.37940952181816096 -0.00013175606727600095 2.5018884116434496e-05 0.60355338454246532 3.5394477890804417e-05 3570870.8750000005 6442485.7500000009 2.1874029698665257e-05 2.4490286111831669 2.8293181458138864e-05 -4.1797991343628374e-06 2.3895880076452162e-05 -0.00039353966712951655
decision_type=10 10 2 2 2 2 2 2 2 8 10 10 2 2 2 2 2 8 2 10 10 10 2 2 10 10 10 2 10 2 10 2 2 2 10 10 10 10 10 10 2 10 2 10 2 2 2 10 10 10 10 10 2 2 10 2 2 2 2 10 2 10 2 10 2 2 10 2 2 10 10 10 8 2 10 10 10 2 2 2 10 10 10 2 10 2 10 10 10 10 2 2 10 2 10 10 10 2 10 2 2 2 10 10 10 10 2 10 2 2 10 2 10 10 2 10 10 10 2 2 10 10 10 2 10 10 10 10 2 2 2 8 10 2 10 2 10 2 10 10 10 2 10 2 2 10 2 10 2 2 10 10 10 2 10 2 10 2 10 10 10 2 2 2 10 10 10 2 2 10 10 10 10 2 10 10 2 2 2 2 2 2 10 2 10 2 10 10 2 10 2 2 10 2 10 2 10 10 10 2 10 10 2 10 2 2 10 2 10 2 10 10 10 10 10 2 2 2 10 2 10 10 2 2 10 10 8 10 10 2 10 2 10 2 2 10 8 10 10 10 8 10 10 10 2 2 10 2 2 10 2 10 2 2 10 10 10 2 2 10 10 10 2 2 10 2 10 2 10 10 2 10 10 2 2 2 10 10 2 2 10 10 10 10 10 2 10 2 2 10 10 2 10 2 2 2 10 10 10 2 10 10 10 10 2 2 10 10 2 10 2 2 10 10 2 10 10 2 10 10 10 2 10 10 2 10 10 2 2 10 10 10 2 10 10 2 2 10 10 2 10 2 2 10 2 10 2 10 10
left_child=2 3 23 6 8 7 9 15 132 43 13 48 50 35 -6 17 57 89 73 -20 21 22 71 24 25 44 27 60 29 69 93 45 -33 138 -19 36 38 82 39 77 313 -42 61 91 -1 83 -47 -34 210 -50 -13 165 78 -54 -27 -56 -37 139 59 -8 156 154 63 64 151 66 67 -66 214 -28 164 -10 -18 74 75 -17 -73 -3 248 80 81 191 -38 98 -85 86 87 -29 130 -4 -64 -2 157 94 97 -96 189 -30 -31 -60 -89 -102 103 106 115 -106 116 232 -104 110 111 -110 -113 114 120 118 -11 -107 119 -105 -114 301 123 145 125 219 -125 -128 292 -111 -41 -7 259 134 135 153 137 -135 310 344 141 -100 143 144 247 226 147 264 149 243 -61 316 260 -134 -43 332 303 163 160 -160 -159 318 -163 -67 -71 -52 167 184 275 -170 171 -168 174 -174 265 176 -176 -175 180 -180 204 334 -95 -184 348 186 -186 -187 -189 -97 -16 -80 -193 305 -148 196 200 201 337 256 202 -198 -196 -98 205 -179 217 -183 209 -48 211 213 -213 -12 -68 -178 -92 -119 -90 220 245 -222 223 224 -221 -225 227 229 -229 230 231 246 234 -234 -108 -236 -141 239 295 240 241 333 -240 244 -149 -124 263 -143 249 250 -53 -250 -230 -219 255 -25 257 -200 -74 -5 261 288 -204 -123 -147 267 -267 -172 286 -270 272 -272 -87 285 -275 -169 -277 278 279 280 -254 282 -282 -281 -235 -171 297 -288 -153 -212 291 -291 -126 294 -243 -239 -297 298 -268 -300 343 302 321 -26 -158 -194 -299 -308 -309 -310 -22 312 -312 -39 315 -173 317 -46 319 -161 -201 -118 -218 324 329 326 328 -325 331 -274 -328 -326 -155 -238 -91 -248 -65 338 -197 340 -340 -341 -69 -278 345 -9 347 -346 -45
right_child=1 10 5 4 14 131 58 16 20 102 11 12 -14 -15 190 18 72 34 19 -21 33 -23 -24 254 26 54 28 85 30 31 -32 32 47 -35 -36 56 37 40 -40 88 41 42 -44 166 62 46 208 -49 49 -51 51 52 53 -55 55 -57 -58 -59 99 150 -62 -63 90 336 65 92 68 342 -70 70 -72 76 258 -75 -76 -77 -78 -79 79 -81 -82 -83 -84 84 -86 270 -88 100 218 181 216 -93 -94 182 95 96 203 -99 140 -101 101 -103 108 104 105 117 107 -109 109 129 -112 112 113 -115 -116 -117 121 206 -120 -121 -122 122 124 126 128 -127 127 -129 -130 -131 -132 -133 133 136 -136 -137 -138 -139 -140 236 -142 142 -144 -145 -146 146 194 148 -150 -151 -152 152 -154 155 -156 -157 304 158 159 161 -162 162 -164 -165 -166 -167 170 168 169 273 172 314 173 177 175 -177 215 178 179 -181 -182 207 183 -185 185 187 -188 188 -190 -191 -192 192 193 -195 195 198 197 -199 199 320 -202 -203 262 -205 -206 -207 -208 -209 -210 -211 289 212 -214 -215 -216 -217 322 253 -220 222 221 -223 -224 225 -226 -227 -228 228 252 -231 -232 -233 233 284 235 -237 237 238 242 -241 -242 293 -244 -245 -246 -247 335 -249 251 -251 -252 -253 277 -255 -256 -257 -258 -259 -260 -261 -262 -263 -264 -265 -266 266 268 -269 269 -271 271 -273 323 274 -276 276 300 -279 -280 283 281 -283 -284 -285 -286 -287 287 -289 -290 290 -292 -293 -294 -295 -296 296 -298 306 299 -301 -302 -303 -304 -305 -306 -307 307 308 309 -311 311 -313 -314 -315 -316 -317 -318 -319 -320 -321 -322 -323 -324 327 325 -327 330 -329 -330 -331 -332 -333 -334 -335 -336 -337 -338 -339 339 341 -342 -343 -344 -345 346 -347 -348 -349 -350
leaf_value=0.0072017999940415999 -0.0079355643791809167 -0.0067644703307750418 -0.0053134349388183942 -0.0078287344071713248 -0.0052913409809617175 0.0028217098497466094 -0.0076012913465229922 -0.0047052667747759973 -0.0053894607446232715 -0.0029692875183940908 0.0010423729642666654 -0.015154805364223943 0.0066108521065108431 -0.0032720424988394491 -0.014488839401644117 -0.002758044213188357 -0.0060596389846821396 0.0049310737601236656 -0.0039627825886312867 -0.017143806836206744 -0.0030745845554759669 -0.0098240124429438795 -0.0067516760159002688 0.0011412199241495969 -0.015216410447630113 0.0029233203145190454 0.014257156224057217 -0.0061210936005001663 -0.0034912808293677162 0.011545280326583578 -0.010840342737047249 -0.014588948440977655 0.0027884010106738822 -0.017672112769661463 -0.0041281846902213514 -0.0099114922358014418 -0.0085129772327111226 -0.0099916722513061183 -0.0090064997796324934 0.0027268903826975074 -0.010874097441880054 -0.0025465714311606533 -0.0090461259669259563 -0.0090105416721078975 -0.0018289552575734497 0.01097780232033364 0.0086638834266500979 -0.0060830289754385918 -0.012697314631541723 0.0054530339372290204 0.0066791653366156016 0.0053122760311664205 -0.012430151734606931 -0.0013673340014961058 -0.0011721673355797055 -0.020851492056973061 0.0054050744260039285 -0.002035267717081755 -0.011034175737797455 -0.025506559614319028 -0.021163675395829817 -0.012809626260817886 0.0071481008788536913 -0.023768058022843954 0.0057989717179594913 0.0028969292550377638 -0.016228719867808411 -0.01462741065113413 -0.0014635078700602354 0.0031069804481693589 0.0094462496904719681 0.0013396905580966142 -0.0046932870848014748 -0.0020139439965506599 0.0054129395786540477 -0.0059890259431454379 -0.0095331297063120744 -0.010360438930783773 -0.011885832392481876 -0.012309446323970581 -0.02099548543496316 0.012234793371089285 -0.021967482743246832 0.01263958864502629 -0.0018632409498824352 -0.0090885967374548914 -0.0080767819837929151 0.0096114673268190044 -0.0091509569765578121 -0.015976520621791619 0.0042349565971177604 -0.002941342017083117 0.0029134971553508747 0.0045767426968255165 0.0074985685184301041 -0.0028972271323398149 0.0034202146637299828 0.0056959974492873907 0.0066494487483822065 -0.00481112773634802 0.013083141076972369 -0.0087172841280194324 0.00050505243065462196 0.0078165126687631085 -0.01364518365759803 0.0014619875490291812 -0.0031230252264781598 -0.0094421002843625285 0.0022366146285012446 -0.0060715374645647089 -0.0047908304889494662 -0.015264792802386296 0.0017685288092186557 -0.024902265530068163 -0.016128438211256674 -0.019201982360977046 -0.0069857465967520915 -0.0089855788570692482 -0.015892852955898186 -0.012220983984871984 -0.014443427692242276 -0.015137677087098581 0.0082599355075409706 -0.0042874168614877341 0.0083417353038338256 0.0047944133131352087 -0.0013965420100662354 0.0096078266872366563 -0.011096074121918001 0.0042250555409145919 -0.011812831970122348 -0.00759553458924778 -0.0068323344771295015 -0.0039326823083774901 -0.019725636944536596 -0.0012737812337239832 0.0070072206466321356 -0.0074935055570109297 -0.018295301198640545 -0.0063445262049986462 -0.013532372918117461 -0.00055266411447490917 9.2198720410184565e-05 -0.016410224249364367 0.0077549793981371009 -0.0021572385170174476 -0.0093118574309027004 -0.024044862786066871 0.0013498836694396448 0.0039786291592753273 -0.011552045702630683 0.0044020101876753167 -0.0092115175131287086 -0.00581459048258049 0.0092155531733955423 -0.0039816856773099386 0.00050638073546028974 -0.0023800968890163371 -0.021191089287173656 0.010446147820011364 -0.014668563753575729 -0.0050386940904068814 -0.023682031148504753 -0.013908757008675832 -0.011894785066881755 -0.0058127718529332731 -0.0051164422342802095 0.0081064809358034895 -0.015558518948534109 0.0059986955708336712 -0.0036769623965853138 -0.0082069172499043188 -0.010000561217029264 -0.0034972714918362325 -0.0043139394981661899 -0.015104544685866753 -0.0024081775083627174 -0.0047289725136900156 -0.006302278851919159 0.009284096274860501 -0.011664163443739167 -0.014888727523029794 0.0061939424841982024 -0.0064987516628857945 -0.0016165047731952075 0.010756464981245217 -0.011520759589535219 -0.010609375865288593 0.0033035154561574772 -0.013342608232724786 -0.0047116704842511212 0.0094331462523805851 -0.0062895075609211799 0.0011070142120895377 -0.019227038178463038 -0.017531226131287544 -0.0018049354471162552 0.0066651926529221897 0.0086500436561210252 -0.0093267790865080337 0.00076987974136489504 -0.015556711191883774 -0.0070582956063575536 -0.0081750324863632106 -0.010465710625278166 0.0088859518895446112 -0.01035416054135618 0.0010366436780088577 -0.013984679958758538 -0.0098253693992014397 -0.012891734021864942 -0.015639751303353829 0.0022938640198411006 -0.01027555870926148 -0.00013624119249128035 -0.019162475899461514 9.9863565552063029e-05 -0.0067107722928615339 -0.0050803307918503024 -0.010611435488448711 -0.02321675572800783 -0.0079721888861408931 0.0048290421337303874 -0.029390437237463804 0.001004561219493892 -0.013623814609807983 -0.006011333516939334 -0.012304938610443607 0.0093987753375481924 -0.0066016271372866253 -0.0055125600141363576 0.005402421450701171 0.0028753837135805866 0.0043699954359020044 0.0063894717422430481 -0.007762779036399655 -0.0076213921921183484 -0.0015250284775578217 -0.0091453881242929587 -0.010598377130517662 0.0017176170816305411 -0.010943382176283267 0.0076027318761995701 -0.0060501404395250855 -0.0074071606656670695 -0.0063007813793711752 -0.0068625098272605154 -0.015587894471754956 -0.019744368705295872 -0.018122830792297425 -0.016311346243535398 -0.0068376215971771908 -0.0087560728823580895 -0.00085804310061096851 -0.0089346433785094832 -0.013985002361550081 -0.014366746071287913 -0.006321373393503962 -0.017076399811877491 -0.0050025214800424643 0.0065721110036457758 0.009171812523732753 -0.003256550502910998 -0.004598299605950807 0.0044014974490954742 0.0059873762871083874 -0.0069252073874380609 -0.006047972527269567 0.0081370796433771972 -0.0045555168312853347 0.0042024936876683206 -0.0051792011190522434 0.0028930405121045536 -0.00061779047572352482 -0.014889005445968793 -0.0059428764076869187 -0.0012709487808955783 -0.010036880350942254 0.0062105133278769114 -0.0060522568591294878 0.0055798260442540834 -0.0079376863417257703 -0.0071000858386903141 -0.00091256437224164835 -0.011156670500200916 -0.00408031084029671 -0.0055072358802591044 0.0024868930513250696 -0.010217836201894613 0.0049610519776023066 -0.0066171958033625442 -0.0026685008893357078 -0.0054420117687668211 -0.009885705809743954 0.0059003587530171821 -0.0067436649189235604 -0.024467257685254623 -0.0040327123153326505 -0.0071621948714344101 -0.016515722955965626 -0.0078324600569367655 -0.004654834240949742 -0.0098128126111728248 -0.003865107540659469 -0.015252695683221129 -0.017722831489690338 -0.013009000706747053 -0.0083861670677476494 -0.010476043705532893 0.00054784105037171838 -0.00609996973615126 -0.00045422362602474172 -0.019780835776259522 0.0022674235369728474 -0.0039211289275704947 -0.00081394681721173607 -0.005126750869883556 0.0074026693265071665 0.0042855271164579456 -0.010163853734956155 -0.021260297977323702 -0.0010165811740496305 -0.012898505794464946 0.00037550578191317303 0.0022897636547911668 -0.0095306113661972267 -0.0016733009566311618 -0.014715324528999575 0.010044397407889233 -0.012013925815943899 0.015175222323793234 -0.010006528793849907 -0.0095309831954522965 0.001452779295467152 -0.0053042425140045124 0.0017028165781279398 -0.0056825527861636199 -0.0035968487573191988 0.0022325266786924975 -9.230727270572326e-05 -0.012659143287574094 -0.012526322911650697 0.002057332485105345 0.005940543703980508 -0.0065444628891787697 -0.010352194049019343 -0.0056194769886231677 -0.012503602849158949 -0.0053077516653726557
leaf_weight=184.49882331490517 2544.4837719500065 8628.1949716359377 8136.9481046795845 1579.7399248331785 462.99704712629318 1063.7432157248259 4031.7242867201567 21774.611127242446 3110.7301605790854 2768.4823433458805 225.49856182932854 532.99660068750381 93.999400496482849 2077.4867503345013 1058.2432508021593 3531.9774739742279 605.49613830447197 229.74853472411633 36713.515850827098 119.99923467636108 3286.9790365099907 3092.2302785664797 26655.329999297857 2052.2369113713503 98.249373391270638 1543.9901528358459 163.24895884096622 504.99677926301956 1129.4927963912487 54.999649226665497 531.99660706520081 197.49874040484428 300.74808190762997 99.749363824725151 15628.650324568152 100.99935585260391 129.74917249381542 101.24935425817966 2693.9828184843063 68.749561533331871 1820.2383909970522 349.49777099490166 748.99522310495377 962.49386146664619 1231.7421442717314 279.49821743369102 107.99931120872498 963.4938550889492 558.7464364618063 58.249628499150276 101.99934947490692 74.749523267149925 2537.4838165938854 175.99887752532959 616.49606814980507 64.999585449695587 236.24849326908588 1978.2373833209276 411.24737717211246 110.24929685890675 98.749370202422142 100.24936063587666 300.24808509647846 58.999623715877533 201.24871648848057 467.24702002108097 520.4966804087162 121.24922670423985 106.49932077527046 118.49924424290657 198.24873562157154 745.49524542689323 105.74932555854321 11446.176999285817 196.49874678254128 3024.2307122498751 157.99899232387543 1428.2408910542727 205.49868938326836 284.24818713963032 53.749657198786736 109.49930164217949 281.7482030838728 143.74908320605755 224.99856501817703 156.49900189042091 1703.2391371876001 170.49891260266304 791.99494886398315 107.24931599199772 176.9988711476326 773.24506844580173 378.49758604168892 384.49754777550697 68.249564722180367 147.49905928969383 162.74896202981472 222.99857777357101 146.24906726181507 3660.7266528457403 58.499626904726028 164.74894927442074 248.49841514229774 99.249367013573647 131.24916292726994 1002.4936063587666 369.24764503538609 334.99786347150803 96.249386146664619 518.74669156968594 615.49607452750206 883.99436211585999 298.4980962574482 79.74949137866497 102.99934309720993 116.2492585927248 1298.9917153716087 267.24829556047916 69.74955515563488 51.249673143029213 59.499620527029037 129.49917408823967 52.499665170907974 2345.4850411117077 170.99890941381454 122.24922032654285 965.49384233355522 149.2490481287241 86.499448329210281 171.7489046305418 582.24628658592701 143.4990848004818 18782.130212500691 6734.9570462107658 94.249398902058601 611.99609684944153 103.99933671951294 1588.4898690283298 59.499620527029037 1082.4930961430073 130.74916611611843 103.24934150278568 447.99714279174805 197.99873721599579 88.749433979392052 2419.4845691621304 682.24564881622791 140.24910552799702 239.49847254157066 55.749644443392754 211.74864952266216 74.249526455998421 121.24922670423985 9187.1914065033197 135.24913741648197 4132.7236425727606 50.499677926301956 2120.2364776879549 111.49928888678551 56.249641254544258 113.49927613139153 113.74927453696728 85.999451518058777 51.249673143029213 108.74930642545223 421.74731020629406 5881.9624863862991 115.24926497042179 104.24933512508869 109.74930004775524 5757.4632804095745 286.99816960096359 477.24695624411106 9573.9389399290085 729.74534587562084 369.24764503538609 62.499601393938065 712.49545589089394 192.24877388775349 131.74915973842144 569.99636471271515 427.74727194011211 120.24923308193684 366.99765938520432 402.74743138253689 137.74912147223949 296.49810901284218 133.49914857745171 288.74815843999386 574.74633441865444 156.49900189042091 86.499448329210281 388.24752385914326 373.24761952459812 63.499595016241074 132.74915336072445 1540.2401767522097 217.49861285090446 63.999591827392578 177.24886955320835 365.99766576290131 67.49956950545311 1951.2375555187464 215.49862560629845 376.4975987970829 69.999553561210632 219.74859850108624 51.99966835975647 58.499626904726028 55.749644443392754 115.49926337599754 286.74817119538784 51.249673143029213 232.4985171854496 49.999681115150452 136.99912625551224 126.49919322133064 429.74725918471813 15871.148777976632 896.4942823946476 129.99917089939117 286.74817119538784 63.499595016241074 66.499575883150101 119.49923786520958 313.74799899756908 27644.573690161109 244.99843746423721 69.999553561210632 5810.7129407972097 4205.7231770008802 323.24793840944767 179.74885360896587 51.99966835975647 497.24682869017124 70.499550372362137 160.7489747852087 55.999642848968506 77.999502539634705 153.24902261793613 1028.243442133069 97.249379768967628 95.499390929937363 147.24906088411808 89.999426007270813 2435.4844671189785 217.24861444532871 102.99934309720993 79.249494567513466 319.24796392023563 86.249449923634529 892.99430471658707 735.7453076094389 2149.7362895458937 135.24913741648197 50.749676331877708 153.49902102351189 502.99679201841354 322.74794159829617 50386.42864857614 518.74669156968594 83.999464273452759 1491.490487664938 558.49643805623055 316.99797827005386 92.499410063028336 1637.739554926753 3926.9749547839165 103.49933990836143 243.4984470307827 237.7484837025404 2263.4855640828609 98.999368607997894 1799.238524928689 101.74935106933117 657.49580666422844 3345.9786602258682 245.74843268096447 133.49914857745171 564.24640138447285 377.49759241938591 517.74669794738293 127.2491884380579 2193.7360089272261 283.74819032847881 24070.84648245573 926.49409106373787 241.99845659732819 162.99896043539047 309.74802450835705 646.24587841331959 776.24504931271076 95.24939252436161 504.74678085744381 129.24917568266392 70.499550372362137 104.24933512508869 1517.4903218448162 245.49843427538872 508.24675853550434 248.99841195344925 1514.2403425723314 2219.2358462959528 645.74588160216808 308.49803248047829 109.49930164217949 344.49780288338661 1441.4908065497875 200.24872286617756 457.49708220362663 183.99882650375366 149.7490449398756 134.99913901090622 268.99828439950943 5444.2152782231569 2832.7319335788488 1014.4935298264027 162.74896202981472 149.99904334545135 258.74834977090359 155.74900667369366 423.99729585647583 131.74915973842144 177.74886636435986 208.74866865575314 79.499492973089218 64.999585449695587 105.74932555854321 131.99915814399719 149.2490481287241 225.49856182932854 116.7492554038763 908.99420267343521 891.49431428313255 812.74481652677059 526.99663895368576 74.999521672725677 1809.4884595572948 242.49845340847969 102.99934309720993 85.499454706907272 329.99789535999298 53.249660387635231 229.74853472411633 1014.7435282319784 419.74732296168804 13151.166125312448 554.74646197259426 5723.2134988456964
leaf_count=738 10178 34513 32548 6319 1852 4255 16127 87099 12443 11074 902 2132 376 8310 4233 14128 2422 919 146855 480 13148 12369 106622 8209 393 6176 653 2020 4518 220 2128 790 1203 399 62515 404 519 405 10776 275 7281 1398 2996 3850 4927 1118 432 3854 2235 233 408 299 10150 704 2466 260 945 7913 1645 441 395 401 1201 236 805 1869 2082 485 426 474 793 2982 423 45785 786 12097 632 5713 822 1137 215 438 1127 575 900 626 6813 682 3168 429 708 3093 1514 1538 273 590 651 892 585 14643 234 659 994 397 525 4010 1477 1340 385 2075 2462 3536 1194 319 412 465 5196 1069 279 205 238 518 210 9382 684 489 3862 597 346 687 2329 574 75129 26940 377 2448 416 6354 238 4330 523 413 1792 792 355 9678 2729 561 958 223 847 297 485 36749 541 16531 202 8481 446 225 454 455 344 205 435 1687 23528 461 417 439 23030 1148 1909 38296 2919 1477 250 2850 769 527 2280 1711 481 1468 1611 551 1186 534 1155 2299 626 346 1553 1493 254 531 6161 870 256 709 1464 270 7805 862 1506 280 879 208 234 223 462 1147 205 930 200 548 506 1719 63485 3586 520 1147 254 266 478 1255 110579 980 280 23243 16823 1293 719 208 1989 282 643 224 312 613 4113 389 382 589 360 9742 869 412 317 1277 345 3572 2943 8599 541 203 614 2012 1291 201547 2075 336 5966 2234 1268 370 6551 15708 414 974 951 9054 396 7197 407 2630 13384 983 534 2257 1510 2071 509 8775 1135 96284 3706 968 652 1239 2585 3105 381 2019 517 282 417 6070 982 2033 996 6057 8877 2583 1234 438 1378 5766 801 1830 736 599 540 1076 21777 11331 4058 651 600 1035 623 1696 527 711 835 318 260 423 528 597 902 467 3636 3566 3251 2108 300 7238 970 412 342 1320 213 919 4059 1679 52605 2219 22893
internal_value=-0.00503732 -0.00550013 -0.00396757 -0.00530322 -0.0058068 -0.00426671 -0.00492993 -0.00432364 -0.00573963 -0.00483207 -0.00682459 -0.0082572 -0.00931761 -0.00642318 -0.0110545 -0.00393346 -0.00503082 -0.00468581 -0.00358639 -0.00400834 -0.00649592 -0.00674267 -0.00643083 -0.00270261 -0.00293558 -0.00185464 -0.00372408 -0.00490021 -0.00259243 -0.00101387 -0.00428396 -0.00216316 -0.00541994 -0.00436893 -0.00399197 -0.00661419 -0.00668921 -0.00897145 -0.00638947 -0.0061308 -0.00790558 -0.00871018 -0.00574039 -0.00443558 -0.00255008 5.08979e-05 0.00534773 -0.0039366 -0.0059995 -0.0108713 -0.0095501 -0.00906374 -0.00959353 -0.0117039 0.00105826 -0.00321069 0.000811714 -0.00492526 -0.00692187 -0.00829511 -0.00912503 -0.00151113 -0.00275613 -0.00315586 -0.00296871 -0.00413885 -0.00858021 -0.00122562 -0.0126592 0.00589085 0.0023839 -0.00430123 -0.00942289 -0.00273322 -0.00395458 -0.00424775 -0.00058435 -0.00727899 -0.00771152 -0.00554357 -0.00405863 -0.00324808 -0.0178721 -0.00161049 0.004046 -0.00412915 -0.00602303 -0.00213855 -0.00546318 -0.0058395 0.00177398 -0.00676931 -0.00293734 -0.00324477 -0.00447183 -0.00742354 -0.00843285 -0.0019222 -0.00329558 -0.00545012 0.00288881 -0.00257502 -0.0052448 -0.00516393 -0.00290157 -0.00233856 -0.00529833 -0.00223245 -0.00736953 -0.00807545 -0.00957611 -0.0115038 -0.0124675 -0.00781246 -0.00456785 -0.00982893 -0.00537199 -0.0019577 -0.00455915 0.000975616 -0.00107232 -0.00546469 -0.00533636 -0.00518565 -0.00725232 -0.00782236 -0.00284245 0.000170746 -0.000101125 -0.00343353 -0.0102016 0.00157486 -0.00543676 -0.00586566 -0.00621724 -0.0061759 -0.00445923 -0.00461394 -0.00399544 -0.00506402 -0.00406966 -0.00287806 -0.00444497 -0.00858429 -0.0031704 -0.00532532 -0.0044372 -0.00240131 -0.00658167 -0.0110028 -0.01671 -0.00125296 0.00195153 -0.00626767 0.00091352 -0.00552173 -0.00793897 -0.00358156 -0.00440678 -0.00833 -0.00303659 -0.0060065 -0.0134737 0.00112646 -0.00406068 -0.0032401 -0.00434349 -0.00391112 -0.00355605 -0.0038894 -0.00471171 -0.00388314 -0.00509742 -0.00425399 -0.00563645 -0.00896128 -0.00645519 -0.00401487 -0.00642533 0.000228401 -0.00769076 -0.00887877 0.000266585 -0.00323524 -0.005287 -0.00233859 -0.00584184 0.00198532 -0.00111679 -0.0112092 -0.0132352 -0.00481397 -0.00325214 -0.00463229 -0.00512349 -0.0048179 -0.00385988 -0.00130108 -0.00627028 -0.00939725 -0.00507126 -0.00243145 -0.00569285 -0.00311381 -0.00570469 -0.00338231 -0.00308971 -0.013091 -0.00204353 0.00243989 -0.0048484 -0.00818478 -0.0128136 -0.00469414 -0.0147699 -0.0140141 -0.00208653 -0.00251565 -0.00527568 -0.00819312 -0.00697922 -0.0129801 -0.010585 -0.0113383 -0.00920855 -0.0168259 -0.00559495 -0.00491701 -0.00357419 -0.00551196 -0.00444915 -0.00191095 -0.000554691 -0.00453121 0.00161011 0.00461886 -0.00339171 -0.00244219 -0.00778998 -0.00170766 -0.00120872 -0.00291854 0.000224722 -0.0133567 -0.017839 -0.00595185 -0.00361043 -0.00817425 -0.0100994 -0.0142297 -0.00625649 -0.00800101 -0.00313244 -0.00183524 0.000147137 0.000743717 -0.00665317 -0.00446437 -0.0140698 -0.00508885 0.00358692 -0.00139882 -0.00541093 -0.00667523 -0.00137213 -0.00539011 -0.00630407 -0.00463842 -0.00645963 -0.000557803 -0.0029029 -0.00426079 -0.000678069 -0.00383955 -0.00141968 -0.0016627 -0.00193689 -0.0033349 -0.00297273 -0.00326362 -0.00530707 -0.00281581 0.00240106 -0.00196393 -0.00858866 -0.00403093 -0.00673641 -0.00381163 -0.00548329 -0.0034038 -0.00273804 -0.000435091 0.00354308 -0.00721007 -0.00128597 -0.0137911 -0.0177041 -0.00727526 -0.00902613 -0.0135234 -0.00124781 -0.00702529 -0.00793477 -0.00545632 -0.0129631 -0.00896538 -0.00621234 -0.00756473 -0.00664447 -0.00283321 -0.00374123 -0.00837062 -0.0121084 -0.00111859 -0.0030368 -0.00150039 -0.00255057 -0.000686655 -0.0027106 -0.00619082 -0.0151576 -0.00550498 -0.00656799 0.000308253 0.00179447 0.00412158 0.00560463 -0.00536436 0.001579 -0.00600674 0.0115969 -0.00213374 -0.00615247 5.7602e-05 -0.00663184 -0.000790118 -0.0142514 -0.00504243 -0.0079561 -0.00617335 -0.00173802 -0.00953228 -0.00944753 -0.000784092 -0.00526601 -0.00481394 -0.00594735 -0.00867787 -0.00584491
internal_weight=515932 360131 155801 313528 133465 126014 180062 124806 131788 171637 46603.2 10187.9 6927.21 36415.3 1677.74 80427.5 44379 25395.1 55032.4 36833.5 37676.8 33761.8 30669.6 29787.3 27549.1 11609.4 15939.6 7820.7 8118.95 4193.97 3924.97 3605.23 1461.74 3914.98 15858.4 34337.8 34000.5 3935.97 30064.6 27370.6 3524.48 3154.23 1333.99 87539.7 9383.94 2143.49 501.747 1264.24 3260.73 616.996 6833.21 6300.21 5776.46 2713.48 2225.49 681.496 337.248 43345 8425.7 4353.72 1201.74 584.996 9199.44 8463.95 8329.95 4959.72 1052.74 375.748 676.996 588.746 425.497 4014.22 1033.99 18198.9 6752.71 6556.21 903.494 10056.4 3062.98 1610.49 1326.24 1272.49 411.497 1641.74 368.748 6618.96 2601.98 898.744 17314.1 9536.69 735.495 3317.73 3906.98 3392.98 2521.23 1168.74 1100.49 1352.49 1272.99 4071.97 393.747 223.249 84097 81021.5 4536.72 4200.22 76484.8 1787.49 3075.48 2826.98 2136.49 1520.99 1424.74 540.747 460.997 336.498 74697.3 4068.97 220.249 150.499 357.998 71928.8 66472.3 61632.9 4839.47 4486.72 3460.23 1114.74 352.748 690.496 650.996 1207.24 94110.9 42144.7 33717.3 33623 8427.45 8323.45 3815.23 41366.7 1217.99 1087.24 940.994 492.997 294.998 58172.6 13545.7 3409.23 672.746 433.247 321.998 3370.23 961.244 33011 484.747 14228.9 1102.99 3528.48 3009.98 776.245 2233.74 664.746 199.749 518.497 227.249 523.747 84222 38728.3 30783.3 26185.8 45493.7 14445.9 31047.8 12104.2 18943.6 1298.49 929.244 11626.9 2052.99 323.998 1728.99 1399.74 871.744 487.247 7944.95 1259.24 699.246 559.996 422.247 722.245 1214.74 1162.99 957.494 870.994 10136.4 9454.19 5697.46 1825.24 3756.73 1053.49 3872.23 1607.74 3506.23 378.248 1158.99 782.495 3066.48 479.747 222.249 163.749 2643.73 795.995 337.998 457.997 570.496 199.499 435.247 2846.73 16663.1 4364.47 2904.73 416.747 1459.74 1396.24 1015.99 380.248 44627 16982.4 5210.47 11771.9 5961.21 1755.49 1452.49 515.497 936.994 567.746 4451.72 3369.23 404.247 2964.98 2811.73 1783.49 173.499 377.498 230.249 2487.98 1432.24 206.249 1452.49 480.247 160.999 972.244 4965.47 2579.48 2238.24 2102.99 720.495 566.996 428.497 51966.2 839.995 321.248 3442.73 687.996 2736.48 17645.1 7960.7 9684.44 7868.2 346.998 4016.97 2501.23 1515.74 26081.6 1900.99 4597.47 4482.22 4895.47 4649.72 4516.22 1758.24 1022.49 504.747 2757.98 335.748 24180.6 7521.2 1168.49 237.248 1847.74 1732.24 1085.99 266.248 731.245 226.499 230.749 174.749 6352.71 2391.48 753.745 3824.73 5456.47 3942.22 743.995 358.998 497.747 3961.22 2443.73 2099.24 657.746 3755.73 468.747 318.998 370.248 8563.95 3119.73 2408.98 1394.49 464.997 314.998 332.998 1722.99 258.248 1359.24 1075.74 827.495 747.995 283.498 457.497 248.248 290.498 325.498 10096.2 1052.24 919.994 744.245 133.999 2703.23 893.744 760.995 327.998 432.997 174.499 3575.73 36915 22194.4 14720.7 1569.49 6685.71
internal_count=2063741 1440533 623208 1254119 533865 504058 720254 499229 527154 686551 186414 40752 27709 145662 6711 321712 177517 101581 220131 147335 150708 135048 122679 119150 110197 46438 63759 31283 32476 16776 15700 14421 5847 15660 63434 137352 136003 15744 120259 109483 14098 12617 5336 350161 37536 8574 2007 5057 13043 2468 27333 25201 23106 10854 8902 2726 1349 173381 33703 17415 4807 2340 36798 33856 33320 19839 4211 1503 2708 2355 1702 16057 4136 72796 27011 26225 3614 40226 12252 6442 5305 5090 1646 6567 1475 26476 10408 3595 69257 38147 2942 13271 15628 13572 10085 4675 4402 5410 5092 16288 1575 893 336390 324088 18147 16801 305941 7150 12302 11308 8546 6084 5699 2163 1844 1346 298791 16276 881 602 1432 287717 265891 246533 19358 17947 13841 4459 1411 2762 2604 4829 376446 168580 134870 134493 33710 33294 15261 165468 4872 4349 3764 1972 1180 232692 54183 13637 2691 1733 1288 13481 3845 132045 1939 56916 4412 14114 12040 3105 8935 2659 799 2074 909 2095 336890 154914 123134 104744 181976 57784 124192 48417 75775 5194 3717 46508 8212 1296 6916 5599 3487 1949 31780 5037 2797 2240 1689 2889 4859 4652 3830 3484 40546 37817 22790 7301 15027 4214 15489 6431 14025 1513 4636 3130 12266 1919 889 655 10575 3184 1352 1832 2282 798 1741 11387 66653 17458 11619 1667 5839 5585 4064 1521 178509 67930 20842 47088 23845 7022 5810 2062 3748 2271 17807 13477 1617 11860 11247 7134 694 1510 921 9952 5729 825 5810 1921 644 3889 19862 10318 8953 8412 2882 2268 1714 207866 3360 1285 13771 2752 10946 70581 31843 38738 31473 1388 16068 10005 6063 104327 7604 18390 17929 19582 18599 18065 7033 4090 2019 11032 1343 96723 30085 4674 949 7391 6929 4344 1065 2925 906 923 699 25411 9566 3015 15299 21826 15769 2976 1436 1991 15845 9775 8397 2631 15023 1875 1276 1481 34256 12479 9636 5578 1860 1260 1332 6892 1033 5437 4303 3310 2992 1134 1830 993 1162 1302 40385 4209 3680 2977 536 10813 3575 3044 1312 1732 698 14303 147661 88778 58883 6278 26743
is_linear=0
shrinkage=1


Tree=1
num_leaves=350
num_cat=0
split_feature=52 50 44 37 40 16 60 60 31 40 28 52 13 60 50 35 58 44 39 20 50 14 39 37 39 37 24 39 44 30 20 49 51 16 39 61 61 39 61 37 37 24 58 35 39 58 30 20 58 39 35 31 42 52 35 58 60 37 44 6 58 44 39 60 6 39 37 39 22 51 45 6 35 24 58 58 52 37 60 16 58 39 39 44 44 35 60 58 20 6 39 4 58 61 16 58 45 37 44 16 44 39 39 61 37 45 51 50 24 44 20 61 52 42 20 42 20 6 37 58 30 30 58 49 6 44 37 51 61 16 30 58 39 35 49 51 37 45 24 58 60 58 51 35 24 58 16 20 39 39 30 58 58 52 60 22 52 30 49 20 52 37 44 37 16 24 31 49 39 39 44 44 39 44 6 58 52 39 30 39 42 60 39 44 31 39 39 51 58 50 44 35 11 50 50 51 20 39 58 58 44 51 31 50 44 60 16 44 37 16 39 61 20 30 49 58 44 20 52 24 27 58 49 22 20 50 24 20 39 51 60 58 16 28 61 35 30 20 50 37 37 35 51 44 39 35 39 51 39 58 37 20 6 52 39 37 58 28 6 28 39 39 37 30 6 58 50 39 37 39 39 52 30 51 6 61 31 58 60 16 35 42 24 60 16 44 20 51 50 61 22 16 58 39 16 20 6 31 24 30 42 52 58 42 58 60 37 51 20 22 16 16 39 35 39 44 20 6 44 58 60 44 39 14 37 44 58 39 37 6 42 58 31 42 4 6 49 44 24 30 24 60 52 39 24 35 6 40 30
split_gain=592.949 193.399 152.297 102.907 95.2912 89.0659 79.8176 103.093 82.6809 78.062 76.6651 62.1857 62.1751 60.0355 87.6284 66.3833 59.2885 57.8455 89.3708 57.5069 67.1937 55.2832 58.3155 55.1859 52.0025 71.9892 52.5682 49.0629 68.1204 56.8912 54.4685 49.6405 48.5969 48.5414 48.1655 47.9054 47.8252 74.226 96.6038 84.0519 70.8858 55.9206 48.4247 48.2938 48.1411 47.298 46.3866 45.8258 108.787 62.4751 54.8803 51.4291 45.7889 45.13 45.0304 44.8196 70.4974 55.8188 72.2437 83.8047 61.7599 86.7696 55.8807 51.5334 51.2968 47.6151 56.8928 54.2688 65.2996 50.7454 46.8291 45.9266 44.836 44.6098 69.7979 44.3218 43.6653 43.6176 61.5509 51.012 43.5948 43.4737 42.8232 60.1347 42.6553 42.549 41.9775 50.4396 49.2212 43.0757 44.1448 41.9085 41.2275 40.9633 40.9181 40.8379 54.0442 46.9677 67.0691 40.944 40.5488 43.7994 40.4764 40.294 40.2243 39.9472 39.615 89.0907 76.4276 49.889 43.2701 39.5728 44.2538 39.4735 62.6227 63.0209 55.0296 68.4382 53.465 44.5656 56.9474 44.1823 43.9074 42.4849 41.8569 40.4779 45.5416 39.0953 39.0057 38.9741 38.5488 63.8649 42.1534 47.7233 38.5427 43.7627 89.2039 52.1286 49.9241 45.9865 42.0017 38.4228 38.4213 37.9575 37.791 37.6588 37.5922 37.5755 37.5729 48.4097 43.1441 47.1759 37.5026 37.0633 37.8314 36.736 36.7318 36.6445 38.429 36.3513 43.0955 59.9125 52.132 51.464 39.5773 38.5891 36.3435 36.2683 36.2567 36.2279 57.9551 36.3303 38.1171 36.0772 58.073 38.1747 35.8839 44.8798 39.172 35.7189 35.4339 35.3563 35.115 34.8679 47.3203 34.8548 49.6972 41.2286 44.3269 41.3508 40.6255 34.7685 34.3718 34.2369 34.1618 34.1304 35.1183 37.4703 63.9887 58.6708 60.1301 36.9448 33.8289 33.8086 34.2381 33.8068 33.7697 33.6609 48.8547 33.651 33.4574 41.2398 38.692 45.156 42.8128 38.3898 33.4175 33.306 33.1828 33.0479 33.0268 37.5333 45.7022 35.1004 32.9482 40.375 66.8788 41.6507 43.8481 46.8649 32.8999 35.3668 32.8555 52.5014 32.8204 36.6841 32.7455 34.6371 40.8983 38.851 36.4987 32.6253 44.1115 32.5459 32.4273 32.5879 34.3831 36.5985 32.3264 32.2459 41.598 32.1967 44.0662 38.9835 53.6741 47.6091 45.763 48.9295 35.7017 35.4459 34.7742 33.0362 32.0946 42.1155 44.0283 69.1216 41.6164 38.8332 32.0867 40.4495 88.4701 44.0164 41.6397 46.7395 33.3577 32.1791 31.9602 31.9071 43.8587 40.2134 31.8834 41.0342 33.9862 31.8562 45.357 31.7926 31.7677 31.6196 31.6107 31.5461 39.3233 39.6652 49.8358 35.0249 33.1195 33.2402 31.5075 37.5221 35.2992 32.1349 38.0785 35.975 43.7538 36.7956 38.0544 31.4356 56.0484 42.3743 36.1388 31.4201 36.1988 38.1014 31.4115 44.5192 42.3379 36.9499 31.35 39.4267 46.8529 31.777 31.2785 38.1914 40.4183 35.8362 34.5573 35.2196 31.9222 33.002 31.222 42.7951 34.3871 33.1208 33.0734 31.1454 31.0053 30.9483 30.887 30.8692 30.8229 30.8127 30.629 30.6142 35.5258 30.6087 30.5597 36.3329 30.4799 30.461 30.3539
threshold=0.26690363883972174 0.92527133226394664 -0.0010971889714710412 2.5507172722427643e-05 8.3584513959067425e-06 1.4852956155664289e-05 1.0000000180025095e-35 0.60355338454246532 0.0015886425971984865 1.5676952898502353e-05 0.00032955408096313482 0.82356059551239025 -1.253890104635502e-05 -0.6035533845424651 0.1839580908417702 2.7316906198393557e-05 0.54200655221939098 0.00055315156350843619 2.4668122932780537e-05 6.520462557091379e-05 0.52821126580238353 7.424167279168615e-06 2.6932776563626252e-05 1.5595837794535331e-05 3.40250935551012e-05 5.5822345530032187e-05 2977016.6250000005 4.5851569666410803e-05 -0.0019366116030141709 -0.001090198755264282 2.5948252186935864e-05 0.66921719908714306 0.19400513172149661 -4.7904748612381798e-07 2.5109039597737141e-05 3.5000000000000004 3.5000000000000004 3.0352898647834085e-05 5.0000000000000009 3.4506432712078101e-05 2.8307503271207682e-05 3599195.2500000005 0.52878564596176159 3.5117538573103964e-05 3.3719996281433857e-05 0.34949961304664617 -0.00073921680450439442 4.8125804823939695e-05 0.49789573252201086 5.1499018809408888e-05 5.0687347538769252e-05 -0.001007348299026489 0.00080992627772502612 0.86547422409057628 8.7754137894080503e-06 0.6589319407939912 -0.91597560048103321 4.1885470636771067e-05 0.0017040987731888892 0.15380558371543887 0.49410566687583929 0.0010864726500585677 3.5394477890804417e-05 -0.7865660786628722 -0.11788787692785262 2.9952682780276522e-05 2.8465449759096376e-05 3.1050989491632215e-05 4.2041454315185556 0.68796765804290783 -0.054121086373925202 -0.20265486836433408 4.6039604058023549e-05 3797675.7500000005 0.6589319407939912 0.75543487071990978 0.058607237413525588 2.9335736144275874e-05 0.78656607866287243 7.3589114890637583e-06 0.89332571625709545 3.3719996281433857e-05 1.8108619769918736e-05 0.00079257716424763214 0.00043381596333347266 4.6039604058023549e-05 0.91597560048103344 0.61066684126853954 2.6540848921285946e-05 0.141221858561039 2.4668122932780537e-05 -0.30122709274291987 0.42152613401412969 3.5000000000000004 -1.4660179203929145e-06 0.70336249470710765 -0.23005872964859006 4.3279676901875071e-05 -0.00010826157449628225 -3.6832069554293408e-06 -0.00033553469984326506 2.3617433726030871e-05 1.774853899405571e-05 1.0000000180025095e-35 3.6429737519938506e-05 -0.38973025977611536 0.3561267107725144 0.37242570519447332 3741648.3750000005 0.00039367986028082674 3.4036971555906355e-05 2.5000000000000004 0.57207810878753673 0.00060651489184238027 4.5053053327137611e-05 0.00097747053951025031 2.5026158255059275e-05 0.01730398274958134 3.1177445634966723e-05 0.42152613401412969 -9.7841024398803697e-05 0.0012598633766174319 0.79072606563568126 0.47573740780353552 0.33868363499641424 0.00090632832143455755 3.8158810639288283e-05 0.32969626784324652 2.5000000000000004 -2.3190721094579199e-06 -0.00080066919326782216 0.46719940006732946 3.1285051591112285e-05 1.6636389773339037e-05 0.33841006457805639 0.52324572205543529 3.8928990761633038e-05 0.26915328204631811 3048478.0000000005 0.45852756500244146 0.78656607866287243 0.39652319252491003 0.31252209842205053 4.1813773350440904e-05 3023366.3750000005 0.83499532938003551 -7.7452932600863267e-07 4.9825735914055265e-05 3.7258294469211257e-05 3.831010508292821e-05 -0.00033423304557800288 0.44267061352729803 0.52703917026519786 0.52238753437995922 -0.12940952181816107 2.3754189014434819 0.38457259535789495 -0.00017425417900085447 0.13710220158100131 2.917728215834359e-05 0.3939636647701264 2.5298977561760697e-05 -1.160241663455963e-05 1.8755325072561394e-05 4.7035860006872107e-06 2792057.5000000005 -0.00024691224098205561 0.41082145273685461 3.1050989491632215e-05 3.0793518817517913e-05 0.00021213967556832361 0.0001009027437248733 2.870049866032787e-05 -0.0001514659961685538 0.15115623176097873 0.50571945309638988 0.10682937875390054 2.4929977371357385e-05 -0.00093048810958862294 4.9296766519546516e-05 0.00045756498002447193 0.37940952181816107 3.40250935551012e-05 0.00090632832143455755 -0.00035157799720764155 4.3142850699950948e-05 4.4430635171011097e-05 0.16693289577960971 0.54085850715637218 0.56559568643569957 -0.00070700416108593334 2.4671124265296388e-05 -9.4999999999999982 0.52376607060432445 0.63360846042633068 0.80934986472129833 6.2588398577645435e-05 4.9296766519546516e-05 0.5969042479991914 0.59098589420318615 0.0011990444036200645 0.59997892379760753 0.0018222928047180178 0.71625804901123058 0.00014354749873746189 -0.7865660786628722 4.1592925299482894e-06 0.00095056736608967196 4.3279676901875071e-05 1.3063531127954777e-06 2.4263949853775561e-05 1.0000000180025095e-35 4.5350450818659744e-05 -0.00093048810958862294 0.20708680897951129 0.43952070176601415 0.00092678214423358451 2.0992089957871943e-05 0.11056237667798997 5105454.7500000009 -0.00019481778144836423 0.53761720657348644 0.25991827249526983 3.4289579391479497 4.8947154937195598e-05 0.48582038283348089 6804414.2500000009 6.520462557091379e-05 2.0413152014953088e-05 0.54116925597190868 -0.91597560048103321 0.42797046899795538 1.8189318780059695e-06 0.00019949674606323245 3.5000000000000004 3.1431831303052611e-05 0.0015649199485778811 4.2889401811407886e-05 0.61570042371749889 6.81696110405028e-05 4.4697075281874283e-05 2.9534354325733151e-05 0.71753671765327465 -0.0013299675774760542 2.2312180590233769e-05 2.3352617972705051e-05 3.0793518817517913e-05 0.37360130250453955 4.4430635171011097e-05 0.44112078845500952 4.6536102672689601e-05 4.4769791202270433e-05 0.16791503131389621 0.83906784653663646 2.4929977371357385e-05 2.6060284653794955e-05 0.49167267978191381 0.00011521577835083009 -0.29164627194404596 5.9664249420166022e-05 2.5297083993791606e-05 3.4651915484573699e-05 2.897496869991301e-05 0.00025600194931030279 0.074187856167554869 0.47198896110057836 0.62916135787963878 2.3845003852329686e-05 3.1868839869275696e-05 2.5795677174755841e-05 2.6563991013972558e-05 0.35762782394886022 0.00015956163406372073 0.64521148800849926 0.012561813928186895 1.5000000000000002 0.00021487474441528323 0.40049912035465246 -0.7865660786628722 -1.8976748492605109e-06 2.7788343686552256e-05 -0.00068743215524591495 6756282.2500000009 1.0000000180025095e-35 3.3364074170094686e-06 -0.00024614545691292728 2.209471949754516e-05 0.66667318344116222 0.06248381361365319 1.0000000180025095e-35 2.6404587030410771 4.6004736304894331e-06 0.51597735285758983 2.4843418941600252e-05 1.3220781966083452e-05 0.00023370354028884324 0.20550439506769183 0.00060862302780151378 5352111.5000000009 -0.00032821297645568842 -0.00035259372089058155 0.87694296240806591 0.5690990984439851 0.00018293808534508574 0.47258700430393225 0.91597560048103344 2.7293778657622173e-05 0.40003307163715368 4.3400077629485174e-05 2.7578985691070561 8.1948546721832844e-06 1.3220781966083452e-05 3.3195556170539937e-05 3.2897527489694773e-05 3.8929640140850104e-05 0.00059664642321877192 2.9873923267587091e-05 -0.13664075732231137 2.9342329071369026e-05 0.45408178865909582 -0.12940952181816107 0.001120547822210938 3.0568944566766738e-05 -3.4182342005806272e-06 1.128132953454042e-05 0.0004178583476459608 0.502476066350937 2.3180541575129613e-05 2.292899534950266e-05 -0.11049034073948859 -0.00038002393557690079 0.45914472639560705 -0.00012841820716857907 -8.9517663582228111e-05 -0.077630132436752305 0.056611584499478347 0.82743200659751903 -0.00020734879944939164 5506039.7500000009 -0.00035938620567321772 5280206.0000000009 -0.7865660786628722 0.86923339962959301 4.3142850699950948e-05 2490139.2500000005 8.7754137894080503e-06 -0.079088561236858354 3.3069745768443688e-05 -0.00073921680450439442
decision_type=10 10 2 10 2 2 2 2 10 2 10 10 2 2 10 10 8 2 10 2 10 2 10 10 10 10 2 10 2 10 2 10 10 2 10 2 2 10 2 10 10 2 10 10 10 10 10 2 10 10 10 10 2 10 10 10 2 10 2 2 10 2 10 2 2 10 10 10 2 10 10 2 10 2 10 10 10 10 2 2 10 10 8 2 2 10 2 10 2 2 10 2 10 2 2 10 10 10 2 2 2 10 10 2 10 10 10 10 2 2 2 2 10 2 2 2 2 2 10 10 8 10 10 10 2 2 10 10 2 2 10 10 10 10 10 10 10 10 2 10 2 10 10 10 2 10 2 2 10 10 10 10 10 10 2 2 10 10 8 2 10 10 2 10 2 2 10 10 10 10 2 2 10 2 2 10 8 10 10 10 2 2 10 2 10 10 10 10 10 10 2 10 2 8 10 10 2 10 10 10 2 10 10 10 2 2 2 2 10 2 10 2 2 10 10 10 2 2 10 2 10 10 10 2 2 10 2 2 10 10 2 10 2 10 2 10 10 2 10 10 10 10 10 2 10 10 10 10 10 10 10 2 2 10 10 10 10 10 2 10 10 10 10 10 2 10 10 10 10 10 10 10 10 10 2 2 10 10 2 2 10 2 2 2 2 2 2 10 10 2 2 2 10 10 2 2 2 10 2 10 2 10 10 2 10 2 10 10 2 2 2 2 10 10 10 2 2 2 2 10 2 2 10 2 10 2 10 10 10 2 2 10 10 2 2 2 10 2 2 10 2 2 10 10 2 10 2 2 10
left_child=2 3 21 9 5 73 13 11 17 19 12 95 -3 14 -5 92 54 18 100 82 23 22 34 32 25 26 103 28 30 -30 -26 47 -21 230 86 262 43 39 44 40 142 -42 -43 134 173 -31 -11 48 51 80 -49 -29 128 -22 -6 57 75 60 59 195 61 62 70 72 104 66 183 -67 69 93 -17 141 179 74 176 84 -75 81 147 -80 209 -19 83 102 -57 106 87 89 218 90 167 -12 -16 206 152 97 -97 130 -99 -98 101 -9 217 -24 -63 -32 309 108 109 110 -108 -110 -113 116 122 -116 117 119 124 120 -15 192 123 -115 -119 -125 -127 285 320 -37 131 156 133 -132 241 136 138 139 140 203 -136 -64 -38 180 -128 148 -68 -79 150 -150 -47 -152 -70 -54 -155 333 -8 158 -91 160 163 -162 -163 -130 -161 -164 -144 210 -45 171 248 -109 -173 174 -39 -175 177 -4 -178 -61 -66 -156 194 184 -62 187 -187 -78 -189 190 -190 -102 -118 -141 -96 196 197 198 207 200 201 249 219 -137 -205 -92 -69 208 -59 -50 212 -212 214 -214 215 -1 -114 -2 -89 -77 -35 280 -223 -224 -48 227 -227 228 -226 -230 -28 -232 -228 -234 235 -188 237 238 -60 -239 -240 242 337 -88 -135 347 -247 -248 -171 250 -199 253 261 255 -255 256 -129 260 -256 -254 -258 -253 263 264 265 -13 -264 -265 269 272 -271 -272 273 274 -257 -274 -95 278 -53 -279 281 -222 -283 -179 -285 -94 -111 -200 -90 290 293 -292 -293 -194 -291 -296 299 298 -298 -219 -301 -302 303 -303 -305 307 -307 -140 -309 310 328 -312 313 -120 315 -314 -273 319 -319 -318 321 -14 326 -324 325 -322 -323 -328 330 331 -84 -330 -331 -25 -270 -329 -124 -20 -267 -51 -159 342 -72 -18 345 -180 -122 -246 -121
right_child=1 10 4 6 16 -7 7 8 -10 46 91 35 52 113 15 55 343 77 36 20 53 -23 24 155 27 -27 33 31 29 45 105 -33 -34 220 -36 129 37 38 -40 -41 41 42 -44 168 -46 145 224 50 49 339 -52 277 153 -55 -56 56 -58 58 236 63 65 64 71 -65 143 67 146 68 94 -71 341 -73 -74 76 -76 202 185 78 79 -81 -82 -83 85 -85 -86 -87 243 88 288 157 205 -93 127 276 182 96 99 98 -100 -101 191 -103 -104 -105 -106 -107 107 169 111 286 -112 112 216 114 115 -117 121 118 312 348 346 -123 336 125 -126 126 144 251 159 -131 132 -133 -134 244 135 137 -138 -139 305 193 -142 -143 166 -145 -146 -147 -148 -149 149 -151 151 -153 -154 154 181 -157 -158 340 -160 164 161 162 165 -165 -166 -167 -168 -169 -170 170 -172 172 -174 175 -176 -177 178 283 344 -181 -182 -183 -184 -185 -186 186 234 188 189 -191 -192 -193 289 -195 -196 -197 -198 199 287 -201 -202 -203 -204 204 -206 -207 -208 -209 -210 -211 211 -213 213 -215 -216 -217 -218 296 -220 -221 221 222 223 -225 225 226 232 -229 229 -231 231 -233 233 -235 -236 -237 -238 239 240 -241 -242 -243 -244 -245 245 246 247 -249 -250 -251 -252 252 259 254 258 268 257 -259 -260 -261 -262 -263 266 267 -266 338 -268 -269 334 270 271 316 275 -275 -276 -277 -278 279 -280 -281 -282 282 -284 284 -286 -287 -288 -289 -290 294 291 292 -294 -295 295 -297 297 -299 -300 300 301 302 -304 304 -306 306 -308 308 -310 -311 311 -313 314 -315 -316 -317 317 318 -320 -321 324 322 323 -325 -326 -327 327 335 329 332 -332 -333 -334 -335 -336 -337 -338 -339 -340 -341 -342 -343 -344 -345 -346 -347 -348 -349 -350
leaf_value=-0.0036575687335942604 -0.0011616876884281578 -0.0061083429308079499 -6.1261302916837876e-05 -0.0034818016554057432 0.0059478789768699671 0.0092267081785300676 -0.0035787408162404315 -0.0038650302146760128 -0.010218404286157157 0.010703636318010053 -0.0085182481980687237 -0.016467784252738104 -0.0016727100249955325 -0.013119211046996451 0.00088845840480097319 0.0031570652449337167 0.0016187192551397626 0.00048600020986504114 0.0024789792518450527 -0.011288010974646415 0.0016742690905625444 0.0050493911639798222 0.0057330653699043978 0.010671019147115079 0.017607233394953875 -0.021586963345492531 0.004181133150310593 0.0076900669550009348 -0.0054051774460210514 0.015762179272907649 0.0013418677881187424 -0.0037202170664253839 0.0032234329203829509 0.0060492831657166651 0.0055800613601650452 -0.0137043006247892 -0.012303525477196476 0.013936487277139689 0.0052948807806264247 -0.018427149202708357 -0.0029293799408596317 0.0037450150404514312 0.021103174244846194 0.0034495690588727903 -0.022231072325270159 0.0043955067372347476 -0.00041652907466225631 0.0011159359903987001 0.013785375727608696 -0.016361761559983406 0.011423426040601972 0.015388977585839618 -0.018496525230314406 -0.0058720356801311123 -0.00046052869542898732 0.0079187641034834163 -0.0050464737109688655 0.0026015809672156626 0.014288194076720453 0.0023492142938040246 -0.0074147536275159824 -0.009474761788076767 -0.001703168055819464 0.016562348276933606 0.0027615689052315445 0.011525314538539172 0.0018475072895991244 0.0026896938086991896 0.0060981259957245838 -0.004430498567815808 -0.0015132967613283516 -0.0033117297596078447 -0.0074269418786557352 0.0022429979392104785 0.0072360725878313093 0.0072334344578131654 0.00035763955864296705 -0.0085176674887887313 -0.0025783619386919618 0.0079596415316677237 -0.0111359977733206 -0.015750178748712595 0.0014311446766425615 -0.0033749982163366445 -0.012651045580534225 0.014899547792532773 0.01245840812383626 -0.0032352013984330592 0.010210883462156714 0.00047640163167713643 -0.009349452342222956 -0.0029497601805065846 0.0063336670943222161 0.018786270752775436 0.011369692867725843 0.015202159116644215 -0.013558850766756505 0.0020970573881108428 -0.020244197229358465 0.0031832550023585299 -0.004925486867783711 -0.018023950083154917 0.0025842603690123893 -0.004761183871291849 0.0085097745807561891 0.0096138131819091654 -0.0026611422905329567 0.00060062356371756546 0.001412343363484278 0.010836496802045729 0.0035454420259341353 0.001167648066717484 0.0058446688568844817 0.010019196954451328 -0.0028473780166245154 0.0085936521545644171 -0.004336012396440307 -0.0020090302333512517 0.0044569517315215107 0.020757917054565447 0.012303577197455928 -0.013533742909715598 -0.017974582327385601 0.0032336738276403003 -0.019405539264978833 -0.011063387646311989 0.010178784911445365 -0.001512527147193404 4.4023872353586213e-05 0.0032392240178163298 0.0078405965516997918 -0.0020275455586833387 0.00012668878713246705 -0.012230084855609327 -0.010748163699358102 0.0046580288350176373 -0.0067034463000817729 -0.0022238411521587152 0.015840603093894453 -0.0065207019790653577 0.0073497465004460742 -0.01713097915482029 0.011353210381743263 -0.0046547583366432863 -0.0048210662302292911 -0.011034050792309832 -0.0053891961833228575 0.003445135810007386 0.013854995261410451 0.0035994887224442746 -0.010066347256593784 0.0010374209994410966 -0.0072066055138376595 -0.0016331077084952227 -0.013225536412657377 0.011978317991546699 -0.024728123886080776 0.015928193609097346 -0.0073208006868962791 -0.0036031533122499737 -0.0011683943688791309 0.017437380087031173 -0.0028538086417296349 -0.011268358483147703 -0.00012299829843649798 0.0051282822474028175 -0.0028977310125476142 0.0074626016778628311 -0.0034550306992313286 -0.012384019434695689 -0.00057463620666100429 -0.00063108945952474675 0.0041414815556232278 -0.023947904376148098 -0.012279732414967824 -0.0024488464173990144 0.010197899839612255 -0.0015348084923012073 -0.011086289052774445 0.01969410771834779 0.010160016755541981 -0.0042190670113801763 0.012081346389403726 -0.0038426860721115699 0.0069978413447091929 -0.01739053180063645 -0.012321551105508054 0.0012465256753660487 0.0079616853438555044 -0.0028040682653554592 0.0030027841455003215 0.00052421126620170566 -0.0026753507337008071 0.0040232828645475694 -0.00077322212906313296 -0.0028355474158416683 -0.010418161662850887 0.011955368318448545 0.014303815023934302 -0.011118148657719153 -0.0029328831454866876 0.015367386366865503 -0.0024479901200027037 0.0050706304987310439 0.024721004237506637 0.0016126920797536579 -0.011973704510772168 0.0051284425363616725 -0.014463051786365668 -0.0041629518457921297 -0.0014339555801381253 0.014691462143613103 -0.017500972289893075 -0.00012540466941373229 -0.00040992423114741706 0.0050404639078523552 -0.0092974581542746137 0.0031264034941427396 -0.014744431410884716 0.025983527062800823 0.0098219835139198939 0.00019954612550740711 -6.8088135489565113e-05 0.011997993193944619 0.0018917349306035625 -0.0035036683208653084 -0.0010208577208957589 0.0064303064161865325 -0.0056855916189427367 0.0027500040682783395 -0.010467299205280736 -0.0013782763756075833 0.0075038936162226668 -0.0076271956729935652 0.0050062099821275678 0.00036284122391982808 0.010002087403094646 -0.0084449155218596309 -0.013880757459203637 0.0033636408437653993 0.0029245829859750284 0.0043510939370663016 0.010815107403240258 0.0037017556180057804 -0.002515581966312319 -0.0035597088305064305 0.0025814384090083364 -0.016215682055822963 0.0034856301366538224 0.011807657152183966 -0.0044735051986771295 -0.0055525571330840781 0.0033925632282498321 -0.0127079640057751 -0.01780717421725583 0.0032101174572001095 0.0079790028114604533 -0.0045010369018469503 -0.0022854058929237375 -0.0071671237680758851 0.024566104760062383 -0.014380129631970603 -0.023519816192189152 -0.021859076652758318 0.0059463399455804578 0.0059272575429272492 -0.0086323879543879316 -0.0066597456162469336 0.00061021764681209675 0.01065470131997494 -0.0079639621009822501 -0.0020038180382102133 0.0093880533812476553 -0.015737292263221639 -0.0099603753791005292 -0.0039432761375572676 -0.00040923459694427257 0.009208905053799071 0.00077311205573799349 -0.008433123106198686 -0.0030717611551355647 0.0019639531629302271 -0.0084605928552785401 -0.0087696238208229398 0.0085868332441249914 -0.0014160205352426922 0.0014622431382372866 -0.00085453355279214755 -0.00074408874081463854 0.0010395796278789729 -0.004521158749296093 0.010092101867713003 -0.0046081250135199701 0.0078783623333544776 -0.0074870803980484173 0.0033493766736122817 0.0014421173824188413 -0.01036849781796257 -0.0013577354718236235 -0.012615524795549716 0.0005988547748585056 0.0039267330249467599 0.0089736955726191555 0.0034202468747635269 -0.0028077593122068749 0.015332026337255684 -0.010137946375567036 0.014111518066531695 0.0034925312881621761 0.00039566225201763421 0.0066502050986543748 -0.0072653674215673279 0.021167153174184876 -0.011772297081248606 0.0021363389332458831 0.0016158738520443343 0.0054569400113622258 0.015414639589187325 0.0021408607382869542 -0.01301132799653984 0.012133625918875292 -0.0035503141373369718 -0.0046479372027544794 0.010668188789030638 3.0084654537543647e-05 -0.0022126611207494212 0.0079629507047583488 -0.011732926811628573 0.010114797699110889 -0.0066097610459674343 -0.0016756510042651854 -0.0018010182460633651 -0.00019920650346465043 0.001627132191559431 -0.0080830693273057832 0.0057938644654433507 -0.0010288878894263022 -0.0040560141141034508 -0.0083062196310494888 -0.0023380280718131355 -0.00012482520367138259 -0.0057195086411269596 0.0092596366279112038 -0.012042027440944528 0.00016268256477814443 0.0025758398970706607 -0.0030432800111906289 0.0029462645837774804 0.0066426345102336649
leaf_weight=212.998196169734 4075.9670395106077 1024.7348434925079 9980.4353834688663 4722.6834537684917 435.99743899703026 528.99868541955948 50.998065277934074 251.74787513911724 348.23914058506489 138.24882215261459 576.23829025030136 133.74871224164963 9851.6542437523603 97.249058738350868 1907.9800287038088 1033.4923988133669 8023.4394944310188 2198.2248864769936 418.49678334593773 106.49935078620911 1494.7386227995157 2642.2338266372681 160.74787457287312 227.49904361367226 189.99360352754593 53.248813197016716 373.243981808424 581.74129986763 336.73954223096371 107.74797350168228 423.73993854224682 794.23250378668308 468.49675390124321 781.24190017580986 2441.4854501336813 56.998593375086784 100.74897246062756 58.499372571706772 157.748660415411 68.249449595808983 97.999321594834328 109.74899338185787 162.49835954606533 438.49639070034027 137.99862393736839 666.48567673563957 70382.909099563956 451.49579961597919 93.998214915394783 238.74084933102131 375.9971419274807 85.249270439147949 56.499021887779236 393.74654559791088 36247.958989575505 64.749106839299202 1325.7237673103809 102.99888178706169 77.248881831765175 115.99861115217209 98.499200955033302 187.99708899855614 101.99855607748032 310.2482278496027 571.24455371499062 285.24723914265633 408.99449980258942 416.49605514109135 172.49775609374046 676.99047872424126 1034.2410641163588 3029.4552579820156 81.249370366334915 16261.702383458614 569.24694399535656 111.24814127385616 17156.688204497099 1033.9737196713686 1903.9597401916981 195.49767875671387 75.497706368565559 59.998948201537132 1680.2320941835642 1455.9812366962433 83.748590067028999 67.499401226639748 267.49805063009262 523.4877472370863 152.24673473834991 834.23890055716038 172.9940121024847 7784.8490528613329 343.24722367525101 95.249207273125648 138.99905350804329 109.24840299785137 67.998793035745621 84.99759504199028 131.99450740218163 244.99755702912807 831.7404982894659 130.99877345561981 4328.4735758453608 1145.2156538367271 59.74916310608387 520.48792707920074 2994.2264662086964 16012.875493362546 5949.9512561112642 189.49815271794796 521.24574635922909 1460.2379785180092 2580.4756584018469 80.998201727867126 427.49138252437115 338.24124312400818 614.24046492576599 837.49358850717545 196.74789062142372 58.249488711357117 99.999096408486366 85.248774483799934 146.74476119875908 209.99681352078915 51.499568730592728 408.24105416238308 80.247951656579971 325.49742129445076 308.49757385253906 322.24523238837719 151.24834959208965 248.24551077187061 2323.7142432928085 150.24839475750923 85.999205127358437 180.49831184744835 167.99764311313629 677.74274404346943 450.24599017202854 142.99850682914257 104.99925164878368 177.49735987186432 94.24913763999939 141.24803234636784 274.49375411868095 70.248664513230324 929.98944640159607 112.49817144870758 228.2462367862463 880.98691558837891 223.99672485888004 445.99231943488121 151.74770931899548 2146.9559219777584 224.49288095533848 512.74603271484375 102.99716205894947 83.249323576688766 354.24303440749645 5518.9381868094206 7127.1714481711388 93.499267280101776 362.49642945826054 327.99751034379005 1712.7323402911425 697.99266204237938 231.49791289865971 913.24010676145554 949.2361374348402 327.9970637857914 774.24226996302605 35793.907653048635 674.24433635175228 67.249318167567253 60.749521762132645 62.499300390481949 171.7489558160305 1233.7357847392559 71.74969494342804 75.499570608139038 478.74321210384369 757.22940310835838 435.24499145150185 217.99580529332161 673.99378900229931 81.748796850442886 147.24806669354439 17457.1817035079 889.49798893928528 357.74874529242516 2585.9883779883385 1055.4892401248217 219.247593536973 670.24419772624969 248.24658311903477 382.24433344602585 59.997955515980721 87.998853176832199 137.24855120480061 62.997797101736069 167.24792951345444 318.74559214711189 61.497683465480804 62.249339550733566 93.499060988426208 292.49226282536983 65.749423533678055 96.749185487627983 173.74724082648754 65.748660624027252 90.495741233229637 194.24786676466465 64.497400894761086 342.9922429472208 962.9892116189003 2830.4752017408609 52.749625220894814 2599.4834134429693 118.24735534191132 57.249244973063469 210.99810406565666 481.24494628608227 130.49789392948151 360.4952781945467 1369.2355083227158 5537.4258487671614 1106.4876949936152 380.24532417953014 902.74063369631767 364.99618485569954 180.99786396324635 1870.4684696495533 492.24441316723824 105.49870100617409 201.74772892892361 219.99700303375721 77.74815309047699 467.24180600047112 63.498903691768646 140.74819011986256 179.74710336327553 684.74376907944679 109.49898932874203 470.24214959144592 1319.9852000176907 4247.9520457088947 52.24954180419445 160.99791297316551 56.999497249722481 224.74762718379498 164.74785621464252 1244.987274646759 368.4963309019804 271.74635800719261 54.499268189072609 152.9984875023365 187.49829436838627 78.999410256743431 1266.237496510148 183.99780029058456 69.249429017305374 194.49578447639942 79.998866856098175 74.24837452173233 207.99763248860836 165.74827544391155 753.23487766087055 463.49373510479927 230.49744628369808 281.99768996238708 311.99753046035767 1045.4916164427996 107.24906961619854 198.24768854677677 140.99868343770504 187.24843519926071 51.749468475580215 57.499602243304253 696.99643382430077 251.74762338399887 852.98831847310066 688.23938803374767 144.49851028621197 577.22574047744274 60.749900728464127 527.4949776828289 551.99480621516705 87.248896330595016 304.74362435936928 12640.855024769902 1454.234727948904 179.24815340340137 174.99841067194939 277.49711589515209 352.49408131837845 159.4965738505125 3004.729843094945 140.99865858256817 4471.2214432060719 76.249444186687469 27423.81300753355 1763.4910098314285 388.49694716930389 657.74437859654427 947.99199873209 51.749488100409508 73.999294221401215 198.248559653759 358.99648359417915 5136.9527666568756 387.24656151235104 91.24920342862606 114.74887131154537 92.998836919665337 248.74745112657547 58.499115124344826 57.249499216675758 145.9989408403635 354.49720251560211 82.74919119477272 180.74841196835041 513.7436764985323 71.999189242720604 288.99745036661625 13339.853438213468 103.99880588054657 266.49490022659302 77.998688623309135 127.24827300012112 1385.9812732338905 9182.1756984442472 294.99657875299454 419.24605879187584 441.49798257648945 552.74433693289757 68.999501958489418 60.998595118522644 896.74130900204182 85.748860582709312 87.997675508260727 98.998626574873924 623.49463255703449 130.74882584810257 58.247321143746376 9073.2116315215826 3737.4841942042112 94.499207273125648 582.24448220431805 1318.9881679564714
leaf_count=852 16304 4099 39922 18891 1744 2116 204 1007 1393 553 2305 535 39407 389 7632 4134 32094 8793 1674 426 5979 10569 643 910 760 213 1493 2327 1347 431 1695 3177 1874 3125 9766 228 403 234 631 273 392 439 650 1754 552 2666 281534 1806 376 955 1504 341 226 1575 144993 259 5303 412 309 464 394 752 408 1241 2285 1141 1636 1666 690 2708 4137 12118 325 65047 2277 445 68627 4136 7616 782 302 240 6721 5824 335 270 1070 2094 609 3337 692 31140 1373 381 556 437 272 340 528 980 3327 524 17314 4581 239 2082 11977 64052 23800 758 2085 5841 10322 324 1710 1353 2457 3350 787 233 400 341 587 840 206 1633 321 1302 1234 1289 605 993 9295 601 344 722 672 2711 1801 572 420 710 377 565 1098 281 3720 450 913 3524 896 1784 607 8588 898 2051 412 333 1417 22076 28509 374 1450 1312 6851 2792 926 3653 3797 1312 3097 143177 2697 269 243 250 687 4935 287 302 1915 3029 1741 872 2696 327 589 69829 3558 1431 10344 4222 877 2681 993 1529 240 352 549 252 669 1275 246 249 374 1170 263 387 695 263 362 777 258 1372 3852 11322 211 10398 473 229 844 1925 522 1442 5477 22150 4426 1521 3611 1460 724 7482 1969 422 807 880 311 1869 254 563 719 2739 438 1881 5280 16992 209 644 228 899 659 4980 1474 1087 218 612 750 316 5065 736 277 778 320 297 832 663 3013 1854 922 1128 1248 4182 429 793 564 749 207 230 2788 1007 3412 2753 578 2309 243 2110 2208 349 1219 50564 5817 717 700 1110 1410 638 12019 564 17885 305 109696 7054 1554 2631 3792 207 296 793 1436 20548 1549 365 459 372 995 234 229 584 1418 331 723 2055 288 1156 53360 416 1066 312 509 5544 36729 1180 1677 1766 2211 276 244 3587 343 352 396 2494 523 233 36293 14950 378 2329 5276
internal_value=-2.68158e-05 -0.000473281 0.00100345 -0.000279463 0.000699741 0.00110747 -0.000876884 -0.00173141 -0.000688423 -5.44814e-05 -0.00158284 -0.00310814 -0.00125648 -0.000430844 -0.000958572 -0.000544991 -4.13898e-05 -0.000476008 0.000394938 0.000228387 0.00270514 0.00229039 0.00202009 0.00551104 0.00120933 6.50733e-06 0.000185496 0.00233275 0.00385538 0.00224733 0.00800742 0.000711636 0.000417645 0.000968916 0.00308233 -0.00603822 0.00136457 -0.00198057 -0.00770744 0.00166361 0.00355067 0.00985737 0.0144124 0.00205788 -0.0130074 0.00324294 -0.000550625 0.00186762 0.000372491 -0.00717972 0.005864 0.00293112 -0.00114265 8.27419e-05 -0.000383083 0.000200535 -0.00287778 0.000523765 0.00269729 0.00442614 -0.000106326 -0.00124979 -0.00228714 0.0110726 0.00315811 0.00160102 -0.000500635 0.0033852 0.00240423 -0.000655075 -0.000217753 -0.00404719 0.00453396 0.00105343 0.000360682 0.00466559 0.00137212 -0.00213506 -0.00361717 -0.00157059 0.000695766 5.42828e-07 0.000162835 0.000620604 -0.00373573 -0.000108199 0.00242129 0.00202194 -0.00196739 0.00261192 0.00333345 -0.00334131 -0.00177812 0.00341145 0.00586944 -0.00241928 0.00361963 -0.00268747 -0.0117295 -0.000701256 -0.00311148 -0.00898086 0.00073776 -0.00344243 -0.0050069 0.00594408 -0.000121265 0.000103151 0.00150535 -0.000739491 -0.00173492 0.00245667 0.00396891 0.000395548 -0.00225457 0.00224298 0.000672932 0.00303579 7.7401e-05 0.0058593 -0.00121417 0.000193506 -0.00498105 -0.00326945 -0.0031809 -0.00444838 -0.00657434 -0.00234584 -0.000962399 0.000462184 -0.00246873 -0.00847171 -0.0021928 -0.00300067 0.00290815 0.00424914 0.00678313 0.00215916 0.00852407 0.00474091 -0.00090354 -0.0117049 -0.00200494 0.0048783 -0.00127822 0.00265853 -0.00318089 -0.00732807 0.00308652 0.00579386 0.000818407 -0.00274987 -0.000152118 -0.00344976 -0.00313155 0.00796985 -0.0182468 -0.000587921 -0.00188107 -0.00172689 -0.000871176 -0.000482993 0.00372903 -0.00585296 -0.00277997 0.0023989 0.00139883 0.00382442 -0.00126604 -0.000270841 -0.00375582 -0.000193301 -0.000541962 -0.00736258 0.000648665 -0.0143356 0.000201268 -0.000595237 0.000924351 0.00970309 0.00618622 -0.00636885 0.00822188 0.0031191 0.00510295 0.00100951 -0.00355361 0.00108747 0.00167524 0.00362102 0.00428731 -0.00188823 0.000273014 0.0021238 0.0037273 0.00251581 0.00373781 0.00430913 0.000319423 0.00661295 0.0078543 0.0101268 0.0100332 0.0108742 0.0174986 -0.00255043 0.000527716 -0.00472521 -0.00821731 0.00655196 0.00310582 0.00966743 0.00266581 -0.00315962 0.00326342 0.00442374 0.00551409 0.000561871 -0.00551135 0.014493 0.00242391 0.00142261 0.00460031 0.00884135 -0.000570978 -0.00162946 -0.00243859 0.000313876 -0.000584881 -0.00325487 -0.00122222 -0.00221773 0.00102227 0.00476787 -0.00135206 -0.00487727 -0.00185431 -0.00292409 0.00235826 -0.00570308 -0.00176471 0.000789896 -0.000936391 0.00697643 -0.00326172 -0.00303487 -0.00396824 -0.0116832 -0.0100114 0.00643286 0.00143784 -0.00277885 -0.00498405 -0.00205359 -0.00473613 -0.00109993 0.00382758 0.00891938 -0.00302926 -0.000176245 0.01306 -0.00681818 -0.00729008 -0.00503662 -0.00132848 -0.00529728 -0.0102718 -0.00904805 -0.00195243 -0.00102299 0.000330236 -0.00116365 -0.0049085 -0.00842195 -0.00320287 0.00103157 0.0123563 0.000357208 0.00250562 -0.00500337 -0.00021872 0.00211854 9.17691e-05 -0.00343015 -0.00703102 0.00166876 0.00394805 0.00858597 0.00301845 0.000458306 -0.00169601 -0.00306337 0.00288877 0.00325171 0.000836683 -0.00411169 0.000731449 -0.0004304 -0.000232082 0.000992873 0.000814688 0.000850757 0.00268395 0.00193916 -0.000252325 0.0101082 0.000633847 0.0112764 0.00741665 -0.000936074 -0.0014402 0.00392067 0.00413726 -0.00092843 0.00756798 0.0149282 0.000126438 0.00358552 0.00619453 -0.00557238 -0.000463468 -0.00124913 0.00198046 0.00757891 0.000179273 0.00697662 -0.000245346 0.00385035 -0.00163844 -0.0037919 -0.00119438 0.00191125 -0.00512842 0.00479235 -0.00554445 -0.0036316 -0.0132216 -0.00197422 0.000967842 -0.012731 0.00756949 -0.0021733 -0.000249326 0.00150845 0.000794464 0.00229581 0.00502148 -0.000838454 0.00735607
internal_weight=515614 359730 155884 306245 126130 81364.1 83771.9 28722.4 16348.8 222473 53484.8 12373.6 45123.7 55049.6 33594.8 28872.2 44765.6 16000.5 10496.4 141693 3645.22 29754.1 27111.8 1756.74 15385.7 7434.13 7380.88 7951.61 4094.67 2960.44 1134.22 3856.94 574.996 6074.91 11726.1 2343.46 8226.42 1409.74 544.745 864.992 796.743 370.247 272.247 6816.68 386.996 2623.7 80780 3062.71 2235.22 561.983 827.493 1673.23 44099 1888.49 36684 17997.8 1704.22 16293.6 3655.95 2649.72 12637.6 7569.91 6130.93 582.996 1438.98 5067.69 2329.47 2738.22 2452.97 1306.23 2821.98 3308.95 272.748 80835.1 25475.6 378.493 55359.5 5504.15 3245.93 2099.46 235.245 2258.22 138048 51334.6 148.498 86713.5 9284.62 8546.88 1098.73 7448.15 6077.42 8361.09 10874.4 629.244 1146.74 10030.1 422.245 9607.87 216.992 312.996 2269.98 382.747 49878.7 1305.96 247.746 944.228 86646 67940.6 14300.4 4256.97 3515.47 10043.4 4093.46 21454.7 2027.45 765.733 19427.3 3269.72 1600.74 1668.99 291.747 16157.6 1261.72 1053.98 888.993 972.98 762.983 8966.41 40913.8 379.244 9390.88 402.241 8988.64 6664.93 5428.95 3319.47 1492.24 1827.23 1324.24 1149.49 190.998 279.496 426.496 1191.24 354.742 2515.96 1338.98 1146.47 2445.71 1109.23 1336.47 669.989 324.245 3185.18 3128.68 1181.74 153.995 1370.73 1188.48 16149.3 8917.65 8281.16 1153.99 636.495 7231.67 1060.49 325.747 5611.94 1387.73 53640.3 1159.24 52481 36468.2 248.998 119.249 129.749 24906.3 11852.1 13054.2 191.498 1049.99 981.722 822.491 990.489 772.493 39097.8 650.742 38447.1 21290.4 3833.24 3475.49 1887.23 16072.3 813.243 387.246 2066.72 1684.48 1624.48 597.993 1026.49 963.488 796.24 229.995 336.247 155.748 465.486 482.245 373.495 276.746 159.747 4698.7 284.744 4413.95 407.49 4006.46 3043.47 2633.23 45550.2 641.735 168.497 3650.2 2868.96 972.238 490.993 80641.8 10258.9 7241.66 3017.22 2636.97 1267.74 2424.71 2051.47 1704.23 597.743 568.993 367.245 1006.23 928.485 320.495 607.99 243.246 2109.48 1424.74 737.74 6513.68 6363.43 4461.2 213.247 384.997 477.494 252.747 8095.67 1991.98 6103.69 1592.48 4511.21 661.245 335.747 1320.74 552.494 256.748 1439.48 1964.22 1130.99 593.243 385.246 833.234 537.742 3849.97 3066.72 2279.98 1997.98 786.742 492.245 293.997 294.498 146.999 1091.49 782.246 309.247 1896.72 1043.74 832.738 1871.71 637.976 870.742 741.493 224.497 456.99 15458.1 2305.23 1808.48 354.247 496.745 13152.8 511.991 41474.2 7616.95 7475.95 33857.3 31257.8 31181.5 3757.72 3369.23 1605.74 1133.24 125.749 1007.49 557.245 18705.3 13568.4 478.496 711.742 289.747 421.995 173.248 1685.99 640.495 500.496 139.999 24764.5 11139.9 1288.23 360.997 13624.6 284.747 927.237 413.493 13089.9 2227.47 10862.4 422.245 1805.23 668.997 783.242 146.998 207.743 1315.24 251.497 326.739 182.248 1788.48 1164.99 8081.69 12882.4 3809.23 194.498 1902.23 1377.24
internal_count=2062475 1438935 623540 1224993 504522 325458 335092 114891 65396 889901 213942 49495 180497 220201 134381 115490 179064 64003 41986 566778 14581 119018 108449 7027 61544 29737 29524 31807 16379 11842 4537 15428 2300 24300 46905 9374 32906 5639 2179 3460 3187 1481 1089 27267 1548 10495 323123 12251 8941 2248 3310 6693 176398 7554 146737 71992 6817 65175 14624 10599 50551 30280 24524 2332 5756 20271 9318 10953 9812 5225 11288 13236 1091 323342 101903 1514 221439 22017 12984 8398 941 9033 552197 205340 594 346857 37139 34188 4395 29793 24310 33445 43498 2517 4587 40121 1689 38432 868 1252 9080 1531 199516 5224 991 3777 346587 271765 57202 17028 14062 40174 16374 85820 8110 3063 77710 13079 6403 6676 1167 64631 5047 4216 3556 3892 3052 35866 163657 1517 37564 1609 35955 26660 21716 13278 5969 7309 5297 4598 764 1118 1706 4765 1419 10064 5356 4586 9783 4437 5346 2680 1297 12741 12515 4727 616 5483 4754 64598 35671 33125 4616 2546 28927 4242 1303 22448 5551 214563 4637 209926 145874 996 477 519 99626 47409 52217 766 4200 3927 3290 3962 3090 156392 2603 153789 85162 15333 13902 7549 64290 3253 1549 8267 6738 6498 2392 4106 3854 3185 920 1345 623 1862 1929 1494 1107 639 18795 1139 17656 1630 16026 12174 10533 182202 2567 674 14601 11476 3889 1964 322570 41036 28967 12069 10548 5071 9699 8206 6817 2391 2276 1469 4025 3714 1282 2432 973 8438 5699 2951 26055 25454 17845 853 1540 1910 1011 32383 7968 24415 6370 18045 2645 1343 5283 2210 1027 5758 7857 4524 2373 1541 3333 2151 15400 12267 9120 7992 3147 1969 1176 1178 588 4366 3129 1237 7587 4175 3331 7487 2552 3483 2966 898 1828 61833 9221 7234 1417 1987 52612 2048 165898 30468 29904 135430 125032 124727 15031 13477 6423 4533 503 4030 2229 74822 54274 1914 2847 1159 1688 693 6744 2562 2002 560 99059 44560 5153 1444 54499 1139 3709 1654 52360 8910 43450 1689 7221 2676 3133 588 831 5261 1006 1307 729 7154 4660 32327 51530 15237 778 7609 5509
is_linear=0
shrinkage=0.02


Tree=2
num_leaves=350
num_cat=0
split_feature=43 43 48 38 58 26 20 13 29 20 6 58 46 59 40 20 40 20 45 41 59 48 59 48 38 30 19 20 43 6 19 5 36 46 20 13 59 6 38 58 37 38 38 37 6 38 36 37 38 58 5 59 41 20 37 30 5 20 19 38 38 58 58 59 36 37 6 10 18 58 20 58 20 38 38 58 6 58 43 43 36 36 38 20 59 43 38 36 59 29 20 6 38 58 51 38 6 38 6 6 37 37 37 51 59 58 36 29 38 58 46 48 29 59 40 20 51 58 36 35 36 58 38 30 58 10 58 59 30 4 38 6 37 6 38 6 59 37 58 51 36 38 37 37 59 36 58 37 36 20 48 48 37 20 45 48 59 20 29 58 36 20 38 43 43 45 20 36 58 34 38 51 38 6 20 43 6 20 58 20 30 59 38 59 37 5 20 37 20 20 6 38 48 38 20 59 20 36 37 58 20 38 43 35 20 35 58 30 19 38 37 45 6 29 43 58 58 51 48 36 6 30 29 38 37 58 58 46 51 59 58 53 51 58 37 58 23 30 48 6 45 38 36 20 20 27 59 37 37 58 53 20 6 43 38 6 6 37 58 29 38 59 38 4 38 19 36 58 30 59 34 48 58 48 58 6 20 46 59 36 20 46 30 35 58 51 30 37 59 43 20 53 58 58 59 38 51 38 36 34 46 37 38 36 51 46 37 36 37 6 58 58 20 20 20 58 6 58 48 6 58 18 37 38 58 38 36 6 30 36 46 36 37 38 59 51 37 4 38 38 6 38 10 58 30 37 37 59 58
split_gain=545.65 202.004 160.867 121.441 138.587 106.049 78.2797 65.8132 61.8212 67.0352 61.7683 60.5508 56.2233 56.1192 55.5726 56.4948 54.6152 54.597 68.7111 59.8151 52.6693 52.4361 52.0335 51.1758 58.5381 49.282 48.4492 47.9729 47.225 53.9839 46.3552 44.9833 44.9141 39.4209 39.1684 38.1315 37.9972 51.6784 37.7988 68.1888 37.6205 37.4433 41.9558 40.4229 78.9168 37.3524 67.4116 38.1628 36.338 36.3333 66.9875 46.5663 43.9355 36.2933 36.2266 35.9638 35.8381 35.7093 35.523 35.1113 46.2351 56.4114 48.6451 38.2245 53.9451 48.1483 46.793 38.1284 36.2839 35.2931 34.2919 41.7391 34.2522 35.8133 41.5692 41.7111 79.4134 38.5118 38.3347 36.3273 52.7523 33.4092 76.686 33.2659 33.0709 33.0646 47.2744 33.0013 32.8484 69.7671 42.9328 48.2944 41.2638 43.4702 37.7558 35.5533 35.0006 33.9281 32.6757 32.6597 38.5897 32.393 55.5478 32.0931 32.0222 83.1822 48.8842 49.8054 42.5437 48.4881 40.0018 52.7791 40.2903 39.5637 37.2046 34.6978 33.4593 33.4475 32.158 66.0993 40.6818 34.0703 31.6082 31.5823 42.1485 31.4918 31.3936 38.4733 31.3484 31.1832 31.1598 49.799 49.2338 51.4709 47.6072 31.0824 31.0812 31.0175 30.8583 30.795 44.4164 45.8703 41.7068 63.5558 41.0051 49.4695 38.2525 42.5798 41.7705 44.4004 37.7851 31.2953 30.6049 48.843 30.4852 36.0008 40.2377 36.5694 36.4901 30.4498 39.9377 30.4347 30.0756 30.6367 38.599 30.0552 29.8822 29.7941 41.9009 31.485 29.7402 29.5391 31.5691 29.4845 29.4396 29.4395 36.1104 29.387 39.1152 36.1541 32.1839 29.219 36.9931 29.2153 29.2152 29.1651 29.1221 37.9831 41.3562 34.1825 29.0689 31.0612 28.9958 28.8211 28.8027 28.6783 58.5266 59.7809 32.8158 42.3691 40.85 32.8431 35.0569 31.674 32.1147 29.328 31.6355 37.046 28.5797 52.6648 38.8488 28.5421 29.6086 28.4681 33.3754 30.5011 28.2478 29.916 35.4577 47.9624 28.4381 28.2307 28.2009 31.748 28.1653 48.5123 36.2138 30.1387 28.0817 31.3016 28.0792 27.9883 40.5407 46.8612 28.2148 30.4902 45.3367 36.778 33.4242 32.9629 27.9036 27.8684 33.029 34.4578 31.57 27.7447 31.0265 27.6525 35.0196 35.727 27.6036 30.6036 31.6306 27.5094 27.5048 27.4582 27.4107 27.4035 27.2411 27.2246 35.9436 27.2036 27.1807 32.4622 27.161 26.9892 26.9201 28.2846 26.8898 26.8564 38.6054 37.2974 29.7777 26.7369 26.7364 26.6207 32.9838 26.5585 26.4398 60.5159 32.4221 35.8427 26.4385 28.8134 33.9228 26.4054 26.3072 26.3002 26.2271 44.2755 37.7259 26.113 27.4032 28.6565 29.1949 26.7002 28.5694 25.9811 28.9399 27.1161 25.9665 25.6307 55.0757 53.1845 34.5174 33.9978 31.4079 66.1713 36.1257 34.2423 32.6763 29.6836 29.5755 29.5511 28.2868 32.6634 33.6385 32.4074 31.9615 28.7094 26.3868 26.2501 25.5865 61.4494 36.2045 25.8977 25.5479 25.5454 34.1438 29.5259 30.9402 25.489 25.4337 31.3343 30.9569 37.838 51.2216 27.1449 38.9072 30.4279 28.0027 25.4041 25.3734 25.504 25.3305 25.2994 49.0042 25.141 50.1799
threshold=3.6300827559898614e-05 -0.0007298658019863068 0.96754714846611034 2.3822925868444148e-05 0.49410566687583929 9.7215175628662123e-05 4.3225847548455938e-05 1.1568568424991101e-05 0.00016850233078002932 2.6193780286121186e-05 0.33868363499641424 0.51597735285758983 0.11590498313307764 0.98296290636062633 -1.8797542907122985e-05 4.4174745198688477e-05 5.8253948736819445e-05 4.6054874474066316e-05 0.057586375623941428 -0.00041454011807218189 1.0000000180025095e-35 0.64581346511840831 0.78656607866287243 -0.34966661036014551 1.7732260857883379e-05 -7.3045492172241197e-05 9.4146438641473664e-05 5.6298764320672496e-05 -0.00011729444304364732 -0.2550568133592605 0.00014011141320224854 0.036956734955310828 3.8559683162020526e-05 0.20469312369823459 6.9699555751867606e-05 3.6051515053259213e-06 0.37940952181816107 -0.14856236428022382 2.6418048946652565e-05 0.6589319407939912 2.2404882656701378e-05 5.2592922656913295e-05 5.5832870202721103e-05 3.8928990761633038e-05 0.24557530134916308 2.0294140085752591e-05 2.3024778784019876e-05 2.4455049242533281e-05 1.9898179743904624e-05 0.57704597711563121 0.2186553552746773 0.60355338454246532 -0.00024234277225332332 7.7404885814758031e-05 3.052402280445677e-05 -2.846121788024902e-05 0.26376762986183172 5.3325620683608583e-05 0.00014011141320224854 2.8429125450202267e-05 2.664874318725197e-05 0.46655182540416723 0.47076448798179632 0.60355338454246532 2.6635276299202818e-05 2.5507172722427643e-05 0.141221858561039 0.84999999403953563 -8.4370374679565416e-05 0.35714477300643926 4.372003786556889e-05 0.47258700430393225 1.9896981939382389e-05 1.6268131730612371e-05 2.2865699065732773e-05 0.54200655221939098 -0.00164014141773805 0.46597737073898321 0.00059621804393827926 0.00075980229303240787 3.8559683162020526e-05 3.3813439586083411e-05 3.6833687772741548e-05 5.4311058192979551e-05 0.91597560048103344 -0.00050101292436011125 3.2025196560425691e-05 4.1244074964197359e-05 0.78656607866287243 -0.00017336010932922361 2.8211149583512455e-05 0.023678268305957321 3.8044510802137672e-05 0.63389557600021373 0.8133734166622163 2.466054229444126e-05 -0.1130007356405258 2.8429125450202267e-05 0.27474451065063482 -0.46329973638057703 2.1907469090365342e-05 3.4506432712078101e-05 4.1885470636771067e-05 0.60867986083030712 -0.37940952181816096 0.48328901827335363 3.5535042115952826e-05 -8.6337327957153307e-05 2.4228947040683128e-05 0.44639429450035101 -0.13686089962720868 -0.7218371033668517 -0.00032946467399597163 -0.6035533845424651 -4.060928858962142e-06 4.5493425204767852e-05 0.10873874649405481 0.39428134262561804 5.9505229728529237e-05 5.8512912801234058e-05 5.4308264225255705e-05 0.83499532938003551 2.440398566250224e-05 0.00084561109542846691 0.54812100529670726 0.31666667759418493 0.56238111853599559 0.60355338454246532 -0.00073921680450439442 0.30441923439502722 4.3762451241491369e-05 0.054928530007600791 2.5407388420717328e-05 -0.2425231263041496 2.4053175366134386e-05 -0.28358261287212366 -0.7865660786628722 2.2851065295981247e-05 0.35714477300643926 0.1446587219834328 2.6764284484670501e-05 4.1225181121262728e-05 2.2692839593219109e-05 1.7573670447745829e-05 0.78656607866287243 3.5535042115952826e-05 0.31837508082389837 3.3728194466675638e-05 3.5535042115952826e-05 5.1630477173603147e-05 -0.47424595057964319 -0.38096415996551508 2.3559812689200047e-05 2.9313241611816924e-05 0.23616648465394977 -0.78645977377891529 -0.91597560048103321 6.9699555751867606e-05 -6.1780214309692369e-05 0.40234862267971044 2.7155607313034128e-05 6.0801814470323741e-05 1.4484667190117763e-05 0.0016505244420841338 0.0012709101429209115 0.82351791858673107 4.8774249080452143e-05 2.7585536372498613e-05 0.55926221609115612 2.2241658371058296e-05 3.2025196560425691e-05 0.59997892379760753 2.2937307221582163e-05 -0.52308005094528187 3.8857850086060359e-05 -0.00066329198307357718 0.10931827872991563 5.042853808845394e-05 0.47139701247215277 4.0724962673266425e-05 -0.00029960274696350092 1.0000000180025095e-35 4.3762451241491369e-05 0.12940952181816109 3.5889497667085386e-05 -0.073908340185880647 5.9425945437396883e-05 2.7167950065631888e-05 3.2383237339672639e-05 2.4515611585229639e-05 0.32339318096637731 1.8592514607007619e-05 -0.20717138797044751 2.6304081984562803e-05 3.3671252822387039e-05 0.98296290636062633 3.8857850086060359e-05 3.31067385559436e-05 2.8141271286585837e-05 0.55326259136199962 2.4515611585229639e-05 3.6280063795857138e-05 -0.00043445023766253138 2.7474922717374287e-05 4.8606254495098262e-05 2.5229178390873134e-05 0.58582869172096264 0.00026613473892211919 3.6897032259730629e-05 2.5215815185219984e-05 2.3392370167130142e-05 0.42005780339241033 -0.10318369790911673 -7.4177980422973619e-05 -0.00020490577298915011 0.42152613401412969 0.47432087361812597 0.66229379177093517 0.19336109608411792 1.4314886811916951e-05 0.13398735225200656 0.00033026933670043951 -0.00010803341865539549 2.3297979169001341e-05 8.2438647950766622e-05 0.89332571625709545 0.89332571625709545 0.23687688261270526 0.25491838157176977 0.60355338454246532 0.58836010098457348 0.00028626207495108252 0.39148321747779852 0.56078943610191356 2.3882708774181086e-05 0.62298637628555309 4215277.7500000009 -6.5952539443969713e-05 -0.66771137714385975 0.17080054432153705 0.20320670306682589 3.0414218599617019e-05 2.4662036594236273e-05 3.8563950511161245e-05 4.7973642722354277e-05 -9.3877315521240217e-06 0.37940952181816107 1.6712576325517151e-05 2.2263940991251733e-05 0.54085850715637218 0.00079123766045086097 3.8267960917437456e-05 0.020396394655108455 0.00048472156049683695 2.9618285225296862e-05 0.49304473400115972 -0.29164627194404596 2.7986543500446718e-05 0.48211570084095007 1.9133090972900394e-05 3.0210583645384762e-05 0.98296290636062633 2.9618285225296862e-05 -0.19107577949762342 2.3444737962563526e-05 3.2983172786771327e-05 2.6013362003141086e-05 0.50049695372581493 -6.9707632064819322e-05 0.98296290636062633 2.5901375011017084e-05 -0.40104091167449946 0.51597735285758983 0.12889198958873752 0.51597735285758983 0.015761299990117553 4.6940494939917705e-05 -0.38224866986274714 0.60355338454246532 2.2719633307133339e-05 3.9707014366285882e-05 -0.057607440277934067 -0.00093048810958862294 4.4348820665618412e-05 0.35714477300643926 0.51884180307388317 0.00024157762527465823 2.0211710761941507e-05 0.78656607866287243 -0.00056214304640889157 4.5200704335002235e-05 0.0002992688241647557 0.45914472639560705 0.5969042479991914 0.98296290636062633 1.978579712158535e-05 0.38236738741397863 4.5628747102455243e-05 4.3880567318410619e-05 4.0038525185082115e-05 0.3486838042736054 6.1002949223620824e-05 4.3762451241491369e-05 4.2400091842864647e-05 0.084377389401197447 -1.0118133425712583 3.8158810639288283e-05 3.1615121770300909e-05 4.0704020648263402e-05 -0.30987431108951563 0.34114971756935125 0.3034853488206864 2.5466690203757029e-05 4.5626135033671751e-05 2.1779419512313328e-05 0.67121624946594249 -0.032838178798556321 0.47374907135963445 -1.2373660206794737 0.03189376741647721 0.42797046899795538 5.1677227020263679e-05 6.1002949223620824e-05 6.7362900153966634e-05 0.56401151418685924 3.0824136047158397e-05 4.0244685806101195e-05 -0.022667879238724705 -0.00044175982475280756 2.2285070372163321e-05 -0.49205572903156275 2.9606451789732095e-05 1.1603828625084136e-05 1.268043297386612e-05 -0.98296290636062611 0.94219541549682628 1.6645274627080656e-05 0.46806019544601446 2.8293181458138864e-05 3.2302405088557869e-05 0.29127477109432226 2.9818404073012065e-05 0.61666667461395275 0.47258700430393225 -0.00028857588768005366 6.1002949223620824e-05 4.3279676901875071e-05 0.60355338454246532 0.4370639324188233
decision_type=2 2 10 10 10 10 2 2 10 2 2 8 10 2 2 2 2 2 10 2 2 10 2 10 10 10 2 2 2 2 2 2 10 10 2 2 2 2 10 10 10 10 10 10 2 10 10 10 8 10 2 2 2 2 10 10 2 2 2 10 10 10 10 2 10 10 2 10 10 10 2 10 2 10 10 10 2 8 2 2 10 10 10 2 2 2 10 10 2 10 2 2 10 10 10 10 2 10 2 2 10 10 10 10 2 10 10 10 10 10 10 10 10 2 2 2 10 10 10 10 10 10 10 10 10 10 10 2 10 2 10 2 10 2 10 2 2 10 10 10 10 10 10 10 2 10 10 10 10 2 10 10 10 2 10 10 2 2 10 10 10 2 10 2 2 10 2 10 10 10 10 10 10 2 2 2 2 2 10 2 10 2 10 2 10 2 2 10 2 2 2 10 10 10 2 2 2 10 10 10 2 10 2 10 2 10 10 10 2 10 10 10 2 10 2 10 8 10 10 10 2 10 10 10 10 10 10 10 10 2 10 10 10 10 10 10 2 10 10 2 10 10 10 2 2 10 2 10 10 10 10 2 2 2 10 2 2 10 10 10 10 2 10 2 10 2 10 10 10 2 10 10 10 10 10 2 2 10 2 10 2 10 10 10 10 10 10 10 2 2 2 10 10 10 2 10 10 10 10 10 10 10 10 10 10 10 10 10 10 2 10 10 2 2 2 10 2 10 10 2 10 10 10 10 10 10 10 2 10 10 10 10 8 10 2 8 10 2 10 8 2 10 10 10 10 10 10 2 10
left_child=1 7 5 6 12 17 16 104 9 230 11 173 13 41 15 49 99 21 19 -19 45 72 -21 128 -25 126 35 85 322 -30 32 241 332 -9 -34 194 171 137 40 123 -16 43 -43 59 103 48 58 -48 154 51 122 52 -6 162 344 70 222 -24 -47 60 61 68 63 64 135 66 152 192 69 -5 71 -33 190 245 216 76 264 78 -78 80 88 183 -83 98 -82 86 342 184 92 265 91 167 93 278 300 -95 -96 -98 -71 100 136 -79 174 282 105 106 107 108 115 113 111 118 116 -110 327 117 262 -1 120 121 125 -120 -51 195 -125 -106 -23 -128 -22 345 132 165 134 -134 -10 -62 -3 -38 -88 142 141 150 143 -61 -144 -146 147 -142 151 288 -141 257 153 -65 155 -13 157 287 -158 160 -29 240 258 164 -164 -132 -66 168 169 -91 -80 172 -26 -8 285 176 -175 179 -179 -152 -181 -121 -183 -27 -84 291 187 208 189 -189 253 -192 -63 -72 -7 198 -197 274 203 200 -200 205 -203 204 -40 206 254 -208 210 211 -42 212 -210 -67 215 -215 217 218 220 -220 -75 -185 223 -39 226 -226 227 -112 -211 -230 -4 -187 234 255 269 236 237 -236 -237 -240 -12 242 -15 -244 -245 -74 -247 -130 -249 -250 -165 -252 -253 -2 -201 -234 -156 -148 -11 260 -41 -135 -113 -264 -76 -90 -212 -268 -202 286 271 -271 -273 -104 -198 276 -177 -50 280 -280 -77 -282 -45 284 -284 -103 -233 -157 289 -150 -291 -101 -293 294 -294 296 -296 298 347 -299 -92 302 303 304 306 -305 309 -308 -309 -127 311 -311 -307 -312 -306 317 -317 319 -319 320 -316 -304 324 -324 325 -17 -86 328 -107 -329 -331 -190 333 -20 335 -334 -337 339 -339 -336 -341 -195 343 -14 -31 346 -81 -266 -349
right_child=2 3 8 4 14 26 10 33 130 53 161 20 27 31 38 28 -18 18 30 22 23 25 57 24 36 81 -28 159 29 54 -32 55 34 -35 -36 -37 37 56 39 259 186 42 -44 44 -46 46 47 -49 277 50 -52 -53 -54 -55 -56 -57 -58 -59 -60 139 62 67 -64 65 166 213 -68 -69 -70 83 193 -73 73 74 75 79 77 101 170 129 84 82 87 -85 326 -87 138 -89 89 90 94 -93 -94 95 96 -97 97 -99 -100 185 -102 102 273 -105 110 114 -108 -109 109 -111 224 112 -114 -115 -116 -117 -118 -119 119 181 -122 -123 -124 124 -126 301 127 -129 247 -131 131 -133 133 261 -136 -137 -138 -139 -140 140 146 -143 144 -145 145 -147 148 -149 149 -151 177 -153 -154 -155 256 156 158 -159 -160 -161 -162 -163 163 250 -166 -167 -168 -169 -170 -171 -172 -173 -174 175 -176 275 -178 178 -180 180 -182 182 -184 221 -186 231 -188 188 331 -191 191 -193 -194 341 -196 196 197 -199 199 201 268 202 -204 -205 -206 -207 207 -209 209 228 266 -213 -214 214 -216 -217 -218 -219 219 -221 -222 -223 -224 -225 225 -227 -228 -229 229 -231 -232 232 233 -235 235 238 -238 -239 239 -241 -242 -243 243 244 -246 246 -248 248 249 -251 251 252 -254 -255 -256 -257 -258 -259 -260 -261 -262 -263 263 -265 297 -267 267 -269 -270 270 -272 272 -274 -275 -276 -277 -278 -279 279 -281 281 -283 283 -285 -286 -287 -288 -289 -290 290 -292 292 293 -295 295 -297 -298 299 -300 -301 -302 -303 321 305 314 312 307 308 -310 310 313 -313 -314 -315 315 316 -318 318 -320 -321 -322 -323 323 -325 -326 -327 -328 329 -330 330 -332 -333 334 -335 337 336 -338 338 -340 340 -342 -343 -344 -345 -346 -347 -348 348 -350
leaf_value=0.0092290840731386187 -0.0016528527556699108 0.0063690223533747542 0.0031204562215367271 -0.005478520072180906 -0.0061322702435116514 -0.0013947614758463148 0.006646261531218705 0.0062185776394507852 -0.003497260583325972 0.0087421337317815286 0.0040070970147403611 -0.0027005668450311945 0.0003981518273707088 -0.011958386584970854 0.0099018752122730508 0.0018573122635477013 -0.00062302556731535 -0.010120460659162295 -0.016374699878369738 0.00045231662750870746 -0.0079118756607085422 -0.0028895797966811809 -0.002960812296780978 0.0060252467017559118 -0.0050148422882634628 -0.001827484987079886 -0.0096651554946694234 0.0075051180060659766 -0.014011402209972308 0.0041892282156591725 -0.0062028001986289662 -0.011946539141251782 0.0029582307032179553 -0.0073162586906669914 -0.010232137241909757 -0.00036644332507549966 0.0019419841517457157 0.0095325231014604817 0.0011047998844896543 0.007533059437906736 -0.0095937226952949439 -0.012716789733328604 -0.0025989318726409639 -0.010365506211301705 0.020358446539388647 -0.0024911219577114009 0.009454789008060965 0.0014701651735116318 2.5210123802750902e-05 0.012803817860334597 -0.0050511731508014971 0.0010304511268935162 -0.00041300045716391475 0.012186314869949803 0.0044598642655441631 -0.011666314253640146 0.013797902477663071 0.0063129565710689662 0.011885078207184088 -0.0088827858463912893 0.011737833128761033 -0.0024077578574697939 0.004337250822040473 0.0072293911511600185 0.012012800537097905 -0.0074333295565164386 -0.0071414950992587942 0.0048011139100622505 -0.0016572770111587716 0.00062839952964583877 0.015851072031818646 0.0058016886930226177 0.0015535131727240834 -0.0016502482870738963 0.0021512372173266851 -0.0019745917054762507 -3.6832517034323662e-05 0.0028096015206986592 -7.4419426605024154e-05 -0.0095061088773355194 0.0049291500793588851 -0.0077378034155048568 -0.0070058382063664798 0.010994453662300601 0.0099285397234884429 0.00025415973835540796 -0.00077951954260431727 -0.0024704373897956322 -0.0016937962409866835 -0.0086978109787548014 -0.005326190562493254 0.00020173192063115448 0.0060506836904147552 0.0011393683816991003 -0.0088171013125288404 -0.0093816575122629489 0.012660056699750849 -0.0016778677049287863 0.0076956452545290065 0.0017015968282905823 0.010060346473918838 0.005226981270184841 -0.0045639043754248741 0.015172043593750085 -0.0041129044978634515 0.00068126156158356324 0.01046413193057485 -0.0055311315985825775 -0.0032178910229417323 -0.014236733501845622 0.0044548200880037032 0.00063565723364669886 0.001185664501994012 0.013068746126631666 0.0022040156737714645 0.0133527416479719 0.0010306127139407947 -0.0011319148346405419 -0.016921791858202574 -0.0097923981035352645 0.010559949111095476 -0.0015405943888975727 0.0033995393775124562 0.0038336981382332542 -0.015115776363045568 0.0090996116670452095 -0.0028222523229029699 -0.016619893230446728 0.017195759588864712 0.0068797844615329897 -0.00040543832700435571 0.0078466267512077546 -0.017985097061616606 -0.0051634799095820532 0.0036629368125852186 -0.00067403305342133505 -0.0068964896649831202 -0.015162941495259614 0.013259254904517416 0.0085368112557183372 -0.011641009973225796 0.0088313022567234663 -0.0057723054291931647 0.012401459557145335 -0.0018432092830327077 0.017212977183614041 0.004861129922852132 0.0076730564067430933 0.0036779660361796985 0.012737718033071162 -0.0030667582353658615 0.00088496170677108109 0.008104971700948484 -0.014681164803426766 0.01311239326419426 -0.0026548683795714813 0.0098760942466088637 0.0083384199763417936 0.0043586160067070499 -0.012105688072124974 -0.012863222436564261 0.0088087369177337043 -0.0040008800591004607 0.0061920502371371989 -0.011836478992122508 -0.01347015825088203 -0.0017005286533690221 0.0029016242629051215 0.01607369258018887 0.011085196194190907 0.0056199827524640224 0.0076854605673352654 -0.015853715900490995 0.0093900836311746182 0.0015846724877691572 0.0014621150017749365 -0.0020732862362562716 0.0029883150477161046 -0.011790156499474338 -0.012172422539204855 -0.0049939538740687971 -0.0062977703447196368 0.0065535418716778718 -0.0013188029479054184 0.0081758397227883247 -2.6547457300398455e-05 -0.0071749618739376554 0.0039896766043933645 0.0023725844918323935 -0.005480176839336849 -0.00098743014615771296 -0.014895674788844682 -0.0061506128212518406 -0.0058713023820177995 -0.0028088660768584611 -0.010490358775725033 -0.012565184932425 0.01623928538075689 -0.0061969231244438294 0.01437148505330637 0.002311623112576126 -6.4128288825082157e-05 0.011727637113392067 0.008196643877618523 0.010365412230644872 0.00050230792082632493 -0.002943188924585415 0.011233650968314425 -0.0059321329651438074 -0.012676886090583603 0.0015978828211229044 -0.0072796364077805324 0.0019117260564885782 -0.0061605532464176493 -0.0084620396193838456 0.0082849650714113196 -0.00015634313334596134 -0.0015262442935821833 0.01476131846729252 0.0016502291824800571 0.0020685528416066671 0.00059616238169726051 -0.0020796109599309433 -0.0063230619333077363 0.010614741320589167 -0.011645639026755068 0.018024590799282474 -0.00029605332473161503 -0.011169931951777876 7.6196975668329264e-05 -0.0046315837684930659 0.00057921865097740311 0.0011404224919232032 0.004812734434811769 -0.0067948602380273095 0.0047550313525721007 0.003352600892907519 0.0028727047216382984 -0.0051251835344165884 -0.019294673346150263 -0.00014325584383085587 -0.017063203670409439 -0.011128549455253649 0.011425728606753782 -0.006369105169431376 -0.00016987573718480487 0.0026927754929067411 0.00027673831914117936 0.014709982263473045 0.0039869097773823073 -0.014663579365232238 -0.0070272643215632969 0.0095146064368886261 0.0035874266504603951 0.0028388790465175592 0.012891322716957048 -0.00079330192522986608 -0.005751518098779892 -0.0049841830668658138 -0.0049171342140895396 -0.0025264891835664782 -0.015325762989188059 -0.013012051396499441 -0.0037317276700295889 9.6314679870251459e-05 -0.0097118451590117484 0.0097975251572215132 -0.0043030212917638776 -0.0010689806961604196 0.0018054580261350733 -0.0082047582650705379 -0.0040505450297701039 0.0050202892873387577 0.011168591523822199 0.0015782063231781743 0.0011623478982817554 -0.00081736816328857392 0.016053321261680183 0.0075572361954920732 -0.0054224701303733679 0.0097691475370212735 -8.8590426412131561e-05 0.012032747393565635 0.0089394891383959806 -0.0032109146863984325 -0.0072881855337799898 0.0035624831409236898 0.0057089574681777142 -0.00010841107749991994 -0.014083904747582398 -0.0021624288670345562 -0.00085753603754290357 0.0015921069485854825 -0.0019926410023058047 -0.006981002606651545 0.001293339516569353 0.0034481823757937682 0.0056015993432944914 0.011370387096728649 -0.0029545916108732781 0.002603661237410574 0.011991491305489481 -0.0075311050691507777 -0.0014085835082286989 -0.0055488000859005536 -0.001484558895263943 0.015671747253411084 -0.012888352507773253 0.00072008609340682317 0.0012773750110087276 0.0026422999134987357 0.021346584570271047 0.012196899747772614 -4.3375234331403894e-05 -0.00065271576407575026 -0.0030583732407745631 0.016075387088231759 -0.01007289673259306 -0.0003804173517084958 -0.0012970357621096469 0.01208058127735016 0.007194822984472141 -0.012054382244627005 0.0088610425013884511 0.0069774075331930883 0.0059180671281548426 -0.0041999512470591461 0.0056128991322373367 0.012519391848146807 0.017906734656329294 0.0068980286138620259 0.010427306516849954 -0.00094165282821660767 0.00088564461440642135 -0.001917518018877149 -0.004809916910903672 0.0117397369746494 -0.00051704171487375198 0.0098658758948574829 -0.0056599950080145293 0.0032380592229534389 0.0093603550903541225 -0.0054895214911617855 0.01589655811879602 -0.0046208957943280555 -0.011182517898505178 0.0014691059270274026 -0.0045553651690206868 -0.00080668183886848255
leaf_weight=183.99568782746792 5259.433289155364 74.499644115567207 1483.2121531367302 288.99424225091934 815.98681178689003 14383.277277752757 318.74761158227921 1855.2252467423677 4305.6058437526226 132.99819719791412 3154.7290367633104 215.24957667291164 160.24687317013741 240.49681986868382 109.24900595843792 2071.4794423431158 16318.877965807915 229.73794431984425 96.748209118843079 15208.751695424318 81.249728128314018 640.73402820527554 2836.9315782934427 361.99770191311836 615.49478773772717 6095.6563111543655 290.48433542251587 94.997174307703972 96.496829614043236 170.74739749729633 912.96353201568127 122.24756968021393 1202.9655336886644 83.748598456382751 89.49453841149807 7972.3524153530598 60.24943134188652 200.24861687421799 1086.7347119748592 183.74712944030762 170.74858684837818 223.74066208302975 580.73340630531311 81.744999751448631 86.747412964701653 1139.7402979880571 470.9961728900671 485.74247224628925 53.499798834323883 148.24847945570946 369.24432945251465 4738.9384559392929 1547.7267082333565 51.99799445271492 601.48538136482239 103.24837718904018 80.999214485287666 168.99605688452721 65.248962670564651 82.998254016041756 77.998711243271828 2195.223421022296 1276.484558403492 84.499253168702126 264.74623644351959 670.73693881928921 164.74823953211308 210.24788123369217 3943.9502396434546 2838.7188051939011 73.749579980969429 82.999055773019791 9182.6990224719048 3572.2184792757034 1476.4834254235029 1425.7207396477461 7465.8924966752529 8439.6319036632776 597.24185574054718 289.99162514507771 1023.7226015329361 869.44304640591145 55.247815534472466 139.9980588555336 52.998722448945045 8135.6118755936623 80.497600182890892 513.22562691569328 412.99123553931713 54.74952045083046 545.24175995588303 478.2427823394537 220.24384020268917 162.74614408612251 54.498645976185799 574.73187930881977 184.99680356681347 97.748135104775429 280.49777984619141 16451.662050366402 65.999495029449463 71.748915374279022 50.748117938637733 50.748802974820137 333.24386014044285 289.240831553936 172.74652573466301 521.98991547524929 218.99725183844566 106.49565142393112 2922.9147720634937 477.74156235158443 3548.6677309274673 72.997666731476784 504.48678968846798 145.74856086075306 976.4698963612318 350.99617895483971 137.49010819196701 68.493987992405891 212.73678559064865 98.2436633259058 1911.9635158032179 79.248251721262932 98.496867090463638 299.99355338513851 150.49417592585087 176.99012243747711 56.749832630157471 80.498046413064003 247.48768593370914 223.24221561849117 132.98898692429066 3000.8469056338072 399.98264281451702 1303.2308420389891 550.99680508673191 122.99860011041164 261.24256484210491 89.747807458043098 217.99461385607719 112.24722856283188 2190.203923240304 140.74822390079498 744.73701630532742 50.74919581413269 112.99790999293327 51.249069392681122 108.49851232767105 50.499051690101624 1691.9726804047823 5116.6395753622055 349.49587765336037 64.999097630381584 54.249390989542007 489.74825999140739 1050.745296984911 280.24757187068462 916.49453392624855 189.74336503446102 53.498279273509979 417.74331998825073 1057.4648967534304 173.74161033332348 328.97938458621502 90.745029598474503 80.498662710189819 237.49752274155617 276.49750927090645 58.249561801552773 942.23157645761967 52.499458387494087 126.74864266812801 312.49835076928139 353.99065923690796 3571.2265967279673 163.49936467409134 403.49211132526398 78.748630493879318 407.99198783934116 678.98948207497597 110.7453838288784 366.97699312865734 5031.6697477549314 276.48963916301727 32152.321019813418 338.48868797719479 234.24689809978008 510.99225038290024 405.99476715922356 127.24839514493942 124.24705728888512 1339.9850680828094 87.248699828982353 9642.7781882584095 228.74654279649258 67.498270481824875 84.248693913221359 394.74371694028378 198.99698428809643 1751.222497060895 148.49637046456337 305.74169170856476 535.99376849830151 166.24704612791538 1522.4779825657606 250.49618765711784 95.247883901000023 244.74625687301159 309.99653500318527 1516.2325816750526 259.4963997900486 799.49061331152916 79.748562201857567 131.99740789830685 171.7472210675478 32089.922149837017 16437.073098659515 112.7490106523037 1523.2346864938736 1060.4908697158098 7908.8762789219618 564.24390602111816 60.499261856079102 50.997921466827393 111.24388734996319 63.494658276438713 651.97183372080326 160.497214153409 239.74623715877533 206.48892556130886 29760.81718288362 10281.433780044317 1696.9900072962046 526.74330441653728 71.999524831771851 607.49485166370869 217.74811218678951 206.99661774933338 94.748659670352936 814.241146042943 141.49073116481304 83.996044456958771 89.497906759381294 60.747230246663094 13253.133099064231 1701.7339495718479 611.99821349978447 166.99873082339764 463.49785244464874 67.744430705904961 92.744121357798576 77.495145931839943 426.24315220117569 145.74782839417458 72.249658331274986 629.2438293248415 517.24042123556137 91.247631415724754 1086.9726518541574 540.48747028410435 103.74062545597553 165.24631860852242 1296.718773946166 5508.9021023511887 279.99257710576057 54.749468117952347 650.24321603775024 2016.7153813093901 1336.74263677001 283.99800157546997 1151.4899730682373 158.49869225919247 185.99481412768364 178.24681413173676 12226.915356367826 8730.4351658821106 174.49861584603786 155.9965605288744 1200.2161656320095 221.49579457938671 412.74162504076958 59.748547613620758 140.49749052524567 417.23776032030582 507.48728330433369 1223.7424708306789 207.49928815662861 266.24523840844631 322.73833736777306 161.24500931799412 4009.2191174030304 11660.932379499078 1154.2432470917702 461.49670957028866 594.99478594958782 129.99868951737881 488.48958326876163 68.7484992146492 205.24434623122215 229.74690806865692 94.991193234920502 330.23147810995579 124.24606309831142 325.24429702758789 72.245805904269218 53.498413562774658 172.99616734683514 135.74405683577061 53.499097883701324 10957.560437127948 60.749103724956512 419.98948842287064 1926.4540423303843 91.247262194752693 53.248368307948112 96.496771886944771 139.49345162510872 1769.9647756665945 201.9959886521101 212.49558942019939 49.997402027249336 116.24626134335995 94.995827659964561 1438.9790126383305 901.7377996891737 316.74215511977673 284.49715787172318 139.74756872653961 296.74209213256836 176.24578095972538 223.4973526597023 851.23797239363194 68.999043881893158 15634.701935365796 101.49864818155766 241.99555838108063 1050.2341187298298 159.24667629599571 1452.7082484960556 151.49722927808762 73.24779936671257 180.24663364887238 49.999235078692436 483.49285812675953 234.73233613371849 354.48752750456333 1836.2153832316399 6356.6466101258993
leaf_count=736 21038 298 5933 1156 3264 57534 1275 7421 17223 532 12619 861 641 962 437 8286 65276 919 387 60836 325 2563 11348 1448 2462 24383 1162 380 386 683 3652 489 4812 335 358 31890 241 801 4347 735 683 895 2323 327 347 4559 1884 1943 214 593 1477 18956 6191 208 2406 413 324 676 261 332 312 8781 5106 338 1059 2683 659 841 15776 11355 295 332 36731 14289 5906 5703 29864 33759 2389 1160 4095 3478 221 560 212 32543 322 2053 1652 219 2181 1913 881 651 218 2299 740 391 1122 65807 264 287 203 203 1333 1157 691 2088 876 426 11692 1911 14195 292 2018 583 3906 1404 550 274 851 393 7648 317 394 1200 602 708 227 322 990 893 532 12004 1600 5213 2204 492 1045 359 872 449 8761 563 2979 203 452 205 434 202 6768 20467 1398 260 217 1959 4203 1121 3666 759 214 1671 4230 695 1316 363 322 950 1106 233 3769 210 507 1250 1416 14285 654 1614 315 1632 2716 443 1468 20127 1106 128610 1354 937 2044 1624 509 497 5360 349 38572 915 270 337 1579 796 7005 594 1223 2144 665 6090 1002 381 979 1240 6065 1038 3198 319 528 687 128361 65749 451 6093 4242 31636 2257 242 204 445 254 2608 642 959 826 119044 41126 6788 2107 288 2430 871 828 379 3257 566 336 358 243 53013 6807 2448 668 1854 271 371 310 1705 583 289 2517 2069 365 4348 2162 415 661 5187 22036 1120 219 2601 8067 5347 1136 4606 634 744 713 48908 34922 698 624 4801 886 1651 239 562 1669 2030 4895 830 1065 1291 645 16037 46644 4617 1846 2380 520 1954 275 821 919 380 1321 497 1301 289 214 692 543 214 43831 243 1680 7706 365 213 386 558 7080 808 850 200 465 380 5756 3607 1267 1138 559 1187 705 894 3405 276 62540 406 968 4201 637 5811 606 293 721 200 1934 939 1418 7345 25427
internal_value=5.73662e-06 0.000602694 -0.000703097 0.000400808 -0.000273225 -0.000580652 0.000694524 0.00203222 -0.00293215 -0.000795928 0.00147424 0.00119466 -0.00104081 -0.0014331 0.000696409 0.00156661 0.000459496 -0.000401615 -0.00105391 -0.000153322 0.00252377 -0.000226541 -2.32211e-05 0.000605424 -0.00125667 -0.00113554 -0.0016407 0.000338011 0.00308991 -0.000197209 -0.00180813 -0.00574042 -0.00161571 0.00560632 0.00198756 -0.00156545 -0.00267542 -0.000240437 -7.97417e-05 0.000616458 -0.00132711 -0.00127166 -0.00551042 -0.00115804 0.00315758 0.00363765 0.0015053 0.00544675 0.00476463 0.000609857 0.00271678 -0.000113061 -0.0024014 -0.00319925 0.000946328 -0.00150493 0.00173959 -0.00242406 -0.00163941 -0.00128103 -0.000644227 -0.0013417 0.00101549 -0.000222719 0.00187468 -0.00232941 0.00187693 -0.00334303 -0.000338707 0.00112736 0.00104814 -0.00482099 -7.35137e-05 -1.92153e-06 -0.000170366 0.000285977 0.00061046 0.00149742 0.000556946 -0.000877009 -0.000466679 -0.000928541 -0.00359631 0.00172508 0.00308766 0.000622627 0.00466956 0.000697782 -0.00114925 0.000496549 0.00222837 0.00500519 -0.0022433 -0.00269386 -0.000547026 -0.00707257 0.00496711 0.00779349 0.00128199 0.000613145 -0.00369582 0.00237757 -0.000736824 0.000974142 0.00181898 0.00363609 0.000604113 -0.000506361 0.00194678 -0.00320292 0.00160268 0.00131591 -0.000244523 0.00109364 0.00679908 0.00496349 -0.00198339 0.00251494 0.00184757 -0.00210785 0.00201847 -0.0107725 0.00412316 0.00130446 -0.00686586 0.00191273 -0.00552786 -0.0104977 0.00362473 -0.00455273 -0.00387599 0.000668643 -0.00419759 -0.00609578 -0.00288345 9.04282e-05 -0.00525603 -0.00969309 0.0100102 -0.00202757 -0.00149651 -0.0033431 -0.00373854 0.00447203 -0.00436415 -0.000468214 -0.000570286 -0.00784936 -0.000266774 -0.00423034 -0.00377097 0.000365319 0.00492017 -0.00255875 0.00428561 0.00511216 0.00568901 0.00234638 0.00733368 -0.00696594 -0.000115403 0.00371033 -0.00364129 -0.00450195 -0.00591737 -0.00414084 0.00884925 0.00862035 0.0119788 0.00155874 0.00342186 -0.00597704 -0.00701505 0.000676536 -0.00293923 0.000598335 0.00548337 -0.00412974 0.000422013 -0.00491857 -0.0077576 0.00173314 0.0035197 -0.000686872 0.00554204 0.000639469 -0.00154025 -0.00120085 0.00169445 -0.00200894 -0.00155621 -0.00810595 -0.00383713 0.00618005 -0.00196305 0.00146853 -0.00289412 0.00249513 0.00175378 0.00111951 -0.000142301 0.00308334 0.00793836 0.0041595 0.00239147 0.00206178 0.00545517 0.00112807 -0.00210567 -0.0038563 -0.000623742 -0.00145068 4.21734e-05 -0.00497192 -0.000602932 0.00365563 -0.000538398 -0.00107811 9.73894e-05 0.00262126 -0.000796865 -0.000148788 0.000434536 0.00577497 0.00351506 -0.00447847 0.00388055 0.00358965 -0.00820677 -0.004564 0.00215576 0.000429511 0.000736926 0.00173937 0.000397673 -0.00209115 -0.000677573 -0.00396682 -0.00708326 -0.00995786 0.00315707 -0.00940371 -0.00687594 -0.00143517 0.00427265 0.0006887 0.000157135 0.00439019 0.00369904 0.00697584 0.000286296 -0.0040864 0.000591885 -0.00125551 0.0096708 0.00123231 0.000449334 -0.00381165 0.00317748 -0.00292734 8.01585e-05 -0.00554157 -0.00349867 -0.00484579 -0.000425535 -0.00500727 9.7747e-05 -0.00311033 0.000503789 0.000524776 -0.00130281 -0.000539723 -0.00292923 0.00775723 -0.0025802 0.000501779 -0.000155104 0.0124207 -0.00173428 -0.00389393 -0.000302863 0.00343285 -0.000216283 0.0012427 -0.00113447 -0.00568787 0.000697933 -0.000129288 -0.00533654 -0.00765317 -0.0102119 0.00112569 0.000599122 0.00101647 0.00128789 -0.00169264 -0.00467345 -0.000689611 -0.000880451 0.00306539 -0.00297279 0.00202836 0.00196899 0.00213659 0.00191933 0.00787011 0.00233922 -0.00341792 -0.00703805 0.00249801 0.00234014 0.0126474 0.0101972 0.00224095 -6.62804e-05 0.000644015 0.0094615 6.78886e-05 -0.00112756 0.00452869 0.00833679 -0.00548639 0.00404998 -0.00266856 0.00437589 0.00310146 -0.00200739 0.00872504 0.00469625 0.0109338 0.0139876 0.00490949 -0.00185152 -0.00947944 -0.00178332 0.00132956 0.00685133 -0.00198541 0.000905874 -0.00218858 -0.00480779 0.00119453 -0.00011144 0.00453147 -0.00229875 -0.00565205 -0.00352534 -0.000948518 -0.00165048
internal_weight=515791 279992 235799 245352 74465.5 223530 170887 34639.7 12268.8 3764.11 39569.7 35183 41562.8 32356.7 32902.7 15507.8 131317 191241 40458.7 18444.4 9859.68 150782 18214.7 3626.47 2245.98 21718.8 32288.9 9206.08 5975.66 1352.22 22014.3 1158.97 21101.3 1938.97 1292.46 31998.4 1883.98 1089.24 17395 11166.6 6228.42 31197.7 804.474 30393.2 836.725 6233.2 2161.73 956.739 4071.48 9532.11 2429.46 7102.65 2363.71 2074.41 1255.73 542.741 905.991 3005.93 1204.99 29556.5 15958.5 11237.6 4720.93 3444.45 1726.47 1717.97 663.742 3745.46 7492.16 3548.21 439.493 205.247 129064 123126 98988.9 44193.2 34555.7 18615 9005.37 9637.52 8677.81 20750.6 1714.41 3259.21 1393.46 8867.84 732.233 844.963 7284.35 2910.45 2217.47 1105.24 4373.89 4153.65 1112.23 737.478 337.244 282.745 3119.22 114998 691.496 9609.6 1169.97 749.978 32700.7 3464.93 1773.97 1601.22 1079.23 398.491 29235.8 25435.2 6464.84 291.995 1690.96 680.74 2916.18 534.992 18970.3 781.95 18188.4 235.734 2060.21 9355.35 177.745 17975.6 968.218 327.484 1380.49 959.71 8504.64 561.475 7943.17 3237.58 4705.59 1381.23 625.496 183.248 341.74 13598 10388.5 3463.19 3209.44 223.746 2985.69 795.486 6925.35 269.244 6656.1 909.226 3350.94 5746.88 498.994 149.498 3843.48 3159.98 2944.73 977.495 1967.24 338.239 148.495 4386.71 2022.42 1798.17 1386.44 338.233 345.245 626.994 389.497 112.999 1539.47 794.743 742.243 25323.3 933.227 25004.6 475.998 3261.19 482.241 2778.95 1086.98 546.216 477.722 19036.2 331.737 114307 6119.17 5780.68 1374.73 640.242 5937.17 251.495 3535.21 234.246 24026.1 9177.6 558.74 329.994 8618.86 6829.89 4162.68 2667.2 454.238 1788.98 1252.98 2212.97 690.489 345.744 4405.95 2013.97 2391.97 1303.73 1044.24 1054.23 383.493 251.496 54795.7 22705.8 6268.69 1635.98 4632.71 12940.5 824.992 260.748 3800.62 162.242 3638.38 3574.89 710.24 400.243 1689.7 79844 47691.7 12050.7 35641 1725.73 1351.99 744.491 373.745 301.745 3968.97 616.229 474.738 234.241 150.245 24137.6 14954.9 1299.24 1242.49 630.497 411.725 237.984 170.239 5685.68 344.745 10353.7 683.493 630.238 224.246 1811.21 724.235 3104.59 1939.71 1461.97 15940.7 692.984 2221.23 704.993 3767.94 33915.3 2930.73 2646.73 1309.99 236.743 245.745 24528.6 12301.7 227.998 3416.17 1356.21 2059.96 634.237 699.229 617.484 476.986 579.236 30984.6 697.248 858.727 592.482 483.983 34462.5 18010.9 14001.7 12847.4 1186.49 591.495 14464.2 13770.5 693.734 774.989 17642.4 17547.4 17167.2 16550.7 616.481 13660.5 362.239 308.74 13298.3 12998.3 114.248 492.235 12884 2890.19 2564.94 149.745 2415.2 1909.46 505.739 303.743 380.229 4623.44 211.242 4412.2 2973.22 369.741 1186.47 428.988 757.485 472.988 734.49 19808.9 165.747 19643.1 1194.73 343.494 18448.4 1209.48 17238.9 1604.21 160.496 390.493 210.246 654.24 879.211 644.479 13701.8 8192.86
internal_count=2063191 1119980 943211 981418 297867 894134 683551 138562 49077 15057 158280 140733 166254 129429 131613 62032 525271 764976 161838 73779 39439 603138 72860 14506 8984 86877 129158 36825 23903 5409 88059 4636 84407 7756 5170 127996 7536 4357 69581 44667 24914 124793 3218 121575 3347 24933 8647 3827 16286 38129 9718 28411 9455 8298 5023 2171 3624 12024 4820 118228 63835 44951 18884 13778 6906 6872 2655 14982 29969 14193 1758 821 516261 492512 395961 176776 138225 74461 36022 38551 34712 83004 6858 13037 5574 35472 2929 3380 29138 11642 8870 4421 17496 16615 4449 2950 1349 1131 12477 459995 2766 38439 4680 3000 130806 13860 7096 6405 4317 1594 116946 101743 25860 1168 6764 2723 11665 2140 75883 3128 72755 943 8241 37422 711 71904 3873 1310 5522 3839 34020 2246 31774 12951 18823 5525 2502 733 1367 54393 41555 13853 12838 895 11943 3182 27702 1077 26625 3637 13404 22988 1996 598 15374 12640 11779 3910 7869 1353 594 17547 8090 7193 5546 1353 1381 2508 1558 452 6158 3179 2969 101294 3733 100019 1904 13045 1929 11116 4348 2185 1911 76146 1327 457229 24477 23123 5499 2561 23749 1006 14141 937 96106 36711 2235 1320 34476 27320 16651 10669 1817 7156 5012 8852 2762 1383 17624 8056 9568 5215 4177 4217 1534 1006 219185 90824 25075 6544 18531 51763 3300 1043 15203 649 14554 14300 2841 1601 6759 319378 190768 48203 142565 6903 5408 2978 1495 1207 15876 2465 1899 937 601 96551 59820 5197 4970 2522 1647 952 681 22743 1379 41415 2734 2521 897 7245 2897 12419 7759 5848 63764 2772 8885 2820 15072 135662 11723 10587 5240 947 983 98115 49207 912 13665 5425 8240 2537 2797 2470 1908 2317 123939 2789 3435 2370 1936 137851 72044 56007 51390 4746 2366 57858 55083 2775 3100 70571 70191 68670 66204 2466 54643 1449 1235 53194 51994 457 1969 51537 11561 10260 599 9661 7638 2023 1215 1521 18494 845 17649 11893 1479 4746 1716 3030 1892 2938 79237 663 78574 4779 1374 73795 4838 68957 6417 642 1562 841 2617 3517 2578 54808 32772
is_linear=0
shrinkage=0.02


Tree=3
num_leaves=350
num_cat=0
split_feature=43 43 48 39 26 15 27 42 13 13 33 39 36 37 51 49 33 37 51 33 59 36 49 39 61 47 59 39 39 39 39 39 52 33 59 15 55 40 55 33 53 36 61 59 39 44 39 55 31 39 37 59 39 52 39 48 52 33 31 14 48 36 31 31 37 55 33 36 33 55 39 41 37 37 39 52 55 33 42 36 44 61 15 55 37 33 37 61 33 37 39 39 39 52 59 39 15 15 47 37 36 55 37 36 37 31 39 47 15 55 39 55 37 45 39 39 45 39 39 55 37 39 37 49 44 44 39 39 44 36 51 31 52 55 36 29 48 47 47 29 61 59 59 29 28 51 41 51 44 33 33 36 48 33 37 33 36 37 39 39 47 52 39 48 44 36 41 61 45 52 39 39 61 52 33 51 33 59 36 31 51 39 39 36 15 49 48 33 29 55 51 51 39 36 59 31 39 29 44 39 36 52 31 39 39 43 37 39 43 59 55 39 59 55 55 33 39 31 37 55 41 59 51 39 55 52 33 47 41 61 61 51 33 42 59 55 36 49 33 33 33 39 61 31 52 39 33 52 52 33 61 31 59 49 33 31 41 55 33 59 36 59 52 33 39 39 36 44 44 39 55 36 37 36 37 44 33 33 36 31 39 55 36 55 44 45 39 39 44 29 15 55 55 33 28 48 48 55 61 61 45 39 39 55 52 61 52 61 33 45 39 36 61 36 44 36 36 59 59 55 42 29 43 31 52 36 44 55 44 59 31 59 37 37 53 39 55 52 55 39 55 36 31 36 39 48 55 29 47
split_gain=555.507 219.51 169.8 107.805 107.374 99.6167 82.6642 74.0676 56.65 56.1454 53.7978 52.779 71.3496 69.5329 53.7584 52.3772 79.2278 52.6511 48.6557 47.8391 60.8492 48.1048 79.3176 46.4706 50.5123 61.5253 58.2874 44.9856 84.022 82.688 69.3353 57.2402 54.1007 53.047 49.4747 47.9428 44.6928 44.641 44.446 61.0414 49.7316 48.8518 47.7382 63.7074 64.4301 70.6216 57.3033 54.9782 52.8106 50.1331 52.6163 77.4956 72.8639 48.7931 45.7483 45.6408 44.8335 74.3194 43.872 43.2963 42.666 42.4672 46.9872 42.1414 41.8284 44.7602 41.3738 50.4626 40.8673 46.7014 40.6648 48.8601 40.6357 40.4102 40.3728 56.3668 87.3802 48.8743 62.555 54.8366 40.3319 39.9574 39.9524 39.8928 59.6007 62.4963 54.8204 39.873 59.1528 42.89 47.7649 49.5652 82.3507 46.6911 39.6847 40.8426 38.7365 38.6392 43.2306 38.3404 70.5388 38.2578 38.073 38.0514 48.5857 48.4298 42.1891 43.3394 41.8387 68.1801 43.1774 40.995 45.8898 51.4536 51.131 50.9821 42.2907 40.7856 39.8039 45.4416 43.0528 39.3352 85.7874 39.426 39.2943 37.9988 38.3184 58.6978 52.0378 41.0185 39.1861 37.9654 77.6119 37.8309 76.7366 37.7302 50.587 37.6058 37.6049 38.5051 36.9098 36.693 36.5622 36.4696 39.4331 36.2725 36.1897 36.1721 35.8633 35.8563 35.7921 35.4013 49.9848 35.3913 44.8126 40.8106 35.3072 35.1481 35.1347 39.7795 34.907 39.1351 34.8452 34.6282 34.5969 43.1165 34.5625 34.2264 44.5086 45.6515 39.024 40.3443 38.6648 34.0105 43.5025 49.1316 33.9276 49.6896 45.8037 36.7077 34.8954 33.6994 54.2629 57.3119 45.677 36.1786 34.0703 36.3068 33.69 45.7482 33.6599 33.6523 36.5299 34.4214 33.8631 35.1999 40.2809 33.6046 33.4556 50.326 33.334 33.2341 38.1747 41.3462 32.8863 32.8491 32.529 32.4365 38.3286 32.6791 32.317 32.2685 32.1351 43.8511 31.7861 43.4226 31.6884 31.6034 31.5859 54.1411 49.7234 45.2855 46.6932 35.9608 36.7349 34.7235 33.3681 31.5833 34.3855 35.4978 31.4432 31.3642 31.2737 31.2283 31.0635 30.9739 39.1953 41.6294 30.958 58.151 39.1931 36.6714 47.6243 32.1956 45.0192 31.7549 30.8681 63.7473 30.7784 48.3855 41.5179 30.6968 30.6787 31.515 30.5424 33.577 31.7368 36.0062 30.5404 30.4954 30.4332 54.0791 54.1918 41.8208 42.1346 30.2519 41.4659 39.6651 44.1479 30.0933 42.8243 84.4225 54.6712 54.0778 35.2694 33.4975 30.5952 48.7813 33.585 30.4811 41.2991 51.4598 32.6171 73.8203 56.1458 32.4848 29.9335 29.9291 42.4801 29.7708 29.7442 29.7415 42.6647 52.8753 29.6643 29.6455 35.4202 33.6569 36.8541 30.0031 29.5621 29.552 31.4958 29.5337 29.5138 37.6337 29.5127 29.4573 52.9806 38.9578 33.2363 54.2894 61.8108 79.6538 51.7141 48.097 43.9391 38.1978 37.543 35.4755 41.545 32.2791 31.8395 34.0986 42.9925 29.452 29.4203 32.5571 29.404 29.3808 40.3309 32.329 29.2648 33.6202 35.6964 60.2116 34.7654 33.34 38.2714 41.0193 29.2144 43.7868 30.3568 58.0765 29.1673 29.1632 29.1338 53.7172 51.2532
threshold=2.8030791327182673e-05 -0.0007298658019863068 0.96754714846611034 2.4178457351808905e-05 9.7215175628662123e-05 7.2021921369014316e-06 9.0539455413818373e-05 0.00068503510556183766 1.4879803075018573e-05 -1.3192238839110358e-05 -0.0032405555248260494 4.3142850699950948e-05 4.0244685806101195e-05 3.0299979698611427e-05 0.42341892421245581 0.30298869311809545 -0.0010508298873901365 4.3279676901875071e-05 0.1556801721453667 -0.00062283873558044423 -0.91597560048103321 2.6378595975984357e-05 0.52176392078399669 2.9952682780276522e-05 3.5000000000000004 0.20931398123502734 0.78656607866287243 2.6685058401199061e-05 3.40250935551012e-05 4.4430635171011097e-05 2.5109039597737141e-05 2.4668122932780537e-05 0.21673292666673663 -0.005693793296813964 -0.91597560048103321 1.3090401012050281e-06 0.0020208574132993822 -2.0647786413974241e-06 0.0012061456218361857 0.0018348097801208498 0.00048295535088982439 3.5535042115952826e-05 3.5000000000000004 0.98296290636062633 2.8511840355349708e-05 -0.00097188830841332663 2.7863140530826062e-05 0.001120822911616415 -0.00052693486213684071 3.6719426134368412e-05 2.491154828021536e-05 0.60355338454246532 2.9390091185632631e-05 0.44404385983943945 2.6563991013972558e-05 -0.48218865692615503 0.43952752649784094 0.00031310319900512701 -0.0011298060417175291 -8.1530583884159552e-06 0.63349315524101268 2.8196446692163594e-05 -0.0015456676483154295 -0.00040093064308166498 2.5719824407133277e-05 0.001348432735539973 -0.001441150903701782 6.7196997406426831e-05 -0.0023249387741088863 0.0014618173590861263 3.1285051591112285e-05 -0.00021465176541823891 2.5102474864979744e-05 2.3077733203535903e-05 4.9296766519546516e-05 0.63861510157585155 0.0022313287481665616 -0.00052729249000549306 0.00015395769878523427 6.7196997406426831e-05 -0.00062448834069073189 1.5000000000000002 -2.2787766056353571e-06 0.0021093350369483237 3.7505373256863102e-05 -0.0017393529415130613 4.1885470636771067e-05 1.5000000000000002 -0.0023946464061737056 2.7986543500446718e-05 3.6719426134368412e-05 3.3460879421909347e-05 3.2937330615823164e-05 0.41197755932807928 -0.7865660786628722 2.6014039576693907e-05 5.3901028422842509e-06 7.4271761150157553e-06 0.7091563642024995 4.8983218221110299e-05 3.4600774597493007e-05 0.00097607821226120006 4.4697075281874283e-05 3.8559683162020526e-05 3.2122601623996168e-05 0.0022704601287841801 4.5851569666410803e-05 0.53033161163330089 1.7053912415576635e-06 0.001562721037771553 3.1971432690625086e-05 0.0012418031692504885 2.7986543500446718e-05 0.11688326671719552 3.8929640140850104e-05 3.1050989491632215e-05 -0.50254267454147328 4.4430635171011097e-05 2.870049866032787e-05 0.00068414321867749106 2.5407388420717328e-05 2.7469335691421296e-05 2.4638598006276883e-05 0.4663101732730866 0.00077550896094180654 -0.0013299675774760542 3.3719996281433857e-05 3.1971432690625086e-05 -0.00074729660991579283 3.5076733183814219e-05 0.2918370664119721 0.00080507993698120128 0.4257530570030213 0.001644378178752959 2.4036138711380776e-05 -4.211068153381347e-05 0.76281520724296581 0.38611081242561346 0.33391003310680395 -0.00029754638671874995 3.5000000000000004 -0.7865660786628722 0.37940952181816107 0.00029546022415161138 -3.8236379623413079e-05 0.53202682733535778 -0.00039690654375590379 0.23813127726316455 -5.9950358263449737e-05 -0.0012702643871307371 -0.0027801692485809322 3.5535042115952826e-05 -0.20223721861839292 0.0015336871147155764 2.9519549570977691e-05 0.0036430358886718754 2.7155607313034128e-05 2.897496869991301e-05 2.7341591703589078e-05 2.6336198061471808e-05 -0.2229364067316055 0.27083721756935125 3.1050989491632215e-05 -0.61005100607871998 -0.00065858371090143908 2.2073159925639633e-05 -0.00024234277225332332 1.0000000180025095e-35 0.36598737537860876 0.83906784653663646 3.0793518817517913e-05 2.956706703116652e-05 3.5000000000000004 0.43484650552272802 -0.0003983080387115478 0.6359270215034486 -0.00014397501945495603 0.91597560048103344 2.7155607313034128e-05 3.1054019927978522e-05 0.32099044322967535 4.4430635171011097e-05 4.7552466639899656e-05 3.6552295568981215e-05 -2.7561574142964669e-06 0.44277501106262213 -0.16663466393947599 -0.0014909803867340086 0.00014394521713256839 0.0013173860497772696 0.13016308844089511 0.36480244994163519 2.5795677174755841e-05 2.5672078663774304e-05 0.78656607866287243 0.00024873018264770513 3.0793518817517913e-05 0.00010544061660766603 -0.00094934972003102292 2.8174325052532371e-05 2.5249133614124734e-05 0.075565278530120863 0.00070232152938842784 7.0141013566171764e-05 3.2937330615823164e-05 -0.00047480281500611449 2.7425723601481881e-05 2.7719766876543875e-05 -0.00053004405344836403 0.12940952181816109 0.0025755363749340181 2.3180541575129613e-05 0.98296290636062633 0.00060545874293893587 0.00083463502232916664 0.00074714422225952159 2.3920941202959515e-05 -0.00028726458549499506 2.6528407943260394e-05 0.0011012553004547956 0.00013642114936374131 0.37940952181816107 0.24665955454111102 2.9390091185632631e-05 0.0011306104715913536 0.29837426543235784 -0.0015200972557067869 0.15754402428865436 -0.0001746111374814063 1.5000000000000002 5.0000000000000009 0.21788779646158221 -0.0034889280796051021 0.00021092555834911766 1.0000000180025095e-35 0.0010654893703758719 2.5566028853063475e-05 0.6604556441307069 0.0020837187767028813 0.00067204236984252941 -0.00019100308418273923 3.0793518817517913e-05 1.5000000000000002 0.00032109022140502935 0.78970530629158031 2.8020703211950607e-05 0.000513136386871338 0.33189676702022558 0.19016464799642566 -0.00070878863334655751 2.5000000000000004 -0.00021341443061828611 0.60355338454246532 0.32483561336994177 -0.00054088234901428212 -0.00049883127212524403 -0.00041454011807218189 0.0012817265233024957 -0.0030618011951446529 0.91597560048103344 2.1378968085628006e-05 0.91597560048103344 0.29837426543235784 -0.0016721785068511961 2.6685058401199061e-05 2.5018884116434496e-05 1.9735369278350848e-05 0.00010688750262488612 -0.00049723999109119166 3.3195556170539937e-05 0.0011938580428250136 3.7124935261090293e-05 3.9718843254377141e-05 3.8559683162020526e-05 3.052402280445677e-05 0.0018594395369291308 0.002599418163299561 0.0040322542190551766 5.9505229728529237e-05 0.0022704601287841801 3.4651915484573699e-05 0.0021093350369483237 6.7196997406426831e-05 0.0025755363749340181 0.0031469474779441957 0.56963348388671886 2.7469335691421296e-05 2.1358595404308293e-05 -0.001385645067784935 -0.00017336010932922361 -2.6446656420375798e-06 0.0013824233901686969 0.0015875492827035489 0.000513136386871338 0.00031870603561401373 -0.40798567235469813 -0.25574888288974756 0.0010423752828501167 2.5000000000000004 2.5000000000000004 -0.08347750827670096 2.9390091185632631e-05 2.870049866032787e-05 0.0012418031692504885 0.79734507203102123 2.5000000000000004 0.20911923795938495 3.5000000000000004 -0.0020867586135864253 -0.5198957324028014 3.7765923480037607e-05 2.8041550649504646e-05 2.5000000000000004 5.0730088332784369e-05 -0.0013299675774760542 5.4308264225255705e-05 3.2776217267382897e-05 0.37940952181816107 0.37940952181816107 0.0023687880020588641 -0.00075784098589792837 -0.00038972496986389155 -0.00097165323677472759 -0.0004389584064483642 0.1176508776843548 5.0730088332784369e-05 -2.388110351603245e-05 0.0010107211419381203 -0.00055327400332316745 0.37940952181816107 0.00015586614608764651 -1.0000000180025095e-35 1.4636451396654595e-05 1.5434718079632152e-05 0.00031920945912133908 1.7992771063291005e-05 0.0010009882389567795 0.1176508776843548 0.00095728578162379574 2.2773422642785594e-05 0.0015392326749861243 2.9606451789732095e-05 0.00056403875350952159 3.933142215828412e-05 3.3719996281433857e-05 -0.25011762976646418 0.0012988054077140989 0.00015240907669067386 0.25788532197475439
decision_type=2 2 10 10 10 2 10 2 2 2 10 10 10 10 10 10 10 10 10 10 2 10 10 10 2 10 2 10 10 10 10 10 10 10 2 2 10 2 10 10 10 10 2 2 10 2 10 10 10 10 10 2 10 10 10 10 10 10 10 2 10 10 10 10 10 10 10 10 10 10 10 2 10 10 10 10 10 10 2 10 2 2 2 10 10 10 8 2 10 10 10 10 10 10 2 10 2 2 10 10 10 10 10 8 10 10 8 10 2 10 8 8 10 10 10 8 10 10 10 10 10 10 8 10 2 2 10 10 2 10 10 10 10 10 10 10 10 8 10 10 2 2 2 10 10 10 2 10 2 10 10 10 10 10 10 10 10 10 10 10 10 10 10 10 2 10 2 2 10 10 10 10 2 10 10 10 10 2 10 10 10 10 10 10 2 10 10 10 10 10 10 10 10 10 2 10 10 10 2 10 10 10 10 10 10 2 10 10 2 2 10 10 2 10 10 8 10 10 10 10 2 2 10 10 10 10 10 10 2 2 2 10 10 2 2 10 10 10 10 10 10 10 2 10 10 10 10 10 10 10 2 10 2 10 10 10 2 10 10 2 10 2 10 10 10 10 10 2 2 10 10 10 10 10 10 2 10 10 10 10 10 10 10 10 2 10 10 10 2 10 2 10 10 10 10 10 10 10 2 2 10 10 10 10 10 2 10 2 10 10 10 10 2 8 2 10 10 2 2 10 2 10 2 10 10 10 2 10 2 2 10 2 10 10 10 10 10 10 10 10 10 10 10 10 10 10 10 10 10
left_child=1 5 4 6 9 27 8 143 19 37 23 13 14 36 83 68 102 18 -18 20 156 212 -23 158 26 201 340 30 35 33 31 34 133 -30 -1 64 38 -2 39 41 94 42 47 44 45 -44 55 49 53 50 52 -52 146 -45 -50 72 70 301 -22 -6 103 -33 -63 -41 303 198 307 -68 69 -15 -49 -72 -47 -57 -14 76 -76 78 -78 210 166 -24 200 86 85 -85 181 88 289 188 91 92 -91 -92 95 -40 164 98 99 100 -62 -75 125 104 111 108 117 -108 109 148 -110 112 113 114 115 118 157 150 119 -11 -120 122 123 -113 -124 344 127 191 -128 231 -130 132 140 134 -31 -101 -137 -112 153 -140 -104 -16 -43 144 -4 -132 -12 190 -105 -54 -106 152 -20 -123 155 162 -3 -114 159 232 -143 -162 -155 -149 165 -53 -70 170 169 -169 171 -141 -171 -122 -175 -176 177 179 -178 -103 -180 291 183 186 205 -185 187 -183 189 -89 -7 192 -127 -194 195 -193 -197 -93 -66 -200 -36 -26 203 -203 -28 -184 -98 208 -148 -209 -79 287 -21 -214 -117 -216 332 -115 219 -46 -220 222 -221 -223 226 -226 -225 228 229 -151 238 -129 -5 -60 -61 -166 246 -238 239 240 -118 242 243 251 -245 -240 247 -237 249 250 -73 -241 -163 -254 255 256 -32 -258 -257 -239 261 263 -263 328 265 295 267 268 -267 270 273 -272 275 274 -9 -273 278 -278 -274 280 -271 -282 -281 284 -284 -286 -196 -202 -289 -42 -211 -13 -293 -294 -100 299 -297 298 -298 -265 -10 302 -58 -29 305 -164 -154 310 309 -309 311 317 322 316 315 318 -314 -35 -312 320 -320 -317 -313 324 -324 -102 327 -51 -210 331 -331 -186 -215 -334 -335 -336 337 -337 339 -339 341 -25 -342 -344 -17 -34 348 -348 -96
right_child=2 3 7 10 59 147 -8 269 300 60 11 12 74 15 141 16 17 -19 151 21 58 22 81 24 25 -27 204 28 29 32 254 61 345 66 82 -37 -38 -39 40 63 87 142 43 48 218 46 -48 56 54 326 51 96 149 -55 -56 73 57 -59 233 234 97 62 -64 -65 65 -67 67 -69 80 -71 71 248 -74 101 75 -77 77 79 -80 -81 -82 -83 -84 84 -86 -87 -88 89 -90 90 93 197 -94 -95 346 -97 206 -99 294 135 325 176 131 105 106 -107 107 -109 110 -111 137 121 116 217 -116 214 230 -119 120 -121 173 138 124 -125 -126 126 128 129 130 -131 145 -133 -134 -135 -136 136 -138 -139 139 167 -142 160 -144 -145 -146 -147 207 163 -150 227 -152 -153 306 154 -156 -157 -158 -159 -160 -161 161 252 304 -165 235 -167 -168 168 -170 172 -172 -173 -174 174 175 -177 178 -179 180 -181 -182 182 184 185 329 -187 -188 -189 -190 -191 -192 194 193 -195 286 196 -198 -199 199 -201 211 202 -204 -205 -206 -207 -208 209 260 290 -212 -213 213 216 215 -217 -218 -219 220 221 -222 223 -224 224 225 -227 -228 -229 -230 -231 -232 -233 -234 -235 -236 236 237 259 245 241 -242 -243 -244 244 -246 -247 -248 -249 -250 -251 -252 -253 253 -255 -256 258 257 -259 -260 -261 -262 262 -264 264 -266 266 -268 -269 -270 279 271 272 276 -275 -276 -277 277 -279 -280 282 281 -283 283 -285 285 -287 -288 288 -290 -291 -292 292 293 -295 -296 296 297 -299 -300 -301 -302 -303 -304 -305 -306 -307 -308 308 -310 -311 314 312 313 -315 -316 321 -318 -319 319 -321 -322 -323 323 -325 -326 -327 -328 -329 -330 330 -332 -333 333 334 335 336 -338 338 -340 -341 342 -343 343 -345 -346 -347 347 -349 -350
leaf_value=0.010015322825184612 -0.00041239483867303766 -0.00091292451981932459 -0.0039618464828956165 0.015251266281837468 -0.0050474704000433622 0.0052990686732483005 -0.00048390087188864098 -0.0037078038541525399 0.0048574279543104736 0.001133899176875181 0.0062656451533398654 0.0022766783208068653 -0.0031675078490535418 -0.0090035812541551727 0.0033943882092241757 -0.01758317057368123 -0.007913435192253352 -0.0069072394517097485 0.0025426600597782227 0.0004745488835655259 -0.0085426350664081982 0.0050256728209088376 0.0028260548174549615 0.0033524197527981603 -0.0041269684629341554 -0.0084394179382638688 0.0032382559254977386 -0.0042721761625687891 0.0183203444033633 -0.0016498362068299807 0.003097800765137207 -0.0059118140229275839 -0.004741692926115532 0.0021141565651332087 0.0062360580733961061 0.0017168520376017247 0.016838095072284877 -0.0043527303266730037 -0.0054069713487349966 0.0089455044264822314 0.0036020429014443777 -0.0024219782398041045 0.013018901034565098 0.010013273654094854 0.00066220302061239383 -0.0067835634915065345 0.0091098508198370915 0.0018774199707889813 -0.0030569485413791337 -0.0031307920171251371 -0.0057266128670702418 0.017579813067594773 -0.0011666446500669969 -0.01199560703570913 -0.017531323181367627 0.0050051252929107712 -0.0064108611206771951 0.00086862250723581075 0.0014258368375023223 -0.0027375353846785561 -0.0019000837479353067 -0.011051089035311212 0.0091565579712863266 0.00049073943983821318 0.0020224455289407899 -0.0028337498370342813 0.0022881142287752708 -0.013071456717484329 0.002303472168105405 0.0048699098909850743 -0.015288820264597575 0.0049827330800795771 0.0054407713714977888 -0.014498897850805461 0.015889474973488988 -0.0065895742675829852 0.012261828065461167 -0.019937248295032958 -0.011047737203959232 0.0080045524809468967 0.0017228246147603145 -0.0086911866728187018 0.0015355162937933681 0.017007956753866044 -0.012989739855615303 -0.0073377857388378176 0.011928484670298825 0.0042504673217606658 0.0039007400711531704 -0.0031037757060834977 -0.0035075066431240237 -0.0060703579363451058 0.014629206791033647 0.015929078370398923 -0.0018469738073632613 0.0052456662464931761 0.0063107908499266431 0.0019571066299105579 -0.00016104093383536891 -0.0032663629272453153 -0.0087066419819272056 0.0037815312456432894 0.013694567029568696 -0.0078727901719069567 -0.014434006557592178 -0.011304325995467426 0.00048183532074816822 0.012278518827234389 -0.0014740627360386395 -0.0017187268747233706 0.0033062691236591564 0.0065096443699919296 -0.001278202221419748 0.0021982192652963135 0.0089073226370083945 0.0079377560430795996 -0.0032496472606980908 -0.011280618463555164 0.0069561736309059798 -0.00015694119865821335 -0.013188655934279741 0.00081389599222490589 0.012582524367380415 -0.0082408941856535883 0.0020495835005444802 -0.0071787477866569775 -0.0047579047679883356 -0.0029558709476132264 0.013250345160680733 -0.00060318418649825476 -0.0019655719468075644 0.022444357462321454 -0.01637547133052452 0.00075984501057915115 0.01220539730487195 -0.00014554358548185829 0.015465208501729107 0.0097540944606983818 -0.01033958271134785 -0.003202133139487336 0.00053113897121909691 -0.016303299362201002 0.016316346286275721 -0.0040942561498295586 0.0010362971430930496 0.010831859432085285 0.0018222479772475356 -0.0092775520903930764 0.0057732074853532904 -0.010249157967422319 -0.0017922424616991898 0.0027153398781591238 0.0083074579686295731 -0.0016257034326418857 0.00027937008479454951 0.005665061700821308 -0.011331836171005971 -0.011449913771762139 0.013936517336101578 -0.0092124121722688829 -0.017034626095125426 -0.0089644597562121269 -0.012097742222664106 0.0055154429401701056 -0.0068792792957671576 0.00030891548412516665 0.0084276270951422344 0.0025734307519092586 0.00033545500987236667 0.0063924890048162181 -0.0063384615216274601 0.017016428052939007 0.017023208627701271 0.013632984252527895 0.0098899690593456865 -0.0039210738930149482 -0.0046250195916374475 0.010586603858283581 0.013587482313943015 -0.0030477850793737904 -0.0019668472136350266 6.031257622243049e-05 0.016019111422169486 0.0029932042267413806 -0.0048772613234477407 -0.015722907089258772 0.0011414484249199009 0.018700792916083901 0.010830460422523239 -0.010200741260736815 0.01107951775745325 0.0076078849391420468 0.015015418040523056 0.003211737790280183 0.0047283465223782696 0.0034590334671804491 -0.017697677261199595 -0.018647371842692863 0.0080160118664927438 -0.0070993062301675184 0.003916091091453501 0.0095333862939304629 -0.0049260517018096276 0.028080628290970206 -0.009329390379796812 -0.0015694715456793327 -0.009313158039185674 0.00050019441619807235 0.00037427275684826102 -0.013704344252468779 -0.0037479132677535527 0.0064275279037692987 -0.017737464450158662 0.0090050391005133384 -0.01048571953610984 -0.0017491311361247264 -0.014522855710914549 -0.00070623138712872977 0.0054005251118812141 0.0083987440515325747 -0.010508876913556273 -0.023552193017044046 -0.0070092693640208771 -0.0048994964616452035 -0.0093158207618244115 0.0072050297095840087 -0.026146831810902507 -0.006414764795321562 0.012031833011240398 0.0094783579024863753 0.008193025699184505 0.012761361653440719 0.00082584168872988043 -0.0070595235254528 -0.0011760149160382736 0.0040491354974760358 -0.0068917156565378784 0.0111280766982449 -0.0026987472824639637 -0.0074975792509998519 0.0021471000147640766 -0.014250303490941234 -0.0071196539174642193 -0.013065261788825023 0.0037286161350739491 0.0082869666697343546 0.0088056458956841631 -0.0099242049122286822 -0.0054796999279025224 0.017684629965285734 -0.014822400137157268 0.0090210403563939397 -0.0074986703186101476 0.0088317481092390401 -0.0012868755109348114 0.010046644866203004 0.0081030888753304258 0.021798798145466463 -0.003196862729345511 -0.0047261323118103467 -0.00035947977114194409 -0.0024221243922601284 -0.016038492560278891 0.0090146598136107998 0.0032158718673436924 -0.0095575763407888675 -0.0088712535269109636 -0.014817489127829292 0.0023657521416123478 0.0075434926859059316 -0.01325994059759605 -0.0091268970266601881 -0.011494502532018653 -0.014542549706196617 0.0093061522057159129 0.0034810687861039258 -0.021341676861735808 -0.0014419921432915225 0.0083620548168960706 -0.0083095243789842819 -0.0038190932274853109 0.010628673273566955 -0.0056941170673460752 -0.010481545734056904 0.023444787367795396 0.003306812959779859 -0.0095970925046465032 -0.014742771189466803 0.00087427022978363333 -0.014013086650326547 -0.0044265638248818023 -0.02421312685152132 0.0075537565110899534 -0.018405717057485262 -0.0033993617822386042 -0.0083433101551697621 -0.0049674718134624435 0.00988407430944214 0.0059061463159061547 -0.004003207313562426 0.0011091787130187458 -0.013480011162349233 0.0073837788946249962 -0.017196814812747024 -0.014959984570189615 0.0023657101881119288 -0.0034432062832503267 0.0033838810767403554 -0.0024513876482350188 0.01535904018101799 0.01959359723342621 0.0083100765918539161 0.00196339370670618 0.012643793799813235 0.019907003323623208 0.0055910415275414382 -0.014112382020063857 0.023088827111223585 0.0097006458573391952 0.016735614360149677 -0.0027413632277404525 -0.010326239213690174 -0.012584963985229066 0.011357578109100297 0.0083551883714481183 0.0036310664437723046 -0.0009094908637733972 -0.023877748026303151 0.010098738528322035 -0.012110314232490435 0.0034938582949087631 0.010205225843624141 -0.0080599603535126668 0.001587741847056835 -0.013262260949171217 0.0053977146798480239 0.0074648664601696911 -0.0028105899121178375 -0.0099908467373048572 0.0087023772008522939 0.0077766058096508548 -0.0075035879972056496 0.0084198271664822754 -0.014864632281154309 0.0016164120997986537 0.0099420531544419637 -0.0061283925774376011 0.0019135655565376151 -0.020187897602405181
leaf_weight=319.48351091146469 2087.4517213404179 3498.976419582963 804.46634238958359 100.49791048467159 1432.1789180338383 1756.2039321511984 21768.767059653997 3797.9581182152033 2085.968306556344 13785.937172159553 261.24720224738121 68.497166946530342 583.71419738233089 256.99440369009972 86.74789896607399 66.247739523649216 361.74079293012619 673.22748626768589 903.98245546221733 75949.991283252835 170.24853971600533 1949.2094011008739 199.74662744998932 335.23888801038265 69.74813149869442 95.745179370045662 102.74749538302422 713.73352494835854 102.73422065377235 282.74125127494335 510.98521718382835 590.97918532788754 819.46307253837585 66.497268915176392 1486.2214120924473 3125.9276087880135 50.748451322317123 2558.1474855840206 201.49206666648388 465.99029484391212 52.248684793710709 60.748012498021126 241.24608467519283 120.74581786990166 741.73893748223782 435.24324621260166 417.24356377124786 5738.9096259325743 184.49435879290104 50.248777538537979 2316.1964619606733 54.249410942196846 256.99579259753227 50.997450038790703 165.24253815412521 1335.4849897176027 460.23986013233662 1261.7162868082523 55829.448905959725 6420.3295533657074 11233.225159972906 54.246456384658813 173.49418441951275 471.23781183362007 2283.7007746547461 2148.922485679388 1103.7123491764069 84.743022903800011 730.23242329061031 146.74656796455383 106.7461746931076 124.74789535999298 137.49778254330158 56.499537125229836 228.74042223393917 178.48441115021706 220.74273675680161 66.74371825158596 50.997012361884117 104.245501562953 5406.3574101179838 284.24381175637245 9126.5744205862284 59.498138219118118 298.22902145981789 104.74352860450745 110.74262487888336 313.24246098101139 1389.7190284281969 1443.7192803621292 89.495442256331444 376.73787654936314 104.99756498634815 96.247683137655258 3992.8691800385714 454.98691454529762 405.24336290359497 1559.2310858517885 11838.24625352025 220.48312771320343 849.16926571726799 833.98598992824554 206.9949389398098 77.498322457075119 82.745284929871559 110.98688711225986 961.46522112190723 135.24516119062901 537.48375555872917 2351.3985829502344 1493.1917481124401 99.748908489942551 230.74472227692604 1527.7302683442831 257.74569419026375 71.498388707637787 978.2255829423666 183.2400439530611 706.99480648338795 52144.099706590176 62.498118534684181 3494.4183756560087 420.49129162728786 217.74680463969707 216.99598772823811 111.99838551878929 713.73317766189575 54.248880177736282 114.24768127501011 159.2473468631506 423.73798570036888 50.998112767934799 50.996655657887459 2884.3279183655977 354.98578299582005 173.488784968853 150.99323557317257 476.73305852711201 86.747763097286224 84.247817888855934 142.24631409347057 238.48074923455715 112.74780485033989 1196.4410081803799 2825.1605015546083 103.49776755273342 1843.2165411710739 111.24672465026379 873.73041824996471 60.749134287238121 8348.4198514521122 1108.2231535315514 81.49898935854435 298.99384391307831 1080.2191003710032 106.49788996577263 127.24743822216988 330.48420144617558 211.99493533372879 69.998943418264389 107.2424930781126 193.24174734950066 146.24605302512646 127.24680881202221 630.48772521317005 816.98778302967548 753.73465700447559 1000.2271352559328 1142.7197754830122 571.48700951039791 315.2398886680603 62.998615920543671 181.24712416529655 91.247938901185989 126.24719330668449 435.48847724497318 666.23411864042282 266.74674160778522 105.99793916940689 495.49190725386143 113.24774318933487 56.998060315847397 61.496576130390167 85.24666240811348 211.74274052679539 68.494938403367996 145.74482922255993 149.24310201406479 162.99679444730282 112.49732436239719 532.23499110341072 192.99622447788715 103.99736666679382 923.98391906917095 68.498927295207977 82.248286411166191 53.248550847172737 107.9965056926012 106.74784921109676 380.49254216253757 181.24142582714558 383.98765754699707 54.748133137822151 51.247724205255508 365.73680374026299 105.99475999176502 53.999495983123779 393.49278353154659 510.24435380101204 172.99754849076271 159.99050988256931 263.74003766477108 55.999615028500557 109.74923817813396 377.2365847826004 565.73949451744556 60.747711151838303 62517.307029351592 431.48798596858978 115.74730002880096 87.998471394181252 74.247131630778313 208.49677526950836 59.999321907758713 116.24814432859421 78.746882528066635 60.49858084321022 51.749228224158287 402.99310283362865 69.748817458748817 121.24829888343811 439.99317945539951 136.99750369787216 166.24679979681969 24748.145837888122 384.49272601306438 662.73647689819336 95.748143836855888 187.24487905204296 50.747948452830315 1177.2192481309175 160.74583512544632 855.72062791883945 115.99632428586483 125.99685561656952 223.74526579678059 175.74582679569721 187.7463141977787 265.24444550275803 66.998960897326469 54.248722672462463 201.49451194703579 71.746982604265213 108.99627463519573 226.24672093987465 88.49854189157486 1291.4641506522894 77.496535822749138 242.49445633590221 84.748357325792313 5845.9156099408865 249.24676567316055 217.99505791068077 181.24846349656582 411.24528880417347 155.4973445981741 742.49066941440105 79.748787730932236 509.24329882860184 228.98191887140274 652.68608298897743 99.734658017754555 59.49275578558445 176.47642681002617 77.742009371519089 379.95352609455585 130.98205636441708 78.241418123245239 60.994905263185501 476.96213847398758 730.44031825661659 105.99283991754055 78.742933705449104 156.48788121342659 70.994753122329712 58.997014462947845 270.99442307651043 122.24390508234501 147.99627442657948 112.49717436730862 652.99012851715088 70.49484096467495 61.497010916471481 49.997217550873756 1243.1947356462479 327.24665410816669 480.49504229426384 99.24774406850338 159.99838523566723 107.24904151260853 1417.2269860357046 202.99271966516972 70.248469159007072 72.247962012887001 259.49255418777466 130.7475438117981 2200.9459239691496 158.49109151959419 122.99496565759182 379.96892346441746 89.241764739155769 341.72958952188492 91.245809361338615 70.99515163898468 105.49591751396656 85.247176870703697 239.98743942379951 68.9969432502985 196.73730257153511 88.985552698373795 219.99183788895607 105.99162243306637 112.49585671722889 54.248584255576134 51.498846516013145 80.7395039498806 75.747748747467995 79.996542409062386 156.74895721673965 355.48288694024086 77.247924104332924 68.7472103536129 252.74742093682289 1641.230976998806 175.99753692746162 204.24808537960052 158.49617475271225 1250.7284078896046 257.74457879364491 129.49794086813927 409.48514218628407 254.4891009926796 84.996415421366692 71.746708825230598 52.997781932353973 50.498300686478615 2122.6665962487459 389.74152238667011 53.998944610357285
leaf_count=1278 8350 13996 3218 402 5729 7025 87076 15193 8344 55144 1045 274 2335 1028 347 265 1447 2693 3616 303802 681 7797 799 1341 279 383 411 2855 411 1131 2044 2364 3278 266 5945 12504 203 10233 806 1864 209 243 965 483 2967 1741 1669 22956 738 201 9265 217 1028 204 661 5342 1841 5047 223319 25682 44934 217 694 1885 9135 8596 4415 339 2921 587 427 499 550 226 915 714 883 267 204 417 21626 1137 36507 238 1193 419 443 1253 5559 5775 358 1507 420 385 15972 1820 1621 6237 47354 882 3397 3336 828 310 331 444 3846 541 2150 9406 5973 399 923 6111 1031 286 3913 733 2828 208579 250 13978 1682 871 868 448 2855 217 457 637 1695 204 204 11538 1420 694 604 1907 347 337 569 954 451 4786 11301 414 7373 445 3495 243 33395 4433 326 1196 4321 426 509 1322 848 280 429 773 585 509 2522 3268 3015 4001 4571 2286 1261 252 725 365 505 1742 2665 1067 424 1982 453 228 246 341 847 274 583 597 652 450 2129 772 416 3696 274 329 213 432 427 1522 725 1536 219 205 1463 424 216 1574 2041 692 640 1055 224 439 1509 2263 243 250073 1726 463 352 297 834 240 465 315 242 207 1612 279 485 1760 548 665 98995 1538 2651 383 749 203 4709 643 3423 464 504 895 703 751 1061 268 217 806 287 436 905 354 5166 310 970 339 23384 997 872 725 1645 622 2970 319 2037 916 2611 399 238 706 311 1520 524 313 244 1908 2922 424 315 626 284 236 1084 489 592 450 2612 282 246 200 4973 1309 1922 397 640 429 5669 812 281 289 1038 523 8804 634 492 1520 357 1367 365 284 422 341 960 276 787 356 880 424 450 217 206 323 303 320 627 1422 309 275 1011 6565 704 817 634 5003 1031 518 1638 1018 340 287 212 202 8491 1559 216
internal_value=-1.26011e-05 0.000599319 -0.000716649 0.000385701 -0.000593127 0.00208902 0.000665667 -0.00300986 0.000837115 -0.000415446 -0.000252486 -0.000360133 -0.00242731 -0.000215849 -0.00423203 0.000886039 -7.57286e-05 -0.0017131 -0.000951567 0.000775215 0.00120615 0.000463487 0.00322933 0.00246286 0.00122048 0.00587084 -0.00067556 0.00178678 0.00108802 0.00252743 0.00259059 0.00198498 0.000637827 0.00462719 0.00234465 -0.000271324 -0.000597158 -0.00258593 -0.000617912 -0.000283632 -0.00170077 -0.000413136 -0.000464605 0.000944604 0.00144357 0.00262923 0.00209335 -0.000836375 -0.00574934 -0.00139407 -0.00129186 -0.00288684 -0.000640622 0.00323493 -0.0101349 0.00141976 0.000530796 -0.00207934 0.00136829 -0.00165541 -0.000362362 -0.00310514 0.00413154 0.00473459 -0.00136142 -0.000672816 0.00422344 0.00111282 0.00216594 -0.00396438 0.00135161 -0.00349294 -0.00381435 0.00219991 0.000992887 0.00340345 0.00559095 0.00152557 0.00769651 -0.00360294 0.00252932 -0.00396927 0.0021214 -0.00260196 -0.00777332 0.00186202 -0.00120432 -1.45998e-05 0.00254765 -0.00143627 -0.00270864 -0.003601 -0.00183254 0.00680594 -0.00271903 0.00195034 -0.00102646 -0.00109325 -0.00127822 -0.00210866 -0.00234162 0.000712844 0.00191289 -0.000239666 -0.000299028 0.00133318 -0.00166866 0.00201497 0.0015898 0.000109387 0.00353318 -0.000208674 -0.000298304 -0.00022901 0.000151485 0.000117437 -0.00222617 -0.00213906 0.000184704 0.000113078 0.00348531 0.00103272 0.00487413 -0.00356056 0.00906703 0.00127419 0.00162948 0.00311292 -0.00106733 0.00821196 0.00304694 0.00736471 0.0050411 0.00174174 0.00611824 0.00304927 0.00731603 0.00489982 0.000619378 0.00225631 0.00846505 -0.00862992 0.00993773 -0.00107863 -7.77625e-05 0.000670949 -0.000996254 0.00590699 0.00460506 0.00503963 -0.00192988 -0.000351542 -0.00142232 -0.000404607 -0.00250513 -0.00567373 -0.00130267 -0.00734464 0.00781415 0.00334687 -0.0101006 -0.00681043 -0.0071591 -0.00146199 -0.00183327 0.00153449 0.00544256 0.00260548 0.00341173 0.00540646 -0.00241472 0.00587938 0.00910431 1.66136e-05 0.00142484 -0.000721827 0.00110464 0.00284131 -0.00202341 0.00123326 0.00576675 -0.00214648 -0.000904908 0.00427535 -0.00389126 -0.00571044 0.00866696 0.0137438 0.00333186 0.000314171 0.00667737 0.00124181 0.00332196 0.00451261 -0.00230545 0.00225078 -0.00537841 -0.00912972 0.00100637 -0.00371175 0.00453598 0.00840312 0.0102244 0.0121847 -0.00656498 0.00532426 0.00434567 -0.00114262 -0.000827173 -0.00424084 -0.00903063 0.000973326 0.000379309 -0.00130174 -0.00431501 -0.005303 -0.00105174 -0.000636683 -0.00161899 -0.00312588 0.00258704 -0.00702495 -0.00143919 -0.0115496 -0.00821237 -0.00262302 -0.0165309 0.00774397 0.00919186 0.000233291 -0.00152927 0.0110166 0.00722814 0.00139964 -0.00149829 -0.0031547 -0.00165188 -0.00458905 -0.00183388 -0.0024183 -0.000305116 -0.00541588 -0.00428616 0.00065501 -0.00448181 0.00332597 0.00167282 -0.000609008 -0.000832364 0.00419338 -0.00139697 0.00556939 -0.00358323 0.00230623 0.0056717 0.00638584 0.00741605 0.00900054 0.000497621 0.00379941 -0.00130541 -0.00256269 -0.00893798 -0.00178628 -0.00272111 -0.00358668 -0.00554989 -0.00217835 -0.000503863 -0.00426314 -0.00501232 -0.007947 -0.00357489 -0.00393987 -0.00342813 0.00075296 -0.00974006 -0.0142271 -0.00154767 -0.00208559 0.000166843 -0.00190492 -0.00490982 -0.000387034 0.00728835 0.0150267 -0.00666436 -0.00226927 -0.00641091 -0.0085184 -0.00648255 -0.00877789 -0.0128593 -0.00454011 -0.000470684 -0.0014131 -0.00295016 -0.000500598 -0.00221184 0.00419783 0.00334705 -0.00710502 -0.00450159 -0.00562152 -0.0101738 -0.00539588 -0.00299608 0.00561049 0.0092629 0.0119354 0.00436385 0.00201067 0.000296768 -0.00562135 0.00721705 0.00533087 -0.00974207 0.0134867 0.00810922 0.00580904 0.00320457 -0.00329131 0.00456705 -0.00138046 -0.00592641 -0.00761358 -0.011027 -0.0165179 0.00275221 -0.00609046 -0.00931191 -0.0010001 -0.000828625 -0.00111089 -0.000634972 -0.00231057 -0.00129819 -0.00208114 -0.00303543 -0.00168648 0.00174001 -0.00137007 0.00495313 -0.00244254 -0.00948492 -0.00380653 -0.00318817 -0.00487876 -0.00213105
internal_weight=515750 275929 239821 241333 227573 34596.2 167745 12247.9 145976 194972 73588.2 70788.8 4610.25 66178.6 3016.6 17010.8 9716.77 5329.62 4656.39 142473 59792.2 82680.4 2433.2 2799.41 2279.92 655.477 1624.44 32069.2 17165.8 8334.05 14903.4 12466.2 4392.02 3942.03 11647.5 8831.77 49167.7 4645.6 49117 37538.8 11578.2 36601.6 36428.1 7601.61 7080.13 5104.92 4863.67 28826.5 521.48 20474.4 20268.4 5868.38 14400 171.743 349.737 4446.43 8352.09 1995.2 56165.9 32600.7 190327 818.72 227.741 937.228 5705.85 4919.86 3839.3 1188.46 7294.07 403.741 6356.9 617.986 572.741 3873.69 1593.66 1009.94 831.46 602.719 271.74 330.98 6890.32 483.99 11328 2210.14 462.471 164.242 1747.67 4362.4 1554.46 2807.93 2219.19 2033.45 1548.72 185.743 7215.76 656.479 3552.19 27348.8 25789.5 12708.1 12163.1 2538.2 4387.15 162978 157057 5921.02 9711.12 1096.71 5810.04 3302.63 2507.41 147346 137429 132670 68624.7 68367 4759.61 8614.41 67352.5 65930 1422.48 9916.51 954.983 317.496 637.487 3935.92 3816.67 2461.46 1355.22 653.489 641.483 451.236 400.238 3522.05 637.727 544.965 324.482 1969.92 8961.53 3444.92 349.241 806.456 173.496 4826.07 3629.63 527.236 13557.8 2526.93 951.229 842.236 8431.17 4294.65 3186.43 5516.62 2022.2 941.978 3626.22 561.229 519.489 307.494 719.708 481.227 835.48 238.494 3092.94 871.237 1483.97 3358.17 2895.68 1752.96 462.486 147.246 752.734 715.482 652.984 561.736 2481.7 1596.22 885.48 1329.48 219.246 1636.93 1386.44 505.728 880.712 153.742 351.986 206.241 588.737 425.74 2288.44 1807.97 1139.98 1027.98 667.986 328.493 135.497 484.734 2770.94 487.24 2201.44 559.732 489.984 435.235 468.484 167.491 459.243 13296.6 12077.1 1219.48 226.734 715.222 80247.2 4297.19 1014.47 942.976 4241.19 64045 1975.21 1455.72 519.486 713.984 324.244 389.74 315.493 194.995 120.498 585.24 533.491 130.498 4198.39 494.242 237.495 55995.7 31168.5 2221.71 1591.22 843.233 4077.14 3666.15 2155.44 1510.7 1349.96 494.236 241.993 410.99 747.985 572.239 511.24 245.996 178.997 252.242 373.985 180.743 2437.19 2210.94 1879.95 1368.96 330.993 180.497 10233.9 4387.95 467.242 3920.7 3253.71 2842.47 1486.98 744.489 664.741 7421.86 5514.26 1462.09 809.399 4052.18 3875.7 479.688 329.711 209.223 120.488 1907.6 1065.42 836.433 842.185 365.223 208.735 129.992 339.493 451.482 270.24 164.746 825.988 250.486 181.989 111.494 13081.4 1355.49 1066.99 739.741 640.493 288.498 3503.2 733.481 530.488 785.981 536.486 276.994 2282.44 2650.84 661.455 538.46 1989.39 1097.7 962.201 402.228 891.691 786.195 331.233 135.494 594.956 505.715 416.729 191.239 559.973 218.243 163.995 929.909 205.993 130.245 666.993 713.221 432.731 280.49 4180.44 4070.69 3817.94 2176.71 2000.72 1842.22 1637.97 1380.23 1155.96 589.728 566.228 156.743 119.246 869.961 6559.28 2512.41 4046.87
internal_count=2063037 1103732 959305 965343 910310 138389 670983 48995 583907 779904 294360 283162 18442 264720 12067 68045 38868 21319 18626 569894 239170 330724 9733 11198 9120 2622 6498 128281 68666 33338 59615 49866 17569 15769 46591 35328 196675 18583 196472 150158 46314 146409 145715 30407 28321 20420 19455 115308 2086 81899 81075 23474 57601 687 1399 17786 33409 7981 224665 130406 761321 3275 911 3749 22824 19680 15358 4754 29177 1615 25428 2472 2291 15495 6375 4040 3326 2411 1087 1324 27562 1936 45313 8841 1850 657 6991 17450 6218 11232 8877 8134 6195 743 28864 2626 14209 109398 103161 50834 48654 10153 17549 651923 628238 23685 38846 4387 23241 13211 10030 589392 549725 530686 274502 273471 19039 34459 269413 263723 5690 39667 3820 1270 2550 15744 15267 9846 5421 2614 2566 1805 1601 14089 2551 2180 1298 7880 35847 13780 1397 3226 694 19305 14519 2109 54232 10108 3805 3369 33726 17179 12746 22067 8089 3768 14505 2245 2078 1230 2879 1925 3342 954 12372 3485 5936 13433 11583 7012 1850 589 3011 2862 2612 2247 9927 6385 3542 5318 877 6548 5546 2023 3523 615 1408 825 2355 1703 9154 7232 4560 4112 2672 1314 542 1939 11084 1949 8806 2239 1960 1741 1874 670 1837 53187 48309 4878 907 2861 320991 17189 4058 3772 16965 256184 7901 5823 2078 2856 1297 1559 1262 780 482 2341 2134 522 16794 1977 950 223984 124677 8887 6365 3373 16309 14665 8622 6043 5400 1977 968 1644 2992 2289 2045 984 716 1009 1496 723 9749 8844 7520 5476 1324 722 40936 17552 1869 15683 13015 11370 5948 2978 2659 29690 22059 5849 3238 16210 15504 1919 1319 837 482 7631 4262 3346 3369 1461 835 520 1358 1806 1081 659 3304 1002 728 446 52327 5422 4268 2959 2562 1154 14013 2934 2122 3144 2146 1108 9130 10604 2646 2154 7958 4391 3849 1609 3567 3145 1325 542 2380 2023 1667 765 2240 873 656 3720 824 521 2668 2853 1731 1122 16722 16283 15272 8707 8003 7369 6552 5521 4624 2359 2265 627 477 3480 26238 10050 16188
is_linear=0
shrinkage=0.02


Tree=4
num_leaves=350
num_cat=0
split_feature=43 43 48 56 26 15 14 42 27 6 59 15 56 56 56 33 37 47 56 6 33 59 19 47 46 35 6 59 33 6 44 37 59 29 10 56 37 38 33 33 37 56 22 33 59 59 33 37 13 31 33 48 29 31 37 59 31 37 33 6 48 47 15 19 29 28 38 50 38 37 24 44 46 43 56 35 31 37 6 44 31 38 24 38 31 33 33 59 42 42 28 6 33 37 24 22 37 6 44 56 56 37 24 37 56 35 24 19 6 38 56 38 10 41 31 33 24 42 6 56 31 44 59 6 48 43 37 31 6 37 38 38 31 47 38 29 56 37 24 35 56 33 24 47 38 56 56 33 6 50 33 42 49 49 37 37 29 33 38 28 38 47 37 38 56 37 37 29 56 37 44 33 44 59 31 59 56 59 31 38 19 38 59 44 38 6 38 35 44 38 37 38 56 31 35 33 6 33 35 43 29 33 50 22 35 56 56 35 49 41 38 33 31 35 48 48 48 50 35 29 44 22 56 56 6 38 6 49 37 37 22 56 59 31 24 37 31 44 46 31 49 56 38 19 24 24 10 33 38 38 22 56 47 15 6 59 33 24 33 31 37 56 50 44 33 6 22 19 49 24 33 59 29 29 59 37 33 15 35 35 56 22 42 35 35 49 31 24 31 24 37 37 33 56 37 24 37 38 59 44 37 48 29 59 37 35 38 24 37 38 59 44 38 24 44 24 38 59 56 42 56 24 56 38 37 56 56 33 35 38 46 44 37 37 59 48 50 44 10 37 56 56 37 59 50 44 29 41 59
split_gain=562.809 225.842 195.805 109.38 104.795 102.131 89.807 66.7208 65.0367 51.7395 50.7806 49.931 49.4161 88.2936 83.6194 94.5605 94.4274 59.8564 56.8231 52.6276 47.9319 67.4066 50.7877 50.2119 46.4698 44.2938 44.1387 78.9091 64.0535 69.8195 63.1755 65.8842 52.0575 58.7261 49.7071 52.2974 49.2086 69.5352 43.7422 46.505 42.3451 41.9481 62.721 71.9058 46.2974 41.8995 41.7525 47.6942 40.9268 40.2166 39.615 42.0391 38.423 38.1164 41.3585 40.0132 37.6729 37.4492 37.375 60.7775 43.2294 43.441 45.3279 38.1362 49.3251 36.1724 35.8932 43.5517 35.4988 43.0311 43.1662 39.1755 36.958 35.4247 35.0967 35.0739 35.0703 46.1148 57.2354 35.6217 35.04 34.5852 34.1555 43.7699 34.1461 42.4381 34.9747 34.4486 34.1116 34.0876 33.9192 33.6427 33.394 61.5639 33.0804 33.0048 32.9239 40.721 53.4377 32.7456 32.5258 32.91 34.8215 55.6027 32.4269 32.3384 32.0199 34.9407 37.5859 31.979 31.9565 31.727 34.6097 31.7022 34.5545 31.6553 48.393 39.5624 38.8763 36.2757 37.3048 37.274 36.0778 33.4029 36.0562 35.3409 41.9099 40.7116 31.5928 31.4771 37.1705 31.0806 44.7941 31.0042 30.9606 30.8995 30.7223 65.5426 38.6317 30.6487 43.5485 30.6223 44.2031 30.5919 30.5309 61.5609 55.4476 50.6637 44.2378 42.4208 40.0328 39.5876 34.2009 31.3772 30.3589 42.9443 30.1269 29.9923 49.2332 29.9889 29.9505 44.5505 43.5754 38.2586 36.7454 36.1514 30.3997 36.6819 35.4527 69.7131 35.0856 35.9039 30.1205 37.8382 35.2799 29.4922 36.977 35.3563 40.5781 34.3476 29.4391 29.2591 29.1996 29.3006 29.1566 29.0937 29.329 29.7693 31.829 29.0907 28.9645 35.0545 30.1447 28.9071 28.8922 28.7081 28.5742 28.4093 32.657 30.2048 28.3741 28.3601 28.2312 28.1846 45.4902 37.3632 28.0677 34.4004 35.4251 28.3759 27.9524 42.8373 67.0253 55.4058 47.4132 42.9186 60.9756 39.7466 37.7071 30.5018 27.6805 41.8462 33.8932 36.4176 30.846 27.5919 29.9173 27.5901 37.0687 43.4018 42.3628 31.6276 41.644 45.4531 49.8787 34.1872 53.0994 48.562 54.2856 43.3124 35.7173 34.6393 39.9333 32.7884 31.0426 30.6165 30.5895 29.1121 34.6199 40.6568 42.7941 33.6116 33.3711 32.5867 32.3061 33.8275 28.6714 31.5865 35.2478 36.5196 27.4836 33.1752 27.456 27.4006 27.3208 27.3014 27.2989 27.2932 27.2642 27.1696 35.278 29.5378 27.1381 26.9145 32.6349 26.8946 26.8902 26.8328 26.6099 26.5212 28.8746 26.4713 26.3714 26.6602 26.3513 31.0635 26.3318 26.3054 35.9606 26.2811 32.5332 26.2509 26.2424 26.2404 37.7385 26.2177 31.7073 30.783 26.9253 26.2101 54.6683 48.9255 49.495 26.1721 42.6534 26.1248 26.0599 26.0177 26.5676 33.224 25.9795 26.8373 32.0475 25.9494 25.9137 25.8141 25.7062 25.677 41.1814 26.0993 25.6416 25.6415 25.5821 25.5585 28.1549 30.7204 29.9866 25.5429 32.1818 31.868 38.327 30.0809 29.8685 37.3652 27.0785 29.417 25.8785 25.5175 34.6278 41.1317 33.2841 43.9116 43.9741 39.0005 35.9591 34.6772 32.4451 28.5418 31.3942
threshold=3.6300827559898614e-05 -0.0007298658019863068 0.96754714846611034 0.0014307002420537176 6.3121318817138685e-05 7.2021921369014316e-06 -8.8674296421231685e-06 0.00068503510556183766 9.0539455413818373e-05 -0.19815859198570249 -0.37940952181816096 1.1754413662856679e-05 0.0016011035768315198 0.0020415056496858601 0.0028531481511890893 -0.005693793296813964 8.2438647950766622e-05 -1.0386467576026914 0.0015120734460651877 0.11149768158793451 -0.00062283873558044423 -0.91597560048103321 7.9350385931320502e-05 -0.047516953200101845 0.16797273606061938 8.1330661487299962e-05 0.20212390273809436 0.98296290636062633 -0.0008741319179534911 1.0000000180025095e-35 -0.00026548847381491209 2.5102474864979744e-05 0.91597560048103344 0.00064426660537719737 0.58333334326744091 0.0014401547960005703 2.897496869991301e-05 2.7291031983622819e-05 0.0017082095146179201 0.0024244189262390141 2.1647272660629827e-05 0.0022354978136718277 5.4398825168609628 -0.00063642859458923329 1.0000000180025095e-35 -0.91597560048103321 -0.00019100308418273923 2.6653594431991227e-05 -8.6532286331930646e-06 -0.0011298060417175291 0.00055652856826782237 -0.43589445948600763 0.00013583898544311526 -0.0015456676483154295 4.8983218221110299e-05 0.78656607866287243 0.00074982643127441417 2.9896728847234048e-05 0.0040322542190551766 0.014165322761982681 0.63349315524101268 0.66717982292175304 1.0660336101864233e-05 5.3585921705234803e-05 3.3318996429443366e-05 -0.00053822994232177724 2.8293181458138864e-05 0.17645557969808581 3.2302405088557869e-05 2.5719824407133277e-05 6314101.0000000009 -0.00094934972003102292 -0.86744302511215199 -0.0003242007660446688 0.0017328960238955917 2.1875925995118454e-05 0.00047689676284790044 2.8465449759096376e-05 -0.098610594868659959 -0.00087160876137204457 -0.00048074126243591303 2.9269580409163613e-05 4034908.0000000005 2.6304081984562803e-05 -0.00043144822120666498 -0.0030618011951446529 -0.00073775649070739735 0.60355338454246532 -0.00038002393557690079 8.5311850853031515e-05 0.00028365850448608404 -0.4243044108152389 -0.0030618011951446529 2.8307503271207682e-05 6296633.2500000009 4.7141551971435556 2.254371429444291e-05 0.27989390492439276 -0.00056334128021262575 0.0015542797045782211 0.0022031655535101895 4.0704020648263402e-05 5146134.2500000009 2.7698841222445484e-05 0.0028531481511890893 9.5832665465422923e-06 3657056.7500000005 2.8288156499911569e-05 0.030150385573506359 2.359351765335305e-05 0.00082465584273450087 1.6268131730612371e-05 0.48333333432674414 -0.00024234277225332332 -0.0013197958469390867 -0.0018176734447479246 3200827.0000000005 -0.00075784098589792837 0.030150385573506359 0.0013225765433162453 -0.00043144822120666498 -0.0019366116030141709 1.0000000180025095e-35 0.081350293010473265 -1.4012305140495298 -0.0011361374636180697 2.5003576411108955e-05 -0.0011837780475616453 0.10305372998118402 2.7565985874389302e-05 2.5842501599981919e-05 5.2592922656913295e-05 8.5175037384033217e-05 -0.21225291490554807 2.3671472263231411e-05 -0.00016656517982482907 0.0011037876829504969 2.0826591025979727e-05 5684518.5000000009 1.760016129992437e-05 0.0011298980680294337 -0.0016721785068511961 6314101.0000000009 -0.96378612518310536 2.9618285225296862e-05 0.0018630593549460175 0.0018341365503147247 -0.0018948614597320554 -0.1517495661973953 0.51937341690063488 -0.0022014081478118892 -0.00028399417351465667 0.51247727870941173 0.48454606533050543 2.5833879590209111e-05 2.3717268049949783e-05 -0.00016346573829650876 -0.002260506153106689 3.4455364584573551e-05 -4.1931867599487298e-05 3.8758367736591033e-05 -0.30351401865482325 5.5822345530032187e-05 6.0705975556629717e-05 0.001932547544129193 1.842092024162412e-05 3.3392310797353282e-05 -4.6342611312866204e-05 0.0024442514404654507 4.4697075281874283e-05 0.00013754201791016388 -0.0017393529415130613 -0.001385645067784935 -0.37940952181816096 -0.00054690241813659657 -0.37940952181816096 0.0014352565049193802 1.0000000180025095e-35 -0.00066444277763366688 1.5591775081702511e-05 0.00023521886760136115 8.386610352317804e-05 -0.7865660786628722 -0.00030706067627761508 2.664874318725197e-05 -0.2550568133592605 1.5591775081702511e-05 1.6435513316537257e-05 -0.00085368627333082248 2.6533944947004787e-05 2.4812806259433277e-05 2.0236839191056791e-05 0.0012540047173388304 -0.00073760747909545888 1.7798630324250556e-05 -0.002260506153106689 -0.46329973638057703 0.0024244189262390141 2.4894436137401502e-05 0.00057114416267722856 0.00024086236953735354 -0.0043524205684661857 0.43131026625633245 4.4240047931671151 2.582805154816015e-05 0.0018211739370599391 0.001362434297334403 2.3443330974259883e-05 0.29876743257045751 -0.00028382492018863553 4.2357647544122308e-05 -0.005693793296813964 -0.00094464421272277821 4.804507807421033e-05 -0.43589445948600763 -0.68052849173545826 -0.37446697056293482 0.26431591808795935 4.804507807421033e-05 0.00027924776077270513 -0.00023963405692484227 5.4398825168609628 0.0019917334429919724 0.0016812421963550153 0.37430596351623541 2.5413939511054199e-05 -0.026131115853786465 0.79625922441482555 4.4697075281874283e-05 3.6429737519938506e-05 3.5642870664596562 0.0025885709328576927 0.60355338454246532 0.00026041269302368169 4507778.0000000009 3.3392310797353282e-05 -0.00065156817436218251 7.6695916504831998e-05 -0.57128366827964772 0.00053268671035766612 0.62406447529792797 0.0019606562564149503 3.5254357499070472e-05 0.00014011141320224854 4451098.5000000009 6662482.0000000009 0.45000000298023229 0.0024244189262390141 3.0210583645384762e-05 2.6304081984562803e-05 3.3490676879882817 0.0023850636789575223 -0.60397514700889576 1.7053912415576635e-06 -0.14267969131469724 0.91597560048103344 0.0015026926994323733 3407212.2500000005 0.00059860944747924816 3.6418437957763679e-05 4.8983218221110299e-05 0.0023850636789575223 0.26012840867042547 -0.0019366116030141709 -0.0038245022296905513 0.28544552624225622 4.9073128700256357 7.9350385931320502e-05 0.81993097066879284 3023366.3750000005 -0.00094196200370788563 -0.37940952181816096 7.2777271270751967e-05 4.7087669372558602e-06 1.0000000180025095e-35 2.6653594431991227e-05 1.4245510101318361e-05 -8.1277753452013695e-06 4.1813773350440904e-05 1.5166493540164085e-05 0.0025114155141636734 2.3038203716278081 -0.00065913659636862565 2.1476965230249338e-05 2.9736409487668428e-05 0.22299054265022281 -0.0010438263416290281 5420109.2500000009 -9.983777999877928e-06 4005987.5000000005 4.0704020648263402e-05 1.5895553588052284e-05 -0.0015489757061004637 0.0015477406559512021 2.6060284653794955e-05 4843038.7500000009 2.7293778657622173e-05 2.8580850084836132e-05 0.60355338454246532 -0.0019366116030141709 2.9158821234887004e-05 -0.65609595179557789 -0.0004116594791412353 0.98296290636062633 2.4283935999847021e-05 8.7754137894080503e-06 2.2417660147766586e-05 3000587.7500000005 3.6429737519938506e-05 3.2302405088557869e-05 0.78656607866287243 -0.0014519820106215773 5.2592922656913295e-05 6685140.2500000009 -0.0012417283724062143 7388213.5000000009 2.2066898964112628e-05 -0.7865660786628722 0.0010683616274036469 -0.00057602958986535658 0.0008998525154311211 6731989.2500000009 0.0015542797045782211 2.3006384253676518e-05 2.2621010430157188e-05 0.0018630593549460175 0.0015737780486233535 -0.00051310658454895009 4.0005312257562771e-05 4.5628747102455243e-05 -0.42442220449447626 0.00055315156350843619 6.1002949223620824e-05 4.8983218221110299e-05 0.78656607866287243 0.1186351925134659 0.8270605504512788 -0.00087160876137204457 0.51666668057441723 2.6653594431991227e-05 0.0012011993676424029 0.0013427662779577079 2.2851065295981247e-05 0.37940952181816107 0.51937341690063488 -0.00063593519735150028 2.4139881134033207e-05 0.00013889819092582914 0.98296290636062633
decision_type=2 2 10 8 10 2 2 2 10 2 2 2 10 10 10 10 10 10 10 2 10 2 2 10 10 10 2 2 10 2 2 10 2 10 10 10 10 10 10 10 10 10 2 10 2 2 10 10 2 10 10 10 10 10 10 2 10 10 8 2 10 10 2 2 10 10 10 10 10 10 2 2 10 2 10 10 10 10 2 2 10 10 2 10 10 10 10 2 2 2 10 2 10 10 2 2 10 2 2 10 10 10 2 10 10 10 2 2 2 10 10 10 10 2 10 10 2 2 2 10 10 2 2 2 10 2 10 10 2 10 10 10 10 10 10 10 10 10 2 10 10 10 2 10 10 10 10 10 2 10 10 2 10 10 10 10 10 10 10 10 8 10 10 10 10 10 8 10 10 10 2 10 2 2 10 2 10 2 10 10 2 10 2 2 10 2 10 10 2 10 10 10 10 10 10 10 2 8 10 2 10 10 10 2 10 10 10 10 10 2 10 10 10 10 10 10 10 10 10 10 2 2 10 10 2 10 2 10 10 10 2 10 2 10 2 10 10 2 10 10 10 10 10 2 2 2 10 10 10 10 2 10 10 2 2 2 10 2 10 10 10 8 10 2 10 2 2 2 10 2 10 2 10 8 2 10 10 2 8 10 10 2 2 10 10 10 10 2 10 2 10 10 10 10 10 2 10 10 2 2 10 10 10 2 10 10 10 2 10 10 2 2 10 2 2 2 10 2 10 2 10 2 10 10 10 10 10 10 10 10 10 2 10 10 2 10 10 2 10 10 10 10 10 2 10 2 10 2 2
left_child=1 5 4 8 48 12 180 90 11 -9 197 20 18 19 15 -15 41 289 45 68 21 91 129 -24 -7 210 27 30 76 -30 32 38 36 34 35 -34 40 88 286 82 141 53 44 106 -43 -1 47 66 273 -23 92 94 57 54 263 -56 160 -31 60 -60 63 62 154 111 -65 -33 67 -37 69 70 74 95 -72 80 -14 -39 77 293 -79 -80 -69 -49 109 -84 86 -86 143 -88 -38 -61 267 -3 93 321 -52 201 182 156 -99 -53 101 102 -55 314 323 -13 -44 -108 278 -40 -47 -50 -113 114 -46 116 118 136 122 121 -121 -118 -112 124 -123 -125 127 -127 -12 130 -22 -130 -133 -131 195 -105 138 -138 -117 291 -141 142 268 -20 147 146 149 -77 152 150 -146 157 -149 -148 155 -62 194 158 -147 277 161 164 166 -164 -28 -163 167 -162 287 170 171 -170 -167 174 -174 176 179 178 282 -119 -6 -27 183 185 275 -51 -187 188 -188 -76 191 -93 -192 -152 -98 -126 -184 198 315 -200 -186 -71 -48 204 -21 -205 207 208 -124 -208 299 215 213 -213 -214 -212 219 -216 -218 -217 221 -175 223 -222 -225 226 -122 231 229 230 -229 235 243 234 -234 247 237 238 -237 240 279 -240 -243 -233 -244 -232 -239 248 249 256 252 281 -251 -249 -252 -256 257 322 313 -260 -156 -262 -132 -17 -160 -179 -219 -4 -5 270 271 -70 -82 274 -2 -145 -195 -143 -109 -238 -281 -250 283 -177 285 -176 -32 288 -168 290 -16 320 -206 294 -29 296 297 298 -203 -19 -301 -302 -303 -11 -305 -198 -267 308 309 -159 -115 312 -312 -259 -104 -8 -197 318 -181 -320 -107 -42 -67 -94 325 326 -325 332 329 -329 -331 -330 333 -114 335 -333 -335 338 -158 -340 344 342 -342 345 -339 -343 -347 348 -345
right_child=2 3 7 26 6 24 10 9 -10 303 128 105 13 14 17 16 -18 25 84 203 22 49 23 -25 -26 181 56 28 29 52 31 65 33 -35 -36 46 37 75 39 -41 50 42 43 -45 113 110 202 81 58 96 51 99 -54 100 55 -57 -58 -59 59 89 61 -63 -64 64 -66 227 -68 73 269 71 72 -73 -74 -75 189 144 -78 78 79 -81 272 -83 83 -85 85 -87 87 -89 -90 -91 -92 190 104 -95 -96 -97 97 98 -100 -101 -102 -103 103 135 -106 139 107 108 -110 -111 115 112 327 310 -116 117 119 175 -120 120 225 123 206 125 134 126 -128 -129 131 133 262 132 -134 -135 -136 -137 137 -139 -140 140 -142 159 -144 184 145 151 153 148 -150 -151 193 -153 -154 -155 260 -157 337 307 264 -161 162 165 163 -165 -166 172 168 -169 169 -171 -172 -173 173 220 284 177 -178 265 -180 317 -182 -183 196 -185 200 186 187 -189 -190 -191 192 -193 -194 276 -196 316 305 -199 199 -201 -202 295 -204 205 292 -207 209 -209 -210 -211 211 212 214 -215 217 216 218 266 -220 -221 222 -223 -224 224 -226 -227 -228 228 -230 -231 245 232 233 -235 -236 236 239 246 241 -241 -242 242 244 -245 -246 -247 -248 253 251 250 254 -253 -254 -255 255 -257 -258 258 259 -261 261 -263 -264 -265 -266 306 -268 -269 -270 -271 -272 -273 -274 -275 -276 -277 -278 -279 -280 280 -282 -283 -284 -285 -286 -287 -288 -289 -290 -291 -292 -293 -294 -295 -296 -297 -298 -299 -300 300 301 302 -304 304 -306 -307 -308 -309 -310 -311 311 -313 -314 -315 -316 -317 -318 -319 319 -321 -322 -323 -324 324 -326 -327 -328 328 331 330 -332 334 -334 336 -336 -337 -338 340 339 -341 341 343 -344 347 -346 346 -348 -349 -350
leaf_value=0.0089473336030878401 0.0013527046430901032 0.011362424364524077 -0.001039153514060067 0.0031387005083791074 -0.005146731574746332 0.0066649289269209442 -0.0025799866814750676 -0.0098462274377241372 -0.00036160170238900831 -0.0036016001638259662 -0.0012611375796134545 0.010931390392749485 -0.004183799954669179 0.019288269780386218 -0.0077011879257250166 0.019087720331907788 -0.014123830582057722 -0.0017148268536499168 0.0036155638047836339 0.0051814424389858213 0.0003811530066300412 -0.0084497565637453673 0.0071005265856739844 -0.0011111799765124439 -0.00455642508388649 0.014240741169618348 0.0030629928410151057 -0.0022560179707263876 -0.0099230490975623659 -0.0060904236626324127 0.012094120879678479 0.0045008827192662805 -0.01580546201035922 -0.013064144345405241 0.0045760166078134814 -0.0079587997442949737 -0.0040439994513041975 0.0044858365562396247 -0.0095934293393460709 -0.0035039638248236457 0.0068884577979127625 0.020619614440996234 -0.0055879444690614868 -0.015157568002846731 0.0094730442740280085 0.015782477649217589 0.009904859834096719 0.00667256244292106 0.00059970539941865643 0.010796648217640354 0.0028009884673621701 -0.004747951160022996 0.0071394324906912691 0.0033830872429986055 -0.010628805359146995 0.0094708610356641753 -0.0077579127750177727 0.0058155568149390706 -0.0016173748289743583 0.010519208845810092 -0.0023761426063628375 -0.00039832166481740125 0.0064852727757705323 4.664897209338706e-05 -0.0023371087995398884 -0.003278603135647094 -0.015489540081598767 -0.0032077147138979095 0.0039581336954581884 0.015936382792235155 0.0023279953235002511 -0.0037595355342819217 -0.014996869896482525 -0.0034588106115282609 0.013671721053167067 -0.0085449968264051952 -0.014946380694976032 -0.0069529308286505852 0.0019390723567945091 0.01577582620791446 0.0057336853247323839 -0.0001438605951492597 0.014550706213774328 -0.0026643120017199478 0.010619227077287035 -0.0069701033118682795 0.0094495304862591036 -0.004487480852144201 0.013344751769855601 0.0030979195811646405 -0.0068142488274209392 -0.002354164425713335 -0.0046748091202378659 -0.010696980540242314 -0.011559589074495976 -0.0046442692899924904 0.012084492315342926 0.0031892365619490652 -0.010756656516927501 0.012268983525379636 -0.0070961191939086614 0.0090168816557269337 0.01749963367262659 -0.012018114729135448 -0.01500829279607681 0.0051955390982059615 0.014747356000801022 0.007106781828066208 0.0076523121842161446 0.0073901267363724347 -0.0081083601634301186 -0.00086964920920101438 -0.00094875584939806763 0.01376122923297003 0.001427251760662523 -0.0077226028452252495 0.017048332520809447 -0.0035278172249690854 0.0099323657969123801 -0.00095605643210035717 -0.009853527142666435 -0.0039036919352236853 0.0095151952678970402 0.00880349657871125 0.011047117036674943 -0.014735355251593515 -0.018489996553266042 0.0014963716854560303 -0.00022716154424056611 0.0089072629510492645 -0.0094333318593862632 0.01692866473049013 0.0011579800779856146 0.00053243756999399577 -0.0043935307306329158 -0.00048637913181566797 0.016075359246762143 0.0031522226978425213 0.0082684374439615498 0.0097440092989858566 0.0022976238961490538 0.0091015619607337922 0.010574986092257434 0.0090955274204914411 -0.0085534337614413761 -0.014137492289825844 0.017514891964177551 -0.00088398258738977295 0.0018174586822511342 0.0082744251076115258 -0.0038636861412455841 0.00099863085428386926 -0.019274078759042503 0.0044395450629782186 -0.0050790324012964802 0.0024372692689611755 -0.0057517137814498669 -0.010527585580202297 0.0095233839444038137 0.0021194059778934034 -0.011756002459386331 0.0087573964460435048 -0.010441140825968068 0.0065061557247190821 -0.0012417856834873349 0.013054096383548564 0.013246025498352576 0.0070924968291045344 0.0065099177755108401 0.01351722007954325 0.012052392049477547 -0.0088857138420156394 0.0074851913825237596 -0.00078761884012815272 0.0016966814921130463 0.0073154093171508491 -0.010833660375874932 0.00050765402911767394 0.0063566022619493436 -0.011228214032142249 -0.018097701019058613 -0.00036441725469625504 -0.0048271668474725573 -0.00023877343739803718 0.01493482179502072 -4.9418233599636486e-06 0.02148233865647204 0.0022830087926484898 0.0063024627805653346 -0.0018459841385471952 -0.017705461950234369 0.0025554143506986027 -0.003118293146456274 0.0026030616146433616 0.0042339843232516647 0.0020408307248406471 0.0051811882859039982 0.0019382932704531844 -0.007310476698320037 -0.0004708103618855357 -0.00068735071175110801 0.0056967412048384118 -0.0049516459104268088 0.01207378581723844 -0.0037860620327886804 0.0011618191546860967 0.0016695067025927269 -0.0045321911151698152 -0.0063386455258491571 0.016462898664823374 -0.004488369368078898 0.0040455776965212268 -0.015110650155913017 -0.0056223862808479179 0.0036394305930476196 0.014301419811809114 -0.011876842886425144 -0.018678401520813005 0.0083575640404821312 -0.00067511538321292266 0.0025375807155128827 -0.012545446800547212 0.0064268251582834755 -0.00055071274131674797 -0.009400857316247067 0.01496236807110261 0.0098329373963197027 0.0037436173636352112 0.012428688954628597 -0.011081756848780707 -0.001873133032018472 -0.010815984645304208 -0.013802336924746243 0.01239552672617548 -0.00020679346281430515 0.011853178814982124 -0.0087275484486092052 0.003432695177441119 -0.012530865540294717 -0.011347500916365296 -0.0054443450363063526 0.014471674402344236 -0.012979951262130994 0.0036477450797238525 0.0051416360086968971 -0.017540458133627066 -0.01161317132512483 0.0059689950603973871 0.00056463058582750022 -0.010074664278657584 0.0020492333007279327 0.0047845525511548831 0.00095298786513223481 -0.0069887873207485005 -0.0038209391388737972 -0.013617559866701236 -0.013077816666418147 -0.0030528259835990047 0.0048423010329622712 -0.010873372948781488 0.0094153991313572476 -0.0059784606839457391 0.0015128757106977028 0.0062765451146570596 -0.0045145159236600436 -0.0021644191060171793 -0.0036364298064699564 0.012463001724748747 -0.0073214283217471711 -0.0020149551106800785 0.0044030788473161178 -0.011358831820935431 0.023119850634283276 -0.0023412037307676721 -0.0019531145838077026 0.00042119256624130187 0.014477414692883956 -0.0029339618070441087 -0.006548240713593694 0.0051000399973787748 -0.0081764589489123751 -0.0060358762318701567 -0.012031069173291631 -0.01042611593535064 0.0035016847754327281 -0.0092565076419322805 -0.00029429313046230805 0.019314055651004459 -0.004369149704611771 0.011361887523416332 0.01121010951819904 0.0023479460602796602 0.0030998671177675631 -0.0058088646528025815 0.01070753892861501 0.0045038565693501899 0.0017294768276657441 -0.017266945805339422 -0.0090989566940617127 -0.0098806047758902109 0.020907671405553541 -0.011794509964641977 0.0089528752434032809 -0.0015342106246763632 -0.016822644917812699 0.0010552412945590301 -0.018089903239150412 0.00015047749830547787 -0.011397607362190141 0.0027442280335053053 -0.0076240345920816979 0.015919163950229485 0.0098955088138791367 -0.012500199060195137 -0.0013406136565383994 0.0028542089791402524 0.012843232066623675 0.011822528792451253 0.015335653004874241 -0.0020912344851479799 -0.0062700941328403068 -0.0017236147289006753 -0.013827948072874215 0.00022002243426932244 -0.0014676342688813844 -0.0083528570124728179 0.0069527161968058393 1.9572418650112924e-05 0.0061306176102429392 -0.0079487055322422211 0.0056229356094595331 -0.0093364072439036886 -0.012318206671326173 0.013458743456921194 -0.0027915882442704448 0.0042641562043774514 -0.0017165469780272852 0.0035814562157971642 0.004544926328856759 -0.0086122711685575701 0.0077535122641383559 0.0063669803420216189 -0.0019733460319097925 0.0083283291969140881 0.015010406372996452 0.0018738976346940096 -0.012349602967893808 -0.0022312194113093061 -0.001603555263160576
leaf_weight=341.20936371386051 2284.7076672017574 72.248998269438744 4384.0607475191355 625.99039378762245 1784.3721513003111 2363.3498996198177 6781.0587710142136 631.37715114653111 21554.745850518346 6492.6646714955568 31529.844565913081 199.9939798116684 451.73177626729012 155.20402854681015 77.246574401855469 106.97912320494652 107.4902837574482 374.48344452679157 570.96611034870148 655.23602159321308 80694.695206880569 158.49447385966778 873.22669339179993 446.989039093256 151.99125581979752 119.73963992297649 3713.6589710116386 335.49039641022682 906.6582752764225 557.45887915790081 61.248266562819481 330.47952820360661 68.249468788504601 92.243489429354668 2256.9403811693192 313.98975771665573 50.998729854822159 882.20870780944824 67.749120771884918 188.24493803083897 546.97352111339569 107.98351566493511 123.23889212310314 83.494387745857239 361.22074589133263 58.249468550086021 287.24163299798965 482.74186399579048 23131.830248191953 221.49896436929703 219.49004590511322 50.747590839862823 146.9928266108036 610.95790173113346 79.986192300915718 64.236111655831337 195.48880459368229 123.24341976642609 1044.9508181363344 305.48834101855755 5474.5847146660089 12850.665869742632 225.74793231487274 6789.3453426361084 7098.0238994807005 182.99254551529884 81.49756520986557 89.49834668636322 53.745515197515488 53.499065309762955 62.498845607042313 605.47695603966713 194.4946563243866 285.74346673488617 89.496287420392036 380.73528951406479 53.996709525585175 97.744211673736572 128.49075524508953 177.4921972155571 111.99797567725182 756.2240974009037 296.99462029337883 70.497197553515434 71.744983091950417 168.49595366418362 97.997972577810287 206.49517507851124 245.99182742834091 1242.1937752515078 410.71638526022434 2524.9847322106361 895.73463372886181 112.244294911623 81.491382345557213 279.99425429105759 203.99863858520985 232.99489122629166 195.49684225022793 241.24098531901836 190.73587974905968 193.72655685245991 52.994807690382004 220.73474901914597 62.492078006267548 96.748705506324768 118.73010997474194 73.744565069675446 311.72604088485241 98.997568994760513 91.996418684720993 24750.517887547612 10735.521028652787 400.68548752367496 514.47020223736763 170.49503496289253 73.245772838592529 125.49797189235687 608.73416438698769 1832.9027796387672 50.247477382421494 150.49163250625134 247.49501086771488 129.49519728124142 459.73486113548279 63.248749405145645 50.747401610016823 459.24183161556721 11480.453206181526 334.74255713820457 259.24416391551495 94.747314214706421 245.49062216281891 367.49012692272663 92.743616878986359 157.73962818086147 180.24540513753891 986.71592004597187 83.747781813144684 479.73664686083794 902.72557038068771 71.497887536883354 297.74645900726318 492.72037617862225 158.49421064555645 189.73345941305161 164.49622739851475 87.24671570956707 836.9769536703825 368.73600198328495 238.99511235952377 5478.9255069941282 68.746910244226456 140.24642284214497 2123.3155870884657 850.7263660132885 345.24560084939003 104.24786701798439 65.496344834566116 1392.2213128805161 75.245084136724472 163.49710151553154 133.98550601303577 78.494549930095673 1003.1927150785923 56.747884139418602 124.99571040272713 74.494885295629501 78.494443044066429 182.23111926019192 54.245256513357162 201.98328129947186 80.997459053993225 3933.6275204122066 123.99738991260529 67.497388303279877 52.997471526265144 4054.440589517355 85.498872458934784 55.748400121927261 66.735718682408333 95.492046967148781 318.49509629607201 879.24587032198906 413.95952388644218 747.49850842356682 53.749230295419693 953.24603021144867 765.4973174482584 92.494476035237312 80.248473152518272 747.99095183610916 170.99420404434204 635.2357049882412 1900.2305530458689 449.23547756671906 615.24821181595325 519.98240572214127 1054.4447026848793 342.73067156970501 51.49380099773407 92.747847855091095 56.747839942574501 239.74270062148571 676.98261289298534 258.24227558076382 87.746103867888451 188.99613597989082 66.248679801821709 126.24287569522858 268.47518368065357 469.97512151300907 285.23223550617695 462.70536993443966 149.2427965849638 220.24268777668476 95.496867790818214 74.997488290071487 50.247940555214882 70.497109994292259 1261.9669129550457 116.99564339220524 451.73463393747807 601.23079369962215 205.99320816993713 100.24406960606575 57.747726693749428 718.47751532495022 91.491097688674927 124.24216277897358 255.73952254652977 533.42564141750336 138.48014090955257 71.495167776942253 411.20016884803772 113.99712388217449 56.748506635427475 60.74790720641613 108.24642916023731 83.746390506625175 179.24234588444233 55.248639822006226 72.247313275933266 66.994634330272675 65.248152241110802 54.748051986098289 325.48715361952782 292.739208355546 271.23922227323055 106.49316482245922 298.73833008110523 132.99576789140701 2659.661885112524 97.246399760246277 967.21466867625713 159.9966284930706 137.49585917592049 770.46217711269855 366.48612914979458 62.496235623955727 114.24060514569283 95.992715701460838 136.49707378447056 190.48684799671173 218.73536153137684 137.74933359026909 127.49436414241791 52.744486317038536 110.49816499650478 1767.9373528212309 83.246031537652016 384.21064066886902 50.999061167240143 6618.2471679598093 2486.151553183794 201.23533491790295 79.748381152749062 1141.2189512401819 184.23323179781437 1290.4629755318165 61.997961461544037 2226.656702041626 253.24394361674786 53.497936934232712 99.745855242013931 558.48005963861942 7691.7960328161716 125.74333235621452 66.245459362864494 250.97860424220562 55.494867473840714 1198.7203381508589 319.99413315951824 405.47232821583748 113.74716372787952 1096.7278997153044 1256.4756473302841 62.498418867588043 88.49853652715683 67.747532889246941 90.491510555148125 53.747186616063118 176.49357922375202 138.98389548063278 149.9513868689537 43456.62475644052 52.249325573444366 1788.9033961296082 163.48846636712551 223.24008847773075 84.743102267384529 53.746824353933334 67.987066313624382 131.24330240488052 53.997767046093941 362.2404837012291 102.99641299247742 278.99405580759048 74.998376980423927 55.74874085187912 309.24553500115871 180.49167248606682 190.98931750655174 744.48905873298645 14000.602706849575 104.24659678339958 402.99282114207745 58050.338581427932 658.72955372929573 87.244578897953033 699.22041538357735 61.996619999408722 82.744739145040512 114.99533465504646 488.71509556472301 743.70860989391804 68.246743410825729 311.99746918678284 499.49295169115067 109.24649968743324 211.99865867197514 144.74851936101913 1192.7372144758701 989.24352292716503 168.49799232184887 117.74876771867275 128.24866180121899 145.49766691029072 143.24890741705894
leaf_count=1365 9139 289 17537 2504 7138 9454 27125 2526 86220 25974 126123 800 1807 621 309 428 430 1498 2284 2621 322781 634 3493 1788 608 479 14855 1342 3627 2230 245 1322 273 369 9028 1256 204 3529 271 753 2188 432 493 334 1445 233 1149 1931 92528 886 878 203 588 2444 320 257 782 493 4180 1222 21899 51404 903 27158 28393 732 326 358 215 214 250 2422 778 1143 358 1523 216 391 514 710 448 3025 1188 282 287 674 392 826 984 4969 1643 10100 3583 449 326 1120 816 932 782 965 763 775 212 883 250 387 475 295 1247 396 368 99004 42943 1603 2058 682 293 502 2435 7332 201 602 990 518 1839 253 203 1837 45923 1339 1037 379 982 1470 371 631 721 3947 335 1919 3611 286 1191 1971 634 759 658 349 3348 1475 956 21917 275 561 8494 3403 1381 417 262 5569 301 654 536 314 4013 227 500 298 314 729 217 808 324 15735 496 270 212 16218 342 223 267 382 1274 3517 1656 2990 215 3813 3062 370 321 2992 684 2541 7601 1797 2461 2080 4218 1371 206 371 227 959 2708 1033 351 756 265 505 1074 1880 1141 1851 597 881 382 300 201 282 5048 468 1807 2405 824 401 231 2874 366 497 1023 2134 554 286 1645 456 227 243 433 335 717 221 289 268 261 219 1302 1171 1085 426 1195 532 10639 389 3869 640 550 3082 1466 250 457 384 546 762 875 551 510 211 442 7072 333 1537 204 26474 9945 805 319 4565 737 5162 248 8907 1013 214 399 2234 30768 503 265 1004 222 4795 1280 1622 455 4387 5026 250 354 271 362 215 706 556 600 173827 209 7156 654 893 339 215 272 525 216 1449 412 1116 300 223 1237 722 764 2978 56004 417 1612 232206 2635 349 2797 248 331 460 1955 2975 273 1248 1998 437 848 579 4771 3957 674 471 513 582 573
internal_value=-1.95398e-05 0.000587247 -0.000739246 0.000373592 -0.000604208 0.00209907 -0.00136899 -0.00319934 0.000663383 -0.00439173 -0.00121555 0.00081565 0.00179404 0.00106161 0.00254201 0.00431003 0.00376208 0.000266421 0.00263532 -0.00032662 0.000759935 0.00119687 0.000450694 0.00433032 0.00597457 -0.000621563 -0.000242452 -0.000461442 -0.00359903 -0.00611258 -0.000305779 -0.00114104 0.00018535 0.00210281 0.00241283 0.000515836 -9.45448e-05 0.000897226 0.000256573 0.00493528 -0.000680506 0.00422297 0.00593593 0.00168024 0.00831023 0.00210978 0.00100713 -2.79883e-05 -0.000359003 0.00136972 -0.00108566 0.00396312 -0.00188355 0.00199258 0.00709258 -0.00164923 0.000785631 -0.00389229 -0.000275438 0.00210242 -0.000315242 -0.00114225 -0.00221693 -0.000180598 -0.00117237 -0.00196762 -0.0034252 -0.00213818 -0.00119855 -0.000151416 -0.00405986 0.000840083 -0.0108405 0.0013242 -0.00120924 0.00066239 -0.000260531 0.000460041 0.00596445 0.0101628 0.00667702 0.00253781 0.00791677 0.0112619 0.00554176 -0.00154433 0.00638114 0.000125085 0.010331 0.00460933 -0.00137168 -0.00145375 -0.00126302 0.00260912 -0.00128579 0.00179809 0.00139922 0.00267618 -0.00325403 0.0092637 0.000441523 0.00159275 0.000225174 -0.00373946 -0.00146479 0.00328842 0.00354333 0.00522337 0.00306177 0.000366426 0.00191469 -6.54385e-05 -0.000224846 0.00730801 0.00480184 0.00183854 0.0029662 0.000921618 0.00614 0.00185162 -3.31208e-05 0.00373831 0.00321613 0.00317304 0.00511754 -0.000318698 -0.00247222 -0.000661102 -0.000930621 0.000387656 0.000350903 -4.87647e-05 0.00583771 0.00457994 0.00636571 -0.0073215 0.00387757 0.00524415 -0.00236359 0.00274888 0.00492283 0.00128182 0.00417909 0.00747637 0.000363369 0.000747205 0.00410436 -0.00242414 -2.76849e-05 0.00247354 0.00050545 1.56543e-05 -0.00953343 0.0117649 -0.00244959 -0.0017265 0.00306395 -0.00193726 -0.00647167 0.000122249 0.000913226 0.000619718 0.00392469 -0.00417155 0.00214689 -0.000322549 0.00569306 -0.00249483 0.007173 0.00384571 -0.00161231 -0.00451605 -0.000529843 -0.000647446 -0.00456396 0.000131494 0.00411812 -0.000420326 -0.00563905 0.00558572 -0.0056895 0.00798002 0.00121154 0.00293717 0.00933986 0.00395349 0.00331973 0.00471554 0.0074965 0.0060394 -0.00174163 -0.00122866 -0.00818012 0.00206911 0.00503795 0.00737849 0.00107028 -0.00257681 -0.00285326 -0.00564492 0.0132241 0.00249059 0.00739715 0.00239106 0.00112026 0.00652296 0.00474315 0.00209035 0.0060932 0.0106756 -0.0012504 -0.00235983 -0.00419259 -0.000757751 -0.00915029 0.00172222 0.00555429 -0.0040883 -0.00482881 0.0107492 -0.00012806 -0.00115128 0.0015145 0.000421441 -0.00287925 0.0078253 0.000625458 -0.00212285 0.000715315 -0.000293204 0.0010849 -0.0024002 -0.00545347 -0.00178499 -0.00378076 -0.00207311 1.09345e-05 -0.00419803 0.000566703 0.00203802 0.00279706 -0.00390415 0.00124697 -0.00917538 -0.00457053 -0.00500694 -0.00922509 -0.00264187 -0.00288283 -0.0020435 -0.000951546 -0.00479589 0.00050061 0.00266232 -0.00375561 -0.00529764 -0.00451355 -0.0037649 -0.00229347 0.00239562 -0.004397 0.00242505 -0.00570265 0.0112631 -0.00110757 0.000154487 -0.00970573 -0.000856498 0.00150752 -0.00321588 -0.00719743 -0.00944186 0.0120007 -0.00151647 -0.000370383 0.00661359 0.00407305 -0.00216939 -0.00254852 0.00387013 0.00444693 -0.00531963 -0.00845526 -0.000689097 -0.00587477 -0.00726985 -0.00018406 0.0123711 0.00721375 0.00765284 0.000392809 0.000860897 -0.00156884 -0.0021712 0.00115627 0.0021655 0.00044124 -0.0060434 -0.00160691 0.00204728 0.00563526 0.00907334 0.00387621 -0.0038729 -0.00970806 0.00111377 -0.00709786 -0.000975265 -0.00501363 -0.00163083 0.0108131 0.00479218 0.000279064 -0.00452573 0.00855944 -0.00230153 0.00421021 0.00806087 0.00217866 0.00821293 -0.00349023 0.00475621 -0.00884284 -0.00140497 -0.00121059 0.00165552 0.00261629 -2.47436e-06 0.000158042 7.4024e-05 0.00405252 0.00267839 -0.000888896 -0.000793327 0.00089469 0.00313613 0.00797148 0.00213522 -0.000764054 0.0021026 0.00291344 0.00213606 -0.000469803 0.00432144 0.0077695 -0.0011898 -0.00569682 0.00600343 0.00706961
internal_weight=515484 279684 235801 245061 223540 34622.8 54262.1 12260.5 166662 7412.98 52411 145107 32107.5 17173.8 8307.8 4671.27 4516.07 3636.52 14933.7 8865.97 141920 58806.7 83112.9 1320.22 2515.34 3252.8 78399.3 64635.8 3046.79 1734.35 61589 22800.9 38788.2 4934.11 4841.87 2584.93 33854 12571.6 8475.53 722.483 21282.4 4408.58 2486 895.167 1590.84 12658.6 2516.68 2172.69 169278 55210.3 17643.2 592.97 827.695 1922.58 441.688 144.222 13763.5 680.702 157889 2592.63 155296 21735.3 8884.61 133561 13887.4 14325.3 933.726 852.229 6715.77 4426.63 890.716 3535.92 256.994 538.239 633.723 12274.6 1312.43 1258.44 403.727 305.983 252.495 1238.97 534.239 367.492 2275.11 240.241 2034.87 304.493 296.991 1547.68 4847.52 3596.47 17050.3 839.709 300.981 2930.44 55051.8 7040.67 428.492 291.989 1480.89 1290.15 1096.42 485.467 16210.6 3187.17 811.673 688.434 569.704 166.747 12317.4 119674 96542 1482.85 875.691 12259.1 5489.78 6769.37 1417.46 4072.32 2041.14 2031.18 808.725 1957.94 1255.2 702.733 573.238 522.491 43350.5 81792.7 81090.4 11820.7 340.238 702.233 1104.71 378.474 1421.2 1166.96 254.243 2987.18 1382.46 3639.17 1034.24 1730.38 11392.4 10018.7 1785.95 1373.71 992.971 1481.21 1112.47 8232.77 155.994 304.743 8658.86 6325.31 6612.18 2753.84 473.965 2604.94 13568 12371.9 1196.16 212.48 4716.85 7655.01 983.679 149.74 833.939 516.954 334.723 280.478 7491.52 7434.77 863.221 5348.16 643.985 4704.18 459.738 590.988 1851.11 215.232 48011.1 3620.74 1159.41 2741.49 2519.99 1772.49 819.247 181.991 3524.22 3272.98 251.243 953.979 2104.23 1011.97 44390.4 9060.46 8540.47 1397.18 465.453 2650.45 343.989 2150.2 1652.21 497.985 716.729 502.74 313.744 213.989 3037.57 2274.61 1569.65 932.68 636.967 704.96 436.485 351.735 145.745 290.74 6571.55 4050.62 2520.93 2069.19 807.224 208.239 107.995 13994.9 1244.7 1153.21 1028.97 12750.2 1221.6 621.175 549.68 11528.6 2473.42 801.223 414.988 1672.2 1588.45 300.991 192.744 600.42 137.495 310.488 386.235 9055.15 8665.16 6034.27 4192.1 2630.89 2766.16 389.986 1425.95 1127.21 1842.17 1704.67 1330.69 428.982 2333.55 210.233 395.741 297.466 284.232 4244.44 202.492 4436.81 736.489 2289.14 521.202 437.956 162.997 11389.1 4770.86 693.956 714.984 1212.72 257.978 1409.21 1352.46 2497.9 374.239 120.995 782.223 682.477 7753.04 316.985 191.241 383.72 132.741 1604.71 996.977 854.71 449.238 2596.95 1500.22 243.745 181.246 762.963 388.48 320.732 230.241 6781.6 288.935 44071.9 189.999 2279.88 490.976 327.488 607.162 206.477 152.73 901.705 106.993 7143.3 552.232 465.49 186.496 130.747 405.994 727.465 373.982 16148.1 15252.3 1251.73 1147.48 71791.5 60790 58836.8 786.465 1953.15 11001.5 10918.8 1294.42 805.705 183.242 4507.95 953.985 608.739 3553.97 3073.47 1404.74 1668.74 480.495 390.746 245.997 1277.99 1132.49
internal_count=2061988 1118758 943230 980260 894183 138498 217055 49047 666651 29656 209650 580431 128436 68699 33234 18687 18066 14547 59737 35465 567682 235228 332454 5281 10062 13012 313609 258553 12188 6938 246365 91207 155158 19737 19368 10340 135421 50289 33903 2890 85132 17636 9945 3581 6364 50636 10067 8691 677128 220842 70575 2372 3311 7691 1767 577 55056 2723 631570 10371 621199 86944 35540 534255 55551 57304 3735 3409 26864 17707 3563 14144 1028 2153 2535 49101 5250 5034 1615 1224 1010 4956 2137 1470 9101 961 8140 1218 1188 6191 19391 14386 68203 3359 1204 11722 220208 28163 1714 1168 5924 5161 4386 1942 64844 12749 3247 2754 2279 667 49271 478704 386176 5932 3503 49038 21960 27078 5670 16290 8165 8125 3235 7832 5021 2811 2293 2090 173407 327173 324364 47284 1361 2809 4419 1514 5685 4668 1017 11949 5530 14557 4137 6922 45572 40077 7144 5495 3972 5925 4450 32933 624 1219 34637 25302 26449 11016 1896 10420 54274 49489 4785 850 18868 30621 3935 599 3336 2068 1339 1122 29967 29740 3453 21393 2576 18817 1839 2364 7405 861 192045 14483 4638 10966 10080 7090 3277 728 14097 13092 1005 3816 8417 4048 177562 36243 34163 5589 1862 10602 1376 8601 6609 1992 2867 2011 1255 856 12151 9099 6279 3731 2548 2820 1746 1407 583 1163 26287 16203 10084 8277 3229 833 432 55982 4979 4613 4116 51003 4887 2485 2199 46116 9894 3205 1660 6689 6354 1204 771 2402 550 1242 1545 36222 34662 24138 16769 10524 11065 1560 5704 4509 7369 6819 5323 1716 9335 841 1583 1190 1137 16978 810 17748 2946 9157 2085 1752 652 45558 19084 2776 2860 4851 1032 5637 5410 9992 1497 484 3129 2730 31013 1268 765 1535 531 6419 3988 3419 1797 10388 6001 975 725 3052 1554 1283 921 27130 1156 176288 760 9120 1964 1310 2429 826 611 3607 428 28574 2209 1862 746 523 1624 2910 1496 64594 61011 5007 4590 287172 243165 235352 3146 7813 44007 43676 5178 3223 733 18032 3816 2435 14216 12294 5619 6675 1922 1563 984 5112 4530
is_linear=0
shrinkage=0.02


Tree=5
num_leaves=350
num_cat=0
split_feature=48 43 48 26 40 19 16 56 53 12 32 56 56 56 56 60 19 37 56 60 59 16 60 53 58 58 30 38 37 32 58 56 37 51 56 48 60 19 32 29 60 32 35 16 58 19 50 38 5 59 37 42 35 58 38 43 45 50 60 19 45 60 45 32 53 37 59 58 56 32 43 53 56 59 38 30 56 16 35 31 37 58 53 38 58 53 58 27 31 29 37 60 37 6 59 59 37 42 59 38 56 38 60 5 43 30 32 48 58 38 19 38 56 59 43 31 58 60 60 35 32 53 19 35 60 32 37 56 56 53 30 56 51 5 27 16 16 58 58 60 37 51 43 58 6 48 6 37 38 53 30 58 38 19 53 38 37 6 19 37 38 58 38 56 38 30 58 56 6 31 31 58 56 53 60 59 56 31 38 53 30 53 37 51 32 50 37 32 19 58 42 53 56 37 48 50 19 23 29 6 43 6 53 50 19 29 56 30 48 38 38 53 60 38 31 38 30 59 37 58 38 38 60 56 38 38 29 14 31 38 51 53 58 60 31 35 60 56 5 29 50 51 42 53 53 60 31 56 58 16 58 37 30 32 38 56 32 16 51 58 37 50 56 50 53 37 58 6 48 56 60 14 53 58 53 53 45 32 37 29 51 38 6 32 18 32 38 31 60 6 9 30 29 51 9 29 45 38 43 34 38 38 53 58 42 53 53 51 38 58 29 59 12 38 56 16 19 37 37 30 38 31 38 58 29 23 6 48 53 59 56 59 37 48 60 38 53 60 56 53 37 38 29 31 43 53 37 32 56
split_gain=494.616 189.018 161.872 104.215 96.9736 114.641 76.6927 76.6259 68.9451 61.8626 56.5577 51.1659 77.23 73.7138 65.0377 63.528 63.0475 52.6974 52.1846 81.4984 57.6297 51.1674 51.1251 86.9117 49.665 53.5439 91.1932 48.925 54.8608 48.2447 79.2413 61.9534 83.2012 60.1968 60.148 48.1371 48.0841 47.7494 47.3148 46.8616 46.5769 45.5067 42.9373 42.2563 42.0035 41.5733 41.4105 58.1889 41.2734 45.5414 41.2419 41.1365 40.6708 39.9511 42.8374 39.8538 39.1814 38.568 50.3284 38.4206 48.5137 38.3052 37.9889 37.7474 42.5676 41.5637 42.0146 40.1935 42.5444 42.4717 37.9182 37.7389 96.4495 40.7039 39.567 53.0658 55.6179 39.1354 37.3779 57.4896 66.8677 97.0645 64.1258 82.1438 45.8256 46.8289 40.6358 39.5619 36.9504 41.6336 36.264 36.2237 53.0078 36.8497 35.8708 35.826 35.8069 49.2254 47.7611 35.737 35.525 64.5522 64.5806 35.4462 35.4396 35.3597 35.3238 35.1862 50.9134 68.4552 72.4502 41.9878 57.0305 43.278 41.7544 34.8304 42.2318 36.1104 34.7961 38.4672 34.7099 67.549 55.109 34.669 42.3846 42.7253 46.894 36.4143 35.6036 35.2707 35.2171 34.9889 34.614 39.1356 34.4833 34.3489 33.916 44.7501 33.8242 33.8233 33.7112 33.3676 38.5143 33.1144 49.2959 36.9041 48.344 33.265 33.9436 32.8602 35.8238 47.3404 36.8978 32.7076 32.6923 40.4068 32.6238 42.6566 34.5441 32.5937 40.8646 40.2606 44.263 35.7097 42.8071 48.4884 43.0598 32.5839 32.4301 46.4693 32.242 39.8843 38.6192 32.1082 32.0737 33.2316 40.5144 32.6894 31.974 31.9561 31.758 31.735 31.9696 33.3925 31.7051 31.5237 31.4735 42.7003 31.3673 31.1667 31.0418 33.9963 58.7046 37.9811 37.7031 36.8715 31.9157 31.4526 30.9956 30.9044 30.8919 31.281 30.7774 30.7271 30.5256 30.4778 37.55 31.4293 30.7407 30.4697 30.397 35.7419 30.379 30.1777 52.0902 49.6008 39.1901 38.982 33.8949 41.3909 65.3962 36.0927 30.319 30.0748 29.8791 35.3766 29.9621 33.2183 29.6283 31.5532 32.2516 31.405 31.1802 64.8456 29.5344 29.1872 34.9167 30.2344 29.179 36.9651 29.1573 40.4824 37.8659 31.2269 29.0878 43.5882 51.6964 48.967 37.7941 32.5991 29.059 29.0521 29.0194 93.071 28.83 28.815 28.6689 39.2228 39.6297 37.0009 47.4812 39.9005 37.9732 38.8283 40.9313 35.5349 34.723 45.3573 34.6622 40.5819 32.815 30.5265 30.2378 36.9247 30.0599 28.5973 33.7359 29.1249 31.1697 28.5746 30.5751 28.3697 28.3405 28.3338 28.2838 28.2752 28.1762 28.1255 29.9 33.5045 28.0619 34.2739 27.9187 27.8619 27.8074 27.748 27.708 37.9457 37.4087 28.5942 27.5969 36.5738 37.5117 29.6326 29.3224 28.4678 27.577 46.5979 43.1966 27.5478 38.659 35.103 33.4715 27.9828 27.9338 27.7115 27.5328 37.0989 33.5922 27.4776 27.3964 29.14 28.7029 27.3322 44.2155 27.2551 27.1431 27.14 30.1665 27.1153 27.0869 45.3145 36.0612 30.6236 27.0771 27.0504 31.8994 43.3494 32.2393 32.1828 43.6731 27.0161 26.916 32.824 26.8043 26.8021 26.7434 26.6806 26.3978
threshold=-0.0091281956993043405 -0.0007298658019863068 0.92964693903923046 9.7215175628662123e-05 -2.734506210799736e-06 9.4146438641473664e-05 6.1333678331720884e-06 0.0014507074374705555 0.00025993557937908923 -1.6982332454062995e-05 -0.00021067261695861814 0.0016011035768315198 0.0020415056496858601 0.002665837993845344 0.0015065424377098682 0.78656607866287243 2.8416796340025033e-05 5.5822345530032187e-05 0.0014800874050706627 -0.7865660786628722 -0.91597560048103321 1.5548629903605617e-06 1.0000000180025095e-35 0.00056769975344650458 0.68430265784263622 0.54438924789428722 0.00089114904403686534 3.8758367736591033e-05 2.9335736144275874e-05 -0.00059339404106140126 0.48985491693019872 0.0024442514404654507 3.5889497667085386e-05 0.33413909375667578 0.0019606562564149503 -0.65609595179557789 0.98296290636062633 7.9350385931320502e-05 -0.0014617741107940672 -0.00010803341865539549 -0.6035533845424651 -0.0008989274501800536 8.1330661487299962e-05 1.0156344615097625e-05 0.48865936696529394 0.00014011141320224854 0.4040463268756867 3.0014791263965893e-05 0.048341387882828719 0.60355338454246532 2.5507172722427643e-05 -0.00063593618688173581 3.5117538573103964e-05 0.4150331467390061 2.1212527826719455e-05 -0.00034911063266918058 0.59966421127319347 0.33328515291213995 -0.37940952181816096 5.3585921705234803e-05 0.057586375623941428 0.78656607866287243 -0.40380345284938807 -0.001335322856903076 0.00030349069857038563 2.9335736144275874e-05 1.0000000180025095e-35 0.44031362235546118 0.0013908325345255437 -0.0021353662014007564 -0.001068958605173975 0.00043910832027904695 0.0012858473928645255 0.91597560048103344 1.9446289115876428e-05 -0.00059911608695983876 0.0012080667074769738 2.5341410037071915e-07 5.406697164289654e-05 0.0022704601287841801 4.4697075281874283e-05 0.59098589420318615 0.00065454648574814211 3.6833687772741548e-05 0.50115633010864269 0.00057342080981470655 0.43276196718215948 -1.3619661331176756e-05 0.0010114908218383791 0.00064426660537719737 2.247699467261555e-05 0.37940952181816107 3.0299979698611427e-05 0.49304473400115972 0.12940952181816109 0.98296290636062633 3.4506432712078101e-05 -0.0010937207262031732 0.78656607866287243 2.5019894565048165e-05 0.001006966514978558 1.7617642697587147e-05 -0.91597560048103321 0.088797122240066542 -0.00025639779050834472 0.00024634599685668951 -0.0019404590129852293 -1.1450677514076231 0.49789573252201086 4.9717504225554883e-05 4.4292997699812993e-05 4.7632065616198822e-05 0.0028531481511890893 0.78656607866287243 -0.00093451712746173133 -0.0017614662647247312 0.67121624946594249 0.78656607866287243 -0.6035533845424651 2.1320804080460224e-05 0.0011742711067199709 0.00071431873948313307 3.3550995794939815e-05 1.5877297300903596e-05 0.37940952181816107 -0.0015386641025543211 5.1506862291716977e-05 0.0020415056496858601 0.0010343236499466004 0.0003024616744369269 0.00027102231979370123 0.0021017988910898571 0.52324572205543529 0.11977269500494005 0.00024539232254028326 5.6681444675632528e-06 2.2590484860529616e-07 0.83499532938003551 0.3680089563131333 -0.37940952181816096 4.1885470636771067e-05 0.60425257682800304 0.00015157298912527042 0.61066684126853954 0.20550439506769183 1.131384074687958 -0.1517495661973953 2.4283935999847021e-05 1.6723397493478845e-05 0.00082949016359634708 0.00017195940017700198 0.79072606563568126 6.7362900153966634e-05 2.7990448870696131e-05 0.00094061478739604365 4.5628747102455243e-05 4.6536102672689601e-05 0.0079400246031582373 3.3711667128955021e-05 5.1506862291716977e-05 3.2302405088557869e-05 0.42797046899795538 2.5113826268352572e-05 0.0019182860269211235 3.6280063795857138e-05 -0.001090198755264282 0.64926385879516613 0.00081655368558131169 0.18893618881702426 -0.00042322278022766108 -0.0015456676483154295 0.39428134262561804 0.0024442514404654507 0.00049111407133750628 0.78656607866287243 0.78656607866287243 0.00097356122569181036 -5.9515237808227532e-05 3.4844113542931161e-05 0.00052328387391753506 0.00054377317428588878 0.00034919125027954584 2.0891132407996341e-05 0.084377389401197447 0.00058549642562866222 0.33709169924259191 3.5410217606113299e-05 0.0021899342536926274 4.4292997699812993e-05 0.52703917026519786 -0.00028399417351465667 0.0003077352157561109 0.0011613892856985333 2.6778804567584306e-05 -0.2127474248409271 0.57903149724006664 2.7607926313066858e-05 4760714.2500000009 -0.00048628449440002436 0.18590513616800311 0.0012709101429209115 -0.014278208836913107 0.00066786535899154853 0.32833263278007513 0.00014011141320224854 0.00023263692855834964 0.0015938394935801627 0.00055664777755737316 1.131384074687958 2.3079131096892528e-05 2.6418048946652565e-05 0.00041934697946999227 -0.6035533845424651 3.5254357499070472e-05 0.00055307149887084972 2.9269580409163613e-05 0.00017613172531127932 0.91597560048103344 2.2621010430157188e-05 0.45979097485542303 2.9818404073012065e-05 3.1533827495877638e-05 0.60355338454246532 0.0012146565131843092 3.3775248084566563e-05 3.1782863516127697e-05 0.00015908479690551761 4.7337643991340892e-06 -0.0014181137084960935 6.0705975556629717e-05 0.19400513172149661 0.00075997246312908839 0.38957419991493231 -0.7865660786628722 -0.00073760747909545888 3.1973728255252361e-05 -0.6035533845424651 0.0015416765818372371 0.29759970307350164 -0.00021180510520935056 0.39491324126720434 0.20186724513769153 -0.00038002393557690079 0.00041631812928244477 0.00057966308668255817 0.12940952181816107 -0.0013197958469390867 0.0017971610068343582 0.50853219628334057 -1.189026477277366e-06 0.59397900104522716 3.5889497667085386e-05 -0.0012282431125640867 -0.0024294555187225337 1.5838633771636527e-05 0.0014906051801517608 0.0015827417373657229 4.9087359457189459e-06 0.64521148800849926 0.54200655221939098 4.8983218221110299e-05 0.56120455265045177 0.0015737780486233535 0.90429189801216137 0.00042715847666841006 5.5822345530032187e-05 0.50507178902626049 -0.2550568133592605 0.6575821340084077 0.0024442514404654507 0.78656607866287243 1.5407979390147377e-06 0.00071431873948313307 0.43276196718215948 0.00058565972722135495 0.00079123766045086097 -0.020062165334820744 -0.0022569596767425533 6.81696110405028e-05 0.00022059679031372073 0.4142251610755921 2.4842822313075889e-05 -0.2550568133592605 -0.0008989274501800536 -0.00018575787544250486 -0.00071451067924499501 3.4455364584573551e-05 0.00068682432174682628 -0.91597560048103321 -0.011162550654262303 0.35000000894069677 -0.00088003277778625477 0.00049263238906860362 0.36480244994163519 0.083333335816860213 -0.00032946467399597163 -0.29918283224105829 2.3220654838951308e-05 -0.0013486834941431878 2.6183192858297847e-05 1.7273190678679388e-05 2.0236839191056791e-05 0.0003961674810852856 0.64926385879516613 -0.00019614793563960117 0.00036226135853212332 0.00065454648574814211 0.17854803800582889 3.7418896681629128e-05 0.50378447771072399 0.00030750036239624029 0.12940952181816109 1.8834954971680421e-05 1.6848589439177889e-05 0.00098989676916971824 -3.970548732468159e-06 3.7804013118147857e-05 2.5612618628656495e-05 2.0094815226912036e-05 -0.0001162588596343994 2.7558844521990981e-05 0.0013408064842224123 2.6418048946652565e-05 0.75543487071990978 -0.00025483965873718256 7650833.2500000009 0.03512320667505265 -0.56997635960578907 0.00037750080809928482 0.37940952181816107 0.0015178250614553692 0.12940952181816109 2.7565985874389302e-05 -0.39418898522853846 -0.98296290636062611 1.984268783417065e-05 0.00038356248114723718 0.60355338454246532 0.001362434297334403 0.00042394589399918919 2.254371429444291e-05 2.8580850084836132e-05 -1.0000000180025095e-35 -0.00028160214424133295 -0.00093451712746173133 0.00060753966681659232 1.8020204151980582e-05 -0.0003175437450408935 0.0013908325345255437
decision_type=10 2 10 10 2 2 2 10 10 2 10 10 10 10 10 2 2 10 10 2 2 2 2 10 10 8 10 10 10 10 10 10 10 10 10 10 2 2 10 10 2 10 10 2 8 2 10 10 2 2 10 2 10 10 10 2 10 10 2 2 10 2 10 10 10 10 2 10 10 10 2 10 10 2 10 10 10 2 10 10 10 10 10 10 10 10 10 10 10 10 8 2 10 2 2 2 10 2 2 10 10 10 2 2 2 10 10 10 10 10 2 10 10 2 2 10 10 2 2 10 8 10 2 10 2 10 10 10 8 10 10 8 10 2 10 2 2 10 10 2 10 10 2 10 2 10 2 10 10 10 10 10 10 2 10 10 10 2 2 10 10 10 10 10 10 10 10 10 2 10 10 10 10 10 2 2 10 8 10 10 10 10 10 10 10 10 10 10 2 10 2 10 10 10 10 10 2 2 10 2 2 2 10 10 2 10 10 10 10 10 10 10 2 10 10 10 10 2 10 10 8 10 2 10 10 10 10 2 10 10 10 10 10 2 10 10 2 10 2 10 10 10 2 10 10 2 10 10 10 2 10 10 10 10 10 10 10 2 10 10 10 10 10 10 10 10 8 2 10 10 2 2 10 10 10 10 10 10 10 10 10 10 2 10 10 10 10 10 2 2 10 10 10 10 10 10 10 10 2 10 10 10 10 10 2 10 10 10 10 10 10 2 2 10 10 2 2 10 10 10 10 10 10 10 10 2 2 8 10 2 10 2 10 10 2 10 10 2 10 10 10 10 10 10 2 10 10 10 10
left_child=1 6 3 9 5 7 11 43 -4 -2 56 14 17 16 18 27 38 21 20 -20 -1 115 45 44 25 88 174 28 -15 30 95 32 53 40 48 -30 140 103 342 170 345 -23 107 90 50 78 47 52 49 -34 254 -36 91 240 -55 61 96 58 -7 149 -61 212 -51 65 -65 67 -67 69 71 -22 -66 74 73 94 100 76 -76 -77 79 80 81 82 84 -84 86 205 87 -10 89 123 -3 93 167 141 -73 213 98 -98 -8 -74 -69 102 -102 -5 -60 168 -101 -29 111 -110 202 -109 114 228 -113 116 -13 159 119 -70 121 185 -122 128 125 -125 132 173 129 130 -6 -129 133 -127 -83 319 -44 -138 -134 -135 186 142 -11 145 147 -46 180 148 -145 256 -151 -152 -153 335 155 -41 157 -81 -159 160 161 -117 -163 164 165 -162 286 -93 -56 330 172 -172 252 189 175 177 -177 300 279 -59 -147 -103 183 -183 -175 -49 200 -188 -78 309 348 -192 195 194 197 250 209 -194 -119 296 -25 292 -111 234 -62 208 207 -207 -86 -196 -164 -212 -26 215 -215 216 217 282 -217 221 -221 -220 -223 -96 225 -205 -226 -228 232 230 231 -230 -114 -234 -178 236 237 -89 239 -92 241 255 -243 -242 294 246 -246 -248 -247 -249 -193 -140 253 -18 -24 -31 -48 258 -258 266 261 271 263 264 -263 -262 268 -268 269 -260 -265 -261 273 -270 -266 276 -112 -277 -279 -130 -281 326 -9 -57 -40 -132 -167 288 289 -269 291 -16 -202 -287 -213 -37 298 -298 -120 -299 -27 304 -303 -304 -302 -306 308 -308 -165 312 311 314 313 -126 -311 -313 317 318 -244 -97 322 -322 -259 -118 -325 -264 -209 328 -241 -312 331 -170 333 -332 -171 -72 337 338 -337 340 -338 -320 343 -14 -300 -33 -315 -329 -176
right_child=2 4 8 37 24 57 10 29 22 46 -12 12 13 15 290 -17 39 -19 19 -21 63 41 23 36 55 26 -28 42 35 31 -32 33 34 -35 51 295 -38 -39 284 154 -42 -43 136 -45 143 -47 59 120 -50 62 -52 -53 -54 54 105 283 -58 179 104 60 204 -63 -64 64 70 66 -68 68 118 -71 153 72 99 -75 75 77 188 -79 -80 156 -82 134 83 -85 85 -87 -88 235 -90 -91 238 92 -94 -95 223 135 97 -99 -100 106 101 181 -104 -105 -106 -107 -108 108 109 110 275 112 113 -115 -116 117 323 198 199 -121 122 -123 -124 124 127 126 -128 131 178 -131 285 -133 138 139 -136 -137 137 -139 251 -141 -142 -143 -144 144 -146 146 -148 -149 -150 150 151 152 -154 -155 -156 -157 -158 158 -160 -161 163 162 210 306 -166 166 -168 -169 169 334 171 -173 -174 184 190 176 203 -179 -180 -181 -182 182 -184 -185 -186 -187 187 -189 -190 -191 191 192 193 -195 196 -197 -198 -199 -200 -201 201 -203 -204 224 -206 206 -208 281 -210 -211 211 244 -214 214 -216 218 -218 -219 219 220 -222 222 -224 -225 226 -227 227 -229 229 -231 -232 -233 233 -235 -236 -237 -238 -239 -240 327 243 242 316 -245 245 248 247 249 -250 -251 -252 -253 -254 -255 -256 -257 257 320 259 260 265 262 325 270 274 -267 267 287 272 -271 -272 -273 -274 -275 -276 277 -278 278 -280 280 -282 -283 -284 -285 -286 293 -288 -289 -290 -291 -292 -293 -294 -295 -296 -297 297 299 344 -301 301 302 303 -305 305 -307 307 -309 -310 310 329 315 -314 346 -316 -317 -318 -319 341 -321 321 -323 -324 324 -326 -327 -328 347 -330 -331 332 -333 -334 -335 -336 336 339 -339 -340 -341 -342 -343 -344 -345 -346 -347 -348 -349 -350
leaf_value=0.010736105239432137 -0.0017683306948068243 0.0008119261599454818 0.0021532110372664802 -0.0018661705152586685 -0.00033969995395492168 0.015642982590782856 0.0063442573508769888 0.0049939268325991572 -0.008757355116289875 0.0023247331295248772 -0.0083476947050880965 0.0070180658061761905 0.010250349662855604 -0.00028215012516895495 -0.0011042050228962203 0.017406958312641694 0.014891386765593631 -0.016765935391044352 -0.011080907717634489 0.0018584149598203765 0.010106646355979184 0.0030958555047541653 -0.0065198483876886737 -0.0048694208868294547 -0.011559334317780244 -0.0022005425954095778 -0.017350794059173426 0.0085048234666146548 0.01831277869787297 0.0082104883105269151 0.0025505317901364077 -0.0071589208868442769 0.016246635039493272 -0.0014046703663945284 -0.0079148679615768866 -0.006912890341874014 0.0050676063574582346 -0.0083387709182626731 0.0087476516520469186 0.0058492251212603555 -0.001724868391947722 -0.0048624623376399192 0.013263372301921587 0.004084512169900161 -0.0035694658743660669 0.014483603203964603 -0.00019563708133838321 -0.0077671969371635773 -0.005428497091720331 0.0080214820783501822 -0.013927234893653606 0.009241608425959745 0.010265189942994562 0.012985778988870551 -0.0019451151688966025 0.0074638584959898207 -0.010129729111366193 0.0060772993246537375 -0.00090430276362877128 -3.7612822899131681e-05 -0.0018250727989296773 -0.014946624426270445 -0.011016118712590376 0.0062857845040429463 0.0082097304434355523 0.0089233516434258694 -0.0070344581837730007 0.0054697589048754384 0.002880589414992371 -0.0065359558114636189 0.00087077524595455247 -0.0010864994098856219 -0.0084489589191802661 -0.0034703793750782324 0.017547516416791555 0.0059168261654194369 0.0078366558900596819 -0.00013965799464273082 0.0017594285361387635 -0.013205513995343348 0.010163249147429389 -0.013872114795636291 0.014534026994853842 -0.0045350287836104144 0.00096343571584104302 -0.0087485433683958651 -0.0057860651824794022 0.00055797308585354023 -0.010898611028285092 0.0064157551161687911 0.0037527736989357279 -0.0046315077720835481 -0.017369073792883234 0.012619981173469904 0.0068190122851721699 -0.0037773793995649085 0.0022454724060271764 0.012241065635478257 -0.0014177426175445062 0.013972876020035597 0.0089188601147532458 0.0060489331170942573 -0.013223450661365455 -0.00046065821401800657 0.010059891103001078 0.003205576591687619 -0.0067772617185491947 -0.0040173419716266695 0.015118625207650617 0.000140305548705405 0.0164507105883171 0.027487274259546005 0.01291911958423861 0.006664233156326904 0.0030307257067550787 -0.0048230967892829522 -0.014251721302769069 -0.016593286567708483 -0.0055337434838651327 0.01457024013660458 0.0046875527025222637 0.0061090313658999328 -0.00268042390794257 0.0015144277011567831 -0.0020547088853708397 -0.001700611531419512 0.011739884881266172 -0.01142662152660336 0.00079342487644925067 -0.0057788816918286617 0.01520658433322471 -0.0015676582520090878 -0.0074902447386013087 -0.0010687503084966412 0.00234910531467938 0.0069674172875459333 0.012066317695669671 -0.0084664297357986383 0.0014173782608151967 0.0014831006969562319 -0.021532610823319108 0.00042796801623248436 0.0090206650293366136 -0.01128632944674675 0.013141080206475622 -0.0043548612495406206 -0.0060099164867711509 -0.008970246328218065 0.0043722036100454758 0.0060048883151094211 0.0023775994421072143 -0.0093258385085911496 0.0060616931563233604 0.0015394051119554124 -0.0018387085485949476 0.017660293230866722 -0.016220287863391632 -0.0072082598304156536 0.0093192186829789622 0.012357508242559717 0.011168885389824565 -0.012672629440346736 0.0069669458399058536 -0.0072598610178667327 -0.015802106865273252 -0.01134064719325798 0.0082290628435464416 0.0005169374262858923 -0.01614812491377567 0.0090249266732830794 0.0075209209985921269 -0.002200072948578696 -0.0027226392961818987 0.0047170381916549773 0.0046857961717560051 0.012611519432778677 0.0073702389780603977 0.0051156907520300467 0.015355393936782893 -0.0033655560073081025 -0.021346856249477037 -0.0009174588496988935 0.009747483912436284 -0.015869018576490826 -0.0098003680224515496 -0.0014993611596918277 -0.017162381008268071 0.0013841729230120027 -0.0058077915965108274 -0.0021110800238408542 -0.0032107361791885746 0.0038197483708145197 0.0039140809076748237 0.0011346831741386747 0.010711118986595096 0.0088487095866310247 -0.011354089519119639 -0.0062635758057643029 -0.0040759733272591877 -0.0051311050515214316 -0.015923637752702665 -0.019446380319499756 -0.012789400409364228 -0.0016480384033455461 -0.0061800796370381477 -0.0054762700404518303 -0.0093375903063732408 0.0034397157615387126 0.0090945236413563554 -0.0089652755407589619 -0.0087161452303358856 -0.00092339858023309559 -0.0012896050702342504 0.0038729766436257553 -0.0070853775856996159 0.011707041934581688 0.0048181772546614949 0.0044678259418909211 -0.002299080610495077 -0.012493209644541607 0.0031714574120037323 -0.0097842964860771937 0.0026834933940261384 0.020478173041067839 0.011939787520814777 -0.011932784994795345 -0.007331115986536069 0.010629040329505042 -0.0042684542190873902 0.00011522529741004289 0.0035673907919811614 -0.020114935855190832 -0.012416475657861 0.013364144039449605 0.00068198600719920508 -0.00761978373288031 -0.0066911444129578923 0.011527556974148421 -0.001558024922656277 -0.0082768990858114386 0.00023746953639864341 0.010943890242167607 -0.0039981899821321266 -0.009129013015315322 -0.016178817513544125 -0.0063745308504258285 0.0093815199026031047 -0.018024745952163135 0.012791422713158375 0.0002496189617847043 -0.0010643219094957552 0.011324631158325316 0.013689972803275847 -0.0099371136474649142 0.0015963970291209537 -0.0021373982952450831 0.0088556509615491715 0.00094324363940103556 0.00075554705643856614 0.0065251710027916755 0.0092177424700465704 -0.010520520895478924 -0.010454857670186932 -0.001245570624229552 0.0010576086794689239 -0.0032329356863747194 -0.011725670899984058 0.017410403920356934 0.000927142931651855 -0.0045913077740232346 0.016247172445609134 -0.0075617104296469709 -0.015677116681537699 -0.0051147539161276361 -0.013627682504012478 0.00011811043810112599 -0.0032220450388148066 -0.021530384498244987 -0.0019847641874150596 0.0058901806529136225 -0.0024501970324130951 0.011329897684712738 -0.0010301972352350116 -0.0021404892493042476 -0.002596416582888002 -0.0076703118092333877 0.002758126873500888 0.0056774475346912778 -0.0010145428802696057 -0.0013581945211051359 0.0092750101369917376 0.0056772868593887617 0.00027013689802414238 0.0068536403674393145 0.0040841093537146338 0.0090335706271349233 -0.012579394257865131 0.01006166487385411 0.016079978609805805 -0.0042007175997699625 0.010959317194769665 -0.003203520626031959 0.0035932048351799912 -0.0063047083097977474 0.0071439226074005479 -0.0032761567059650318 0.010635596842445428 -0.0097205987276997394 0.0059785825531724979 -0.00058455923537142364 0.00074861956822558254 -0.0097249773607320164 -0.004197633386686982 0.0037707047202678204 0.0074305495874366599 0.00074590207762819153 0.0058325856421967857 -0.0068060270103694996 0.0073475125291659494 -0.015101400693334851 0.0059956656072634382 -0.0062834779041651993 -0.012694450480900447 0.01109859302398229 -0.010066750375593401 0.0018350245620473592 -0.0065374211412318082 0.0029811666804690677 0.00023762863830204746 0.015949128965433983 0.017326872286746019 0.002741180207363554 0.0014473341744860192 0.0054796802289784601 -0.0026820147824819472 -0.015260945969710954 -0.0045741180923034039 0.0042686427604363836 -0.002380298708319547 -0.0049345726485698722 0.010045500137368627 -0.0065374832477101087 0.016811601942605468 -0.0054632509608751722 0.0043518295583688752 -0.017549409498992693 0.00048914662000426503 0.00011702648168736667 -0.0041969294341138294
leaf_weight=310.92890991270542 11141.00171007216 76618.878763794899 1091.9557251930237 23142.720555186272 10981.1931360811 306.97700743377209 1216.3727471530437 324.49010236561298 159.73586250841618 4349.1834778934717 111.24065332114697 404.97961409389973 428.14161306619644 372.97560478746891 371.71659219264984 79.992285937070847 118.21941648423672 69.233491763472557 296.72437472641468 534.2167990654707 69.747200831770897 2352.4091443568468 197.23725457489491 185.70311035215855 154.73631736636162 564.49592764675617 98.732712581753731 130.23308074474335 163.20201806724072 113.24753753840923 6220.261588409543 204.9685416072607 88.246345907449722 1141.5881499201059 54.496188193559647 62.74311925470829 77.231527701020241 397.40605500340462 146.23136453330517 613.90231911838055 235.73051674664021 319.99176064133644 141.47890694439411 1768.9412806630135 2084.8073879778385 53.738901525735855 148735.73357383907 881.70325037837029 306.98932163417339 78.49625138938427 77.230985745787621 729.96343463659286 185.9944259673357 76.997193232178688 11098.220239594579 134.2432049959898 53.496379792690277 385.72691985964775 211.73580683767796 7959.3094198107719 9417.1118187606335 173.73939523100853 73.496609970927238 449.48654153943062 194.48742640018463 77.490071564912796 288.97912393510342 535.72489839792252 170.48959611356258 288.98714253306389 648.23166939616203 100.48768362402916 464.22315740585327 134.98963858187199 239.23715242743492 997.70255476236343 451.48203472793102 740.72776156663895 905.6081146299839 141.21722696721554 167.48801162838936 356.92707870900631 204.47805152833462 151.98035681247711 523.9720229357481 214.71185031533241 1707.0803463160992 180.48918364942074 121.48863399028778 369.9732017070055 4230.1583091616631 530.24697196483612 62.494499802589417 117.49775649607182 167.24046149849892 230.21780534088612 285.71061304211617 658.66838136315346 424.46007193624973 57.497349768877029 60.998255133628845 407.48369243741035 237.49173687398434 10411.660772845149 254.7330424785614 668.72514672577381 58.747278496623039 633.21005167067051 56.494154006242752 85.742014840245247 64.743786290287971 50.744626358151436 92.744088798761368 359.47607585787773 57.496693655848503 630.70175287127495 61.742457911372185 98.743537709116936 54.745725050568581 352.73176038265228 667.21834476292133 227.48992295563221 1010.6895239949226 2752.8736152499914 1373.4916107058525 23667.619354516268 105.98916967213154 169.48937249183655 10359.897122830153 454.99652725458145 91.749455243349075 782.18509583175182 152.73500749468803 5771.602070659399 58.739745229482651 64.497130066156387 64.240243330597878 94.986786872148514 1872.2020856142044 3235.6793347597122 103.20876631140709 4327.6858601719141 366.73912063241005 60.994134023785591 86.992101699113846 67.743906125426292 981.60005590319633 191.22255355119705 273.974465534091 672.44989512860775 1196.4240138530731 270.71720804274082 74.242398917675018 1462.1987684816122 152.97281910479069 140.20554767549038 163.46177168190479 93.236556932330132 93.238837003707886 61.997776672244072 62.24533112347126 87.745941117405891 311.7399860471487 349.72426921129227 175.48884506523609 338.47248181700706 60.496184512972832 5679.6762882769108 61.748472422361374 76.498487889766693 190.48057088255882 1124.1370747089386 185.22666077315807 1036.9578747600317 853.49255880713463 98.499273687601089 340.48964400589466 1852.4440629333258 55.494672387838364 218.98257544636726 149.96265003085136 244.98711773753166 68.997005268931389 71.497906297445297 56.497344762086868 509.22670857608318 58.480287835001945 192.18798342347145 72.995725184679031 1777.719675719738 1363.7445001900196 1020.494205608964 252.4961151778698 709.96667839586735 53.999400988221169 311.74728520214558 389.48618432879448 219.74508444964886 339.98482392728329 115.49406051635742 74.724481716752052 245.1702756434679 506.41063390672207 1542.9609912037849 685.18465936183929 249.72756101191044 181.46333529055119 394.20328591763973 282.22661490738392 55.998572379350662 152.4903656244278 706.22784589231014 402.97626924514771 1385.6247531175613 190.73336347937584 53.996495023369789 710.23107889294624 653.9735282510519 858.19602486491203 119.99431800842285 630.22335924208164 655.20141743123531 84.995839715003967 111.99077117443085 114.24295951426029 138.99463400244713 109.49233062565327 55.496578350663185 101.99156929552555 351.22425799071789 59.996124044060707 101.73942457139492 83.744469255208969 59.995649978518486 1098.7281174659729 92.735165968537331 89.241488337516785 221.2288643270731 838.23054313659668 215.74583558738232 483.98584838211536 254.98590843379498 204.24540157616138 193.48575556278229 135.74731202423573 60.499380469322205 99.245930522680283 64.248367324471474 99.248506560921669 84.497913122177124 920.74381838738918 118.73952822387218 191.9708721190691 108.23565889894962 1183.65929210186 956.93566082417965 132.74085509777069 248.24312518537045 2279.184842005372 182.48665769398212 167.24289119243622 335.48137657344341 760.65460830926895 122.24442726373672 361.47069887816906 185.98594178259373 93.244408488273621 71.998041659593582 559.97738233208656 747.46911336481571 57.248610883951187 83.243742138147354 76.743397697806358 1429.9370277822018 57.73434741795063 295.97067120671272 62.745710641145706 53.996304467320442 72.743807539343834 858.74054163694382 215.74728938937187 117.23516617715359 5183.063597291708 897.20079624652863 198.22128649055958 69.499544739723206 64.494094967842102 563.22083143889904 993.96237789094448 70.496823862195015 611.17256388068199 1451.0667475759983 87.225545883178711 159.9990107268095 1173.4578582048416 107.98875997960567 56.997937902808189 139.74087278544903 204.23658688366413 84.994048684835434 316.99512189626694 547.48809583485126 1507.6974413692951 124.2429036796093 246.2467245310545 172.24609342217445 150.24130517244339 55.746587708592415 129.242492005229 243.99851311743259 72.247485309839249 100.74757009744644 633.98294253647327 1197.2417122870684 588.23951855301857 1429.7297205775976 640.2244385778904 208.98708328604698 417.23683503270149 136.23231489956379 636.72198005020618 81.245167836546898 73.746747598052025 74.241438910365105 67.993478640913963 77.241566672921181 141.73640018701553 3308.1909553855658 648.23597255349159 130.49758234620094 125.99683752655983 180.74591064453125 518.48172105848789 287.24169614911079 1268.2124459296465 248.99528253078461 147.49707722663879 83.998440027236938 116.24703197181225 479.48505060374737 165.99549353122711 58.246187791228294 242.892309486866 55.483641922473907 135.49438205361366 224.951546266675 5670.6258463859558 2141.9562202990055 151.99284413456917
leaf_count=1244 44566 306477 4368 92575 43925 1228 4866 1298 639 17397 445 1620 1713 1492 1487 320 473 277 1187 2137 279 9410 789 743 619 2258 395 521 653 453 24882 820 353 4567 218 251 309 1590 585 2456 943 1280 566 7076 8340 215 594955 3527 1228 314 309 2920 744 308 44395 537 214 1543 847 31838 37670 695 294 1798 778 310 1156 2143 682 1156 2593 402 1857 540 957 3991 1806 2963 3623 565 670 1428 818 608 2096 859 6829 722 486 1480 16921 2121 250 470 669 921 1143 2635 1698 230 244 1630 950 41648 1019 2675 235 2533 226 343 259 203 371 1438 230 2523 247 395 219 1411 2669 910 4043 11012 5494 94673 424 678 41440 1820 367 3129 611 23087 235 258 257 380 7489 12943 413 17311 1467 244 348 271 3927 765 1096 2690 4786 1083 297 5849 612 561 654 373 373 248 249 351 1247 1399 702 1354 242 22719 247 306 762 4497 741 4148 3414 394 1362 7410 222 876 600 980 276 286 226 2037 234 769 292 7111 5455 4082 1010 2840 216 1247 1558 879 1360 462 299 981 2026 6172 2741 999 726 1577 1129 224 610 2825 1612 5543 763 216 2841 2616 3433 480 2521 2621 340 448 457 556 438 222 408 1405 240 407 335 240 4395 371 357 885 3353 863 1936 1020 817 774 543 242 397 257 397 338 3683 475 768 433 4735 3828 531 993 9117 730 669 1342 3043 489 1446 744 373 288 2240 2990 229 333 307 5720 231 1184 251 216 291 3435 863 469 20733 3589 793 278 258 2253 3976 282 2445 5805 349 640 4694 432 228 559 817 340 1268 2190 6031 497 985 689 601 223 517 976 289 403 2536 4789 2353 5719 2561 836 1669 545 2547 325 295 297 272 309 567 13233 2593 522 504 723 2074 1149 5073 996 590 336 465 1918 664 233 972 222 542 900 22683 8568 608
internal_value=1.21554e-05 0.000631189 -0.000607284 -0.000485302 0.000417817 0.000771981 0.0020044 0.000710129 -0.00266583 -0.000318703 0.00520551 0.00172761 0.000981516 0.00237046 0.00258693 0.000584702 0.00436758 -0.000317625 0.0019979 -0.00282375 0.00234583 -0.000172682 -0.00306179 -0.00435414 -7.25066e-05 -8.58696e-06 0.00107412 0.000239139 0.00501664 -3.5862e-05 0.000739732 -0.000681272 -0.000347659 -0.00421321 0.00446009 0.0108031 -0.00967562 -0.00151307 0.00848532 0.00278717 -0.00895596 0.00213126 -0.000712743 0.00103033 -0.00332379 -0.00187121 -0.000237222 0.000652639 -0.000630709 0.0054775 -0.000424783 0.00798188 0.00116226 -0.00070728 -0.00117581 -0.00339004 0.00580039 0.00649308 0.0094332 -0.000331042 -0.00120562 -0.0069342 -0.00127473 0.00210671 0.000544057 0.00296485 -0.00354162 0.00331422 0.00367226 -0.00315032 -0.000196032 0.00285507 -0.000443187 0.00581215 0.003729 0.00530439 0.00967818 0.0033474 -0.00201537 -0.00258799 -0.00199439 -0.00239124 -0.00159624 0.00648262 -0.00223861 -7.26127e-05 -0.00409317 -0.000185698 -0.000223769 -0.000205692 0.000968573 0.0010473 -0.000123741 0.00184849 0.00911559 -0.00025977 0.00616026 0.00926128 0.0043392 -0.00599348 0.00129239 -0.000782897 -0.00858384 -0.00143026 0.00515178 -0.00125936 0.00372509 -0.00138053 -0.00180958 -0.00503892 -0.006134 0.000185868 0.00221552 0.000924675 0.0155989 -0.00118323 0.0033262 -0.00168728 0.00688224 0.010862 -0.00175915 -0.00384119 0.000257785 -0.000238516 -0.000521207 -0.000881338 -0.00107048 0.000367753 0.000405212 -0.000368437 -0.000146698 -0.00340412 -0.00111217 -0.00127373 -0.0115787 -0.00586137 0.00642144 -1.53485e-06 0.00134606 -0.000151548 -0.0109108 0.00169751 0.00285984 -0.00440532 -0.00013622 -0.00520015 -0.0079924 -0.0024952 0.0013242 -0.000233116 0.0021824 0.000492386 -0.0059518 -0.000702033 0.00651201 0.0082075 -0.00909122 -0.00523325 0.00109899 -0.00120341 -0.00139133 -0.000266454 0.000709852 -0.0042992 -0.00744583 -0.00446134 -0.00671445 7.19336e-05 -0.00148038 0.000566864 0.0010061 -0.000754585 0.00480018 0.000620325 0.00120342 0.00198076 0.000464614 0.00297351 0.00119658 0.00265848 -0.0164012 0.00220996 -0.0018886 -0.00460317 0.00390121 -0.00549421 -0.00942098 -0.00333966 0.00587892 0.00034673 0.000113348 -0.000499368 0.00044499 -0.00237618 -0.00492962 0.00255174 -0.0087151 -0.000847274 -0.00713992 0.00416978 -0.0119137 -0.0149711 -0.0109403 8.39804e-05 -0.00212511 0.000945427 -0.00124229 0.000452399 0.00387128 0.000765421 0.00115043 0.000427044 -0.00426209 -3.31431e-05 0.00251798 -0.000468552 0.000396927 -0.000118292 -0.00293703 -0.00331231 0.000560576 -0.00512381 -0.00833925 0.012715 -0.00154225 -0.00255042 0.00443235 -0.00107777 -0.00153804 -0.00384129 -0.00895872 -0.0126429 0.004381 -0.00151864 0.00229629 0.00224674 0.00420267 0.00670613 0.00202169 0.00230723 0.00119657 0.00208165 0.00392028 -0.00251292 0.00102921 -0.00301637 -0.00663375 -0.00106659 0.00557509 -0.00816076 0.00150834 0.0020512 0.00811895 0.00309029 0.000406255 -0.000989582 -0.000266817 -0.00127901 -0.00168662 -0.00184496 -0.00398466 -0.00515569 -0.00623599 -0.00341843 -0.00540019 0.00273566 -0.00109825 0.00129132 -0.00194012 -0.000573547 0.00478885 0.00202023 -0.00393155 -0.00341761 -0.00118222 -0.000878571 0.00714994 -0.00338779 -0.0110959 0.00111718 0.00420978 0.00275793 -0.000668544 -0.000842652 0.00230875 0.00629862 -0.0090744 0.00205702 0.000235614 0.00854637 0.00557221 0.00429557 -0.00759959 0.00234511 0.00220677 0.00312621 0.00579975 0.000960342 0.00916824 0.00470869 0.00182389 0.00260715 0.0012951 0.00281258 0.00643928 0.00287415 -0.00102918 0.00496914 -0.00364812 0.000729843 0.00255178 0.00181292 0.000201379 0.000543524 0.00509746 9.64455e-06 0.00269806 0.000408081 0.00267948 -0.00821992 0.00239393 0.00455223 -0.00241229 -0.0039919 0.000983506 -0.00931527 0.000743787 0.00133527 -0.00194497 0.0107665 0.00346185 -0.00243087 0.00500316 0.00935236 -0.00196659 -0.00243489 -0.00415443 -0.00836546 -0.0113003 -0.00170906 0.00322437 0.00556659 0.0113567 0.00838805 0.0116102 -0.0128169 0.00106493 0.00185736 0.00332052
internal_weight=515943 258056 257887 243470 223360 129684 34695.7 128306 14417.2 209518 2749.95 31945.8 17108.7 8265.37 14837.1 4369.05 3896.32 8843.32 12403.1 830.941 11572.2 8774.09 13325.3 6379.36 93676.2 91913.3 15233.4 4289.06 706.91 38535.3 17501.9 21033.4 19226.1 1807.24 1331.69 333.934 1023.93 33951.8 1070.97 2825.35 665.651 2672.4 3582.15 89770.3 5355.42 6945.9 198377 18915.8 547.229 240.239 1458.13 784.46 15619.5 17894.4 14362.9 1762.9 2638.71 1378.16 773.446 179461 18061.6 731.452 151.993 11261.3 3996.62 7264.63 366.469 6898.16 6539.43 358.734 3547.14 5224.5 1095.18 514.709 4129.33 2502.15 763.715 1738.43 6892.16 5986.55 5495.4 5327.91 4912.25 356.458 4555.79 2105.28 2450.51 743.431 76679.9 76558.4 88001.4 15433.5 6272.42 9161.11 379.719 11281.7 2585.21 944.379 1640.83 580.468 1627.18 1091.46 298.49 33554.4 466.469 14285.9 116.245 3281.44 3151.21 1198.85 1142.35 1952.36 1319.15 1210.91 108.241 6101.69 608.957 5492.73 1314.92 523.221 3296.33 1618.42 1677.91 76188.4 52941.1 37677.4 34924.6 15263.7 23247.3 11757.4 11302.4 951.674 34818.6 32674.9 415.667 430.947 300.706 159.227 2143.68 9007.28 946.7 9043.61 4715.92 3897.3 613.183 3284.11 1199.31 526.191 334.969 161400 2213.83 1541.38 344.96 3352.65 907.081 754.108 491.154 327.693 186.475 5054 4992 3605.85 2975.15 1386.15 701.197 525.708 463.463 6209.92 13617.1 2518.93 1918.27 1314.62 603.653 14312 15134.7 8830.76 3498.9 5331.86 11489.9 604.709 217.707 792.966 385.482 316.485 1093.46 1390.93 843.492 250.668 524.478 13218.5 6303.91 5298.42 3934.68 1681.69 971.725 2252.99 499.484 472.241 438.728 791.704 592.823 407.12 592.153 3400.41 10102.3 1890.56 1084.37 902.902 806.199 109.998 2887.4 2575.66 557.713 10850.7 1576.36 9274.37 6871.76 6161.53 2402.61 2348.61 750.218 1598.39 740.197 279.231 1961.19 1681.96 279.232 164.989 851.436 614.951 263.727 203.731 236.484 143.74 1439.22 583.695 490.96 401.718 11382.5 10544.3 3531.58 2854.11 1783.93 677.472 2423.17 543.487 383.74 247.992 159.748 148.746 1941.24 1990.94 418.426 226.455 1380.9 1070.18 159186 10450 9410.01 9277.27 2391.03 2037.81 1772.08 934.179 754.686 353.229 6886.23 1792.92 5093.31 3026.65 179.493 265.73 2066.66 1989.91 419.205 550.2 127.489 422.711 126.74 11434.4 1074.49 653.175 5507.55 1031.44 344.453 321.248 402.967 1699.68 1136.46 142.495 2433.96 1822.78 161.95 229.499 1879.69 170.732 676.21 281.733 394.477 224.735 3479.41 2914.92 2179.43 1631.94 735.488 418.493 684.955 205.988 478.967 11440.8 2565.46 2362.72 8875.34 8241.36 832.238 1530.48 1528.94 888.716 679.728 366.45 1039.96 717.967 321.99 203.977 142.235 837.896 535.94 6314.13 863.982 202.745 1174.21 242.494 931.72 413.239 1344.71 1890.45 1242.22 449.241 365.242 792.978 313.493 475.483 726.518 483.625 339.731 429.92 6867.87 5450.15 1005.49
internal_count=2063835 1032253 1031582 973906 893459 518746 138794 513233 57676 838093 11001 127793 68441 33066 59352 17478 15588 35375 49615 3324 46291 35098 53308 25521 374713 367661 60935 17158 2828 154149 70011 84138 76908 7230 5327 1336 4097 135813 4285 11303 2663 10690 14330 359084 21424 27787 793527 75665 2189 961 5833 3138 62479 71581 57454 7052 10556 5513 3094 717862 72249 2926 608 45047 15987 29060 1466 27594 26159 1435 14189 20899 4381 2059 16518 10009 3055 6954 27572 23949 21984 21314 19651 1426 18225 8422 9803 2974 306726 306240 352008 61735 25090 36645 1519 45129 10342 3778 6564 2322 6509 4366 1194 134223 1866 57146 465 13127 12606 4796 4570 7810 5277 4844 433 24408 2436 21972 5260 2093 13186 6474 6712 304760 211770 150714 139702 61056 92990 47030 45210 3807 139278 130703 1663 1724 1203 637 8575 36030 3788 36175 18864 15591 2453 13138 4798 2105 1340 645613 8856 6166 1380 13411 3629 3017 1965 1311 746 20217 19969 14424 11901 5545 2805 2103 1854 24840 54471 10076 7674 5259 2415 57249 60540 35324 13996 21328 45960 2419 871 3172 1542 1266 4374 5564 3375 1003 2098 52875 25216 21194 15739 6727 3887 9012 1998 1889 1755 3167 2372 1629 2369 13602 40411 7563 4338 3612 3225 440 11550 10303 2231 43405 6306 37099 27488 24647 9611 9395 3001 6394 2961 1117 7845 6728 1117 660 3406 2460 1055 815 946 575 5757 2335 1964 1607 45531 42178 14127 11417 7136 2710 9693 2174 1535 992 639 595 7765 7964 1674 906 5524 4281 636757 41802 37642 37111 9565 8152 7089 3737 3019 1413 27546 7172 20374 12107 718 1063 8267 7960 1677 2201 510 1691 507 45738 4298 2613 22031 4126 1378 1285 1612 6799 4546 570 9737 7292 648 918 7519 683 2705 1127 1578 899 13918 11660 8718 6528 2942 1674 2740 824 1916 45764 10262 9451 35502 32966 3329 6122 6116 3555 2719 1466 4160 2872 1288 816 569 3352 2144 25257 3456 811 4697 970 3727 1653 5379 7562 4969 1797 1461 3172 1254 1902 2907 1935 1359 1720 27472 21801 4022
is_linear=0
shrinkage=0.02


Tree=6
num_leaves=350
num_cat=0
split_feature=52 48 43 26 58 59 14 27 28 36 36 39 36 43 38 16 46 30 13 16 4 6 36 52 39 58 39 39 6 38 31 16 57 38 39 38 45 57 58 43 58 52 22 57 16 30 39 39 42 59 30 35 57 58 24 57 48 14 46 31 52 47 52 38 52 45 6 38 57 30 57 31 31 58 39 58 39 38 57 59 57 36 59 22 38 16 38 48 36 39 39 45 58 36 48 57 24 39 38 48 24 57 39 16 39 6 31 52 45 47 48 38 39 47 58 58 6 43 36 35 45 31 57 22 39 31 47 36 59 30 52 42 52 39 24 58 58 39 31 36 58 36 59 30 31 36 38 39 57 57 39 48 58 38 39 38 52 43 31 46 38 39 39 35 6 16 38 48 48 47 39 48 36 36 39 59 39 35 57 38 39 24 31 38 39 38 31 52 30 57 57 57 38 58 58 59 39 31 48 52 38 48 39 22 42 24 31 58 39 30 24 58 39 58 6 46 48 39 58 6 38 57 38 58 52 57 52 58 57 38 52 22 6 58 39 39 30 38 38 43 24 39 57 46 6 39 16 36 24 59 39 58 36 31 39 24 38 22 38 39 16 38 30 39 52 57 39 48 58 46 35 28 16 58 36 38 24 58 38 38 52 38 39 58 38 35 58 39 36 30 30 31 24 38 45 57 22 43 42 59 4 58 47 59 24 57 22 47 58 48 43 45 35 45 57 52 57 31 38 45 47 39 35 58 24 59 59 39 30 39 57 58 39 27 38 24 36 36 39 39 38 57 42 48 24 22 36 30 57
split_gain=531.594 183.539 140.067 105.029 104.891 84.9047 75.256 69.5344 64.1474 62.5768 57.3788 121.162 51.9095 50.3419 72.6199 49.507 48.8222 47.9623 45.8717 44.5032 43.3826 43.2483 42.2393 58.3528 56.0022 42.019 40.1987 39.9489 39.8984 42.0543 39.4908 38.7779 38.7375 43.9843 37.9891 43.1046 37.6323 37.4543 65.0562 37.3214 44.4485 37.2532 36.7472 36.3923 36.322 45.3753 40.5244 44.8418 36.0468 49.9189 40.9679 61.6712 39.6976 36.1552 39.7731 35.6544 52.7843 35.2372 35.2251 35.1438 45.6668 34.5531 34.2771 41.0804 33.5981 33.5828 44.558 33.7409 44.9699 44.118 35.2148 34.5647 33.4821 33.216 32.8693 37.7857 36.0051 32.5047 31.8932 47.8706 40.6826 87.1744 37.956 86.6518 48.1834 36.0957 35.1309 34.8913 36.6556 59.3653 62.583 64.6679 49.9877 78.9029 77.8718 57.8629 56.2403 46.838 35.8315 47.2567 37.5072 35.6935 44.7029 41.0186 33.3398 31.1266 51.9597 44.9001 50.684 65.5878 30.7932 30.6626 36.6637 39.5311 31.2445 30.626 36.2285 30.5526 41.5616 38.94 30.4279 30.5451 30.3927 30.3708 37.1821 30.2887 30.2539 30.0378 30.0224 29.9972 29.8933 33.8309 33.4227 38.2927 32.1321 34.8574 82.7918 60.0205 82.807 60.9681 42.0153 38.8046 43.1703 34.2176 31.8844 36.1111 39.43 43.6154 35.6564 44.3523 35.0953 34.8081 36.3344 33.2997 31.2053 71.4031 33.9351 31.146 44.1911 30.6614 44.823 35.318 30.4755 35.4748 31.3019 30.4466 30.325 29.8928 37.5842 29.7503 40.0692 30.0942 31.74 30.2799 57.6908 36.2307 37.2795 36.0709 39.4825 43.0635 32.4925 29.6891 29.3598 29.0874 31.1551 33.197 28.9558 31.8041 34.0192 28.9495 43.4219 28.8062 45.2303 28.6053 38.8906 74.4401 51.2662 42.3516 35.1668 28.5455 28.5131 41.6792 29.7995 29.7016 29.4639 28.4284 28.4282 28.1619 28.0203 27.9232 27.8808 27.7501 27.7982 27.7216 27.6896 28.3393 44.1403 32.1311 27.5045 28.6749 27.5146 27.4614 27.4007 27.1689 33.5385 27.0847 39.1616 26.9945 35.5691 27.5541 33.9569 26.9817 26.839 44.6542 39.2119 26.7845 34.7214 51.2089 38.6169 39.4449 36.0733 29.8661 28.1008 28.0416 45.1072 28.0254 27.9074 27.1222 86.8726 39.687 34.9516 34.1773 45.9059 43.8237 36.1362 51.5576 36.7059 29.1912 31.5971 29.0015 27.6584 37.315 37.2733 30.2946 27.2589 41.0294 26.7609 26.6795 26.5503 41.0425 26.5291 26.5053 26.9649 31.5666 28.7433 41.402 27.1799 26.3216 26.6803 35.1213 32.4252 45.6831 40.143 50.4004 40.6663 29.2869 30.1547 39.8207 46.5833 35.5113 33.5775 31.7095 28.6379 28.4442 27.1295 26.3268 28.9055 29.8403 30.3404 26.2931 36.4913 26.2584 26.2139 38.0649 26.1926 26.1422 27.3191 26.0664 25.9839 25.9646 34.5662 28.9219 33.1442 26.6561 26.5619 25.9047 25.8319 28.3882 32.8169 25.7922 33.0439 30.8713 25.7301 42.0328 37.4087 26.7332 25.6616 25.6157 46.7841 49.0287 31.1168 38.6527 33.6216 28.8452 28.3089 26.3401 26.0755 25.8831 25.5648 41.3654 29.6456 27.4986 25.5529 25.4536 25.4297 25.4043 25.4028 26.9914 27.1101
threshold=0.28249458968639379 0.63349315524101268 -0.00074852688703685988 7.1942806243896498e-05 0.54438924789428722 0.98296290636062633 1.0041266705229647e-05 8.8870525360107435e-05 0.00026243925094604498 2.6013362003141086e-05 3.3813439586083411e-05 3.0152918043313551e-05 1.9014851204701703e-05 3.6300827559898614e-05 2.3744527425151322e-05 -1.189026477277366e-06 0.29461401700973516 0.00077480077743530284 -1.1443968105595557e-05 -4.0707632251724127e-06 0.042413478717207916 0.01730398274958134 2.7287464035907764e-05 0.66524717211723339 2.0533249880827501e-05 0.55468568205833446 4.0737526433076716e-05 2.4668122932780537e-05 0.12238419800996782 2.8139503228885591e-05 0.00070232152938842784 1.8447950424160812e-05 0.49121592938899999 2.8429125450202267e-05 4.3142850699950948e-05 3.9465778172598227e-05 0.067097865045070662 0.36232608556747442 0.50115633010864269 -0.00044999623787589366 0.67121624946594249 0.74559059739112865 2.6586440801620488 0.58413639664649974 8.5112528722675068e-06 -2.2619962692260739e-05 1.7933587514562536e-05 2.059615235339152e-05 0.00068503510556183766 -0.91597560048103321 0.00037497282028198248 2.558487358328421e-05 0.55297130346298229 0.43276196718215948 4366143.0000000009 0.48177191615104681 -0.14691291004419324 -1.8424369955027938e-05 0.21511691063642505 -0.00089201331138610829 0.38919793069362646 1.2301216125488283 0.23192678391933444 2.0592373402905654e-05 0.15012416988611224 -0.23005872964859006 0.081350293010473265 2.3220654838951308e-05 0.48397991061210638 4.5716762542724616e-05 0.58413639664649974 7.0631504058837904e-05 0.00038284063339233404 0.3310502320528031 3.7765923480037607e-05 0.49473726749420172 3.3719996281433857e-05 3.6280063795857138e-05 0.38782183825969702 -0.37940952181816096 0.80761900544166576 8.3611012087203576e-05 -1.0000000180025095e-35 4.3632633686065683 6.0705975556629717e-05 -1.8160952777179771e-06 1.5838633771636527e-05 -1.4012305140495298 4.3880567318410619e-05 3.7258294469211257e-05 4.4430635171011097e-05 -0.28749901056289667 0.50115633010864269 4.5685666918871e-05 -0.86936151981353749 0.36169213056564337 3514806.5000000005 2.0718270206998571e-05 4.2357647544122308e-05 -0.61005100607871998 3023366.3750000005 0.35977602005004888 2.6014039576693907e-05 5.5933325526780215e-08 4.3142850699950948e-05 -0.17132154107093808 -0.00086757540702819813 0.19016464799642566 -0.82801225781440724 -0.4035945832729339 1.0099996924400332 4.1225181121262728e-05 3.1731056878925308e-05 -0.90514069795608509 0.4150331467390061 0.6144031584262849 0.1201307848095894 -0.0011361374636180697 3.1106457754503942e-05 3.0899171179044067e-05 -1.0564120411872862 -0.00073760747909545888 0.46572008728981024 2.9743988513946538 3.40250935551012e-05 -0.0012459754943847654 0.7091563642024995 2.8860437851108148e-05 0.12940952181816109 0.00011342763900756837 0.41197755932807928 0.00071963533991947781 0.46765023469924932 2.7193204005016017e-05 6098843.2500000009 0.52051982283592235 0.49226084351539617 4.5851569666410803e-05 0.00073271989822387706 3.4184122341685004e-05 0.46289815008640295 2.5784992430999413e-05 0.60355338454246532 -0.00063166022300720204 0.0018222928047180178 4.1244074964197359e-05 3.2025196560425691e-05 3.7258294469211257e-05 0.4384188205003739 0.80761900544166576 3.1731056878925308e-05 0.48002897202968603 0.83499532938003551 3.3454542062827393e-05 3.5029981518164284e-05 3.6833687772741548e-05 0.86166259646415722 0.00075980229303240787 0.00035458803176879888 -0.038441212847828858 2.9269580409163613e-05 3.831010508292821e-05 1.8280084987054582e-05 9.2139398475410434e-06 -0.20679085701704022 8.5112528722675068e-06 2.0896989553875759e-05 0.74452611804008495 1.0099996924400332 -1.1512161493301389 3.40250935551012e-05 -0.47424595057964319 6.7196997406426831e-05 4.2400091842864647e-05 3.9751059375703342e-05 0.91597560048103344 2.8511840355349708e-05 2.8108485821576327e-05 0.45448705554008489 1.8592514607007619e-05 3.1971432690625086e-05 3048478.0000000005 -0.00010880827903747557 1.6533766938664488e-05 2.1430789274745624e-05 2.1537024622375615e-05 -0.00017014145851135251 0.19016464799642566 -8.0138444900512682e-05 0.47052545845508581 0.51617348194122326 0.30478195846080786 1.9390567103982906e-05 0.42030766606330877 0.38024500012397772 0.12940952181816109 3.3460879421909347e-05 -0.00037243962287902827 -0.10767794027924536 0.22039200365543368 3.2302405088557869e-05 0.28583836555480963 4.0737526433076716e-05 4.2041454315185556 0.00044706586049869662 3514806.5000000005 0.0010873675346374514 0.44490920007228857 4.9296766519546516e-05 0.0011141300201416018 2837651.5000000005 0.6144031584262849 3.4651915484573699e-05 0.48328901827335363 0.023678268305957321 0.22042431682348254 -0.036622364073991769 2.297307673870819e-05 0.70336249470710765 0.25013664364814764 3.3454542062827393e-05 0.26500780880451208 3.3454542062827393e-05 0.6000289022922517 0.089612089097499861 0.4672511518001557 0.85421764850616466 0.58582869172096264 0.38004074990749365 2.466054229444126e-05 0.15384226292371753 4.1110541820526132 -0.019397504627704617 0.35714477300643926 5.5339258324238478e-05 2.4178457351808905e-05 0.00015562772750854495 3.7418896681629128e-05 2.8580850084836132e-05 -0.0005201099847909062 3175161.6250000005 2.7341591703589078e-05 0.30193418264389044 -0.24843641370534894 -0.083238109946250902 2.4347199541807644e-05 -3.5947937249147795e-06 1.9435789909039162e-05 4034908.0000000005 -0.7865660786628722 2.6685058401199061e-05 0.46779793500900274 2.9228921448520854e-05 -0.00080624222755432118 3.0152918043313551e-05 4956439.0000000009 2.9269580409163613e-05 3.7495222091674809 3.3163165426230996e-05 4.1856925236061222e-05 2.293247575835267e-06 3.6280063795857138e-05 -9.7841024398803697e-05 3.6719426134368412e-05 0.15384226292371753 0.40690255165100103 3.3195556170539937e-05 -0.50685617327690113 0.62298637628555309 -0.34255574643611902 1.7538404790684584e-05 9.6619129180908217e-05 -1.5410499827339661e-06 0.48328901827335363 2.2285070372163321e-05 5.2592922656913295e-05 2704796.1250000005 0.57494011521339428 2.6065083147841509e-05 1.894015349535039e-05 0.37999573349952703 1.7673535694484602e-05 1.9254793187428735e-05 0.4299518764019013 1.4973835732234876e-05 2.5113405172305651e-05 0.47902791202068334 2.3920941202959515e-05 2.1378968085628006e-05 -0.0002832114696502685 -9.4383955001831041e-05 0.00034064054489135748 4793218.0000000009 2.4228947040683128e-05 -0.26996068656444544 0.44625870883464819 2.2754026651382451 0.00012162416169303471 0.00012027054253849202 -1.0000000180025095e-35 -0.053667770698666566 0.34949961304664617 0.26363404095172888 -0.6035533845424651 5368730.7500000009 0.43923391401767736 2.3897080421447758 0.31574456393718725 0.72576013207435619 -0.5240926444530486 -0.0002780574577627703 -0.61614519357681263 1.8392492165730804e-05 -0.18643651157617566 0.4218155592679978 0.88439539074897777 0.34564046561717993 0.00018745660781860354 2.4228947040683128e-05 0.11688326671719552 -0.038307892158627503 3.7765923480037607e-05 2.7162429432792127e-05 0.44490920007228857 6314101.0000000009 0.12940952181816109 0.91597560048103344 1.7298902093898508e-05 0.00024157762527465823 1.6570267689530741e-05 0.27304351329803472 0.45274122059345251 1.9254793187428735e-05 -6.0707330703735345e-05 2.7291031983622819e-05 7749711.7500000009 1.9616595636762216e-05 1.0045168437500253e-05 3.5394477890804417e-05 3.9751059375703342e-05 2.8293181458138864e-05 0.38732308149337774 0.0014349918346852066 -0.47424595057964319 4451098.5000000009 2.6138486862182622 3.0002578569110486e-05 -0.00048860907554626454 0.39719624817371374
decision_type=10 10 2 10 8 2 2 8 10 10 10 10 10 2 10 2 10 10 2 2 2 2 8 10 10 8 10 10 2 10 10 2 10 10 10 8 10 10 10 2 10 10 2 10 2 10 10 10 2 2 10 10 10 10 2 10 10 2 10 10 10 10 10 10 10 10 2 10 10 10 10 10 10 10 10 10 10 10 10 2 10 10 2 2 10 2 10 10 10 10 10 10 10 10 10 10 2 10 10 10 2 10 10 2 10 2 10 10 10 10 10 10 10 10 10 10 2 2 10 10 10 10 10 2 10 10 10 10 2 10 10 2 8 10 2 10 10 10 10 10 10 10 2 10 10 10 10 10 10 10 10 10 10 10 10 10 10 2 10 10 10 10 10 10 2 2 10 10 10 10 10 10 10 10 10 2 10 10 10 10 10 2 10 10 10 10 10 10 10 10 10 10 10 10 10 2 10 10 10 10 10 10 10 2 2 2 10 10 10 10 2 10 10 10 2 10 10 10 10 2 10 10 10 8 10 10 10 10 10 10 10 2 2 10 10 10 10 10 10 2 2 10 10 10 2 10 2 10 2 2 10 10 10 10 10 2 10 2 10 10 2 10 10 10 10 10 10 10 10 10 10 10 2 10 10 10 2 10 10 10 10 10 10 10 10 10 10 10 10 10 10 10 2 10 10 10 2 2 2 2 2 10 10 2 2 10 2 10 10 10 2 8 10 10 8 10 10 10 10 10 10 10 10 10 2 2 2 10 10 10 10 10 10 10 10 2 10 10 10 10 10 10 2 10 2 2 10 10 10
left_child=2 3 6 5 7 13 78 31 10 28 48 218 25 14 44 37 -17 34 36 26 -9 30 24 209 -16 62 -5 43 29 122 -13 32 235 42 35 65 -15 -11 -39 186 -41 111 -34 115 59 55 -47 -48 50 -50 52 -52 53 54 345 56 -46 -38 -8 60 -2 -29 63 -6 -35 -14 129 70 69 227 -68 -70 -53 191 75 -32 77 189 87 86 81 82 83 120 169 -82 270 -1 89 97 91 -91 93 -90 -94 -95 -96 -89 100 -100 101 102 -99 -103 -98 -92 107 108 -107 -110 123 112 114 -114 181 -10 -117 118 -102 -120 -81 -122 277 -51 -125 -119 -54 207 167 223 131 165 133 166 135 136 137 139 140 200 210 -138 143 -143 145 146 -137 151 -147 150 153 152 -148 302 -141 -156 -157 158 -145 160 -144 -162 163 -136 -165 -75 -132 -23 -169 170 322 172 173 177 175 176 -175 178 199 -180 -181 -26 -33 -44 -185 -186 187 -37 -189 -77 -191 192 -20 194 197 -196 -197 299 -195 -171 346 319 203 -203 -204 -131 -126 -25 -140 -24 -139 -85 -213 -49 215 -116 217 -217 219 -12 -220 -199 231 224 -67 342 -227 228 -69 -230 -231 -71 -108 -234 -235 243 237 245 239 -238 -239 -240 -242 244 -4 -237 -243 248 250 -250 -247 252 257 -254 -253 256 -256 258 259 305 261 262 -255 -264 265 -262 -104 -225 -127 -270 -80 272 -88 -274 -275 276 -276 278 279 280 281 -7 283 -282 292 286 287 289 -289 -281 -290 343 -285 -293 -291 296 297 -286 -299 -115 -301 -179 303 -150 -210 -249 -307 -160 -55 311 -311 312 -27 -312 -314 -74 317 318 -183 320 -202 -321 323 -84 -324 -325 -152 328 329 337 331 332 -329 -330 335 -332 -331 -245 340 -340 -56 -341 -130 -288 -78 -3 347 348 -134
right_child=1 8 4 19 12 9 58 20 27 15 11 21 17 18 22 16 -18 -19 73 -21 -22 128 23 127 41 309 -28 61 -30 -31 74 182 33 64 -36 39 57 38 -40 40 -42 -43 183 -45 45 46 47 213 49 110 51 72 126 308 338 -57 -58 -59 -60 -61 -62 -63 -64 -65 -66 66 67 68 71 222 -72 -73 315 130 -76 76 344 -79 79 80 85 -83 84 211 -86 -87 271 88 92 90 105 -93 94 95 96 -97 104 98 99 -101 117 103 266 -105 -106 106 232 -109 109 -111 -112 -113 113 193 214 116 -118 125 119 -121 121 -123 -124 124 206 268 -128 -129 225 205 132 -133 134 -135 162 144 141 138 208 154 -142 142 159 157 -146 148 147 -149 149 -151 326 -153 -154 -155 155 156 -158 -159 307 -161 161 -163 -164 164 -166 -167 -168 168 -170 171 -172 -173 -174 174 -176 -177 -178 301 179 180 -182 316 -184 184 185 -187 -188 188 -190 190 -192 -193 -194 198 195 196 -198 221 -200 -201 201 202 204 -205 -206 -207 -208 -209 304 -211 -212 212 -214 -215 -216 216 -218 -219 220 -221 -222 -223 -224 267 -226 226 -228 -229 229 230 -232 -233 233 234 -236 236 238 240 241 -241 242 246 -244 327 -246 247 -248 251 249 -251 -252 254 253 260 255 -257 -258 -259 -260 -261 264 -263 263 -265 -266 -267 -268 -269 269 -271 -272 -273 273 274 275 -277 -278 -279 -280 285 282 -283 -284 284 295 -287 291 288 290 294 -292 293 -294 -295 -296 -297 -298 298 -300 300 -302 -303 -304 -305 -306 306 -308 -309 -310 310 313 -313 314 -315 -316 -317 -318 -319 -320 321 -322 -323 324 325 -326 -327 -328 330 333 336 334 -333 -334 -335 -336 -337 -338 -339 339 341 -342 -343 -344 -345 -346 -347 -348 -349 -350
leaf_value=-0.0062540773214009495 -0.0093693274016236321 -0.0034455469869875072 0.0025875958206570755 -0.0023219252871851163 0.0040601539084022123 0.009563555998217118 0.0073555673185120756 -0.0015693052308794193 -0.0045319507050439554 -0.024782305713348704 -0.011401026707834081 -0.013054398954298082 0.003605881078805862 -0.00048473204997284122 0.013505222695934275 -0.004752369613113862 0.0042113053580198874 -0.011408651460016548 0.0094754388463768741 -0.00086781799603242993 0.000446265761849804 -0.0055351143963295194 0.0007755082397221698 0.0087500019748938136 -0.003293890561299472 -0.0062901662065505985 -0.0092795643498932018 -0.0010316525648787222 0.0010361148123676379 -0.012662702179878901 0.0055273256401459584 0.017135855037586984 -0.0029529221618630301 -0.021713034655953607 -0.007656843728502811 0.017214501467315853 -0.010057627583626119 0.0011858161016978141 -0.0131699744898653 0.021122845734201669 0.0037199640167096945 0.0046035672682630631 -0.0054951303060559254 -0.01190956342706641 -0.00038893903328531405 0.0042423193543425306 -0.0082103030202138588 0.0067532293081730603 -0.015609779662933596 0.0027196853858838829 -0.00048639407009863753 -0.0049035700428112653 0.01152012354808353 -0.0019870443949577508 0.0036129184588767267 0.011998225132549716 0.0070519270274979409 -0.0029274587809024798 -0.0074801258015999225 0.00067300232460514237 0.00068821984849679085 -0.0049876965357200879 -0.0031522297268290382 0.020590684418472369 -0.0044243480700155201 0.0060509981549546586 0.0067445477893599186 0.0095313453756961722 0.0099913332391122749 0.0040644481465380248 -0.0032382210701860214 -0.0054107543595896734 -9.8558097680841362e-05 -0.00096739952509891473 0.00069685514335257885 -0.016705702763417558 -0.0050516192694239296 0.0061448365295299389 0.0039221222222384517 0.014172731552848117 0.0088618927679361692 0.018191501612992246 0.015720272213450109 -0.020184269815504082 0.01679695795414855 -0.0060813457107250215 0.0027884895876417026 0.0056980309771964407 -0.012261446244600478 0.0035189929106577908 0.010725556497589491 0.016167711768171559 0.011071068210365281 0.012638565129209354 0.0035107798043694412 -0.0062922479184096547 0.0031462549642855444 0.0010846648844481822 -0.018707245671087516 0.0020604836460423053 0.0074901686684497384 0.0064057107849257271 -0.013597124238978043 -0.004262675527010356 -0.013663540655362348 -0.0058564647743826158 0.0038111630246988721 -0.0082997943268144549 0.015387465605852853 -0.0051795332710366298 -0.0038736005579557793 0.0064403846852520916 0.010746843925494865 -0.0075617472893757046 -0.0010239493684678093 -0.0016763435238723737 0.014389043184280716 0.0057388743216589466 -0.013888245055370228 0.0036845951641910619 -0.0021042143616723293 0.010189421051688635 -0.0072988102381881118 -0.0043154842394120367 0.012667652089491704 -0.00062772345436026226 -0.0047236667600321879 -0.0056532088570859871 -0.0015676115885608632 -0.00055598561374839428 0.0016471801732440249 -0.016345130983416976 0.0084756551709842688 0.0042630791261623864 -0.0033181697899860741 -0.00091019184025747143 0.00064193020177959301 0.0074662994481205528 0.020847182836095973 -0.014129509716339521 0.011673785556017044 0.014585086852712387 0.0081074720708482814 -0.0033455215153712333 -0.009174693778644721 -0.0029302437321540183 -0.0046915777647916594 0.0020615521037067783 -0.003117569886986039 -0.0051629471367432454 0.011147833179672065 -0.011369966295147488 0.0069341686810842689 -0.010483383997320191 0.0032573053151837852 -0.011328979980597341 0.0028066078910894228 -0.011614490835189619 0.010944835808081763 0.0068991872899826414 -0.0069797014198673991 0.0070848678809641834 -0.00010612190221260089 0.0042036529308020184 0.001025544170886327 -0.0063550098502413123 -0.0015368488717495119 0.01439015071641668 -0.0021579902191628583 0.003723477842820629 0.011655516995363213 0.010629838904709673 -0.0064138569431935024 -0.0044679528604932399 -0.00064351965670869594 0.015001100468005185 0.0075710500565509525 0.012208047750083812 -0.0079584683659973312 0.00068529424030682828 0.015639363466387581 -0.011807193879281943 0.0010692011344094329 0.0084770985054636542 -0.013154781525025175 0.0025092466053321539 -0.0050313661130514647 -0.010312337094899203 0.010841981346544809 0.011658471362869221 -0.0094839768083471686 0.003567377997000536 -0.0023741180490378334 -0.012295019643612626 0.016880581506799712 -0.010259175708688496 0.0043585443734541008 0.0037593804481656041 -0.0020523716041790227 -0.009343699965832843 -0.0050864023021451512 0.0071908014311044249 0.0049811532031597177 -0.0034362711836306882 -0.010882930139478797 0.0048521545372173036 -0.00077010674363981607 -0.003257803929497888 0.012006442905485387 -0.0094728733995356734 -0.0041655676470703932 -0.014133391979907841 0.0045120583220998904 -0.0051856974910010302 -0.0024361873456906049 -0.0058226591761377953 -0.0024457520320220077 0.0094523522272580724 0.0011891304885099094 0.00078616815580057943 -0.010435138041489858 -0.011000141926181331 0.013941796516114048 -0.0058904584521489072 0.00012559753657239727 -0.0057350469514369064 0.0056841885369649991 -0.0076855406196369679 -0.012135867510275797 0.0083320467899222414 -0.0056022979268820685 -0.0093489780275314415 0.00055741246720060012 -0.015668879434801129 0.0014236383089044036 -0.0047036321277287626 -0.0045928052255139393 0.010671616031735371 -0.012513419216628923 0.0041662116269911851 -0.0022038431836510527 -0.0071716415551548764 0.0048128860397762896 0.0043565509472320851 0.0008743538016639747 -0.0059298662523654859 0.00089202114637881218 -0.001552492395969042 -0.0013499685965013086 0.0082361666959758911 0.0018600830783252781 -0.00033010782020426594 0.0040980202627186602 -0.014644870183890197 0.014560508287056408 0.0069212263788681096 -0.0016399928901820952 0.0024300599019819922 -0.0078551261100829432 0.0085271096475760619 -0.016934493361873408 0.0029291954305288295 -0.0096801458940095984 0.007637969521786068 0.0038456119459213947 0.0050366675368388302 -0.00058009657540945001 -0.00036608927137863685 -0.002399542815146258 0.016731780199829873 -0.010301868370794259 -0.00020415119465346518 0.0044258019798088868 0.0046548486063331933 0.0069903627656186839 -0.00082634506214894986 0.01972269646916458 0.0089872666134971774 0.0058689804945968541 0.0094283079859448088 -0.015387173354047221 -0.0040236489073175461 0.0069212057998424038 -0.018039258211957451 -0.0039274286586977146 0.0016837096134156755 0.0052429304204160022 -0.016500101547714342 -0.013152480842968092 -0.006592077375547109 0.0041962819790913354 -0.0027543361447589176 -0.0017394206204894372 0.010870977677985078 0.0011529543641246851 -0.0071061021719938432 0.0061493752706973312 0.0095606492635956428 -0.00048207307934895223 0.012041236391764385 -0.00216060517779432 0.00010700376826294009 -0.0022305020520049408 0.015352082948551405 -0.0017735100930884465 0.011534214549336088 -3.6087123249349435e-05 0.00096746653395565199 0.0086665615224300746 -0.0049769857417375366 0.0030371894573317307 0.00252496227715888 0.013579281244489332 -0.0020541917431182439 -0.002109576006005141 0.0051574398256447589 0.0074602399537443435 -0.01154694349084489 0.0038390401690463695 -0.0081981749313408958 0.0034768325260089916 0.0030427672731139655 7.1752010823425959e-06 -0.004202243369846188 0.0080868862546858086 0.0049696693213409143 -0.0017690828472189924 0.00095289016179498157 -0.0060474777610234525 -0.0041408465068281854 0.0010314176559592159 0.0081337046025750474 -0.015058088499238525 0.0070896300576535542 0.013990008100057794 -0.0027857824073628835 0.0089999793550874178 -0.00033266721589035521 -0.017003917825490746 0.0068936742513172142 0.018411328285432658 -0.0069243487404861363 -0.01334257385861593 -0.0072962803558441411 -0.019124429928844368 0.0066320847443744604 -0.0042011935351516311 -0.00066962275611372028 -0.0041346231200305701
leaf_weight=250.97955587506294 314.24116887152195 852.96956685185432 8011.6949732452631 4958.1115766018629 958.23993535339832 287.74403338134289 1334.9786793887615 10500.430223062634 3747.5705735236406 53.723919540643692 854.18872384727001 158.47242923080921 6170.8395236283541 2844.1562103480101 95.497736632823944 1178.9089091420174 298.98718674480915 91.237401902675629 142.74719581007957 49896.711531370878 7192.0405610203743 61.99596843123436 13485.752112865448 120.74163725972176 345.98526096343994 356.74821777641773 349.44926124811172 4067.2151166498661 2603.9400185644627 133.47925108671188 95.23470601439476 91.735249131917953 1492.7310816198587 64.493483051657677 136.96621124446392 74.244147747755051 312.19912615418434 197.22512540221214 336.96234992146492 136.4815461486578 105.74338975548744 414.73116156458855 155.49769957363605 244.18336343765259 685.98066061735153 467.48478868603706 351.24157384037971 190.74431928992271 107.9797305315733 743.9629135876894 10642.360267475247 181.9882005751133 154.49222131073475 12836.618784531951 1007.7177952677011 237.72622439265251 848.47229705750942 2194.8364345878363 60.995805725455284 61654.1956782341 408.49102778732777 1122.4429394304752 241.74737277626991 56.99915237724781 133.24275846779346 438.49052268266678 1391.9754789918661 108.24629817903042 338.4810536056757 403.48265582323074 152.49001748859882 64.746792063117027 492.98353996872902 8433.0323909670115 606.16901847720146 77.228486001491547 92.230699002742767 94.96970671415329 112.99152117967606 62.994147554039955 69.730843618512154 127.96295022964478 129.49255757033825 99.210435569286346 83.489783495664597 394.42093105614185 371.18796543776989 653.69972425699234 95.232620775699615 341.93395426869392 145.97707335650921 308.8135939091444 87.973894119262695 240.22180481255054 119.465442314744 81.734888941049576 50.474846094846725 199.98192200064659 83.970303028821945 80.989422708749771 572.68362462520599 258.46172103285789 272.45636013150215 306.21824204921722 392.1518139988184 77.983534216880798 223.71835696697235 68.743450313806534 302.94474841654301 73.240534171462059 2248.0065948665142 188.48764526844025 62.993055701255798 155.47223187983036 5315.7328065782785 240.46388857066631 64.74376767873764 374.96970984339714 72.739454448223114 127.98208451271057 423.44152806699276 91.486952796578407 351.73962703347206 914.9456640034914 90.996239334344864 3123.7273141592741 58.746210962533951 917.13812308013439 788.64623917639256 590.98090778291225 3226.1979019343853 51.745019778609276 237.99447554349899 1336.946041226387 647.24314512312412 21293.462750792503 11229.588078096509 92.244343966245651 96.744434952735901 142.24243888258934 95.993067994713783 53.997220501303673 223.24538213014603 552.98003081977367 183.71386881172657 408.72286480665207 1390.1616869419813 418.97792474925518 65.496223643422127 171.48611004650593 419.97759242355824 287.72104287147522 109.49483397603035 69.996528506278992 313.73298227787018 391.23063337802887 78.497005343437195 87.246861547231674 173.2433575540781 1233.4670986384153 255.48939579725266 90.743650421500206 22413.130806356668 1443.7362642586231 8559.4066620916128 433.98481327295303 1891.4587256163359 172.23998719453812 76.23187293112278 4419.1097027808428 241.42982718348503 145.23075689375401 182.21153511106968 120.72905696928501 523.41655500233173 203.7041287869215 545.90361188352108 64.720459923148155 224.48824355006218 1682.8657137751579 52.244238376617432 51.748539447784424 85.738432347774506 316.99561080336571 55.497436285018921 358.48752377927303 103.24261552095413 51.246754541993141 54.494259744882584 52.487910822033882 101.20968541502953 1726.1974374353886 880.21716049313545 338.71493624150753 94.245475113391876 168.73235090076923 202.98231196403503 52.996210262179375 224.73272883892059 60.497183993458748 240.9872764647007 805.22011852264404 85.997201234102249 115.99493744969368 86.49548351764679 1119.9508085399866 170.74133966863155 191.491001278162 181.23716194927692 99.22633595764637 464.47712661325932 59.732515648007393 54.976310819387436 120.49519895017147 5876.9790024906397 58.997598513960838 322.23910000920296 367.98458471894264 200.192506685853 83.728611037135124 127.6919906437397 433.20698007941246 87.744029834866524 524.48405326902866 2651.6867513358593 154.46740759909153 459.92461331188679 307.48403204977512 91.748320192098618 110.99582013487816 161.74426093697548 62.497337490320206 333.45943279564381 170.48196020722389 74.992634385824203 607.23144786059856 219.73974841833115 234.73306855559349 69.245916217565536 2245.682902559638 376.46389536559582 180.9814925044775 557.95655731856823 496.24678875505924 26398.837975129485 512.47607642412186 1867.3723820447922 6365.7334090024233 221.24540753662586 748.23070280253887 407.97713743150234 5749.8106314390898 160.98519113659859 379.20962269604206 52.498676657676697 731.97215950489044 735.71810449659824 911.69405226409435 279.47526007890701 115.48519590497017 76.991093903779984 81.493795797228813 92.243718564510345 60.244973540306091 152.23825365304947 51.74411740899086 82.488900795578957 1021.9672816693783 85.236512467265129 82.739975690841675 85.244885936379433 205.72140589356422 375.45217052102089 174.48256601393223 100.97678090631962 60.990633696317673 301.67462411522865 89.747849881649017 184.23161844909191 145.74711748957634 96.498404175043106 143.24681808054447 224.7443061619997 82.747715324163437 555.99227823317051 471.22687636315823 62.498038038611412 126.22866061329842 56.240646675229073 240.99489389359951 138.49196524918079 354.99222713708878 85.74900883436203 65.748033761978149 655.23514313995838 180.74552588164806 310.99533581733704 164.74774004518986 394.24423314630985 96.492058038711548 229.47319059073925 5263.7449315339327 146.74682116508484 117.9972261339426 75.245566427707672 117.24615536630154 234.24150361120701 252.24297089874744 84.492413148283958 921.73900479078293 636.9924450814724 1519.4851218611002 64.749370828270912 1127.4866306185722 101.74937975406647 1556.4386445879936 385.23791086673737 57.747020453214645 531.72220426797867 306.48595134913921 646.72782789170742 136.74329495429993 1274.6372347027063 135.23730406165123 271.47421522438526 1257.3983270376921 69.497398227453232 79.499268397688866 71.499715238809586 1732.7395542860031 19595.109965905547 57.248663246631622 141.2462792545557 468.49447329342365 58.248655050992966 743.24479468166828 55.249183014035225 7099.4713528156281 52.497255861759186 140.2400927990675 49.998294651508331 86.489737153053284 73.738694071769714 1357.958746239543 133.97089338302612 105.73889747262001 801.72217340767384 40928.023314833641 88.747696116566658
leaf_count=1004 1257 3412 32047 19834 3833 1151 5341 42003 14992 215 3418 634 24684 11377 382 4716 1196 365 571 199595 28769 248 53947 483 1384 1427 1398 16271 10416 534 381 367 5971 258 548 297 1249 789 1348 546 423 1659 622 977 2744 1870 1405 763 432 2976 42571 728 618 51349 4031 951 3394 8780 244 246619 1634 4491 967 228 533 1754 5568 433 1354 1614 610 259 1972 33733 2425 309 369 380 452 252 279 512 518 397 334 1578 1485 2615 381 1368 584 1236 352 961 478 327 202 800 336 324 2291 1034 1090 1225 1569 312 895 275 1212 293 8994 754 252 622 21264 962 259 1500 291 512 1694 366 1407 3660 364 12496 235 3669 3155 2364 12905 207 952 5348 2589 85176 44919 369 387 569 384 216 893 2212 735 1635 5561 1676 262 686 1680 1151 438 280 1255 1565 314 349 693 4934 1022 363 89655 5775 34238 1736 7566 689 305 17678 966 581 729 483 2094 815 2184 259 898 6732 209 207 343 1268 222 1434 413 205 218 210 405 6905 3521 1355 377 675 812 212 899 242 964 3221 344 464 346 4480 683 766 725 397 1858 239 220 482 23509 236 1289 1472 801 335 511 1733 351 2098 10607 618 1840 1230 367 444 647 250 1334 682 300 2429 879 939 277 8983 1506 724 2232 1985 105596 2050 7470 25464 885 2993 1632 23000 644 1517 210 2928 2943 3647 1118 462 308 326 369 241 609 207 330 4088 341 331 341 823 1502 698 404 244 1207 359 737 583 386 573 899 331 2224 1885 250 505 225 964 554 1420 343 263 2621 723 1244 659 1577 386 918 21057 587 472 301 469 937 1009 338 3687 2548 6078 259 4510 407 6226 1541 231 2127 1226 2587 547 5099 541 1086 5030 278 318 286 6931 78381 229 565 1874 233 2973 221 28398 210 561 200 346 295 5432 536 423 3207 163715 355
internal_value=-3.94417e-06 -0.000442211 0.000936926 -0.000263832 0.00065289 -8.95088e-05 0.00214087 0.000398249 -0.00161217 -0.00175742 -0.00123591 -0.00336031 0.00189564 -8.08113e-06 0.000345366 -0.00490752 -0.00292605 0.00247257 -0.000247021 -0.00105332 -0.000750138 -0.0012798 -0.000453545 0.000316776 -0.00116334 0.000299008 -0.00279329 -0.00307919 -0.00107361 -0.00186298 -0.00388574 0.000618276 0.000599841 -0.0018142 0.00255501 0.00264439 -0.00206219 -0.00978241 -0.00793044 0.00824377 0.0138874 -0.00125773 -0.00104333 -0.00450486 0.000723388 0.00290764 -0.000225398 -0.00339108 -0.000944011 -0.00265384 -0.000684983 0.000148056 -0.00137973 -0.0015013 0.000809278 0.00489734 0.00374071 -0.00384454 0.00666841 0.000621404 -0.00373946 -0.00189364 0.00353695 0.00514197 -0.0106883 0.0024541 0.0017136 0.0036029 0.00167876 -0.000103192 0.00574731 0.00746105 0.0031649 -0.000175955 -0.00265117 -0.00575654 -0.00775411 -0.00335918 0.00192757 0.00238481 0.00207722 0.00223009 0.00210635 -0.00215674 0.00230724 -0.00372427 0.00550257 0.000992482 0.00118764 0.00162651 0.00451741 0.00964492 -0.00229408 0.00307334 -0.00573419 0.00779658 -0.00848286 0.000660159 7.7733e-05 -0.00888733 0.00035612 -0.00290246 -0.00646674 0.000641661 -0.0117248 0.00221003 0.00121354 0.00607134 0.00835258 0.0113587 -0.00228899 -0.00141621 -0.00151583 -0.00399421 -0.0011302 -0.00403614 0.00201209 0.00118154 0.00477234 -0.00297186 0.00189795 0.000202454 -0.0016373 -0.000425923 -0.00241968 0.000415404 0.00703605 -0.00384154 0.000787107 0.000733546 -0.000220602 -0.00133881 -0.000140888 0.00125982 -0.000217082 -0.000421369 -0.000161404 -0.000569736 0.00424321 -0.00067709 -8.60942e-06 0.0011773 0.00322696 0.000138932 -0.00104707 -0.000984351 -0.00117473 -0.00371528 0.00204917 0.00397457 0.00576609 -0.00507258 -0.00381045 0.00132854 -0.00573521 -0.00408375 -0.00895932 -0.000696237 0.000363605 0.00513568 0.00127334 -0.00321679 0.000312513 0.00119292 0.00148723 -0.00123658 0.000469818 0.00635692 0.00940419 0.00222726 0.00392584 0.00180841 0.00170609 0.00182233 0.00460302 0.00773538 0.00536362 0.00149009 0.00249642 0.0001274 0.00120527 0.00172049 0.00975488 0.00216986 0.00384223 0.0001998 0.00316824 0.00788563 0.000585445 -0.00734264 -0.00204422 0.00199705 -0.000659903 -0.00450022 -0.00297075 0.00175629 -0.00235322 -0.00524275 -0.00829563 0.00353066 -0.000570812 0.00153478 0.00441265 0.00583463 -0.00310358 0.00299021 0.00413884 0.00148825 0.0119262 0.000695122 -0.00215979 -0.0127844 -0.00548565 0.002117 -0.00145875 -0.00050965 0.00311158 0.00727348 -0.00857757 -0.0103156 -0.00347857 -0.00935654 0.00418037 -0.000102887 0.000979855 -0.000411794 0.00277641 -0.00315483 -0.000129027 -0.00314107 0.000144336 0.00213801 -0.0019799 -0.00423919 -0.010567 0.00066942 0.000107248 -0.000252472 0.00167595 0.0033732 0.0037947 -0.000305347 0.00199124 0.000882098 0.00127375 -0.000505048 0.000154431 -0.000363263 0.00190016 0.00605536 -0.00249081 -0.000625714 -0.00144347 -0.00534944 0.00039599 0.00312966 -0.000425513 -0.000925011 -0.00135734 -0.00108268 -0.00707161 -0.00942963 -0.0113392 -0.00279846 -0.00180693 -0.00832536 -0.0106514 -0.00226037 -0.000203455 0.00735619 -0.00235678 0.00648904 0.00747884 0.00916124 0.0118581 0.014444 0.0167281 -0.00132121 -0.00147712 -0.00170259 0.000112664 0.0050566 -0.000919069 -0.00188593 -0.00108628 -0.00294843 -0.00363217 -0.00136558 -0.00743245 0.000545594 -0.0011355 -0.00529683 -0.010199 -0.000462027 -0.000969569 -8.48398e-05 0.000839797 -0.000674426 0.00257088 -0.00100321 0.00223115 0.000272066 0.00402089 0.00890469 0.00803239 -0.00125785 0.00399422 0.00515692 -0.00191206 -0.00056618 -0.00185614 0.00113075 -0.00289501 -0.000210746 0.00433447 0.00389766 0.00342308 0.00093555 0.00231043 -0.000842351 0.00112751 -0.0047377 0.00328888 0.00512906 0.00146018 0.00406008 0.00931489 0.000441432 -0.000393603 -0.000724739 0.000842241 -0.00571086 -0.00946023 0.00528728 0.00093376 0.000890881 -0.00369651 -2.20479e-05 0.00303097 -0.00230149 0.0044454 0.00156622 -0.00268782 -0.0067183 -0.013755 -0.00228837 -0.000692474 -0.000623486 0.00503357
internal_weight=515654 351790 163863 305258 132594 250054 31269.5 110054 46532 11631.8 37045.4 4465.02 22539.6 238422 96166.6 2065.81 1477.9 16553.7 142256 55204.3 17692.5 3199.22 30887.5 14814.3 16073.1 5985.94 5307.56 9486.62 9565.96 6962.02 1411.97 92361.6 92184.1 2576.95 16462.5 16325.5 5351.19 587.911 534.187 525.453 242.225 15977.6 2379.21 4296.96 65279.1 2902.15 1129.97 662.481 32580.4 4276.63 28303.8 12873.8 15430 15216.8 2295.65 1772.18 1534.45 2507.04 1395.97 62376.9 722.732 5189.66 1256.99 1015.24 197.736 15800 9629.2 3281.64 1737.17 1333.94 1544.47 403.228 2231.41 136905 1253.5 647.332 552.097 325.896 29873.6 20054.7 18266 17801.8 17673.9 791.842 16882 464.152 1788.72 9818.87 9567.89 8500.63 2122.29 650.748 1067.26 417.189 650.066 321.957 562.092 6378.35 5724.65 164.96 5559.69 1119.61 554.927 564.68 442.627 1471.54 1325.56 522.912 454.169 376.185 4168.65 15562.9 15374.4 2060.04 13314.4 4052.78 305.208 4440.08 773.405 200.722 577.923 514.928 6828.54 1920.65 1176.68 3666.67 213.238 1229.37 1787.24 6347.56 134155 8918.76 125237 6454.6 118782 85718.5 60565 46412.8 1005.94 45406.8 652.715 14152.2 2922.66 1119.71 25153.5 24969.7 23499.8 2206.36 1469.92 1061.2 889.712 1787.38 1499.66 400.237 925.703 783.461 469.728 1065.71 978.466 1802.95 569.478 346.233 33063.5 10650.4 10003.1 8867.02 5117.66 310.468 248.472 16798.5 3309.67 13488.9 13343.6 13161.4 1393.75 870.337 666.633 11767.7 6439.21 1959.6 1735.11 1372.44 177.474 886.478 730.981 413.985 283.228 179.985 105.741 230.926 153.698 2749.16 1022.96 1997.05 1433.6 465.96 371.715 967.641 563.448 4479.61 44481.1 2424.65 1093.71 921.215 172.493 1710.93 261.738 312.233 353.227 13585 556.721 213.919 114.709 311.24 11941.9 6064.95 749.221 426.982 1265.8 937.917 327.884 486.203 553.724 4636.63 3090.18 1476.78 614.392 780.219 472.735 364.488 272.74 465.98 802.652 578.934 245.475 89607.2 24598.4 20015.3 4583.02 2465.42 1169.15 2117.6 934.42 65008.8 34410.5 18846.2 2048.35 18239 1889.93 969.476 920.453 16349 9079.03 1055.15 7270 1520.19 788.217 8023.88 7112.18 6832.71 894.166 613.192 531.698 152.489 280.973 128.735 354.945 1546.45 3291.7 167.976 198.236 1590.49 1384.76 1013.58 638.125 463.642 402.651 6476.8 6387.05 6202.82 2527.46 430.991 2096.46 1871.72 1775.22 3675.36 3204.14 1362.94 320.961 1041.98 194.733 1841.2 168.497 420.74 896.23 1606.73 1425.98 1114.98 558.992 481.437 325.965 5328.47 330.24 183.493 256.483 6717.22 351.488 425.486 12921.1 4728.95 2686.22 2042.73 523.247 1764.48 166.499 2049.42 1026.46 641.218 583.471 1330.94 887.715 443.229 3068.24 1522.13 1546.11 1392.64 489.475 30598.3 9923.7 9383.71 20674.6 277.994 220.746 539.994 20396.6 20338.4 1787.99 7595.72 1336.94 279.227 1057.72 226.73 862.385 1420.46 226.202 958.708 42056.5 41254.8 326.742
internal_count=2062695 1407215 655480 1221070 530386 1000243 125094 440225 186145 46529 148193 17864 90161 953714 384677 8264 5912 66217 569037 220827 70772 12799 123558 59262 64296 23944 21232 37952 38265 27849 5649 369453 368743 10308 65852 65304 21406 2352 2137 2102 969 63914 9517 17190 261119 11609 4520 2650 130329 17109 113220 51497 61723 60870 9183 7089 6138 10029 5585 249510 2891 20762 5028 4061 791 63202 38518 13127 6949 5336 6178 1613 8926 547631 5015 2590 2209 1304 119509 80228 73072 71215 70703 3168 67535 1857 7156 39281 38277 34007 8491 2604 4270 1669 2601 1288 2249 25516 22901 660 22241 4479 2220 2259 1771 5887 5303 2092 1817 1505 16677 62255 61501 8241 53260 16213 1221 17762 3094 803 2312 2060 27315 7683 4707 14668 853 4918 7150 25391 536634 35676 500958 25819 475139 342882 242265 185655 4024 181631 2611 56610 11691 4479 100617 99882 94002 8826 5880 4245 3559 7150 5999 1601 3703 3134 1879 4263 3914 7212 2278 1385 132257 42602 40013 35469 20471 1242 994 67201 13240 53961 53380 52651 5576 3482 2667 47075 25759 7839 6941 5490 710 3546 2924 1656 1133 720 423 924 615 10997 4092 7989 5735 1864 1487 3871 2254 17920 177928 9699 4375 3685 690 6844 1047 1249 1413 54344 2227 856 459 1245 47770 24261 2997 1708 5065 3753 1312 1945 2215 18547 12361 5908 2458 3121 1891 1458 1091 1864 3211 2316 982 358435 98398 80065 18333 9862 4677 8471 3738 260037 137643 75388 8194 72959 7560 3878 3682 65399 36318 4221 29081 6081 3153 32097 28450 27332 3577 2453 2127 610 1124 515 1420 6186 13168 672 793 6363 5540 4055 2553 1855 1611 25908 25549 24812 10110 1724 8386 7487 7101 14702 12817 5452 1284 4168 779 7365 674 1683 3585 6427 5704 4460 2236 1926 1304 21316 1321 734 1026 26870 1406 1702 51687 18916 10745 8171 2093 7058 666 8198 4106 2565 2334 5324 3551 1773 12274 6089 6185 5571 1958 122394 39695 37535 82699 1112 883 2160 81587 81354 7152 30383 5348 1117 4231 907 3450 5682 905 3835 168229 165022 1307
is_linear=0
shrinkage=0.02


Tree=7
num_leaves=350
num_cat=0
split_feature=52 43 40 43 19 60 15 36 56 40 16 19 50 56 56 16 36 60 51 37 57 44 16 57 36 51 40 33 32 57 57 57 56 52 51 43 16 33 22 61 32 50 44 52 15 22 33 37 33 52 31 4 61 44 16 33 56 32 57 56 56 50 52 32 35 36 50 33 56 52 61 36 44 60 56 19 16 35 57 60 36 32 57 56 56 61 44 36 33 61 33 16 35 60 52 33 32 56 52 56 56 36 34 33 30 36 31 42 56 22 56 51 43 57 32 16 56 56 36 36 33 60 16 30 40 56 36 56 57 44 36 19 22 33 30 31 31 42 32 30 57 44 60 35 50 36 32 52 33 56 36 56 57 32 56 33 30 31 44 44 52 61 51 19 32 57 43 56 32 56 31 50 51 56 15 44 36 33 51 37 57 56 52 57 56 37 44 36 57 57 4 56 37 44 57 56 16 32 52 33 57 56 18 4 16 4 37 56 15 19 31 19 57 10 15 61 32 56 19 10 61 30 56 61 56 33 37 30 51 19 33 57 56 37 31 60 42 10 35 57 18 32 57 30 56 37 56 61 32 32 33 40 56 42 36 33 22 16 40 51 44 36 23 30 56 32 56 32 37 56 56 18 52 44 30 32 57 31 22 57 44 51 61 35 56 36 33 35 32 60 32 52 50 50 37 22 37 33 52 61 56 31 30 37 52 52 32 50 36 16 33 30 56 16 57 36 43 37 37 56 43 61 33 35 37 60 56 33 44 19 57 32 30 30 44 57 34 56 14 37 35 50 56 60 37 44 36 32 32
split_gain=491.663 168.312 129.931 117.758 113.271 86.9492 83.5536 82.8805 70.2261 63.5454 76.413 62.1622 82.9299 61.0573 60.2886 68.4223 57.6704 86.9223 48.7467 47.6825 47.5611 45.5466 44.8051 43.7264 64.0796 43.1975 42.3464 42.25 69.1196 45.6218 66.3065 61.3258 43.3859 42.5197 41.829 46.7781 39.8444 38.9448 54.7673 42.703 38.8536 38.3908 36.8694 36.799 36.7707 36.3461 38.1147 63.4405 36.1042 36.0529 36.0154 35.6593 35.1589 65.6809 42.3693 34.6169 48.2592 34.4635 34.1887 51.0727 66.0772 44.1548 34.3888 46.2891 33.6616 33.6078 37.1043 34.6031 33.3268 38.558 33.1763 36.4207 36.1581 35.3966 32.7155 39.8153 35.3795 32.1391 45.7161 43.3581 96.8605 62.3426 59.6952 55.2807 51.8128 96.4176 50.9886 43.3659 41.4732 36.1217 35.2796 33.0733 35.1544 31.9818 31.7334 31.5793 31.4449 31.4215 31.267 39.6231 31.0224 57.6416 30.8052 40.3646 36.5322 32.8082 30.6815 33.0522 31.2467 30.6612 55.9131 41.0018 31.1152 36.8219 30.6431 30.6207 33.0015 49.4656 30.6011 41.4562 38.5998 39.5976 32.0205 30.5439 30.4897 40.8356 39.1896 36.3335 32.8846 30.8717 30.4284 30.4094 31.8149 30.3744 30.3284 42.0073 30.2303 32.7028 30.0499 29.7391 36.0872 44.0873 29.6673 61.3742 51.2509 62.8984 56.5035 55.5571 41.3863 35.5891 40.3647 34.8188 39.5345 34.5364 40.0324 38.9965 32.3926 40.4302 37.6174 36.8508 40.6272 35.3055 32.3278 32.0993 31.6911 39.558 31.6231 30.9128 35.1087 34.2905 36.4367 32.2128 45.5674 30.8405 29.6384 29.9266 29.5704 50.2277 29.5669 29.5599 43.1969 36.1649 29.4843 29.0944 29.0472 41.5603 40.4246 33.9129 33.3444 29.0177 28.9666 28.7766 63.6574 40.6588 34.629 34.3222 35.0398 35.8571 28.7273 37.9001 34.6828 28.4411 28.2428 31.8917 28.1758 28.1445 31.1007 28.0604 34.505 27.9666 27.9442 27.885 27.7749 27.77 27.7526 27.6079 27.5113 27.4386 28.5884 27.3 27.2012 49.2124 65.7837 43.8942 77.3511 47.1222 30.3196 57.1233 30.0421 27.1795 27.1534 37.1625 27.0209 30.0072 26.9594 30.0731 26.9379 26.8344 27.9252 26.5957 26.4463 26.4386 26.4136 26.2916 26.1855 26.0487 51.5047 25.9884 35.3026 25.9844 34.1539 25.8497 25.8255 25.8016 32.754 50.4394 42.0887 40.7599 31.4757 26.5787 31.9572 26.2337 30.9958 25.768 25.713 66.3101 57.3539 69.257 83.7569 61.6422 48.2752 50.538 44.446 41.1935 37.383 34.4884 50.7821 53.6202 34.5813 32.5298 44.9624 31.8981 34.6706 35.4311 34.1374 30.1742 29.1625 29.1372 30.2549 29.0206 29.0021 47.0996 28.8396 25.8861 25.6052 25.5347 47.2256 30.5226 28.7165 26.8827 25.3541 25.3161 25.2666 37.8682 25.2533 25.1907 25.1645 25.1512 27.1509 25.9598 28.1925 29.8762 28.1131 25.0788 25.0383 41.5323 39.5761 25.0278 33.181 24.932 40.8709 40.6103 64.8212 49.0041 31.6377 34.9337 34.5562 42.8388 34.5519 24.8841 24.7382 24.7139 24.7132 27.919 30.6108 28.8682 28.1905 38.2259 32.0773 29.0983 28.0209 27.0353 26.5843 25.7411 25.115 25.9444 25.114 35.9572 26.6013
threshold=0.26690363883972174 0.00080635488848201941 1.1963881661358757e-05 -0.0007298658019863068 9.4146438641473664e-05 -0.12940952181816107 7.0097005391289721e-06 3.2476171327289201e-05 0.0017971610068343582 1.2764446182700341e-05 1.4852956155664289e-05 9.4146438641473664e-05 0.4497628659009934 0.0010865172371268275 0.0018630593549460175 1.7040275679391927e-06 3.31067385559436e-05 -0.6035533845424651 0.70489713549613964 3.6957089832867502e-05 0.38886901736259466 0.00097458079108037065 8.8642136688577028e-06 0.80761900544166576 8.3611012087203576e-05 0.46016290783882147 -8.3687236838159134e-06 0.00059860944747924816 0.0012814402580261233 0.36898219585418707 0.22306171059608462 0.46430510282516485 0.0025114155141636734 0.85421764850616466 0.36041575670242315 -1.2004869859083554e-05 8.1948546721832844e-06 0.00047224760055541998 5.021409511566163 1.5000000000000002 0.0010195374488830569 0.6637747883796693 0.00056359471636824321 0.96809327602386486 1.333560339844553e-05 6.1564109325408944 0.0040322542190551766 3.6429737519938506e-05 0.002599418163299561 0.21301638334989551 0.0022704601287841801 0.48094286024570471 3.5000000000000004 0.00011338077820255422 -1.0213514997303717e-05 -0.0032405555248260494 0.0019182860269211235 0.0010598301887512209 0.38835799694061285 0.001847611216362566 0.002665837993845344 0.65099292993545543 0.40759989619255071 0.00012260675430297854 8.7754137894080503e-06 4.2400091842864647e-05 0.10001238808035852 -0.00054088234901428212 0.0016717883991077544 0.64328527450561535 1.5000000000000002 1.9196183529857084e-05 8.8702319771982743e-05 0.78656607866287243 0.0020231998059898619 3.3550995794939815e-05 -1.5037732055134254e-06 2.7627661438600629e-05 0.45338875055313116 -0.37940952181816096 3.8559683162020526e-05 -0.0010172426700592039 0.51617348194122326 0.0019038633909076454 0.0017532815691083672 2.5000000000000004 -0.0011631978559307752 3.7124935261090293e-05 -0.001985460519790649 2.5000000000000004 -0.00067904591560363759 -9.286208921821525e-07 4.6039604058023549e-05 -0.7865660786628722 0.95706972479820263 -0.0027801692485809322 -0.0021353662014007564 0.0019038633909076454 0.78970530629158031 0.0020076527725905184 0.0010649123578332367 2.1043495507910851e-05 4.0038525185082115e-05 -0.0025620460510253902 -0.00080066919326782216 2.8041550649504646e-05 0.00034064054489135748 0.00041894172318279749 0.0015065424377098682 3.4087907075881962 0.002957805991172791 0.1556801721453667 0.00030387283186428254 0.4452988207340241 0.00052911043167114269 -1.0576057434263928e-06 0.0023357784375548367 0.0027510940562933688 4.7893830924294896e-05 8.3611012087203576e-05 0.0040322542190551766 -0.37940952181816096 2.0240677258698274e-06 0.00037497282028198248 0.00017643359024077657 0.001148907467722893 3.8559683162020526e-05 0.0019606562564149503 0.44351033866405493 0.00037071919359732425 3.4184122341685004e-05 5.0066666517523124e-05 6.9326992034912118 -0.0029115378856658931 0.0012598633766174319 0.0011346936225891115 -0.00025251507759094233 0.00029481269302777951 -0.00053611397743225087 0.000944197177886963 0.37067231535911566 -0.00026548847381491209 -0.6035533845424651 2.0217282326484568e-05 0.6637747883796693 2.0291157852625478e-05 -0.00074091553688049306 0.22410883009433749 -0.00095924735069274892 0.0025885709328576927 2.7729957764677241e-05 0.0023357784375548367 0.3198432475328446 -0.0012284219264984129 0.0011103725992143156 0.00013738870620727542 -0.00019851326942443845 -0.00057956576347351063 -0.00073377430089749385 -0.00048800371587276453 0.14263480901718142 5.0000000000000009 0.6359270215034486 5.0937349442392594e-05 -0.00053611397743225087 0.26500780880451208 -0.00044212168722879136 0.0017107104067690673 -0.0022569596767425533 0.001663185947109014 -0.0011298060417175291 0.43131026625633245 0.17854803800582889 0.00083211131277494143 6.6572529249242515e-06 0.0004178583476459608 5.0730088332784369e-05 0.0047008395195007333 0.91418480873107921 6.1002949223620824e-05 0.39093492925167089 0.0019038633909076454 0.75763675570487987 0.26500780880451208 0.0019038633909076454 2.8307503271207682e-05 0.00037071919359732425 3.7124935261090293e-05 0.34103277325630194 0.33583217859268194 0.040218029171228416 0.002665837993845344 3.6957089832867502e-05 -0.00024614545691292728 0.5438939929008485 0.0024442514404654507 -2.3691131900704927e-06 -0.00070223212242126454 0.75763675570487987 -0.0007520616054534911 0.36353509128093725 0.0020597897237166767 8.2314014434814467e-05 0.11965129524469377 7.3589114890637583e-06 -0.22320862859487531 3.6429737519938506e-05 0.0012179744662716987 1.7461336483393099e-06 4.7186213123495697e-05 4.1186809539794929e-05 2.5440424906264528e-05 0.41139879822731024 0.45000000298023229 -4.9858879265229908e-06 3.5000000000000004 0.0023483633995056157 0.0020415056496858601 2.8856069548055533e-05 0.78333333134651195 1.0000000180025095e-35 -0.00058338046073913563 0.0024442514404654507 1.5000000000000002 0.003320355550386012 -0.0004612505435943603 3.4105156373698271e-05 -8.3893537521362291e-05 0.044050613418221481 3.3259122574236251e-05 -0.00063642859458923329 0.30193418264389044 0.0013783846516162159 2.472503001627047e-05 -0.0011837780475616453 -0.6035533845424651 -0.00035259372089058155 0.88333332538604747 9.8892337518918811e-06 0.29095016419887548 -0.00012776255607604978 -0.00033608078956603998 0.45125813782215124 0.00048857927322387706 0.001281515753362328 3.1177445634966723e-05 0.0015120734460651877 2.5000000000000004 -0.00013187527656555173 -0.001622885465621948 -0.0024749636650085445 0.00014249025116441774 0.0012146565131843092 0.00068503510556183766 2.4124650735757317e-05 0.0019716620445251469 3.7217009067535405 -5.9532331420086837e-07 -2.1803256458952088e-05 0.8847140669822694 0.0020786691457033162 2.8509698495327033e-05 4160555.5000000005 -0.0012282431125640867 0.0020231998059898619 -0.0038293898105621334 0.0028531481511890893 -0.0030225217342376705 4.6536102672689601e-05 0.0025885709328576927 0.0022354978136718277 -0.00015994906425476072 0.18269430100917819 -0.0013299675774760542 -0.00054410099983215321 -0.0030225217342376705 0.30478195846080786 -0.0010438263416290281 4.8045361042022714 0.35210388898849493 -0.0019366116030141709 0.16319455951452258 3.5000000000000004 4.2990270230802714e-05 0.0036458508111536507 2.5672078663774304e-05 -0.0026638507843017574 2.3258755390997979e-05 -0.0015002489089965818 -0.37940952181816096 -0.0021353662014007564 0.089612089097499861 0.15776802599430087 0.35039526224136358 3.1638965083402588e-05 2.6051280498504643 2.2621010430157188e-05 -0.00015631318092346189 0.46765023469924932 5.0000000000000009 0.0020791148999705915 0.0014407634735107424 -0.00058338046073913563 2.5298977561760697e-05 0.77349027991294872 0.45334814488887792 -0.0022569596767425533 0.030160376802086834 1.6462725398014303e-05 -1.3240579619377966e-06 -0.0003983080387115478 0.00032478570938110357 0.0010343236499466004 1.7789402591006367e-06 0.42644473910331732 2.2424905182560909e-05 -0.00030067820625845337 1.898876416817075e-05 1.7743189346219882e-05 0.0019038633909076454 -0.00054064256255514909 1.0000000180025095e-35 0.0002495646476745606 2.5707248823891863e-05 3.0092273846094034e-05 0.91597560048103344 0.0019762398442253475 0.0022080540657043461 -0.00063593519735150028 6.3800151110626771e-05 0.4672511518001557 1.0000000180025095e-35 -0.00054410099983215321 0.00031894445419311529 -0.0001636582310311496 0.39981287717819219 1.8692423509492077e-05 0.0010343236499466004 -4.0213244574260889e-06 1.8588938473840248e-05 1.5094062291609591e-05 0.16902029514312747 0.00099844014039263151 0.60355338454246532 3.5889497667085386e-05 -0.0012003667070530353 2.5672078663774304e-05 -0.0014269053936004637 -0.0018644630908966062
decision_type=10 2 2 2 2 2 2 10 10 2 2 2 10 8 10 2 10 2 10 10 10 2 2 10 10 10 2 10 10 10 10 10 10 10 10 2 2 10 2 2 10 10 2 10 2 2 10 10 10 10 10 2 2 2 2 10 10 10 10 10 10 10 10 10 10 10 10 10 8 10 2 10 2 2 10 2 2 10 10 2 10 10 10 10 10 2 2 10 10 2 10 2 10 2 10 10 10 10 10 10 10 10 10 10 10 10 10 2 10 2 10 10 2 10 10 2 10 10 10 10 10 2 2 10 2 10 10 10 10 2 10 2 2 10 10 10 8 2 10 10 10 2 2 8 10 10 10 10 8 10 10 10 10 10 10 10 10 10 2 2 10 2 8 2 8 8 2 8 10 10 10 10 10 10 2 2 10 10 10 10 10 10 10 10 10 10 2 10 10 10 2 10 10 2 10 10 2 10 10 10 10 10 10 2 2 2 10 10 2 2 10 2 10 10 2 2 10 10 2 10 2 10 10 2 10 10 10 10 10 2 10 10 10 10 10 2 2 10 10 10 10 10 10 10 10 10 10 2 10 10 10 2 10 2 10 10 2 2 2 10 2 10 2 10 10 10 10 10 10 10 10 10 10 2 10 10 10 10 2 10 2 10 2 10 10 10 10 10 10 2 10 10 10 10 10 2 10 10 10 2 10 10 10 10 10 10 10 10 10 2 10 10 10 2 10 10 2 10 10 10 2 2 8 10 10 2 10 10 2 2 10 10 10 10 2 10 10 10 2 10 10 10 10 2 10 2 10 10 10
left_child=3 2 11 6 18 8 20 19 16 10 142 13 -13 57 -10 27 106 -18 109 21 220 219 40 24 77 49 -14 28 32 30 178 43 201 -32 36 102 58 -19 209 -40 134 -6 -30 -31 -38 46 -42 -48 -24 65 -45 213 54 -54 114 56 136 70 319 61 62 68 63 234 -57 67 -67 -8 214 -70 71 307 -73 -74 76 115 -35 78 -22 82 81 83 138 133 86 -86 87 95 89 306 91 92 -82 130 176 -84 -94 263 99 -17 -72 243 104 -104 105 236 216 108 -108 111 112 -4 191 198 -20 301 123 239 -37 120 121 179 -123 -117 126 -126 -56 -128 129 190 -64 132 -25 -81 135 -9 -11 -138 244 313 -141 -142 144 148 145 237 153 -146 156 151 -151 162 -153 -147 -155 252 157 161 242 160 249 -144 163 167 -150 207 -152 169 -169 170 -145 172 217 210 184 -176 177 -77 -29 181 -181 -120 -122 -66 185 -55 -186 -188 -187 -109 -129 193 -193 195 205 202 -197 -198 199 200 -114 -16 -111 -204 -68 206 -195 -166 -209 -39 -160 -135 -93 -43 314 -83 -3 218 -170 -7 221 222 245 224 225 -222 227 -223 -226 -201 -194 -232 233 -165 300 -236 -36 238 -5 -118 -69 -171 -158 247 -79 246 -1 248 -102 -159 -251 -115 -156 259 -255 257 258 261 -257 -23 -261 262 -256 -80 265 -225 267 -266 270 274 273 -272 279 -269 -270 276 281 -278 -277 280 -267 282 293 -284 -283 -282 -287 -275 -289 -274 291 -281 -285 -268 -96 296 297 -216 302 -297 -61 -76 303 -298 -190 -46 -85 308 -2 310 311 -309 -312 -113 315 -60 -317 318 -299 320 -15 322 -321 -324 325 326 -323 328 -328 -112 -315 -62 343 334 336 344 337 339 -338 342 -337 -340 -334 -185 345 -335 -347 348 -348
right_child=1 5 4 9 41 7 25 22 14 55 -12 12 26 34 15 98 17 37 52 -21 23 253 48 131 -26 -27 -28 29 42 31 33 -33 -34 74 35 118 44 38 39 -41 45 51 -44 50 305 -47 47 -49 -50 -51 -52 -53 53 174 124 64 -58 -59 59 60 331 -63 93 -65 183 66 204 240 69 -71 100 72 73 -75 75 94 -78 79 97 80 90 215 84 88 85 -87 -88 -89 -90 -91 -92 212 96 -95 294 -97 -98 -99 -100 -101 101 -103 103 -105 -106 -107 107 189 -110 110 329 139 113 251 -116 116 117 -119 119 -121 182 122 -124 -125 125 -127 127 128 -130 -131 -132 -133 -134 211 -136 -137 137 -139 -140 140 141 -143 143 149 147 146 -148 -149 164 150 166 152 -154 154 155 -157 158 159 173 -161 -162 -163 -164 232 165 -167 -168 168 171 241 -172 -173 -174 -175 175 -177 -178 -179 -180 180 -182 -183 -184 332 186 188 187 -189 304 -191 -192 192 230 194 -196 196 197 -199 -200 229 -202 -203 203 -205 -206 -207 -208 208 -210 -211 -212 -213 -214 -215 295 -217 -218 -219 -220 -221 223 226 -224 264 228 -227 -228 -229 -230 -231 231 -233 -234 -235 235 -237 -238 -239 -240 -241 -242 -243 -244 -245 -246 -247 -248 -249 -250 250 -252 -253 -254 254 255 256 -258 -259 -260 260 -262 -263 -264 -265 266 272 275 268 269 -271 271 -273 289 287 -276 278 277 -279 -280 290 285 284 283 292 -286 286 -288 288 -290 -291 -292 -293 -294 -295 -296 299 298 317 -300 -301 -302 -303 -304 -305 -306 -307 -308 309 -310 -311 312 -313 -314 330 -316 316 -318 -319 -320 321 -322 324 323 -325 -326 -327 327 -329 -330 -331 -332 -333 333 335 -336 340 338 -339 341 -341 -342 -343 -344 -345 -346 346 347 -349 -350
leaf_value=-0.0134388860964862 0.0062218866090480327 -0.015510509063625577 -0.0029460285094776812 0.0047148115298446215 -0.0024153217947776883 0.0032501881452032194 0.0046067704310041599 0.0066977596509951859 0.0063509875724123664 -0.0002383906274046865 0.0084051058246312378 0.0075326110350564584 0.0032828248164945566 0.0035670843732233852 -0.00210224971297698 -0.017536086246462714 -0.015477221994574452 0.012162965564979002 -0.012050872765806544 -0.016236513273832263 0.0041389241372498994 -0.0049924311137585177 0.0099146758665449516 -0.014147636581567327 0.01545077298333627 -0.011481529120102658 -0.0028497514427706233 0.0012535849417957263 0.003879602334518326 -0.0063120368660225584 -0.0034664457095252808 0.00076949237097289041 -0.0079544628595635634 -0.013032885066010533 0.0050959473450291372 -0.00031101300799156776 0.004467134759693802 -0.011897415230794484 0.017534948496506171 -0.0023188134223431226 -0.0079200918791606529 0.0011351450335490736 -0.013750011309140416 0.0011748665732877999 -0.0074162451004957369 -0.014601033275202124 -0.012411234127853584 0.0092675028361724338 -0.0085036328368118547 -0.0049181105378126163 -0.012591068837621582 0.0021495131470639314 0.0012370086380648828 -0.0027684189692913762 -0.00072096775365425813 0.0060556087978088534 0.00048121369818482753 -0.0018213225154751311 -0.00572944570156799 0.00082664073498477629 -0.002448651449146042 0.008106644519698317 0.006120237431161051 -0.011969591561726431 -0.0048712785715465112 0.003656150707837078 0.006807866281821796 0.0056762715559294762 -0.0030304343020085707 -0.015667440717238718 6.9108699509022093e-05 0.0063600773452356773 -0.0030127019185274607 0.0043702206058636615 0.017562925572919889 0.0063573510002343323 0.0028175254452774252 0.010608896377129631 0.0094582756209474136 0.0079645072440748792 -0.003202040785928258 -0.0021851414947519593 0.0042170771092623158 0.0019061928306434845 -0.0099590786290150359 0.0078073377374966177 0.0033323171166628109 -0.019676580456897429 -0.013172078813293331 0.0065796470936224276 0.019259924988619 -0.0048753406473857567 0.014083824074006754 0.0090349934516937135 0.0063359437728889838 -0.01234067934944974 -0.0021360937775962525 0.011518378267341025 0.0024164185399540667 -0.00070265548119158739 -0.00096672293351162634 -0.006288160240589682 -0.0070230324697536598 0.004909736697472065 0.00075490895074120038 -0.0070007904733813452 -0.0040570113589992558 -0.0088114481082349708 0.01376855015341334 0.0024707575141122607 0.0034274617587552255 -0.00031450295709765751 -0.018622831240192154 0.0099666095854872815 -0.0017613227483240226 0.0012968420285542118 0.0039900391697125261 0.009371359390224758 0.00046065372344717955 -0.0090640796638884035 0.0033168084125094091 -0.0052030930567328959 0.0073554535942973974 0.017710165309321582 -0.0075693593754363551 -0.0016393878104611109 -0.0017648104203807915 -0.014041630471925104 0.013864605340211167 0.0078691257164607738 -0.0085944972442264372 0.0035104953171912739 -0.0019926393822848297 -0.0018788621918047626 0.01037544213818163 -0.011649903458356741 0.013689079358265696 -0.0032698597370187637 -0.0071038428953608228 -0.0040486363885267294 -0.0035605683210642035 0.016257612284324392 0.00093421159701335185 -0.0075829809178784967 0.0081768883677649645 -0.0013443386855641545 -0.0025997270085745239 -0.00026223856080251031 -0.00073741217149276325 0.0092993860968056761 -0.0010073844826199764 -0.0029886111557965306 0.017393110200731129 -0.01354566943108443 0.011795535131548995 -0.0080166561729194535 -0.0020684475587945997 -0.0045964535924887182 -0.00099806260443936344 -0.00026563373278571387 0.01085777907645139 -0.0085587585288459354 0.012441907895596269 0.0029386971985391054 -0.014357679812631106 0.0011019706267753014 -0.011877853886190072 0.011624941583986064 -0.0095210726231861696 0.010070344453949864 0.0019817863530649728 -0.0045143000830546679 0.0036898710662539047 0.0020229098303081393 -0.003345755525125465 0.0038912098774645971 0.013880634368248336 -0.012578892570677895 -0.013103028103944502 -0.006818569475990772 0.011780061361998337 0.013787564787582744 -0.016590484215475623 0.00083311696624811782 -0.012719480282165255 0.014184590284707256 -0.0056357589862108658 0.004911074877463447 -0.0060542863086683529 -0.0016106888378186843 0.0048791592696260343 0.0034145975041432641 -0.016524523583663134 -0.0047936048954191216 0.0033826725123238732 -0.0075673683656387793 0.016724077859320018 0.0014808302697345039 -0.0050352425142132029 0.0086838904285592051 0.0023640717597353186 0.013842698405967553 0.00016834734071541433 -0.0047836673515665512 0.022088036204658303 -0.0023371144239850631 -0.017010463386165076 0.0053208766801294341 -0.012772848294950439 0.0022322050672087318 -0.013665889705301302 0.0035656952174978273 0.0098226611962506493 -0.010782531758909048 -0.0033014508593490715 -0.012014614534132445 0.00043696150477250248 0.0037382342020479391 -0.0015077109421594965 -0.0081383896131169611 0.0069484230797690694 0.0018478672132484057 0.014087050311403905 -0.021385619383974604 -0.00074094236857060684 -0.0059180687226091993 0.0089605822857443083 -0.01171649436838113 -0.016949793182876829 0.00037178307743544921 0.0077320074837120799 -0.010313220891278707 0.0054036269771203429 -0.0050925596395112226 -0.0045791960532106449 0.0053792523359086639 -0.0067768946238587272 0.0063411405560682178 0.00070828092918498833 -0.011786460012600695 0.02450468549588531 -0.0034440409195753284 0.0058226966685579499 0.01575909926546417 0.0012912609768352854 -0.016731754554497432 0.00021312454250057886 0.0013704469012414883 0.0085031983927849365 0.014584010624807003 0.0037034844806526895 -0.0006123658501594806 0.0019879471240876719 -0.007516621681865239 -0.00077603881719965674 0.0097296917374285891 -0.013633357484721987 0.0038761589783820783 -0.0049448106859984603 -0.0012539094354282209 0.0080143260547048539 0.0019036154929283641 -0.01711432919657296 0.00055151052312636174 0.011266468159652083 -0.018242378991141731 0.016742382056797577 0.0064416786409514648 0.013811174373381164 -0.017203006930274743 0.0024803406387716278 0.016473282028795472 0.017749691193406334 0.0063235555138432455 -0.0078228275121977105 -0.0014548768652216503 -0.0015480204046872681 -0.018468816818790257 0.0069153029360689315 0.0083135201804747354 -0.00072052092791869652 -0.018845242651121259 0.0041787002142242274 -0.015287945269821617 0.0019660811482868339 0.0024800940086249991 -0.011980104732237585 -0.012976637257142584 -1.4849270926474041e-05 -0.00095232949577882503 -0.00057896759940921942 -0.0070203679638648929 0.0028852273288796399 4.8467373900622122e-05 -0.0078595742450203142 0.00065410099356299047 -0.0031260544587554829 0.0021115804031242029 -0.0087803840207486671 0.012572032105286469 0.019846712196291093 0.0025715265252649953 -0.0041107769056550067 0.016633622575126 0.0038088245941520615 0.0032139273516983229 -0.016343124540673434 -0.00042397447674914844 -0.0021628726011258389 0.00036900197308473159 0.0033267712669921945 -0.014674166305067014 -0.00076906945124801437 0.00034528985240062223 -0.0074928394588661641 -0.0033198292227474696 0.014618778235411488 0.0023573234217902808 -0.0045323794338419108 0.019309898772874597 -0.0015968000121534313 -0.013340837285526208 0.010448911170396279 -0.0064898248768282419 -0.0023254283276504849 0.0086481866545464973 0.0034506631338565449 0.0052425406761151486 -0.0088096332145052338 -0.0071123219357044137 0.0029705894724863752 -0.016142229420070767 -0.00068635863274761622 0.012568413898864525 -0.0030968922162570383 0.016256456436525856 -0.0028135283933734788 0.001063534779542674 0.0020229951990079582 0.0050128357969689676 0.0031763924678699118 -0.00073326393721138874 -0.0045661487467355232 0.0065316993664062632 0.0086089540129851844 0.00031627883736491045 -0.0072100597909373959 -0.0092941711970835061 0.010506378136123427
leaf_weight=193.233164742589 677.24650137126446 114.48877435922623 1986.6658265739679 731.24569535255432 808.63797134160995 805.67586189508438 1847.7779904901981 78.737955540418625 541.17404972016811 123.9919069558382 541.63654880225658 1022.8724444359541 953.45104284584522 646.70919021964073 72.744733333587646 58.743851378560066 330.63048350811005 55.738245576620102 220.72150066494942 89.235328271985054 6297.5558536946774 735.93730174005032 109.97875328361988 130.72509899735451 141.92262914776802 51.492025688290596 839.44534158706665 83.494022876024246 50.996071293950081 1518.2501739710569 395.70638132095337 1382.4866290539503 116.7293209284544 81.743007242679596 223.7323532551527 73720.147931993008 977.44656097888947 271.60750512778759 56.485368311405182 127.45304889976978 1742.3450735211372 84.980161383748055 357.71230381727219 573.89314094185829 205.48982195556164 287.6057218760252 79.469499856233597 133.2086575627327 59.236261680722237 112.22997257113457 79.467851176857948 112.98557657003403 2218.8954327702522 9546.0785475224257 55800.651198327541 345.49243305623531 965.90899074077606 2224.6566170752048 265.74544598162174 49.99653035402298 330.95383383333683 207.99395555257797 132.990393653512 87.24228635430336 505.9572659432888 143.46145032346249 85.22051140666008 66.985725626349449 1084.9420171529055 98.991150259971619 25613.504290834069 1080.9859181791544 455.74452489614487 583.49419197440147 178.23827171325684 201.98552088439465 145.48841379582882 116.98427377641201 127.4812144190073 462.4515405446291 235.70324976742268 446.71362802386284 74.989000201225281 52.989494562149048 206.20405454933643 276.42742097377777 97.493905827403069 172.71077358722687 136.99323914945126 146.22112184762955 87.989093542098999 50.484094530344009 120.20356340706348 693.44462092220783 61.987483695149422 99.732077151536942 73.242099672555923 107.73483920097351 3203.1934571862221 349.96556879580021 213.7491003125906 263.24596238136292 118.48341551423073 1166.3978490531445 20785.45659931004 461.44457226991653 58.242597594857216 227.98380371928215 96.740353733301163 891.44500052928925 1266.123282507062 44099.277415260673 58.24552820622921 255.23668728768826 240.97014099359512 74.24342642724514 62.496986567974091 146.23472893238068 105.49431367218494 97.991238638758659 53.99561408162117 202.48533457517624 124.24315337836742 114.24209594726562 546.4449577331543 2914.5494311451912 289.73160217702389 57.995025798678398 174.73839955031872 189.48997431993484 85.491665199398994 171.46298161149025 235.6950961202383 481.70382234454155 73.731157019734383 111.72533479332924 296.97554130852222 50.245534464716911 157.73482696712017 91.494906783103943 59.491322934627533 148.24291335046291 1422.2264612466097 153.49184218049049 670.980304479599 2916.3657590001822 4738.308920159936 576.48637938499451 9910.9064830541611 80.238952651619911 258.96441623568535 52.496390119194984 112.99129812419415 60.74968196451664 103.49910745024681 144.99443089962006 2181.4417775273323 135.74637646973133 365.49830733239651 790.49219635128975 356.24219936132431 167.9954692274332 111.99470986425877 1264.7199905663729 102.99798449873924 9220.6816084086895 176.47644524276257 87.991727754473686 248.73284313082695 329.23648756742477 13753.972677201033 654.96230386197567 967.93347683548927 4919.9417812079191 380.48610758781433 547.98364353179932 97.245074525475502 68.492505103349686 166.73531927168369 106.48813952505589 80.743350401520729 357.9605687558651 52.744538173079491 1232.9528051614761 258.73597946763039 79.746176481246948 620.46409039199352 144.74198362231255 143.24024470150471 4584.4496893286705 57.496785715222359 182.73560108244419 172.73072931170464 887.68426735699177 367.73172298073769 51.740332782268524 126.48482336103916 117.24041409790516 399.72537432610989 234.2407651245594 56.996122136712074 100.99133774638176 1350.9027546048164 837.43780459463596 142.94199459254742 5880.9397002905607 86.23993906378746 108.24414391815662 58.24685937166214 67.230967536568642 78.499564647674561 1644.0405900031328 752.07992234826088 801.01877710223198 936.48833952844143 147.99112302064896 66.241698533296585 231.4753265529871 594.21572282910347 86.243038713932037 1215.3173459470272 686.9289038926363 50.485247939825058 53.487580224871635 103.23728533089161 119.48923482000828 150.45771862566471 143.22976176440716 75.238527670502663 451.2174846380949 54.991105109453201 168.72784404456615 1866.6556149721146 210.48705339431763 211.98265299201012 262.73472107946873 106.24272809922695 371.49514074623585 11976.921518072486 108.24066689610481 56.989839345216751 65.748377531766891 176.24539130926132 60.24933896958828 3673.4548399448395 111.48954090476036 244.71829335391521 1330.7414477914572 574.24627579748631 113.49742016196251 2861.959945499897 140.9918796569109 3277.8860500007868 833.78179486095905 85.220656722784042 58.234349101781845 216.42682196199894 560.87674109637737 522.33139260113239 2636.3048885464668 149.74108880758286 124.96511094272137 96.216292217373848 3212.1667118966579 409.93080833554268 68.983827888965607 82.738246664404869 292.44170634448528 52.233420595526695 133.9619834125042 206.69885693490505 205.15600462257862 78.743185147643089 85.239688903093338 60.477499738335609 477.67159351706505 145.95686012506485 149.43537028133869 325.93709175288677 360.96057300269604 942.64496323466301 59.976999595761299 180.71587909758091 89.463949397206306 56.238138973712921 72.74250391125679 201.47115416824818 138.23860462009907 141.98930729925632 52.493613615632057 1769.094639018178 95.740620449185371 50.984241768717766 62.995831429958344 187.22796355187893 3897.1379778385162 91.74433621764183 563.74654439091682 432.72495253384113 69.248816609382629 57.992386043071747 63.488566145300865 620.71734592318535 56.746055975556374 323.72926007211208 146.98939879238605 57.993618324398994 565.99593859910965 194.99832049012184 12097.142390996218 3768.4685588181019 57.749204501509666 811.74294054508209 15309.366157740355 421.2355233579874 87.245866626501083 97.995323613286018 1738.7266967594624 627.74324268102646 68.995341077446938 9757.1356890499592 279.69191692769527 91.487124413251877 210.46546468138695 1760.2730252444744 51.246810868382454 102.983278632164 127.23192925751209 631.89887583255768 88.983372434973717 1576.7039594352245 55.733539819717407 4877.20644941926 51.246514990925789 1544.4702419191599 61.998679384589195 2660.3916989713907 10838.333379983902 1595.6971663534641 305.24542641639709 1219.1984178572893 12674.090547531843 818.98616002500057 420.23869046568871 121.98280601203442 1505.7107816189528 49.998310431838036 271.73242086172104 75.247072979807854
leaf_count=773 2709 458 7947 2925 3235 3223 7393 315 2165 496 2167 4092 3814 2587 291 235 1323 223 883 357 25193 2944 440 523 568 206 3358 334 204 6074 1583 5531 467 327 895 294890 3910 1087 226 510 6972 340 1431 2296 822 1151 318 533 237 449 318 452 8876 38186 223211 1382 3864 8899 1063 200 1324 832 532 349 2024 574 341 268 4340 396 102455 4324 1823 2334 713 808 582 468 510 1850 943 1787 300 212 825 1106 390 691 548 585 352 202 481 2774 248 399 293 431 12814 1400 855 1053 474 4666 83145 1846 233 912 387 3566 5065 176402 233 1021 964 297 250 585 422 392 216 810 497 457 2186 11659 1159 232 699 758 342 686 943 1927 295 447 1188 201 631 366 238 593 5689 614 2684 11666 18954 2306 39644 321 1036 210 452 243 414 580 8726 543 1462 3162 1425 672 448 5059 412 36883 706 352 995 1317 55017 2620 3872 19680 1522 2192 389 274 667 426 323 1432 211 4932 1035 319 2482 579 573 18340 230 731 691 3551 1471 207 506 469 1599 937 228 404 5404 3350 572 23525 345 433 233 269 314 6577 3009 3205 3746 592 265 926 2377 345 4862 2748 202 214 413 478 602 573 301 1805 220 675 7467 842 848 1051 425 1486 47908 433 228 263 705 241 14696 446 979 5323 2297 454 11448 564 13112 3336 341 233 866 2244 2090 10546 599 500 385 12850 1641 276 331 1170 209 536 827 821 315 341 242 1911 584 598 1304 1444 3771 240 723 358 225 291 806 553 568 210 7077 383 204 252 749 15589 367 2255 1731 277 232 254 2483 227 1295 588 232 2264 780 48389 15074 231 3247 61239 1685 349 392 6955 2511 276 39030 1119 366 842 7042 205 412 509 2528 356 6307 223 19509 205 6178 248 10642 43354 6383 1221 4877 50698 3276 1681 488 6023 200 1087 301
internal_value=-1.24919e-05 -0.000418895 -0.000297209 0.000925951 -0.00072345 -0.00195657 0.00198851 -0.00346439 -0.00108163 0.00064141 0.000972643 6.84541e-05 0.00301244 2.13969e-05 -0.000102775 -0.000453245 -0.00279925 -0.00742285 -0.000664157 -0.00231546 0.00169809 -0.00211717 -0.0064544 0.00226012 0.00241438 0.00549298 0.00041161 -0.00168039 -0.00629666 -0.00111517 0.00111973 -0.00252139 0.00116206 0.0023503 -0.000214081 -1.79801e-05 -0.000890713 -0.00267132 -0.00441243 0.00425479 -0.00712648 -0.00568957 -0.011518 -0.00461156 0.00247918 -0.00797821 -0.00694839 0.00101074 0.00337425 0.00588505 -0.000631526 -0.0082997 -0.00102839 -0.00192146 -0.000817575 1.71415e-05 0.00305965 0.000608427 -0.00105741 -0.000333099 0.00263327 -0.000851402 0.00444286 0.000983363 -8.96213e-05 0.00641741 0.0119129 0.0053377 -0.00102512 -0.00418511 0.000720508 0.00133635 0.00381251 0.00113426 0.0038068 0.00497446 -0.00313373 0.0023133 0.0031261 0.00150089 0.00282858 0.00111358 0.000165019 0.00229404 -0.00437857 0.000178028 -0.00923716 -0.0127599 -0.00461819 0.000197721 0.00744243 0.00647939 0.00194832 0.00695374 0.00118837 -0.00536072 0.00810172 0.00127061 0.00175077 -0.00341234 0.000274797 0.00242474 0.000773732 0.00377273 0.000593812 -0.00360236 -0.00197248 -0.0016688 0.00719938 -0.000312295 -0.00115439 -0.000124129 -0.00156447 0.00104299 -0.00680193 0.00805487 0.00511861 0.00109735 -0.000259684 0.00292183 0.00406364 0.00531784 -0.000365868 0.0115611 -0.00077065 -0.00259095 -0.000658932 0.00380103 0.00713639 0.00302562 0.000262188 -0.00333079 -0.00653872 0.0033578 0.000125492 -0.0041007 0.00824876 0.0112166 0.00123915 -3.22783e-05 0.00617458 0.0106605 0.000921334 0.00118626 0.000359635 0.000156176 -0.000940536 0.00430013 0.000646011 0.002025 -0.00313083 0.00215455 0.0110879 0.000270024 0.00158258 0.00187327 0.00149292 0.00261479 0.000641425 0.0036294 0.00451594 -0.000106474 0.0020783 0.00201664 5.32792e-05 0.000878951 -0.0055478 0.00166461 -0.000262401 0.00203982 0.00187192 -0.000683419 0.000557924 0.00156627 -0.00250373 0.000922261 0.00488027 0.00133856 -0.00842223 0.00814157 0.00135612 0.0108133 -0.00699105 -0.000142796 -0.00279033 -0.00246092 -0.00599306 -0.00361061 0.00287082 -0.00196587 -0.00491618 -0.00193743 -0.0062515 -0.00169713 -0.00254319 0.000115068 0.00653292 0.00967163 -0.000710593 0.00147681 -0.00876346 0.00736776 -0.000515973 -0.00173722 0.0168047 -0.00286466 -0.00600517 -0.00656355 -0.0013046 -0.00910705 -0.00343999 0.00232951 0.00885911 -0.00963952 -0.000644419 -0.0047582 -0.00989465 -0.00227002 -0.00393953 0.00208642 0.00058415 -0.00182164 -0.00629332 0.00102665 0.00410991 0.00576824 0.00094286 -0.000581926 -0.00800799 0.00327968 -0.0106863 -0.00576382 0.00380834 0.00177149 0.00305851 0.000930165 0.0012033 0.00109879 0.000941643 -0.0060915 0.0152922 0.00779706 -0.00146086 0.0034965 0.00160057 -0.00834126 -0.00594345 0.00308983 0.00595052 0.0037638 0.00415651 0.00626462 0.00231528 -0.00274191 -0.0042947 -0.00265232 -0.006258 0.000688051 -0.00336062 -0.00163332 -0.000734251 -0.005098 -0.00979711 0.00091329 0.000366047 -0.000788604 0.00161713 0.00416958 0.00190495 -0.00842636 0.00433207 0.00963167 -0.000439984 0.00093863 0.00245385 -0.0010098 -0.00373304 -0.0103693 0.0019747 -0.000877471 -0.00339961 -0.0002764 0.00208753 -0.00161395 -0.00929634 -0.00244452 -0.00818259 -0.00350849 -0.0065917 0.0106441 0.000586528 0.00503348 -0.00889092 0.00990422 -0.00424147 -0.000313865 -0.00125355 -0.000174135 -0.00470199 0.000887062 0.0117052 0.013834 -0.00234089 0.00488947 0.000732356 -0.00301035 -0.00808757 0.00104591 0.00434478 0.000877669 0.00205774 -0.00191244 0.0026008 -6.35386e-05 -0.00403453 -0.000730059 0.00638229 0.000831613 -0.00139571 -0.00175683 -0.00127332 -0.00326339 0.00292521 -0.00122041 -0.0040465 -0.00655344 -0.00729114 -0.00522385 -0.00707287 0.00269768 0.000591713 -0.0047095 -8.25127e-05 -0.000185084 -0.00035088 0.00155566 -0.000224587 0.000354739 -0.000800714 -0.000925028 0.0039063 -0.000424089 -0.00124981 0.00230617 9.54828e-05 -0.000468944 -0.000871242 -0.0052927 0.00342566
internal_weight=515643 359822 333444 155821 153965 26378.2 32903 9677.23 16700.9 122918 80304.2 179480 2815.77 176664 10643.6 10102.5 6057.29 909.146 152157 7001.19 30395.9 6911.96 2676.04 20197.3 19659.4 2507.1 1792.9 6490.56 699.174 5791.39 2237.29 3554.1 290.465 1987.06 126090 97764.1 28325.8 578.515 522.777 183.938 2506.82 1807.62 408.708 2171.61 1329.93 2242.63 1955.02 212.678 169.215 2455.61 653.361 998.985 74756.9 14264.1 60492.8 42613.3 1437.12 50574 26995.9 13267.7 1968.56 11299.2 1581.88 669.949 41176.2 2343.38 371.624 1971.75 11091.2 1183.93 48349.3 20293.6 2120.22 1039.24 1591.35 1364.12 227.231 19517.5 9744.94 9772.53 4896.8 3577.1 4875.73 2982.39 927.557 482.631 444.926 347.432 394.197 257.204 1319.7 1231.71 429.149 911.927 616.939 174.721 193.446 3447.38 3611.9 408.709 28055.7 2442.23 22861.8 1284.88 21576.9 791.42 5148.15 4967.42 154.983 77400 14128.8 63271.2 12773.7 1596.65 461.692 747.185 505.458 316.972 74902.3 1182.15 1084.16 977.415 326.728 188.486 60031.1 3460.99 56570.1 769.452 479.72 304.982 218.482 537.883 366.42 2588.2 264.194 190.463 471.213 347.221 3948.17 61284.6 299.229 207.734 79762.6 54193.6 25568.9 24321.5 11241.8 1247.47 32970.9 21222.8 515.68 20707.1 165.488 6503.5 3587.13 3526.38 13569.8 5848.16 7721.63 4257.94 3467.45 1590.22 20541.6 20429.6 19401.1 9490.17 435.441 17087.8 2785.31 14302.4 13907.5 2697.32 2042.36 5363.94 12045.2 928.47 367.723 270.478 250.229 650.686 187.231 463.455 106.74 40830.7 11116.7 10092.8 1023.94 765.206 546.716 4812.43 115.492 11177 579.185 10597.8 7222.6 3375.25 295.466 243.725 1200.43 800.7 115.242 173.736 3079.79 2188.34 228.163 6854.86 973.924 269.489 166.491 338.838 443.998 2125.74 802.564 885.999 9907.25 594.705 180.73 1074.42 842.949 891.919 10198.7 1580.54 599.926 8618.13 1513.28 1334.81 980.616 830.159 178.476 685.458 396.45 223.719 3341.86 1475.21 582.706 474.717 329.975 13079.7 12708.2 170.738 123.976 394.985 2357.69 2178.99 3790.44 549.441 437.951 2118.74 787.995 3111.2 2975.46 396.229 3381.39 6020.04 2498.05 1664.27 796.993 867.279 580.566 3521.98 2786.05 306.402 181.437 3339.65 7104.84 3696.36 3408.48 1726.37 1316.44 246.673 1069.76 411.855 3642.88 657.909 112.711 1682.11 878.506 295.392 803.609 3511.64 1285.84 583.113 466.898 321.164 116.215 1216.86 274.214 365.468 280.228 131.237 2225.8 456.701 140.448 145.734 249.215 9035.02 5068.64 3866.7 1201.93 3966.39 107.989 241.727 769.208 148.49 466.97 352.479 110.983 18173.3 872.245 17301.1 5203.96 623.745 4580.21 60985.3 872.222 450.987 185.241 2930.22 1191.49 13728.1 10403.8 3324.27 370.948 301.953 2953.33 1193.05 1141.81 862.114 734.882 1355.11 16886.1 386.687 40324.7 38671.5 35314.4 3357.12 33770 16839.8 16930.2 6001.44 1281.2 14269.8 5696.19 1653.19 2075.92 1953.94 1902.69 396.978 125.245
internal_count=2062669 1439354 1333824 623315 615883 105530 131633 38717 66813 491682 321224 717941 11264 706677 42580 40415 24233 3638 608651 28009 121602 27652 10708 80800 78648 10031 7172 25966 2797 23169 8950 14219 1162 7949 504379 391070 113309 2315 2092 736 10031 7232 1635 8688 5320 8974 7823 851 677 9825 2614 3997 299040 57059 241981 170458 5749 202298 107989 53073 7875 45198 6328 2680 164709 9376 1487 7889 44366 4736 193399 81175 8481 4157 6366 5457 909 78080 38984 39096 19590 14310 19506 11931 3711 1931 1780 1390 1577 1029 5280 4928 1717 3648 2468 699 774 13791 14449 1635 112224 9769 91451 5140 86311 3166 20595 19872 620 309611 56519 253092 51098 6387 1847 2989 2022 1268 299619 4729 4337 3910 1307 754 240134 13845 226289 3078 1919 1220 874 2152 1466 10354 1057 762 1885 1389 15795 245145 1197 831 319057 216779 102278 97288 44969 4990 131885 84894 2063 82831 662 26015 14349 14106 54280 23393 30887 17032 13870 6361 82169 81721 77605 37961 1742 68353 11142 57211 55631 10790 8170 21456 48183 3714 1471 1082 1001 2603 749 1854 427 163327 44469 40373 4096 3061 2187 19252 462 44711 2317 42394 28892 13502 1182 975 4802 3203 461 695 12320 8754 913 27421 3896 1078 666 1356 1776 8504 3211 3545 39630 2379 723 4298 3372 3568 40802 6323 2400 34479 6054 5340 3923 3321 714 2742 1586 895 13368 5901 2331 1899 1320 52319 50833 683 496 1580 9431 8716 15164 2198 1752 8475 3152 12445 11902 1585 13526 24084 9995 6659 3189 3470 2323 14089 11145 1226 726 13360 28425 14787 13638 6908 5267 987 4280 1648 14573 2632 451 6730 3515 1182 3215 14048 5144 2333 1868 1285 465 4868 1097 1462 1121 525 8904 1827 562 583 997 36141 20275 15467 4808 15866 432 967 3077 594 1868 1410 444 72694 3489 69205 20816 2495 18321 243948 3489 1804 741 11721 4766 54916 41617 13299 1484 1208 11815 4773 4568 3449 2940 5421 67546 1547 161303 154690 141261 13429 135083 67360 67723 24006 5125 57081 22785 6613 8304 7816 7611 1588 501
is_linear=0
shrinkage=0.02


Tree=8
num_leaves=350
num_cat=0
split_feature=52 48 43 45 19 19 56 15 58 49 15 32 42 60 56 33 60 45 6 36 58 56 19 56 31 57 61 58 56 56 56 33 36 32 58 48 32 36 24 49 6 43 33 18 60 36 33 60 60 30 58 58 56 56 57 24 56 36 56 56 60 58 56 32 58 58 47 56 57 50 32 9 16 56 58 24 36 57 57 34 48 58 36 60 56 60 36 43 15 36 60 24 14 49 9 32 52 57 58 57 19 48 36 42 60 42 52 52 58 47 6 56 57 52 57 30 60 57 58 31 57 58 58 49 56 52 32 57 61 56 16 32 56 56 58 16 6 58 56 34 24 36 43 56 58 50 33 57 57 52 36 52 56 33 57 58 32 47 24 32 52 31 60 56 57 6 56 49 34 24 60 57 56 58 60 36 31 36 57 16 61 19 24 57 32 56 32 24 58 32 24 57 60 58 6 32 36 45 57 49 36 52 36 32 56 58 33 57 30 43 6 34 58 36 58 30 58 52 57 60 24 57 30 48 52 60 56 58 58 36 48 19 32 36 15 61 31 31 33 36 19 36 61 43 31 58 60 33 57 45 57 32 43 56 33 19 32 36 33 58 57 19 19 33 58 57 24 60 56 48 49 6 33 56 60 36 57 36 33 6 31 16 56 45 61 56 57 34 24 32 36 32 52 34 56 60 33 52 50 30 58 33 33 36 32 56 57 61 36 60 56 58 32 33 36 56 15 19 9 33 33 60 33 33 2 34 19 45 6 57 6 43 32 42 61 33 50 60 43 56 56 58 60 56 33 32 16 58 56
split_gain=464.91 179.711 110.216 96.9297 118.887 87.6689 88.4773 84.3853 78.4566 76.7202 56.6405 58.3509 51.9808 63.311 60.5943 52.7376 52.0455 50.952 50.0006 48.3532 60.743 51.2022 47.3429 43.5168 51.5884 88.6508 48.1595 68.7377 52.9451 43.4279 54.5047 96.2461 44.6062 46.8463 43.3811 43.3482 43.3469 57.2696 44.8736 42.3797 42.8062 41.3867 41.1494 41.0641 40.973 42.7907 41.6297 40.9329 51.0083 42.5168 39.5528 39.4478 39.4044 57.6165 74.7824 58.4015 57.1244 56.8133 54.1576 49.3769 80.0458 52.7987 44.2987 92.4624 52.5986 54.1705 46.2012 42.7301 38.1694 37.889 37.8045 37.7952 37.7017 37.6818 37.5514 37.449 37.3103 36.6525 36.4498 36.186 35.9346 35.6572 35.6179 62.9565 58.1418 64.1438 54.8911 53.9392 38.1478 39.5899 37.9132 36.8685 35.5868 35.5027 35.5016 35.442 51.0088 35.3832 35.4712 41.441 35.348 35.2091 39.5482 35.2083 35.2009 35.1852 35.184 58.2554 48.016 35.1685 35.0962 50.9446 36.037 38.9411 34.7395 49.1753 42.6444 34.3017 35.4268 36.8895 35.1655 42.8246 33.5906 33.5115 39.5983 54.0143 33.5057 33.4966 33.3237 40.1792 41.3253 34.4849 33.0274 35.9497 40.2691 32.974 32.7663 32.7478 32.6522 35.8976 34.525 32.6514 35.7178 32.6094 32.5343 32.4741 45.4515 38.0944 32.3913 32.2126 32.0425 32.0351 31.9902 56.0491 33.7294 52.1746 33.3105 58.7875 45.0867 38.3013 63.9631 50.2208 31.9079 64.9577 53.0136 38.3112 32.9317 31.8345 31.7991 31.7824 34.3199 47.82 31.7061 63.9262 47.7313 37.0061 66.1553 35.4319 51.7316 64.5459 35.0717 31.6307 33.5571 31.6091 39.9254 41.6594 38.872 32.4725 32.0011 31.5679 41.6334 31.5052 31.2955 31.2106 31.192 45.3724 30.979 30.7143 30.7037 30.5066 62.7367 38.6032 30.493 43.9471 36.0803 35.1564 30.4793 30.4419 30.4369 30.2981 34.0907 30.1147 32.4699 30.085 30.0772 29.9845 29.842 29.8383 29.648 29.6274 29.5358 29.476 42.3503 29.4401 43.4255 34.1122 31.2757 30.9792 29.1884 67.3896 47.5211 29.1839 29.0664 47.5556 30.7112 30.7582 28.9141 28.766 28.7099 28.6714 28.6613 36.2337 99.3569 49.0744 37.6343 34.6849 30.5425 29.2061 48.3328 31.3622 28.6463 29.0474 59.3668 28.6449 28.53 28.4319 28.3833 49.4894 43.126 31.8163 29.8974 28.3582 28.35 28.2463 28.0565 33.9988 31.5863 27.9576 36.1991 27.9562 30.1323 30.058 27.9393 51.8657 27.8987 28.605 27.8559 33.8408 51.155 27.8279 27.8226 27.6649 27.5563 37.5687 27.4527 27.4131 27.3791 27.2684 34.5743 27.24 28.7085 27.1989 40.172 35.3491 54.8047 43.2374 49.7261 35.2289 32.7988 31.2825 29.5674 35.5583 32.7125 45.0787 36.4652 29.2455 32.965 36.4009 35.6734 27.1938 42.48 41.8901 50.6174 32.9777 32.7464 32.7432 27.1264 27.0806 27.0174 27.0005 26.9871 26.9818 26.9667 36.0335 26.9201 26.9111 26.9076 26.8365 26.8336 26.7525 61.8219 32.4842 38.0099 32.185 31.3 41.5864 30.2286 29.7548 39.5863 29.656 29.4198 39.2932 33.8139 45.3991 34.4818 29.3987 29.366 28.943 30.3078
threshold=0.26690363883972174 0.92964693903923046 -0.00074852688703685988 0.047735240310430534 9.4146438641473664e-05 9.4146438641473664e-05 0.0014079711399972441 7.2021921369014316e-06 0.54200655221939098 0.33841006457805639 -7.3912194693548364e-06 -0.00040349364280700678 0.00068503510556183766 -0.12940952181816107 0.0016236901283264162 0.00067204236984252941 0.37940952181816107 -0.19702327996492383 0.14849062263965609 1.9014851204701703e-05 0.55468568205833446 0.0025885709328576927 5.0066666517523124e-05 0.0019917334429919724 0.0022704601287841801 0.53553479909896862 2.5000000000000004 0.43618270754814154 0.0019182860269211235 0.0020791148999705915 0.0025885709328576927 0.0022080540657043461 3.5076733183814219e-05 0.0040947794914245614 0.58356839418411266 1.0614363551139834 0.003153622150421143 6.7196997406426831e-05 6165152.2500000009 0.17946992814540866 0.081350293010473265 -0.00030067820625845337 0.0040322542190551766 0.00025433301925659185 -0.6035533845424651 3.2169833502848639e-05 -0.0032405555248260494 1.0000000180025095e-35 0.12940952181816107 -0.00035938620567321772 0.48925758898258215 0.50442212820053112 0.0016083220834843817 0.0020415056496858601 0.36107507348060613 2623205.3750000005 0.0015065424377098682 3.2776217267382897e-05 0.0019917334429919724 0.0014800874050706627 -0.37940952181816096 0.48505075275897985 0.002957805991172791 -0.0030225217342376705 0.40049912035465246 0.3034853488206864 -1.0900667309761045 0.002172342268750072 0.35432064533233648 0.56559568643569957 0.0013781189918518069 0.050000002607703216 1.4852956155664289e-05 0.001932547544129193 0.55326259136199962 2509143.6250000005 3.1368252166430473e-05 0.44827035069465643 0.38215817511081701 5.1634002375067218e-05 1.131384074687958 0.83499532938003551 3.2476171327289201e-05 0.78656607866287243 0.0019606562564149503 0.12940952181816107 3.7124935261090293e-05 -0.0012272873427718876 -1.056026064816251e-06 3.3467122193542316e-05 0.78656607866287243 7606650.2500000009 6.5714780248526958e-06 0.75979089736938488 0.35000000894069677 -0.0026750266551971431 0.06206317991018296 0.31407853960990911 0.53362509608268749 0.42856617271900183 3.1702968044555753e-05 -0.18184468150138852 3.8559683162020526e-05 -0.00061417193501256395 -0.91597560048103321 -0.00054384343093261112 0.13196372985839847 0.075565278530120863 0.89332571625709545 0.88375288248062145 0.10305372998118402 0.0030899412231519823 0.64774715900421154 0.37999573349952703 0.42856617271900183 -0.00080066919326782216 -0.6035533845424651 0.49406304955482488 0.58356839418411266 0.0010471940040588381 0.45794703066349035 0.56401151418685924 0.54555758833885204 0.48454606533050543 0.0019917334429919724 0.35762782394886022 -0.001335322856903076 0.29856614768505102 3.5000000000000004 0.0010026562958955767 -2.3190721094579199e-06 0.0011742711067199709 0.0013547590351663532 0.0008998525154311211 0.61066684126853954 -4.9299210331810164e-06 -0.1861709654331207 0.62298637628555309 0.0023357784375548367 3.8585092624998658e-05 4978621.5000000009 2.1239955458440821e-05 0.00075980229303240787 0.00075323384953662764 0.3310502320528031 0.91140767931938182 -0.0023946464061737056 0.35643814504146581 0.58413639664649974 0.19788633286952975 1.9196183529857084e-05 0.025570741854608062 0.0024442514404654507 -0.0034889280796051021 0.48618593811988836 0.72576013207435619 -0.0010172426700592039 -0.20674564689397809 3000587.7500000005 1.0000000180025095e-35 0.46765023469924932 0.0015886425971984865 -0.6035533845424651 0.0020231998059898619 0.2416513189673424 0.44664488732814794 0.0019038633909076454 0.38298547267913824 8.3256245488883013e-06 5335992.7500000009 -0.98296290636062611 0.4198898077011109 0.0025885709328576927 0.48505075275897985 -0.37940952181816096 6.7196997406426831e-05 -0.0015456676483154295 3.6042492865817628e-05 0.34974908828735357 -2.8105200726713515e-06 1.0000000180025095e-35 3.456125523371157e-05 2413707.6250000005 0.33005832135677343 0.0016896724700927737 0.0015542797045782211 -2.7567148208618161e-05 4818111.0000000009 0.48563687503337866 0.0010394454002380373 6033267.0000000009 0.27304351329803472 -0.6035533845424651 0.44343975186347967 -0.083238109946250902 0.0019754171371459965 3.1368252166430473e-05 -0.79273664951324452 0.25528910756111151 0.30298869311809545 5.0730088332784369e-05 0.12839207798242572 4.2400091842864647e-05 0.00010448694229125978 0.0042084609158337125 0.42030766606330877 -0.00084164738655090321 0.3274292796850205 -8.3893537521362291e-05 0.00097955996170640013 0.19549039006233218 5.1634002375067218e-05 0.61861485242843639 5.9505229728529237e-05 0.83499532938003551 -0.00099530816078186013 0.45201949775218969 0.089612089097499861 0.44625870883464819 -0.91597560048103321 4719965.0000000009 0.48177191615104681 -8.7410211563110338e-05 -0.28408013284206385 0.34867341816425329 0.78656607866287243 0.0014705859357491138 0.61861485242843639 0.89332571625709545 5.9505229728529237e-05 -0.59971231222152699 2.8471349651226777e-05 -0.00075313448905944813 2.078951365547255e-05 1.6401408231558892e-07 3.5000000000000004 0.0018222928047180178 0.00022083520889282229 0.00093072652816772472 5.0730088332784369e-05 2.7765377126343086e-05 2.835459963534959e-05 2.5000000000000004 -0.0010179912205785511 -0.00065156817436218251 0.67121624946594249 0.60355338454246532 -0.0030618011951446529 0.60825794935226452 -0.68742847442626942 0.34199675917625433 -0.00078031420707702626 -0.00037558881740551436 0.0010228071478195491 -0.00027576088905334467 3.7804013118147857e-05 -0.0012284219264984129 1.6720510757295418e-05 -0.0008576214313507079 0.67121624946594249 0.39042654633522039 3.7066381992190152e-05 5.0429776820237755e-05 0.0017511248588562014 0.49410566687583929 0.41796007752418524 3381792.5000000005 -0.6035533845424651 0.0025885709328576927 0.6575821340084077 0.56372371315956127 0.53009730577468883 0.00082701444625854503 0.0020076527725905184 -0.6035533845424651 2.7431658963905651e-05 0.40306362509727484 3.7790989154018468e-05 -0.0020867586135864253 0.10305372998118402 0.0010114908218383791 9.489880596902368e-07 0.0013225765433162453 -0.36882503330707544 2.5000000000000004 0.0014170460053719582 0.3961042612791062 5.9396899814601063e-05 5906316.7500000009 -0.00035557150840759272 3.0863066058373085e-05 -0.0015386641025543211 0.14637681841850284 1.6775854419393003e-05 0.0010343236499466004 -0.37940952181816096 -0.0014656484127044676 0.025570741854608062 0.14282505959272387 -0.00055673718452453602 0.4985512644052506 -0.0010326206684112547 -0.00027576088905334467 2.4940870389400519e-05 -0.002030938863754272 0.0014401547960005703 0.49406304955482488 3.5000000000000004 3.1615121770300909e-05 0.78656607866287243 0.001281515753362328 0.60339906811714183 -0.0014617741107940672 -0.00043585896492004389 2.6889440960076175e-05 0.0013826107606291773 3.97686534370223e-07 4.9858264901558875e-05 0.45000000298023229 -0.0020867586135864253 -0.001985460519790649 0.91597560048103344 -0.0030618011951446529 -0.0010689198970794676 0.51412266492843639 3.6797920984099626e-05 6.3800151110626771e-05 0.61015865206718456 0.33099614083766943 0.41796007752418524 -0.19815859198570249 0.00033517283736728137 0.0011246800422668459 0.00028954540903214371 1.0000000180025095e-35 -0.0012940466403961179 0.73246407508850109 0.78656607866287243 0.00063656811835244309 0.0013908325345255437 0.0012430961942300203 0.53562295436859142 0.37940952181816107 0.0010865172371268275 0.0012825131416320803 -0.00061610341072082509 6.6897102897200975e-06 0.43183903396129614 0.001281515753362328
decision_type=10 10 2 10 2 2 8 2 8 10 2 10 2 2 10 10 2 10 2 10 10 10 2 10 10 10 2 10 10 10 10 10 10 10 10 10 10 10 2 10 2 2 10 10 2 10 10 2 2 10 10 10 10 10 10 2 10 10 10 10 2 10 10 10 10 10 10 10 10 10 10 10 2 10 10 2 10 10 10 10 10 10 10 2 10 2 10 2 2 10 2 2 2 10 10 10 10 10 10 10 2 10 10 2 2 2 10 10 10 10 2 10 10 10 10 10 2 10 10 10 10 10 10 10 10 10 10 10 2 10 2 10 10 8 8 2 2 10 10 10 2 10 2 10 10 10 10 10 10 10 10 10 10 10 10 10 10 10 2 10 10 10 2 10 10 2 10 10 10 2 2 10 10 10 2 10 8 10 10 2 2 2 2 10 10 10 10 2 10 10 2 10 2 10 2 10 10 10 10 10 10 10 10 10 10 10 10 10 10 2 2 10 10 10 10 10 10 10 10 2 2 8 10 10 10 2 10 10 10 10 10 2 10 10 2 2 10 10 10 10 2 10 2 2 10 10 2 10 10 10 8 8 2 8 10 2 10 10 10 10 10 2 2 10 10 10 2 2 10 10 10 2 10 10 2 10 10 10 10 2 10 2 10 10 2 10 10 10 2 10 10 10 10 10 10 2 10 10 10 10 10 10 10 10 10 10 10 2 10 2 10 10 10 10 10 10 2 2 10 10 10 2 10 10 2 10 2 10 2 10 2 2 10 2 2 10 10 2 2 10 10 10 2 10 10 10 2 10 10
left_child=2 3 7 5 10 6 128 52 17 -7 11 -5 43 15 16 76 71 44 36 20 75 39 110 26 29 35 28 -28 51 77 31 -31 80 34 231 -26 38 68 47 105 -41 -40 122 117 45 72 -47 152 49 -49 263 209 56 54 55 320 59 73 82 240 -61 -62 63 199 65 -65 281 274 100 291 -53 -15 97 137 -32 -10 -14 78 -25 135 -33 261 83 87 85 88 279 218 89 -84 -88 -89 194 94 103 106 151 -4 168 -100 198 -24 -103 -58 127 253 107 108 -68 -104 145 112 -112 -114 115 -60 -116 120 -119 -120 189 -122 202 124 197 -126 -69 -43 129 130 -2 143 133 -107 -135 -71 -52 -57 139 238 -140 -51 -143 -132 -6 -12 147 -147 -92 217 -133 -97 285 -154 156 -156 158 239 -155 160 -159 280 165 -164 -165 166 -137 -168 -99 170 -29 -172 175 -174 191 176 -66 178 318 -180 -181 182 216 184 185 -50 188 -188 254 327 -191 -175 -86 -117 195 -72 -113 -124 -38 201 -201 267 204 -204 -20 -205 255 220 -151 -17 -211 212 -173 -148 -90 -131 -130 -9 219 -56 -102 222 328 224 -185 -225 -226 -227 229 230 -108 -34 264 -234 235 -235 -16 -142 -127 -158 241 243 319 -1 -245 309 -247 -244 249 -249 -77 252 -252 -21 -187 -136 257 -22 260 -258 -259 -27 -153 -18 -170 266 -266 287 -269 270 -146 -272 -228 -274 275 -67 277 278 -169 -87 -161 -64 283 -218 -96 -8 -45 288 -55 290 -199 292 321 294 297 298 -297 -293 -295 -298 302 -302 303 -294 -305 -300 307 308 -307 313 -311 312 -312 -242 315 -314 -270 -177 -178 -243 -54 -19 -166 -324 -291 -70 -224 -3 -42 331 333 332 336 -331 337 -336 345 340 -339 -334 341 342 344 -344 -332 -217 -343 -342 -349
right_child=1 12 8 4 144 9 18 149 19 -11 22 -13 13 14 236 23 50 69 42 21 256 -23 101 24 25 81 27 169 -30 30 74 32 33 -35 -36 -37 37 -39 41 40 221 104 -44 286 -46 46 -48 48 183 141 136 70 53 62 58 57 93 -59 114 60 61 -63 66 64 172 67 95 126 325 79 92 -73 -74 -75 -76 250 -78 -79 -80 -81 -82 -83 84 -85 192 86 90 91 214 -91 148 -93 -94 -95 284 96 -98 98 99 -101 207 102 109 -105 -106 132 228 -109 -110 -111 111 196 113 -115 116 193 -118 118 119 -121 121 -123 123 -125 125 138 -128 -129 181 215 131 150 -134 134 206 162 -138 -139 140 -141 237 142 -144 -145 269 146 213 -149 -150 208 -152 262 153 154 155 -157 157 159 -160 161 -162 -163 163 164 322 -167 167 276 232 -171 171 211 173 174 -176 317 177 -179 179 180 -182 -183 -184 223 -186 186 187 -189 -190 190 -192 -193 -194 -195 -196 -197 -198 289 -200 200 -202 -203 203 205 -206 -207 -208 -209 -210 210 -212 -213 -214 -215 -216 329 282 -219 -220 -221 -222 -223 326 225 226 227 272 -229 -230 -231 -232 -233 233 234 -236 -237 -238 -239 -240 -241 245 242 247 244 -246 246 -248 248 -250 -251 251 -253 -254 -255 -256 -257 259 258 -260 -261 -262 -263 -264 -265 265 -267 -268 268 316 -271 271 -273 273 -275 -276 -277 -278 -279 -280 -281 -282 -283 -284 -285 -286 -287 -288 -289 -290 324 -292 293 300 295 -296 296 299 -299 305 -301 301 -303 -304 304 -306 306 -308 -309 -310 310 311 -313 314 -315 -316 -317 -318 -319 -320 -321 -322 -323 323 -325 -326 -327 -328 -329 -330 330 334 -333 339 -335 335 -337 -338 338 -340 -341 347 346 343 -345 -346 -347 -348 348 -350
leaf_value=0.0052541686456518324 0.0029557417941926192 0.004839114380193698 0.0040101188407908814 0.0023632375526842419 0.0035737258975034854 0.0075314070785453026 -0.0055903539848415895 0.0047587505167310867 -0.0059099653705480008 0.00059940615930266039 -0.00033738932745776962 -0.0032266859286497543 -0.0053221418621405342 0.00046664694380897767 -0.0070750091396959884 0.0059378546054630593 0.0086585083280711055 0.00019458175014845991 0.00051626342900758975 -0.0093391470700518297 0.01388372397431872 -0.0097464943563637125 0.0017135073329110143 0.016788071795133284 0.00098177518972048287 -0.002680797334663696 0.0095798287783920334 0.0080424614771333787 -0.014025639954826471 0.014396987204711166 0.0032933275463592495 -0.00586651077992607 0.01601899210224892 -0.013133662380421277 -0.010079378178406108 -0.012950860180567457 -0.0052145127093610535 0.0067763816991438684 -0.0024927682474522438 0.00080883647338209649 0.0006145384672678263 -0.012652076704511747 0.0061407567062362256 -0.01241085401658353 0.0013487570702165775 0.0063012847216512933 -0.0074786624954591274 -0.010372575431746743 -0.0086060406285921216 -0.013712188738983139 -0.012282467904775026 -0.0085719779666911522 -0.023834072016658239 0.012083593476666999 0.024569073714356335 -0.0050294635171973254 0.0016326108080713993 -0.019524473063796396 -0.021141558376853626 -0.0094598958652044405 -0.007605635916645548 0.0081080641654681668 0.014533257871735492 -0.010288918135987198 0.0095405436274075255 0.004037991691120197 -0.0072064258039775441 0.019271773225211074 -0.021880091127782643 -0.0028479411423065217 0.018073030643798043 -0.012001014438971469 0.015000765444663364 0.0038954291874498249 0.019581520132753067 0.014990084999751132 -0.020442905757765938 0.021801781169495212 -0.0036085535044372841 -0.013890643230179892 -0.024064333651950903 -0.0046272145538926125 0.0047717150506385976 -0.0087393314253957355 0.015961705068448896 -0.0048695476858451273 0.015138875372142606 0.0026777858820459573 -0.0023282342668068104 -0.010194479169009714 0.0081530544480129235 -0.010265416620834054 0.015875364608523165 -0.0098852754894967771 0.013202413297521394 0.0012085097031656221 0.0068217351743305368 0.0065822810503748178 0.01257210652231955 -0.0025517966446848873 0.0010578379965034874 -0.0017723367461013363 0.00072051415593252569 0.0073574598059644655 0.0012840301045662532 0.012180551413569194 0.0058740930239161169 0.0069307915292394218 0.0047205206911358774 0.013525419948653385 0.00010217339358420743 -0.0051991474262482948 0.0057133961792795729 -0.010712684733040476 0.011765251272157214 0.0087904529721287584 -0.0053640244510426982 -0.0079321792258229759 0.0050040883798614967 -0.012539047845234335 0.0058288680759934564 -0.0042823770693469591 -0.010575287910387332 -0.0053257830153141186 -0.011130097541857162 0.01427669908547945 0.0061671593617238733 -0.0011143157495954843 -0.010396917554011178 0.013337822092750404 -0.0017662841315002492 -0.0093744709916230295 0.0075099090115103642 0.0043206702190189154 -0.0089828395871398709 0.0017292053600059573 -0.0028009932036141931 0.0071264388783691505 -0.011512342072568413 0.023137518265958841 0.014513129199111534 -0.00094274536350616521 -0.016042328061078005 0.0011649522921407035 -0.0010395814393714983 -0.0029913263672489412 -0.00098903393296363956 -0.018456598160418839 -0.0088226682930172638 0.004274739912711145 0.0074491182778609203 -0.0030907968629480475 0.010535657853252237 -0.0096180510132160158 0.013502464654268369 -0.0073982081430822803 -0.0102162205916235 0.0033595952980535692 0.0039806976332390116 -0.00081413986672258581 -0.015039242719519362 -0.015365281357973513 0.0012921473648045199 0.011298871598273022 -0.0034363578870844655 0.016272992165759444 -0.0074949340244511607 0.014432622959629644 4.7375035650132897e-05 -0.013563983692386136 -0.01993221950649127 -0.0022842369687571329 0.003451215813084621 -0.00081372797072227056 0.0010647933849244218 -0.010618081553465114 0.0081053516584436488 0.0043665206103899066 -0.01983248140213411 -0.011924889439770343 0.00054453241506468685 0.00065468711453102544 -0.00071561187900308788 -0.0033391132572936888 -0.013275907974058393 -9.5194572949976292e-05 0.0050351768467379243 -0.0044573990554268575 0.0038830872448271489 -0.00032195630356083189 -0.0055360464089414443 -0.018165030040439151 0.0027357623225665447 -0.0087133133389637862 -0.00025458967013032124 0.0004066654546401258 0.0077936362993605846 0.012908400882280249 0.012210994644451531 0.017830001376769888 0.0020117545349768585 -0.0089912507729850051 -0.00082350046695325765 0.00092681448914387447 -0.01373423172722182 0.018129122327299723 0.0032818489711550609 0.0046867319647870432 -0.013175147034340185 -0.0093132686160657726 0.007356234579666914 0.0094465515718930824 -0.019082417436707425 -0.0098902954435500842 0.011922129383037492 -0.0025177307005985333 0.0051978386958317861 0.010050829940296564 -0.0012219926835782783 0.0091208393610458221 -0.016536536427770858 0.0060184486706017894 0.0049627818044374588 -0.0023270728716512658 -0.0048198284567067609 0.0014286991951939891 0.0024614264190913359 -0.0049351446401462639 -0.016428331506676625 0.010005848947914085 -0.014863303041275141 0.00044003893201361485 -9.3382748513475558e-06 -0.00241647037491333 -0.0053352294445581355 0.0062509401716154172 -0.014554252727198154 -0.0027458804980213113 -0.003293711414815278 0.00158966682573583 0.0035015031625617848 -0.00095658095757849475 0.0025058100428061898 -0.00026790809462309855 0.0041070826857053343 0.00097548280770683941 0.016172626130720999 -0.0054832899961517623 0.0021292850675191468 -0.023268122708028489 0.0044264880699612296 0.0060573239825509771 -0.010243610820805198 0.0015769276654484798 -0.015022516155855092 0.0024371696953336456 -0.0019296416550460002 -0.0073937021401886916 -0.015763717845512091 0.0057370797387618338 0.0077403928617478688 0.012023150963084659 -0.020457767951858115 -0.0027051565288807988 -0.0009059491116519716 -0.00088123443227638933 0.0080321929616588694 0.015879363003443989 0.010915324780913654 0.0048702687763380707 -0.0081645684526636519 0.0045886682422505414 0.014712660435078281 -0.0043684489246990218 0.012241806671931688 -0.014419958593676009 0.017201202738829521 -0.0081155960342857072 0.0013277394997351501 0.0064532203572925505 0.008347109108437549 0.0013012312471536978 -0.010375741595049132 -0.0042422403371208464 0.0042536413454864188 -0.00024631025250801717 -0.0033989693247039954 -0.0086134485455997816 -0.0050238380645211481 -0.00085030874961215341 -0.0028874145634188472 0.012647500613040635 -0.0027156836365649019 0.0011185624488405106 0.0011586905057806923 0.002017978899133425 0.0044935232863479732 -0.0011527164479075171 -0.00099541758882861278 -0.0011010606910454119 0.0045880113471025146 0.017183803379120774 -0.0052736945739114199 -3.3709186055064095e-05 0.011547316774234968 -0.0045261865874697887 -0.011643606740858634 0.0004031265372443424 0.00032545663718509105 0.0039212641765288903 0.0068143544364651677 -0.013575385134708023 -0.0028712559598040133 0.012608113716887031 0.0021003942195224122 -0.022183878853898435 -0.0057824031045597846 0.0056447414086828384 -0.0054721776153006142 0.010613317543172161 -0.0061748700685229632 -0.012699349079701189 -0.016704642505297192 0.0013156935413278831 -0.009721496016533198 -0.0082012030025480128 -0.0059355600884330719 -0.0018483820177079872 -0.0078010970131466651 -0.0031935093735961984 -0.00038516825096056821 -0.0015528385506175721 0.005114236365124856 0.0054126730046126182 0.011240150569645373 0.0015907695814596874 0.0016296755101841 0.0036518129661354294 -0.013241192446049928 -0.0095182525638341457 0.015137798336495147 -0.0077192916150253445 0.0030633153128014467 -0.01121680940291727 0.0096486008955449128 -1.843263382842813e-05 0.0069386194031222604 0.0061636179356100362 -0.0012386115022233182
leaf_weight=1284.7984317839146 4388.4619733244181 602.94751845300198 926.70855130255222 861.17687509953976 149.96547608077526 1141.8201293647289 383.98828978836536 1466.2522920966148 144.2474956959486 1439.9090480655432 73771.756319150329 5382.9138539433479 228.69494721293449 122.93855553865433 544.42626643180847 78.233626425266266 188.71477603912354 2362.1392652541399 12226.359384700656 109.74785256385803 127.99617037177086 132.45478056371212 1414.1623807698488 50.245534971356392 121.71887092292309 68.231841996312141 82.490377426147461 59.735677614808083 114.20504507422447 114.97827278077602 155.97860188782215 126.97811187803745 91.240257740020752 81.488641873002052 60.98417355120182 316.86112204194069 72.74311688542366 119.73958194255829 1884.7715220451355 7257.6868368536234 975.44764336943626 99.238862007856369 471.95596741139889 173.46650967001915 29281.052514925599 99.737074479460716 496.69638746976852 479.83797891438007 384.73050056397915 98.468922853469849 156.62439331412315 118.96628804504871 73.953593596816063 118.45764566957951 56.493988528847694 877.90629859268665 984.31441670656204 69.214632198214531 95.7371926009655 379.43856430053711 115.99147613346577 271.47534884512424 126.20708167552948 55.985078871250153 432.81399564445019 73.224095866084099 470.57565388083458 180.38506935536861 96.47237403690815 738.21218645572662 95.731740161776543 447.24171780049801 61.482197791337967 332.96546678245068 84.740286782383919 90.994753524661064 88.700667202472687 77.494095727801323 82.485874742269516 55.991651237010956 64.484289303421974 124.72559136152267 78.245289981365204 173.98695577681065 107.98306062817574 301.72287829220295 180.46780283749104 2494.5922948122025 1015.3846684545279 465.43283988535404 118.73983500897884 83.493481636047363 71.484669178724289 53.485662907361984 365.39696928858757 362.68371224403381 479.36629569530487 267.9972265958786 179.74569916725159 114.24717865884304 50.245367556810379 20748.759970515966 1598.5904830545187 763.06841441988945 8228.4531695991755 172.49634562432766 53.487599313259125 278.65689571201801 181.6940233707428 82.742903560400009 37787.746860310435 79.996047839522362 70.743955850601196 228.2247646600008 76.993140012025833 50.496278375387192 175.97900602221489 463.94292621314526 210.47034481167793 53.484279677271843 709.19801653921604 212.22939310967922 145.98470032215118 781.92078422009945 67.736180037260056 68.993662983179092 151.68389096856117 1683.9178506731987 246.24548089504242 61.747324526309967 1656.7362459152937 222.23846672475338 1160.1589601188898 2082.9371405988932 243.98874205350876 3123.6744269579649 1373.1428745239973 91.479879066348076 52.495391070842743 74.489791065454483 72.992136240005493 898.12047800421715 59.480584174394608 17326.354563593864 346.19899599254131 163.72938284277916 31192.929480582476 100.48632404208183 61.989989817142487 88.974887818098068 49.997118964791298 111.97320237755775 119.23238451778889 117.98215918242931 109.73361586034298 73.726806804537773 722.31085242331028 114.48982787132263 424.44602636992931 1056.4041683971882 200.97369527816772 79.477572456002235 4931.8842169195414 58.491816401481628 284.72471562027931 76.246638298034668 52.995393112301826 220.48639120161533 5451.3684424161911 336.11503106355667 86.472137689590454 194.68032535910606 314.18722274899483 55.483820751309395 125.95500603318214 142.44649037718773 232.94538147747517 628.82700484991074 92.225972577929497 107.98217764496803 403.42908345162868 6732.3575497120619 10438.846673294902 482.4738592505455 168.98043271899223 74.992847830057144 434.72416906058788 206.48249919712543 81.994441822171211 2026.102937489748 870.6794890910387 172.7096404582262 197.9775076508522 129.98890478909016 689.05199268460274 133.20008191466331 502.94751261174679 96.74602010846138 74.490735113620758 292.39365400373936 153.91177701950073 58.725484520196915 195.97412480413914 73.240966275334358 63.490167230367661 132.22668002545834 316.23558107018471 51.245576202869415 60.738041996955872 363.40155413746834 50.487316310405731 51.731537699699402 53.440936103463173 144.7339094132185 54.985487312078476 2009.4739128649235 251.99704675376415 614.43804118037224 82.9938934892416 333.21691909432411 139.4798786342144 1190.9000311642885 1523.6316456645727 7119.5132886916399 129.99562337994576 1987.371526569128 474.7126002907753 353.45277102291584 102.93209536373615 87.474645927548409 174.42761392891407 94.235004723072052 5059.9675207585096 898.71254122257233 1398.948439463973 191.99059234559536 361.45098704099655 69.742955014109612 67.243134811520576 90.488853290677071 2837.0287102609873 163.22925101220608 50.488197669386864 3214.4764795452356 1032.8762910664082 82.228326827287674 145.96769617497921 62.495437368750572 58.237268537282944 139.73366402089596 356.48970931768417 825.2336024492979 150.24708527326584 516.72241175174713 154.22764889895916 128.98949398100376 3848.6934611350298 68.497223079204559 52.999498680233955 221.73839247226715 159.74717818200588 187.46615815162659 51.493806377053261 152.20926511287689 210.24652530252934 487.24029524624348 612.23744075000286 209.56877809762955 69.958626806735992 86.236343160271645 1535.2602831125259 72.740215390920639 230.98413494229317 70.743220373988152 55.73342102766037 50.242067590355873 99.996075719594955 55.491428762674332 252.73480646312237 112.99253141880035 143.48509323596954 122.72429901361465 141.74730157852173 472.49257159233093 233.43206413090229 18808.312169522047 566.8767172396183 63.982911482453346 69.724347680807114 801.42850208282471 77.746511608362198 66.749223992228508 257.99030818045139 1377.9527097642422 11201.579687029123 3324.8722856789827 411.48645395040512 7753.9083443880081 4661.9342196732759 8587.0371708571911 315.48753225803375 122.74672599136829 186.23221875727177 165.48417054116726 308.97946587204933 3527.0769485682249 169.73994678258896 1086.4310985058546 730.44660176336765 644.67179141938686 194.71889391541481 121.23972500860691 72.739518418908119 162.23265735805035 97.494391918182373 65.244319066405296 70.489494234323502 50.485937476158142 71.231180727481842 149.23567447066307 72.981067314743996 58.746700495481491 184.48135022819042 56.243783473968506 157.4871870726347 166.46897827088833 89.737391039729118 389.72653004527092 171.23709560930729 1900.7112625688314 1026.9829441606998 5182.8379859626293 844.48321360349655 183.99247233569622 173.49587409198284 12553.236743509769 4169.6861988306046 988.23081016540527 50.992034763097763 51.998283594846725 50.499346345663071 619.73379911482334 137.49831439554691 230.74793156981468 149.99632158875465 28156.878404036164 53.747568592429161 291.74477849900723 837.96558038890362
leaf_count=5140 17554 2412 3707 3445 600 4568 1536 5867 577 5760 295098 21534 915 492 2179 313 755 9449 48908 439 512 530 5657 201 487 273 330 239 457 460 624 508 365 326 244 1268 291 479 7540 29032 3902 397 1888 694 117127 399 1987 1920 1539 394 627 476 296 474 226 3512 3938 277 383 1518 464 1086 505 224 1732 293 1883 722 386 2953 383 1790 246 1332 339 364 355 310 330 224 258 499 313 696 432 1207 722 9979 4062 1862 475 334 286 214 1462 1451 1918 1072 719 457 201 83000 6395 3053 32916 690 214 1115 727 331 151156 320 283 913 308 202 704 1856 842 214 2837 849 584 3128 271 276 607 6736 985 247 6627 889 4641 8332 976 12495 5495 366 210 298 292 3593 238 69306 1385 655 124778 402 248 356 200 448 477 472 439 295 2890 458 1698 4226 804 318 19728 234 1139 305 212 882 21806 1345 346 779 1257 222 504 570 932 2516 369 432 1614 26930 41756 1930 676 300 1739 826 328 8105 3483 691 792 520 2757 533 2012 387 298 1171 616 235 784 293 254 529 1265 205 243 1454 202 207 214 579 220 8038 1008 2459 332 1333 558 4764 6095 28480 520 7950 1899 1414 412 350 698 377 20240 3595 5596 768 1447 279 269 362 11350 653 202 12859 4132 329 584 250 233 559 1426 3301 601 2067 617 516 15395 274 212 887 639 750 206 609 841 1949 2449 839 280 345 6143 291 924 283 223 201 400 222 1011 452 574 491 567 1890 934 75238 2268 256 279 3206 311 267 1032 5512 44807 13300 1646 31016 18648 34349 1262 491 745 662 1236 14109 679 4346 2922 2579 779 485 291 649 390 261 282 202 285 597 292 235 738 225 630 666 359 1559 685 7603 4108 20732 3378 736 694 50214 16679 3953 204 208 202 2479 550 923 600 112629 215 1167 3352
internal_value=-1.09772e-05 -0.000406259 0.000901681 -0.000314843 -0.000642848 2.75139e-05 -2.9329e-05 0.00196771 0.000636159 0.00367901 -0.000584468 -0.00245369 -0.0025926 -0.00364597 -0.00575556 -0.0021683 -0.00409289 0.000403192 -0.000607424 0.00171631 0.000191431 0.00228964 -0.000514834 -0.00160096 0.000691017 -0.00308133 -0.00328998 -0.00711626 -0.0013365 0.00353938 0.00153378 -0.00155908 -0.00525597 -0.000702236 0.00369174 -0.00913582 -0.000922069 -0.00560336 -0.000846333 0.00239449 0.00172239 0.000219708 0.00037474 -0.00122282 0.000900085 0.000101537 -0.00512144 -0.00119532 -0.00204834 -0.00547756 -0.00245953 -0.000365838 0.00167665 0.000969773 -0.000198153 -0.0041791 0.00245098 -0.00284587 0.000743099 0.00185555 -0.00302251 0.00334534 0.00227766 0.00347616 0.00183127 0.00734514 0.000199595 0.00940488 -0.00793449 3.48002e-06 0.00172711 -0.00934356 0.000300425 -0.00184568 0.00947267 0.00357013 -0.00994656 0.0115258 0.00462802 0.00110777 -0.0127149 0.00394314 0.00129321 0.00270891 -0.000403206 -0.00146167 0.00324218 0.00338295 -0.00372777 -0.00800261 0.00885436 0.00222815 0.00302421 0.00525069 0.00562816 -0.000676871 0.0021556 0.000235657 -1.55717e-06 0.00678297 -0.00381941 -0.00134017 -0.00153324 0.00415475 0.000731938 0.00398114 -0.00278801 -0.000603462 -0.00386716 0.00141174 -0.000378144 0.000137176 4.67523e-05 -0.00677823 -0.00533922 -0.0101375 5.01884e-05 -0.000627735 -0.00464908 0.00118509 -1.25882e-05 0.00348316 0.000192885 -0.00190536 -0.000362495 0.00453105 0.0135717 -0.00181007 0.000338642 0.000508214 0.0012059 0.000806037 0.00465374 0.00351115 0.0029382 0.00120152 -0.0038306 -0.00383338 0.0073088 0.0126185 0.00130656 -0.00319219 -0.00200578 0.000908494 -0.00526487 -0.000567251 -0.00110362 -0.00924262 0.00220325 0.00570966 -0.0061603 -0.00213413 -0.000666845 -0.00249841 -0.00301993 0.00514499 -0.00354024 -0.00454621 0.000926068 -0.00229439 -0.00844389 -0.000735011 0.00152177 0.000542672 -0.0057192 0.00290911 0.00260776 0.0065667 -0.000142018 -0.00895624 -0.00530641 -0.00749178 0.000708747 -0.00307493 -0.00881302 0.0018852 0.00271002 0.000746666 -0.00177699 -0.00514483 -0.00223145 -0.000434466 -0.00106926 -0.00161879 -0.00432709 -0.00312396 -0.00085624 0.0019611 -0.00656458 -0.000846195 -0.00190007 -0.0141166 0.00769139 -0.00365085 0.00189496 0.00815495 0.00596442 -0.00219122 0.00377661 0.00847489 0.0125064 0.0056354 0.000612932 0.00598256 0.000433758 0.0122617 -0.00124154 -0.00843281 -0.00311383 -0.00503211 -0.00717894 -0.00347944 -0.0063853 -0.00103266 -0.00151317 0.000231898 -0.00435888 0.00635404 0.00953922 0.0118094 -0.0120227 0.00339551 0.00224965 -0.0012399 0.00147283 -0.00163907 0.00404091 0.000454254 -0.00754692 -0.00431364 -0.00996245 0.00844923 -0.000271552 -0.00112398 -0.0033821 -0.000856387 -0.0101606 0.0063819 0.0059027 -0.00889919 0.00221119 0.00132598 -0.00321725 0.00184187 0.000801728 0.00343838 0.010915 -0.0110876 -0.0137186 -0.0181898 0.00455881 0.00376094 -1.47885e-05 -0.000429043 -0.0103067 -0.00506514 -0.000994864 0.00397705 -0.000790846 -0.00150156 0.00310201 0.00813718 -0.00926081 0.00363937 0.000680499 0.00329942 0.00576067 0.00716099 0.0107591 -0.0059259 -0.00642024 -0.0075678 0.00555845 0.0102416 0.00143348 -0.00389352 0.00783127 0.00582914 0.00757208 -0.00172082 0.000329408 0.00825344 -0.00256301 -0.000937818 0.00981612 -0.000355515 -0.00562061 0.00198938 0.00579864 -0.00104479 0.0060524 -0.000237785 0.00138734 -0.000381128 0.000262033 -0.000893436 -6.91746e-05 -0.00102213 -0.00177196 -0.000841466 0.00413111 0.00836083 0.00205868 0.00395983 0.00757449 -0.00216396 -0.00314911 -0.0028623 -0.00369476 0.00301171 0.000457708 -0.00358962 -0.000578937 0.00402632 -0.00671554 -0.0127183 0.00267491 -0.00630717 0.00486705 0.00469629 -0.0158346 -0.000159107 -0.00775464 -0.0125874 -0.00237564 -0.0137178 0.00433031 0.0022198 -0.000687529 0.000216549 0.000830024 -7.57519e-05 0.000141836 -0.00241615 0.00122522 0.00172929 3.52219e-05 -0.000220761 0.0027281 0.00418883 -0.00112667 -0.00248066 -0.000712377 -0.00593304 0.00095006 -0.000185542 -0.00648179 0.0014183 0.000702894
internal_weight=515467 359687 155780 345260 176322 168938 166356 31053.4 124726 2581.73 174132 6244.09 14427 8147.91 3346.75 4801.16 2440.87 102607 64701.9 22119.3 6046.88 16072.4 167888 4483.77 1904.34 819.004 2579.43 864.666 1714.76 1085.33 875.108 634.389 519.41 327.948 246.459 438.58 49003.6 770.886 48232.7 15939.9 11208.6 11896.4 15698.3 6279.12 45738.4 16457.3 596.433 36336.3 13891.3 1535.91 1870.69 1600.56 28823 15077.3 7968.39 1518.5 13745.7 1371.57 6449.89 11346 766.905 387.467 7108.89 4505.19 3397.98 567.254 2603.7 511.269 651.146 56868.7 1108.43 570.18 15860.9 1302.35 240.719 1567.21 317.396 210.226 132.731 10191.7 191.462 380.424 5920.7 3224.78 2695.92 2389.96 775.913 3050.79 1614.05 543.678 361.198 2578.09 989.468 2399.7 2346.21 2354.77 1005.52 15799.4 14872.7 293.993 388.205 23844.3 22430.1 1747.38 10011.6 4731.28 1349.25 930.927 652.27 1681.33 144043 38669.7 38086.7 298.969 529.195 276.222 252.972 5538.78 727.898 263.955 4810.88 921.427 15226.3 2535.01 1753.09 473.693 332.069 1783.16 101654 83370.5 23643.8 19255.3 4104.81 2944.65 2772.15 10135.7 1529.77 969.386 405.957 210.727 195.23 1056.07 957.601 18983.1 2190.4 105374 31601.9 264.216 180.73 2230.4 272.236 526.151 22445.1 3252.75 3133.52 183.46 2950.06 2407.63 542.428 1594.83 315.464 1279.37 9397.45 5515.83 583.942 3881.63 3805.38 681.704 14578.7 782.176 446.061 386.325 2830.72 668.336 354.148 2162.39 1969.45 1536.64 907.814 603.637 511.411 18283.7 11551.3 12355.4 1506.13 1337.15 952.422 641.207 311.215 3889.46 2896.78 228.193 305.961 180.485 917.984 228.932 582.944 1279.39 147.234 1107.21 446.305 660.907 12691.3 401.442 12289.8 205.468 689.214 240.971 149.713 492.122 413.889 299.853 248.121 31337.7 1070.37 59726.7 1112.48 2080.69 472.705 389.711 189.725 3950.95 2760.05 10849.2 1388.91 9460.34 906.436 2340.82 418.322 315.39 227.915 185.475 14310.7 7549.62 2489.65 1090.7 905.877 142.735 136.237 812.8 10579.1 6155.57 623.419 5532.15 4247.35 4423.57 228.196 310.955 260.466 202.229 1422.97 1331.97 506.737 626.47 229.22 372.978 4479.67 409.24 281.244 4070.43 228.244 255.698 163.467 340.924 6761.09 1309.72 822.484 602.182 350.017 2040.44 1954.2 1608 776.44 301.727 179.2 123.466 628.709 528.713 473.221 414.715 1199.89 248.931 866.237 724.49 598.829 19192.3 740.343 252.165 188.182 1133.41 174.493 46677 3777.81 42899.2 19022.2 23877 12323.4 7820.66 11553.6 8998.52 1356.92 438.234 918.686 732.454 474.464 10175.6 5513.69 5343.95 4257.52 4195.37 1196.11 551.437 430.197 2999.26 235.478 137.984 140.448 192.932 304.177 312.465 146.935 2420.89 525.45 240.725 958.916 262.941 1613.37 992.674 1146.68 59664.9 19249.6 40415.4 35232.5 2084.7 17164.9 12726.7 34336 4438.14 1039.22 896.481 3398.92 2218.71 1545.23 368.246 1176.98 30166.4 673.481 1180.21 1129.71
internal_count=2061982 1438823 623159 1381100 705322 675778 665450 124239 498920 10328 696558 24979 57723 32604 13394 19210 9768 410439 258827 88481 24188 64293 671579 17940 7619 3277 10321 3460 6861 4342 3501 2538 2078 1312 986 1755 196030 3084 192946 63763 44837 47589 62797 25119 182958 65831 2386 145357 55570 6145 7486 6404 115314 60323 31877 6075 54991 5487 25802 45390 3068 1550 28446 18028 13596 2270 10418 2046 2605 227481 4435 2282 63445 5210 963 6269 1270 841 531 40768 766 1522 23685 12900 10785 9561 3104 12204 6457 2175 1445 10313 3959 9601 9387 9422 4023 63199 59492 1176 1553 95383 89726 6991 40049 18926 5399 3725 2610 6726 576196 154684 152352 1196 2117 1105 1012 22157 2912 1056 19245 3686 60909 10141 7013 1895 1329 7133 406623 333487 94576 77022 16420 11779 11089 40544 6122 3878 1624 843 781 4225 3831 75933 8764 421512 126414 1057 723 8925 1089 2105 89787 13013 12536 734 11802 9632 2170 6380 1262 5118 37591 22064 2336 15527 15222 2727 58316 3130 1785 1546 11326 2674 1417 8652 7880 6148 3632 2415 2046 73136 46206 49425 6025 5349 3810 2565 1245 15559 11588 913 1224 722 3673 916 2332 5118 589 4432 1787 2645 50768 1606 49162 822 2757 964 599 1969 1656 1200 993 125357 4282 238911 4450 8326 1891 1559 759 15805 11041 43400 5556 37844 3626 9364 1674 1262 912 742 57244 30199 9959 4363 3626 571 545 3252 42322 24625 2494 22131 16991 17697 913 1244 1042 809 5692 5328 2027 2506 917 1492 17919 1637 1125 16282 913 1023 654 1364 27045 5239 3290 2410 1401 8164 7819 6434 3106 1207 717 494 2515 2115 1893 1659 4800 996 3465 2898 2396 76774 2962 1009 753 4534 698 186713 15112 171601 76090 95511 49295 31283 46216 35995 5428 1753 3675 2930 1898 40704 22056 21377 17031 16784 4785 2206 1721 11999 942 552 562 772 1217 1250 588 9684 2102 963 3836 1052 6454 3971 4587 238664 77000 161664 140932 8339 68661 50908 137346 17753 4157 3586 13596 8875 6181 1473 4708 120667 2694 4721 4519
is_linear=0
shrinkage=0.02


Tree=9
num_leaves=350
num_cat=0
split_feature=52 50 37 58 59 53 42 45 58 30 16 28 6 14 45 37 15 53 61 61 42 42 58 39 53 53 22 55 15 55 39 52 59 52 5 39 24 34 55 59 24 50 24 39 55 55 52 22 50 58 53 50 59 55 37 55 59 59 39 39 39 55 55 39 50 58 37 22 24 39 5 16 22 52 24 59 58 39 53 39 37 5 24 52 52 58 24 30 53 24 39 22 4 22 5 24 37 49 59 42 58 39 16 39 45 30 49 52 59 61 58 58 37 16 52 52 24 55 52 58 58 59 37 58 39 39 22 52 24 59 53 30 55 37 24 30 37 22 58 16 53 37 37 52 34 58 39 39 39 37 55 53 55 6 55 24 58 49 39 22 50 58 53 37 53 50 59 55 22 53 30 53 15 22 37 15 59 52 6 5 16 59 59 52 59 55 52 58 42 58 22 37 16 55 58 6 55 53 34 39 39 55 52 52 37 53 58 39 58 24 55 22 58 52 37 55 37 61 6 5 42 58 52 50 55 45 61 61 10 49 22 5 55 58 55 37 24 55 42 24 52 58 52 39 49 49 55 45 52 34 59 53 15 55 37 39 58 39 55 59 58 16 55 58 6 37 50 52 59 55 39 37 59 6 42 37 59 55 30 53 61 53 39 42 49 58 24 61 42 45 55 6 39 61 52 59 58 58 39 6 53 61 37 16 42 10 53 59 59 39 58 50 39 59 55 6 55 6 37 39 52 59 39 22 58 52 58 50 55 59 59 39 50 50 59 53 58 61 61 58 58 24 53 53 39 59 37 37 42
split_gain=437.776 140.125 102.846 99.7705 95.6893 108.427 80.9557 67.6936 67.4223 65.5495 65.0433 63.6195 57.1026 56.4637 55.5313 52.4013 50.5165 43.9847 42.7954 42.4962 41.9977 41.7221 62.795 61.1077 59.2499 56.6905 49.2857 47.5676 46.6056 40.9825 49.5266 40.484 39.8388 39.0855 39.6136 38.9038 38.7908 37.9308 37.6775 40.964 37.0703 36.4874 47.5587 50.8168 42.3522 35.7528 56.815 39.2227 37.5414 36.1451 74.9858 49.4626 48.2311 49.819 63.0987 46.8134 44.4483 44.0744 75.5389 42.6443 42.4617 97.6843 92.5078 56.702 53.6889 53.6297 47.9046 45.9544 45.544 37.2185 41.6444 36.9232 40.6362 63.6397 36.2573 37.2548 56.1983 50.5194 35.8006 36.5218 35.7837 35.63 44.1627 35.5108 35.3508 35.3199 35.1112 34.9856 36.6217 34.6963 45.7616 34.5395 38.7 34.3164 34.243 34.1989 34.0505 34.007 33.9896 39.2346 40.1329 34.3867 33.3377 33.2506 33.2394 33.0418 33.0068 32.8809 32.8737 37.9048 85.3491 47.5715 32.7653 32.2383 31.8546 31.4944 31.3628 31.357 31.1582 31.1118 35.3101 32.6134 64.9226 36.9531 44.9905 44.2859 37.0454 30.956 30.9101 30.8249 30.8115 30.7825 31.9441 30.7804 30.7597 30.6364 30.5998 43.4655 46.8677 33.4861 32.9853 30.4952 30.4867 31.3616 30.4808 30.4221 30.2402 30.2363 64.3456 40.1262 54.1184 39.4645 53.6988 39.17 37.8151 42.4348 34.5985 39.2475 29.9945 39.064 37.1513 33.5175 36.3132 32.3155 43.7209 29.8066 29.7771 29.6662 35.8984 30.4123 29.6403 29.6196 29.6187 31.7172 37.0065 29.6072 37.8239 29.5953 29.5629 29.4918 29.4708 29.405 48.3717 40.2127 38.1909 32.657 29.3685 29.2548 94.0691 31.0794 29.1056 28.9678 28.9027 28.7617 28.704 51.6608 28.6969 37.2836 33.358 29.2331 38.5477 33.3011 36.3094 33.1272 39.0703 59.8089 28.6071 29.3194 49.7698 30.757 30.0862 36.646 28.5785 33.6892 36.6186 28.564 28.2777 28.2324 28.184 32.8159 28.0766 28.0495 28.0495 42.3621 34.7616 32.7693 29.5042 27.9705 34.6498 35.7502 27.9432 27.8462 27.8183 27.7733 27.6587 40.536 47.5613 27.5486 31.8599 27.3564 31.1398 27.3248 29.4842 27.4983 27.9084 27.3036 27.2861 33.7127 27.2285 27.1765 27.0139 46.5232 33.8277 34.8129 27.0577 47.7748 31.3308 26.9915 31.3055 26.9688 52.5076 40.0705 32.6771 39.3383 28.6326 26.9989 31.1899 29.5595 27.3718 26.922 30.1674 28.9323 29.4155 26.8995 26.8964 26.4939 26.4871 39.4305 35.7577 57.5985 45.9543 28.6662 26.8559 26.4595 30.2068 26.5749 26.4513 37.2077 34.0569 26.4143 26.4055 35.162 30.0387 38.0687 32.8327 45.9832 31.074 28.9913 40.3657 37.3035 30.0919 39.3984 46.96 48.3987 35.8362 30.3002 28.872 36.8191 28.1558 37.2632 31.0409 27.9718 27.5465 27.5258 34.8602 26.6376 26.7953 43.4109 28.554 26.3906 26.3778 33.5335 26.3613 26.3133 26.2965 78.8681 37.7023 71.2946 34.3655 32.3336 36.5679 30.5166 41.2688 28.2567 58.5193 49.3042 45.8641 41.3939 39.8253 49.8351 45.5214 60.8348 38.1654 51.8927 45.6083 41.1874 41.1323 37.2853 35.1006
threshold=0.26690363883972174 0.92527133226394664 2.5507172722427643e-05 0.54200655221939098 0.98296290636062633 0.00044660839193966245 -0.00075784098589792837 -0.039640426635742181 0.60339906811714183 0.00077480077743530284 -3.5947937249147795e-06 0.00040811300277709966 0.030150385573506359 1.1264329259574881e-05 -0.19702327996492383 4.4697075281874283e-05 -6.7706303070735876e-06 0.00053877229220233868 2.5000000000000004 1.0000000180025095e-35 -0.0009528086520731448 -0.00022870068642077965 0.51293870806694042 4.4430635171011097e-05 0.0010305976611562075 0.00058565972722135495 8.563725948333742 0.0028579657664522533 1.9787250238323398e-07 0.0011938580428250136 1.8168671886087399e-05 0.64328527450561535 1.0000000180025095e-35 0.82356059551239025 0.42773671448230749 3.7765923480037607e-05 4005987.5000000005 4.9139245675178251e-05 0.001187575049698353 -0.7865660786628722 4615735.5000000009 0.66843739151954662 3253473.0000000005 3.2434551030746668e-05 0.0022313287481665616 0.0022313287481665616 0.80853664875030529 4.6371705532073983 0.59751835465431224 0.6144031584262849 0.00066786535899154853 0.3904878050088883 -0.37940952181816096 0.00161409197608009 3.8158810639288283e-05 0.0015875492827035489 1.0000000180025095e-35 0.60355338454246532 4.3142850699950948e-05 1.9568063180486209e-05 2.7469335691421296e-05 0.0011578604462556543 0.001169222698081285 2.4668122932780537e-05 0.16156619787216189 0.53761720657348644 2.897496869991301e-05 3.3683996200561528 2768920.2500000005 3.3195556170539937e-05 0.07239603623747827 7.8897346611483971e-06 4.7141551971435556 0.62575373053550731 4865849.0000000009 0.60355338454246532 0.51900172233581554 3.3719996281433857e-05 0.00047034352610353386 2.8342332370812077e-05 3.8928990761633038e-05 0.25923518836498266 4615735.5000000009 0.89906153082847606 0.66089847683906566 0.52284544706344616 5280206.0000000009 -0.00017824769020080564 0.00047512493620160973 2566489.7500000005 2.2244873434829063e-05 4.0674612522125253 0.087696656584739699 3.5410336256027226 0.036956734955310828 2768920.2500000005 6.1002949223620824e-05 0.35614465177059179 -1.0000000180025095e-35 -2.8936508442711779e-06 0.4554088562726975 4.0737526433076716e-05 -4.5020017580554844e-07 3.6719426134368412e-05 -0.63866332173347462 0.00018411874771118167 0.28159804642200476 0.81255987286567699 0.78656607866287243 3.5000000000000004 0.4336035698652268 0.48985491693019872 1.4243022633309012e-05 1.9797078465444431e-07 0.47670248150825506 0.77349027991294872 7388213.5000000009 0.0014783105580136182 0.90266466140747081 0.40405890345573431 0.49410566687583929 0.60355338454246532 3.1868839869275696e-05 0.44639429450035101 4.5851569666410803e-05 2.7719766876543875e-05 3.2752000093460087 0.38457259535789495 2642662.0000000005 0.91597560048103344 0.0003823183360509575 -0.00099530816078186013 0.0015392326749861243 2.6528407943260394e-05 5812196.2500000009 0.0015649199485778811 2.4638598006276883e-05 5.271834373474122 0.46779793500900274 1.4852956155664289e-05 0.00052714848425239335 2.7842398594657428e-05 2.5407388420717328e-05 0.12101363390684129 5.1634002375067218e-05 0.53660431504249584 1.9958570192102346e-05 4.3142850699950948e-05 3.5394477890804417e-05 5.5822345530032187e-05 0.0018566835788078608 0.0010305976611562075 0.001562721037771553 0.091084487736225142 0.0023687880020588641 5732882.5000000009 0.72576013207435619 0.65588989853858959 6.0764181398553781e-05 5.1404058933258066 0.56559568643569957 0.53461256623268139 0.00062426834483630966 4.0704020648263402e-05 0.00031815444526728248 0.7789435386657716 0.91597560048103344 0.0011468770680949094 3.0396479368209843 0.00079123766045086097 -0.00051006674766540517 0.00041479544597677892 7.2021921369014316e-06 2.5531291961669926 3.3728194466675638e-05 4.7806784095882912e-06 0.78656607866287243 0.20170330256223681 0.038328353315591819 0.070237349718809142 1.2184353636257585e-05 0.91597560048103344 0.78656607866287243 0.11056237667798997 0.60355338454246532 0.0021093350369483237 0.17542612552642825 0.5107465684413911 7.3197672463720678e-05 0.53660431504249584 5.8491785526275644 4.0704020648263402e-05 -4.2876590669038697e-06 0.001163387962151319 0.57915958762168895 -0.0032174520893022414 0.0012061456218361857 0.00028158168424852198 1.1900868230441121e-05 2.8020703211950607e-05 2.5397677745786499e-05 0.0013275664532557132 0.84282988309860241 0.38919793069362646 3.2122601623996168e-05 0.00069705187343060981 0.38024500012397772 4.7552466639899656e-05 0.48689083755016332 3542176.2500000005 0.0015146473888307812 5.271834373474122 0.70336249470710765 0.73735404014587413 2.6653594431991227e-05 0.0011058477684855463 2.6528407943260394e-05 1.5000000000000002 -0.046882672235369675 0.2011147886514664 0.00041894172318279749 0.42698234319686895 0.40759989619255071 0.62450411915779125 0.0017970827175304296 -0.2472487539052963 5.0000000000000009 1.0000000180025095e-35 0.45000000298023229 0.71725097298622142 3.8100886344909672 0.020174345001578334 0.0011058477684855463 0.39200571179389959 0.00091373856412246834 2.3005201001069512e-05 3072984.6250000005 0.0019358638674020769 -1.1585910215217153e-05 6756282.2500000009 0.73308631777763378 0.61066684126853954 0.84282988309860241 1.7466938516008671e-05 0.43391397595405584 0.62889066338539135 0.001120822911616415 -0.72831586003303517 0.70765110850334179 6.6935866925632595e-05 1.0000000180025095e-35 0.00026924110716208821 9.7865145107789448e-06 0.00090533465845510374 1.4534958154399648e-05 1.7113085959863387e-05 0.40405890345573431 4.7552466639899656e-05 0.0028579657664522533 0.98296290636062633 0.38671819865703588 -2.8105200726713515e-06 0.0011159877176396551 0.47902791202068334 0.30957530438899999 2.292899534950266e-05 0.35913588106632238 0.74153295159339916 0.91597560048103344 0.00061877822736278187 1.4997541256889237e-05 1.3208073141868228e-05 0.98296290636062633 0.33868363499641424 0.00033011029881890869 3.6957089832867502e-05 0.12940952181816109 0.0012817265233024957 -0.00022891163825988767 0.00050943053793162118 3.5000000000000004 0.00047263152373488998 2.6336198061471808e-05 -0.00029941821412649 0.73398959636688244 0.46539056301116949 2860126.3750000005 2.5000000000000004 4.0088558307616047e-05 -0.54684510827064503 0.00089997131726704549 -0.3761997371912002 2.0718270206998571e-05 3.5000000000000004 0.16795966774225238 -0.91597560048103321 0.48749141395092016 0.49108110368251806 2.1146953258721627e-05 0.14606569707393649 0.00033562157477717852 3.5000000000000004 1.9678323951666247e-05 1.3769827660325975e-06 -0.00046769593609496946 0.78333333134651195 0.00034496589796617633 -0.37940952181816096 0.91597560048103344 2.1841028683411427e-05 0.4259591549634934 0.48582038283348089 2.3690414309385236e-05 0.78656607866287243 0.00086100745829753589 -0.10552754253149031 0.00074982387013733398 0.32339318096637731 1.5271813936124093e-05 2.6805368179338988e-05 0.17161474376916888 0.78656607866287243 1.5094969512574609e-05 4.1110541820526132 0.5969042479991914 0.64778751134872448 0.54200655221939098 0.56559568643569957 0.0013077573385089638 0.60355338454246532 0.78656607866287243 3.1731056878925308e-05 0.38599240779876715 0.45889550447463995 0.78656607866287243 0.00039483993896283215 0.52208027243614208 1.0000000180025095e-35 3.5000000000000004 0.40760879218578344 0.34949961304664617 3175161.6250000005 0.00047034352610353386 0.00052328387391753506 2.956706703116652e-05 0.60355338454246532 2.7842398594657428e-05 3.1177445634966723e-05 0.0001722183151287027
decision_type=10 10 10 8 2 10 2 10 10 8 2 10 2 2 10 10 2 10 2 2 2 2 10 10 10 10 2 10 2 10 10 10 2 10 2 10 2 10 10 2 2 10 2 10 10 10 10 2 10 10 10 10 2 10 10 10 2 2 10 10 10 10 10 10 10 10 10 2 2 10 2 2 2 10 2 2 10 10 10 10 10 2 2 10 10 10 2 10 10 2 10 2 2 2 2 2 10 8 2 2 10 10 2 10 10 10 10 10 2 2 10 10 10 2 10 10 2 10 10 10 10 2 10 10 10 10 2 10 2 2 10 10 10 10 2 10 10 2 10 2 10 10 10 10 10 10 10 10 8 10 10 10 8 2 8 2 10 10 10 2 10 10 10 10 10 10 2 10 2 10 10 10 2 2 10 2 2 10 2 2 2 2 2 8 2 10 10 10 2 10 2 10 2 10 10 2 10 10 10 10 10 10 10 10 10 10 10 10 10 2 10 2 10 10 10 10 10 2 2 2 2 10 10 10 10 10 2 2 10 10 2 2 10 10 10 10 2 10 2 2 10 10 10 10 10 10 10 10 10 10 2 10 2 10 10 10 10 10 10 2 10 2 10 10 2 10 10 10 2 10 10 10 2 2 2 10 2 10 10 10 2 10 10 2 10 10 2 2 2 10 10 2 10 2 10 2 10 10 10 2 10 2 10 2 2 10 10 2 2 10 10 10 10 2 10 2 10 2 10 10 10 2 10 2 10 10 10 10 10 2 2 10 10 10 2 10 10 2 2 10 10 2 10 10 10 2 10 10 2
left_child=3 2 7 6 10 8 19 17 104 13 119 16 -7 147 36 20 -3 32 -18 81 -12 27 28 24 25 91 -25 -17 40 30 -21 218 38 34 190 103 89 -30 187 -40 -23 44 -43 -44 95 49 47 -47 -48 50 60 55 178 56 57 106 -54 -55 179 86 62 64 63 65 -62 105 171 276 115 70 212 72 166 191 75 80 -77 -78 230 -80 274 82 130 -72 -46 108 -53 88 141 177 175 92 -24 -76 -13 -27 158 129 99 100 -9 112 -71 113 -6 -22 167 145 109 206 -111 -112 269 -26 -42 -67 259 231 -50 239 121 122 323 124 126 -125 -123 -68 -81 -97 -1 132 -122 146 -75 196 139 138 140 290 142 -69 143 -138 194 -106 -32 148 149 -5 -151 152 153 -150 320 156 -156 -158 159 160 180 162 192 164 -160 -37 286 232 -169 289 -102 -65 173 174 -63 176 -91 -8 -52 -59 -16 182 184 -183 185 -153 -15 -2 -189 -190 -14 -74 -162 -179 -95 -196 197 -133 -198 200 -200 202 -202 204 -201 -206 217 208 210 -210 -208 -212 213 -61 -215 -129 -174 -31 -29 -220 -70 -178 223 225 226 -218 -224 -214 -229 -230 -66 -114 -51 -180 -148 -236 -237 238 -99 240 -4 242 -191 244 -243 -176 247 -238 -124 -116 251 -20 254 -254 -253 -256 -257 -157 -259 262 -261 -262 -34 264 265 267 -267 -264 -268 270 -100 -271 -273 -39 -58 -194 277 -64 281 282 -281 319 -280 -161 285 -285 -56 -288 -289 -170 292 -292 313 306 295 -295 -297 300 -299 -300 304 302 -302 308 -293 -306 311 -308 309 -304 -310 -294 -305 315 -315 -38 -317 318 -318 -278 321 -149 -263 -121 326 -326 333 328 -328 331 -331 -330 -333 334 336 -336 338 348 339 340 -175 -342 344 -344 346 -345 -341 -338 -335
right_child=1 11 4 9 5 12 14 98 -10 -11 15 94 33 186 96 21 18 -19 250 29 45 22 23 26 35 41 -28 31 37 85 133 -33 116 -35 -36 165 136 273 39 -41 114 42 43 -45 84 46 48 -49 118 51 52 59 53 54 71 -57 74 58 -60 69 61 172 67 66 78 68 127 87 220 102 83 -73 73 134 93 76 77 -79 79 128 -82 -83 -84 -85 -86 -87 -88 -89 -90 90 -92 -93 -94 144 -96 97 -98 237 101 -101 170 -103 -104 -105 107 -107 -108 -109 -110 110 111 -113 117 -115 249 -117 -118 -119 -120 120 131 123 248 125 -126 -127 -128 215 -130 -131 -132 135 -134 -135 -136 -137 137 -139 -140 -141 -142 -143 -144 -145 -146 -147 234 154 151 150 -152 181 -154 -155 155 257 157 -159 163 283 161 -163 -164 -165 -166 -167 -168 168 169 -171 -172 -173 216 324 245 -177 221 193 233 -181 -182 183 -184 -185 -186 -187 -188 188 189 241 -192 -193 275 -195 195 -197 198 -199 199 203 201 -203 -204 -205 205 -207 207 -209 209 -211 211 -213 227 214 -216 -217 222 -219 219 -221 -222 -223 224 -225 -226 -227 -228 228 229 -231 -232 -233 -234 -235 235 236 246 -239 -240 -241 -242 243 -244 -245 -246 -247 -248 -249 -250 -251 -252 252 253 -255 255 256 -258 258 -260 260 261 322 263 -265 -266 266 268 -269 -270 271 -272 272 -274 -275 -276 -277 278 -279 279 280 -282 -283 -284 284 -286 -287 287 288 -290 -291 291 297 293 294 -296 296 -298 298 299 -301 301 -303 303 312 305 -307 307 -309 310 -311 -312 -313 -314 314 -316 316 317 -319 -320 -321 -322 -323 -324 -325 325 -327 327 -329 329 330 -332 332 -334 337 335 -337 347 -339 -340 342 341 -343 343 345 -346 -347 -348 -349 -350
leaf_value=-0.006451046488084854 0.00064321873926899214 -0.0041663024826106895 0.0056182070755326297 0.0017591596534411874 -0.013543778923256587 -0.0091961990960503625 0.00091070846148131224 -0.0010027394020510544 0.019074048559095159 -0.010180570852282791 0.01085200560157383 -0.0048769712060818034 -0.0011298718282981655 0.008752717714319241 -0.00019699694217850734 -0.0034568203271097275 -0.00045699460454803556 0.0079426659436132099 -0.00071649952979128322 -0.006822261559758647 -0.012004228912922878 0.0086000532959159635 0.0068775174027991591 -0.004365386667324187 -0.011417386232789133 0.01620501055865535 0.0040792231218413529 0.020299920413084208 0.0097971427479227689 0.00013000732638075783 0.01456084476184305 -0.008107510357245766 -2.9777747750183007e-05 -0.0105851272220111 -0.012415761271045314 0.0071674555968187668 0.0036648401843001714 0.0043201643676741329 -0.00085364135177998788 -0.012137496076106211 0.0082894461159012632 -0.0055004023751413309 0.01815168698404462 0.0030007687996619205 0.024111299677989514 -0.0037933819144011479 0.016798533597844899 -0.013930090525052676 0.0066178043353153637 0.0045153422298171092 0.019439275134354918 -0.00069120002649675249 -0.012629873555403667 -0.018001717781232465 -0.014550747357814413 0.016949206073078874 0.01634188674932939 -0.002652816475344238 -0.018850838304966828 -0.00086597229782039368 -0.012052687966121176 0.0012420297796746551 0.0033821696452522756 -0.001680079693655305 -0.00068701788415220224 0.0060789902011447539 0.0056826196796862819 0.0069687719668074704 -0.0018310904132470807 -0.0065508788246547798 -0.0065743272148252579 -0.01087045059974541 0.0016110323769819991 0.0051593110686861711 -0.0040382544216817119 -0.0084572781962973295 -0.00083596064137652379 0.01440664747577762 -0.001559747068430786 0.0036263141737252653 -0.0052906851261693326 0.0088742751439967685 -0.0060766770189035462 0.0015528984324209452 0.0034657103124026184 -0.0032738610390801743 0.012238885299340306 -0.0022155089812103779 0.011150388385417473 -0.0005428567284152014 -0.0016818934414275909 -0.010499343216065143 -0.0048857894040322111 0.011441013037558401 -0.0015071645790889644 0.014495353525954841 0.011708110660343603 -0.0063475393343356921 0.0016921590617073145 -0.0010547551528655532 0.012454758243084093 0.010948465648122064 0.011714502383271864 -0.018338272219801666 0.0073368145600938781 -0.00083899814195820125 -0.0029007691798930376 -0.0085372562576860479 0.0067042387540385195 -0.00091528220862079871 0.020751977371762344 0.0017188147375031767 -0.00049273381931364956 -3.2170831875478433e-05 -0.006446598268072379 -0.0038295481114803149 0.0019277792270357473 -0.014010396124844374 -0.0099855365566259065 -0.0046442969726876336 0.0021580522955106239 -0.00058116592901053974 -0.016841457801887366 -0.010600102025419869 0.0055742564774700311 0.0011769900380262711 -0.013925748481923617 0.0058290563042594648 -0.011250867305754095 -0.001225336524387262 0.0068995760907089119 0.010859562094909682 -0.016011399909700665 0.01200411777654258 -0.0050713582967606167 -0.013994333836338451 -0.0093611860129829555 0.0059914959767159446 0.0012981733717137866 0.011566793934742673 -0.005584961613783657 -0.012933879583859506 0.0002513422848826402 0.0012249223938948202 -0.00071560572094589285 -0.0044779927802344925 -0.0010328906184752336 0.0031125210587228391 -0.015241102545665438 -0.021094621008434091 0.0019492631430644599 0.014866969784165115 0.0096402136109920763 0.00734139942517518 0.010393340035733185 -0.013628915811366027 0.0029082250857139337 -0.012995862602183311 -0.0079039349616975979 0.0081295470566236268 -0.0017913304431088637 -0.0054720820572844399 -0.0071430188446786023 -0.010811755160266674 0.0041794123360448694 -0.004484604747317795 0.0099900676010083317 0.0060897760649024305 -0.0009074974068041733 0.0077777953332413005 0.0013809613508069219 0.0018611146169746251 -0.0060412337698538265 -0.0058047809621426293 -0.0010961433782686525 0.0059112763336304245 0.014907128567253059 0.0031110410319526174 0.013667354501846245 0.015500354369187841 0.0041318406839302045 0.0030009527174334437 0.019750782118891121 -0.019293481514011397 -0.012600497489545717 -0.0034638765264883532 0.0022873561089225263 0.0032375447944112254 0.0010873407448116791 -0.002245739799843069 0.01326099593384167 0.016624755968825133 0.001803316389468058 0.012260443879440291 -0.013215532696125007 0.0095659333194760103 -0.013052640008027389 -0.0031445302389642316 -0.0035306248888980121 -0.008146205562004653 0.0163797827756887 -0.0010310335774134736 0.00016663179918640001 -0.0014312615466976822 0.014999812567161867 -0.0036332516012253457 -0.0072446857401848395 -0.0073797230364083741 -0.0028312700345740111 0.011498167991550009 0.010855901230930845 -0.0076850657289282533 -0.010661137287923027 0.0079507835682990999 -0.0075307061014416275 -0.0081526648287898445 -0.0050044996317290683 0.015643410817158025 0.00039137227089657104 0.01707663425928756 -0.0074426447956017485 0.0022304188002674084 0.0024505201356774782 -0.0077324681252773581 -0.0072461155328989784 0.0049442332799371951 0.013821554146778089 -0.0063473411168131991 0.0084904093211945735 -0.0017639752470713268 -0.0095780133850811699 0.00031288034906567288 0.019249266682101498 -0.0027087641493843775 0.012858269273146178 -0.0060298030687643911 -0.00052787943419116488 -0.0067093562464120952 0.0097933836025916564 -0.0099455246183456168 -0.0026004657208675047 -0.01307906655292445 -0.0090029999043861088 0.012040103046111804 0.0041023791261547149 -0.0099638928129847423 0.015388751976135966 0.0101407073091784 -0.0068401445033537027 0.0068819746012095118 -0.0011667097519990157 0.0052329241765096844 0.0069624567413993296 -0.0060522271836627615 -0.012051561985270551 -0.01042527206320353 -0.0035448370522984962 0.0081268999848408234 -0.0059031229923315566 -0.01902569164716169 -0.005817869617524311 -0.013868781428202089 -0.0083660786382365321 0.009368215360658164 -0.0072274026984380244 0.0059132397564191641 0.0020230871898071325 0.004739953645679011 -0.007490216813066955 0.0068514834885071057 0.0070951434347580602 -0.0059508723117487608 0.007915728814709649 -0.0097752257963484839 0.0035569377864564113 0.011195815917218077 0.00078641383653160301 -0.01228761754197317 0.013556000027086972 0.003828946723813348 -0.013923232748732304 0.0063132554813181202 0.0068518454827764834 -0.0075013780471455838 0.0062985192262694639 0.0031609599975887387 -0.0078950266809425934 0.013067610264293797 -0.0026264410811669132 -0.014772057989786574 0.012018946575510859 0.012287138361406604 0.0031482522985702239 0.0033439227127237715 0.0033133083591240092 -0.01098317365844708 0.0037476996379479698 -0.0011906034959696641 0.007373695904820881 0.0010496707095874666 0.013396478086846629 0.0046287827595545353 -0.017233543116697808 -0.0023468465768356032 0.0042517323961329444 -0.0067892489243783537 0.0060322671021667386 -0.0037308314019168336 -0.010209442443168877 -0.0027946195816130927 0.0055716707373566444 -0.0068923278945391435 0.0038160066110399281 -0.00053706358797838446 0.0067120142998170545 0.00085781779170639953 -0.0097914512458452622 0.010474560836415854 0.0026753585247245898 -0.012870080281412205 -0.018716909905565019 -0.012768429294128102 -0.00035420796137879796 0.005158683033462905 0.014965928197193923 -0.0042863066347578515 0.006478014496205887 -0.0069313079571422702 -0.0039134507034842333 -0.01233266307653207 -0.00065088548132328518 0.016791466926357586 -0.003498363381879629 1.9908214538414604e-05 -0.015724697314172968 0.00077975431393241936 -0.0067106027020646612 -4.7711846533833786e-05 -0.0065772960474176339 0.0062285247620646605 0.018224969348963407 0.0015883591658480123 0.0012548350706022037 -0.0017694851340239416 -0.0099022143328219309 -0.0085854576848388448 -0.0096741377713144804 0.0071856029656448741 -0.0059289012025459413
leaf_weight=88.481421202421188 33389.405650869012 2034.0463112145662 488.16391548514366 29157.290472283959 52.736530840396881 1207.3643758296967 4792.4790925234556 4418.4068156033754 82.242941275238991 171.66090439260006 118.73626619577408 2874.3500280231237 945.89668948948383 713.96598196029663 49654.282645732164 1368.4912469387054 27959.418569087982 299.95511698722839 2510.8570645451546 106.23949104547501 337.72830770909786 164.23047384619713 215.47742894291878 1315.0043934285641 138.7116671949625 107.98997086286545 342.69523605704308 51.744831740856171 763.11136573553085 111.94784907996655 125.46249282360077 72.988680452108383 51006.212447583675 227.39524634182453 112.73996356129646 219.96646723151207 3031.6775248497725 452.68914660811424 474.96490214765072 169.22499243915081 89.985489040613174 208.93988861143589 95.975562453269958 633.40396113693714 103.73549990355968 425.18268351256847 57.495978266000748 238.45273357629776 90.744116619229317 361.47293417155743 88.489175960421562 250.72576127946377 57.49091799557209 120.23896569013596 70.991469725966454 63.242602571845055 131.74063116312027 71.740895733237267 67.488679811358452 1006.9194998443127 334.46425114572048 4185.4864537417889 270.48550392687321 1182.1818752288818 1344.4298583269119 449.97678922116756 92.23999685049057 53.498205974698067 2746.8377294689417 53.730183407664299 1991.4246966093779 90.488165780901909 71.989301949739456 244.21253862977028 100.2249381095171 256.46981038153172 327.94237433373928 109.9853293299675 359.2313125282526 58.746472358703613 71.240347251296043 122.2057476490736 501.14632594585419 237.90721344947815 51.494853466749191 394.12174810469151 117.73874329030514 828.66679126024246 179.49094808101654 4931.41275434196 5599.7506819665432 129.23655138909817 216.23151922225952 624.18562552332878 2091.2931874245405 163.23374988138676 93.215095177292824 65.994334071874619 2406.7006862014532 34629.452868700027 90.745098993182182 105.74468179047108 111.72081744670868 65.48618184030056 329.21078264713287 154.74173673987389 683.18677920103073 88.987821444869041 718.27651330828667 319.63860510289669 159.6975978910923 78.732076436281204 39044.930277019739 309.17777639627457 368.71055360138416 171.97944886982441 3349.6758135557175 57.245358318090439 75.493737295269966 934.8942785859108 55.745929673314095 120.982412353158 255.1902222931385 137.99140273034573 88.489136084914207 1012.6460109502077 263.70693863928318 60.743292137980461 517.20845600962639 68.742787003517151 241.95354901254177 70.741738930344582 106.97735029459 366.43628814816475 212.21398562192917 67.705127269029617 288.22056923806667 490.62395755946636 4157.8708064556122 128.68716971576214 741.58668628334999 54.496763795614243 2053.7145926207304 177.24122270941734 135.22936773300171 111.49046406149864 282.68884511291981 113.44868022203445 57.994933009147644 64.434194952249527 90.454661145806313 65.475863397121429 923.34578150510788 50.742942750453949 196.84219266474247 93.929833322763443 407.82930918037891 64.96788501739502 207.72338846325874 380.39374142885208 913.95954269170761 284.73380689322948 187.21578243374825 193.43498453497887 261.70494805276394 135.96519190073013 62.494708701968193 181.48589326441288 102.24141812324524 51.245629891753197 5035.3959677964449 4593.9857252091169 210.98580479621887 251.45160631835461 444.9544587880373 405.97925941646099 64.749406427145004 768.23545372486115 68.993172511458397 59.744975104928017 629.16535930335522 65.973472356796265 53.971929520368576 52.238642245531082 61.961101055145264 77.444156676530838 472.14766402542591 6329.8017620742321 1158.474906116724 753.98436492681503 51.740335643291473 189.4801868647337 8386.4859841167927 162.23083305358887 52.480868518352509 108.98172470927238 66.742266714572906 2502.4312030076981 157.22364343702793 64.996431410312653 189.23132748901844 112.2313004732132 76.982929199934006 2070.1015798896551 181.98354956507683 103.98414832353592 304.94225460290909 263.36937071382999 83.227647140622139 183.7102694362402 94.966132536530495 65.4808359593153 63.734635710716248 59.991164058446884 756.27100218832493 473.17052778601646 196.48450803756714 72.954502984881401 184.72542986273766 55.490096256136894 403.8912168443203 1976.9627814739943 2519.5956848859787 300.22676984965801 135.73393419384956 369.22460483014584 87.24046790599823 136.48136006295681 351.45232325792313 214.9474710226059 150.23681233823299 30609.928240656853 53.746614724397659 84.989678099751472 250.69675835967064 155.2121564745903 273.1938543766737 134.2344393581152 141.9842766225338 68.737135410308838 287.45670585334301 50.997125312685966 391.22873510420322 76.748462706804276 98.24852192401886 195.48207114636898 99.227751865983009 200.20419286191463 216.20441195368767 66.24282993376255 12568.674752563238 95.740435734391212 197.98167930543423 129.23373907804489 358.21979519724846 292.96925103664398 2427.2110769152641 84.721911460161209 195.63068647682667 58.988496214151382 648.17980349063873 50.496842876076698 177.98652346432209 277.24039402604103 134.74459430575371 779.69200591742992 659.96786659955978 102.74610069394112 139.74451297521591 112.7463026791811 493.49100472033024 431.74128092825413 63.997984752058983 53.741254150867462 135.21169827878475 114.22279797494411 170.99143695831299 75.494971245527267 439.98041525483131 336.47071534395218 62.244185581803322 200.48715500533581 589.21916507184505 183.96342670917511 282.45778672397137 175.73348332941532 201.97333911061287 85.489417165517807 130.23399977385998 113.73455703258514 147.98838770389557 192.48392604291439 1474.7140835821629 149.49310149252415 178.24783828854561 437.48471382260323 61.747349202632904 429.23057639598846 1323.426406905055 522.4705645442009 93.747865185141563 911.69832774996758 67.248558551073074 380.23838585615158 779.4751763343811 106.49566729366779 182.48925986886024 818.71459783613682 52.742036581039429 1631.8913687467575 278.48102320730686 112.49811062216759 1157.1621761471033 3300.6822264939547 280.4904049038887 7050.1457549482584 67.998188808560371 283.7372513115406 2500.1791027784348 75.993984818458557 59.978066891431808 88.224037915468216 4485.2447568774223 117.2343677431345 145.23812735080719 185.45849317312241 254.48483361303806 1244.5355226844549 126.49425050616264 170.48078127205372 270.72907249629498 94.492175161838531 61.993728578090668 680.70691324770451 66.241313472390175 2918.5295171290636 97.745332330465317 11770.414584591985 1299.2997611314058 157.98952978849411 94.739983111619949 623.66032169759274 941.68924690783024 814.66994713246822 668.40735095739365 627.43228313326836 98.993717983365059 285.72884480655193 942.90414723753929
leaf_count=354 133560 8138 1953 116641 211 4831 19171 17674 329 687 475 11501 3784 2857 198626 5475 111847 1200 10044 425 1351 657 862 5261 555 432 1371 207 3053 448 502 292 204029 910 451 880 12127 1811 1900 677 360 836 384 2534 415 1701 230 954 363 1446 354 1003 230 481 284 253 527 287 270 4028 1338 16743 1082 4729 5378 1800 369 214 10988 215 7967 362 288 977 401 1026 1312 440 1437 235 285 489 2005 952 206 1577 471 3315 718 19726 22401 517 865 2497 8367 653 373 264 9627 138524 363 423 447 262 1317 619 2733 356 2874 1279 639 315 156185 1237 1475 688 13399 229 302 3740 223 484 1021 552 354 4051 1055 243 2069 275 968 283 428 1466 849 271 1153 1963 16633 515 2967 218 8216 709 541 446 1131 454 232 258 362 262 3696 203 788 376 1632 260 831 1522 3656 1139 749 774 1047 544 250 726 409 205 20142 18377 844 1006 1780 1624 259 3073 276 239 2517 264 216 209 248 310 1889 25320 4634 3016 207 758 33547 649 210 436 267 10011 629 260 757 449 308 8282 728 416 1220 1054 333 735 380 262 255 240 3026 1893 786 292 739 222 1616 7908 10079 1201 543 1477 349 546 1406 860 601 122443 215 340 1003 621 1093 537 568 275 1150 204 1565 307 393 782 397 801 865 265 50280 383 792 517 1433 1172 9710 339 783 236 2593 202 712 1109 539 3119 2640 411 559 451 1974 1727 256 215 541 457 684 302 1760 1346 249 802 2357 736 1130 703 808 342 521 455 592 770 5899 598 713 1750 247 1717 5294 2090 375 3647 269 1521 3118 426 730 3275 211 6528 1114 450 4629 13203 1122 28201 272 1135 10001 304 240 353 17942 469 581 742 1018 4979 506 682 1083 378 248 2723 265 11675 391 47085 5198 632 379 2495 3767 3259 2674 2510 396 1143 3772
internal_value=1.94979e-05 -0.000363761 -0.000198819 0.000905377 -0.000795535 -0.00417782 0.000640885 2.61337e-05 0.0029876 0.00187438 -0.000660582 -0.00130771 -0.00605258 0.00193912 0.000527428 -0.000449081 -0.0010869 0.000394984 -0.000951619 0.00297427 -0.00065062 0.00101795 0.00172171 0.00050141 0.00211189 0.00376689 -0.00260843 -0.00174709 0.00473749 0.00375272 0.00605868 0.00460069 0.000372769 -0.0031776 -0.00159574 -0.0023305 0.000991488 0.00699892 0.000841119 -0.00393037 0.000539141 0.00551183 0.00276733 0.00516971 0.00853175 -0.000673974 -0.00464206 -0.00755817 0.00396997 -0.000615939 -0.000441936 -0.00197178 0.0021796 0.00161414 -0.000955372 0.0010973 0.00365327 -0.00884136 -0.00282398 -0.00289531 -0.000652373 -0.00101319 0.000283008 -0.000626588 -0.00462146 -0.00241083 0.000563581 0.00318483 -0.00159101 -0.00338141 -0.00370407 0.000937073 0.0018418 0.00495441 0.00415634 0.00149533 -0.00116424 0.00318199 -0.00356237 -0.00661566 0.00685683 -0.000869495 -0.00237231 -0.00570456 0.017768 0.00223612 0.00361275 -0.000127033 0.00578991 0.00025226 -0.00031987 -0.00175671 0.0010039 0.00681473 -0.00346248 0.00624844 0.000117257 0.00417893 -0.000303681 -0.000741885 0.000393199 -3.96425e-05 0.00575426 -0.00581707 0.000488399 -0.00856543 0.000365448 0.00206619 0.00312774 0.00162628 0.00588136 0.0147269 -5.67057e-05 -0.00369666 -0.00207401 0.0033253 4.80112e-05 -0.000151708 -0.00103457 -0.00218548 -0.00253075 -0.00423606 -0.006333 -0.00224723 -0.00690145 -0.000298828 -0.0098263 -0.00465579 -0.00970453 0.00995121 0.00325666 -0.00160513 -0.00997744 0.00686671 0.000397176 -0.00135088 0.00137491 0.000275504 -0.000108564 0.00168383 -0.00190111 -0.00327392 -0.000802427 -0.00537756 0.00802054 0.00432131 0.00544806 0.00177938 0.00190609 0.0017043 -0.00820227 0.00607023 0.00807992 -0.00492197 -0.00119569 0.000525068 0.00352701 0.000542941 9.82777e-05 0.00014437 7.82315e-05 0.00119848 0.00140068 -0.00410772 -0.00121035 0.00271565 -0.00222515 0.00295126 -0.000620937 -0.00522311 0.0015961 0.00113503 -0.000714775 -0.000927848 0.000555337 0.000714425 0.000405435 0.00154841 0.0106842 0.0060116 -0.000142184 0.000515816 0.00426769 -0.00744954 -0.000399985 0.00527694 0.00621166 0.000914603 0.00193588 -0.00132109 -0.000283964 0.0126616 0.00157649 0.0047972 0.0095163 0.00188686 -0.00117817 -0.00272706 0.000143751 0.00047605 0.00466729 0.00807566 0.011833 -0.000463594 0.00514872 0.00830993 -0.000411147 -0.00176417 0.000313299 0.00707806 -0.00362087 0.00328344 -0.00196976 -0.0033278 -0.00632677 -0.0064994 0.000941668 0.00664584 0.00790918 0.00467185 -0.00256746 0.00268905 0.00136241 -0.00176399 0.0023518 0.0014672 0.00287219 0.00126098 0.00244985 0.00462852 -0.00162693 -0.00013871 0.00675034 0.0049413 0.00445549 0.00603654 0.00357261 0.000128122 0.00462625 0.0014736 0.00257679 -0.00335037 -0.0046006 0.00292582 -0.00213523 -0.0038924 0.0062226 0.0040775 -0.0124451 -0.00432904 -0.00169538 -0.00279757 -0.00428489 0.00180054 -0.00491517 -0.00524353 -0.00431427 -0.0048072 -0.00155544 -5.9833e-05 -0.00142735 -0.00119809 7.49332e-05 0.00241742 0.00141786 0.00207238 0.00308839 -0.00357094 0.000302978 0.00182689 0.00262851 -0.00197837 -0.00406347 0.00269564 0.0101582 0.00193993 0.0048434 -0.000237496 0.00577778 0.00731646 0.000838263 0.000825483 0.00980031 0.00400535 0.00149232 -0.00233675 -0.003923 -0.00187722 0.00383786 -0.00847552 0.00163512 0.0025999 0.00124335 -0.00046314 -0.00417702 -0.00625041 -0.00913082 0.00241211 0.00431592 0.00559597 0.0016407 0.000928061 -1.48317e-06 -0.000382717 0.00463357 0.0028757 0.000732623 -0.0019176 -0.00240567 -0.00344417 0.00287727 0.0024056 0.00228752 0.00159632 4.44055e-05 0.00202573 0.00152134 0.00315463 0.00231589 -0.00368746 -0.00787299 -0.00405689 -0.00052882 -0.00352131 -0.00121546 0.00432283 -0.0012914 -0.00377109 0.000271224 -0.00195683 -0.0053039 0.00326412 0.00897421 -0.00104337 -0.0019132 0.000372415 -0.00305645 -0.000461578 -0.00351705 -0.00257729 0.0014007 0.00395889 -0.00374372 -0.00239129 -0.0071772 -0.00476599 -4.53641e-06 0.00357879 -0.00344696
internal_weight=515742 360000 306460 155742 83895.6 3209.81 122358 222564 664.669 33384.7 80685.8 53540 2545.14 33213 116694 70867 48574.4 105064 46540.3 5664.21 62311.2 8555.83 6822.39 4863.68 3205.98 2336.67 1657.7 1733.44 1958.71 4710.43 1859.36 364.949 104764 1337.77 1110.38 869.307 54744.8 1269.54 42893.1 644.19 689.169 1775.73 938.319 729.38 837.41 62192.4 887.369 663.635 223.734 61305.1 54341.7 6963.4 4032.44 3789.96 1678.78 1610.36 2111.18 319.214 198.975 5353.04 50309.2 36304.2 14005 10667.5 2764.32 4265.16 6402.32 3337.52 3772.69 4984.58 4819.13 1359.57 1269.08 717.896 2053.69 1032.59 694.398 437.928 2429.85 935.186 338.193 953.787 831.581 2229.33 155.23 2851.07 368.465 1116.15 287.486 18701.8 12978.9 560.945 431.709 1021.1 4965.64 682.18 61948.7 574.19 117501 44174 9544.55 73326.5 165.451 513.376 582.426 492.47 1547.11 529.689 2456.94 1738.67 558.068 238.43 73220.8 447.889 524.939 621.956 61870.9 69712.1 166.238 9818.78 8974.42 3147.34 1523.52 1623.82 473.178 1150.64 384.689 626.154 575.955 231.977 330.435 5827.08 162.723 1753.12 456.427 5664.36 36043 7909.26 7418.63 28133.8 3260.76 107.995 2519.18 465.462 920.878 440.701 1386.69 32026.9 30721.3 29312.2 154.889 1409.15 1032.08 108.738 1305.57 1043.92 669.639 472.797 61855.5 61192.6 60170.1 9886.62 9601.88 662.863 469.428 355.932 551.183 863.927 448.707 267.222 5126.14 5776.17 33539.9 29720.4 4825.92 7379.1 6973.12 5722.95 242.472 131.486 50283.4 377.065 258.853 118.212 204.881 142.92 1186.11 42248.9 8859.48 2529.68 997.637 261.469 9414.67 930.466 785.648 161.463 5596.65 2573.17 3023.48 2956.73 535.669 378.446 266.214 2421.07 350.964 285.968 1180.6 995.697 732.327 266.938 465.389 160.447 2589.8 1823.18 816.262 533.914 3819.49 184.902 291.96 240.216 3150.73 2041.71 3608.51 865.936 2742.57 565.709 2606.84 766.616 702.881 566.4 1494.67 69654.9 415.22 153.983 1261.22 978.535 727.838 342.213 207.979 844.358 775.621 1371.21 1145.21 225.994 149.246 640.437 572.626 473.398 471.395 434.953 18580.9 6012.21 3501.36 327.215 3174.14 3078.4 2720.18 374.282 280.353 58521.2 5242.91 5183.92 53278.3 2272.12 1994.88 1860.14 1579.4 280.733 799.712 3508.68 2900.19 608.486 495.739 506.43 266.952 8500.71 2221.37 345.98 1875.39 1427.91 398.715 447.473 1029.2 1022.55 642.155 359.697 488.688 417.697 215.723 215.976 28005.1 8074.78 19930.3 3415.39 826.973 648.725 499.232 7926.79 2275.13 1845.9 5651.66 4573.21 3661.51 3567.76 1078.45 885.971 2588.42 1001.2 2030.36 1699.14 331.223 1587.21 1537.4 16514.9 3581.17 12933.7 9902.06 2851.91 2568.18 246.985 261.651 201.673 4535.74 1052.13 24894.5 330.697 24563.8 2223.21 978.675 724.19 441.21 282.98 156.486 22340.6 8946.58 2984.77 5961.81 13394 5578.33 4279.03 969.852 718.4 3309.18 2383.79 925.391 1442.1 256.983 383.474 1623.61
internal_count=2063108 1440088 1225904 623020 335620 12842 489461 890284 2659 133559 322778 214184 10183 132872 466798 283497 194316 420266 186178 22663 249268 34229 27294 19458 12826 9348 6632 6935 7836 18847 7439 1460 419066 5352 4442 3478 218991 5079 171576 2577 2757 7104 3754 2918 3350 248793 3550 2655 895 245243 217385 27858 16132 15162 6716 6442 8446 1277 796 21416 201253 145229 56024 42673 11058 17062 25611 13351 15092 19942 19280 5439 5077 2872 8216 4131 2778 1752 9720 3741 1353 3816 3327 8919 621 11408 1474 4465 1150 74811 51918 2244 1727 4085 19868 2729 247807 2297 470018 176703 38179 293315 662 2054 2330 1970 6189 2119 9831 6957 2233 954 292892 1792 2100 2488 247490 278857 665 39281 35903 12591 6095 6496 1893 4603 1539 2505 2304 928 1322 23312 651 7014 1826 22661 144180 31641 29678 112539 13045 432 10078 1862 3684 1763 5548 128126 122901 117261 620 5640 4131 435 5225 4178 2680 1892 247434 244782 240691 39548 38409 2652 1878 1424 2205 3456 1795 1069 20505 23106 134171 118892 19305 29517 27893 22893 970 526 201143 1509 1036 473 820 572 4746 168999 35439 10119 3991 1046 37660 3722 3143 646 22390 10294 12096 11829 2143 1514 1065 9686 1404 1144 4724 3984 2930 1068 1862 642 10361 7294 3266 2136 15279 740 1168 961 12604 8167 14435 3464 10971 2263 10428 3067 2812 2266 5979 278628 1661 616 5046 3915 2912 1369 832 3378 3103 5485 4581 904 597 2562 2291 1894 1886 1740 74331 24051 14007 1309 12698 12315 10882 1498 1122 234091 20973 20737 213118 9089 7980 7441 6318 1123 3199 14035 11601 2434 1983 2026 1068 34004 8886 1384 7502 5712 1595 1790 4117 4091 2569 1439 1955 1671 863 864 112024 32301 79723 13662 3308 2595 1997 31709 9101 7384 22608 18294 14647 14272 4314 3544 10354 4005 8122 6797 1325 6349 6150 66061 14325 51736 39609 11408 10273 988 1047 807 18144 4209 99587 1323 98264 8894 3915 2897 1765 1132 626 89370 35790 11940 23850 53580 22316 17118 3880 2874 13238 9536 3702 5769 1028 1534 6495
is_linear=0
shrinkage=0.02


Tree=10
num_leaves=350
num_cat=0
split_feature=47 32 32 19 54 19 58 60 36 17 15 32 15 41 39 39 39 33 54 51 39 19 57 6 60 41 17 39 33 47 31 54 19 55 32 39 58 58 33 15 55 51 14 6 57 31 54 60 35 6 33 33 31 30 39 58 31 33 6 51 55 58 55 54 54 32 60 57 33 5 55 33 57 39 31 55 54 36 54 57 58 35 39 58 19 55 32 47 32 30 6 36 55 54 58 51 60 33 33 33 39 41 60 60 54 51 54 32 57 51 19 33 35 29 41 58 19 31 39 6 39 47 57 39 58 39 36 32 54 39 58 57 6 57 60 58 57 58 32 57 57 47 28 54 60 60 58 47 55 55 51 39 32 58 39 35 39 57 33 55 39 33 41 57 39 36 55 6 60 60 60 30 39 36 29 32 33 54 30 36 29 6 54 54 51 39 6 32 36 47 47 54 35 32 33 19 41 35 36 39 6 30 1 57 54 31 33 57 30 28 55 58 6 55 31 58 36 29 35 35 35 58 33 57 54 58 54 15 54 41 31 39 28 58 55 54 55 58 58 60 31 60 58 60 41 39 54 33 60 58 33 57 55 29 39 39 58 39 51 55 60 33 35 39 36 35 33 60 57 39 47 51 6 30 57 32 31 54 5 58 41 58 54 39 15 36 31 57 54 55 60 35 57 6 32 58 35 32 54 9 33 33 39 33 60 39 39 39 31 33 36 58 55 54 47 33 35 57 33 29 58 11 6 39 55 33 31 35 36 54 55 55 36 5 39 39 39 36 51 19 60 31 47 28 57 55 36 60 54
split_gain=339.089 145.734 121.083 93.0156 86.5014 97.3785 90.4464 78.4764 78.5926 68.0661 64.9666 56.9612 52.9663 52.1299 51.5256 60.0938 51.9022 51.3384 66.6461 48.242 59.9819 47.0708 46.9165 46.335 48.7957 63.0442 48.4329 46.1748 46.4555 45.5938 49.3342 47.6272 50.3833 45.2133 45.1029 44.8299 77.7373 62.1773 57.0327 44.3162 42.9929 42.6073 41.4668 41.3123 58.2368 61.5795 71.8439 48.745 41.1007 42.7549 40.7289 40.3855 38.9364 38.4051 38.2596 43.5368 38.3358 44.4687 38.0579 41.6007 45.9538 44.354 51.074 38.0434 37.2171 40.1843 37.1847 125.481 38.5834 37.1048 36.8555 36.805 46.0957 36.6782 36.4731 36.4716 58.3587 54.3842 38.7465 36.3874 36.1516 56.0255 36.511 35.9405 43.1351 39.5307 35.5934 44.596 51.3074 35.3023 35.2362 46.814 39.9142 43.4763 35.1269 34.8462 44.3951 62.5143 34.808 34.7018 53.4029 67.6804 51.1089 38.394 38.7273 37.4008 34.5654 34.4008 34.3883 40.7936 44.06 50.2448 43.5034 39.82 34.1586 34.1093 34.0772 33.5562 33.4817 36.9324 33.4424 33.1359 46.2262 59.0217 43.2448 38.6862 33.0858 34.5295 33.0738 32.9584 32.8501 32.4436 32.3989 32.2771 38.8206 37.5665 31.5107 31.7769 31.4996 31.4293 31.3109 31.2858 31.1608 31.1193 40.1541 31.02 53.9302 43.4245 41.6222 60.545 50.0858 48.9061 34.4859 41.3602 38.474 34.3215 39.9644 32.5089 30.6398 30.4356 32.5219 30.4344 30.3746 30.3473 51.9504 51.2622 35.1529 30.2441 41.425 46.4525 30.1537 29.9949 29.9231 35.4048 31.1198 29.9031 32.3583 54.6224 38.2241 34.6423 35.3525 31.0257 29.8567 58.0459 35.0953 34.5212 29.811 29.7336 29.6035 38.3434 51.5351 32.3018 31.5981 29.5324 29.5323 29.5232 45.1861 42.6953 41.7558 39.2057 50.2809 39.3692 31.008 29.565 29.385 29.2507 63.2782 29.8681 29.3655 29.1291 29.1185 29.118 29.1014 29.0958 38.3654 35.5502 31.4923 29.0848 29.0581 29.009 28.8894 28.7598 34.4292 28.7167 32.3991 40.7718 28.6982 30.4291 28.6923 28.6217 28.5583 28.498 30.2105 28.4412 59.6254 50.5143 57.8423 33.4643 29.5313 34.3355 29.9626 28.2918 28.2873 28.1579 38.5731 28.1055 38.2322 27.9695 27.909 34.7741 27.8957 36.7123 29.9037 29.4472 27.883 42.4233 27.6881 27.5771 37.1935 38.2775 37.114 38.0474 28.9532 27.6501 27.5189 27.4818 28.0545 36.3853 38.7904 27.539 37.8406 34.0182 27.4414 27.3932 27.3133 48.9651 41.4123 33.9136 27.296 27.2514 31.0306 27.0634 43.0674 50.7459 33.3391 27.2801 45.0251 38.5667 44.9182 51.3908 52.5812 37.4455 33.6787 27.9746 26.8677 32.6715 26.8283 38.6401 70.6418 47.7824 31.4577 29.0936 42.0586 27.6955 31.7575 31.1857 42.3275 27.5797 27.2457 26.7334 26.6227 26.5104 27.5736 26.4757 26.4522 26.4369 26.3973 26.3671 26.3377 26.3313 26.1825 26.0514 25.9496 26.7708 41.2617 25.9237 30.3339 39.4928 35.0238 58.3967 28.3091 28.4838 25.8937 25.8468 25.8064 25.6999 25.6744 51.5671 47.1828 45.2269 41.9161 33.22 32.6305 38.5802 30.3599 36.5136 27.698 40.8796 29.5672
threshold=0.041440375149250037 -0.0014617741107940672 0.0016896724700927737 5.0229149564984261e-05 0.00074175087502226244 9.4146438641473664e-05 0.47016587853431707 -0.12940952181816107 3.6042492865817628e-05 5.751848220825196e-05 7.4271761150157553e-06 0.001000940799713135 6.4738137552922134e-06 1.6519094856448648e-06 3.0352898647834085e-05 2.8020703211950607e-05 3.1050989491632215e-05 0.00096887350082397472 0.00078883802052587282 0.62729746103286754 2.9221359909570314e-05 0.00014011141320224854 0.38732308149337774 0.58885508775711071 0.37940952181816107 -0.00043558239121921355 0.0001049637794494629 3.5029981518164284e-05 2.7477741241455082e-05 1.0678304433822634 -0.00019666552543640134 0.00090276822447776805 3.2983172786771327e-05 0.00051089527551084768 0.00046640634536743169 5.1499018809408888e-05 0.37634053826332098 0.46840138733386999 -0.005693793296813964 5.0741666655085291e-06 0.00113606353988871 0.4507144838571549 -6.6067495936295009e-06 0.040015446022152908 0.4672511518001557 0.0018222928047180178 0.002045088331215084 -0.37940952181816096 3.5117538573103964e-05 -0.039751242846250527 0.0020257830619812016 -0.0023249387741088863 8.5175037384033217e-05 -4.5806169509887689e-05 4.5851569666410803e-05 0.6589319407939912 0.00065928697586059581 -0.0043524205684661857 0.026801148429512981 0.82840692996978771 0.0012734197662211957 0.53362509608268749 0.001169222698081285 0.00092886920901946734 0.001674670376814902 0.00092679262161254894 -0.91597560048103321 0.51617348194122326 -0.0043524205684661857 0.00366603268776089 0.0013275664532557132 0.0027044415473937993 0.35643814504146581 6.0764181398553781e-05 0.0011346936225891115 0.0014618173590861263 0.0011447643046267333 2.6378595975984357e-05 0.00092886920901946734 0.37569072842597967 0.55185663700103771 4.6039604058023549e-05 9.3674712843494503e-05 0.5107465684413911 6.0552123613888405e-05 0.0010615042410790922 0.0013124346733093264 -0.26796519756317133 -0.00060454010963439931 5.1558017730712897e-05 0.13167575746774676 2.7287464035907764e-05 0.0013945042737759652 0.00088007209706120204 0.44419236481189733 0.041039917618036277 -0.7865660786628722 -0.00090804696083068837 0.00011187791824340822 -0.0020867586135864253 2.6336198061471808e-05 -8.7797776359366239e-05 0.12940952181816107 0.78656607866287243 0.00075307424413040291 0.2259272783994675 0.00079235527664423 -0.0011593997478485105 0.36232608556747442 0.92462456226348888 2.8471349651226777e-05 0.0021405816078186039 3.2581614505033947e-05 0.00016516447067260745 -3.0319572033477012e-05 0.61066684126853954 7.9350385931320502e-05 0.00070232152938842784 2.4509766262781344e-05 0.049944689497351653 7.0141013566171764e-05 -1.3978317379951475 0.80761900544166576 5.1499018809408888e-05 0.54085850715637218 4.7552466639899656e-05 2.2144990907690957e-05 -0.0009644329547882079 0.0010483843507245185 2.6229633476759776e-05 0.83499532938003551 0.2804532796144486 -0.017693061381578442 0.42577886581420904 0.78656607866287243 0.55619201064109813 0.37295027077198034 0.79072606563568126 -0.0030225217342376705 0.34647034108638769 0.50383666157722484 -0.17604196816682813 0.0003411173820495606 0.00082277171895839285 1.0000000180025095e-35 1.0000000180025095e-35 0.49410566687583929 -0.21225291490554807 0.0011257399455644192 0.0011012553004547956 0.53645309805870067 2.9221359909570314e-05 0.0011742711067199709 0.57704597711563121 2.3845003852329686e-05 2.7474922717374287e-05 2.5694609576021325e-05 0.41924533247947698 0.0062471032142639169 0.00072781697963364433 2.1841028683411427e-05 0.0017896294593811037 0.00014665456546936187 0.2860450297594071 4.7552466639899656e-05 2.8509698495327033e-05 0.0013945042737759652 0.17688452452421191 0.91597560048103344 0.12940952181816107 -0.6035533845424651 -0.00040873885154724116 5.5339258324238478e-05 3.6042492865817628e-05 7.2777271270751967e-05 0.0010195374488830569 0.00067204236984252941 0.00067631140700541448 -0.00031045079231262202 3.5076733183814219e-05 8.9228153228759779e-05 0.089039813727140441 0.001674670376814902 0.0013960830983705821 0.88849395513534557 3.40250935551012e-05 0.30274917185306555 -0.0030225217342376705 2.8041550649504646e-05 -0.34600760042667383 -0.87969881296157826 0.00071648127050139021 2.4141818357747983e-05 0.0020706057548522954 -0.00047364830970764155 3.2042618840932853e-05 -9.1750072897411869e-05 2.5341817490698307e-05 2.6507494112593125e-05 4.1856925236061222e-05 0.054928530007600791 -0.0012282431125640867 -0.13877920806407926 0.43761502206325537 0.0005146028706803919 -0.00078746676445007313 0.0010653138160705569 0.34478455781936651 -0.00083795189857482899 0.00031870603561401373 0.00089997131726704549 0.50049695372581493 0.028461745940148834 0.0010873311548493805 -0.00082597136497497548 0.38362130522727972 2.1446634491439912e-05 1.0000000180025095e-35 3.5117538573103964e-05 3.1431831303052611e-05 5.8512912801234058e-05 0.44707739353179937 -0.00054088234901428212 0.32599572837352758 0.00095606522518210124 0.49226084351539617 0.00072370484122075151 5.7442491652182079e-06 0.00095606522518210124 3.7072222767164937e-05 0.00073271989822387706 4.1856925236061222e-05 4.1186809539794929e-05 0.37240888178348547 0.0012734197662211957 0.00089690188178792607 0.0013824233901686969 0.34949961304664617 0.35714477300643926 0.12940952181816107 9.9599361419677748e-05 -0.7865660786628722 0.38362130522727972 -0.7865660786628722 -0.00038077878707554186 1.5933695067360535e-05 0.00049334237701259564 0.0062471032142639169 0.60355338454246532 0.34949961304664617 -0.00015631318092346189 0.39719624817371374 0.0014957156963646414 0.00020521879196166995 2.2513886506203565e-05 2.3180541575129613e-05 0.57704597711563121 2.3845003852329686e-05 0.12637891620397571 0.0011012553004547956 0.91597560048103344 0.00055652856826782237 2.6614871785568542e-05 2.5201225071214143e-05 2.3108324057830035e-05 2.0941223738191187e-05 -0.00049981474876403798 0.91597560048103344 0.45914076268672949 2.6336198061471808e-05 -0.16591656208038327 0.58217617869377147 0.12238419800996782 -0.00035938620567321772 0.34103277325630194 0.0019754171371459965 0.0014407634735107424 0.00090276822447776805 -0.032510381191968911 0.50641915202140819 -0.00011300195910735054 0.57915958762168895 0.0009089993836823852 2.2707238713337578e-05 -5.7108102282654718e-06 2.5046595510502815e-05 0.00026041269302368169 0.38886901736259466 0.00077159475767984997 0.0011111286585219207 -0.91597560048103321 2.0649039470299616e-05 0.42718540132045751 0.12938810884952548 -0.00033608078956603998 0.50853219628334057 1.3386656064540149e-05 0.00036638975143432623 0.00057641640887595724 0.35000000894069677 -0.0010508298873901365 -0.0024749636650085445 2.1637211830238815e-05 0.002348721027374268 -0.91597560048103321 2.2379437723429877e-05 2.077992576232646e-05 1.7113085959863387e-05 0.00039750337600708013 -0.00099626183509826638 1.7766800738172609e-05 0.47841480374336248 0.0011817678459919991 0.0005146028706803919 -0.071516521275043474 -0.00066438317298889149 4.0892695324146196e-05 0.41796007752418524 0.00022476911544799807 -3.2037496566772454e-05 0.50378447771072399 -1.4999999999999998 -0.022667879238724705 3.2209127311944037e-05 0.0012565974029712381 -2.560019493103027e-05 -8.9317560195922838e-05 4.2990270230802714e-05 3.31067385559436e-05 0.001035193039570004 0.0014957156963646414 0.001446817070245743 3.6042492865817628e-05 0.13964432477951053 1.8721894775808327e-05 2.6125213480554524e-05 1.8560040189186114e-05 2.0098736968066081e-05 0.084377389401197447 2.3167185645434077e-05 -0.91597560048103321 -0.00012841820716857907 -0.39750309288501734 -0.00011405348777770995 0.47968581318855291 0.00081046661944128584 1.7278036466450434e-05 0.12940952181816107 0.0005542872240766884
decision_type=10 10 10 2 10 2 10 2 10 10 2 10 2 2 10 10 10 10 10 10 10 2 8 2 2 2 10 10 10 10 8 10 2 10 10 10 10 10 10 2 10 10 2 2 10 10 10 2 10 2 10 8 10 10 10 10 10 10 2 10 10 10 10 10 10 10 2 10 10 2 10 10 10 10 10 10 10 10 10 10 10 10 10 8 2 10 10 10 10 10 2 10 10 10 10 10 2 10 10 10 10 2 2 2 10 10 10 10 10 10 2 10 10 10 2 10 2 10 10 2 10 8 10 8 10 10 10 10 10 10 10 10 2 10 2 10 10 10 10 10 10 10 10 10 2 2 10 10 10 10 10 10 10 10 10 10 10 10 10 10 10 10 2 10 10 10 10 2 2 2 2 10 10 10 10 10 8 10 10 10 10 2 10 10 10 10 2 10 10 10 10 10 10 10 10 2 2 10 10 10 2 10 2 10 10 10 10 10 10 10 10 10 2 10 10 10 10 10 10 10 10 10 10 10 10 10 10 2 10 2 10 8 10 10 10 10 10 10 10 2 10 2 10 2 2 10 10 10 2 10 10 10 10 10 10 10 10 10 10 10 2 10 10 10 10 10 10 2 10 10 10 10 2 10 10 10 10 10 2 10 2 10 10 10 2 10 10 10 10 10 2 10 10 2 10 10 10 10 10 10 10 10 10 10 2 10 10 10 10 10 10 10 10 10 10 10 10 8 10 10 10 2 2 10 10 10 10 10 10 10 10 10 10 2 10 10 10 10 10 2 2 10 10 10 10 10 10 2 10
left_child=1 10 3 9 5 11 19 14 58 41 22 23 17 116 15 29 70 18 107 64 -21 -15 35 24 25 129 83 28 -22 30 -4 -31 -33 279 -30 36 143 75 80 69 -17 316 -11 108 45 46 162 130 223 -50 95 -35 256 -14 175 56 -56 -58 59 60 -9 62 94 219 89 -66 67 204 121 211 230 -47 73 -73 -65 78 77 -77 98 86 81 -37 -82 186 85 245 87 88 -19 90 205 92 126 -94 -61 -40 97 187 132 100 105 102 -102 104 118 -39 -89 -8 109 110 111 112 -18 242 -48 140 -5 -96 119 -101 -110 -68 123 124 125 170 -92 194 -59 264 182 -86 159 134 -63 -136 -55 -138 139 -103 274 161 -93 144 -1 146 147 157 149 -148 151 155 154 -154 -147 156 -150 -81 -74 -38 -161 -29 325 164 -164 -165 193 -10 169 -169 -123 -36 173 248 -174 231 177 181 -178 250 -181 -177 183 185 -185 -46 296 -97 191 190 -190 213 -191 -167 -128 197 198 -20 -197 -200 201 -201 294 -202 -24 206 207 -6 -207 -44 -135 -13 -143 -53 -215 -216 -217 -23 -72 -64 -199 222 -79 -42 225 -225 227 314 -168 -62 -16 -43 -233 234 237 -236 -237 -210 239 240 -238 -80 -112 244 -209 246 310 -116 249 -91 -179 252 253 -252 -212 -256 309 260 263 333 261 -109 315 -259 -3 -193 267 -267 -269 271 -271 -268 -51 -52 277 -276 -277 -60 -257 -26 -281 284 283 -283 -32 287 -287 288 289 290 -286 -291 -289 -294 -198 -296 300 301 299 -299 -27 302 313 304 -300 306 -306 -301 -303 -12 -85 -88 -313 -298 -188 -262 317 -2 -183 -25 -130 -140 323 324 -106 -45 -327 328 330 -330 331 -328 -331 -260 -206 -284 337 340 342 344 341 -247 343 -338 345 -339 347 348 -342
right_child=2 4 7 13 6 -7 12 8 167 42 52 39 53 21 16 40 43 79 195 20 27 217 66 319 33 26 -28 141 34 31 281 32 -34 51 171 38 37 99 50 -41 48 54 209 44 47 71 114 -49 49 272 273 188 -54 136 55 -57 57 128 115 61 229 133 63 74 65 -67 68 -69 -70 -71 218 72 158 -75 -76 76 -78 221 241 145 82 -83 -84 84 131 -87 311 106 -90 172 91 142 93 -95 117 96 -98 -99 -100 103 101 138 -104 -105 322 -107 -108 257 120 -111 113 -113 -114 -115 247 -117 -118 -119 -120 -121 -122 122 -124 -125 -126 -127 127 -129 320 -131 -132 -133 -134 210 135 -137 137 -139 321 -141 -142 212 -144 -145 -146 152 148 -149 150 -151 -152 -153 153 -155 -156 -157 -158 -159 -160 160 -162 -163 163 165 -166 166 228 168 -170 -171 -172 -173 174 -175 -176 176 178 179 -180 180 -182 318 -184 184 -186 -187 226 -189 189 192 -192 265 -194 -195 -196 196 202 220 199 200 203 -203 -204 -205 334 208 -208 243 233 -211 254 -213 -214 214 215 216 -218 -219 -220 -221 -222 -223 -224 224 -226 -227 -228 -229 -230 -231 -232 232 -234 -235 235 236 238 -239 -240 -241 -242 -243 -244 -245 -246 336 -248 -249 -250 -251 251 -253 -254 -255 255 278 -258 258 259 -261 262 -263 -264 -265 -266 266 269 268 -270 270 -272 -273 -274 -275 275 276 -278 -279 -280 280 -282 282 335 -285 285 286 -288 292 -290 291 -292 -293 293 -295 295 -297 297 298 303 307 -302 308 -304 -305 305 -307 -308 -309 -310 -311 -312 312 -314 -315 -316 -317 -318 -319 -320 -321 -322 -323 -324 -325 -326 326 327 -329 329 332 -332 -333 -334 -335 -336 -337 338 339 -340 -341 346 -343 -344 -345 -346 -347 -348 -349 -350
leaf_value=0.00031333500458442776 0.00049910920415285832 0.00079431926350456261 -0.016723582255684568 -1.3041815825646148e-05 -0.0031797118261307111 0.005641225284654887 0.0019897874022208072 0.0068510759063711794 -0.0094995965988215643 -0.003226733131371352 0.0030576652118280466 0.002453354448604872 0.0032109249899722105 -0.0014929154477746718 0.0098892527344368771 0.0047070756752254648 0.0075469472453181139 0.01517582326067864 0.0019358445861217474 0.010440922417845404 0.0029623611729098103 0.0002365428920424132 -0.0078253092015016148 0.0093506522044680528 -0.00071212265824828383 0.0029704530993943878 -0.0017216978536113603 -0.01198569274155418 -0.020159067898055483 -0.0075794858499304467 -0.0074983207583656647 -0.0073840940368434882 0.018811710372015584 0.005338460712263824 -0.013153900809304295 0.00031906073448616457 0.0071532804247380682 0.0078273046224739632 0.00045824348816179375 0.010887643383875606 0.0025517175053448725 5.6518923629137233e-05 -0.0004805108308213816 0.007224726641414281 0.0028196543853212862 -0.015371688425217078 -0.0025044757669804548 -0.0045342105003047953 0.013377877954967081 -0.01186955143434653 0.014832946475258955 0.0009826332340097737 -0.0020173472981856082 0.0036082495139350603 0.00085665637443505525 -0.011870549833869775 -0.0092460964183319564 0.00020440489380538386 -0.0023119277438426516 0.0069841104793040175 0.00097416018787282966 -0.01701056246286865 -0.015623402534808588 0.0071556165312577167 0.013004819004062446 -0.0045726131019976071 0.017909670279272098 -0.011050556913313284 0.0022521060851582171 0.00020485365615488781 0.021301749004363549 0.017087018620219281 -0.0033027359401562322 -0.0041877585874464298 -0.012205257559574476 -0.0057314142774032226 -0.0047974176077584373 0.015264294475200087 -0.022237091439746993 -0.0045251173438368136 -0.014364299280926106 0.015518080333041431 0.0029047795999159703 0.0018047716482181516 -0.0071491925774747039 0.012531764361648236 -0.011479105353045544 0.00038949147288075111 -0.0025137675289752213 -0.009258534817069777 0.0046565799552667902 0.000713629179622735 0.011453412813861814 -0.0051743850652687653 -0.0063187364924485222 -0.0027740673294661322 -0.012535539818559441 -0.016999027693068016 0.0044285137235370847 0.003027686380749951 0.0012634696052901413 0.018130974767752158 -0.007390147124344282 -0.0045841691142056674 0.010032101797814398 -0.0048194915248275976 -0.0084228230818191342 0.0015310599988688012 -0.003670327130584029 -0.0032464768941167154 -0.014872141101973721 0.012561722140573826 -0.01406186533499887 0.0054432599736537399 0.021390946737814078 0.0044775836136929396 0.0054815410631019173 0.001166102978945438 -0.010972764788172714 -0.0046916112465886497 0.0047960215049498824 0.014092074846078384 -0.0090918843343842284 0.017410767644354879 0.0086141484624131827 -0.010362086976530724 0.0049787623105718446 -0.0068488102166418385 0.013362399745823301 0.013570281557606543 -0.00054194845394516065 0.0067644844283572441 -0.00072443587513913949 -0.011829996598492893 -0.017204801672935421 4.9674346403180648e-05 -0.0014910146338325003 -0.015642902581800008 -0.0028859523295182961 0.00045309935039322371 -0.011278540988720824 0.00019068756313599867 0.014498048086243297 0.011132391821785171 0.017629930598575375 -0.0088530682749748731 0.0041472853107094015 0.00083756192720005047 -0.013837037470826902 0.021972762995695373 0.0054155440978913899 0.0017444757912184372 -0.01415856277376356 0.001814354524932409 0.00031596936681869725 -0.012962781045498513 0.0066323936302569997 -0.018975277004741515 -0.018991441338819939 -0.015430741941273748 -0.0045698322711922824 0.0034185180334948178 -0.015377903295516835 0.013272132550119942 0.0054477898216820312 0.0018570178919461106 0.015632041248757441 0.0081087741406270248 0.011407963070132239 -0.011757094234917428 -0.0017778054067432189 -0.00061246057694256469 0.00072458817300474407 -0.0072572884979445196 0.018779357054613973 -0.00019960806730524985 -0.0070312772310153664 0.00054279049732787747 -0.0010992369878841304 -0.009953983067585109 0.0026982117104142733 -0.0082041903547233064 0.017986637580033066 0.0064373426766232205 -0.015215358625431701 0.018186160887568203 0.0039480103243022526 0.012343603075050903 -0.0030573254549661521 0.0084388056516334648 0.01619175634142966 -0.0045549985970780036 -0.0049438496927951721 -0.015114447982270234 -0.008161766408363573 -0.00043272309198476771 -2.5373988534326297e-06 -0.0012819882910733468 0.0034384914746642473 0.0052988549861298249 0.010064190659875284 -0.011050583993184086 0.0010984802011744636 -0.0066177232415812297 0.014958171994116065 -0.0085719038734378902 -0.006343935664604991 -0.0026537416014604585 0.015681662453655439 -0.0018294971230019151 0.0035406816167190725 0.0089576337001827672 0.0072206355636424777 0.012169143202091616 0.0094078005186234923 -0.011463219159373544 -0.0019661549896444639 -0.0063638692856829828 0.0032774113475106158 -0.0012015861832024178 0.0066357962948625764 0.0012880241427837677 0.0007119146330499662 -0.015980169557189242 -0.019770207998336148 -0.0027954970841292969 0.0094873322065498842 1.2662412218150825e-05 0.0019993346153316391 -0.012798359478085691 -0.0055877434975132537 -0.0084798942529901774 0.00042621565245289257 -0.0037230384859380196 -0.0089019163069893482 0.0192339312427348 -0.010685656841508523 0.0010063331120560588 0.0086743679666027602 0.009520027168308123 0.005776627125571197 -0.0027503748495061615 -0.0016551900803729828 0.00019752377408672751 0.009667490815937865 0.011408761443274247 0.0065083678523032993 0.0043102242017730025 0.006027240129405107 0.00027894932974269432 0.0026352818294436641 0.0079223714484881001 0.011466958116487689 -0.0068194472366565886 -0.021247926900271656 -0.0064529696125746197 0.01004410718978657 -0.010222412043552882 -0.0023393685535495535 0.0013387749093227905 0.0038810387905744387 -0.0070983575415717861 -0.013725468066270671 -0.0031036004945237438 0.0074334372569773268 0.0050640761170410668 -0.0053053014795362155 0.0019907348458709923 -0.018108373304731345 0.011925070555012067 -0.0073587490924107634 0.007963577874128833 0.0047605080992866831 -0.0042951148966462087 -0.0036151494331669539 0.0038181003473524689 -0.0093107728764005755 -0.015662751681175164 0.0088978298778389191 0.0010709389481451592 -0.0093316751944762643 -0.0042168333261960499 0.0054487466893408778 -0.024788143846420186 0.007513818111785025 -0.0085085164527719404 0.0058097822200287412 -0.0070700634876750684 -0.0067522766850430117 0.00090615861489244057 -0.003216514928767779 0.022211438346070499 0.007342862044059352 -0.0087480995457467833 0.0023199083799702617 -0.0067238457987181845 -1.5013272344107007e-05 0.00028130957843852883 0.00012127704542828865 0.001701717472600105 0.00031124212655394185 -0.00055856877972436879 0.00046223744499367537 -0.0051578451519050626 0.0064755937915129246 0.0057460344075420302 -0.0019279321908941217 -0.0074817600118629668 0.0049635791156775527 0.0091451972359649358 -0.007388855682254265 -0.0081057597456600395 0.002275595866656478 0.012177125976999157 -0.0025897282107038679 -0.0084567747710342107 0.0075092645779951065 0.0027094930736439558 -0.00073386553510310765 0.00098773757178715694 -0.00048529824021751721 0.006276094531947986 0.0013994256630935557 0.013652039481380052 -0.0035083128708155008 0.003729673713675974 -0.0069843158160579578 -0.013606924788806953 0.019695239010118892 -0.0092598159917572902 -0.00090554988020947417 -0.023682634578207025 0.0019807560953879074 -0.0081438827087711493 0.0020275663097157706 -0.0075930562194280495 0.0022026467035993801 0.002619453515825198 0.00041204327857316899 -0.00083893789776478091 0.0013123687160049053 -0.00045937621676157457 -0.0059378857833285829 0.0085654097250529079 -0.011895470921202347 -0.010137826089565387 -0.0014830921315985579 -0.0037050668058567506 0.0084131864677850117
leaf_weight=337.43738548457623 9102.6846665889025 625.43116627633572 65.989688456058502 4211.309322193265 658.0703506320715 1486.64502184093 1065.9044448584318 260.96842759847641 1065.6165515482426 2707.0453542023897 1190.2774582654238 684.98253120481968 3687.6891280114651 26161.788558706641 76.493150144815445 100.98578095436096 76.744064092636108 65.492115825414658 2841.5295382142067 252.98891504108906 251.23063890635967 335.93577714264393 109.49182277917862 358.92502410709858 2280.2299589067698 2124.4514203816652 5404.0635584294796 97.479464158415794 84.992004379630089 735.7329083532095 182.21658851206303 49.956342607736588 53.482163935899734 819.9391974657774 100.99197380244732 280.94681280851364 70.747757226228714 1059.0595573782921 213.16292481124401 274.49508880078793 50.992779150605202 95608.103077068925 41752.55874659121 99.731579646468163 98.977384209632874 132.96610331535339 51.243672579526901 141.47175814211369 51.72974494099617 107.69530086219311 55.992998212575912 65780.740559518337 277.91481928527355 509.93607273697853 784.41398476064205 66.472396716475487 52.240706354379654 133.48987700045109 261.47525244951248 190.97605426609516 133.71724715828896 269.39536300301552 240.95760893821716 95.227680385112762 130.71532756090164 77.987740948796272 83.440016359090805 353.32878367602825 14605.95333775878 1314.7255698442459 89.74108675122261 57.990243628621101 167.44773100316525 58.742906913161278 54.478582382202148 126.98485523462296 311.15478636324406 261.90259590744972 57.736221179366112 172.47708627581596 80.198943570256233 140.45255513489246 105.21944811940193 1398.4790476709604 67.243890672922134 106.24636162817478 67.236799776554108 211.99215473234653 602.41377077996731 156.22569066286087 142.98683334887028 2397.8838147521019 136.98471711575985 104.73381033539772 431.95066039264202 118.90740486979485 449.3016491830349 74.231156840920448 314.95126311480999 602.96441961824894 827.59877626597881 129.68162223696709 398.05255155265331 518.43370524048805 188.98274570703506 97.239174723625183 1081.6321284472942 2048.137568384409 2736.1317132264376 741.35089191794395 72.240666210651398 281.71756581962109 58.743705838918686 281.46782675385475 110.98441199958324 388.14620672166348 497.7090141326189 521.55400164425373 119.73590314388275 409.22789068520069 193.47278320789337 65.481267511844635 76.480144694447517 153.17644415795803 347.52223286032677 115.47437453269958 205.47746714949608 1117.1287091225386 397.16292372345924 141.48122291266918 133.97070068120956 730.69460369646549 1714.0752317905426 172.44639872014523 66.478639826178551 156.45029278099537 1055.8990743160248 59.741192251443863 171.21609205007553 57.425306439399719 125.1755124181509 419.19398315250874 59.489783614873886 381.81138291954994 55.73835277557373 210.73685167729855 440.97741286456585 303.22667227685452 50.495606243610382 85.744641691446304 560.68202331662178 515.93513442575932 184.71409548819065 95.228249400854111 1119.1098418831825 205.73375867307186 101.74384070932865 96.233573228120804 65.72845670580864 118.49640037119389 1013.1146223396063 94.485394656658173 91.995779037475586 164.73209869861603 85.991930231451988 75.237867295742035 58.993188261985779 59.45674592256546 62.475163891911507 156.41548773646355 133.21223120391369 256.98001937568188 88.236354470252991 260.94073040783405 60.240200608968735 2094.6553939431906 439.69944715499878 943.94973790645599 15162.61459210515 163.71634802222252 176.45825317502022 419.73656137287617 147.475272372365 50.992507413029671 54.491835370659828 147.97421245276928 1817.2180878818035 81.483411937952042 74.240213856101036 107.99657194316387 189.98772673308849 752.96341286599636 172.24353396892548 78.223149552941322 92.734865844249725 1768.5793962627649 1230.3860670030117 5850.6491554528475 6356.739872187376 71.977109655737877 143.21347004175186 239.42804762721062 3921.8796672672033 52.732695877552032 56.494299203157425 429.60545188188553 721.00097399950027 141.96208249032497 117.48343570530415 7557.2100257873535 187.44240887463093 462.48981347680092 530.94345790147781 52.24522890150547 58.495008751749992 242.47746035456657 324.98329520225525 1283.6896887421608 61.738973572850227 73.71540255844593 182.46085041761398 152.43274377286434 86.738138511776924 174.22427654266357 177.91555617749691 201.96245008707047 163.48905265331268 3431.5992490798235 849.90926726162434 100.47877186536789 101.72329591214657 314.70780366659164 287.21172453463078 6101.7143624871969 313.17561636865139 55.241820737719536 202.18934048712254 125.48025900125504 83.236455842852592 52.239937514066696 50.492500796914101 59.238462880253792 349.94630339741707 1205.2766605466604 325.69850623607635 232.49516730010509 740.72978243231773 63.745383366942406 299.22290430963039 2214.8027218133211 501.48071198165417 786.20043648779392 101.49223518371582 169.74005274474621 51.966220170259476 152.15340250730515 490.42585252225399 419.46897780895233 1593.3656693994999 986.43565480411053 137.23600694537163 218.98817604780197 121.74129401147366 466.70343217253685 410.17732483148575 603.9714133888483 690.7172327786684 97.992719784379005 53.746451646089554 103.99373869597912 57.248149782419205 79.748338386416435 54.984815120697021 50.994326516985893 981.34805661439896 972.02524681389332 98.917911812663078 101.47895154356956 57.473778456449509 170.99715395271778 331.24755331873894 155.93584053218365 170.68027491867542 64.204359605908394 333.72944301366806 92.492236062884331 734.38461442291737 449.21070140600204 181.23018889129162 51.496165886521339 385.46821346879005 87.494381248950958 141.48869930207729 53.245726987719536 205.23162457346916 663.17186729609966 101.7473392188549 2246.7233450114727 1003.2277740985155 163.74804146587849 10764.11518406868 50868.330560863018 1101.4174049198627 158.74599513411522 385.49381977319717 1901.1909871250391 606.98917952179909 594.4930337369442 351.98933492600918 379.90416227281094 130.49764160811901 110.23777584731579 756.39231732487679 229.4891794770956 280.7457517683506 125.99486395716667 248.70930425822735 2823.9111020863056 340.98867316544056 258.9679062962532 62.489797934889793 408.89847142994404 778.85114298760891 164.96991653740406 159.98153278231621 211.22674073278904 173.23704306781292 152.72930584847927 51.746434196829796 112.23556415736675 182.98710462450981 50.996806144714355 251.20448115468025 375.97638604044914 1624.1281904578209 83.450154677033424 942.94447512924671 187.49634677171707 8515.2768880575895 960.95878879725933 565.49200348556042 154.24778465926647 114.99597212672234 640.96210177242756 326.7408155053854 159.74629288911819 2194.2003973573446 340.74472977221012 397.24135357141495
leaf_count=1350 36412 2502 264 16846 2633 5948 4264 1044 4266 10830 4763 2740 14753 104657 306 404 307 262 11367 1012 1005 1344 438 1436 9121 8498 21617 390 340 2944 729 200 214 3280 404 1124 283 4237 853 1098 204 382445 167020 399 396 532 205 566 207 431 224 263128 1112 2040 3138 266 209 534 1046 764 535 1078 964 381 523 312 334 1414 58435 5259 359 232 670 235 218 508 1245 1048 231 690 321 562 421 5594 269 425 269 848 2410 625 572 9593 548 419 1728 476 1798 297 1260 2412 3312 520 1593 2074 756 389 4327 8193 10948 2966 289 1127 235 1126 444 1553 1991 2087 479 1637 774 262 306 613 1391 462 822 4469 1589 566 536 2923 6857 690 266 626 4224 239 685 230 501 1677 238 1528 223 843 1764 1213 202 343 2243 2064 739 381 4477 823 407 385 263 474 4053 378 368 659 344 301 236 238 250 626 533 1028 353 1044 241 8379 1759 3776 60656 655 706 1679 590 204 218 592 7269 326 297 432 760 3012 689 313 371 7075 4922 23405 25430 288 573 958 15689 211 226 1719 2885 568 470 30233 750 1850 2124 209 234 970 1300 5137 247 295 730 610 347 697 712 808 654 13727 3400 402 407 1259 1149 24410 1253 221 809 502 333 209 202 237 1400 4822 1303 930 2963 255 1197 8860 2006 3145 406 679 208 609 1963 1678 6374 3946 549 876 487 1867 1641 2416 2763 392 215 416 229 319 220 204 3926 3889 396 406 230 684 1325 624 683 257 1335 370 2938 1797 725 206 1542 350 566 213 821 2653 407 8987 4013 655 43057 203479 4406 635 1542 7605 2428 2378 1408 1520 522 441 3026 918 1123 504 995 11296 1364 1036 250 1636 3116 660 640 845 693 611 207 449 732 204 1005 1504 6498 334 3772 750 34062 3844 2262 617 460 2564 1307 639 8777 1363 1589
internal_value=2.86184e-05 0.000502449 -0.000526477 -0.000382928 0.000334867 0.000557166 -0.000299538 -0.00194742 -0.00360464 -0.000207992 0.00175289 0.000514971 0.000214806 -0.00136902 -0.00107718 -0.00271432 -0.000196467 -4.60647e-05 0.00030323 -0.00140429 0.00146923 -0.00169878 0.00150593 0.000470723 0.000451475 0.000172725 0.000119742 0.000193256 -0.00384887 -0.0016636 -0.00057975 -0.00579397 0.0065384 0.000847459 -0.00769594 0.00058303 0.00103859 0.000579732 -0.00248531 0.00337425 -0.00730791 3.47738e-05 -0.000820141 -0.000485916 0.000967389 -0.000164897 0.00093551 0.00588359 -0.00881969 -0.00123355 -0.00530449 0.000946526 0.00496089 0.00208399 -8.05443e-05 0.00308885 0.00384651 0.00742546 -0.00264004 -0.00413896 0.0011774 -0.00510645 -0.00295907 -0.00849246 -0.00173596 0.00651019 0.00217216 -0.000296698 0.00251178 0.00250408 0.00750108 -0.00671959 -0.00316168 0.0067991 -0.000151608 -0.00126405 0.00220561 0.00569178 -0.00224023 -0.00158745 0.00237119 0.00557963 -0.00484979 0.000222252 0.00100465 0.000802779 -0.00330435 -0.00482919 -0.000620108 -0.00183486 -0.00223904 -0.000700848 -0.00314416 0.00431382 -0.000670508 -0.00664122 -0.00871385 -0.00228344 -0.00181278 0.00187728 0.00333374 0.00133951 -0.00157665 0.000314051 0.00137298 0.00673796 -0.00698519 -0.0013295 -0.00175176 0.000372925 0.00277288 0.0078559 -0.00208368 -0.000295327 0.0115656 -0.000986285 0.000576007 -0.00224899 -0.00132401 -0.000105531 -0.00309967 0.00635266 0.0051211 0.0065305 0.0038339 -0.00153646 -0.00431712 -0.00524478 0.0089973 0.00475925 0.0082362 0.00553262 -0.00249706 -0.00816505 -0.011976 -0.00551348 -0.000475714 -0.00235481 0.00596634 0.0129465 -0.00183253 0.00265983 0.00109329 0.00711566 0.00307082 -0.000383527 0.00099541 -0.00436921 0.00257118 0.0073344 0.000791347 -0.00219766 -0.00254769 -0.00882559 -0.00118127 -0.00779326 -0.000508873 -0.0100991 -0.00820839 -0.00500261 -0.00580747 -0.00457028 1.12827e-05 0.00203859 -0.00551476 0.00316281 0.00150776 -0.00797433 -0.00203277 -0.00619129 0.00379526 -0.00436088 0.000113589 -0.000340404 0.00863541 -0.000121108 -0.000799009 0.000490349 -0.00126993 0.00244935 -0.00347973 -0.00146158 0.0105601 0.00712229 -0.00503224 0.012309 3.32295e-05 0.00361099 0.00089406 0.0055064 0.0108524 0.000856977 0.000304522 -0.00711405 0.000785988 0.000828127 0.00137923 -8.22519e-05 0.00230605 0.0030114 -0.00231009 -0.00723356 4.90281e-05 0.0054913 0.0018656 -0.00285685 -0.00120095 0.000406072 -0.00352595 -0.00068752 -0.00503228 0.00511878 0.00414656 0.00094 -0.00315836 -0.00457509 -0.00612722 -0.00500041 0.0144885 -0.0123585 -0.00103406 0.00863129 0.011741 -0.0114566 -0.0127637 -0.00910735 0.00142583 0.00117412 0.00301285 -0.00516233 0.00119468 2.90321e-05 -0.00428041 -0.00321138 -8.31655e-05 -0.00285898 0.0014913 0.00837617 -0.00137121 -0.00426508 -0.00731973 -0.0131764 -0.00415126 0.001825 0.00594556 0.000728025 0.00280459 0.015621 0.000355182 -0.000378491 0.00326371 0.0049001 0.0017754 0.000192185 -0.00226032 -0.0063987 0.00590621 -0.00187609 -0.00295717 -0.00186988 -0.00030579 0.000675491 -0.00598072 -0.00653459 0.00346072 -0.00139969 2.31324e-05 0.00287013 -0.00567878 -0.00229085 0.00505424 -0.00386416 -0.00628903 0.00605125 -0.00130736 -0.000402999 0.0025454 -0.00630199 -0.00207185 -0.00164974 -0.00582868 -0.000202043 -0.0045657 -0.0108753 0.000577855 0.00118606 0.00414199 -0.000278636 0.00209977 0.00401423 0.00179057 0.0147967 -0.00409638 0.00277156 -0.00190874 -0.00458485 -7.61155e-05 -0.000254746 0.00113377 -0.00118859 0.000751137 -0.000441086 0.00236219 0.00285343 0.00318967 0.00425021 0.00136179 -0.00550146 -0.000519851 0.00456943 0.000985724 -8.7709e-05 0.000892996 0.00851998 0.00306663 -0.00209968 0.00116126 0.00102394 -0.00489816 0.00590306 0.0115037 0.00356952 0.00372802 0.00718139 0.00388504 -0.0022025 -0.00303808 -0.00452248 -0.00272057 0.00136295 -0.00683001 -0.011467 -0.00161517 -0.003476 0.00253104 0.00106511 0.000427188 -0.000671251 0.0010208 -0.00364181 0.000583964 0.00676192 0.00405582 0.00480758 -0.0075814 -0.00334557 -0.000113012 0.00218828 0.00428748
internal_weight=515666 278197 237469 215690 245329 181671 63657.6 21779.6 7490.36 183199 32868.5 180185 43439.6 32490.4 14289.3 4992.38 9296.89 38126.4 31087.9 20217.9 2089.29 27781.4 30530 177448 176830 103784 102607 1836.3 694.195 4071.89 3232.72 839.171 103.439 73046.2 442.964 12805.8 11154.9 10379.9 1650.89 2736.69 920.491 131182 52016.8 8967.2 4175.38 3400.03 2917.15 775.354 819.505 214.41 1044.07 70263.7 2338.52 5313.27 119007 1496.27 1429.8 645.383 6146.4 3217.83 495.164 2722.67 1608.86 464.379 18128.7 208.703 17724.2 2143.44 15580.7 2462.2 329.697 482.875 349.909 116.733 149.706 4287.57 939.213 628.058 3348.36 7038.44 606.818 421.399 185.418 97202.6 18907.4 18109.5 2895.4 1961.53 667.906 17920 14840.3 4257.42 1800.05 241.719 1144.48 937.087 723.924 274.622 3231.39 6092.32 3149.17 1992.87 1225.65 2943.15 2424.71 1156.3 1293.62 7559.95 4791.82 1862.21 1120.86 417.205 135.488 703.655 225.973 2928.57 4709.02 953.505 1131.93 1012.19 2929.6 974.787 891.347 814.867 661.69 314.168 1558.33 1415.34 593.143 1177.09 633.882 797.938 2916.43 1113.81 492.324 222.929 1625.58 1115.64 767.221 187.107 2540.42 1142.1 2457.37 774.987 393.176 4143.04 2533.25 571.937 1961.31 526.722 1434.59 873.908 1609.79 279.942 1329.85 357.973 152.239 268.711 233.176 1202.36 1131.61 191.965 2691.18 1405.08 177.988 1227.1 1062.36 1343.96 278.347 215.872 198.693 357.972 3079.67 2931.19 148.477 117511 21300.7 5698.42 15602.3 2843.04 340.175 2855.38 499.911 352.436 105.484 246.952 78295.2 200.391 69443.8 544.468 264.228 68899.3 280.24 153.461 298.212 23528 14653.3 8874.64 8632.67 6864.09 507.351 311.405 6020.67 195.946 1790.11 10582.9 3052.01 2331.01 7530.86 49309.8 621.482 1147.47 950.137 66458.9 678.201 625.956 567.461 1619.63 151.48 314.673 6033.11 501.073 348.641 605.095 554.102 376.187 5693.05 5529.56 908.902 234.196 178.216 96210 601.92 7101.25 999.539 756.576 443.4 242.964 388.158 304.922 252.682 116.975 422.187 1672.94 467.661 18003.2 2269.71 174.73 2670.25 2371.03 2502.86 1558.91 772.713 671.221 449.036 261.593 2060.61 6494.05 3841.95 2955.78 2652.1 2267.13 384.972 886.172 1035.61 2440.38 1687.42 755.711 151.739 931.707 161.242 770.466 162.68 106.987 2415.25 2052.29 1070.94 362.954 209.627 2782.47 502.245 3166.73 474.271 220.14 2692.46 2510.24 826.877 1683.36 1039.42 858.188 719.198 138.991 643.945 194.734 2098.79 868.403 72602.2 59713.6 7060.61 3004.96 12888.6 52653 1432.65 4055.65 3896.9 2893.67 992.483 758.241 51220.3 1570.18 1528.98 933.867 866.63 331.237 2097.96 263.231 12175.3 11926.6 760.725 617.893 459.653 580.115 1292.79 513.934 348.964 1286.1 1186.36 975.137 822.407 415.186 407.221 224.234 363.44 1969.34 1680.62 254.13 15733.5 5519.36 10214.2 1634.94 3884.42 386.743 1698.9 1583.91 673.983 347.243 3497.68 1303.48 962.733
internal_count=2062823 1112872 949951 862810 981366 726705 254661 87141 29972 732835 131506 720757 173777 129975 57169 19974 37195 152521 124364 80884 8358 111138 122148 709810 707338 415147 410438 7346 2777 16291 12933 3358 414 292191 1772 51236 44630 41529 6606 10947 3683 524752 208083 35876 16704 13602 11670 3102 3279 858 4178 281061 9358 21256 476049 5986 5720 2582 24592 12875 1981 10894 6437 1858 72526 835 70912 8576 62336 9849 1319 1932 1400 467 599 17153 3758 2513 13395 28157 2428 1686 742 388821 75632 72440 11583 7847 2672 71691 59371 17032 7201 967 4579 3750 2897 1099 12927 24376 12602 7976 4905 11774 9700 4626 5175 30242 19172 7450 4484 1669 542 2815 904 11717 18837 3815 4528 4049 11722 3901 3567 3261 2648 1257 6234 5662 2373 4709 2536 3192 11667 4457 1970 892 6503 4463 3071 750 10164 4569 9831 3101 1573 16574 10134 2288 7846 2107 5739 3496 6440 1120 5320 1432 609 1075 933 4810 4527 768 10766 5621 712 4909 4250 5380 1114 864 795 1432 12320 11726 594 470063 85210 22795 62415 11373 1361 11422 2000 1410 422 988 313189 802 277781 2178 1057 275603 1121 614 1193 94122 58620 35502 34535 27460 2030 1246 24085 784 7162 42339 12211 9326 30128 197253 2487 4590 3801 265841 2713 2504 2270 6481 606 1259 24135 2005 1395 2421 2217 1505 22773 22119 3636 937 713 384853 2408 28409 3999 3027 1774 972 1553 1220 1011 468 1689 6693 1871 72015 9079 699 10682 9485 10012 6236 3091 2685 1797 1047 8246 25978 15369 11824 10609 9069 1540 3545 4143 9762 6750 3023 607 3727 645 3082 651 428 9663 8211 4285 1452 839 11130 2009 12669 1898 881 10771 10042 3308 6734 4158 3433 2877 556 2576 779 8396 3474 290416 238861 28243 12020 51555 210618 5731 16223 15588 11575 3970 3033 204887 6283 6116 3736 3467 1325 8392 1053 48703 47708 3043 2472 1839 2321 5172 2056 1396 5145 4746 3901 3290 1661 1629 897 1454 7878 6724 1017 62936 22078 40858 6540 15538 1547 6796 6336 2696 1389 13991 5214 3851
is_linear=0
shrinkage=0.02


Tree=11
num_leaves=350
num_cat=0
split_feature=48 43 48 12 17 20 14 42 49 57 58 38 50 58 41 59 20 43 38 53 37 50 52 38 27 59 38 37 43 38 38 38 38 37 61 59 16 59 16 59 38 58 59 16 61 49 57 53 20 16 58 18 57 44 53 16 20 58 16 57 59 34 59 57 58 52 18 53 37 38 61 37 50 61 58 38 53 20 49 43 50 37 38 58 37 38 20 20 61 58 58 57 37 42 58 44 37 37 53 59 16 58 24 59 52 37 59 53 16 37 37 49 16 61 44 43 58 38 37 53 20 59 43 38 20 48 38 20 44 57 49 47 57 24 16 24 38 57 24 53 58 57 57 57 24 58 53 41 16 58 49 38 48 38 44 41 24 57 44 52 37 58 61 20 53 57 16 61 43 58 59 58 53 57 20 38 57 61 50 37 52 16 58 47 44 53 16 42 24 38 57 37 43 48 44 38 58 37 59 37 58 42 53 41 61 37 49 20 48 38 20 24 38 44 38 44 57 58 58 9 42 57 20 50 49 44 20 53 43 16 58 61 20 57 57 24 52 38 37 58 20 58 52 59 58 49 58 58 37 38 37 37 59 58 57 28 52 53 4 38 50 48 20 42 58 9 48 57 59 24 37 27 50 47 59 38 9 57 27 52 20 58 24 49 58 43 58 44 61 49 24 13 17 20 44 38 59 41 37 38 38 20 38 58 53 38 24 16 16 57 53 58 42 24 61 20 59 53 53 20 44 57 53 58 16 20 20 49 52 58 38 38 37 49 3 44 59 58 59 24 57 49 16 24 50 59 3 37 61
split_gain=389.787 144.008 125.121 83.1527 77.2431 72.8783 64.9321 61.8447 60.1848 82.8765 56.2395 76.46 65.7615 50.9318 57.2376 54.6159 53.7719 57.0164 50.897 50.3989 50.1988 70.5859 48.921 48.4586 43.4237 43.13 42.6051 39.5281 39.2829 54.9846 47.01 38.8096 38.0372 47.1544 42.5446 37.1836 36.4609 44.0918 54.6206 39.2729 66.0959 36.4475 46.8054 40.3357 39.2659 36.0764 35.6545 57.1992 45.8106 36.5509 35.3742 35.0901 36.8694 34.4141 50.7255 34.4137 34.5914 58.4203 34.2639 34.1185 49.4419 34.0649 63.2881 62.8254 41.5328 33.8564 33.7952 33.5756 38.3747 42.1266 35.4892 34.6386 35.3324 33.3316 62.1275 39.0289 38.9191 38.4238 38.0102 37.2109 50.7845 36.5836 33.3041 36.382 33.5624 33.2285 33.9771 42.8449 46.0953 35.3555 57.358 36.3 34.3426 33.5006 32.5653 58.9672 77.4441 39.5213 36.7609 34.8846 32.1964 32.1947 37.8578 31.9579 49.2547 55.2145 36.2809 35.6048 34.6 33.2924 31.8329 32.1394 31.5322 34.8412 41.2048 31.35 31.2163 51.6088 49.2986 45.3566 40.1077 31.6324 38.8805 37.066 31.1658 30.979 51.8923 32.7078 30.954 30.918 30.885 35.3884 30.855 41.01 33.2964 32.116 46.8943 30.7014 30.638 30.6341 30.5497 47.7319 45.1758 35.649 30.4145 40.06 39.2085 38.0157 32.0764 40.8859 61.8138 55.9071 54.2616 67.238 44.6816 32.4048 30.3697 45.6899 46.5295 46.6824 38.7721 45.6715 36.3995 33.1635 33.0076 33.0108 31.5218 31.0539 30.4624 30.2789 30.2717 30.1912 35.5211 59.1368 32.4271 34.8183 37.7261 30.5165 30.1893 30.1848 35.0657 42.5699 30.1811 30.0173 29.7737 29.7497 29.5316 29.5287 29.4273 29.4072 40.2295 38.0632 31.7403 29.4004 30.4019 29.3841 38.779 29.2407 33.2969 35.0983 29.2335 33.7005 29.1859 29.1112 28.8892 38.821 28.6777 28.6426 28.485 31.0703 28.3613 28.2436 31.2998 28.5078 44.0749 33.9425 28.132 33.0678 28.0541 27.9832 34.284 27.9776 27.9143 29.1947 27.9028 28.3764 41.0672 34.7837 31.6509 28.3388 27.8339 27.828 32.8731 27.782 27.7729 30.2096 27.5564 39.687 42.0885 38.2775 31.823 33.5873 33.6451 33.0768 31.8589 30.6046 30.4879 35.69 42.3368 35.6339 28.8346 27.5058 44.3117 31.4329 31.23 27.4996 27.4612 36.4193 45.4747 32.3722 67.2082 41.5533 33.8581 28.6023 29.2598 28.0518 27.4391 27.2305 35.9318 27.2264 27.2064 29.4701 27.177 37.8337 33.1577 27.1669 30.5129 29.7952 27.0111 27.008 26.9956 31.5866 35.9355 31.0029 31.7407 44.5099 31.6296 35.1108 26.843 32.0503 26.8364 26.8023 26.8489 28.7645 26.678 44.9586 41.1037 62.2965 40.1835 44.591 55.7656 45.7176 37.5565 37.4142 34.0184 33.6928 31.5814 31.1647 31.1528 31.0008 36.3556 47.0035 31.9312 31.1408 30.5236 30.456 31.1151 38.7452 33.1909 59.1845 32.1613 30.4393 30.5232 27.7159 30.0133 26.8339 26.6352 27.6568 26.6314 31.4287 26.5912 45.8523 58.453 32.7528 37.0858 26.5548 35.0581 26.9069 28.3077 30.6621 29.5551 26.5329 26.5079 29.3435 26.4526 31.6804 26.3748 26.3463 26.7499
threshold=-0.0091281956993043405 -0.0007298658019863068 0.96754714846611034 -1.4168296729621941e-05 5.751848220825196e-05 7.7404885814758031e-05 8.0433219409314932e-06 0.00068503510556183766 0.35182555019855505 0.2416513189673424 0.54200655221939098 2.3822925868444148e-05 0.25242696702480322 0.68430265784263622 0.00046478677541017538 0.98296290636062633 2.8211149583512455e-05 -0.00017109973123297093 5.2592922656913295e-05 0.00075997246312908839 4.8983218221110299e-05 0.63818505406379711 0.65644961595535289 3.5700581065611921e-05 9.0539455413818373e-05 0.12940952181816109 2.0352681531221609e-05 5.5822345530032187e-05 -0.00024052416847553101 1.9273686120868664e-05 2.3150722881837286e-05 4.5628747102455243e-05 1.5168221125350103e-05 1.7097824638767637e-05 2.5000000000000004 -0.37940952181816096 5.5297393828368521e-06 0.98296290636062633 2.3894538117019697e-06 0.78656607866287243 2.6304081984562803e-05 0.44850452244281774 -0.98296290636062611 -3.5947937249147795e-06 5.0000000000000009 0.82365757226943981 0.80761900544166576 0.0014481851831078532 4.5626135033671751e-05 2.9308065307986911e-08 0.3310502320528031 0.00026708841323852544 0.49406304955482488 -0.0011288548121228812 0.00044281520240474498 1.4817970850344866e-06 2.4515611585229639e-05 0.72576013207435619 9.2433156169136072e-06 0.36293657124042517 -0.37940952181816096 2.8600083169294525e-05 0.12940952181816109 0.49121592938899999 0.57915958762168895 0.34867341816425329 1.3053417205810549e-05 0.00032329196983482694 2.5612618628656495e-05 2.4321376258740205e-05 1.0000000180025095e-35 2.3314878490054983e-05 0.18789494037628177 3.5000000000000004 0.53562295436859142 1.5073708254931263e-05 0.00082949016359634708 4.8774249080452143e-05 0.6377227008342744 0.00063656811835244309 0.85353174805641185 1.9269402400823313e-05 1.9617106772784613e-05 0.60705220699310314 1.9793053979810796e-05 1.4584742984879996e-05 5.7172319429810166e-05 4.4323518523015089e-05 1.0000000180025095e-35 0.48445874452590948 0.40234862267971044 0.4502637535333634 1.7034729353326842e-05 -0.00047821842599660153 0.60705220699310314 -0.00056334128021262575 3.1177445634966723e-05 1.9622349100245632e-05 0.00053087607375346135 0.91597560048103344 -1.2218615097481231e-06 0.49727630615234381 5489927.5000000009 0.98296290636062633 0.10317130014300348 2.3005201001069512e-05 -0.91597560048103321 0.00032121520780492579 -1.0213514997303717e-05 1.403745591233019e-05 2.6528407943260394e-05 0.42936438322067266 -2.3691131900704927e-06 1.0000000180025095e-35 0.0031469474779441957 0.00065235854708589624 0.40760879218578344 2.5628641196817629e-05 4.0704020648263402e-05 0.00071431873948313307 5.2552561101038016e-05 -0.7865660786628722 0.00038035536999814218 1.9505299860611561e-05 2.9446667213051118e-05 0.13845354318618777 1.6053102626756303e-05 2.5320700842712544e-05 -4.83094645460369e-05 0.26500780880451208 0.41082145273685461 0.74066579341888439 0.44263492524623876 5241472.2500000009 9.7989334335579791e-07 4005987.5000000005 1.7334080439468383e-05 0.44827035069465643 3797675.7500000005 0.00082949016359634708 0.72576013207435619 0.33911693096160894 0.38938720524311071 0.30193418264389044 5553917.7500000009 0.6589319407939912 0.00073437619721516978 0.00037718295061495161 -1.9812779328276517e-07 0.54812100529670726 0.16742234677076342 2.3150722881837286e-05 0.30374179780483251 2.3895880076452162e-05 0.00035609873884823179 -0.00011083382196375168 3628129.5000000005 0.3198432475328446 -0.00085368627333082248 0.11402898281812669 1.8309301594854336e-05 0.45606222748756414 5.0000000000000009 2.9873923267587091e-05 0.00046797154936939483 0.48618593811988836 5.0190737965749585e-06 3.5000000000000004 -0.00031852464599069202 0.42268453538417822 0.91597560048103344 0.46957270801067358 0.00049380128621123742 0.38991129398345953 3.2999170798575512e-05 3.4844113542931161e-05 0.33240054547786718 2.5000000000000004 0.2120928838849068 2.3237281311594419e-05 0.82356059551239025 -2.8311687216842071e-08 0.39854167401790624 -0.08628088608384131 -0.0029597602551802988 0.00041177135426551109 2.3404346620736764e-06 -0.00047821842599660153 2452243.0000000005 2.9818404073012065e-05 0.37295027077198034 3.3728194466675638e-05 -0.00023533769126515833 -0.42152030766010279 -0.00027236933237873012 1.647362478252035e-05 0.34949961304664617 4.4697075281874283e-05 0.60355338454246532 5.5822345530032187e-05 0.4815081804990769 -0.00020407472766237331 0.00057342080981470655 -0.00014540747361024839 2.5000000000000004 1.6108985619212038e-05 0.2857173383235932 2.4037143703026235e-05 0.39090082049369818 4.2357647544122308e-05 2.3645518012926917e-05 7018379.2500000009 2.6777275706990625e-05 0.00077550896094180654 2.4487809241691142e-05 0.001120547822210938 0.43518510460853582 0.42030766606330877 0.47602562606334692 0.083333335816860213 3.4338030673097826e-05 0.30193418264389044 2.3397036784444939e-05 0.35435937345027929 0.045029127970337875 0.00025163275131490087 2.3972226699697788e-05 0.00056249959743581723 0.00072122208075597893 -2.4748660507611926e-06 0.62298637628555309 3.5000000000000004 4.6486611608997925e-05 0.48397991061210638 0.43144617974758154 3570870.8750000005 0.27481313049793249 3.6833687772741548e-05 2.4455049242533281e-05 0.50442212820053112 4.3225847548455938e-05 0.46474879980087286 0.093148335814476027 0.12940952181816109 0.40049912035465246 0.68227043747901928 0.48808735609054571 0.50310572981834423 3.052402280445677e-05 2.5317671315860938e-05 2.5507172722427643e-05 3.4946144296554855e-05 0.91597560048103344 0.48865936696529394 0.42309431731700903 -0.00016376376152038572 0.096396703273057951 0.00052328387391753506 0.055803000926971442 2.0182554180792071e-05 0.4040463268756867 -0.49050569534301752 2.2774522221880037e-05 2.8515009034890685e-05 0.58356839418411266 0.51666668057441723 -0.3366319984197616 0.44086077809333807 0.78656607866287243 2509143.6250000005 1.6178821169887673e-05 -1.3858079910278319e-05 0.55652377009391796 -0.22810427099466321 -0.37940952181816096 1.9898179743904624e-05 0.65000000596046459 0.33120070397853857 -0.00024214386940002439 0.11056237667798997 4.0724962673266425e-05 0.4336035698652268 5420109.2500000009 0.29010778665542608 0.55926221609115612 -0.00089953420683741559 0.61066684126853954 -0.0016273239743895827 3.5000000000000004 0.45678271353244787 3000587.7500000005 3.7533264958256045e-06 0.00015336275100708011 4.1569630411686383e-05 -0.00061386916786432255 2.3150722881837286e-05 0.78656607866287243 0.00019999699725303802 2.7425723601481881e-05 2.1085882508486978e-05 2.0352681531221609e-05 5.9425945437396883e-05 2.1019891391915738e-05 0.64082407951354992 0.00065454648574814211 2.6065083147841509e-05 5891010.0000000009 -3.970548732468159e-06 -3.0675029165649899e-06 0.45674611628055578 0.00056769975344650458 0.55326259136199962 -0.00044739618897438044 4451098.5000000009 5.0000000000000009 6.0801814470323741e-05 -0.37940952181816096 0.00053455191664397727 0.00044281520240474498 4.9285865316051065e-05 -0.00080664505367167283 0.36603049933910375 0.00045912007044535136 0.56078943610191356 7.6742668397855606e-07 4.4625787268159918e-05 2.9873923267587091e-05 0.54547998309135448 0.12101363390684129 0.52878564596176159 2.5517006179143212e-05 2.7854533982463184e-05 2.5407388420717328e-05 0.44708357751369482 -0.35806336998939509 -0.0012003667070530353 0.98296290636062633 0.43618270754814154 0.60355338454246532 6906094.5000000009 0.39145538210868841 0.66921719908714306 8.891645961739415e-07 4451098.5000000009 0.73682484030723583 0.91597560048103344 -0.31137014925479883 2.969514025608078e-05 3.5000000000000004
decision_type=10 2 10 2 10 2 2 2 8 8 8 10 10 10 2 2 2 2 10 10 10 8 8 8 10 2 10 10 2 10 10 10 10 10 2 2 2 2 2 2 10 8 2 2 2 10 10 10 2 2 8 10 10 2 10 2 2 10 2 10 2 10 2 10 10 10 10 10 10 10 2 10 10 2 8 10 10 2 10 2 10 10 10 10 8 10 2 2 2 10 10 10 10 2 10 2 10 10 10 2 2 8 2 2 10 10 2 10 2 10 8 10 2 2 2 2 10 10 10 10 2 2 2 10 2 10 10 2 2 10 10 10 10 2 2 2 10 10 2 10 10 10 10 10 2 10 10 2 2 10 10 10 10 8 2 2 2 10 2 10 10 10 2 2 10 10 2 2 2 10 2 10 10 10 2 10 10 2 10 10 10 2 10 10 2 10 2 2 2 10 10 10 2 10 2 10 10 10 2 10 10 2 10 2 2 10 10 2 10 10 2 2 10 2 10 2 10 10 10 10 2 10 2 10 10 2 2 8 2 2 10 2 2 10 10 2 10 10 10 10 2 10 10 2 10 10 10 10 10 10 10 10 2 10 10 10 10 10 2 10 10 10 2 2 10 10 10 10 2 2 10 10 10 10 2 10 10 10 10 10 2 10 2 10 10 2 10 2 2 10 2 2 10 2 2 10 2 2 10 10 10 2 10 10 10 10 2 2 2 10 10 10 2 2 2 2 2 10 10 2 2 10 10 10 2 2 2 10 10 10 10 10 10 10 2 2 2 10 2 2 10 10 2 2 10 2 2 10 2
left_child=1 6 3 230 50 10 46 51 41 -10 11 24 18 14 16 28 19 32 36 22 53 25 94 26 58 65 -19 -20 29 -15 -31 -25 -18 34 178 183 37 39 -39 236 67 42 -7 44 -43 -8 47 59 -48 -50 -5 52 130 54 -14 56 -32 -58 103 255 85 335 63 -63 -65 -22 -54 -41 69 -69 -70 72 -71 76 79 270 77 144 -79 80 116 125 83 84 -83 -61 87 88 -87 90 124 93 -92 -91 97 96 98 132 188 128 -88 102 234 106 105 109 108 221 -3 -105 -11 -112 113 -9 -115 326 117 -75 120 -119 -118 122 123 -122 -90 -77 127 -127 -97 -35 -4 -132 133 -12 135 136 -134 -59 -130 -27 142 143 -57 -142 148 146 147 -146 195 151 -151 154 -152 185 -150 -156 162 160 159 -159 -158 -162 219 -164 165 166 -160 -168 170 182 203 -55 -173 174 175 177 -177 -174 -34 180 181 -84 -104 -6 197 -154 -147 -73 -96 256 192 -192 -191 194 -109 204 -197 -64 -199 -200 201 -175 -178 -161 205 -52 -49 -117 209 -153 -211 212 213 -181 -215 -216 217 -206 -72 346 -221 -106 -163 -224 -214 229 227 -227 -228 -226 -2 -202 -233 -166 -81 -236 237 238 239 240 -13 243 -243 244 -242 278 266 -248 249 -249 -251 253 254 -42 -253 -1 265 259 -259 261 -261 267 263 264 -262 -99 330 -258 -269 -195 271 -76 273 274 -137 276 -223 -277 -238 -245 -186 282 -282 -283 285 -285 -286 -288 289 -141 -165 292 293 -37 295 302 315 308 299 300 -296 305 314 304 309 307 -306 -301 -298 310 311 313 -312 -300 -131 316 317 325 319 -318 -320 -304 -323 -322 -325 -297 -78 -328 -169 -330 -240 332 -332 334 -333 -62 337 338 339 340 -337 -232 -210 -344 -103 -346 -108 348 -28
right_child=2 5 7 4 35 8 45 112 9 110 13 12 20 15 -16 -17 17 23 27 -21 21 -23 -24 31 -26 139 347 -29 -30 30 55 -33 33 129 -36 291 -38 38 -40 40 251 43 -44 -45 -46 -47 48 206 49 -51 73 -53 66 171 -56 140 57 137 -60 60 61 62 184 64 -66 -67 -68 68 70 71 218 187 -74 74 75 81 115 78 -80 101 -82 82 179 -85 -86 86 100 -89 89 91 92 -93 -94 -95 95 99 -98 189 -100 -101 -102 344 169 104 107 -107 156 193 -110 -111 111 -113 -114 114 -116 207 118 119 -120 -121 121 -123 -124 -125 -126 126 -128 -129 138 294 131 -133 134 -135 -136 272 -138 -139 -140 288 141 -143 -144 -145 145 186 -148 -149 149 150 152 208 153 -155 155 -157 157 158 164 168 161 222 163 290 233 -167 167 328 -170 -171 -172 172 173 200 -176 176 202 -179 -180 211 -182 -183 -184 -185 280 -187 -188 -189 -190 190 191 -193 -194 269 -196 196 -198 198 199 -201 231 -203 -204 -205 216 -207 -208 -209 342 210 -212 -213 224 214 215 -217 -218 -219 -220 220 -222 275 223 -225 225 226 228 -229 -230 -231 341 232 -234 -235 235 -237 245 -239 246 -241 241 242 -244 279 -246 -247 247 248 -250 250 -252 252 -254 -255 -256 -257 257 258 -260 260 262 -263 -264 -265 -266 -267 -268 268 -270 -271 -272 -273 -274 -275 -276 277 -278 -279 -280 -281 281 283 -284 284 286 -287 287 -289 -290 -291 -292 -293 -294 -295 298 296 297 -299 303 301 -302 -303 321 -305 306 -307 -308 -309 -310 -311 312 -313 -314 -315 -316 -317 318 -319 320 -321 323 322 -324 324 -326 -327 327 -329 329 -331 331 333 -334 -335 -336 336 -338 -339 -340 -341 -342 -343 343 -345 345 -347 -348 -349 -350
leaf_value=-0.0012419791107290896 -0.0014965635057702725 0.0073226859335460293 0.008689120349185073 0.0019770625237739894 0.004343694010979969 -0.011191960613200167 0.0053214335197004792 -0.00042533235344629084 0.013123893689260353 0.0012323945308916524 0.00040779851320661491 -0.001415968215491534 0.0087700996454063429 0.012659085250666691 -0.015473131703384607 0.014007233766099001 0.0075616192833484457 0.0020230601039904071 -0.011565783665793899 0.015028991276575481 0.010452189820166012 -0.0068734254354379867 -0.0085023211407349517 0.01127618229005002 -0.00055361438006130634 0.026396169541806389 -0.003663400550688087 0.0048201058168529931 0.001001245545474312 -0.012099153397633127 0.0074527598257871875 -0.005720551922178063 -0.015944202906031168 -0.0067664118911960119 0.0046797381574656058 -0.00041403718882894946 0.0010161967124271989 -0.0074055965051481555 0.0033299803486835345 -0.01710667747793819 -0.00026216528843162767 0.0058254808207651209 0.0044888446823953647 0.0099275559931533384 -0.0073457682079212166 -0.0060744936907164903 -0.0082273201041325288 0.018565556750963545 0.0099894766709935825 -0.0039357116968878267 -0.0010353320442589116 -0.0057522637854292326 -0.010149356729830535 -0.00078107054951761623 0.00094894993155226321 -0.012249083938154793 -0.010876109002017676 0.0067037067402015748 0.0026992859063432388 -0.0053349368426171906 0.0031760016050036109 0.00020579047891801185 0.014483735384159376 -0.018948946839144866 -0.0046261256432897696 -0.010885916247955431 -0.00050591588292364133 -0.0056857265148589674 -0.019327491078122462 0.0096587569448194407 -0.01494951223765556 0.0072733436589210443 -0.00472661688791401 -4.0749889282643759e-05 0.0076021504505688108 -0.0010514894797760482 0.012176317599812062 2.582918896948991e-06 -0.0020093101492397757 -0.004141210026176935 -0.0021559344015849909 -0.0022316114130506606 -0.010808488213911232 -0.0053493400458390506 0.0084259207708613382 0.015927987987764618 -0.010671921769617015 0.011502753560285957 0.013928735791720784 0.017614890325238927 0.0074106836617843777 0.002402214400236496 -0.0083930455866987035 0.0015009876246702763 0.0025675888291761474 0.0025251095642657988 0.0092761453440840906 0.0038702279163035304 -0.01960676030831689 -0.0072393418704869896 0.0037461523385138445 -0.0042962961335217906 0.0024364641946377731 -0.013344384802038494 -0.012490082864699577 0.015057339602538234 -0.0067487176893138521 -0.0011897414292720274 -0.00099439928481809508 0.001610774044883154 0.003820061471600075 -0.0076457131365855729 -0.0030725795751158432 -0.0096324215659543185 0.0041278081890239087 -0.011478726235408764 0.00017830478845938234 -0.0084330969809661756 -0.0095782221581110025 0.010010033355043331 -0.0018689925154454559 0.0018837716710189678 -0.0038541033583313184 0.016666822060507722 -0.0011069550273168469 0.0093816961729150106 -0.012214474562006892 -0.0086048360203821988 0.0033131339097062363 0.0051667582705401437 -0.0058716287913874688 0.00079437039940650936 -0.0008652858318898357 -0.004425422033159666 0.0040680900560102814 -0.0065451710160061042 -0.012581441566246751 -0.0039617778733847678 -0.0082213169465497355 0.013692922199550119 -0.0081155109104164465 -0.012906359145245822 0.0094524125188781907 0.010305470236031523 0.00050380565879202329 0.0071365459068761196 -0.0081037739724266686 -0.0040495339405081533 0.00064019794274313801 -0.0059656926681408012 0.0016932273512900563 0.0011567976848265401 -0.0011960813640841204 -0.0057485816941538906 0.0026721289180665305 -0.0015616224958402256 0.0018495240563526283 0.0041705173640483716 0.00088887578559846661 0.00678142192305473 0.010473914025858658 0.012008209456396116 -0.0057039035359769978 -0.0024253079262452804 -0.0048269740361664461 -0.0022075350686556238 8.9434216042838538e-05 -0.0085573730725749496 0.0094343347780374825 0.00079582897101441454 0.0071488731229451142 -0.00021731533101372933 0.016511688051990606 0.013520758303998405 0.0080618658432432752 0.0070744742910715157 -0.01556274960331681 -2.5907358766206885e-05 0.00014196462411343957 0.0019391888197830859 -0.014206276148071918 0.00088448476197049478 0.016406985750646707 -0.0021619806735164639 0.0018379575673796813 0.0047016196362642581 -0.00090090905822890746 -0.0021568935392131347 -0.0072999472536023572 0.0083353349850691111 -0.016627168967014112 -0.0010845921248203267 -0.0055262175085183723 0.0024343903614990506 0.012416984107432557 -0.010212741613452892 -0.0009371276257820662 -0.0080088686356481024 -0.0023967849455695475 0.014493042568871541 0.00069763085059594662 0.0018139885661757672 0.00017498951819234614 -0.0074688408734155456 0.0081420693994382048 0.0035710303937660794 0.0043980823987545322 0.0014550344240205142 0.00052475603296571146 0.0079136522767775924 -0.0075205290673455742 -0.0082969294217406005 -0.011922970212167115 -0.014019186120943753 -0.0055564053048304174 0.012587445456722359 0.0074423782988443888 -0.0001808222476167842 -0.0022460489804105544 0.00069452467224543593 0.0050817265995755359 0.00014598246026227099 0.0039204477752162736 -0.0082551477579926504 0.0060349571921296313 -0.0042386267922735615 0.00048937243441731849 0.014588531289339813 -0.0063561455260311497 -0.008531063493543092 -0.001880757173560364 -0.007743129940863425 0.0041533213354184905 0.0098991615478033895 0.012382107481034728 -0.005073034280915773 0.0010074391298506569 0.0064122096211132731 -0.010186508535085652 0.0090334699504148672 0.0015851946915077669 0.005241905653079618 -0.010408637046260589 -0.0062760238520868884 0.016632376547874483 0.0065510606468084757 0.0045875335984719165 0.0018136735095872652 0.0052647372947575953 -0.017000318204767377 -0.0048980058477928598 0.0128823695639936 -0.004681907473373108 0.0037041061304227759 -0.00086898545450757401 0.0013381901386350259 0.015473281013587355 0.012814956165982869 -0.0029939237589529911 -0.0018477345085470861 0.007543973882490335 0.0019642421509523875 0.0013669611830490621 0.015317984578130205 -0.0065815596230464572 0.013500205042814895 -0.00842001230199892 0.013555417458219539 -0.0035611962661080618 -0.0053154836817889918 0.01455836015226551 -0.0032221469857977901 0.013783804921900509 -0.0062417974280227955 0.0065750278222200115 -0.0024676126529151483 -0.008811770801812193 0.010277982968471515 -0.0031926624983056031 0.0084377051043767175 -0.014612825112970207 -0.00096247910008602727 -0.0014552700343185493 -0.0050484242720767762 0.01444275190828557 0.0072934525872876254 -0.0081064307509618183 0.0090289572359033652 0.018682700258402126 -0.0061630880781889802 0.0065104510041751208 5.5697537168571545e-05 -0.0020132207213317773 -0.0021544392476125483 0.0016075630594676847 -0.0042429107236934141 -0.0026063218516381059 -0.0071413158412479017 0.0073793795664630589 -0.0078938578803598239 0.010514447861053445 0.011908339983514067 -0.0033234826669356204 0.010623116677094676 -0.0069286005449456997 0.0094084548642180636 0.0052507016216755747 -0.0011468833495526496 0.0085654366478738041 0.0098658024475180989 -0.015478685290967298 0.0066467152680314548 0.00063912984876550796 -0.0082569076004978519 -0.007129680950146656 -0.010582915540039959 0.0084168132385371748 0.017057759967557772 -0.0037534249078086351 -0.010549828398768526 -0.004928586447158349 0.014091003681750156 0.002377833218879639 0.011126889235612026 4.7007730004319261e-05 0.010522066976712621 0.0073167678241255283 -0.0012205782806807472 -0.0027483577386704107 0.012255535089409542 -0.0052552707280432301 0.0087142430157396162 0.0077074630384996873 0.0038321013378194348 -0.0066524158896457521 -0.0020906731891182188 -0.0034014027520321184 0.001350848603248452 0.0115544233406778 -0.01102832467647148 0.011164906869312827 -0.0075494739566925153 0.0058857433452925087 0.0016372894975476154 0.0041647897050498634 0.014147697747488275 -0.00023459056691049415 0.0012944690477941943 0.0016885048754701829
leaf_weight=2820.4106198698282 18314.618134558201 197.99391919374466 169.45898443460464 3138.5266667604446 283.98618997633457 95.489782392978668 2443.010386288166 289.72762705385685 172.72525940835476 797.38449278473854 1529.72188398242 1550.4196173846722 413.94688279926777 70.243725165724754 73.973249524831772 80.237267300486565 615.48025462031364 2305.1861578524113 301.32980842888355 85.983609512448311 51.74087119102478 113.22234611213207 238.49279341101646 254.67228113114834 15561.131646096706 65.722499459981918 1921.6308418512344 67.986226573586464 1097.1247950941324 268.48204618692398 172.23119685053825 62.230659112334251 129.24555830657482 129.47686004638672 109.24371457099915 22757.061215907335 2851.2698563039303 908.44213680922985 233.97713728249073 52.991976693272591 2332.2120969891548 363.90301121771336 280.18200565874577 876.90567211806774 112.22556494176388 109.95657110214233 330.12481965124607 107.14140047132969 132.68849097192287 155.70010107755661 4345.9187185019255 497.54504260420799 256.16845245659351 13423.837313637137 1562.5279396921396 53.239528015255928 209.97422605752945 228.46016788482666 2945.464627340436 116.2348135560751 6461.8472578376532 444.78978805243969 119.15106245875359 145.66781988739967 186.13121069967747 51.2365852445364 325.19215147197247 497.97556847333908 69.74646021425724 278.73372359573841 77.735608980059624 147.23883575201035 84.245685771107674 1315.4603600502014 156.4977944791317 278.49527724087238 190.95828028023243 7395.563629463315 7625.0057549476624 678.68135857582092 5807.6834634393454 180.49071416258812 204.24279062449932 198.98689566552639 319.73258018493652 118.20832771062851 87.725959271192551 472.5539213269949 119.96265564858913 156.69326867163181 61.243640869855881 356.11073929071426 283.20119626820087 77.482647314667702 139.744683355093 1672.9530661851168 125.73403908312321 938.4453200250864 77.994132861495018 199.73471941053867 168.1536500453949 90.488653272390366 128.98698435723782 53.746753960847855 62.746166720986366 113.24021045863628 245.74730506539345 561.97729383409023 7037.1424192935228 1693.4637955874205 121.7335356771946 415.41396367549896 6118.3441286981106 890.89413617551327 91.95220910012722 64.983086809515953 13228.366562470794 605.19921247661114 189.70775294303894 51.7400022149086 52.497676283121109 728.7111444324255 66.496609285473824 200.73895725607872 94.968361929059029 80.997346043586731 481.47761376202106 66.247347369790077 144.74464650452137 1096.4177403002977 345.18513284623623 3241.6850794404745 667.98877412080765 1288.2232808917761 994.22391659021378 88.497398212552071 164.24634182453156 191.46658863127232 229.48860394954681 55.491412356495857 82.47445847094059 341.94134618341923 94.980041041970253 70.485693916678429 42397.238462299109 599.67573401331902 208.70210646092892 738.41717290878296 12641.553188368678 945.35801064968109 2567.8961673378944 7139.1809790581465 1463.9425109922886 1275.1816207170486 784.48379576206207 8339.4816969633102 2161.9633694291115 2831.1376664936543 52928.520574361086 60.246468052268028 535.48445650935173 70.748939409852028 777.23942330479622 394.24435445666313 58.497267320752144 1552.7191499471664 4233.9361500144005 307.24535010755062 75.496858298778534 467.95496007800102 82.496217027306557 8350.7288080006838 80.496998369693756 130.23828868567944 801.17816345393658 89.488866806030273 93.744064658880234 89.995539680123329 70.497306078672409 1149.9198641180992 179.23923514783382 298.73853944242001 116.98971821367741 11003.289743036032 5284.19184230268 437.72670832276344 259.20548567175865 914.42882587015629 747.22081397473812 154.47955292463303 111.24391612410545 136.23501995205879 104.23896986246109 196.48984012007713 66.246133327484131 173.74095074832439 24154.677735507488 75.196058079600334 84.456888988614082 103.68032804131508 2562.0764330327511 351.97132588922977 87.492827191948891 402.98531132936478 224.74534091353416 871.73157428205013 126.65500476956367 1109.9569048583508 1208.1593013256788 50.241994053125381 280.45751444995403 272.71790190041065 133.96660782396793 116.98197236657143 94.486777678132057 61.236861854791641 384.73865379393101 1061.4786622077227 390.47122418880463 13768.070936799049 743.73813386261463 2016.1987978219986 176.49492427706718 129.74813129007816 55.241829335689545 55.739161744713783 623.90442170202732 104.46732264757156 467.10167771577835 421.69331941008568 730.34994262456894 339.72439484298229 120.98926493525505 254.48540031909943 86.7410958558321 62.24360965192318 672.38977438211441 281.47401051223278 170.98789674043655 203.98955434560776 86.743372589349747 101.49483945965767 103.24482168257236 100.74597673118114 162.49043460190296 135.48410625755787 428.97630743682384 268.7343058437109 233.98561654984951 88.491674572229385 508.724883466959 268.95970275998116 108.4879382699728 1207.1904477328062 85.480941370129585 3966.1058821082115 160.99417567253113 230.47902505099773 100.99308896064758 2325.1558223813772 269.24099509418011 1437.4706839770079 862.71129120886326 141.49410371482372 67.747123792767525 133.73989939689636 428.94130583107471 80.246812894940376 104.74675741791725 1836.8711665868759 61.496117502450943 251.49153099954128 67.748570531606674 190.99665343761444 393.99041746556759 110.24216721951962 156.49637991189957 196.7435791939497 6502.6424702107906 84.246440693736076 118.22392788529396 2280.2335942536592 248.67099000513554 269.93888872861862 158.69068375229836 193.713702917099 71.711328148841858 112.46247629821301 79.726808935403824 59.738157972693443 193.99754460155964 13007.865614503622 8142.2961166203022 4553.2020483762026 1958.4083203524351 113.23948322236538 108.98783089220524 129.22355644404888 66.245650544762611 314.97876000404358 321.23332898318768 96.492486640810966 55.494322553277016 303.19908007979393 222.95494019985199 97.743539243936539 127.72049355506897 1828.1453214138746 870.59682486951351 319.21938943862915 62.994288623332977 832.67284345626831 157.97770725190639 158.48212797939777 80.243222132325172 81.488746762275696 359.71607692539692 97.733362302184105 800.14890140295029 72.993321433663368 137.2358540147543 450.21561901271343 114.98794017732143 178.72877806425095 205.46380902826786 75.240874215960503 344.67237214744091 262.94750636816025 821.73792563378811 51.99825282394886 223.73443742096424 60.492984518408775 342.23254837095737 163.72976909577847 945.10443365573883 123.22880260646343 561.43349060416222 4883.1675241142511 213.97196809947491 50.742894396185875 134.72982734441757 606.04958955943584 1542.629779919982 1134.1647596210241 476.69746258854866 171.48570628464222 12357.844231083989 952.89596384763718 458.21262992918491
leaf_count=11286 73267 792 678 12555 1136 382 9778 1160 691 3190 6119 6202 1656 281 296 321 2462 9221 1206 344 207 453 954 1019 62246 263 7687 272 4389 1074 689 249 517 518 437 91034 11406 3635 936 212 9330 1456 1121 3509 449 440 1321 429 531 623 17384 1991 1025 53701 6251 213 840 914 11783 465 25854 1780 477 583 745 205 1301 1992 279 1115 311 589 337 5262 626 1114 764 29584 30503 2715 23232 722 817 796 1279 473 351 1891 480 627 245 1425 1133 310 559 6692 503 3754 312 799 673 362 516 215 251 453 983 2248 28149 6774 487 1662 24488 3567 368 260 52915 2421 759 207 210 2915 266 803 380 324 1926 265 579 4386 1381 12968 2672 5153 3977 354 657 766 918 222 330 1368 380 282 169595 2399 835 2954 50567 3782 10272 28558 5856 5102 3138 33359 8648 11325 211717 241 2142 283 3109 1577 234 6211 16936 1229 302 1872 330 33405 322 521 3205 358 375 360 282 4600 717 1195 468 44018 21142 1751 1037 3658 2989 618 445 545 417 786 265 695 96624 301 338 415 10249 1408 350 1612 899 3487 507 4441 4833 201 1122 1091 536 468 378 245 1539 4246 1562 55073 2975 8065 706 519 221 223 2496 418 1869 1687 2922 1359 484 1018 347 249 2690 1126 684 816 347 406 413 403 650 542 1716 1075 936 354 2035 1076 434 4829 342 15872 644 922 404 9301 1077 5750 3451 566 271 535 1716 321 419 7348 246 1006 271 764 1576 441 626 787 26015 337 473 9123 995 1080 635 775 287 450 319 239 776 52035 32573 18215 7834 453 436 517 265 1260 1285 386 222 1213 892 391 511 7313 3483 1277 252 3331 632 634 321 326 1439 391 3201 292 549 1801 460 715 822 301 1379 1052 3287 208 895 242 1369 655 3781 493 2246 19535 856 203 539 2425 6171 4537 1907 686 49432 3812 1833
internal_value=-2.09212e-06 0.000547594 -0.000552014 -0.000453667 -0.000345107 0.000361466 0.00174747 -0.00252607 0.00333738 0.000410926 0.000317588 0.000170699 -0.000462658 0.0010135 0.0012244 -0.00150317 0.00126287 0.00198972 -0.00122006 0.000424802 0.000183894 0.00656502 0.00034054 0.000369278 0.000436395 0.0108069 -6.34517e-05 -0.00851111 -0.00197272 -0.00379797 -0.00452821 0.00787984 0.00273412 0.0024885 -0.00513731 -0.000961811 -0.00110676 -0.00138848 -0.00519899 -0.00117276 0.000107667 0.0058753 0.000352777 0.00739755 0.00265088 0.00481317 0.00150234 0.00159609 -0.00322536 0.00256801 -0.000123378 -0.000765623 -0.000184105 7.53032e-05 0.00261574 -0.0030629 -0.000287082 -0.00247028 0.000573411 0.00152063 0.00186892 0.00159101 0.000714694 -0.00473718 -0.0112123 -0.000184016 -0.00483525 -0.00242965 -0.00205915 -0.00072714 -0.00673929 0.00102817 0.00629006 -0.0001639 -0.000755856 -0.00252347 -2.57845e-05 -6.81007e-05 -0.00101926 -0.000300028 -0.000549652 -0.00296946 -0.00228419 0.00174427 0.00460587 0.00478886 0.00539726 0.006394 0.00442971 0.00314555 -0.000462737 0.00652536 -0.00547865 0.0125089 0.000475832 -0.00128076 -0.00507808 0.000936347 -0.00700933 0.000573999 -0.00137063 0.00212874 0.000475157 0.000516042 -0.000784393 0.00200287 0.000605766 -0.00178239 -0.000758961 0.00109201 -0.00130288 -0.0050293 -0.00367571 -0.00653814 -0.00832212 0.00275607 1.86018e-05 -0.00233645 0.000340809 -0.00687757 0.000477901 0.00422798 0.00939431 0.0128847 0.00748382 -0.00664749 -0.00908191 0.00126291 0.00136152 0.00268772 0.000544491 0.000141224 -0.000365363 -0.00180798 0.00121855 -0.000593447 -0.00327531 0.0018576 -0.00378409 0.0150249 -0.00647898 -0.00883251 0.00142928 0.000463379 5.59465e-05 0.000467782 0.000382569 0.000425123 -0.000200379 0.000175979 -0.0012492 0.000464088 -0.000465833 -0.0022109 -0.000129505 -0.00119558 0.000709521 0.00094284 0.000827574 0.00308308 0.00332127 0.00676195 0.000162701 -0.0030138 0.000697852 0.000663481 0.00074018 -0.000712422 -0.00186276 0.00382757 -0.00353934 -0.000114747 0.000568205 0.00194799 0.00568232 0.00129485 -0.00314655 0.00817231 -0.0104799 -0.0029506 -0.00678434 -0.0039585 0.00938853 -0.00199534 0.00118266 0.000175462 0.00472496 -0.000804432 -0.00573623 0.00188827 -0.00273253 -0.008373 0.00275221 -0.00339558 0.000383179 -0.000680263 -0.0010067 0.00658747 0.00269293 0.00712251 0.000614373 0.00514488 -0.00827908 -0.00553183 0.000472456 -0.000261442 0.01129 0.000666909 0.00160121 0.000877173 -0.00504414 -0.00220183 -0.00167685 0.000555936 -0.00516587 0.00184492 0.00275441 0.0013148 -0.00457089 0.000323506 0.000922047 -8.82429e-05 0.00138134 -0.00131691 -0.00337774 -0.00266342 -0.00106417 0.00814812 -0.00246639 -0.0067722 -0.00170127 -0.000120027 -0.0046014 0.0070951 -0.00242554 0.00520271 -0.00177489 -0.000830115 -0.00116366 0.000918677 0.000132469 0.00386073 -0.00274488 0.00696861 0.0116075 -0.00261813 -0.00245265 -0.000254257 -0.00216205 -0.00419864 -0.00689226 0.00170284 0.0062457 0.00109592 0.00961996 0.000265697 0.00223235 0.00168255 0.00804125 0.00128457 0.000207408 0.00348814 0.00376013 0.00798161 0.00461745 0.00516252 -0.0038862 0.00963198 0.0041178 -0.00455998 0.00298683 0.000996221 0.00242049 0.00112902 0.00410103 0.000264732 -0.000529192 0.00575447 -0.00279838 0.000496682 0.000940266 -0.000434304 -0.00591636 0.000230909 0.00358124 0.00014425 0.0081198 0.00229728 0.0103021 0.00366719 0.000569448 -0.000720795 -0.00100565 -0.000704745 0.00279509 0.0039024 0.00248173 0.00558798 0.00198088 0.000909547 0.00289505 -0.00103019 0.00643376 0.00416681 0.00312272 -0.00162771 -0.00247457 -0.00216417 0.00731143 0.00435754 0.00292929 0.00446872 -0.00433598 -0.00355239 0.00428571 0.000843724 0.0013396 0.00735871 0.000328632 0.00508392 -0.00124956 0.0103995 0.0117745 0.00259136 0.00532326 0.00183966 0.00579273 0.00365438 -0.00356841 -0.00175234 -0.0028351 -0.0020673 0.00258129 -0.00431953 -0.00566653 0.00228789 0.0013232 0.00181818 0.00609816 0.00211989 0.0049602 -0.00448111 0.00298869 0.0040959 0.00553769 0.00694619 -0.000365805 -0.00150804 -0.00263075
internal_weight=515772 257941 257831 245605 225954 223311 34630.4 12226.2 3235.96 1507.26 220075 181727 53703.7 38348.1 35386.8 2961.34 35312.8 18905.4 24728.4 16407.4 28975.3 476.879 16321.4 5954.83 128023 363.656 5637.93 369.316 2881.1 1783.98 1713.74 316.903 12950.6 12335.1 308.987 59747.7 24359.1 21507.8 1142.42 20365.4 6515.9 1728.71 375.672 1353.03 476.129 2552.97 32077.4 31458.9 618.513 288.389 166206 4835.23 4337.69 28498.4 1976.47 1445.25 802.132 629.901 112462 31225.1 24438.6 22326 9896.91 776.589 331.799 102.977 581.361 2513.57 2460.58 1922.62 537.953 1424.65 362.979 163067 30842.5 6315.59 132225 130251 15020.6 24526.9 22246.6 5846.11 4938.89 699.21 500.223 2112.54 1996.3 1740.42 1267.87 1149.66 559.376 590.287 344.445 234.176 16082.9 3337.61 1090.69 12745.3 964.96 2246.92 255.88 2280.27 1541.6 109516 7064.46 1860.45 102452 5204.01 7235.14 1747.21 1334.53 537.147 7390.92 1272.57 982.846 1973.52 16438.9 1972.4 14466.5 656.939 14276.8 1048.44 319.733 253.237 214.931 907.218 628.722 147.245 2047.19 12026.1 3756.33 3586.87 5385.64 2817.95 2567.69 1573.47 832.235 419.927 374.233 260.679 643.121 494.901 148.22 152.96 115231 44203.2 43344.4 43135.7 71027.5 39810.5 6690.11 33120.4 5744.75 3176.85 21765.5 9123.97 95216.8 66735.9 63661.5 3452.36 3074.44 912.476 28480.9 1365.48 60209.1 59896.2 58343.4 5414.92 621.225 713.932 545.728 26522 13098.1 4747.4 1242.4 441.218 270.726 170.493 199.743 4239.68 682.221 502.981 245.977 11287.3 9120.32 1901.67 858.881 1061.67 886.965 7359.66 506.197 247.479 258.719 2661.58 628.223 31217 24328.4 382.484 263.333 188.137 3505 482.21 181.237 463.232 6888.61 5217.65 233.796 1174.94 11354.8 7469.88 330.7 3557.46 3284.74 1422.63 272.706 155.724 1670.96 1286.22 468.207 27115.4 14511.8 2542.43 376.992 306.243 1862.11 1728.15 1251.21 160.206 1091.01 476.935 19651 3022.79 460.714 312.983 827.666 148.985 13849.5 6538.99 6257.51 2393.38 2189.39 638.966 204.74 434.226 249.234 7310.52 3864.14 1528.91 1099.94 865.951 597.217 4002.33 462.929 3539.4 354.441 6786.52 6853.47 5781.28 331.472 5449.81 3666.35 1783.46 1341.19 478.482 336.988 1072.19 2335.22 345.988 184.994 2033.36 469.485 407.989 741.233 673.484 482.488 2479.68 2172.7 306.986 7175.03 184.992 8737.84 3453.65 366.895 3086.75 806.517 463.653 342.864 184.174 194.956 115.23 588.242 48460.4 35452.6 27310.3 11896.6 5028.16 3230.8 1108.81 6868.47 4617 2279.64 2337.36 1797.36 2251.47 1948.27 2240.87 350.675 2143.12 979.585 1597.59 1278.37 1057.4 220.972 224.728 1176.66 2121.99 2040.5 286.214 1754.29 432.709 1321.58 620.698 565.204 521.428 384.193 188.48 798.578 607.62 1180.98 873.736 1906.28 1735.29 565.967 1169.33 1005.6 12429.1 5967.27 5405.84 522.673 308.702 257.959 1336.4 3884.95 2676.79 738.672 648.183 12603.6 3332.74 2379.84
internal_count=2063265 1031855 1031410 982483 903869 893290 138565 48927 12947 6030 880343 726940 214838 153403 141556 11847 141260 75628 98926 65632 115912 1908 65288 23821 512102 1455 22553 1478 11526 7137 6856 1268 51807 49345 1236 239011 97448 86042 4571 81471 26066 6917 1503 5414 1905 10218 128347 125872 2475 1154 664858 19344 17353 114004 7907 5782 3209 2520 449856 124936 97778 89325 39599 3108 1328 412 2326 10055 9843 7691 2152 5699 1452 652303 123377 25265 528926 521030 60087 98112 88990 23387 19758 2797 2001 8453 7988 6964 5073 4600 2238 2362 1378 937 64334 13351 4363 50983 3860 8988 1024 9122 6167 438073 28259 7442 409814 20817 28941 6989 5339 2149 29583 5095 3935 7896 65758 7890 57868 2628 57109 4194 1279 1013 860 3629 2515 589 8189 48109 15027 14349 21543 11272 10271 6294 3329 1680 1497 1043 2573 1980 593 612 460943 176820 173384 172549 284123 159249 26763 132486 22981 12709 87064 36497 380873 266948 254650 13810 12298 3650 113925 5462 240840 239588 233377 21660 2485 2856 2183 106097 52396 18991 4970 1765 1083 682 799 16961 2729 2012 984 45154 36491 7607 3436 4247 3548 29440 2025 990 1035 10647 2513 124874 97319 1531 1054 753 14021 1929 725 1853 27555 20871 936 4701 45422 29881 1323 14232 13141 5691 1091 623 6684 5145 1873 108463 58048 10170 1508 1225 7450 6914 5006 641 4365 1908 78614 12092 1843 1252 3311 596 55405 26158 25032 9574 8758 2556 819 1737 997 29247 15458 6116 4400 3464 2389 16011 1852 14159 1418 27158 27415 23126 1326 21800 14666 7134 5365 1914 1348 4289 9342 1384 740 8134 1878 1632 2965 2694 1930 9919 8691 1228 28705 740 34960 13818 1468 12350 3227 1855 1372 737 780 461 2353 193857 141822 109249 47591 20115 12925 4436 27476 18469 9119 9350 7190 9007 7794 8964 1403 8573 3919 6391 5114 4230 884 899 4707 8489 8163 1145 7018 1731 5287 2483 2261 2086 1537 754 3195 2431 4724 3495 7626 6942 2264 4678 4023 49726 23872 21626 2091 1235 1032 5347 15541 10708 2955 2593 50415 13332 9520
is_linear=0
shrinkage=0.02


Tree=12
num_leaves=350
num_cat=0
split_feature=43 43 27 15 56 27 43 58 16 20 49 59 16 20 15 58 37 58 56 51 60 30 31 20 31 56 37 60 56 16 59 24 56 37 58 31 20 37 56 59 60 16 56 56 56 56 20 60 37 29 35 58 20 51 37 56 31 51 59 49 43 24 37 53 56 37 51 53 56 37 53 43 20 16 16 49 49 16 50 35 56 43 53 37 20 45 59 56 35 35 53 60 60 37 43 56 58 20 20 37 51 31 28 59 37 56 30 23 31 37 60 15 24 50 30 56 60 40 51 43 28 37 24 60 50 58 56 37 45 51 37 50 24 58 20 59 37 60 56 43 58 58 51 56 20 56 34 30 59 58 29 59 60 15 24 30 53 53 58 60 51 31 37 37 56 56 23 56 58 60 53 58 58 53 53 58 56 24 53 37 18 37 53 59 49 37 24 60 5 43 24 43 60 31 37 31 5 56 37 30 56 49 60 53 5 9 37 58 56 15 50 56 20 58 20 43 30 37 43 18 20 24 35 53 60 59 50 24 43 16 16 37 37 28 20 60 31 43 24 53 30 56 60 56 56 37 56 58 20 19 56 56 58 58 35 43 35 58 43 53 59 29 53 19 58 29 60 53 56 53 50 60 24 16 50 51 35 24 58 60 43 31 60 56 56 58 58 60 20 58 24 56 56 37 43 15 20 58 16 37 58 27 60 29 58 35 29 30 30 58 43 20 29 30 24 60 58 20 56 56 60 49 56 35 53 56 20 58 5 20 30 60 49 60 30 58 56 24 53 56 20 24 43 31 53 31 51 43 49
split_gain=364.237 166.879 110.489 83.6337 78.3951 78.0166 63.8253 71.7869 60.5339 57.8114 65.48 56.7157 133.198 85.9597 46.3766 45.8562 58.5251 49.8603 63.2716 65.0798 78.9127 64.6198 60.4745 53.0477 52.1837 53.8511 69.5094 49.9065 59.9836 49.7534 48.2786 53.0748 70.9477 47.5505 47.7652 44.9143 55.502 50.6832 44.4826 45.7109 44.1911 43.7041 43.5384 62.8444 53.5536 63.1932 97.6794 53.1903 50.5087 50.1242 44.1029 57.7611 63.4954 42.5096 41.7786 41.7058 45.0287 52.2436 41.4688 45.2847 43.6339 40.7697 45.0136 44.1091 45.0352 42.7735 58.8607 41.547 50.8367 48.2932 40.3622 67.1122 50.2199 40.1736 39.4587 39.4546 39.0657 48.7042 43.7977 38.8957 39.6948 70.5319 57.659 49.7972 38.5802 45.5733 38.2451 37.9982 39.6871 49.2191 37.8724 37.3939 37.3089 46.3505 54.4585 51.4823 37.1441 40.5552 36.8111 67.299 41.6117 36.7922 38.2137 45.4789 36.4849 36.0498 57.4033 36.0292 35.8823 35.7145 43.1983 44.6021 41.6265 41.0054 35.5609 35.0016 38.3264 34.8264 34.6037 34.3754 34.3553 34.258 39.2964 38.0918 34.1311 53.8222 34.1058 37.0102 37.6174 34.0356 33.9534 95.2071 38.469 33.7722 33.4451 36.3755 43.6857 40.3079 48.3071 37.1604 64.8938 73.3633 48.6105 44.1229 42.312 34.1406 33.3107 33.2172 33.1375 32.9974 39.8472 39.3011 32.9691 32.848 32.657 36.9144 33.1632 32.3678 36.2495 32.362 32.362 32.2666 48.2959 58.2761 33.2727 48.6555 32.2311 32.1965 37.8273 36.7817 44.6327 40.355 35.5188 33.6142 32.0866 31.7321 31.4731 32.6634 36.2682 32.2348 34.3543 34.0208 47.2424 31.4599 51.1617 31.4192 31.4057 31.39 31.3323 40.2343 33.8326 32.1975 31.1642 36.2 31.1154 31.0767 30.9694 34.0384 32.6227 30.9521 30.6143 30.6021 30.4888 30.4615 30.3529 30.3012 30.2938 53.233 56.2317 47.501 30.1884 30.1051 40.4209 36.8837 33.0121 30.0879 38.7249 31.6998 29.8737 38.5639 29.8413 29.7803 29.7715 37.8179 32.8302 29.7472 29.5416 29.5294 34.4662 29.3329 29.3085 29.2541 55.3117 30.9397 29.2481 29.145 33.4102 49.2309 47.4839 34.0106 29.091 29.0677 50.108 30.5998 42.8849 29.3792 39.6007 29.0566 28.9949 28.7504 28.7095 44.4522 35.7145 30.4473 29.9627 29.9403 28.7088 28.6339 28.508 28.4648 32.0338 50.2026 28.412 28.3007 30.9265 29.9036 28.2671 28.257 41.4137 43.2776 57.7599 43.0545 42.622 41.1653 28.2054 35.1127 28.187 35.164 38.0044 28.1773 28.1573 28.1294 28.1137 35.0595 39.7033 39.076 58.111 41.4222 39.2683 49.7044 33.9105 28.0769 34.4485 34.1588 30.5114 28.0743 28.0601 32.2343 27.91 28.1305 58.3983 32.6314 30.7081 29.8623 28.9608 27.8488 34.6346 31.2414 27.8042 27.6982 35.57 47.8593 32.6342 27.6011 27.3886 40.1099 49.7714 58.7039 54.7341 48.1964 51.9018 44.9605 39.3943 38.3871 41.6998 37.3267 38.8162 42.7111 41.4932 39.1874 35.9714 37.3573 32.1455 30.5111 30.2272 28.3915 30.3766 28.8405 35.835 40.4848 33.5217 28.3182 27.2882 27.1846 29.6898 27.1656 27.0628 33.2394 27.8346
threshold=3.6300827559898614e-05 -0.00074852688703685988 0.00012010335922241212 7.2021921369014316e-06 0.0014307002420537176 9.0539455413818373e-05 0.00089772947831079375 0.4336035698652268 1.0156344615097625e-05 4.6201321310945793e-05 0.65588989853858959 0.98296290636062633 -8.5710411212858149e-08 4.3064586861873984e-05 -6.7706303070735876e-06 0.49473726749420172 2.2772424927097749e-05 0.68430265784263622 0.0018091750680468979 0.34261842072010046 -0.6035533845424651 -0.00016584992408752439 0.00027209520339965826 2.5320700842712544e-05 -0.00055769085884094227 0.0020791148999705915 3.4506432712078101e-05 0.91597560048103344 0.0015178250614553692 1.2184353636257585e-05 0.37940952181816107 2768920.2500000005 0.0020231998059898619 2.472503001627047e-05 0.5577179789543153 0.0022704601287841801 3.3671252822387039e-05 4.4697075281874283e-05 0.0019182860269211235 0.78656607866287243 -0.98296290636062611 4.7963635552150671e-06 0.0016011035768315198 0.0015065424377098682 0.0020415056496858601 0.002665837993845344 2.6279089979652784e-05 0.78656607866287243 5.5822345530032187e-05 -6.6488981246948229e-05 8.1330661487299962e-05 0.49789573252201086 4.4174745198688477e-05 0.622636377811432 4.3279676901875071e-05 0.0022986063268035655 -0.00052693486213684071 0.8133734166622163 0.78656607866287243 0.28159804642200476 -0.00036215233558323229 6066835.5000000009 3.4506432712078101e-05 0.00066786535899154853 0.0021017988910898571 3.8928990761633038e-05 0.72955971956253063 0.00045260012848302727 0.0014125007437542083 2.9519549570977691e-05 0.00057342080981470655 -9.9780336313415305e-05 2.5100784114329148e-05 2.8594303103091083e-06 1.2387644687805734e-06 0.83119490742683422 0.67351448535919201 -4.7822727538004975e-06 0.23172631114721301 4.6039604058023549e-05 0.0025885709328576927 -0.00018992154946317894 0.0004883743531536312 2.9158821234887004e-05 5.4838183132233105e-05 -0.20243738591670987 -0.91597560048103321 0.0011266709771007302 1.1744393759727247e-05 1.760016129992437e-05 0.00065454648574814211 0.12940952181816107 -0.91597560048103321 2.0156517166469715e-05 -0.00034911063266918058 0.0015178250614553692 0.3310502320528031 7.7404885814758031e-05 2.4375616703764539e-05 3.1177445634966723e-05 0.21374011039733889 -0.00043144822120666498 9.8526477813720717e-05 -0.98296290636062611 2.472503001627047e-05 0.003320355550386012 -0.00099530816078186013 4470714.2500000009 -0.0013197958469390867 2.0891132407996341e-05 0.91597560048103344 -4.8700319439376463e-06 2432709.8750000005 0.55652377009391796 -0.00073921680450439442 0.0017851101583801212 0.37940952181816107 0.00016926031821640211 0.51410540938377391 0.00029184881714172667 -0.00023910403251647947 2.5833879590209111e-05 6827612.0000000009 0.78656607866287243 0.20431643724441531 0.52455177903175365 0.0025114155141636734 3.9718843254377141e-05 -0.073760889470577226 0.15948974341154101 4.3279676901875071e-05 0.65543472766876232 4306588.7500000009 0.47258700430393225 1.8552853362052705e-05 -0.37940952181816096 2.4455049242533281e-05 -0.37940952181816096 0.0013826107606291773 -0.00038268008211161936 0.60705220699310314 0.50310572981834423 0.3956007063388825 0.0012357690720818939 4.1569630411686383e-05 0.0013783846516162159 1.2792720553989058e-05 -0.00054410099983215321 0.37940952181816107 0.38957419991493231 -0.00035336613655090327 0.37940952181816107 -0.6035533845424651 -2.1323786540961005e-06 4366143.0000000009 -0.00058338046073913563 0.00040169154817704117 0.00039880086842458701 0.51145943999290477 -0.6035533845424651 0.8322359323501588 -0.00084513425827026356 3.5410217606113299e-05 2.9519549570977691e-05 0.0027510940562933688 0.0028531481511890893 3825833.3750000005 0.0027510940562933688 0.39428134262561804 -0.98296290636062611 0.00041934697946999227 0.44639429450035101 0.39428134262561804 0.0006812311476096512 0.00052714848425239335 0.46957270801067358 0.0011975141824223103 3714117.8750000005 0.00050307120545767259 2.3717268049949783e-05 -0.00019702315330505368 2.7167950065631888e-05 0.00042870157631114131 0.91597560048103344 0.78822806477546703 2.491154828021536e-05 4933099.0000000009 0.37940952181816107 -0.032510381191968911 -0.00039025314617902035 7923319.2500000009 -0.00017597268742974845 0.60355338454246532 0.00015586614608764651 6.1002949223620824e-05 0.00021487474441528323 0.19434266537427905 0.0017107104067690673 2.5612618628656495e-05 9.5307826995849623e-05 0.0018909720820374789 0.55004125833511364 -0.91597560048103321 0.00042715847666841006 0.022005151025950912 0.48333333432674414 2.5507172722427643e-05 0.45669083297252661 0.0015011330833658578 -1.8642284089764869e-06 0.53301668167114269 0.0012730437447316947 4.752337190438994e-05 0.55185663700103771 2.3910498384793758e-05 -0.0010179912205785511 -0.00093048810958862294 5.5822345530032187e-05 -0.0003366240562172606 9.0062618255615248e-05 9.4789862487232326e-05 7219882.2500000009 2.4454629055981062e-05 0.00047779435408301657 -0.12940952181816107 0.91597560048103344 0.10001238808035852 3048478.0000000005 -0.001068958605173975 -6.7124133238394271e-06 -1.1549893770279594e-06 2.7698841222445484e-05 2.9519549570977691e-05 -0.0001575052738189697 3.476136771496386e-05 -0.6035533845424651 -7.423758506774901e-05 -0.00020992294594179836 5386249.0000000009 0.00059929839335381996 0.00036162137985229498 0.0013547590351663532 1.0000000180025095e-35 0.0011332070571370425 0.0012393032666295769 2.3963681996974632e-05 0.0012146565131843092 0.43276196718215948 5.2552561101038016e-05 5.7089844631263993e-05 0.0015178250614553692 0.0016159666120074692 0.58582869172096264 0.55185663700103771 2.3536691514891576e-05 -0.0015515460399910805 5.8512912801234058e-05 0.48865936696529394 -0.00028942702920176083 0.00045688610407523816 0.12940952181816109 0.00011879205703735353 0.00079123766045086097 7.9350385931320502e-05 0.43183903396129614 -3.2037496566772454e-05 -0.6035533845424651 0.00059207913000136625 0.0019182860269211235 0.00061548131634481262 0.19611395150423053 0.12940952181816107 2768920.2500000005 -1.2218615097481231e-06 0.27267919480800634 0.11934002861380578 2.6472226636542476e-05 6442485.7500000009 0.48925758898258215 -0.37940952181816096 0.0010324409813620152 0.00022083520889282229 -0.12940952181816107 0.0017851101583801212 0.0018630593549460175 0.49410566687583929 0.58134058117866527 -0.6035533845424651 3.9707014366285882e-05 0.72576013207435619 5797417.0000000009 0.0020791148999705915 0.001281515753362328 2.2041532247385479e-05 0.0011690409737639131 2.6672633168800536e-07 4.3225847548455938e-05 0.43092404305934912 -4.9299210331810164e-06 3.6957089832867502e-05 0.42152613401412969 -0.00021162629127502439 -0.6035533845424651 -0.00017997622489929197 0.46168524026870733 2.6076161702803805e-05 -0.00019654631614685056 -0.00040122866630554194 -0.00080066919326782216 0.52455177903175365 -0.00019977283227490258 4.372003786556889e-05 0.00015908479690551761 0.00020533800125122073 2683503.2500000005 0.91597560048103344 0.61066684126853954 2.2347338926920205e-05 0.0011839426006190481 0.0014800874050706627 -0.7865660786628722 0.37860034406185156 0.0011037876829504969 2.2891526896273721e-05 0.00050943053793162118 0.0011873466428369286 4.6789500629529364e-05 0.47315108776092535 0.095086965709924712 2.0464815861487299e-05 -0.00054410099983215321 -0.7865660786628722 0.1953915357589722 -0.7865660786628722 -0.00040873885154724116 0.46474879980087286 0.0013186105643399062 2314799.6250000005 0.0004613356431946159 0.0013826107606291773 2.4733499230933379e-05 3886694.7500000005 -0.0002780574577627703 -0.00041571259498596186 0.00032637648109812295 -0.0015456676483154295 0.23813127726316455 -0.00026724800409283484 0.51247727870941173
decision_type=2 2 10 2 8 10 2 10 2 2 10 2 2 2 2 10 10 10 10 10 2 10 10 2 10 10 10 2 10 2 2 2 10 10 10 10 2 10 10 2 2 2 10 10 10 10 2 2 10 10 10 10 2 10 8 8 10 10 2 10 2 2 10 10 10 10 10 10 10 10 10 2 2 2 2 10 10 2 10 10 10 2 10 10 2 10 2 10 10 10 10 2 2 10 2 10 10 2 2 10 10 10 10 2 10 10 10 2 10 10 2 2 2 10 10 10 2 2 10 2 10 10 2 2 10 10 10 10 10 10 10 10 2 10 2 2 10 2 10 2 10 10 10 10 2 10 10 10 2 10 10 2 2 2 2 10 10 10 10 2 10 10 10 10 10 10 2 10 10 2 10 10 10 10 10 10 10 2 10 10 10 10 10 2 10 10 2 2 2 2 2 2 2 10 10 10 2 10 10 10 10 10 2 10 2 10 10 10 10 2 10 10 2 10 2 2 10 10 2 10 2 2 10 10 2 2 10 2 2 2 2 10 10 10 2 2 10 2 2 10 10 10 2 10 10 10 10 10 2 2 10 10 10 10 10 2 10 10 2 10 2 10 10 2 10 10 2 10 10 10 10 2 2 2 10 10 10 2 10 2 2 10 2 10 10 10 10 2 2 10 2 10 10 10 2 2 2 10 2 10 10 10 2 10 10 10 10 10 10 10 2 2 10 10 2 2 10 2 10 10 2 10 10 10 10 10 2 10 2 2 10 2 10 2 10 10 10 2 10 10 2 2 2 10 10 10 10 2 10
left_child=1 3 6 42 5 8 9 -8 109 54 -11 15 309 133 -4 16 84 18 19 20 22 30 23 124 25 26 200 29 -29 58 -20 32 -32 -25 259 37 -37 117 39 199 196 282 43 86 48 46 215 50 74 108 51 161 90 76 61 56 -56 119 59 -21 -60 62 -2 64 -64 66 -65 68 -63 206 71 72 -33 -57 121 249 79 166 -79 80 98 82 83 91 92 -86 -1 88 -10 -90 -53 148 93 95 -95 -6 107 -98 99 100 -18 258 103 -103 188 106 186 -12 227 113 111 -111 -112 263 -114 116 229 220 205 -58 -121 122 -44 267 231 -126 127 -108 -129 -54 167 -132 -133 -14 -113 136 157 138 -138 140 141 -137 143 313 174 225 -116 -7 -82 150 151 -106 -67 -94 156 -156 -102 210 257 -131 -43 162 163 -47 -164 -166 -78 168 -80 171 248 -170 -169 -172 241 -151 -148 -178 179 -179 -181 -182 -183 221 -185 211 -72 -117 189 -100 191 -190 193 -147 298 -83 197 198 280 -26 -23 -81 247 -115 -69 -15 -70 -208 -209 -210 218 212 343 -213 -215 217 -217 -46 -136 -220 -16 -40 224 -224 -45 -144 -105 -48 -229 -22 -52 -17 -233 -234 -128 236 237 239 -238 -19 274 242 243 -142 -245 -244 -247 -55 -171 250 254 -252 253 -253 -5 -254 276 -159 -89 260 -35 -262 -241 -3 -265 -266 -71 -123 271 -270 -271 273 -273 -269 275 -96 -76 -278 -279 -27 -9 -135 283 285 -285 -42 -287 -288 289 -289 -291 292 294 -294 -284 -39 297 -277 -163 -300 301 -301 304 -304 -302 307 -307 -145 -261 312 -311 -312 -13 -141 335 316 319 318 -318 321 -321 322 334 341 -325 330 328 -328 329 -327 -324 -332 -331 -334 -316 336 -88 -337 -339 340 -340 -317 -127 344 -143 -219 348 -348 -310
right_child=2 4 14 75 11 147 7 40 87 10 96 12 13 118 35 17 53 235 21 27 115 24 -24 33 38 279 -28 28 -30 -31 31 70 -34 34 -36 36 -38 295 183 -41 41 160 44 222 45 47 49 -49 -50 -51 230 52 129 202 55 73 57 -59 60 -61 -62 67 63 65 -66 152 -68 204 69 266 105 -73 -74 -75 256 -77 77 78 130 201 81 195 -84 -85 85 -87 314 101 89 -91 -92 -93 153 94 240 -97 97 -99 104 -101 154 102 -104 226 149 -107 126 -109 -110 110 112 134 114 203 146 187 -118 -119 -120 120 -122 123 -124 -125 125 342 234 128 -130 159 131 132 -134 281 135 139 137 -139 -140 142 144 185 145 305 -146 192 176 -149 -150 175 -152 -153 -154 -155 155 -157 -158 158 -160 -161 -162 194 164 -165 165 -167 -168 172 169 170 173 -173 -174 -175 -176 -177 177 178 -180 180 181 182 -184 184 -186 -187 -188 -189 190 -191 -192 -193 -194 -195 -196 -197 -198 -199 -200 -201 -202 -203 -204 -205 -206 -207 207 208 209 -211 -212 213 -214 214 -216 216 -218 345 219 -221 -222 -223 223 -225 -226 -227 -228 228 -230 -231 -232 232 233 -235 -236 -237 238 -239 -240 262 -242 -243 245 244 -246 246 -248 -249 -250 -251 251 252 255 -255 -256 -257 -258 -259 -260 308 261 -263 -264 264 265 -267 -268 268 269 270 -272 272 -274 -275 -276 296 277 278 -280 -281 -282 -283 291 284 -286 286 287 288 -290 290 -292 -293 293 -295 -296 -297 -298 -299 299 300 302 -303 303 -305 -306 306 -308 -309 346 310 311 -313 -314 -315 315 323 317 -319 -320 320 -322 -323 325 324 -326 326 327 -329 -330 332 331 -333 333 -335 -336 337 -338 338 339 -341 -342 -343 -344 -345 -346 -347 347 -349 -350
leaf_value=0.0088630657674438548 -0.00022452507176160715 0.00032976214001261461 -0.0043721121241419303 0.005354459361602424 0.011277978209632071 0.0033786486073265139 0.00172850694643086 0.016421281133396429 0.011183080166205724 -0.00010519067101782002 -0.0023610746001169183 -0.01013643430266775 -0.0075048339460652988 0.0040187292491259017 -0.00098842309631962566 0.0025356073386942723 -0.0057209395915115979 -0.018282225155549735 0.011206380258366082 -0.0023989830017696213 0.014769758774969832 0.0026010117275238093 0.0095656604039036554 0.009243929817156802 0.0088823144909890503 -0.016663085482793969 0.008456969259481922 1.8854950101756641e-05 -0.018133992920141805 -0.015385169114688067 0.0059743530028397917 -0.0058808463672408839 -0.011643195740707123 -0.0030917818958571485 0.0011513925144402319 -0.014031643251333655 -0.002576049723933339 -0.00085512235652337608 0.002999754702260128 -0.0068253089028162744 -0.0095450931934081464 -0.0060792439036952053 -0.0029255518346738402 0.01160315722895483 0.019625983066409974 -0.0019937026993352559 0.014011197912196382 0.016137637545515587 -0.016093962500287481 0.0064326130200942676 0.016513679287309707 0.003865843275550391 0.0036942131586572835 -0.011204043365524561 0.016040976383568696 0.0032229872570358753 0.0014949679125510799 0.0087745255704663495 0.0074824113595344703 0.0022771075581392622 -0.0035165010766359324 0.00060223010253820041 -0.0067595586414127377 0.010843599051510912 -0.0015517449086051998 0.0018190402673207906 -0.0029759754017477285 0.0043846674613072121 -0.0011545888533497338 -0.0021055274405592807 0.0023178372140852106 -0.0035503381342829698 0.012289435810267781 0.012340980790309462 0.0041728663571467366 -0.0059957261633251744 0.0024749594690071076 0.0092560973141646505 0.0050207752381697477 0.0053404165077017094 0.00080440882609821214 -0.012342636974829398 -0.003541895607100437 0.013004667168416513 0.0096814997605357989 0.0010691802204262884 -0.0088954726549686815 -0.0064866423621606642 0.00087184998506273999 0.008526928399109724 -0.010546510356144009 0.012958877006140228 -0.002509698341470024 0.005129360374440891 -0.011738298070555408 -0.0035797763203049104 -0.001679705619885904 -0.0052005180461644276 -0.0011791556224684631 0.0067928013615401461 -0.0086773751455543682 -0.0067014613008467084 -0.007023163476812761 0.013550215247540997 -0.015643060436182729 0.017875262838903352 0.0028078746789608352 0.0086997194635946139 -0.0014692823746692144 -0.00094950285560667326 0.0088206126905615787 0.0084862244078835469 -0.012124475955468141 0.0014670910294084013 -0.012501287523302665 -0.010412931432930919 0.0012574974191070798 -0.0023702760951061154 -0.0045291931083971003 0.0011493544719408722 -0.012435491499054967 0.0012674973724671409 -0.015042466051961967 -0.0057586046388764453 -0.00065711057525584884 0.015614978775770645 0.0076062175797748125 0.017071247199695109 0.0013227564208860389 0.0014134424070967686 0.015958332718151995 -0.017793152420156184 0.0037051702121569238 0.00096650370818926229 0.001195053224709223 2.6155178637397121e-05 0.015480182863564023 -0.0017382359850648256 -0.0069382274889957579 -0.0036091127168223782 -0.022638556770995532 -0.0060975266632067107 0.0041388977834225247 -0.0035733642607750798 0.0092740321258927526 0.0025553356217372552 0.0020255521174543886 -0.00070587640101479594 -0.016391405168183663 -0.0023103900667469763 0.0037702539030188258 0.0013779208929556059 -0.0084417748233051992 0.00044584414966335493 0.010213226493241355 -0.0005859165725207486 -0.0015147125602978332 0.0088944845249332837 0.010899514350415975 -0.013398520069966498 0.0022171380722439743 0.0086062218474098461 -0.010311963502777615 0.017232114665950031 0.014350700654291773 0.00078817432482007664 -0.0085380641910139804 -0.0020384847706317027 0.018175116794377999 -0.0024151513629460716 0.0012846091143701565 0.0011241904660332527 -0.015307850002479282 -0.011352103903976944 -0.012799715034209578 -0.00032830197922946956 -0.008514439817429293 0.0013369580711558771 0.0087572012334336449 0.0044304061769427205 -0.011297769639480903 -0.011946419346251985 0.011126550973445953 0.016124632675630659 -0.0017619120068166861 0.0085805856900375097 -0.014968869869088915 0.005689493492314064 0.00023914327616630416 0.0042485005532610807 0.0086485955340985209 -0.0036929717428407405 -0.0082048562984407287 -0.0054389086047433102 0.011909019827220924 -0.0016415261998576197 -0.0060996048925736346 0.017155440254797753 -0.010154124450672222 -0.0015025610030870115 -0.012141247421121368 -0.0068524348604866352 0.0040243769641841514 0.014175101958885996 0.00073588318225889591 0.012629694775028372 -0.011570652661773264 -0.010244965603096439 -0.0074122273378844517 0.0054934317352388663 -0.001658693809649632 0.0029000645868899394 -0.0096711245940661328 -0.019085315039604703 -0.00015594061338274976 -0.00784028871408304 0.0091749974548067988 0.014369303053037834 0.0081066469307966623 -0.0037175747859169812 -0.0092063794993449584 -0.01066963878462066 -0.00036939597823865405 0.0062301524580139827 0.0035298041692349998 0.00019655033552099972 0.0039324262502288317 0.00056317291252331214 0.010804986198744808 0.0040178805711363732 0.0030361613778748108 -0.0152925697414824 0.012817285289204568 -0.0054423689200980068 -0.0094784549144547106 -0.00078794813769095164 -0.00046102480847794061 0.0090635870390606416 -0.019108828309063255 0.0058736967130118617 0.0093049575533021272 0.0092096059361869188 0.005662793866638061 0.006772131048961543 -0.016400690776755392 -0.014773488363177552 0.0038725195627477621 0.0024121215379074149 -0.013360520364521103 0.010930549079319575 0.016563071743933913 0.0046528876679316697 0.0014935768802502062 -0.0054730677330156428 -0.004866173643595555 0.016078378252222161 0.012169497092439344 -0.0045377291018642279 0.0053270065639380573 0.008649194961066994 -0.015267362701511689 0.0011265824741391016 -0.0078840430870835594 -0.0018480840698123979 0.010744003644805078 0.0018078120925513628 0.01315917820345657 -0.013060538733052556 -0.0097399996847965381 0.0093302741846130501 -0.0060184595396685983 -0.0092815007219422801 0.010967895222171406 -0.0027875519551246314 -0.0036975631707267908 0.013516826994782381 -0.0013580008907880853 -0.0031022596878017097 0.010521713194767572 -0.0030057695791654614 -0.0020735660513930151 -0.010721828906922123 -0.0097844698897537191 0.0069521351567891597 -0.0016078850484666602 -0.00018657252339930136 -0.01806745636002409 -0.014748792527476334 0.0094700202697735759 -0.0094994860581723746 0.010599980992353944 -0.010435864196848912 0.0064898033059371833 -0.0034281149172256001 0.00076436516515049498 0.0036358734813982515 -0.0017552175500196454 -0.00091914263102443276 0.00021113814539591559 -0.00040707315409749256 -0.00065207303444695601 -0.016081621467528465 0.0051057814613754892 -0.01303376724743161 0.018564758706990571 0.0087715071630011052 0.0010874591121398827 0.0006703681513331671 -0.0043789424016411234 0.0016948692863198883 -0.016944364589625522 0.0051803394624715879 -0.001270685261692456 0.0035041844699266367 -0.0037524570351686356 0.0015275615015236722 -0.0019549574811922447 -0.00078485479488086141 -0.021450916076336785 -0.011190392726103567 0.00082440312222709534 0.0070758580327584253 0.009143716990844682 -0.0025547692522450384 0.0093111837458208467 -0.0036036788975263774 0.0060190094397444696 -0.0079428724738423769 -0.00093036295654937856 0.0056449514108208873 0.010417003517962946 -0.0024272082959264558 -0.0092925919589183347 0.0024505812651943047 0.0038511008316249231 0.0014056996097182931 0.0041921694679358471 0.0096072108901084276 -0.017345444105627425 0.010298389796104259 0.0037937815701622269 0.012786773335005219 0.0012011489214555379 0.0030911351274652684 0.0087431693223961413 -0.0022644160057850352 -0.014551170488823602 0.00050350945239286521 0.0066523155141479809
leaf_weight=289.709552526474 100890.61623033881 97229.788874179125 2047.4133815914392 232.34267364442348 388.48328609764576 820.21240711212158 2000.8509343266487 62.239207699894905 365.15420411527157 17674.177454173565 209.71421256661415 949.07904291152954 436.37808400392532 726.65929247438908 31144.313254758716 288.4758892506361 1803.0361911505461 65.487401023507118 383.68163332343102 1278.8920966088772 98.489834681153297 81.994441017508507 188.22508928179741 99.741956025362015 171.23316103219986 150.96887663006783 204.4690929800272 139.73898300528526 143.98875108361244 86.234660342335701 163.73488558828831 62.243746861815453 188.97382986545563 247.72459961473942 466.18480697274208 231.80091190338135 591.42192623019218 973.81694462895393 1713.4334779977798 397.46211533248425 445.59099353849888 219.67619304358959 651.12828335165977 503.77682229876518 208.20405258238316 93.216234982013702 91.189802333712578 75.939604490995407 71.640802726149559 861.47971260547638 88.64584818482399 80.206039011478424 419.79542355239391 105.48754498362541 52.489976137876511 742.33080038428307 223.71452139317989 138.48078852891922 146.98292626440525 2318.3045406639576 2193.6055430471897 25891.209918618202 1155.488010764122 294.20417292416096 1562.7997746765614 261.44729305803776 203.46910147368908 1763.6034215241671 3588.6382040530443 72.243106693029404 63.992577627301216 157.73279064893723 661.92526315152645 257.92137116193771 959.58812133967876 108.96224036812782 142.97850272059441 229.22656135261059 687.43080906569958 551.83763089776039 125.19489160180092 443.56820583343506 1732.3345268666744 163.95639410614967 399.43836486339569 625.19570396840572 123.7344256490469 338.92634034156799 880.63069619238377 537.29510086774826 528.82435390353203 50.493687748908997 1958.39524269104 895.94506895542145 56.747188463807106 117.74466072022915 16120.885353580117 1419.1530583649874 849.43319682776928 265.71635091304779 387.20582656562328 137.73032912611961 134.99008026719093 140.95628075301647 84.481185972690582 52.731038793921471 885.64455236494541 252.97216987609863 1250.5684643387794 2669.7619805037975 152.73953577876091 285.23921258747578 115.99009415507317 13363.286387473345 91.49507537484169 143.7360023111105 3141.9457147568464 10423.964225232601 136.97661677002907 103.72818902134895 244.94874252378941 2906.5596625357866 121.7246517688036 476.40881346166134 304.48217760026455 184.22799226641655 50.233053088188171 160.70271521806717 96.98205403983593 118.95627796649933 179.42072910070419 54.477570876479149 66.487591028213501 646.39436933398247 655.95594745874405 2037.4442875385284 116.98419493436813 886.90165816247463 49.996657490730286 1797.434337630868 63.995846852660179 51.246268093585968 3040.164137378335 810.96762083470821 96.484975636005402 951.22673442959785 1005.9294535368681 20835.859066128731 61.228245243430138 8971.3958690166473 912.8541599214077 128.48045237362385 228.46857565641403 6391.9091957509518 137.98542918264866 948.90368688106537 760.67024633288383 107.99615447223186 560.16172088682652 106.4476010799408 1075.4221162796021 88.220192164182663 81.468291819095612 177.57005244493484 112.42352770268917 881.19145692884922 374.69678567349911 489.41877314448357 83.24643462896347 1400.1841319352388 3247.2460972368717 144.74148957431316 89.480017632246017 78.484770894050598 136.97706939280033 5051.2834836989641 286.23340141773224 512.72433157265186 125.98196648061275 105.99056221544743 325.71771681308746 56.494977399706841 70.991933509707451 171.19828689098358 97.215553179383278 671.42432123422623 104.72701621055603 64.992371693253517 2744.3087952435017 1508.4063968509436 144.49234707653522 1187.4363525807858 173.24287903308868 288.74189411103725 62.210336431860924 146.46814726293087 76.978997111320496 91.474713653326035 50.728930726647377 314.21398045122623 156.48918057978153 89.471883401274681 1125.0796193182468 67.996332243084908 1887.3462175428867 208.72198568284512 329.4757342338562 220.97157642245293 155.73770409822464 369.48144818842411 381.73754361271858 1739.3737894743681 59.993856832385063 50.745963394641876 99.239223808050156 58.732863292098045 290.56059667468071 79.876465037465096 894.45320533216 120.99641035497189 169.88318862020969 58.491316050291061 572.52492392063141 871.62822057306767 348.11009813845158 1023.4756007790565 1017.0413304120302 717.26097981631756 153.19681693613529 2984.6946558058262 209.10395768284798 133.23530445992947 56.743772283196449 79.738973498344421 126.21682441234589 1731.89647179842 89.73357979953289 104.97939398884773 133.20594933629036 90.96905443072319 94.246156200766563 69.743071183562279 192.99077606201172 55.245880424976349 58.245431765913963 82.741282731294632 86.243827342987061 134.98978912830353 96.736599519848824 389.91951538622379 144.89808316528797 918.6095857322216 83.40831147134304 129.40104851126671 211.59269213676453 177.29068943858147 94.973711222410202 132.7436011582613 100.23249560594559 61.74390809237957 375.46550232172012 91.491856887936592 146.45535084605217 253.22300578653812 304.13856475055218 295.45240139961243 128.4923819899559 281.68905545771122 94.732733860611916 310.44628304243088 135.22589512169361 57.483321115374565 107.97379660606384 350.42334477603436 978.21364107728004 160.49251621961594 1509.5146738290787 123.23576459288597 219.70650760829449 104.22784633934498 58.976438567042351 86.237584382295609 581.00325191020966 224.43385954201221 3227.6596792042255 1045.704855710268 126.60886201262474 163.32205501198769 56.97558881342411 51.917914509773254 68.719360843300819 294.55168244242668 140.96883301436901 2198.2240659147501 133.41125753521919 1284.2704182416201 190.98951907455921 96.246532768011093 642.83313530683517 71.215295970439911 67.224282056093216 206.15542784333229 57.73540386557579 76.478555709123611 49.971064433455467 336.97804853320122 742.21899807453156 4535.6057761162519 375.71875195205212 280.43607605993748 110.70070342719555 53.732177346944809 203.95923252403736 241.73765183985233 905.10954359173775 129.72020624577999 112.48562555015087 806.09837681055069 113.97282618284225 238.18252699077129 343.44929486513138 578.84927751123905 514.09437733888626 351.42507569491863 168.94361642003059 275.45418353378773 111.97911833226681 327.90554636716843 1351.297672405839 1679.6212386339903 119.21995280683041 307.43384122848511 105.23423010110855 397.18680162727833 264.20591428875923 514.15474724769592 146.46657799184322 654.35903260111809 58.243168398737907 75.485020399093628 50.489881202578545 297.16236852109432 74.242446094751358 736.44740328192711 1107.6789069026709 67.56879198551178 174.23812486231327 85.743627533316612 112.49112243950367
leaf_count=1160 403581 388926 8193 930 1554 3281 8005 249 1461 70702 839 3798 1746 2907 124590 1154 7213 262 1535 5116 394 328 753 399 685 604 818 559 576 345 655 249 756 991 1865 928 2367 3896 6855 1590 1783 879 2605 2016 834 373 365 304 287 3449 355 321 1680 422 210 2970 895 554 588 9274 8775 103568 4623 1177 6252 1046 814 7055 14355 289 256 631 2648 1032 3839 436 572 917 2750 2208 501 1775 6932 656 1598 2501 495 1356 3523 2150 2117 202 7834 3584 227 471 64490 5679 3398 1063 1549 551 540 564 338 211 3543 1012 5004 10680 611 1141 464 53454 366 575 12569 41706 548 415 980 11628 487 1906 1218 737 201 643 388 476 718 218 266 2586 2624 8150 468 3548 200 7190 256 205 12161 3244 386 3805 4024 83346 245 35891 3652 514 914 25569 552 3796 3043 432 2241 426 4303 353 326 711 450 3526 1499 1958 333 5601 12990 579 358 314 548 20207 1145 2051 504 424 1303 226 284 685 389 2686 419 260 10978 6034 578 4750 693 1155 249 586 308 366 203 1257 626 358 4501 272 7550 835 1318 884 623 1478 1527 6958 240 203 397 235 1163 320 3578 484 680 234 2291 3488 1393 4094 4069 2871 613 11940 837 533 227 319 505 6929 359 420 533 364 377 279 772 221 233 331 345 540 387 1561 580 3677 334 518 847 710 380 531 401 247 1502 366 586 1013 1217 1182 514 1127 379 1242 541 230 432 1402 3913 642 6039 493 879 417 236 345 2325 898 12915 4184 507 654 228 208 275 1179 564 8799 534 5138 764 385 2572 285 269 825 231 306 200 1348 2969 18143 1503 1122 443 215 816 967 3621 519 450 3225 456 953 1374 2316 2057 1406 676 1102 448 1312 5406 6720 477 1230 421 1589 1057 2057 586 2618 233 302 202 1189 297 2946 4431 271 697 343 450
internal_value=1.49687e-05 0.000502655 -0.000564328 0.00184635 0.000325217 0.000570178 -0.000348576 -0.00173536 0.000736105 -0.000251079 -0.000970084 -0.000192322 -0.00256113 0.000586829 -0.00143344 -7.17974e-05 -0.00042085 0.000622966 0.000908269 0.000226822 0.00124353 0.00252823 -0.00121919 -0.00187344 0.000701658 -0.00418102 7.49909e-05 -0.00135779 -0.00943817 -0.0009652 0.00461475 0.00367406 -0.00351364 -0.0037508 -0.00443625 -0.00129844 -0.00590569 -0.00121118 0.001876 -0.00186275 -0.00240293 -0.00264387 0.00156054 0.00239391 0.000869337 0.00203399 0.00391764 0.000372926 -0.000241483 0.00236356 5.92313e-05 -0.000510088 -0.00403591 -0.000809767 -6.88051e-05 0.00298312 -0.000538143 -0.00192722 -0.000735359 0.000613008 -0.00280266 -0.000107696 -0.000304144 -0.00246658 -0.00377882 0.00114663 0.0052359 0.000489431 0.00024968 -0.00162446 0.00472841 0.00812618 0.0106805 0.00565338 -9.11128e-05 0.00543752 -0.00093917 0.000362489 0.000812039 -0.00126689 -0.00137642 -0.00367032 -0.00196031 0.00480991 0.000774561 0.00447556 0.00178404 0.00327566 0.00535848 0.00380416 -0.00862297 -0.00110075 0.00043692 0.0023552 0.00121483 0.00782025 -0.00181877 -0.00196681 -0.00113403 -0.00282148 -0.00346635 0.00127517 0.00282782 0.00389091 -0.00079664 0.00275227 0.00212383 0.00373146 0.000761526 0.000670853 0.00127069 0.00150785 -0.0010734 0.000503748 -0.00165804 0.00254483 0.00281691 -0.00136913 0.00465855 -0.00460159 -0.00845899 -0.0010878 -0.00496853 -0.000445165 0.00162894 0.00507062 0.00353887 0.00480147 0.0113625 0.000346578 0.000508712 0.00698877 -0.00647992 -0.00315453 0.00176502 0.00168642 0.00345918 -2.1816e-05 0.00875744 0.00136058 0.00250581 0.00317756 0.000751928 -0.000198238 -0.00269925 0.00221864 -0.00115178 -0.000549987 -0.00528541 -0.00133234 0.00195201 -0.00569614 -0.00302477 -0.000249057 -0.00163341 0.00084969 -0.00397418 0.00474104 0.00814161 -0.00580103 0.000781213 0.00115457 0.00332556 0.0107465 0.00139085 0.00242508 -0.00550496 0.000192121 0.000647634 4.54167e-05 -0.000331297 0.00775516 -0.00427023 0.000959866 -0.0043294 -0.00159699 -0.000696055 -0.0025417 -0.00106752 -0.00227853 -0.00556566 -0.00793973 0.000800252 0.00349482 0.00978289 0.00459675 -0.00860419 -0.00537413 0.000464716 0.00229576 -0.000596849 -0.000953492 -0.00045727 0.000670846 -0.00106225 -0.00974373 0.00461079 0.00782822 0.00232403 0.00224514 -0.00715272 0.00357587 0.0026452 0.00153983 0.00250417 0.006031 -0.00204251 -0.00497442 -0.00197006 0.00161286 0.00338808 0.00388466 0.00562143 0.00207108 -0.00720263 0.0105912 0.00620243 0.0146702 0.00454314 0.00667968 -0.00103535 0.0025026 0.00540833 0.00362618 0.00836764 0.00314831 0.00518808 0.00365075 0.00244767 0.00439868 0.00737577 -0.00186468 -0.00650847 0.00243857 -0.00449572 -0.00213868 -0.00579069 -0.00229852 -0.011879 -0.00636815 -0.0010239 -0.00228367 -0.00388241 -0.0123353 -0.00541735 0.000439394 -0.00551235 -0.00372916 -0.00318974 0.00600113 0.00494657 0.00629962 0.00506953 0.00337061 0.000483098 0.0115955 0.00179028 0.00158024 -0.00374326 -0.00614188 -0.00904003 -0.0120904 -0.00259313 0.000361755 0.00397233 0.00642242 0.00779539 0.000160929 -0.00223618 0.00202145 0.00464915 -0.00511243 0.00382922 -0.00747153 -0.00172686 0.00209254 0.00140621 -3.87277e-05 0.00566684 -0.011346 0.00785151 -0.000510273 -0.00315054 -0.00225363 -0.00103658 -0.00438553 -0.00282404 -0.00862061 -0.00477865 -0.00781876 0.00189707 -0.0045912 -0.00400163 -0.00281034 -0.00782791 0.00170292 0.00402081 0.00824082 -0.00177388 -0.00260854 -0.00598847 -0.0121814 0.00100892 -0.00538234 0.00820451 0.000615693 0.00353368 2.23022e-05 -0.00352116 -0.00695766 -0.00265563 -0.0098097 -0.00858775 -0.00275545 0.0015934 0.0011811 0.000746166 -0.00335486 -0.0121641 0.0013123 -0.00418082 0.00177711 0.00128647 0.00506854 0.0013803 0.00203346 0.00122989 -0.00434464 0.00188145 0.00342558 0.00562163 0.00128752 0.00432286 -0.000116171 -0.00201994 0.00398899 -0.00188457 0.00516638 0.00743708 -0.000350425 -0.00794222 0.00945639 0.0116351 0.00614409 0.00804963 0.00702244 -0.00460639 -0.00971923 -0.0017709
internal_weight=515691 279984 235707 32651.1 247333 167874 188840 12395.4 146218 176444 35676.9 79458.9 3839.28 2241.37 46866.9 75619.7 50334.5 25285.2 22922.4 16141.5 9833.77 6780.92 3399.92 3211.69 3621.4 698.149 442.953 6307.75 283.728 6024.02 3159.52 2775.84 352.709 2090.54 1990.8 44819.5 823.223 43996.2 2923.25 882.909 10394.6 10054.2 30254.6 13707.7 16546.9 8074.47 3778.64 4295.83 8472.46 3073.7 4219.89 3922.14 1254.23 37980.5 140767 1763.61 763.362 710.872 5937.79 3597.2 2340.59 139004 104596 3705.88 2718.29 987.589 497.673 34407.2 30756.3 4865.04 2423.13 881.902 724.169 1000.25 8400.81 2396.42 36614.9 7364.26 6846.58 29250.6 28609.3 2723.24 2133.21 400.873 12354 1024.63 11411.7 3652.96 1783.08 1417.93 609.03 236.917 11329.4 2979.11 2472.88 506.228 18002.7 17540 25886.1 4303.52 4037.8 1869.88 1430.72 1295.73 21582.6 1541.23 1488.5 462.686 2212.22 142565 31051.3 28201 2850.29 111514 2697.55 6433.86 6225.13 41738.2 1072.36 572.391 348.677 5493.8 772.853 4720.94 1121.15 562.953 1319.78 1143.33 257.685 645.199 6617.36 300.386 120.965 1169.01 25531.2 25246 3907.93 1053.88 166.981 21338.1 7396.26 6553.59 13941.8 8464.94 842.668 5476.85 2581.56 21656.1 186.423 15148.5 1125.82 212.962 489.916 8350.3 2234.77 1086.89 1147.88 2854.04 800.901 225.404 1295.1 2667.91 1345.87 270.786 1075.08 993.615 517.675 6316.97 5738.07 5050.64 4822.65 227.988 578.899 3325.73 746.183 14022.7 2490.06 1484.13 1197.9 1071.92 559.195 453.205 127.487 2040.34 268.414 4516.15 168.72 208.728 6434.08 2357.84 4076.24 3931.75 1413.21 1239.97 1322.04 590.036 340.398 263.419 171.945 485.447 238.484 641.31 1365.56 13431.3 3650.95 935.381 4664.3 1075.67 746.191 525.219 2053.14 3844.73 1955.37 1889.36 149.985 704.943 349.293 355.649 1671.41 1015.45 31314.2 1771.92 2296.04 1444.15 851.887 4063.64 1158 961.648 870.458 3083.18 297.75 558.194 269.718 136.483 176.45 2362.73 630.831 407.891 222.94 302.912 1576.94 609.206 539.463 177.487 113.491 361.976 168.985 240.477 1496.92 2287.46 1897.54 1453.61 1308.71 1048.01 443.935 260.699 2907.02 240.74 439.159 1524.62 714.682 466.957 237.424 98082.6 852.814 599.591 200.735 4244.53 1337.97 540.405 445.672 797.57 165.457 632.112 1482.69 504.476 2812.05 1852.46 342.942 255.197 121.216 732.632 8759.09 5410.93 3452.09 1958.84 1513.25 467.544 340.935 283.959 120.637 3348.16 3053.61 2339.19 714.415 2258.09 447.729 256.739 1259.83 1171.61 528.78 277.371 251.409 134.214 117.195 6425.77 1079.2 5346.57 809.936 1597.91 444.869 164.433 1153.04 2039.17 11122 9499.03 8551.78 1032.56 226.458 7519.22 581.632 6937.59 6358.74 947.251 520.369 5189.43 4248.68 439.885 3808.79 2457.5 940.748 426.654 2182.04 502.421 1169.32 1622.93 270.201 1352.73 838.577 184.218 108.733 426.883 258.47 1895.37 1158.93 147.445 748.192 259.982 488.21
internal_count=2062963 1120044 942919 130651 989393 671518 755421 49602 584891 705819 142722 317875 15361 8967 187498 302514 201361 101153 91700 64572 39339 27128 13601 12848 14488 2793 1772 25233 1135 24098 12640 11105 1411 8363 7964 179305 3295 176010 11695 3532 41597 40235 121058 54845 66213 32317 15125 17192 33896 12302 16888 15696 5020 151942 563097 7056 3054 2844 23753 14390 9363 556041 418407 14826 10875 3951 1991 137634 123029 19461 9694 3528 2897 4002 33609 9593 146479 29460 27389 117019 114453 10897 8536 1604 49419 4099 45657 14615 7134 5673 2438 948 45320 11917 9892 2025 72020 70169 103556 17216 16153 7481 5724 5184 86340 6166 5955 1851 8853 570276 124212 112810 11402 446064 10791 25738 24903 166976 4290 2290 1395 21979 3092 18887 4485 2252 5280 4574 1031 2582 26472 1202 484 4677 102130 100989 15633 4216 668 85356 29587 26216 55769 33861 3371 21908 10327 86627 746 60602 4504 852 1960 33403 8940 4348 4592 11417 3204 902 5182 10676 5386 1084 4302 3976 2071 25270 22954 20204 19292 912 2316 13304 2985 56098 9961 5937 4792 4288 2237 1813 510 8163 1074 18066 675 835 25738 9432 16306 15728 5653 4960 5290 2361 1362 1054 688 1942 954 2566 5463 53726 14605 3742 18658 4303 2985 2101 8213 15380 7822 7558 600 2823 1398 1425 6686 4062 125270 7089 9188 5779 3409 16255 4633 3849 3484 12334 1192 2233 1079 546 706 9453 2524 1632 892 1212 6308 2437 2158 710 454 1448 676 962 5988 9157 7596 5819 5239 4195 1777 1044 11630 963 1757 6099 2859 1868 950 392338 3412 2399 803 16981 5353 2162 1783 3191 662 2529 5931 2018 11250 7411 1372 1021 485 2931 35053 21652 13813 7839 6056 1872 1365 1137 483 13401 12222 9363 2859 9034 1791 1027 5041 4688 2116 1110 1006 537 469 25704 4317 21387 3240 6394 1780 658 4614 8157 44497 38004 34214 4131 906 30083 2327 27756 25440 3790 2082 20762 16998 1760 15238 9832 3764 1707 8730 2010 4678 6493 1081 5412 3355 737 435 1708 1034 7582 4636 591 2993 1040 1953
is_linear=0
shrinkage=0.02


Tree=13
num_leaves=350
num_cat=0
split_feature=52 51 40 26 16 6 33 54 42 38 20 61 45 33 38 61 33 50 54 5 35 41 53 31 38 41 28 57 6 57 6 53 52 42 57 31 6 31 31 57 54 20 54 42 53 54 33 54 53 29 35 52 57 35 54 54 49 51 20 46 54 61 51 33 38 20 28 30 57 6 20 33 16 57 38 20 52 42 52 57 6 52 33 10 51 33 57 54 49 46 52 52 6 54 61 61 31 50 6 38 57 38 33 57 41 35 16 28 38 16 31 38 30 53 33 6 46 41 33 31 54 54 16 57 31 33 52 52 5 54 51 51 52 29 54 35 57 33 53 61 42 50 51 16 30 53 51 52 61 49 16 53 54 29 42 51 53 38 38 38 35 33 38 54 5 54 53 28 6 31 38 33 42 30 38 61 57 20 42 33 54 54 50 29 42 31 57 31 38 33 31 52 31 35 6 20 38 35 4 61 57 38 54 33 53 5 16 35 20 30 53 57 52 53 20 5 16 49 50 53 38 38 33 57 50 53 33 35 61 30 31 54 31 38 57 42 54 6 57 54 31 46 45 30 57 53 52 55 38 61 38 54 28 33 38 54 30 53 50 38 38 6 54 52 31 38 20 31 42 31 57 33 52 20 57 6 54 53 57 31 40 4 49 10 57 46 23 27 42 38 38 31 16 53 33 31 57 57 57 33 54 38 30 57 57 5 61 20 53 57 57 57 52 31 57 61 29 61 31 46 61 38 31 30 42 50 52 57 6 33 42 31 50 35 28 38 10 51 61 30 28 20 38 53 38 54 38 28 5
split_gain=370.24 141.216 81.6996 81.5673 63.3856 61.0897 55.991 54.7053 50.3523 49.23 55.7964 52.5259 49.3472 48.1238 56.802 64.0976 46.9503 69.9293 50.7719 59.9695 45.8834 41.2454 40.2176 48.7567 39.8049 39.5582 39.5491 39.2129 50.9427 52.1179 44.1467 43.8423 39.0902 38.9417 58.5279 41.167 38.8095 38.3084 53.9184 48.3541 54.1127 38.2695 47.0524 60.418 67.4755 45.2264 60.1817 42.2632 52.1469 38.2071 38.5225 37.8611 37.5503 37.4915 37.3599 40.0258 35.6591 35.5428 35.4824 123.398 51.5088 62.281 46.5455 41.5092 49.8314 40.2338 43.2992 35.3392 35.1952 34.4823 34.0309 33.617 48.7639 35.8862 34.1908 68.438 40.2421 37.8016 33.5873 33.4654 45.5668 33.0834 32.8538 37.2142 35.9235 45.5096 32.6858 32.6809 32.0327 31.9766 48.9744 66.4612 37.8977 34.5033 43.223 38.3063 37.1113 34.2495 33.3434 31.8278 49.6386 46.4568 31.6974 34.3717 31.6612 31.6167 31.4598 31.3616 31.3228 31.2507 30.8005 34.6354 33.2995 30.7144 30.4243 30.3344 31.0193 29.9199 33.2589 38.5497 29.6302 38.2155 35.224 29.6129 43.6457 38.184 45.5796 35.7781 35.3046 34.0669 36.5175 29.2517 48.7459 56.7562 42.3043 44.7009 29.1365 41.0254 34.486 33.3604 43.9035 29.052 28.9541 28.9483 28.8378 33.3415 29.2271 29.765 28.721 45.2757 45.5029 33.6516 32.8671 29.4515 28.9172 58.9392 37.909 51.4323 28.7596 28.6158 28.5313 28.4865 28.4139 28.7166 37.8329 44.9775 51.5348 34.5663 28.3871 29.6362 28.3706 28.3328 47.508 43.6607 34.7662 28.2981 32.0014 28.008 28.9619 28.0075 31.1763 93.0069 47.6335 37.326 34.748 33.8911 30.5338 33.6519 27.9304 27.8561 37.5042 35.325 28.3881 27.7167 27.6687 27.545 40.1398 33.6852 31.1984 30.99 37.122 36.9563 33.5764 29.8621 46.4926 29.8803 27.3662 27.2745 27.0346 51.4575 38.772 26.9879 26.9528 26.8938 26.6698 32.8656 26.6694 26.6023 35.024 29.655 30.6588 39.455 33.2798 27.6916 27.6318 26.5876 26.5343 26.4978 64.9083 26.4683 26.4267 26.3671 27.8106 41.0214 26.335 26.3316 32.2144 30.33 26.3105 26.2989 26.2806 32.3112 31.8727 25.9468 62.255 33.0016 32.5086 30.6152 36.8019 39.3984 41.8701 31.6637 26.1748 26.1329 31.757 47.5429 25.8976 26.457 36.1221 27.4969 28.4812 36.3466 31.8273 37.8344 29.7915 39.8997 28.8853 50.928 29.9162 28.4647 43.8264 26.0993 58.4003 30.1316 27.995 40.4707 43.1318 35.7069 38.7717 33.5309 31.8161 28.7941 27.4791 27.2984 25.946 25.8556 25.8016 25.7603 25.7277 25.5095 62.4476 57.2894 30.6695 26.3346 46.4845 27.5206 26.9065 34.2289 25.8535 25.4543 25.8993 46.0896 41.7507 33.947 48.5639 27.4984 32.3593 26.3414 25.4517 25.4435 46.4761 25.3004 25.2944 25.2892 26.9704 43.0131 25.222 25.208 32.6881 40.8945 25.1101 25.071 25.0329 25.0084 30.9052 26.6141 41.4312 35.7025 34.2059 35.4409 33.6304 27.2687 25.468 41.4076 27.8364 24.9807 27.3698 27.0577 24.9709 25.2897 25.1399 24.8724 24.8564 25.5093 24.8106 24.7843 33.642 24.73 27.6146
threshold=0.26690363883972174 0.92462456226348888 9.0877983893733489e-06 9.7215175628662123e-05 1.4852956155664289e-05 0.26924188435077673 -0.00047364830970764155 0.00076521516893990349 0.00080992627772502612 2.7558844521990981e-05 2.2836686184746217e-05 3.5000000000000004 -0.44712212681770319 0.001472294330596924 3.4455364584573551e-05 1.0000000180025095e-35 0.0017896294593811037 0.4632165282964707 0.00052541846525855373 -0.073908340185880647 2.620282157295151e-05 -0.00049394145025871683 0.00052328387391753506 0.00064569711685180675 1.9898179743904624e-05 0.00016665787552483383 0.00040811300277709966 0.47755940258502966 0.11149768158793451 0.41370531916618353 0.22870360314846042 0.00061548131634481262 0.84673011302948009 -0.00036625041684601451 0.35210388898849493 0.0015886425971984865 -0.397775188088417 0.00074982643127441417 0.0018222928047180178 0.50043171644210827 0.002045088331215084 4.3558247853070504e-05 0.001674670376814902 -0.00072021575761027623 0.0010305976611562075 0.0012211206485517325 -0.00033721327781677241 0.0010928921401500704 0.00073437619721516978 -0.00010803341865539549 5.406697164289654e-05 0.6948838233947755 0.26500780880451208 2.2985124815022576e-05 0.0018300884985364976 0.0024731594603508715 0.36040274798870092 0.52324572205543529 6.520462557091379e-05 0.10065731033682825 0.0004678751429310069 1.0000000180025095e-35 0.19400513172149661 0.00064343214035034191 1.7788571312848948e-05 5.0023392759612768e-05 0.00011795759201049806 -0.00042441487312316889 0.34199675917625433 0.32339318096637731 6.520462557091379e-05 0.0024244189262390141 7.8897346611483971e-06 0.37184579670429235 3.0210583645384762e-05 4.372003786556889e-05 0.81617766618728649 0.00054922298295423399 0.88812702894210827 0.26500780880451208 0.049944689497351653 0.17542612552642825 0.00086051225662231456 0.38333334028720861 0.19804590195417407 -0.00049981474876403798 0.35432064533233648 0.0011447643046267333 0.64233505725860607 -0.3300363421440124 0.75763675570487987 0.47188460826873785 0.34697306156158453 0.00079235527664423 1.0000000180025095e-35 2.5000000000000004 0.00026637315750122076 0.13535320758819583 0.36466839909553533 3.9465778172598227e-05 0.39822398126125341 3.410180579521694e-05 0.00049930810928344737 0.27304351329803472 -0.00035489001311361784 1.8661326976143758e-05 3.0855842680921347e-07 -0.0001188218593597412 2.8743264010699935e-05 3.4002131314991861e-06 -0.0014181137084960935 5.5832870202721103e-05 -0.0012282431125640867 0.00071431873948313307 -0.0030618011951446529 -0.4243044108152389 -0.57128366827964772 0.00027907056210096931 0.0040322542190551766 0.00053268671035766612 0.0012565640499815347 0.0011087126331403854 7.122340775822523e-06 0.38053461909294134 0.0012575387954711916 -0.0018564760684967039 0.79734507203102123 0.32333740592002874 -0.11966760456562041 0.0014694965211674573 0.11578524485230447 0.84008127450943004 0.63861510157585155 -0.00020810961723327634 0.0013960830983705821 5.0687347538769252e-05 0.33911693096160894 0.0033676028251647954 0.00065454648574814211 1.5000000000000002 -0.00027890890487469727 0.41783903539180761 0.74188044667243969 4.070936938660453e-06 0.00060063600540161144 0.00042549771023914223 0.88849395513534557 0.81617766618728649 5.0000000000000009 0.38760338723659521 1.1341789559082828e-05 0.00027782267716247594 0.00050916234613396238 -0.0002249181270599365 0.00028954540903214371 0.80543231964111339 0.00034394218528177595 2.2489337425213311e-05 1.6410933312727142e-05 3.6280063795857138e-05 3.0899171179044067e-05 -0.0019368231296539304 3.0824136047158397e-05 0.00068317275145091127 0.18185119330883029 0.0005146028706803919 0.0002992688241647557 -0.00027719140052795405 0.22870360314846042 -0.00048074126243591303 2.9269580409163613e-05 0.0036430358886718754 0.00015061398880789059 0.00026613473892211919 4.5628747102455243e-05 1.5000000000000002 0.4672511518001557 3.210798786312808e-05 -0.00061417193501256395 -0.00027576088905334467 0.00076521516893990349 0.00070427521131932746 0.38599240779876715 -0.00048628449440002436 -0.0001112367899622768 -7.9482793807983385e-05 0.36293657124042517 -0.00032457709312438959 2.8139503228885591e-05 0.00012439489364624026 -5.0336122512817376e-05 0.4257530570030213 -0.0004389584064483642 8.7754137894080503e-06 0.03189376741647721 2.1512429157155569e-05 1.2840412637160627e-05 2.8783814741473183e-05 -0.085151236504316316 1.5000000000000002 0.47052545845508581 2.397375101281796e-05 0.00074438421870581817 0.00037842988967895513 0.00034812155354302382 0.51083511114120495 3.4002131314991861e-06 3.9227616071002565e-05 4.6789500629529364e-05 0.00030225515365600591 0.00073437619721516978 0.33469668030738836 0.44404385983943945 0.0002018452432821505 2.7375151148589797e-05 0.08688445016741754 -3.427210913287126e-06 0.78016328811645519 0.83867177367210399 0.00057966308668255817 3.6280063795857138e-05 3.0014791263965893e-05 0.00086051225662231456 0.35129876434803015 0.91140767931938182 0.00019394943956285718 0.0029696822166442875 4.0892695324146196e-05 2.5000000000000004 0.00061637163162231456 -0.00086757540702819813 0.00069466116838157188 -0.00029304623603820795 2.4931814550654966e-05 0.50750067830085765 -0.00012420097482390699 0.0011447643046267333 0.19549039006233218 0.42119418084621435 0.00042425101855769759 0.00082534551620483409 -0.081932820379734025 0.24163617938756946 0.00031322240829467779 0.47755940258502966 0.00051965491729788493 0.49046570062637335 0.00082025630399584781 1.678537410043646e-05 2.5000000000000004 1.5759930647618606e-05 0.00055101860198192309 0.00016981363296508792 -0.001125901937484741 1.7788571312848948e-05 0.00054927903693169366 0.00084561109542846691 0.00031183181272353982 0.90792188048362743 1.4036894299351845e-05 1.9333700038259852e-05 -0.24888329207897184 0.00069233198883011948 0.59437412023544323 0.00015586614608764651 1.7788571312848948e-05 4.2357585698482587e-05 0.00042730569839477544 0.00034919599420391029 0.00051385164260864269 0.49406304955482488 -0.001125901937484741 0.33189676702022558 3.0186464755388446e-05 0.33469668030738836 0.22467376291751864 0.00057808207930065702 0.00023418027558363977 0.46572008728981024 0.00046008825302124029 -1.0572274277365066e-05 0.38352631032466894 0.79223281145095836 0.68333333730697643 0.37951271235942846 -0.43825067579746241 4140625.0000000005 -0.00021836161613464353 0.00028954540903214371 3.410180579521694e-05 3.2584031941951259e-05 -3.1739473342895501e-05 5.8138768963544871e-06 0.00061548131634481262 -0.0016721785068511961 -0.00060215592384338368 0.60825794935226452 0.52827194333076488 0.38318617641925817 -0.0021406710147857662 0.001674670376814902 4.9717504225554883e-05 0.0015649199485778811 0.37680335342884069 0.52185574173927318 -0.28109736740589136 3.5000000000000004 4.4174745198688477e-05 0.00082949016359634708 0.56592467427253734 0.7074812948703767 0.41370531916618353 0.32765568792819982 0.00070232152938842784 0.42718540132045751 1.0000000180025095e-35 -0.00029137730598449702 1.0000000180025095e-35 -0.0011298060417175291 0.3363469541072846 5.0000000000000009 2.6065083147841509e-05 0.00092059373855590831 -0.00061520934104919423 -0.00035259372089058155 0.59751835465431224 0.078974299132823958 0.50043171644210827 -0.22097590565681455 -0.0032405555248260494 0.00012348755990387875 0.00040489435195922857 0.2157837972044945 2.9344903850869745e-05 6.3240528106689467e-05 2.7032151592720769e-05 0.58333334326744091 0.67551365494728099 3.5000000000000004 0.00089114904403686534 0.0001024603843688965 3.0354975024238232e-05 2.466054229444126e-05 0.00040446195635013288 1.7732260857883379e-05 0.00056100854999385785 2.1338942133297681e-05 2.4616718292236332e-05 -0.21328768134117124
decision_type=10 10 2 10 2 2 10 10 2 10 2 2 10 10 10 2 10 10 10 2 10 2 10 10 10 2 10 10 2 10 2 10 10 2 10 10 2 10 10 10 10 2 10 2 10 8 10 10 10 8 10 10 8 10 10 10 8 10 2 10 10 2 10 10 10 2 10 10 10 2 2 10 2 10 10 2 10 2 10 8 2 10 10 10 10 10 10 10 10 10 10 10 2 10 2 2 10 10 2 10 10 10 10 10 2 10 2 10 10 2 10 8 10 10 10 2 10 2 8 10 10 10 2 10 10 10 10 10 2 10 10 10 10 10 10 10 10 10 10 2 2 10 10 2 10 10 10 10 2 10 2 10 10 10 2 10 10 8 10 10 10 10 10 10 2 10 10 10 2 10 10 10 2 10 10 2 8 2 2 8 10 10 10 10 2 10 10 10 10 10 10 10 10 8 2 2 10 10 2 2 10 10 10 10 10 2 2 10 2 10 10 10 10 10 2 2 2 10 10 10 10 10 10 10 10 10 10 10 2 10 10 10 10 10 10 2 10 2 10 10 10 10 10 10 10 10 10 10 10 2 10 10 10 10 10 10 10 10 10 10 10 2 10 8 10 10 2 10 2 10 10 10 10 2 10 2 10 10 10 10 2 2 10 10 10 10 2 10 2 8 10 10 2 10 10 10 10 10 10 10 10 10 10 10 10 2 2 2 10 10 10 10 10 10 10 2 10 2 10 10 2 10 10 8 2 10 8 10 2 10 2 10 8 10 10 10 10 10 2 10 10 2 10 10 10 10 10 10 2
left_child=2 3 4 7 41 8 22 16 26 36 99 13 102 21 71 51 58 18 -18 -20 -7 -12 79 53 -21 -8 243 28 33 227 31 57 -26 34 -23 -35 -9 39 67 40 78 42 43 44 -1 47 -47 48 52 50 168 113 88 -24 -44 -56 188 -29 65 60 61 -60 -63 216 -65 82 148 -39 -54 162 -5 87 74 -74 77 76 214 313 110 80 -4 -48 84 -84 85 -2 -85 230 -43 98 91 92 93 95 -95 107 97 -96 -38 101 -101 143 103 212 -86 -27 -40 -91 195 288 111 207 -112 -16 -51 -87 -117 118 226 -120 121 122 177 125 129 127 217 -14 -128 130 -125 132 134 -134 -33 -136 138 -138 235 -139 -141 -62 -135 160 145 286 147 321 151 150 158 189 -153 -154 155 156 -151 -158 -150 -133 170 -57 163 164 165 166 -19 -165 169 -49 -11 173 -173 -53 -175 176 -77 -104 -179 -45 181 183 238 -181 -184 194 187 -185 -31 190 239 -192 -191 -81 285 196 198 199 -106 200 -197 202 256 205 -205 -203 -132 -17 209 -126 -211 -34 -13 -189 -76 -216 -61 218 219 220 221 222 -127 224 -219 -143 -78 312 -229 -198 -15 -155 -233 -234 -208 236 237 341 -182 -67 -232 -242 -243 246 245 247 252 248 249 -245 -251 -249 -3 -250 255 -255 257 271 259 -259 261 264 -262 -264 265 -261 268 -268 269 -263 -271 272 -201 282 283 277 279 278 280 -277 -276 -278 -274 -273 -281 -183 -92 -190 -80 290 293 298 320 317 295 296 297 -295 -292 -10 305 302 -302 308 307 306 -301 -305 -303 -32 -311 -22 -30 314 315 -73 -177 318 -55 -320 -291 -146 -257 324 -195 331 -327 328 -328 330 -330 332 333 334 -325 336 -98 -338 339 -256 -340 -114 343 -71 -28 -157 -347 -199 -349
right_child=1 5 6 70 -6 20 25 9 299 10 11 12 123 14 15 37 17 69 19 24 311 27 23 -25 32 105 344 30 29 56 309 131 211 35 -36 -37 89 38 106 -41 -42 45 54 179 -46 46 81 49 -50 114 -52 171 68 289 55 161 -58 -59 59 63 141 62 -64 64 -66 66 -68 -69 -70 342 -72 72 73 -75 75 175 117 -79 109 193 -82 -83 83 86 104 115 -88 -89 -90 90 144 -93 -94 94 96 -97 335 -99 -100 100 -102 -103 120 -105 108 -107 -108 -109 -110 -111 112 -113 136 -115 -116 116 -118 -119 119 -121 -122 -123 -124 124 208 126 128 -129 -130 -131 206 159 133 142 135 -137 137 139 -140 140 -142 225 -144 -145 146 -147 -148 -149 149 154 -152 152 153 231 -156 345 157 -159 -160 -161 -162 -163 -164 167 -166 -167 -168 -169 -170 -171 -172 172 -174 174 -176 316 -178 178 -180 180 182 185 184 186 -186 -187 -188 213 287 192 191 -193 -194 323 -196 197 229 347 -200 201 -202 203 -204 204 -206 -207 234 -209 -210 210 -212 -213 -214 -215 215 -217 -218 223 -220 -221 -222 -223 -224 -225 -226 -227 -228 228 -230 -231 240 232 233 -235 -236 -237 -238 -239 -240 -241 241 242 -244 244 -246 -247 -248 251 253 250 -252 -253 -254 254 338 322 -258 258 -260 260 262 266 263 -265 -266 -267 267 -269 -270 270 -272 274 273 -275 275 276 281 -279 -280 284 -282 -283 -284 -285 -286 -287 -288 -289 -290 292 291 -293 -294 294 -296 -297 -298 -299 -300 300 301 303 -304 304 -306 -307 -308 -309 -310 310 -312 -313 -314 -315 -316 -317 -318 -319 319 -321 -322 -323 -324 325 -326 326 327 -329 329 -331 -332 -333 -334 -335 -336 -337 337 -339 340 -341 -342 -343 -344 -345 -346 346 -348 348 -350
leaf_value=0.0031074072855940926 -0.004812584640645593 8.7704578384683557e-05 -0.0090602523864605558 -0.0010299877305375419 0.0074319997568833727 -0.00030405645033504739 -0.00095709168565732126 -0.0086453853701989568 -0.014907470201461912 0.0012716237984407635 0.0056142259654238533 -0.00099950499370532139 -0.0033887990281087237 -0.00982098705136983 -0.0027595536478153045 0.0095214310993444028 -0.0026409359989984504 0.0010175931312791937 0.00023190520342663599 0.014104484240013176 0.0076541731030207215 -0.0086556540865867036 0.0082203050458524284 -0.0066112341666062545 0.006573210006442805 0.0042880651507209797 -0.012836547090073584 0.0069809532736082938 -0.00071616440825853324 0.01442241249015952 -0.0083743117322229027 0.0055460745225774837 -0.01072787368061435 -0.00010951407138009545 -0.00074468760615318034 -0.0091190214272002888 -0.0033256370093483131 -0.0041867595760129448 -0.0074563127289336466 0.012989908906605863 0.012359507808085576 -0.0054838082669095246 -0.010448396572899183 0.00089047145029885039 -0.0085595972999297342 0.0058893830697838104 0.0035648279846269499 -0.01171191313283036 0.012855275425853671 -0.0082626478509023535 0.0091621953232589228 -0.0093349247641646097 0.0037661310907676931 -0.0049966548859037901 0.0028891227740587655 -0.0027360682491553785 -0.004045884087065181 -0.0092052646235577882 0.0081822687069822327 -0.0051476254417738686 0.0086754057987552709 -0.015931688011064392 -0.00096347943203310129 -0.017294949015384156 -0.0022706502917799356 0.013643112051226787 -0.0033278295316980571 0.0072935716356369931 0.0014243221476772311 -0.0055126782795670275 -0.0056709493589578329 -0.0086197749240024876 -0.0024226820498582137 0.017571808561757885 -0.0028275175277024836 -0.0075475342846757698 -0.002006198474432507 -0.0074232778511605906 0.0088088335268305899 0.0066377585153469002 0.0019450693900564539 -0.013449135438319193 -0.0026289134078392724 0.0009340771532302789 0.0045980845942066645 0.0084490233524402523 -0.00061232337240044296 -0.015363864395034857 0.0094883135499794456 0.0066860541721485978 -0.0012313252410597786 0.0015200100296667149 -0.009459833921920598 -0.0059534282905967049 -0.011973453963448169 -0.0079395240495666718 -0.0045491221262966468 0.0035589054335473692 0.0074081704387160352 0.008667456692219128 -0.010884691632816197 -0.0034235268206181673 -0.0026331041519067973 -0.00033618377874756219 -0.00023050911482865662 -0.0095465146404166354 0.0025341910801935704 -0.0030490452741919437 -0.0036068233281797675 0.012979649903252484 -0.013902456807786677 0.018948123394309485 0.012312370888991999 0.0098090162507567958 0.0070948430988593538 0.00079312551262451575 -0.0014238656432946372 0.0085732104122228838 0.014625924951634391 -0.0071750274859768079 -0.012471889639216265 0.0060541356804355052 0.0086094202407904028 0.012419907795534077 0.0062360995775426857 0.0043163027278786707 -0.0055999467302188599 0.0085365650405832966 0.0037512077929644761 0.0059168225462984904 -0.0014172835283015914 -0.0066000203346673527 0.00047093545423334187 0.019243523404839352 -0.013381837866037105 0.0031235714658798932 0.0021332127598799057 -0.018212063683035289 -0.011039347528887135 0.0094181602213062026 -0.0059829540664261454 -0.0090503138342459509 0.0078962614668830252 -0.010303302642400243 -0.0084670629352278145 -0.00070450515218271653 -0.00077890946968329523 -0.011557410177192598 -0.0010558867740465849 -0.005812034468240761 -0.010721605022525022 -0.0044860982161378108 0.0016508486078700446 -0.00097734521604620535 -0.011217566516297177 0.0014984468678774399 0.013069672056450108 -0.0069436514248087293 0.009520780470667187 0.0077040514295870326 -0.0011857833456103018 -0.019771849889586964 -0.012291839331493167 0.011893937300959931 0.0035659870017279651 -0.0017232063253219282 0.014495637021879667 0.0018455628834967528 0.0020973693653846999 -0.0011557055221227196 0.0074341115156743845 0.0018706453814021562 -0.021101658716875749 -0.0028992489365470171 0.014057921738787902 -0.0017811376255429546 0.008757487436878866 0.0023709657861496268 -0.013336521424138641 0.0080109236915625551 0.0024112610613326755 -0.010299176605237482 -0.017730943507782579 -0.0010596694032196396 0.0011150513167738486 0.0026707925453329181 -0.0010661698115513819 -0.0016803666452294376 0.0086035761136521553 -0.012403018737473759 -0.003911725897382156 0.0034656514257897907 -0.00031144650238025198 0.0017501720096441227 -0.014459826858094762 0.00072698141463919464 -0.00013326524794005453 5.0907799650556795e-05 -0.0096271308790833194 0.0011131292645829769 0.0028860324835058532 0.0011619655490617256 -0.0054617543894333875 -0.0036863473616493034 0.0060248570617202372 -0.010571664826113861 0.0043880509384135137 -0.0072624635157622778 0.00069568750226663785 -0.0044713878328800031 -0.021982603122261284 0.0026364483583102105 -0.019596364088203384 0.0066750926435238354 0.015336669245074793 -0.0025827553371943956 0.00082123317190059835 0.0045674443946285446 -0.015246041755105709 -0.0079092332789287671 0.0018973424116012876 -0.0072149139338568268 -0.0084362186253023851 -0.0064543227355757403 -0.0059030629725273266 0.0044901427456096087 -0.013272506240281373 -0.011031812160117066 0.007782251569515169 -0.0053380871887871353 -0.0020261705126982362 -0.0099649208701366159 -0.0054324184409162962 0.0032965337282161765 -0.0048529203774374183 -0.004925262499222682 0.010692686991692027 -0.013511014439381457 0.009920750385940454 0.004067010433480526 0.0041606696462552824 -0.011596614323997527 -0.00065315535242032295 0.00043110152615625933 -0.0039140589143488872 0.0027249956152536874 -0.0019677268794082788 -0.0065761757371165241 0.013885828843263759 -0.001446011541332907 -0.0092671996039504351 -0.0010351729331532335 0.009210226897861282 0.0020746997992017787 0.0014207747795085832 0.014416325456512761 0.008761004078895275 -0.011571145362464752 -0.0034595099229047729 -0.0069175197864764807 -0.0010530679450117301 0.00090781588717549341 -0.0004221018022080884 0.0047477924335539001 0.010820607883724102 0.0073313418921537822 -0.0044295176629515435 0.0074353439029964472 -0.0068309222252787337 0.00270929277893814 0.018487535809730365 0.00099481387487061778 -0.01820743363142081 0.00063874524806259143 0.00096154730413863191 -0.0015609467118620282 -0.00041040396955253959 0.0011205449922781548 0.013156769038450367 -0.017016179841952406 -0.0022368793837270894 0.015907247660819909 -0.0038474142954735388 0.0045506665422850139 -0.0028412796134575685 0.0019759115256882597 -0.0067910107842896316 -0.0020748597273190904 -0.0023580570785409257 0.0025484600942526393 0.0037567261643808346 0.0078384049820196394 0.0080738571503293031 0.0025955799830922268 0.0049766460790249866 -0.013105566439815634 0.0076377114299025581 -0.012685216582206208 -0.0095296656444604031 -0.012889150790918305 0.017973706552057687 -0.0027992706993094341 -0.0017224256542754828 -0.023733847997545934 0.00026025731132511907 -0.0032050680803929255 0.002930707389454554 -0.0072118252630176214 0.0087062125371398461 0.01212592903936232 -0.009790936630365699 0.001571987504468336 0.0032708868760805386 0.010011643695574651 -0.0068399393819909551 0.0057065171425312042 -0.018320078816740276 0.0019167757276364289 0.013598630773069949 -0.0047500226846398149 -0.0088281776880135953 0.0080503534702994952 -0.00046167569313466754 3.5922726597193253e-05 0.011014445600602248 -0.01228317470486918 -0.0029069860548498953 0.013744804944620635 0.01890478759379122 0.0015607248264271861 0.0037464054515548525 0.0082282972251450492 -0.00058128813658179948 -0.0049338849381343267 0.0023075196834527242 -0.0092999986002662276 0.00043947515866714067 0.014930843799957667 0.001759294058045672 -0.011250707262857847 -0.0077025019063003139 -0.0026619732291733194 -0.014637834010119071 0.0072847744481894343 -0.0035837379199336883 0.021480333576556654 0.0010053241808212355 -0.011224150635089485 -0.0025502549967366095
leaf_weight=6335.7597769349813 1050.9107850342989 431.21402871608734 349.1783954501152 34274.108022376895 626.94586400687695 2826.9961719512939 8781.0099053233862 287.67418584227562 65.730642318725586 494.69872656464577 596.11375266313553 56.732018604874611 164.95959876477718 229.8830544501543 253.93954129517078 64.484108433127403 436.98048131167889 552.97171528637409 882.94520112872124 235.23795413970947 522.41865523159504 569.00032564997673 375.59677755832672 256.8788995295763 1623.4174599051476 75.7476776689291 119.43716876208782 72.493153855204582 740.39055161178112 59.247405380010605 197.96747989952564 776.11554569005966 81.245909988880157 12642.798187673092 1068.5467240512371 198.17767076194286 3622.9008897393942 114.71384029090405 212.58558189868927 103.46788360178471 120.7176231443882 459.65972445905209 240.40972697734833 58729.742655098438 197.15282842516899 1691.7827271521091 75.205517947673798 356.1315354257822 157.92219354212284 59.720515266060829 61.966320723295212 310.39447292685509 2927.8666321188211 62.476279720664024 348.60046720504761 117.64729724824429 988.62272381782532 163.46915496885777 263.95314753055573 415.85198765993118 844.13656677305698 89.740033775568008 563.1541722714901 143.19567993283272 219.19486522674561 153.74617165327072 2609.7244128137827 1008.4843813925982 20704.060573965311 268.48455123603344 636.35126626491547 94.237296029925346 53.994573295116425 89.741130769252777 83.488391637802124 305.9201640188694 162.4451490342617 154.88599938154221 111.98685225844383 263.4774264395237 255.92104786634445 98.712086990475655 2965.6387699991465 6877.2259579598904 671.95777769386768 142.49232788383961 26547.750424534082 85.950611561536789 57.741696909070015 155.73696935176849 586.93383920192719 5030.7359603643417 240.46796104311943 406.95643442869186 51.490807488560677 559.44258506596088 310.22147846221924 1395.3453762978315 112.23352773487568 502.89956371486187 50.979661539196968 582.85116086900234 261.94467312097549 842.30690586566925 247.49614743888378 357.70676919817924 287.61314664781094 686.18226465582848 819.90620701014996 110.47592087090015 85.205109238624573 50.490204617381096 55.487268686294556 102.71623103320599 216.66109511256218 4030.6028918325901 6729.2651679217815 70.473367273807526 58.994772151112556 55.98297880589962 271.39597210288048 105.96221128106117 50.495026752352715 86.986064121127129 59.477395340800285 277.97010418772697 209.21422681212425 236.93941257894039 624.17756558954716 478.85926255583763 2078.835168749094 153.92019779980183 160.95177480578423 224.9552945047617 103.47181151807308 153.95445087552071 1118.5053085833788 56.728324621915817 223.18286222219467 86.724127501249313 336.18167506158352 53.489868819713593 175.95140142738819 54.735863909125328 67.972908809781075 3239.4567538350821 286.58358882367611 378.524773478508 126.99897798895836 474.97673252224922 53.744104161858559 1245.2050490677357 1381.6800398677588 5924.6835180222988 88.241351082921028 115.99253934621811 110.74295608699322 83.744357317686081 500.98094663023949 77.730949476361275 381.69215893745422 53.43476240336895 59.741026759147644 136.99158293008804 914.44410544633865 3836.2556448876858 135.24304841458797 2610.5773625820875 119.1797831505537 152.95849977433681 761.89907063543797 49.983105391263962 110.4320707321167 153.92168028652668 61.238202452659607 49.97472707927227 49.950517326593399 51.982659414410591 329.64290517568588 212.24109226465225 639.66839322447777 156.48195645213127 62.492939889431 733.47868306934834 85.988546893000603 96.995325893163681 5416.634343251586 196.74770268797874 112.72880209982395 72.997560277581215 432.47966834902763 624.46758179366589 1901.4218267500401 1214.9711974412203 268.47862945497036 36745.602719321847 17088.090599730611 1566.1841122061014 322.74650683999062 531.73809996247292 3481.4020122438669 4080.2528783679008 432.22929757833481 233.47731220722198 1116.1827172338963 80.746249198913574 711.39665481448174 75.204757079482079 164.43027213215828 98.432725697755814 108.39152936637402 180.49137677252293 63.731785953044891 658.9782667607069 138.22506240010262 53.986269131302834 1014.2515254914761 390.16930876672268 118.48594203591347 647.0272261351347 404.67320995032787 726.35369978845119 106.72539862990379 216.46762433648109 127.48380114138126 1267.822168558836 171.95351976156235 172.71059668064117 116.20898099243641 391.98090128600597 2684.8047527521849 255.97112442553043 652.9528973698616 312.97681166231632 141.96107247471809 609.89905926585197 105.96525338292122 60.490288734436035 260.21094293892384 436.48650503158569 89.970051348209381 370.85064367949963 149.44443507492542 2393.0444348454475 2198.9778472185135 1276.773608148098 14899.512572154403 420.95206974446774 60.996141493320465 871.90284432470798 393.6927340477705 11042.058158636093 169.72689616680145 1185.1261826753616 2113.2726631462574 209.7312538176775 129.24183364212513 77.248788729310036 1471.9111253023148 125.24629245698452 13150.390072613955 4676.4052823632956 1583.17755253613 872.47173000872135 246.49134194850922 184.24437019228935 897.71822080016136 164.74294944107533 177.73740549385548 300.49270798265934 85.497709095478058 2774.1890028566122 148.49662703275681 84.747140929102898 2039.4837234169245 3441.4347730576992 81.498206943273544 16021.683168053627 70.748669907450676 94.49724505841732 3167.1980333775282 83.24761064350605 88.746304035186768 1250.215219065547 111.99648669362068 113.9923751950264 779.64021810889244 351.70203869044781 257.1882735490799 3030.0357714444399 62.730265781283379 105.73523972928524 405.93305978178978 106.2017287760973 269.90845802426338 124.72734424471855 76.450161382555962 116.93830765783787 455.13270565867424 227.45791538059711 90.464066743850708 145.45025959610939 74.204471126198769 57.708010464906693 240.18389648199081 5278.273207783699 62.937005281448364 121.4573766887188 148.45458029210567 79.481704443693161 61.735199898481369 575.80726258456707 4417.2867195606232 161.7256176173687 122.97259837388992 470.19419056177139 155.93978935480118 1442.2244684100151 256.9433815330267 55.238648518919945 71.970133349299431 63.237793266773224 56.484403178095818 5051.6220274567604 156.24041007459164 79.230738893151283 641.46293438971043 87.49347510933876 83.979676872491837 4377.8429469317198 175.96697373688221 147.48475690186024 19463.206006959081 487.90365567803383 3759.1092936992645 161.22954477369785 207.97471272945404 60.744583249092102 179.73461404442787 56.987422972917557 280.70631577074528 140.70163571834564 80.995284780859947 72.996160730719566 1523.7901859432459 81.743584647774696 51.246454507112503 160.23857322335243 1235.448173776269
leaf_count=25353 4204 1725 1397 137113 2510 11309 35126 1151 263 1979 2385 227 660 920 1016 258 1748 2212 3532 941 2090 2277 1503 1028 6494 303 478 290 2962 237 792 3105 325 50578 4275 793 14494 459 851 414 483 1839 963 234940 789 6772 301 1425 632 239 248 1242 11713 250 1396 471 3955 654 1056 1664 3378 359 2253 573 877 615 10440 4035 82829 1074 2547 377 216 359 334 1224 650 620 448 1054 1024 395 11863 27510 2688 570 106195 344 231 623 2348 20125 962 1628 206 2238 1241 5582 449 2012 204 2332 1048 3370 990 1431 1151 2745 3280 442 341 202 222 411 867 16123 26918 282 236 224 1086 424 202 348 238 1112 837 948 2497 1916 8317 616 644 900 414 616 4475 227 893 347 1345 214 704 219 272 12960 1147 1515 508 1900 215 4981 5527 23700 353 464 443 335 2004 311 1527 214 239 548 3658 15346 541 10443 477 612 3048 200 442 616 245 200 200 208 1319 849 2559 626 250 2934 344 388 21667 787 451 292 1730 2498 7606 4861 1074 146986 68354 6265 1291 2127 13926 16322 1729 934 4465 323 2846 301 658 394 434 722 255 2636 553 216 4058 1561 474 2589 1619 2906 427 866 510 5072 688 691 465 1568 10741 1024 2612 1252 568 2440 424 242 1041 1746 360 1484 598 9573 8798 5108 59604 1684 244 3488 1575 44174 679 4741 8454 839 517 309 5888 501 52603 18706 6333 3490 986 737 3591 659 711 1202 342 11097 594 339 8158 13766 326 64088 283 378 12669 333 355 5001 448 456 3119 1407 1029 12128 251 423 1625 425 1080 499 306 468 1821 911 362 582 297 231 961 21126 252 486 594 318 247 2304 17671 647 492 1881 624 5770 1028 221 288 253 226 20208 625 317 2566 350 336 17512 704 590 77857 1952 15038 645 832 243 719 228 1123 563 324 292 6097 327 205 641 4942
internal_value=-1.25319e-05 -0.000365194 0.000801965 -0.000205398 0.00113126 -0.00134771 0.000164882 -8.95996e-05 -0.0015504 -0.00057813 -0.000250863 -0.00041454 -0.00168358 -6.38544e-05 -0.00106986 0.000241356 7.35369e-05 0.00128129 0.00369031 0.00461607 0.00104638 0.000453211 0.000462599 0.00181988 0.00643393 -0.00125173 -0.00128368 0.000322319 5.03667e-05 0.0014557 0.00274102 0.00384025 0.0054212 -0.000625518 -0.00352224 -0.000254151 -0.00145368 0.00111978 0.00368053 1.25351e-05 -0.000380834 0.00109197 0.000858731 0.000909644 0.00274528 0.00173545 0.00473507 0.00151259 0.00167589 -0.00257386 -0.00507408 -0.00427913 0.00159855 0.00213565 -0.0040668 -0.00100097 -0.001822 -0.00416663 -2.00717e-06 0.00168128 0.00410397 0.000127302 -0.0031888 -0.00248439 -0.0084527 -4.55288e-05 -0.000953251 0.00609975 0.00171564 0.000322703 -0.00111586 -0.00244885 -0.00066547 0.0103291 -0.00136733 -0.00342881 0.000357157 0.00142468 -0.000841026 0.000192432 -0.00444101 -0.00625872 4.83498e-05 -0.000484821 0.000192347 -0.000853958 -0.000294002 -0.00368188 -0.0036939 -0.00133756 -0.000915918 -3.31103e-05 -0.0018771 -0.00140272 -3.40063e-05 -0.00392168 0.00108516 0.00294333 -0.00298796 0.00247298 0.0067385 0.00141491 -0.00446522 -0.00180912 0.000294237 -0.00709498 -0.00176233 -0.00120228 0.000270259 0.00403853 -0.0016121 0.00602566 -0.00213192 0.000995956 0.00363731 -0.000469125 -0.000593418 -0.00291149 -0.00483103 0.00423476 -0.00682087 -0.00479935 -0.00650645 -0.000988112 0.000263669 -0.00214342 -0.00275696 0.00367119 0.00137277 0.00100733 0.000215078 0.00488799 0.00584877 0.0105552 0.00322881 -0.00371411 -0.00173428 3.55778e-05 -0.00408429 -0.00481085 -0.00270847 0.00578102 0.0145153 0.00308889 -0.00242789 -0.00181388 -0.00592608 -0.00876317 -0.000540858 0.00191148 0.00585938 -0.000850925 -0.00146083 -0.00101532 -0.000787139 0.000303194 -0.00279304 0.00451826 0.00739544 -0.00170331 0.00358422 -0.00870248 0.000610212 0.000716273 -0.00012627 -0.000877492 0.00380233 0.00237964 -0.00657576 -0.0086072 0.00503145 -0.00700166 -0.014195 -0.00462613 0.002258 -0.00871991 -0.00511671 -0.00778359 -0.0111922 0.000732028 -0.000313098 -0.00074628 0.00291325 -9.64394e-05 -0.00731783 -0.00802921 -0.000350908 0.00208011 0.00237406 0.000794587 0.00270867 0.000440281 -0.00080674 0.000271303 -0.00996579 0.000296698 -0.000423987 0.000422695 -0.00560843 0.000484814 0.000914371 0.000197098 3.93477e-05 0.00175678 0.0043331 0.000914419 -0.000179797 0.000581499 -0.00568397 -0.00952854 -0.0141255 -0.00170711 -0.0114459 0.00475624 0.00642872 0.0104016 -0.000933399 -0.00389896 -0.00496148 -0.00434393 -0.00278845 -0.00449651 0.000678605 -0.000579339 0.00193825 0.00389083 -0.00797427 0.00236712 -0.00345865 -0.000252369 -0.00336289 -0.00153205 -0.00419783 -0.00260025 0.00281997 -0.00241117 0.00183211 -0.00203845 0.00465101 0.00671052 -0.00288964 -0.00661302 -0.00851081 -0.00115254 -0.000722022 -0.000378921 -0.00178345 -0.00058568 0.000380548 -0.00107996 -0.0039219 -0.0012431 0.00275138 0.00166989 0.00146055 0.00382672 8.40723e-05 6.20121e-05 -0.000432612 -0.000233809 -0.000190718 0.000882841 -0.000662738 0.00142417 0.00574739 0.00153603 0.000446973 -0.00254796 0.00105717 0.00134445 0.00650863 0.000458082 -0.00297261 -0.00958327 0.000559394 0.000310895 -0.00158471 0.000650688 -0.000775283 -0.0020431 -0.000984486 0.00818988 -0.0131365 0.00210631 -0.00972082 -0.00521765 -0.00442423 0.000618859 0.00114434 0.00178213 0.000469007 -0.00515562 0.0029518 0.00187774 -0.00142384 -0.00551195 -0.00209189 -0.00557433 -0.00788758 -0.00318033 -0.00304242 0.00014924 0.00942947 -0.00207411 -0.00568279 -0.0035451 -0.00947388 -0.0133205 0.00308898 -0.00387924 0.00253339 0.00449967 0.00269832 0.00309282 0.00136858 0.00322757 -0.0145229 0.00313998 0.00771011 0.0103144 0.00226248 -0.00050124 0.0113382 0.000222876 0.00286354 0.000116838 0.00139829 0.00161826 0.00139679 0.00199604 0.00906177 -0.000124884 -0.000169993 0.000690658 0.00100632 -0.00253971 -0.00055593 0.00405223 0.000147503 0.00104794 -0.00404209 0.00188962 -0.00519618 -0.00267291 -0.00431521 0.00845614 0.0140952 -0.00167661 -0.0036044
internal_weight=515562 359786 155776 309464 102692 50321.7 53084.7 274554 46396.4 68725.9 50034.2 47204.4 10213.6 36990.8 12555.1 6439.11 205828 12109 3440.32 3003.34 3925.22 24435.7 43870.2 7275.12 2120.39 9214.46 39884.1 23839.6 21437.4 6958.9 2402.2 2063.01 1885.15 14478.5 1637.55 12841 18691.7 5396.48 1623.4 3773.09 3669.62 102065 74925.1 74165 6532.91 27139.6 1865.7 25273.9 24307.3 966.618 690.236 1042.63 24149.3 7018.24 760.092 519.683 1512.3 235.962 193719 4874.79 3082.3 916.847 652.894 1792.49 362.391 188844 17693.2 1123.2 23631.9 8668.7 34910.5 6115.99 2505.09 143.736 2361.35 1357.33 795.55 1004.02 3548.9 36595.1 605.099 173.918 171151 36390.6 134760 11953.3 33425 3610.9 517.401 18404 14668.9 9266.53 4235.79 3995.32 2593.96 1401.36 2187.01 1446.84 3735.13 2829.76 553.879 2275.88 2034.19 962.771 122807 433.454 500.199 841.919 122135 479.651 3069.25 190.179 2879.07 356.656 276.382 10902.4 10759.9 519.85 449.376 114.978 1071.42 800.027 694.065 8179.42 3928.77 4250.65 3848.75 401.899 833.392 3498.04 3019.18 1827.05 1595.4 561.858 1033.54 257.426 2793.87 1598.14 1195.73 479.634 422.906 2165.45 400.907 1693.03 5402.35 4606.03 796.319 509.735 15083.5 1688.41 681.724 13395.1 9773.47 8528.26 1006.69 918.447 669.464 194.487 627.98 231.651 1638.29 171.082 8246.22 8186.48 5438.91 4524.47 688.215 2747.57 628.27 509.09 1256.6 685.97 160.415 525.554 215.16 561.785 355.871 643.57 381.626 67632.1 8902.39 7854.03 1048.36 7218.08 148.481 635.948 7005.84 1589.2 523.678 3621.6 1647.18 1056.95 1974.42 35990 538.953 121315 18050.3 103265 570.243 100303 40227 60075.8 54565.2 5510.66 1349.66 4161 2932.19 139.689 430.732 266.302 206.824 261.737 120.464 855.726 275.7 192.211 1430.1 3015.36 2281.24 2162.75 1515.72 1111.05 384.696 734.121 517.653 1321.31 334.399 5446.6 288.92 17480.1 3524.95 7146.58 1221.9 965.93 853.358 972.544 362.644 256.679 899.879 590.233 3295.07 610.265 520.295 38240.9 22740.4 20541.5 15500.5 19264.7 7801.68 3658.64 1265.6 11463 600.941 4143.04 4082.04 1451.34 54132.9 54003.7 24013.8 22541.9 22464.6 6858.58 15606 2455.65 555.982 309.491 6302.59 1062.46 5240.13 5062.4 385.99 29989.9 853.728 321.99 29136.2 25111.8 3812.67 21299.1 5277.43 3647.93 5206.68 164.746 237.243 4024.4 206.494 270.474 1366.57 464.431 369.175 6642.65 3134.71 623.598 3507.94 2511.11 694.226 424.318 299.59 223.14 517.863 6512.32 6446.59 877.923 164.669 713.254 419.349 5568.67 290.395 179.165 293.905 339.184 141.217 1098.23 5157.68 849.13 687.404 564.431 205.915 1816.88 374.658 312.182 3102.01 131.211 266.216 35726.5 1371.21 34355.3 5445.98 5366.75 5279.25 4637.79 259.947 28909.3 28761.8 9298.63 8810.73 740.17 578.941 268.719 2630.7 2170.26 460.441 196.189 422.476 341.481 1643.23 248.983 132.99 2961.87 1395.69
internal_count=2062476 1439284 623192 1237959 410827 201325 212365 1098299 185622 274955 200177 188856 40864 147992 50234 25764 823344 48439 13762 12014 15703 97758 175505 29114 8482 36860 159557 95373 85762 27839 9611 8254 7541 57923 6552 51371 74778 21592 6496 15096 14682 408317 299737 296693 26142 108580 7468 101112 97244 3868 2762 4172 96612 28086 3044 2081 6050 944 774905 19504 12332 3668 2612 7172 1450 755401 70777 4494 94542 34677 139660 24470 10023 575 9448 5431 3183 4017 14199 146391 2421 696 684624 145568 539056 47815 133705 14447 2070 73627 58684 37070 16945 15983 10377 5606 8749 5788 14943 11321 2216 9105 8139 3852 491241 1734 2002 3368 488553 1919 12280 761 11519 1427 1106 43611 43041 2080 1798 460 4287 3201 2777 32725 15719 17006 15398 1608 3334 13995 12079 7310 6383 2248 4135 1030 11178 6394 4784 1919 1692 8664 1604 6773 21614 18427 3187 2040 60337 6754 2727 53583 39096 34115 4027 3674 2678 778 2512 927 6554 685 32987 32748 21757 18099 2753 10991 2514 2037 5027 2745 642 2103 861 2248 1424 2575 1527 270551 35611 31417 4194 28873 594 2544 28024 6357 2095 14487 6589 4228 7898 143970 2156 485273 72203 413070 2281 401222 160912 240310 218266 22044 5399 16645 11731 559 1724 1066 828 1047 482 3423 1103 769 5722 12064 9127 8653 6064 4445 1539 2937 2071 5286 1338 21789 1156 69922 14103 28588 4888 3864 3414 3891 1451 1027 3600 2361 13183 2442 2082 152982 90974 82176 62008 77068 31210 14636 5063 45858 2404 16574 16330 5806 216537 216020 96058 90170 89861 27435 62426 9823 2224 1238 25211 4250 20961 20250 1544 119962 3415 1288 116547 100449 15251 85198 21110 14592 20827 659 949 16098 826 1082 5467 1858 1477 26583 12542 2495 14041 10047 2778 1698 1199 893 2072 26065 25802 3513 659 2854 1678 22289 1163 717 1176 1357 565 4394 20633 3397 2750 2258 824 7269 1499 1249 12416 525 1065 142916 5486 137430 21785 21468 21118 18552 1040 115645 115055 37198 35246 2961 2316 1075 10524 8682 1842 785 1690 1366 6575 996 532 11848 5583
is_linear=0
shrinkage=0.02


end of trees

feature_importances:
rel_ratio2=324
rv3600=271
rv1800=262
rv900=253
bbw3600=210
hsin=181
rel_ratio=176
rv300=173
ret3600=166
ret600=162
rangepos3600=153
hcos=153
imb_ema80=145
spread_ema30=141
tsz_ema30=133
ret300=124
bbw300=123
micro_dev_ema60=117
emadist3600=110
rangepos1800=104
dow=103
rv60=95
bbw1800=93
emadist1800=88
stretch1800=87
ret1800=84
rangepos900=80
emadist900=71
rangepos300=66
ret120=62
bbw900=60
spread=57
nt_ema30=54
stretch120=46
micro_dev_ema30=42
stretch900=40
emadist300=36
ret60=30
imb_ema40=29
stretch300=28
rv30=19
emadist60=19
imb_ema20=15
imb_sameside30=15
ret30=15
micro_dev_ema15=13
imb_sgn_ac30=12
micro_mom60=11
micro_dev_ema5=8
tsz=7
ret15=6
micro_mom15=4
micro_dev=3
imb_ema5=2
imb_ema10=2
imb_runlen=2
imb_ema3=1

parameters:
[boosting: gbdt]
[objective: binary]
[metric: auc]
[tree_learner: serial]
[device_type: cpu]
[data_sample_strategy: bagging]
[data: ]
[valid: ]
[num_iterations: 4000]
[learning_rate: 0.02]
[num_leaves: 350]
[num_threads: 20]
[seed: 0]
[deterministic: 0]
[force_col_wise: 0]
[force_row_wise: 0]
[histogram_pool_size: -1]
[max_depth: -1]
[min_data_in_leaf: 200]
[min_sum_hessian_in_leaf: 0.001]
[bagging_fraction: 0.8]
[pos_bagging_fraction: 1]
[neg_bagging_fraction: 1]
[bagging_freq: 1]
[bagging_seed: 3]
[bagging_by_query: 0]
[feature_fraction: 0.6]
[feature_fraction_bynode: 1]
[feature_fraction_seed: 2]
[extra_trees: 0]
[extra_seed: 6]
[early_stopping_round: 0]
[early_stopping_min_delta: 0]
[first_metric_only: 0]
[max_delta_step: 0]
[lambda_l1: 0]
[lambda_l2: 8]
[linear_lambda: 0]
[min_gain_to_split: 0]
[drop_rate: 0.1]
[max_drop: 50]
[skip_drop: 0.5]
[xgboost_dart_mode: 0]
[uniform_drop: 0]
[drop_seed: 4]
[top_rate: 0.2]
[other_rate: 0.1]
[min_data_per_group: 100]
[max_cat_threshold: 32]
[cat_l2: 10]
[cat_smooth: 10]
[max_cat_to_onehot: 4]
[top_k: 20]
[monotone_constraints: ]
[monotone_constraints_method: basic]
[monotone_penalty: 0]
[feature_contri: ]
[forcedsplits_filename: ]
[refit_decay_rate: 0.9]
[cegb_tradeoff: 1]
[cegb_penalty_split: 0]
[cegb_penalty_feature_lazy: ]
[cegb_penalty_feature_coupled: ]
[path_smooth: 0]
[interaction_constraints: ]
[verbosity: -1]
[saved_feature_importance_type: 0]
[use_quantized_grad: 0]
[num_grad_quant_bins: 4]
[quant_train_renew_leaf: 0]
[stochastic_rounding: 1]
[linear_tree: 0]
[max_bin: 255]
[max_bin_by_feature: ]
[min_data_in_bin: 3]
[bin_construct_sample_cnt: 200000]
[data_random_seed: 1]
[is_enable_sparse: 1]
[enable_bundle: 1]
[use_missing: 1]
[zero_as_missing: 0]
[feature_pre_filter: 1]
[pre_partition: 0]
[two_round: 0]
[header: 0]
[label_column: ]
[weight_column: ]
[group_column: ]
[ignore_column: ]
[categorical_feature: ]
[forcedbins_filename: ]
[precise_float_parser: 0]
[parser_config_file: ]
[objective_seed: 5]
[num_class: 1]
[is_unbalance: 0]
[scale_pos_weight: 1]
[sigmoid: 1]
[boost_from_average: 1]
[reg_sqrt: 0]
[alpha: 0.9]
[fair_c: 1]
[poisson_max_delta_step: 0.7]
[tweedie_variance_power: 1.5]
[lambdarank_truncation_level: 30]
[lambdarank_norm: 1]
[label_gain: ]
[lambdarank_position_bias_regularization: 0]
[eval_at: ]
[multi_error_top_k: 1]
[auc_mu_weights: ]
[num_machines: 1]
[local_listen_port: 12400]
[time_out: 120]
[machine_list_filename: ]
[machines: ]
[gpu_platform_id: -1]
[gpu_device_id: -1]
[gpu_use_dp: 0]
[num_gpu: 1]

end of parameters

pandas_categorical:[]
