tree
version=v4
num_class=1
num_tree_per_iteration=1
label_index=0
max_feature_idx=61
objective=binary sigmoid:1
feature_names=imb imb_ema3 imb_ema5 imb_ema10 imb_ema20 imb_ema40 imb_ema80 imb_acc imb_chg imb_sgn_ac30 imb_sameside30 imb_runlen micro_dev micro_dev_ema5 micro_dev_ema15 micro_dev_ema30 micro_dev_ema60 micro_mom15 micro_mom60 spread spread_ema30 nt nt_ema30 tsz tsz_ema30 ret5 ret15 ret30 ret60 ret120 ret300 ret600 ret1800 ret3600 rv30 rv60 rv300 rv900 rv1800 rv3600 emadist60 emadist300 emadist900 emadist1800 emadist3600 stretch120 stretch300 stretch900 stretch1800 rangepos300 rangepos900 rangepos1800 rangepos3600 bbw300 bbw900 bbw1800 bbw3600 rel_ratio rel_ratio2 hsin hcos dow
feature_infos=[-0.98782342672348022:0.99203187227249146] [-0.96367788314819336:0.96797001361846924] [-0.95435220003128052:0.95552504062652588] [-0.94183969497680664:0.94455868005752563] [-0.91355776786804199:0.92678838968276978] [-0.89547103643417358:0.91226089000701904] [-0.83329826593399048:0.89515781402587891] [-0.97439318895339966:0.89007550477981567] [-1.9075915813446045:1.9264204502105713] [-0.76666665077209473:1] [0.033333335071802139:1] [-50:50] [-0.0003282487450633198:0.00044519506627693772] [-0.0002750992716755718:0.00043727408046834171] [-0.00023903335386421531:0.00042880146065726876] [-0.00020071024482604116:0.00042651552939787507] [-0.00018078366701956838:0.00041832556598819792] [-0.0018082857131958008:0.0012856721878051758] [-0.0015241503715515137:0.0022486448287963867] [8.1708358266041614e-06:0.0011520842090249062] [1.3444208889268339e-05:0.0011727043893188238] [1:19] [1.0092405080795288:14.767223358154297] [136200:25735000] [588344.375:14069581] [-0.00091624259948730469:0.00059175491333007812] [-0.0017407536506652832:0.0012867450714111328] [-0.0016298890113830566:0.0017371177673339844] [-0.0015368461608886719:0.0022077560424804688] [-0.0020658373832702637:0.0022027492523193359] [-0.0023785233497619629:0.0023114681243896484] [-0.0027279853820800781:0.0029273033142089844] [-0.00380706787109375:0.0035265684127807617] [-0.030031681060791016:0.05370020866394043] [2.8705010590712732e-10:0.00014893498155288398] [1.9344445263413945e-06:0.00010637498053256422] [8.0951967902365141e-06:5.3933163144392893e-05] [6.5738154262362514e-06:3.2673633540980518e-05] [6.2367839746002574e-06:2.4342782126041129e-05] [7.0563073677476496e-06:0.00088310777209699154] [-0.0012956196442246437:0.0011519405525177717] [-0.0015078240539878607:0.0018676536856219172] [-0.0019304059678688645:0.0021679333876818419] [-0.0031987030524760485:0.0061064469628036022] [-0.0096772713586688042:0.017911409959197044] [-2.4382064342498779:2.6958353519439697] [-3.0921258926391602:2.8594846725463867] [-3.3878328800201416:2.9935097694396973] [-5.7026219367980957:6.2883396148681641] [0:1] [0:1] [0:1] [0:1] [0.0001402129273628816:0.00093414977891370654] [0.00019721445278264582:0.00098020897712558508] [0.00026460434310138226:0.0010327767813578248] [0.00042337842751294374:0.052986465394496918] [0.42730554938316345:0.91097527742385864] [0.010965453460812569:0.84293335676193237] [-1:1] [-1:1] [0:6]
tree_sizes=57892 58602 58505 58750

Tree=0
num_leaves=512
num_cat=0
split_feature=41 29 20 44 39 30 6 52 39 6 15 61 39 38 38 60 39 61 31 38 24 40 60 20 49 29 61 45 24 44 38 51 38 60 38 9 20 55 60 51 9 20 61 6 30 31 6 38 20 15 31 30 15 49 39 38 44 20 22 41 31 39 44 52 38 24 30 9 61 6 39 30 20 20 52 30 22 61 20 44 38 52 24 51 52 20 48 38 60 38 52 6 60 52 20 9 31 30 6 24 52 44 52 20 29 60 38 52 24 48 20 39 38 52 48 6 20 41 51 48 51 51 38 49 49 22 39 39 29 52 38 38 52 38 39 20 60 44 51 38 24 39 48 39 39 46 38 60 39 44 24 52 44 20 31 30 31 6 38 39 60 60 6 6 31 45 61 60 52 39 38 60 61 6 20 61 52 39 52 60 6 48 39 39 39 30 15 27 48 61 51 48 6 40 55 38 60 60 30 39 27 31 52 31 38 31 38 6 6 60 41 60 44 22 39 24 49 39 24 39 38 39 20 22 38 20 27 31 60 28 30 44 24 6 39 15 24 30 38 6 38 49 44 6 44 31 6 39 39 60 15 44 44 31 28 20 24 52 44 24 6 39 60 6 9 61 49 52 39 39 22 52 39 6 39 39 30 39 44 24 38 60 29 49 60 6 60 22 44 38 22 51 39 39 6 39 39 22 38 38 39 39 24 20 46 44 60 24 6 24 38 30 61 6 29 31 6 44 51 38 52 39 48 39 30 30 24 39 52 20 38 24 51 48 30 24 31 6 30 52 61 60 20 6 61 38 48 39 30 45 38 52 44 6 39 22 44 44 38 52 44 60 38 24 48 15 44 39 31 60 39 61 38 31 52 39 20 30 38 30 38 49 39 39 38 46 39 20 38 20 40 31 20 39 61 48 31 44 22 31 61 52 40 20 44 39 15 52 52 24 28 6 38 38 40 48 48 24 30 29 60 44 38 46 52 39 31 38 39 38 29 60 48 52 24 38 52 44 44 20 49 31 15 52 24 27 24 41 39 31 52 24 52 39 30 38 61 31 39 39 44 39 6 22 38 39 44 31 24 30 61 20 38 44 44 44 48 38 15 51 38 61 48 39 39 38 30 38 22 22 60 51 60 20 30 38 24 44 38 24 38 39 38 49 60 30 31 22 44 31 39
split_gain=392.374 159.883 101.264 116.758 97.713 105.542 92.5559 91.7937 90.3683 87.6284 85.4684 85.2861 70.3835 93.9621 69.8688 94.1362 87.7844 71.8286 72.2055 69.6603 66.6309 65.893 62.1822 62.0663 99.1872 60.952 60.3311 74.3318 66.4076 131.779 115.953 84.6919 73.3448 71.36 62.9926 60.2591 59.6231 58.7425 64.1708 96.2708 75.7139 58.4542 57.7281 56.5067 56.5419 56.033 55.1578 61.3134 54.986 54.1628 53.7235 53.7273 52.8934 66.0271 53.2562 52.1835 75.0961 51.961 51.9529 49.9624 48.6002 48.4261 77.3906 63.0347 63.5316 51.1511 48.3082 48.0326 51.128 55.2501 47.887 47.8138 49.0809 56.3066 56.9886 54.1139 47.6595 47.2318 53.6389 72.7914 60.9748 58.358 47.3169 48.1861 46.693 49.334 46.5189 46.1487 46.4544 44.4021 80.6626 62.2435 57.3493 47.627 47.2909 46.7331 52.3694 47.2218 46.3048 44.9334 44.3432 62.9719 58.0553 51.4891 46.064 45.1941 44.3339 55.0111 45.6162 51.1506 45.0472 44.1694 43.8727 43.8162 73.825 43.748 43.6444 43.3604 43.3477 43.3401 43.1994 54.4672 42.7494 49.761 42.617 42.093 41.6183 61.4224 41.5883 41.5625 43.378 41.57 40.929 40.8686 122.814 67.0808 55.4049 81.6281 57.3059 57.2211 56.604 53.1745 52.2313 112.002 62.3751 45.3863 44.9768 44.0636 43.865 41.9284 46.0505 41.2808 40.8311 67.543 58.3727 70.5399 57.8836 57.3427 54.3942 53.1358 77.6276 84.6865 81.3064 58.5509 49.1276 63.1489 48.882 56.9591 48.2572 47.739 46.4221 49.2768 71.6624 66.9685 46.0695 50.6801 46.0432 43.8745 43.393 42.6844 42.0537 40.86 40.6821 50.6749 42.6765 40.1118 39.6834 39.5028 39.44 39.3886 40.8641 38.7617 54.9837 38.7338 38.7201 38.5075 59.4768 82.8422 46.9033 38.3889 38.3603 37.9624 37.9216 59.0171 37.8546 44.4699 37.8369 37.8222 37.5165 37.0761 36.9768 36.9703 65.4264 56.5781 56.5504 55.1596 43.8167 42.0937 41.9466 38.8053 36.9173 36.9055 39.172 36.6407 47.5066 36.4998 36.8212 39.2989 36.4756 70.5103 43.0151 36.0874 50.9074 35.9429 35.8968 35.8757 35.738 35.5738 35.5216 35.4128 38.5226 38.9379 67.1047 35.3076 35.19 84.1121 35.1341 58.0263 73.7925 59.563 35.1191 42.9422 34.959 46.7573 34.8822 34.8245 42.9366 34.6711 81.0473 51.645 52.7333 34.6376 34.545 103.35 55.2991 34.3458 34.3059 34.1436 58.8713 39.8123 42.7526 41.0441 33.919 33.8896 33.8892 33.8572 48.0649 49.3503 49.3992 47.4087 63.3042 46.3593 36.115 33.6456 33.5611 33.4241 33.3895 60.4533 33.3354 33.2866 37.7048 33.2265 32.7935 32.6764 53.3107 61.3561 42.6528 33.7168 32.6031 33.135 68.5903 65.7444 33.5162 32.5465 41.9795 41.4581 46.0433 39.1187 41.2932 41.0783 32.4953 32.4708 40.1391 61.807 59.3455 56.2671 48.6273 57.173 57.8868 47.3293 35.6559 41.432 34.4557 34.1493 40.5335 34.0073 32.6536 32.3331 98.7875 65.111 57.4729 56.2718 55.189 99.8319 47.916 41.1704 88.4238 40.8142 36.2779 69.8684 53.6072 52.2101 41.6849 35.2798 35.1678 33.4385 32.3324 32.277 32.2535 32.1664 32.1158 32.0897 32.0304 37.7587 31.9678 46.8646 40.4429 60.6313 39.1017 45.3468 38.4339 33.0351 31.9041 31.7778 31.7725 44.8053 31.7186 31.5882 31.5439 31.4814 58.2037 36.7105 32.2068 31.3954 50.7707 49.4222 52.5384 47.8941 46.8399 43.2693 51.9135 42.808 42.3826 40.6906 42.6724 45.7133 40.0713 36.656 34.4925 33.4581 32.7463 31.3199 34.4876 48.717 34.3018 37.1145 31.2676 53.2406 31.2658 31.2271 31.2124 31.1784 31.087 30.9035 36.7067 74.861 45.0242 30.8198 43.0775 32.8414 30.7663 30.7549 45.754 30.7416 30.739 30.6241 46.1137 30.5882 37.1572 32.9459 31.3257 39.7003 38.3239 30.5553 39.8107 30.5351 30.4595 30.4496 30.4372 32.6039 30.4209 30.368 30.2753 47.6233 42.711 32.8103 30.1696 30.4529 33.0061 30.1231 30.07 29.8416 29.7481 29.5578 29.4591 29.4414 29.4252 29.374 29.241 33.4384 46.1221 29.2075 29.1512 29.4918 29.1193 45.5859 35.1593 87.1269 71.8538 45.5685 29.0301 28.9911 28.9409 34.6385 30.7064 31.213 40.2871 40.4541 33.5284 28.8153 54.2827 62.1522 33.8078 33.0439 31.1335 28.6028 28.5342 28.4427 28.4101 28.3999 28.3904 28.6356 28.3873 116.314 82.9073 48.7035 41.7253 40.3609 33.1968 28.9193 28.3821 60.4625 53.3413 28.3285 28.228 28.12 34.4436 37.1574 28.081 28.0435 32.8773 38.5963 37.8545 48.603 44.082 31.9525 30.8796 28.0401 28.2521 27.9924 27.9647
threshold=0.00016233865608228373 -0.00011685490608215331 4.4687965782941326e-05 0.0012320043169893327 2.1125575585756454e-05 -0.00061228871345520009 0.3376044780015946 0.039817519485950477 2.2697284293826673e-05 0.47405931353569036 -7.08107518221368e-06 1.0000000180025095e-35 1.9947923647123392e-05 2.088202109007398e-05 2.2253911993175283e-05 0.91597560048103344 2.132341342075961e-05 1.0000000180025095e-35 -0.00032761693000793452 2.0627299818443138e-05 6658779.2500000009 0.00010915987149928698 -0.7865660786628722 7.4096544267376898e-05 0.27264125645160681 0.00017422437667846682 3.5000000000000004 0.62701186537742626 5190978.2500000009 0.00042890882468782371 2.038622096733889e-05 0.30844381451606756 1.9180723029421646e-05 -0.37940952181816096 1.827106007112889e-05 0.25000000745058065 2.3728692212898753e-05 0.00099376600701361916 1.0000000180025095e-35 0.91074231266975414 0.45000000298023229 2.8885667234135329e-05 1.5000000000000002 0.21402175724506381 0.00043624639511108404 -0.00010880827903747557 -0.37440124154090876 1.4818169347563527e-05 3.6983547033742077e-05 3.6186063425702746e-06 0.00050407648086547862 2.1159648895263675e-05 9.0727394308487436e-06 0.87947940826416027 1.8767989786283582e-05 1.9258062820881609e-05 0.0010384077322669329 0.0002215442655142397 4.5917117595672616 0.00030845795117784297 0.00023490190505981448 2.3260803573066372e-05 -0.00098873168462887385 0.19146625697612765 2.0345690245449081e-05 7276005.2500000009 -0.00026085972785949702 -1.0000000180025095e-35 1.0000000180025095e-35 0.25289872288703924 2.3490556486649442e-05 0.00020581483840942386 5.4376274420064881e-05 2.9133042517059952e-05 0.18428128957748416 -6.8992376327514635e-05 3.0859572887420659 1.5000000000000002 2.5810093575273644e-05 -0.00070520309964194883 2.1843658942088954e-05 0.18768160045146945 3212728.6250000005 0.23289852589368823 0.80585846304893505 3.73464481526753e-05 0.54642170667648327 2.088202109007398e-05 -0.91597560048103321 1.2213529316795759e-05 0.23489286005496982 -0.45419202744960779 0.37940952181816107 0.49889150261878973 2.052381569228601e-05 0.050000002607703216 -0.00077500939369201649 -0.00023713707923889157 0.28330956399440771 6893966.2500000009 0.13821011781692508 -0.00045571060036309058 0.24769020080566409 2.1980868950777225e-05 -0.00050988793373107899 -0.37940952181816096 2.3977792807272639e-05 0.11421163752675058 5802750.0000000009 -0.6120677888393401 4.6746998123126111e-05 2.392267288087169e-05 2.1885301975999031e-05 0.10121768340468408 -0.5832482874393462 0.12801579385995868 3.1574350941809832e-05 6.8496094172587632e-05 0.79463797807693493 -1.0238879919052122 0.86940553784370433 0.27861161530017858 2.0550869521684948e-05 0.49495205283164984 0.14833345264196399 1.8391793966293337 1.428572795703076e-05 1.7774448679119818e-05 0.00013881921768188479 0.28961506485939031 1.6352126294805206e-05 1.7898776604852177e-05 0.14502179622650149 1.649090245336993e-05 1.7097080672101587e-05 4.9623058657743975e-05 0.12940952181816107 0.00098336680093780182 0.49249829351902014 1.9486124074319381e-05 6423479.0000000009 2.3121397134673319e-05 -0.91340115666389454 1.74497681655339e-05 1.6182134459086232e-05 -0.54178929328918446 2.3095430151443001e-05 -0.98296290636062611 2.1224784177320547e-05 4.9302225306746557e-05 4443301.7500000009 0.41921941936016088 -0.00047163994167931372 3.612795808294323e-05 -8.9555978775024401e-05 7.7426433563232435e-05 -0.00065264105796813954 0.026835984550416473 1.4107610240898795e-05 1.8905810065916743e-05 0.78656607866287243 -0.6035533845424651 0.13299105316400531 0.036851491779088981 -5.0395727157592767e-05 -0.01452090637758374 1.5000000000000002 -0.12940952181816107 0.166312150657177 1.8001819626078944e-05 2.0627299818443138e-05 -0.91597560048103321 2.5000000000000004 -0.14567965269088742 2.2395975065592214e-05 1.0000000180025095e-35 0.35076822340488439 1.773692474671407e-05 0.17348229885101321 0.60355338454246532 -0.15160001069307324 0.19851019978523257 2.051446881523589e-05 1.6766969565651383e-05 2.373367169639096e-05 -0.00076654553413391102 4.8457934553880488e-07 0.0002233386039733887 0.27178095281124121 2.5000000000000004 0.51786530017852794 -1.5632062554359434 0.0047021226491779098 -2.9229348001535979e-05 0.00084680638974532496 1.827106007112889e-05 0.60355338454246532 1.0000000180025095e-35 -0.0010135471820831297 1.4155877124721885e-05 -0.00010022521018981932 0.00022953748703002932 0.94638043642044078 0.00027531385421752935 2.3642011001356881e-05 -0.0010542571544647215 1.7608917914913039e-05 0.10311907902359964 -0.019043931737542149 -0.98296290636062611 -1.1663891200441865e-05 -0.6035533845424651 0.00023437243362423035 2.6131658554077153 2.2351527150021869e-05 5286282.5000000009 0.44054362177848821 2.0431835764611609e-05 7129665.2500000009 2.2410149540519345e-05 2.2164276742842052e-05 1.2610837984539104e-05 3.0479206543532204e-05 2.1982190608978276 2.0039234186697289e-05 5.4916297813178978e-05 -9.2685222625732405e-06 0.00055748224258422862 -0.6035533845424651 8.3267688751220717e-05 5.4895877838134772e-05 -0.00096729249344207336 5659954.7500000009 -0.24181030690670011 1.9661030819406736e-05 4.3969844227831354e-06 2122547.3750000005 0.00038045644760131841 2.299096468050266e-05 0.1232365444302559 2.33084747378598e-05 0.20248962938785556 0.00064864201704040181 -0.16755303740501401 0.00095780359697528194 0.00081771612167358409 0.23890032619237903 2.1766310965176675e-05 2.1491980078280907e-05 -0.12940952181816107 -1.1762747362809021e-06 -0.00074358496931381513 3.2636433388688608e-05 9.9718570709228529e-05 7.790327072143556e-05 4.757995520776604e-05 6089844.0000000009 0.61254104971885692 0.00042890882468782371 7161967.0000000009 -0.18497934937477109 1.6182134459086232e-05 -0.6035533845424651 0.048466861248016364 0.31666667759418493 3.5000000000000004 0.81644985079765331 0.66663110256195079 2.0684615265054166e-05 2.0037880858581051e-05 3.0585165023803715 0.48464150726795202 2.2470993826573252e-05 0.015676108188927177 2.3054115445120264e-05 1.6810531633382201e-05 0.00065094232559204112 1.6182134459086232e-05 -2.2987216652836647e-05 5044225.0000000009 1.703778070805129e-05 0.60355338454246532 0.00035923719406127935 0.72507917881011974 0.98296290636062633 -0.31165106594562525 1.0000000180025095e-35 2.6662158966064458 0.0004206843586871401 1.8388976968708452e-05 2.4434539079666142 0.40478126704692846 2.0267850231903143e-05 1.8939380424853883e-05 -0.089714869856834398 1.9292527213110592e-05 1.8319929040444553e-05 2.1083732843399052 1.819458884710912e-05 1.9678994249261453e-05 1.9434961359365847e-05 1.9183258700650189e-05 2695050.2500000005 2.4931235202529937e-05 -1.0543021559715269 -0.00083934358553960909 0.60355338454246532 2561393.0000000005 0.053729182109236724 5464353.0000000009 2.33084747378598e-05 0.00013393163681030276 1.5000000000000002 -0.098398540169000612 -0.00030842423439025873 1.2814998626708986e-05 0.24322082102298739 0.00051865144632756721 0.67712643742561351 1.3085469163343079e-05 0.078616466373205199 1.6013828826544344e-05 -0.010485149919986723 1.3132543699612144e-05 -0.00017675757408142087 -0.00030794739723205561 3899906.3750000005 1.9219179193896711e-05 0.45173583924770361 2.9687376809306446e-05 1.8948933757201306e-05 2714566.2500000005 0.18262807279825213 -0.47048357129096979 -0.00010940432548522948 5578328.5000000009 -0.00041767954826354975 -0.15160001069307324 -0.00050804018974304188 0.35504828393459326 2.5000000000000004 -0.6035533845424651 3.9701988498563885e-05 0.25760427117347723 1.5000000000000002 2.2164276742842052e-05 -1.3162902593612669 2.5765737518668178e-05 -0.00023713707923889157 1.0000000180025095e-35 1.5914545656414706e-05 0.55821704864501964 7.1403908805223195e-05 -0.10974162444472312 1.8107577488990504e-05 2.4627277851104741 -0.00030320200312416995 5.6163471526815564e-06 1.8388976968708452e-05 0.166312150657177 0.00010438452954986134 1.0000000180025095e-35 2.0079365640413019e-05 4561705.2500000009 -0.77005720138549794 2.8202349540151776e-06 -2.2987216652836647e-05 2.373367169639096e-05 0.00031775236129760748 1.0000000180025095e-35 1.7774448679119818e-05 1.0000000180025095e-35 1.8120669665222525e-05 -0.0005295574665069579 0.23931859433650973 1.9014922145288441e-05 4.9870388465933508e-05 -8.758902549743651e-05 2.1425158593046948e-05 -1.3262033462524412e-05 1.7863217181002259e-05 0.37298285961151129 2.1597015802399259e-05 1.5440608876815535e-05 1.8310347513761375e-05 -0.52340406179428089 2.1224784177320547e-05 2.4556767129979565e-05 2.1425158593046948e-05 2.5962506697396751e-05 1.0000000180025095e-35 0.00073224306106567394 2.6414741114422217e-05 2.286758535774425e-05 3.5000000000000004 0.70376563072204601 0.00092810392379760753 0.0009122870396822692 3.3002620935440068 0.00067800283432006847 3.5000000000000004 0.7124890685081483 -2.9259973644002453e-06 3.9080563510651707e-05 -0.0011291999253444371 1.9992477973573845e-05 -3.3706686508594426e-06 0.5778748393058778 0.41921941936016088 5000692.0000000009 5.0246715545654304e-05 0.1832142919301987 1.9523231458151716e-05 2.3200207579066049e-05 1.0546177236392397e-05 -0.13975611329078672 -0.73269110918045033 6769363.0000000009 0.00030976533889770513 -0.00029686093330383295 -0.6035533845424651 -0.0005905723082832991 2.2890620130056053e-05 0.22965975850820544 0.72622087597846996 1.7813205886341169e-05 0.0011742115020751955 2.1102578102727424e-05 1.4942536836315414e-05 1.6160555787791967e-05 0.00026530027389526373 0.98296290636062633 0.25949552655220037 0.72622087597846996 5170196.7500000009 1.3252224562165795e-05 0.55319058895111095 -0.00017119550466304642 -0.00075579018448479463 4.8905010771704844e-05 0.83233958482742321 0.00079876184463500987 -2.0108615217395705e-06 0.71721363067626964 4123322.8750000005 -4.3809413909912101e-06 5480467.2500000009 -0.00014267388178268445 1.8107577488990504e-05 8.4042549133300798e-06 0.19521317631006244 4316317.7500000009 0.72622087597846996 1.9470955521683212e-05 0.0004212260246276856 1.775603868736653e-05 1.0000000180025095e-35 0.00052052736282348644 1.428572795703076e-05 1.6182134459086232e-05 -0.00066065436112694431 2.5170089429593648e-05 0.055506384000182159 3.908278346061707 1.3794340702588672e-05 2.0351312741695441e-05 -0.00074358496931381513 -0.0005295574665069579 6250656.5000000009 5.0723552703857429e-05 1.5000000000000002 2.7908236916118771e-05 2.2728634576196786e-05 0.00022842093312647196 0.00051865144632756721 0.00034506693191360688 -0.54721269011497486 2.1058015590824656e-05 -2.9841419291187772e-06 0.96607351303100597 2.1758370166935496e-05 2.5000000000000004 -0.29881028831005091 1.773692474671407e-05 1.6926748685364149e-05 2.1474470486282374e-05 -0.00015601515769958493 1.9337468074809298e-05 2.6740843057632451 2.9249817132949834 -0.6035533845424651 0.28278638422489172 -0.7865660786628722 2.8885667234135329e-05 -1.8864870071411129e-05 1.3951819255453303e-05 5044225.0000000009 -0.00027575569401960815 1.8464947061147544e-05 2714566.2500000005 2.079813202726655e-05 2.051446881523589e-05 1.9879116734955463e-05 0.40916204452514654 0.91597560048103344 -0.00031402707099914545 5.7756900787353522e-05 2.6209874153137211 -0.00058112750411964942 -0.00034794211387634272 2.0156592654529962e-05
decision_type=2 2 2 2 8 2 2 10 10 2 2 2 10 2 2 2 10 2 2 2 2 2 2 2 2 2 2 2 2 2 2 2 2 2 2 2 2 2 2 2 2 2 2 2 2 2 2 2 2 2 2 2 2 2 10 2 2 2 2 2 2 10 2 10 2 2 2 2 2 2 10 2 2 2 10 2 2 2 2 2 2 10 2 2 10 2 2 2 2 2 10 2 2 10 2 2 2 2 2 2 10 2 10 2 2 2 2 10 2 2 2 10 2 10 2 2 2 2 2 2 2 2 2 2 2 2 10 10 2 10 2 2 10 2 10 2 2 2 2 2 2 10 2 10 10 2 2 2 10 2 2 10 2 2 2 2 2 2 2 10 2 2 2 2 2 2 2 2 10 10 2 2 2 2 2 2 10 10 10 2 2 2 10 10 10 2 2 2 2 2 2 2 2 2 2 2 2 2 2 10 2 2 10 2 2 2 2 2 2 2 2 2 2 2 10 2 2 10 2 10 2 10 2 2 2 2 2 2 2 2 2 2 2 2 10 2 2 2 2 2 2 2 2 2 2 2 2 10 10 2 2 2 2 2 2 2 2 10 2 2 2 10 2 2 2 2 2 10 10 10 2 10 10 2 8 10 2 10 2 2 2 2 2 2 2 2 2 2 2 2 2 2 10 10 2 10 10 2 2 2 10 10 2 2 2 2 2 2 2 2 2 2 2 2 2 2 2 2 2 2 10 10 2 10 2 2 2 10 10 2 2 2 2 2 2 2 2 2 2 10 2 2 2 2 2 2 2 10 2 2 2 10 2 2 10 2 2 2 2 8 2 2 2 2 2 2 2 10 2 2 10 2 2 2 10 10 2 2 2 2 2 2 10 10 2 2 10 2 2 2 2 2 2 10 2 2 2 2 2 2 2 10 2 2 2 10 2 10 10 2 2 2 2 2 2 2 2 2 2 2 2 2 2 2 10 10 2 2 10 2 2 2 2 10 2 2 10 2 2 2 2 2 2 10 2 2 2 2 10 2 10 2 10 10 2 2 2 2 10 10 2 10 2 2 2 10 2 2 2 2 2 2 2 2 2 2 2 2 2 2 2 2 2 10 10 2 2 2 2 2 2 2 2 2 2 2 2 2 2 2 2 10 2 2 2 2 2 2 2 2 10
left_child=1 7 3 12 5 195 57 191 14 23 132 -8 13 21 15 17 41 22 77 120 37 42 25 46 -25 442 27 52 36 30 32 -32 34 411 49 -33 200 38 39 -5 -41 -16 55 44 -40 273 47 -9 87 71 51 113 89 54 66 454 -57 126 70 115 -23 62 444 238 -65 67 -54 -63 116 84 133 72 73 75 -75 -30 210 82 80 -80 81 427 -19 -84 119 111 106 410 -89 90 221 92 366 99 293 96 -96 291 152 201 103 102 105 -72 461 -102 107 108 109 -18 125 -86 -22 -38 -115 368 347 -29 352 -70 121 -20 349 -124 -116 -109 430 244 -121 235 -131 441 -10 134 311 151 138 140 141 510 149 142 143 -135 -144 -141 -139 -146 346 204 233 364 169 154 156 168 -154 285 -158 -155 161 164 -162 166 176 -166 188 243 -156 177 171 209 173 -173 -175 179 -161 178 -97 -176 -180 354 183 -13 -184 -142 -150 202 -163 257 -191 192 -1 -43 -165 196 197 -3 -197 -76 -28 -92 -47 237 205 250 207 228 -110 -171 -50 212 216 217 215 -213 -147 -214 292 -219 402 222 -7 -35 348 226 -31 -228 -202 -230 -231 232 -105 -151 -100 -129 -120 -204 507 240 241 425 439 -168 245 -128 247 248 249 -24 -138 -252 -153 -254 -36 -169 -257 495 259 260 -259 -201 263 -90 -264 413 -77 269 -269 -99 271 -271 -215 -14 443 276 277 278 -44 282 284 -278 479 -17 -281 -157 287 -249 -286 -46 426 -98 -217 296 295 -295 369 -296 -208 301 -301 -300 -302 307 305 478 -307 308 -193 447 -134 312 313 315 323 326 317 318 350 -318 -321 325 -313 -315 -325 -322 -48 328 329 330 335 -330 333 338 -333 445 460 345 339 340 -329 -340 -343 417 -338 -334 -145 -69 -225 -81 -314 -37 431 -354 355 401 358 -358 361 -360 -357 -356 509 -185 -136 -366 -91 -312 -15 370 371 -93 -371 377 382 379 378 386 -377 383 -381 389 -375 -376 -385 -386 476 -387 -388 -380 -389 392 394 -394 395 -205 397 490 -49 -159 -83 -160 -11 404 405 -172 -406 408 -316 -409 -21 412 -34 -233 -250 416 -143 418 420 -419 421 -339 480 -73 -425 -152 -291 -79 -352 -430 -4 -53 433 434 -287 -436 437 438 -118 -243 -127 -132 -6 -216 -12 -149 -94 -309 449 450 -68 -390 453 -359 455 -2 -456 459 -459 -458 -337 -103 463 -306 -464 -466 468 -468 -467 474 471 -471 -473 -472 -66 -209 477 -207 -305 -280 481 -423 483 -187 486 -485 -484 489 -488 -486 491 -106 -493 -39 -133 -170 -497 -498 -460 500 502 -502 503 504 -235 506 -501 -64 -509 -56 -140
right_child=2 4 6 20 8 26 11 9 10 220 61 182 45 59 16 283 86 18 19 48 112 60 246 24 -26 -27 28 117 29 225 31 35 33 223 254 351 50 493 43 40 -42 193 275 -45 289 187 58 398 76 -51 -52 118 53 -55 362 56 -58 -59 -60 -61 -62 65 63 64 469 -67 448 68 69 -71 100 423 -74 74 199 266 -78 78 79 122 -82 400 83 -85 85 -87 -88 88 262 91 93 94 446 -95 95 98 97 267 234 -101 101 104 -104 231 396 -107 -108 110 208 -111 -112 -113 -114 114 124 -117 436 -119 236 128 -122 -123 123 -125 -126 440 127 129 -130 130 131 494 310 136 135 -137 137 146 139 145 185 415 144 148 147 211 -148 327 186 150 239 252 153 159 155 157 158 399 181 160 162 163 -164 194 165 -167 167 255 189 170 403 172 -174 174 175 -177 -178 -179 180 -181 -182 -183 184 363 -186 482 -188 -189 -190 190 -192 303 -194 -195 -196 198 -198 -199 -200 261 206 -203 203 391 -206 373 298 475 -210 -211 -212 214 213 272 274 218 -218 219 -220 -221 -222 -223 -224 224 -226 -227 227 -229 229 230 -232 265 -234 499 -236 -237 -238 -239 -240 -241 -242 242 -244 -245 -246 -247 -248 286 414 -251 251 -253 253 -255 -256 256 -258 258 -260 -261 -262 -263 264 -265 -266 -267 -268 268 -270 270 -272 -273 -274 -275 -276 -277 281 -279 279 280 -282 -283 -284 -285 288 432 -288 -289 -290 290 -292 -293 -294 294 297 -297 -298 -299 299 300 302 -303 -304 304 462 306 -308 309 -310 -311 367 322 316 314 407 -317 319 -319 -320 320 321 -323 -324 324 -326 -327 -328 332 331 -331 -332 334 337 -335 -336 336 344 343 341 -341 -342 342 -344 -345 -346 -347 -348 -349 -350 -351 428 -353 353 -355 356 360 357 452 359 -361 -362 -363 -364 -365 365 -367 -368 -369 -370 372 -372 -373 -374 374 375 376 -378 -379 381 380 -382 -383 -384 384 385 387 388 390 451 -391 -392 -393 393 -395 -396 -397 -398 -399 -400 -401 -402 -403 -404 -405 406 -407 -408 409 -410 -411 -412 -413 -414 -415 -416 -417 -418 419 -420 -421 -422 422 -424 424 -426 -427 -428 -429 429 -431 -432 -433 -434 -435 435 -437 -438 -439 -440 -441 -442 -443 -444 -445 -446 -447 -448 -449 -450 -451 -452 -453 -454 -455 456 -457 457 458 498 -461 -462 -463 464 -465 465 466 467 -469 -470 470 473 472 -474 -475 -476 -477 -478 -479 -480 -481 -482 -483 484 485 487 -487 488 -489 -490 -491 -492 492 -494 -495 -496 496 497 -499 -500 505 501 -503 -504 -505 -506 -507 -508 508 -510 -511 -512
leaf_value=0.0056503546637684541 0.005513735282289981 0.0088822195826635201 0.0041779986168125477 0.014144522135743971 0.0014685982020220074 -0.00019281630586833864 0.012177072361373685 0.0095089987567682187 -0.0022364138533408576 0.012394837685140155 0.0059721967090821011 0.00087582102870800357 0.0062506195297882365 -0.00088761294768102163 0.012838560065435803 0.012101710278016722 -7.4195729693813176e-05 0.0088016257206844414 0.0056287970615470535 0.012726280910644101 0.0038208204322160199 0.0053619456711183405 0.013703211368121599 0.010838504848964599 0.0044401667433268703 -0.002841885159619151 0.0081554475198102588 0.0075760205761053329 0.0043493578896167482 3.6147435803216693e-05 0.013467310663384441 0.010696895477931281 0.010261780754709713 0.0056340799584921712 0.010086495975521161 5.0440581965446006e-05 0.0059154253694775737 -0.0033304092291124481 0.0062525839178783861 0.0025229468752271081 0.010026481247707353 -0.00029621330766553371 0.0090486521669941086 0.0088163526944523285 -0.0026310175795628251 0.0061113658296502891 0.0066283097495535596 0.0015476078161897923 0.0050465233909053444 0.0038549936507591247 -0.00025000992581122698 0.0043749285599118861 0.012306429372291511 0.0028628245296930693 -0.0011016078115020011 0.0090237633977052322 -0.0002664727267223015 -0.0021291987922697009 0.0085466525656816145 -0.0022715236015765855 0.0032909312092523394 0.0031630070638494659 0.0047246595816125333 0.011005194384049342 0.0054748431872301698 0.0083178416940280601 0.004820452105121849 0.0069925584738389224 0.011011650699973789 0.0081019877338551483 -0.00286643493753973 0.00062128999267644595 0.001877610471346834 0.012866660186502251 0.010279235331135762 0.0087320820815211531 0.0062639564861948216 0.00333875135736827 0.013082265366711639 0.0052777620608633986 0.010730718870214543 0.010982957142323663 -0.0012734415570552155 0.0060599403944311143 0.0050447980580111051 0.0048153705162551162 0.0061227978508801512 0.010404298346200618 -0.003063781344966268 0.0092728225052828017 0.0095116817664105159 -0.00049687200977916162 -0.0029952311626466393 0.0046213758635979367 0.0089605027749423503 0.005723447428733046 0.0046251570544987887 0.0062376995161929098 0.0045009412091946517 0.0021335974297981117 0.002701178729257043 0.0060171806569929544 0.012983990288377302 0.0096226584859847447 0.00066407896980004173 0.0095277697071783716 0.005623519052928916 0.0080617155781228713 0.0038912491829297697 0.0087519796100452799 -0.0015934667838678543 0.01136826370852905 0.0096503500442936541 -0.0018837298661979378 0.0071816678860096468 0.008389188242519283 0.0056907097026999056 0.0035862236138149714 0.0080906046584679325 0.004114487827307247 0.0061059403053402104 0.00032338578076759276 0.0078328393463355708 0.00055274523319992844 0.0028274484698799928 0.0013602515772277342 0.0048844501229026961 0.0088915515832686861 0.0065080435791193686 0.0081061585653872375 -0.0021583430203207903 0.0083573321046260026 0.0054245985264305347 -0.0016371124252197904 0.00093308537526571277 -0.001875616547479567 0.0074769699318065581 0.00056460339437470423 0.0072723063648947447 0.0092374169188403788 0.0029075964766833284 0.003676537546737085 0.012550534200946225 0.0050180795880901234 0.0076331932622888026 0.0058125733392207189 0.0075254289139785125 0.0075052766674472016 0.0023834569425565041 0.00099288242878797697 0.0044162230906150159 -0.0020004900354259831 0.0089405966359656329 0.0058058498440670481 0.0034490219536704551 0.0092951793724648808 0.0070413113672564065 0.0054206702023269389 0.0043294313246460756 0.0010875186257149868 0.0004775605011675798 0.0043656079186398591 0.0073715306212644074 0.0060766278491464105 0.0051200673528404329 -0.0028507591869400143 -0.0011989212961336995 0.0053749814138055879 0.0053156227154759709 0.0092869818686193949 0.003599463574437232 0.013385706189949255 0.00533303580473579 0.0045620371726935866 0.0089712949274882471 0.011104362595890463 0.0092646062532526115 0.0020092187652603643 0.0035351561650798745 0.0019409677050515411 0.0095655295396411787 0.00775041348977718 -0.00058122793128454614 0.0042128750635261579 0.0069444579427923418 0.013755406467313425 0.0096758816470765424 0.0040347216252943977 -0.0015700950884784386 0.0062841117403614477 0.0098203645302403497 0.0026942906934210352 0.011893838720900034 0.0074411675533454392 0.010479797561939761 0.0026807228134349752 0.0091256671199868508 -0.0019857791101070034 0.0098198013585571349 0.0029296525341226021 0.0080938668810722758 0.0033451376852843351 0.005049150894052651 0.0065138691590606096 0.0096743739253466847 0.0075071642835490672 0.00096652546109837149 0.0070001276323461703 0.012351536230224221 0.0024891927466061991 5.0267590099940807e-05 0.005400886688541562 0.0012813233417660174 0.012788227353599293 0.013556056389918754 0.0036412972080371192 -0.00010861308762310541 0.010867985514278561 0.0063236234237355211 0.004167160240129416 0.0041760305622735808 0.0064592852152140223 0.0059402242128071313 0.0037907163070065837 0.0065063013262664721 0.0082430702000287313 0.0024500512655077564 0.0086593730863259583 0.0028098138624561117 0.010643784028872949 0.0038882580087351093 -0.0011253589264352661 0.0014845917478038513 0.010610804142149034 0.0076835899441757673 0.0017255974013360991 0.0020986865707403623 -0.0042288850773698735 0.013524171964164118 0.0030708316673916892 -0.00047654638646640879 0.0044340413690047778 0.0095462537632264068 0.0059442466043189736 0.0011951938171896603 0.012113054041899624 0.013258670155338954 0.00073333542532191213 0.0051158889083740972 0.0042199194259516818 0.0043877711590724466 -0.002976097023413977 0.0090026097132387892 0.00076274960784606348 0.005571290072787536 0.01341416651770343 0.0057716918719535291 0.00051314857444498003 0.0083967252794058585 0.0096175836086333649 0.0052392514627087015 0.008398134348256165 0.0071117459986069515 0.0080455683186095757 0.0021162885381173602 0.0067340716350641119 0.0040464504831515874 0.0045196295690434901 0.0097555428506749808 0.0013882110036868177 0.009503880704960329 0.0069083553423814597 0.006498743401272415 0.010090814159076695 0.0042305616292700812 0.005361539574728195 0.0053080632687237455 0.0017049366853370438 0.0054299440524751786 0.0012249030722587019 0.010658657487166916 -0.0021731010858023958 0.0019100474127234849 0.0048482602100642794 0.0087657091860177411 0.0044158980426209655 0.012771834394064121 0.011996561160789936 0.0018095687755596097 0.0027311249130814522 0.00052500414264652993 0.001638945188949532 -0.0019255306216119962 0.0097055744916580179 0.0047549392464315277 0.0011500907602119085 0.0015405699643902832 0.0083659372509466284 0.0084848129966280453 -0.0015433831695723203 0.010457305794838485 0.00022071633562781214 0.0035495571976966256 0.0031014115179060693 0.0086206758879610254 0.0067790863097775354 0.0013432025234839636 0.0075428065984017283 0.0071564812312775519 0.0053308485991463549 -0.0028930719602028648 0.0072950729899065253 0.0060583504867599289 0.0039295521165185563 0.0055948384726247262 0.0052247547783020164 0.0075616558164032233 0.00065809298580566701 0.0094975195600397154 0.0071725839746890861 -0.0030179387712952936 0.0060736598218880528 0.0031241559159387458 0.011720972602632954 0.0054330840480261954 0.0026004376700046131 0.012157645303758981 0.0048570411744016618 0.0060982213266958137 0.0083319351766035464 0.0013718606398717449 -0.0026244504665760499 0.0051126662929057657 0.0014209834864487778 0.0047432939365746407 0.0042191938322676649 0.0028572615381317053 0.00025454365294560587 0.0043794960862966106 0.010404298346200618 -0.00060855209484614141 0.0098693539133044503 0.0033174302731333333 0.0023309573347757443 0.009271328590908812 -0.001226776990594829 0.011222583840705342 0.0014947618887060409 -0.0034519584095357688 0.012874222242863557 0.008133450691308719 0.0073922903086100873 0.012759026644709601 0.0064660490200378652 -0.0019358776768402192 0.0082570767559116531 0.0011866530268547365 0.0042381915722669991 0.012064472402401504 0.0053704961535805222 0.0024955552425527387 0.005972069860483405 0.0071875174911238248 0.010726257553251094 0.0083667975368382878 0.0018885763051960307 0.0030581228305714262 0.0048516922786366514 0.0041574373570468642 0.0066632130375006661 0.0078824441675498427 0.0038450492100428682 0.0027424975985507233 0.0049158198473010541 0.0036485882174652272 0.0036584244649765321 0.0097672301129060508 0.011913421289880773 0.0096411358408886524 0.0023931914183043233 0.0081821818705760264 0.012109375545266032 0.0090477145333070913 0.011109838520415131 0.0042138652248437901 0.0050029997784826093 0.00030945455974595252 0.013116591378580903 0.0023990698049291075 0.0039092167280146721 0.005513735282289981 0.0039641858346587816 0.011174369676780229 0.0043490212540121974 0.0096258256519685254 0.0008221567702814481 -0.00030738369257009724 0.0093336640729429262 0.0069876742423236387 0.0026102196590569757 0.0032581202407846017 0.008819003265637693 0.0057267269604095814 0.0086486141889225293 -0.00078626979141589119 0.015314644756090619 0.0053394562163478132 0.0046248186336924121 0.0021488133689845424 0.0086297133429303358 0.0052714954721074566 0.01138448224458116 0.0014658028087575891 0.0043280345971489229 -0.0028972700954791293 0.0034546816422188656 0.011421519905881587 -0.00079292733319490192 0.0013231689718487668 0.006299871511478399 0.0088806770950670116 0.0084657223557861351 0.0017857944480458229 0.0029818162728104283 0.0096768907034453597 0.0089423814534930497 0.0095696506931506435 -0.0036666357348476121 0.00047497098725520978 0.0051035067562111456 -0.004806578224433272 0.0089506374470690146 0.00697807043375453 0.0013152539383973457 0.0023812234263696067 0.0079565261152817236 -0.0006593487541633929 0.0074959011198035457 -0.0012915982197504276 -0.00023096252392076216 0.0059576953172586645 0.0051652232198146969 0.0077123231694381849 0.005513735282289981 -0.0011200877063834557 0.0037832895482752173 0.0048049138257227975 0.0023745067873989899 0.010776358053417704 0.0058243033446614819 0.0099072859617415979 0.0090768484866850657 0.0017312372443880637 0.0090390920081503245 0.0051475060785729897 0.0017939030891378008 0.013517477975307626 -0.0018352014084014115 0.0079058866279033656 0.0070882043362956639 -0.003571200078014195 0.013048891629129906 0.003928477338759423 0.0034228385082250568 0.0081824741537288147 0.0081289881441898252 -0.0018574752627747064 0.0068984308224458299 0.0036135482983502007 0.012312876761206147 0.0072927036168510106 0.0027257535256209656 0.0098978121395624542 0.0030098277509450809 0.00064901428368246972 0.013470254247673605 0.0094602706203655192 0.0037213467615123882 0.0077267411006158816 0.0088855325305797206 0.011779980475187888 0.0036957105644875939 0.0071583132345224296 0.005513735282289981 0.0089336406215428342 0.010703732385819198 0.0041691003107577028 0.006879711548439432 -0.0036139102442426648 0.014923953222117554 0.0035174520010984416 0.005017847944510382 0.010153620093780898 0.00255834934476865 0.0028269810212419449 0.0070168532487928934 0.0053788429337738638 0.010573202617597515 0.0025179954690417992 0.0074635213070953672 0.012107778398973746 0.0046681797910161863 -0.0012856469892523863 -0.00031297549526547452 0.0023274343400501965 0.0085018161790190189 -0.00010877491004018282 0.013060923716018479 0.005513735282289981 0.0049012071586348425 0.010693174675937911
leaf_weight=246.49811935424805 1443.9889831542969 102.99921417236328 76.749414443969727 89.499317169189453 89.999313354492188 542.4958610534668 194.49851608276367 120.99907684326172 144.24889945983887 342.74738502502441 79.499393463134766 84.499355316162109 543.2458553314209 212.24838066101074 121.74907112121582 215.74835395812988 186.74857521057129 93.999282836914062 221.49831008911133 120.49908065795898 263.24799156188965 1675.7372150421143 98.999244689941406 598.24543571472168 381.49708938598633 89.499317169189453 436.49666976928711 287.49780654907227 862.4934196472168 495.2462215423584 338.49741744995117 168.24871635437012 75.999420166015625 128.7490177154541 561.4957160949707 121.24907493591309 463.9964599609375 224.49828720092773 195.49850845336914 602.99539947509766 150.99884796142578 76.249418258666992 250.49808883666992 93.499286651611328 257.99803161621094 6745.1985378265381 164.74874305725098 666.24491691589355 219.99832153320312 1120.4914512634277 297.74772834777832 809.49382400512695 243.74814033508301 333.99745178222656 84.249357223510742 883.49325942993164 76.749414443969727 159.74878120422363 702.4946403503418 235.99819946289062 3644.7221927642822 1070.7418308258057 141.99891662597656 258.74802589416504 971.24258995056152 510.24610710144043 228.99825286865234 417.4968147277832 92.749292373657227 876.99330902099609 111.9991455078125 186.49857711791992 163.99874877929688 273.74791145324707 266.49796676635742 740.99434661865234 260.74801063537598 175.2486629486084 221.49831008911133 84.499355316162109 103.49921035766602 86.999336242675781 218.24833488464355 131.49899673461914 146.49888229370117 382.4970817565918 342.99738311767578 120.74907875061035 176.99864959716797 113.99913024902344 566.24567985534668 262.74799537658691 171.49869155883789 2003.2347164154053 367.2471981048584 2891.4779396057129 1430.489086151123 5686.7066135406494 2933.9776153564453 111.9991455078125 177.24864768981934 160.99877166748047 171.49869155883789 193.99851989746094 179.99862670898438 169.49870681762695 350.4973258972168 93.749284744262695 74.999427795410156 77.499408721923828 444.24661064147949 343.99737548828125 215.24835777282715 303.9976806640625 235.99819946289062 111.74914741516113 113.99913024902344 2291.9825134277344 101.99922180175781 2787.7287311553955 190.24854850769043 1164.7411136627197 169.99870300292969 164.24874687194824 1849.4858894348145 1718.2368907928467 1362.7396030426025 200.24847221374512 952.99272918701172 131.49899673461914 269.99794006347656 75.249425888061523 388.74703407287598 101.74922370910645 103.49921035766602 257.99803161621094 176.24865531921387 332.24746513366699 1962.7350254058838 300.49770736694336 142.24891471862793 85.999343872070312 84.499355316162109 90.999305725097656 493.24623680114746 336.24743461608887 108.74917030334473 657.24498558044434 164.99874114990234 84.999351501464844 189.99855041503906 159.49878311157227 452.74654579162598 8089.6882801055908 282.99784088134766 425.99674987792969 1465.4888191223145 3378.4742240905762 2427.7314777374268 100.99922943115234 761.74418830871582 500.49618148803711 202.74845314025879 426.74674415588379 168.74871253967285 251.24808311462402 99.999237060546875 205.99842834472656 321.99754333496094 101.74922370910645 108.49917221069336 417.24681663513184 409.24687767028809 212.99837493896484 195.24851036071777 651.49502944946289 139.24893760681152 236.24819755554199 124.99904632568359 123.24905967712402 588.99550628662109 442.99662017822266 178.49863815307617 91.499301910400391 105.24919700622559 371.24716758728027 104.74920082092285 1580.4879417419434 133.49898147583008 477.99635314941406 1215.99072265625 576.49560165405273 335.2474422454834 174.74866676330566 386.49705123901367 83.999359130859375 252.99806976318359 145.74888801574707 1007.4923133850098 222.74830055236816 316.24758720397949 102.49921798706055 74.999427795410156 198.99848175048828 392.99700164794922 1125.2414150238037 306.99765777587891 340.74740028381348 102.74921607971191 211.99838256835938 534.49592208862305 653.99501037597656 131.74899482727051 263.24799156188965 104.24920463562012 196.74849891662598 171.99868774414062 156.74880409240723 119.99908447265625 149.49885940551758 80.499385833740234 130.99900054931641 117.24910545349121 102.24921989440918 76.499416351318359 82.749368667602539 378.49711227416992 116.24911308288574 842.24357414245605 215.49835586547852 138.49894332885742 234.99820709228516 99.249242782592773 159.74878120422363 380.49709701538086 81.499378204345703 534.74592018127441 95.499271392822266 195.24851036071777 886.24323844909668 81.74937629699707 637.7451343536377 197.99848937988281 146.99887847900391 173.24867820739746 161.99876403808594 104.49920272827148 74.999427795410156 93.499286651611328 132.49898910522461 324.49752426147461 92.499294281005859 95.999267578125 147.99887084960938 255.998046875 179.99862670898438 127.2490291595459 274.99790191650391 1105.2415676116943 188.24856376647949 1251.4904518127441 201.49846267700195 606.74537086486816 129.24901390075684 322.2475414276123 133.74897956848145 177.4986457824707 4036.4692039489746 205.99842834472656 475.99636840820312 92.749292373657227 166.99872589111328 144.49889755249023 411.99685668945312 129.74901008605957 3626.2223339080811 138.74894142150879 536.49590682983398 639.49512100219727 728.49444198608398 79.249395370483398 213.74836921691895 168.49871444702148 76.499416351318359 128.49901962280273 885.24324607849121 198.24848747253418 74.999427795410156 108.49917221069336 164.74874305725098 711.49457168579102 507.24612998962402 312.99761199951172 89.74931526184082 369.24718284606934 339.49740982055664 481.24632835388184 742.24433708190918 375.24713706970215 185.49858474731445 91.249303817749023 106.74918556213379 167.99871826171875 136.49895858764648 2522.9807510375977 257.24803733825684 334.4974479675293 2475.4811134338379 295.74774360656738 1693.4870796203613 101.99922180175781 239.2481746673584 3933.4699897766113 96.999259948730469 1529.4883308410645 253.24806785583496 194.49851608276367 185.99858093261719 419.74679756164551 108.99916839599609 202.24845695495605 136.24896049499512 801.99388122558594 348.24734306335449 132.74898719787598 306.74765968322754 426.49674606323242 493.49623489379883 130.2490062713623 401.4969367980957 566.99567413330078 400.49694442749023 309.24764060974121 908.49306869506836 125.24904441833496 83.999359130859375 129.4990119934082 78.749399185180664 534.99591827392578 120.74907875061035 276.49789047241211 474.49637985229492 103.24921226501465 155.49881362915039 176.99864959716797 99.499240875244141 462.4964714050293 120.99907684326172 263.24799156188965 114.99912261962891 114.99912261962891 83.999359130859375 118.49909591674805 363.24722862243652 79.249395370483398 691.49472427368164 887.99322509765625 249.49809646606445 126.24903678894043 307.99765014648438 117.99909973144531 98.999244689941406 446.24659538269043 226.99826812744141 365.49721145629883 126.74903297424316 191.99853515625 109.99916076660156 324.99752044677734 1022.7421970367432 244.49813461303711 784.99401092529297 240.99816131591797 2511.2308406829834 114.74912452697754 898.74314308166504 262.24799919128418 226.49827194213867 128.49901962280273 242.2481517791748 356.74727821350098 119.99908447265625 254.74805641174316 743.74432563781738 248.24810600280762 120.24908256530762 123.49905776977539 216.49834823608398 87.499332427978516 301.99769592285156 76.499416351318359 1069.9918365478516 248.74810218811035 154.74881935119629 94.24928092956543 220.24831962585449 110.74915504455566 211.24838829040527 108.24917411804199 430.74671363830566 81.74937629699707 143.9989013671875 95.999267578125 309.49763870239258 132.74898719787598 76.499416351318359 600.24542045593262 314.49760055541992 450.99655914306641 502.24616813659668 80.999382019042969 86.499340057373047 132.49898910522461 208.99840545654297 97.74925422668457 81.74937629699707 300.49770736694336 78.999397277832031 75.249425888061523 171.49869155883789 1016.2422466278076 311.24762535095215 99.499240875244141 215.74835395812988 122.49906539916992 496.99620819091797 79.9993896484375 106.99918365478516 275.74789619445801 342.99738311767578 88.999320983886719 154.99881744384766 3646.4721794128418 223.49829483032227 98.249250411987305 947.24277305603027 267.49795913696289 130.2490062713623 126.4990348815918 168.74871253967285 142.4989128112793 78.499401092529297 226.74827003479004 78.499401092529297 143.9989013671875 286.74781227111816 77.749406814575195 94.749277114868164 250.99808502197266 953.74272346496582 637.7451343536377 144.7488956451416 152.74883460998535 220.49831771850586 1149.7412281036377 406.74689674377441 253.7480640411377 100.49923324584961 409.49687576293945 219.99832153320312 161.4987678527832 82.249372482299805 296.24773979187012 116.99910736083984 1386.4894218444824 547.74582099914551 101.49922561645508 77.999404907226562 209.74839973449707 287.997802734375 334.99744415283203 149.74885749816895 87.249334335327148 342.99738311767578 136.74895668029785 74.999427795410156 651.24503135681152 218.24833488464355 826.99369049072266 347.99734497070312 131.24899864196777 180.74862098693848 139.49893569946289 610.74534034729004 511.2460994720459 239.49817276000977 141.99891662597656 979.99252319335938 88.999320983886719 99.499240875244141 1612.4876976013184 578.74558448791504 283.74783515930176 186.49857711791992 4450.2160472869873 968.99260711669922 154.24882316589355 829.7436695098877 103.74920845031738 102.74921607971191 107.24918174743652 136.74895668029785 94.749277114868164 85.499347686767578 80.249387741088867 1076.2417888641357 74.999427795410156 112.99913787841797 75.249425888061523 363.74722480773926 272.49792098999023
leaf_count=986 5776 412 307 358 360 2170 778 484 577 1371 318 338 2173 849 487 863 747 376 886 482 1053 6703 396 2393 1526 358 1746 1150 3450 1981 1354 673 304 515 2246 485 1856 898 782 2412 604 305 1002 374 1032 26981 659 2665 880 4482 1191 3238 975 1336 337 3534 307 639 2810 944 14579 4283 568 1035 3885 2041 916 1670 371 3508 448 746 656 1095 1066 2964 1043 701 886 338 414 348 873 526 586 1530 1372 483 708 456 2265 1051 686 8013 1469 11566 5722 22747 11736 448 709 644 686 776 720 678 1402 375 300 310 1777 1376 861 1216 944 447 456 9168 408 11151 761 4659 680 657 7398 6873 5451 801 3812 526 1080 301 1555 407 414 1032 705 1329 7851 1202 569 344 338 364 1973 1345 435 2629 660 340 760 638 1811 32359 1132 1704 5862 13514 9711 404 3047 2002 811 1707 675 1005 400 824 1288 407 434 1669 1637 852 781 2606 557 945 500 493 2356 1772 714 366 421 1485 419 6322 534 1912 4864 2306 1341 699 1546 336 1012 583 4030 891 1265 410 300 796 1572 4501 1228 1363 411 848 2138 2616 527 1053 417 787 688 627 480 598 322 524 469 409 306 331 1514 465 3369 862 554 940 397 639 1522 326 2139 382 781 3545 327 2551 792 588 693 648 418 300 374 530 1298 370 384 592 1024 720 509 1100 4421 753 5006 806 2427 517 1289 535 710 16146 824 1904 371 668 578 1648 519 14505 555 2146 2558 2914 317 855 674 306 514 3541 793 300 434 659 2846 2029 1252 359 1477 1358 1925 2969 1501 742 365 427 672 546 10092 1029 1338 9902 1183 6774 408 957 15734 388 6118 1013 778 744 1679 436 809 545 3208 1393 531 1227 1706 1974 521 1606 2268 1602 1237 3634 501 336 518 315 2140 483 1106 1898 413 622 708 398 1850 484 1053 460 460 336 474 1453 317 2766 3552 998 505 1232 472 396 1785 908 1462 507 768 440 1300 4091 978 3140 964 10045 459 3595 1049 906 514 969 1427 480 1019 2975 993 481 494 866 350 1208 306 4280 995 619 377 881 443 845 433 1723 327 576 384 1238 531 306 2401 1258 1804 2009 324 346 530 836 391 327 1202 316 301 686 4065 1245 398 863 490 1988 320 428 1103 1372 356 620 14586 894 393 3789 1070 521 506 675 570 314 907 314 576 1147 311 379 1004 3815 2551 579 611 882 4599 1627 1015 402 1638 880 646 329 1185 468 5546 2191 406 312 839 1152 1340 599 349 1372 547 300 2605 873 3308 1392 525 723 558 2443 2045 958 568 3920 356 398 6450 2315 1135 746 17801 3876 617 3319 415 411 429 547 379 342 321 4305 300 452 301 1455 1090
internal_value=0.00551709 0.00571303 0.00463321 0.0048826 0.00549018 0.00563513 0.00363821 0.00609944 0.00491787 0.00592363 0.0055102 0.00666371 0.00508109 0.00469523 0.0042753 0.00484848 0.0031925 0.00461483 0.00414773 0.0034309 0.00308349 0.00486143 0.0067385 0.00588364 0.00835545 0.00359607 0.00559055 0.00571165 0.00505038 0.00570679 0.00621486 0.009982 0.00576878 0.00310589 0.00620896 0.00652875 0.00445281 0.00248714 0.00314997 0.00539039 0.00412926 0.0076893 0.00527464 0.00192409 0.00141318 0.00569433 0.00583725 0.00340626 0.00446972 0.00573973 0.00377349 0.00404249 0.00577113 0.00696025 0.00740662 0.00608527 0.00815803 0.00326864 0.00587952 0.00154819 0.00393646 0.00572068 0.00673936 0.00716188 0.00648809 0.00531581 0.00820184 0.00511101 0.00542853 0.00582643 0.00584213 0.0063665 0.0068722 0.00720191 0.00912658 0.00611996 0.00268254 0.00583701 0.0068018 0.00851067 0.00448575 0.00284946 0.00309977 0.00141828 0.00539747 0.00745313 0.00270303 0.00564313 0.00497248 0.00570962 0.00462852 0.005769 0.00249656 0.00544473 0.00579811 0.00587245 0.00534167 0.00522934 0.0060175 0.00750183 0.00488517 0.00539238 0.00855403 0.00301701 0.00486176 0.00602057 0.00232774 0.00191618 0.00522289 0.00263044 0.00132259 0.00949605 0.00646383 0.00315515 0.00261197 0.00315829 0.00355017 0.00405105 0.00527843 0.00491652 0.00178247 0.00117491 0.00637256 0.00423376 0.00334084 0.0020608 0.003413 0.00354803 0.00473164 0.00301779 0.00280633 0.00264924 0.00227047 0.00593785 0.00545477 0.0025117 0.00611528 0.00648776 0.0056859 0.00651584 0.00659311 0.00526161 0.00510695 0.00734338 0.00487936 0.0056592 0.00233732 0.00479194 0.00862032 0.00632444 0.00553464 0.00378687 0.00610309 0.00596587 0.00626145 0.00658898 0.0055456 0.00604543 0.00533228 0.00534816 0.00438029 0.00522177 0.00195538 0.00615944 0.00213054 0.000142884 0.00492552 0.00660709 0.00735386 0.0067822 0.00761673 0.00844426 0.00901669 0.0099617 0.00862662 0.00954055 0.00567417 0.0059988 0.00628362 0.00614133 0.0084574 0.00490411 0.00498615 0.00697422 0.00218649 0.00777285 0.00537612 0.00548298 0.00290675 0.00752516 0.00885483 0.00687233 0.00937404 0.00490916 0.00826222 0.00817122 0.00581529 0.00250454 0.00921131 0.00745102 0.00545061 0.00850196 0.00574059 0.00459572 0.00668419 0.00655357 0.00505668 0.00592369 0.0088776 0.00484767 0.00143159 0.00527885 0.00647833 0.00816853 0.00424968 0.00331561 0.00370961 0.00559201 0.00125095 0.00765356 0.00993912 0.00185216 0.000907042 0.00108464 -0.000231697 0.00248086 0.00193491 0.00401343 0.00519178 0.0043783 0.00800167 0.00396712 0.0067231 0.00667749 0.00488313 0.00663873 0.00313822 -0.000729881 0.0102636 0.00467901 0.00551219 0.00585656 0.00462023 0.00284099 0.00522059 0.00571502 0.00822925 0.0073437 0.00488514 0.00852463 0.00395203 0.00239474 0.00139978 0.00409913 0.00873158 0.00848929 0.0105193 0.00706782 0.00630758 0.00495483 0.00432125 0.00551374 0.0043561 0.0015539 0.00536492 0.00254114 0.0077933 0.00549333 0.00479727 0.00595082 0.00379944 0.00285089 0.0107564 0.0079873 0.0079281 0.0046844 0.00396051 0.00440003 0.00502404 0.00452922 0.00300364 0.000548771 0.00591022 0.010218 0.00226335 0.0066362 0.0102546 0.00634744 0.00551374 0.000618459 0.00166456 0.00380163 3.35517e-05 0.0048216 0.00599431 0.00309042 0.00422091 0.00715645 0.00370074 0.00470454 0.00278209 0.00647674 0.00608923 0.00674264 0.00719689 0.00573545 0.00370313 0.00613182 0.00423259 0.00652919 0.00359971 0.00577992 0.00595003 0.00670069 0.00607891 0.00909206 0.00544195 0.00581588 0.00602667 0.00337972 0.00225044 0.00136402 0.00411687 0.00893873 0.0100117 9.20233e-05 0.0107365 0.00462484 0.00380952 0.00475467 0.00402849 0.000415813 0.00508555 0.00413222 -0.00099843 0.00508993 0.00296051 0.00610606 0.00539984 0.00390613 0.00276377 0.00658516 0.00863069 0.006632 0.00650333 0.0032804 0.0101859 0.00562172 -0.00167219 0.00983723 0.00569458 0.00304394 0.00622662 0.00828095 0.00466415 0.00527811 0.00370709 0.0028364 0.00583979 0.00747535 0.00734059 0.00216023 0.00535589 0.00882968 0.00551374 0.00658326 0.00551374 0.000635732 0.0019702 0.00476026 0.00367242 0.00264528 0.00586842 0.00672702 0.00635199 0.00709505 0.00581153 0.00766543 0.00506118 0.00810991 0.00578348 0.00730104 0.00532619 0.0089983 0.00946922 0.00748518 0.00719711 0.00946579 0.00419739 0.00568302 0.0112769 0.00512033 0.00645231 0.00857811 0.00476713 0.00349183 0.00450801 0.00474005 0.00235109 0.00508414 0.00729227 0.0046121 0.0110523 0.00601259 0.0050973 0.00882985 0.00406563 0.00547496 0.00479431 0.00707929 0.00988799 0.00698592 0.00489449 0.00123681 0.000517039 0.00848187 0.00964338 0.0069798 0.00741946 0.00383605 0.00772557 0.00619032 0.0069882 0.00365244 0.00551374 0.00766668 0.00517948 0.000185121 0.00380831 0.00291627 -0.00134574 0.00518547 0.00642517 0.0054936 0.00600511 0.00736486 0.00182181 0.00388751 0.00185436 0.00331836 0.00172394 -0.000671425 0.00574398 0.0105196 0.00131525 0.00634149 -0.000869756 0.00732179 0.00764896 0.0071544 0.00855544 0.00643424 0.00528139 0.00650167 0.00558302 0.00466538 0.00635177 0.00762665 0.00515264 0.0107571 -0.00127929 0.00886262 0.00762275 0.00836881 0.00684742 0.00723847 0.00579413 0.00180495 0.00683623 0.00593098 0.00699671 0.00935056 0.00551374 0.00514499 0.00478581 0.00852483 0.00774977 0.00686022 0.0070154 0.00667062 0.00793993 0.0066717 0.00801146 0.00922109 0.00721816 0.00707436 0.00307984 0.00821268 0.0006024 0.0102087 0.00434124 0.00561023 0.00675164 -0.000965804 0.00293545 0.00798633 0.00843434 0.00975256 0.00670775 0.00698375 0.0053506 0.00811431 0.0036553 0.00546179 0.00773209 0.00785352 0.00412409 0.00793143 0.0102899 0.00349513 0.00774045
internal_weight=226604 185517 41086.7 32894.7 117640 93851.8 8191.94 67876.5 23788.6 55343.8 12404.9 881.243 29658.5 18220.1 11383.7 7476.69 3906.97 7184.45 5902.7 4149.22 3236.23 17335.1 1281.74 54824.6 979.743 406.247 92258.5 75403.2 16855.4 8022.69 6949.95 711.995 6237.95 865.743 5372.21 373.497 8832.68 2757.73 2346.73 843.494 753.994 372.747 12014.7 1503.24 1409.74 11438.4 53844.8 895.493 2572.73 4554.72 5234.21 4936.46 72823.7 3543.47 3209.48 5048.21 960.243 7310.69 52949.3 884.993 5320.46 11659.9 3318.72 3095.23 2569.73 8341.19 2315.23 7830.94 6760.2 5583.46 52246.9 3434.22 2909.48 2745.48 964.493 1780.99 1015.24 1753.49 1309.74 755.244 554.496 450.997 443.747 349.747 4706.46 872.993 3534.22 1557.49 1355.99 69280.2 3574.72 65705.5 555.246 2783.98 65150.3 60572.3 12969.9 12602.7 47602.4 780.744 4721.46 3738.47 518.246 982.993 3220.23 346.747 3191.23 2840.73 441.997 264.248 2398.73 490.496 478.496 2853.48 2389.48 648.995 1176.74 2579.48 2082.98 3833.47 1576.49 1386.24 533.746 334.247 2085.48 1954.49 7150.95 6985.2 3740.72 5287.21 5005.46 4873.96 744.994 47525.4 12739.9 1257.24 34785.5 18588.4 16197.1 5485.96 18147.4 10711.2 10242.9 924.993 9317.93 3250.73 440.997 9233.43 823.244 14822.4 4662.71 999.242 44287.9 36895.5 24973.6 17107.9 7865.69 10035.9 7412.94 11921.9 3832.22 2867.73 964.493 2207.48 660.245 419.997 1394.24 760.244 7071.95 7392.44 3550.72 2323.23 2009.48 1600.24 1182.99 969.993 240.248 3841.72 3605.47 318.498 713.995 5947.45 686.745 402.997 283.748 3324.97 269.748 10483.2 633.995 6788.95 1693.99 12532.7 581.746 250.998 813.244 1593.24 501.746 248.748 1091.49 690.745 3598.47 668.745 8902.68 2157.48 10159.7 9766.68 3161.98 1928.24 177.749 313.748 754.494 2950.23 1353.99 845.744 1596.24 1283.74 508.246 437.997 629.745 306.248 519.246 790.744 659.745 570.746 441.997 1072.74 989.992 494.746 1512.49 1196.24 353.997 870.993 293.248 2003.23 3314.47 281.748 636.745 170.499 525.496 2659.48 1773.24 1691.49 1004.49 246.998 1697.99 1524.74 875.493 770.994 422.747 231.498 593.245 416.997 403.497 243.998 817.494 513.246 307.248 5094.96 2819.98 1714.74 1526.49 424.247 1235.24 306.248 928.993 577.746 918.493 10664.9 4242.47 6422.45 735.744 642.995 407.747 955.243 312.498 6966.45 3340.22 2987.73 2451.23 2200.73 1044.74 352.497 1155.99 292.248 965.493 6226.7 348.247 149.999 236.998 1214.24 956.243 1937.74 509.746 4577.97 1540.74 429.247 3037.23 1111.49 1233.74 926.743 444.747 481.996 259.248 11950.9 6814.95 1555.24 591.745 5135.96 872.243 4263.72 600.745 11482.7 10441.4 4219.72 3375.22 844.494 6221.7 5272.96 5086.96 948.743 754.244 645.245 1041.24 577.996 480.996 508.996 591.245 8740.18 3120.48 2464.48 2062.98 655.995 5619.71 2911.98 525.746 1495.99 551.996 2707.73 2003.48 890.743 769.994 1112.74 577.746 2298.98 306.498 408.747 553.496 538.496 365.497 199.498 4667.21 205.248 1446.24 481.746 5504.46 3381.22 2123.23 1510.74 612.495 434.247 809.494 178.249 894.243 318.498 595.745 492.246 305.998 211.998 537.246 2555.98 1292.24 1047.74 1263.74 9173.43 6596.45 3830.47 1711.49 2576.98 1449.24 2118.98 598.995 550.496 2765.98 1519.99 1405.24 661.495 2350.48 413.247 355.747 430.497 292.998 1986.98 916.993 403.497 513.496 419.247 2976.98 2866.23 774.494 3809.22 168.749 2571.73 438.747 1227.49 917.993 184.999 732.994 2797.23 1980.48 816.744 201.498 294.998 208.498 443.997 191.249 468.246 386.497 2143.48 1892.99 250.498 1817.74 801.494 722.744 524.746 338.247 686.995 244.748 282.248 733.744 618.745 165.749 964.493 5800.71 2154.23 1930.74 1045.49 638.245 370.747 240.498 806.494 1860.74 348.497 316.748 182.749 223.498 943.993 249.248 2570.23 2071.48 1820.49 866.743 232.248 622.745 469.996 4087.97 1850.74 2237.23 1087.49 613.745 473.746 245.498 243.248 5259.71 2639.98 2619.73 2323.48 936.993 179.499 757.494 2310.98 1202.99 524.996 236.998 677.995 1107.99 415.747 1994.73 1343.49 963.493 987.492 623.245 491.996 3182.73 1221.49 1961.24 850.244 370.497 1590.74 230.998 610.745 2654.98 1042.49 862.493 410.997 4525.47 2274.98 1952.99 983.992 513.246 1918.24 664.245 243.998 420.247 325.498 239.998 1253.99 177.749 330.247 188.249 447.997 2235.23
internal_count=906421 742073 164348 131580 470565 375410 32768 271508 95155 221377 49620 3525 118635 72881 45535 29907 15628 28738 23611 16597 12945 69341 5127 219300 3919 1625 369037 301615 67422 32091 27800 2848 24952 3463 21489 1494 35331 11031 9387 3374 3016 1491 48059 6013 5639 45754 215381 3582 10291 18219 20937 19746 291297 14174 12838 20193 3841 29243 211799 3540 21282 46640 13275 12381 10279 33365 9261 31324 27041 22334 208989 13737 11638 10982 3858 7124 4061 7014 5239 3021 2218 1804 1775 1399 18826 3492 14137 6230 5424 277123 14299 262824 2221 11136 260603 242291 51880 50411 190411 3123 18886 14954 2073 3932 12881 1387 12765 11363 1768 1057 9595 1962 1914 11414 9558 2596 4707 10318 8332 15334 6306 5545 2135 1337 8342 7818 28604 27941 14963 21149 20022 19496 2980 190103 50960 5029 139143 74354 64789 21944 72590 42845 40972 3700 37272 13003 1764 36934 3293 59290 18651 3997 177153 147583 99895 68432 31463 40144 29652 47688 15329 11471 3858 8830 2641 1680 5577 3041 28288 29570 14203 9293 8038 6401 4732 3880 961 15367 14422 1274 2856 23790 2747 1612 1135 13300 1079 41933 2536 27156 6776 50131 2327 1004 3253 6373 2007 995 4366 2763 14394 2675 35611 8630 40639 39067 12648 7713 711 1255 3018 11801 5416 3383 6385 5135 2033 1752 2519 1225 2077 3163 2639 2283 1768 4291 3960 1979 6050 4785 1416 3484 1173 8013 13258 1127 2547 682 2102 10638 7093 6766 4018 988 6792 6099 3502 3084 1691 926 2373 1668 1614 976 3270 2053 1229 20380 11280 6859 6106 1697 4941 1225 3716 2311 3674 42660 16970 25690 2943 2572 1631 3821 1250 27866 13361 11951 9805 8803 4179 1410 4624 1169 3862 24907 1393 600 948 4857 3825 7751 2039 18312 6163 1717 12149 4446 4935 3707 1779 1928 1037 47804 27260 6221 2367 20544 3489 17055 2403 45931 41766 16879 13501 3378 24887 21092 20348 3795 3017 2581 4165 2312 1924 2036 2365 34961 12482 9858 8252 2624 22479 11648 2103 5984 2208 10831 8014 3563 3080 4451 2311 9196 1226 1635 2214 2154 1462 798 18669 821 5785 1927 22018 13525 8493 6043 2450 1737 3238 713 3577 1274 2383 1969 1224 848 2149 10224 5169 4191 5055 36694 26386 15322 6846 10308 5797 8476 2396 2202 11064 6080 5621 2646 9402 1653 1423 1722 1172 7948 3668 1614 2054 1677 11908 11465 3098 15237 675 10287 1755 4910 3672 740 2932 11189 7922 3267 806 1180 834 1776 765 1873 1546 8574 7572 1002 7271 3206 2891 2099 1353 2748 979 1129 2935 2475 663 3858 23203 8617 7723 4182 2553 1483 962 3226 7443 1394 1267 731 894 3776 997 10281 8286 7282 3467 929 2491 1880 16352 7403 8949 4350 2455 1895 982 973 21039 10560 10479 9294 3748 718 3030 9244 4812 2100 948 2712 4432 1663 7979 5374 3854 3950 2493 1968 12731 4886 7845 3401 1482 6363 924 2443 10620 4170 3450 1644 18102 9100 7812 3936 2053 7673 2657 976 1681 1302 960 5016 711 1321 753 1792 8941
is_linear=0
shrinkage=1


Tree=1
num_leaves=512
num_cat=0
split_feature=40 44 42 60 60 44 24 45 49 20 15 54 54 54 20 6 50 22 54 39 54 54 39 39 54 61 20 44 42 60 39 6 49 20 51 39 42 49 15 61 39 42 54 54 35 54 61 22 39 15 6 35 6 61 31 50 44 39 60 51 49 51 60 24 39 60 20 39 4 4 28 60 39 20 24 60 54 22 24 51 54 6 50 20 61 54 39 49 51 31 44 42 39 42 6 6 39 35 35 49 44 20 35 44 39 39 31 4 60 20 24 6 15 60 6 39 61 31 20 20 22 54 31 60 39 54 20 6 49 44 39 49 42 60 39 6 44 61 44 44 20 49 61 39 54 39 54 44 6 60 54 50 6 31 24 39 49 39 42 39 20 9 24 60 56 39 54 61 54 35 50 22 45 39 20 20 60 39 54 44 39 54 39 54 44 49 15 42 39 44 39 54 54 31 54 20 24 6 50 42 60 60 42 50 24 42 22 22 39 44 49 61 6 20 6 51 39 54 31 39 28 44 39 54 31 44 54 31 45 20 61 39 54 50 20 49 44 54 39 45 50 35 44 28 54 54 9 60 6 39 39 20 60 22 61 60 51 39 9 44 61 31 60 39 22 51 44 51 4 54 54 20 42 39 42 44 44 54 39 20 44 54 24 61 4 22 35 54 42 4 6 56 39 24 39 6 31 44 6 54 54 22 51 54 20 20 56 50 60 24 51 54 24 39 15 60 15 60 44 61 39 6 44 15 60 51 39 6 60 50 51 31 39 31 49 49 60 54 44 39 54 54 4 44 49 60 44 20 45 51 20 42 54 54 24 44 54 31 50 44 35 6 42 22 31 44 60 54 54 42 39 9 20 20 39 39 44 60 20 54 39 20 39 39 31 44 60 39 4 39 15 54 54 39 35 31 51 50 39 39 35 44 39 39 54 61 31 61 61 39 6 20 44 50 39 60 20 31 22 51 22 44 39 6 54 31 61 45 44 42 6 60 51 24 60 35 61 51 60 50 6 54 39 40 24 20 39 44 20 24 54 31 60 9 6 31 24 39 44 24 54 31 35 22 61 54 54 54 20 42 24 24 31 6 39 44 61 50 31 50 6 31 49 61 35 44 51 51 39 54 42 20 54 45 20 54 39 44 42 39 39 15 39 44 6 61 61 39 20 39 49
split_gain=345.904 198.633 149.132 111.559 136.28 104.993 91.8125 72.7865 68.9565 177.241 120.231 91.1064 89.3714 88.4081 85.3286 126.065 82.6724 67.5429 64.8081 96.5886 94.1635 81.0903 77.6128 93.2377 73.4496 88.0533 82.8499 75.5772 73.6862 70.3473 76.4249 66.9019 65.518 64.2963 64.2485 87.1888 64.5067 64.1143 63.8516 63.7814 63.7255 93.8345 74.8056 62.6304 62.5438 61.3787 60.6974 60.6756 60.5327 59.9953 59.6136 58.6923 58.5795 58.139 75.7946 70.3066 60.6495 57.5898 56.762 108.014 80.6584 59.5601 55.7957 59.8408 55.6252 96.0472 53.6788 53.1572 67.1044 75.9156 53.1254 53.1142 52.4841 52.2191 51.522 51.7361 51.2414 96.6637 91.0787 56.7691 116.094 57.0766 53.0811 52.6446 91.9728 50.6413 65.0405 57.8914 50.5133 50.358 57.1341 52.4168 49.6427 49.4248 49.2568 47.7692 55.6032 49.9312 47.6427 47.136 67.188 59.3828 47.4738 47.2964 46.6339 63.1954 69.3829 56.0745 46.472 46.3182 46.0933 45.9529 45.9279 45.3909 50.1106 44.8917 44.8915 44.6934 44.4009 44.2033 44.1356 68.2632 43.8288 42.816 69.0758 48.1037 42.6836 42.0822 41.9179 41.6234 41.3507 63.193 53.0659 69.3969 77.692 46.0843 57.4414 50.4389 42.4142 41.4007 41.163 51.8635 42.6515 80.5097 70.8885 58.3887 71.7518 61.1874 60.3049 55.4577 53.854 57.1839 53.4547 61.3448 54.1286 63.3569 53.4472 48.7174 128.039 48.328 68.0802 48.1356 46.1726 45.6298 45.044 87.1335 92.4083 61.7375 54.0135 48.9004 45.843 45.052 43.9192 42.5753 41.8438 41.7196 74.3686 72.5423 69.5006 67.0045 78.9779 61.584 43.2787 74.5244 41.639 60.8775 41.5659 41.4011 50.5763 48.653 47.2831 44.9853 41.2166 40.9753 40.9038 56.0264 42.0337 91.993 62.838 45.4679 41.4118 40.7545 78.3613 78.3163 40.1742 39.8124 39.4962 53.4977 50.9574 46.6181 46.1817 48.2599 42.3125 38.5463 38.5086 38.4527 38.3902 38.3564 38.344 38.3202 42.1377 38.2576 53.5008 52.8539 38.1496 38.0083 45.8879 51.2226 37.9405 58.2152 37.7995 42.2564 37.4126 37.3177 49.9301 45.1834 45.1477 42.9514 47.9515 41.7457 37.2294 38.4835 37.2021 53.3166 50.9084 41.2888 37.1187 37.0208 36.9441 36.886 36.8683 48.7654 36.7363 36.705 36.3769 43.4099 50.4792 51.0928 48.3473 36.3764 36.3361 84.4438 63.993 56.817 104.357 53.3797 51.5421 50.5275 46.7636 42.3807 41.6978 38.3464 63.0908 53.5812 65.617 50.8924 43.0249 42.807 40.8037 44.6544 58.8596 41.4408 41.1654 45.0119 39.7725 37.1596 47.4759 40.4151 61.3763 36.5586 56.508 36.3072 97.2549 36.304 36.2014 35.8501 35.7811 40.6727 35.2576 60.1762 35.4432 52.8927 35.9405 35.118 84.5833 70.4547 94.5466 81.8612 52.1324 50.7033 46.9045 46.7941 44.9604 53.4981 44.9229 44.4943 43.5587 51.6618 50.164 41.7969 41.6964 43.7834 54.2057 41.0609 37.8507 37.6495 37.5853 79.2875 38.3419 55.1157 37.955 37.285 36.4758 39.3515 36.295 35.0464 35.0181 52.5718 53.7156 41.3912 70.5149 53.6688 47.0311 62.4282 40.1042 39.8893 36.4469 35.0033 34.91 42.7496 44.2994 51.3554 42.1136 39.7981 62.512 39.1592 34.8327 47.177 37.9418 34.7954 64.1082 34.4574 34.3753 38.077 34.2912 39.862 39.0212 36.0521 54.5624 34.15 34.1075 33.7959 35.7368 33.5262 33.5475 35.1487 33.337 47.6283 98.6114 62.5509 35.3699 34.2808 33.3294 33.3231 33.1992 33.187 33.1599 41.9981 33.1339 39.8369 33.0724 40.6842 34.6569 39.4367 46.3553 33.1274 38.3348 66.2557 40.7989 60.3297 41.681 46.903 46.3063 38.4993 43.8119 34.3325 32.9379 32.7339 32.6473 42.2809 32.561 32.551 32.495 32.4609 32.3923 32.3334 32.2963 32.261 32.1153 42.4415 32.0514 32.0191 37.0139 32.0032 31.9825 43.2253 40.2273 42.9563 46.9563 38.5697 31.9403 31.9013 41.3791 31.8847 31.8425 31.7849 41.3412 31.7823 31.6572 31.4577 31.3829 31.2329 31.1928 31.1751 31.1564 31.1414 47.1813 31.1116 31.0392 31.0149 30.829 30.8087 43.7519 30.7036 32.2692 31.2665 30.6818 30.6552 52.5186 31.173 30.5497 33.9329 30.4879 34.05 30.3875 56.2546 45.9591 31.1336 34.7673 32.0627 30.2891 30.2107 30.1791 50.8341 41.5691 32.3059 30.1007 46.498 30.0815 30.0418 30.008 35.2235 31.7604 40.5275 32.2915 31.6616 39.2536 30.0037 29.9499 39.8072 34.7026 46.45 44.8886 29.8993 38.7253 33.5209 29.8815 29.7771 43.6683 35.0646 32.2958 29.6768 49.9687 31.0015 29.5778 47.0419 44.8708 66.2131 42.2092 40.8071 43.6122
threshold=8.0623594840290038e-05 -0.00035032775485888118 0.00061684424872510146 -0.91597560048103321 -0.98296290636062611 0.00029118638485670095 3680566.2500000005 -0.75515848398208607 0.43596209585666662 6.7519053118303432e-05 -6.7882226630899814e-06 0.00082570742233656358 0.00076501496369019162 0.00052026839694008242 3.3964221074711538e-05 0.15118877589702609 0.18227194249629977 1.8599666357040407 0.0005613910616375507 1.8696009647101167e-05 0.00054291533888317655 0.00073803850682452332 2.3568019059894144e-05 2.4331357963092163e-05 0.00062858653836883615 1.5000000000000002 2.9269985134305901e-05 -0.00068162355455569912 -0.00072483110125176598 0.91597560048103344 1.817774227674818e-05 0.3376044780015946 0.66055229306221019 2.7908236916118771e-05 0.25377275049686437 1.9947923647123392e-05 -0.00052849604981020082 0.71212559938430797 -2.2384460862667763e-07 3.5000000000000004 2.4985086383821912e-05 -0.00080622645327821363 0.00065203467966057371 0.00037309392064344143 4.5397391659207649e-05 0.00071391637902706872 3.5000000000000004 3.9628013372421269 1.9543486814654901e-05 -7.7999557106522826e-06 -0.01266291458159685 3.3097066989284947e-05 -0.049346050247550004 2.5000000000000004 -0.00065264105796813954 0.273910403251648 -0.0010123649262823162 2.098895402014023e-05 -0.37940952181816096 0.24997824430465701 0.45892916619777685 0.22500707209110263 -0.37940952181816096 5786758.2500000009 2.094481624226319e-05 0.60355338454246532 3.4864973713411025e-05 1.7699313502816952e-05 0.43243534862995153 -0.1325215399265289 0.00032240152359008794 0.98296290636062633 2.0309988030930984e-05 3.9404741983162246e-05 6478898.0000000009 0.78656607866287243 0.00064800167456269275 2.2549862861633305 2229425.0000000005 0.65832126140594494 0.00069398584309965383 -0.22172936052083966 0.76281684637069713 4.1091578168561689e-05 1.0000000180025095e-35 0.00074293022044003021 1.8319929040444553e-05 0.89330726861953746 0.24111401289701465 0.00083655118942260753 0.00025324261514469987 0.00031981809297576552 2.0684615265054166e-05 1.257929716302897e-05 -0.096213191747665391 0.12557511776685717 2.2530124624609019e-05 1.7728202692524068e-05 2.7267716177448168e-05 0.32861602306365972 -0.00078239708091132332 2.2347225240082483e-05 1.7331231902062431e-05 -0.0010368821676820514 2.2813380383013285e-05 2.223664341727272e-05 -0.00067657232284545888 0.12886499613523486 0.60355338454246532 4.7803556299186318e-05 5770611.5000000009 -0.37440124154090876 -4.6077093429630614e-06 0.12940952181816107 0.040212186053395278 1.4343762813950891e-05 2.5000000000000004 -0.00067657232284545888 2.2861203433421909e-05 5.7116285461233936e-05 2.644217967987061 0.00062984213582240056 6.3359737396240248e-05 0.78656607866287243 2.2294848349702082e-05 0.00065908624674193572 4.8905010771704844e-05 0.09674080461263658 0.87947940826416027 -0.00075579018448479463 2.023197521339171e-05 0.21434856206178668 -0.00044479634379968042 -0.12940952181816107 1.7291836229560434e-05 -0.0031724829459562893 -0.00074358496931381513 1.0000000180025095e-35 -0.0012057048734277485 -0.00082421465776860703 0.00028410367667675024 0.73339715600013744 1.5000000000000002 2.6231469746562656e-05 0.00034801229776348924 2.4188208954001315e-05 0.00072104099672287713 0.00043681047100108122 -0.13730705529451367 0.37940952181816107 0.00052428522030822944 0.43961910903453832 0.41300652921199804 -6.4879655838012682e-05 5594926.2500000009 2.2121836991573222e-05 0.82844349741935741 2.1878137886233166e-05 0.00035524061240721499 1.9621500541688878e-05 4.054492637806107e-05 0.65000000596046459 2984110.7500000005 -0.12940952181816107 0.0011871072347275915 1.8041248949884906e-05 0.00057221611496061097 1.0000000180025095e-35 0.00055037933634594094 2.0515307369350925e-05 0.85777568817138683 3.1927953958511357 0.28093384206295019 1.7097080672101587e-05 2.4802343432384081e-05 2.7528366445039868e-05 -0.37940952181816096 1.8477674530004155e-05 0.00050988016300834726 -0.00010173804184887557 1.8867227481678132e-05 0.0006453796522691847 2.2993133825366389e-05 0.00071391637902706872 0.00059175488422624778 0.62925845384597789 -4.3085349261673392e-06 0.00014239724259823563 1.5497865206270948e-05 0.00021633789583574983 1.4686436770716684e-05 0.00044819439062848693 0.00041223313019145286 -0.00077500939369201649 0.00069571091444231581 2.1491015104402326e-05 4221398.5000000009 -0.017497132532298561 0.56964287161827099 -0.00016893698193598536 0.37940952181816107 1.0000000180025095e-35 -0.00046199814823921764 0.15654164552688601 5626653.2500000009 2.480301009200048e-05 2.6822323799133305 2.141686320304871 1.6470581613248218e-05 -0.00041596284427214408 0.56097206473350536 2.5000000000000004 -0.085433445870876298 2.7908236916118771e-05 0.13051380217075351 0.80950158834457409 1.5922414604574445e-05 0.00043191746226511901 -0.0005295574665069579 1.9219179193896711e-05 -0.00016048550605773923 -0.0010368821676820514 2.2059693947085183e-05 0.00076501496369019162 0.00051254034042358409 -0.00060041350661776949 0.00053930148715153347 -0.00037536025047302241 -0.14159635454416272 3.654506508610212e-05 5.0000000000000009 2.1081460545246958e-05 0.00062115670880302798 0.45406001806259161 4.2290424971724867e-05 0.50589054822921764 -0.00021300238586263728 0.00052026839694008242 1.6766969565651383e-05 0.50282585620880138 0.52564820647239696 1.9694696675287563e-05 -0.0010368821676820514 4.5597553253173835e-05 0.0007005892402958126 0.00072711263783276092 -0.28333334624767298 0.37940952181816107 0.043436907231807716 2.4641064555908091e-05 2.5765737518668178e-05 2.4739022592257246e-05 -0.6035533845424651 2.3881378173828129 3.5000000000000004 0.60355338454246532 0.42821352183818823 2.3490556486649442e-05 0.35000000894069677 0.00093380713951773952 3.5000000000000004 0.00067800283432006847 1.0000000180025095e-35 2.023197521339171e-05 2.6822323799133305 0.69477608799934398 0.00087274768156930815 0.24997824430465701 -0.26625758409500117 0.00065340381115674983 0.00071927055250853311 2.4134142222465019e-05 0.0005081793642602862 1.9183258700650189e-05 0.00030377012444660073 0.0002845547278411687 0.00083525280933827173 0.0006648278795182706 1.8867227481678132e-05 4.2068213588208898e-05 3.798443322011736e-05 0.00057457672664895665 5229634.2500000009 2.5000000000000004 -0.46143488585948939 2.3062806129455571 1.7615769138501495e-05 0.00060985068557783972 0.00025550028658472007 0.30322758853435522 -0.12920817732810971 0.0012436523684300484 2.0116948689974382e-05 7456862.0000000009 2.1659490812453445e-05 -0.065890006721019731 0.00030559301376342779 0.001009819330647588 -0.12420195341110228 0.00059993247850798081 0.00069069850724190484 2.4001801013946538 0.79463797807693493 0.00051381680532358598 3.654506508610212e-05 2.7244403099757623e-05 0.0011575467651709916 0.32050347328186041 0.91597560048103344 2695050.2500000005 0.61144632101058971 0.00054053112398833047 4590894.5000000009 1.7925095562532082e-05 -2.2384460862667763e-07 0.60355338454246532 1.4056760733183184e-06 -0.91597560048103321 -0.00015934868861222637 2.5000000000000004 1.5832827557460408e-05 0.19646674394607547 9.8701551905833198e-05 7.463750080205501e-06 0.12940952181816107 0.79820311069488536 2.1435719645523935e-05 -0.063988786190748201 0.12940952181816107 0.17497690021991733 0.33064125478267675 -0.00010880827903747557 1.6597103240201253e-05 0.00041896104812622076 0.31971330940723425 0.20248962938785556 1.0000000180025095e-35 0.00062858653836883615 -0.00014809460117248816 1.4222658137441614e-05 0.00046700170787516987 0.00037789321504533296 -0.11834372952580451 0.00044503496610559529 0.78895318508148204 0.78656607866287243 0.00045346860133577144 4.5923128709546297e-05 -0.29399219155311579 0.84707272052764904 2.4077784473774958e-05 0.00035524061240721499 0.00052559838513843726 0.00061612256104126583 2888550.0000000005 0.00089273028424941014 0.00076122846803627919 -7.5310468673706041e-05 0.34743230044841772 -0.00010728144116001202 2.61573140960536e-05 -0.094176009297370897 -0.00060347915859892954 2.0860219001770024 -0.00041064620018005366 -0.00047163994167931372 -0.6035533845424651 0.00047594412171747541 0.00059256699751131247 -0.00042047390888910735 1.7813205886341169e-05 0.35000000894069677 4.6746998123126111e-05 2.3288691409106835e-05 1.9543486814654901e-05 2.0037880858581051e-05 -0.00088825449347496022 0.78656607866287243 6.1781931435689344e-05 0.00081132448394782852 2.1224784177320547e-05 4.531269223662094e-05 2.0156592654529962e-05 1.7851441953098405e-05 0.00067800283432006847 0.0012861256836913528 -0.37940952181816096 2.0431835764611609e-05 0.34826888144016271 2.2932338652026377e-05 -1.0312165272807759e-06 0.00052167466492392134 0.0004776427813339979 1.2610837984539104e-05 1.3437053894449493e-05 0.00052052736282348644 0.48721842467784887 0.55501478910446178 1.8477674530004155e-05 1.6558963579882405e-05 2.2549928871740125e-05 0.00019835233251797038 1.9014922145288441e-05 2.2351527150021869e-05 0.00051891844486817728 1.0000000180025095e-35 0.00033003091812133794 1.0000000180025095e-35 2.5000000000000004 2.1659490812453445e-05 -0.16420759260654447 2.822338683472481e-05 -0.00024382476112805304 0.55994892120361339 2.223664341727272e-05 0.37940952181816107 3.3964221074711538e-05 0.00041216611862182623 3.3002620935440068 0.73372408747673046 2.9037232398986821 0.00035194944939576095 2.094481624226319e-05 0.32964245975017553 0.00044139831152278935 -0.00048640370368957514 1.5000000000000002 -0.090427316725254045 -0.00065028946846723546 -0.00039869014290161425 -0.10059499368071555 0.98296290636062633 0.11825291812419893 6658779.2500000009 -0.37940952181816096 2.086851418425795e-05 1.5000000000000002 0.1016620770096779 -0.6035533845424651 0.18951249867677691 0.35490658879280096 0.00051249819807708274 1.6970489014056515e-05 -6.2763061578152688e-05 5936607.5000000009 4.6746998123126111e-05 1.8976181308971721e-05 3.798443322011736e-05 4.4687965782941326e-05 5770611.5000000009 0.00072294479468837391 1.8179416656494144e-05 0.91597560048103344 0.51666668057441723 0.28330956399440771 -0.00038203597068786616 3930726.5000000005 1.564753620186821e-05 -7.2971030022017644e-05 3366157.8750000005 0.00077922284253872942 -0.00026544928550720209 1.8873794033424932e-05 1.9999417662620547 1.0000000180025095e-35 0.00062858653836883615 0.00060608077910728763 0.0006453796522691847 3.612795808294323e-05 0.00024599266180302953 3590519.5000000005 2798453.8750000005 0.0012584328651428225 0.031814327463507659 1.9864241949107967e-05 0.0010696419631130996 2.5000000000000004 0.34743230044841772 -0.00036188960075378413 0.56476044654846203 0.092666566371917738 -0.00047865509986877436 0.59782671928405773 2.5000000000000004 1.6569460967730268e-05 -0.00041596284427214408 0.20176519453525546 0.78261941671371471 1.8658571207197386e-05 0.00071927055250853311 -0.00062315509421750892 4.3618962081382058e-05 0.00065203467966057371 -0.11021368578076361 4.9623058657743975e-05 0.0005974450323265047 2.0474197299336087e-05 0.0005088350153528155 0.00073052715742960583 1.5222295132844012e-05 2.4055643734754998e-05 -5.0748171815939705e-06 1.7175945686176423e-05 0.00038938451325520878 0.10311907902359964 1.0000000180025095e-35 1.5000000000000002 1.6885649529285732e-05 4.1592496927478357e-05 1.8619652109919119e-05 0.39079199731349951
decision_type=2 2 2 2 2 2 2 2 2 2 2 2 2 2 2 2 2 2 2 10 2 2 10 10 2 2 2 2 2 2 10 2 2 2 2 10 2 2 2 2 10 2 2 2 2 2 2 2 10 2 2 2 2 2 2 2 2 10 2 2 2 2 2 2 10 2 2 10 2 2 2 2 10 2 2 2 2 2 2 2 2 2 2 2 2 2 10 2 2 2 2 2 10 2 2 2 10 2 2 2 2 2 2 2 10 10 2 2 2 2 2 2 2 2 2 10 2 2 2 2 2 2 2 2 10 2 2 2 2 2 10 2 2 2 10 2 2 2 2 2 2 2 2 10 2 10 2 2 2 2 2 2 2 2 2 10 2 8 2 10 2 2 2 2 10 10 2 2 2 2 2 2 2 10 2 2 2 10 2 2 10 2 10 2 2 2 2 2 10 2 10 2 2 2 2 2 2 2 2 2 2 2 2 2 2 2 2 2 10 2 2 2 2 2 2 2 10 2 2 10 2 2 10 2 2 2 2 2 2 2 2 10 2 2 2 2 2 2 10 2 2 2 2 2 2 2 2 2 2 10 10 2 2 2 2 2 2 10 2 2 2 2 2 10 2 2 2 2 2 2 2 2 2 10 2 2 2 2 10 2 2 2 2 2 2 2 2 2 2 2 2 10 10 2 10 2 2 2 2 2 2 2 2 2 2 2 10 2 2 2 2 2 2 10 2 2 2 2 2 2 8 2 2 2 2 2 10 2 2 2 2 2 10 2 2 2 2 2 2 10 2 2 2 2 2 2 2 2 2 2 2 2 2 2 2 2 2 2 2 2 2 2 2 2 2 2 2 2 2 2 10 2 2 2 10 10 2 2 2 2 10 2 10 10 2 2 2 10 2 10 2 2 2 10 2 2 2 2 10 10 2 2 10 10 2 2 2 2 2 10 2 2 2 2 10 2 2 2 2 2 2 2 10 2 2 2 2 2 2 2 2 2 2 2 2 2 2 2 2 2 2 2 10 2 2 2 10 2 2 2 2 2 2 2 2 2 2 10 2 2 2 2 2 2 2 2 2 2 2 2 2 2 2 2 10 2 2 2 2 2 2 2 2 2 2 2 2 2 10 2 2 2 2 2 2 2 10 2 2 10 10 2 10 2 2 2 2 10 2 10 2
left_child=1 3 8 4 126 104 40 109 9 10 13 44 89 17 38 93 -11 -3 19 67 52 22 24 45 58 26 28 51 108 30 -29 33 201 92 35 48 -37 -17 -14 94 41 50 415 -43 76 129 85 120 -32 -7 118 242 -21 204 56 -56 -55 -34 59 232 61 111 63 -35 112 -66 -31 74 69 116 497 -15 -68 -33 206 193 77 82 -78 81 123 -80 215 84 -82 86 128 472 98 117 91 -91 -23 -16 -22 194 97 -97 -83 101 103 102 -45 252 105 106 -2 -107 -26 369 -96 -60 -28 -86 253 -92 -69 -10 -5 249 440 -122 -62 124 421 -126 205 -61 -4 213 131 132 138 -134 -135 136 -132 -137 -113 -133 142 -142 143 149 174 157 147 150 -148 175 -147 -152 154 -154 159 164 -149 246 254 161 294 348 -160 -150 165 166 167 371 169 173 -168 413 -153 187 -144 177 179 178 186 180 -177 -182 183 291 361 -186 -119 191 189 -189 -191 -169 -188 -76 196 -196 197 199 -198 -90 -197 203 -203 -30 -25 250 207 209 216 217 211 212 -208 -24 -72 390 -209 -8 -41 220 -140 222 -64 -224 -162 362 227 -227 356 -230 247 -232 -20 235 237 239 -236 238 470 -108 -184 -242 243 488 373 -246 -146 -54 -65 385 251 382 -101 -115 293 256 -256 -258 -259 -48 265 263 -263 264 266 267 336 496 -265 -269 418 284 273 274 278 289 -274 456 279 282 -281 -280 283 -273 -267 -270 -287 -288 -289 290 -275 292 433 384 -161 -296 -277 386 299 -286 301 -300 -303 304 312 307 320 311 310 -306 -309 -305 -79 325 -310 324 318 347 -308 -317 451 332 323 -323 447 331 328 -328 329 -313 -329 -314 -322 334 -334 416 337 338 -262 341 -341 -338 343 -342 346 -345 -344 -318 -151 -350 351 -351 -352 354 -354 -353 358 -358 -202 360 -271 -181 -71 -364 365 367 -366 -104 -369 -6 -326 487 -373 -244 -375 -376 -223 378 460 380 381 -379 -1 -361 478 -117 387 -298 389 -363 391 392 393 394 -12 396 397 403 399 405 401 402 -400 431 -405 479 -301 -253 409 -36 -136 -130 -240 -166 -410 -42 -195 -285 419 -266 -141 422 -81 -319 425 -77 427 428 -426 -428 -382 -392 -433 -178 -284 -127 -437 -112 -187 -106 504 -365 -321 -331 -243 446 -125 -311 -164 -94 -370 452 -307 454 -99 -455 -276 459 -459 -394 461 -378 463 -343 465 -239 -466 468 -468 -469 -235 -105 473 474 -88 -474 477 -98 -159 -398 482 -482 -102 484 -484 486 -485 -156 -27 490 491 492 -490 494 495 -320 -248 500 499 -499 -51 502 -458 -503 505 -9 508 -508 -507 -509 -511
right_child=5 2 46 6 7 49 18 47 12 16 11 -13 14 71 15 37 -18 -19 21 20 39 31 23 53 25 27 64 29 32 66 34 73 57 62 408 36 -38 -39 -40 218 42 43 -44 99 -46 -47 259 -49 -50 70 -52 -53 230 54 55 -57 -58 -59 60 127 122 -63 221 248 65 -67 72 68 -70 225 214 -73 -74 -75 75 424 78 303 79 80 83 88 -84 -85 113 -87 87 -89 95 90 115 -93 449 -95 110 96 476 453 -100 100 480 -103 364 471 439 107 233 -109 -110 -111 437 130 -114 114 -116 119 -118 140 -120 -121 121 -123 -124 445 125 435 -128 -129 411 -131 135 139 133 134 410 137 -138 -139 219 420 141 -143 144 -145 145 146 148 156 163 152 151 172 153 -155 155 -157 -158 158 162 160 224 -163 448 -165 171 -167 170 168 -170 -171 -172 -173 -174 -175 -176 176 182 -179 -180 184 181 -183 240 -185 185 438 192 188 -190 190 -192 -193 -194 335 195 200 198 -199 -200 -201 228 202 -204 -205 -206 -207 210 208 -210 -211 -212 -213 -214 -215 -216 -217 -218 -219 -220 -221 -222 376 223 -225 -226 226 -228 -229 229 -231 231 -233 -234 234 236 -237 -238 464 412 -241 241 444 244 -245 245 -247 260 -249 -250 -251 -252 407 -254 -255 255 -257 257 258 -260 -261 261 262 -264 268 270 271 -268 269 285 359 -272 272 276 275 277 296 -278 -279 281 280 -282 -283 434 417 298 286 287 288 -290 -291 -292 -293 -294 -295 295 -297 297 -299 300 406 -302 302 -304 305 309 306 316 308 314 315 -312 326 313 -315 -316 319 317 423 493 442 321 322 -324 -325 370 -327 327 330 -330 443 -332 -333 333 -335 -336 -337 339 -339 -340 340 342 462 344 345 -346 -347 -348 -349 349 350 352 355 353 -355 -356 -357 357 -359 -360 383 -362 388 363 441 366 -367 -368 368 450 -371 -372 372 -374 374 375 -377 377 379 -380 -381 430 -383 -384 -385 -386 -387 -388 -389 -390 -391 395 -393 457 -395 -396 -397 398 -399 400 -401 -402 -403 -404 404 -406 -407 -408 -409 414 -411 -412 -413 -414 -415 -416 -417 -418 -419 -420 -421 -422 -423 -424 -425 426 -427 429 -429 -430 -431 -432 432 -434 -435 -436 436 -438 -439 -440 -441 -442 -443 -444 -445 -446 -447 -448 -449 -450 -451 -452 -453 -454 455 -456 -457 501 458 -460 -461 -462 -463 -464 -465 466 -467 467 469 -470 -471 -472 -473 475 -475 -476 -477 -478 -479 -480 -481 481 -483 483 485 -486 -487 -488 -489 489 -491 -492 -493 -494 -495 -496 -497 -498 498 -500 -501 -502 503 -504 -505 -506 506 507 509 -510 510 -512
leaf_value=0.0016920197401920673 0.0018913579158385816 0.00093366500944562036 -0.0073281859337958792 0.0052818919863482118 0.0040625125933648146 -0.0052895219602557197 -0.0017612560897970514 -0.004992773017647314 0.0034921649185778838 0.0068160111090214484 -0.0040731079547321677 0.0069162128056402192 0.0038225759230906386 -0.0012558338877677539 -0.0014838175306855772 0.0044357355269656132 0.0020106513842506487 -0.0066527999216560094 0.0051164559214775694 0.0077748179611159974 0.0064039390418707048 -0.00053409052886330534 -0.0053129112007939431 -0.003812242673471064 0.0075143223508961198 0.0088937308035383095 -0.00099656767284675364 0.009597318588542075 -3.5124419313372982e-05 0.0044741090661568617 0.002294527081816882 -0.010072657966683727 0.0069050083735852173 -0.0069284594648497001 0.0066079450202804089 -0.002475714295360633 0.0060195662443783791 -0.0027122799671263245 -0.0018742026848299275 -0.0094782162192162539 0.0058857912512715466 -0.0047479391108857976 -0.0055416123314737985 0.0016511812787284811 0.0068408341525438903 0.0017348283009614518 0 0.0038728268451442604 -0.0081002981572734813 -0.0020252214200654063 0.0060847055708710832 -4.14188627281795e-05 0.0025573260013733185 0.0048725029235457311 0.0099238862577631978 0.0014605119439391049 -0.0052527958361118466 -0.0023281532263858215 -0.0059444556160604669 0.00018127952055304846 0.0021418593377858495 -0.0031503614306882454 0.006984318696601436 0.0038195134832338224 0.0025778293169122892 -0.0060884683128582867 -0.006874395513223404 0.0038403765783025941 0.0057028208973090005 -0.0069613419880241679 -0.0028726557207059264 0.0057816254992576243 0.0018111650083309189 -0.00056882311122758117 -0.0042689123326397219 0.0050273978768362107 0.0036856989962932036 -0.0007855736383848397 -0.0039527599553801484 0.00062547139516525897 0.0063993493371165347 -0.0024725418208858701 0.0031461527315239813 -0.0022427454774467882 0.0018512157482247779 -0.0044820686077101145 -0.0030776192752842656 -0.0021990986473924695 -0.0082380569463220039 0.0022285914842656409 -0.0045788923610405848 -0.0063560779298488471 0.00097187444611733812 -0.0064040173711788859 0.0028915717507955467 0.0030481105941879477 0.0029022988724068657 -0.0051473895603811326 0.0012410428426698318 -0.0043373481403300267 0.00055960296041354597 0.0011270512563199043 0.0046550511605401709 -0.0051297209754194127 -0.0035917095874034529 -0.0049195402130891878 -0.0010341667999715634 0.00068762298811069985 -0.00098296627887130457 -0.0049010291454238651 0.00012944816707601451 0.0035895817333949686 0.0052082238671564375 -0.0004006457495553087 0.00025274527539139867 0.001542266424409142 -0.0027657777226229282 0.0050218703577329504 -0.0026766471162158962 -0.0048752214793621428 -0.0011094923130093325 -0.0064760597314942828 0.0072094189448170211 -0.0032596773698331432 0.0047896128179710611 0.0011463442370916995 -0.0032256644363881462 -0.0075259804632818944 0.00046977925922989772 -0.0071497660875126066 0.0054544119806993483 -0.0037937309044738833 0.0086140541012523671 0.0064367378023984095 0.0054729634100683447 0.0029081910020516909 -0.0020785743997316208 -0.0042365476115449347 -0.003095765344445034 -0.00066724673026027817 -0.00011556741503723792 -0.007827936210542296 -0.0010069457844372957 -0.0055658670601547158 0.0028334433287531408 0.0043224748757930984 -0.0026222184929891026 0.0053026068075336273 0.0092052117010417572 -0.0029963939538971453 0.003168197007753192 -0.0051968407144710651 -0.0017062263478591906 0.0070783985962850852 0.0024729242406299054 -0.0038956167750660914 -0.0031129989855439573 0.0010052998959009438 -0.0031342438927696639 0.0043960003878221214 -9.1255033323693475e-05 -0.0039296303396831904 0.0043761137700793476 0.0015233868084987656 0.00035385060086128581 -0.00188677535318499 0.0068611648283146698 -0.0011462526992726124 -0.003098272482919709 0.0070788105377549392 0.0010050184098356922 -0.0003981610156665398 0.00047820772326014223 -0.0044176751305306204 0.0041667777712854018 0.0048089411718529361 0.0009584351856225231 0.0010666747373804372 -0.0026621443777464704 -8.545582473963222e-05 -0.0065574128236378241 0.0023880004461506875 0.0018633969177934294 0.0065665517282901941 0.0012609098923524853 -0.0095089952648882269 -0.0028035912114122391 0.0083408569617014396 0.0094876922862879021 0.0025766351063460165 -0.0047603408279697154 0.0045308977222027055 0.00058857604880784692 0.00084561827076851603 -0.0048033642772742089 -0.00048799834064313649 0.004192807057263344 0.0033878356858602493 -0.0033496354006564795 -0.0006794635252670969 0.0079209864186225148 -0.0033081467019437528 0.0039660281270644422 -0.0054365193728980387 0.0017065658851387431 0.008363254999413863 -0.0035520330905014002 -0.00095382137829975739 -0.0031305126899302204 0.0027910174707079156 -0.0034708921749585326 0.0042092509242329084 0.0017375856148920182 0.0011276827212287454 -0.00032027858273357218 -0.0032204406076106347 0.0026667441730866027 0.00076065328439642982 -0.00018425126123904686 0.0029113528132505818 0.0011397638473444743 -0.0042055778921922518 -0.004816114637219324 0.0043321299862043574 -0.007196650802411505 -0.011108336982372916 -0.00054382612125494832 -0.0028230003117117675 0.003997972360396335 -0.0053183702122145864 -0.0044808362538414862 0.0041119056815210695 -0.00013655720087014361 -0.0020261936386863637 0.0011873568871477325 -0.0022181120415650933 -0.002284159245676127 0.0001286203934452141 0.0011307815200771727 0.0025185972097187931 -0.0091549984063243276 0.00027870057167830278 0.00081917621972000469 -0.0019922272753957635 0.011561788817816016 0.0030727761377604213 0.002590981535477974 0.0092041878369154735 -0.0036919065984413776 -0.0029755608916843361 -0.0040909238071010559 -0.0010275386126871562 0.0021977523448476525 -0.0095264766119744458 0.0030246051951333492 0.0030261972026486405 -0.0042657898103698787 -0.0022149527946925579 0.0063604335914722024 -0.0077539246251653506 -0.0034879370480386173 -4.8272795192837116e-05 -0.0070311148791870545 -0.0043976026029494478 -0.00064262904427406827 -0.0054091481220255319 -0.0060025506447877576 -0.00070965745039909176 -0.00047982652997970762 -0.0028431792089699303 0.0029362491954554436 0.00087267872737140442 -0.0079846826007808035 -0.0040865726787595235 0.00064057099726579092 0.00059518070457241729 -0.00069413586708098971 0.0035513893229091481 0.0012105154653247203 0.0049127737620361231 -0.0011005300931685553 -0.0065265649402835848 0.0048469220993438032 0.0060290401183614416 0.0023861750029224799 -0.0028037442592125273 0.0085045027222427922 0.004964960708111317 -0.0023953336371176355 -0.0060729093228614021 0.0026960712351383593 0.0027154444633638902 -0.00641660146415557 0.0029062778469904609 0.0048171692167769337 -0.0012418090515120754 -0.0037810335877943163 -0.0012669899784835811 -0.00026129967396948509 -0.0066405494862379032 0.0042317494093793472 0.00012989060943836454 -0.0041586957697408739 0.0020250410449168671 0.0053253003965978421 0.0066303467437372615 -0.0037626111480083438 0.0033279015724159561 0.0021979701384454843 -0.0038411960061265622 0.00080015508552966201 -0.0053899377656435755 0.0013260008435853215 -0.0031164467106660509 -0.0051587603201043051 0.0013379224375918981 0.001464535130572416 0.0018432760064571354 -0.0033691981284822664 -0.004355187326629169 0.0073331999337615389 0 -0.0020788162173979619 0.006057435185717862 -0.0098223399900287962 -0.0027801053062992058 -0.0060881316970525347 0.0072537539904115791 -0.000427267740363914 0.0030108752287461927 -0.00063269320367100577 0.0041727500700926966 0.0039245823484757589 0.0079028945136310029 0.00057634072565433171 -0.0011137878109972769 -0.0035492045426744286 -0.0039740439134362615 0.0021844145380857743 -0.0049618703593796842 0.0025760610544976943 0.000834376426113129 0.00015712930776863137 -0.0071360433398821041 -0.0034943662407560133 0.0014523373514672801 -0.00427293326478959 -0.0061759644453390928 0.00062731370092272882 -0.0054736168346511327 0.0014823154768307128 0.0032293475032132224 0.0031571377613429444 0.0014159920062463234 -0.0063019249941916808 -0.004742217450233531 -0.0046986783544099003 0.0048981941007971369 0.0018957305512469289 0.0013514367358682003 0.0048501401543232002 -0.0042680743812499693 -0.0041131991994705647 0.0062086598618543596 -0.006823337102638171 0.0039043205420171761 -0.0014672933137268951 -0.0036841483701987761 0.00096754969028840137 -0.0016916099734876743 -0.0019262311340004995 -0.00083961732382618968 -0.0065256837383193831 0.0088876662182329254 -0.00037542357381129167 0.00524022680798356 0.0081654645558759103 -0.0042969936935448282 -0.0067935226317827691 0.0045556720381015863 -0.00045652678467007746 0.0024367002444886082 -0.0025935636160797928 -0.0050339001549817262 0.0021880967215873242 0.005368172560045517 0.005503640681748927 0.0044970074051365111 0.00028864381798521639 0.0017197070932241446 -0.0011969502193753278 0.0016492319339450215 -0.0031567787043187186 0.0012332313891534506 0.0015128367438166218 -0.0038300326180047586 0.003644605192845346 0.0046872531735824936 -0.004921807982236597 0.0027900071466945213 0.0021424442960482309 -0.003972480626968063 0.0017934819321209251 -0.0015265661832886243 0.0060137352288912663 -0.00042004833283379266 0.00023939858996293109 0.0047130841639101296 -0.0030826836005782426 -0.0017353496133517129 -0.00065199203215954142 -0.0056410890619994717 -0.0052929319670874473 0.0065906366529991326 0.0029524462666015608 -0.0015761026344110461 0.0061622138650013472 0.0011993208735725147 -0.006134847281224467 -0.0046594315415317911 0.003698631982883731 -0.0085791942157988077 -0.0071978823768371501 0.0066297132921500591 -0.0018731238400543752 -0.00066385744470249229 0.0017617982286151613 -0.0025426209114245832 0.0070100907402446287 0.0077784229812280382 -0.0087970912741458327 0.0040684857336322532 -0.00046791636435785272 -0.0018687670717180951 0.00036454230082395275 0.0004692681428490928 -0.0080212278397111085 -0.0078155486303291225 -0.0014223555646715378 0.0010485176283869112 0.0034336206871148842 -0.00044256735933085684 0.0017038032615248561 -0.0024035805123386552 -0.0065605440931363491 -0.0057221954927445043 0.0044128487961622026 0.0030669046122161633 -0.00040027307348206151 0.0056346510978093024 -0.0036342761919380406 -0.0027520973145258487 -0.00092120975922115977 0.0044899205575808345 0.00043555175384014786 -0.0021995537641346327 -0.0031002421582889679 0.00010604754787455986 -0.0050996519511474162 0.0033443892941265956 -0.00013224578190597553 0.0012089835484972718 -0.0019946580872462157 0.0049026978419664984 0.0013939770772441477 0.0049136870017109481 -0.0032761486603839528 -0.0009240690899517004 0.0027401845360499901 0.0026965635758828934 0.00071723668915107648 -0.0014771324724634431 -0.0015804378437609666 -0.0041445215476711879 0.0040895617543891616 0.0047312682858495153 0.0034236665957945917 -0.0037852193469375072 -0.0039301408102300674 -0.00054233845632048645 0.0060096136024892577 0.00074421152338698311 0.0030750442234172286 0.00090228683182888006 -0.0012664521439328883 0.00061479042481220054 -0.0060320552884729674 -0.00085647162806325769 0.0074475664012549512 0.0089218317246739735 0.005241761165897506 -0.0060952690907460187 -0.0010023313979213052 -0.0024671341932251127 0.0060359679511525488 0.0022533380170407665 -0.0030824731793001642 -0.0024990722025653627 -0.0026630327845704148 -0.0001182665660292005 0.0021333856974578035 0.0001653392536231849 0.006493622320554805 -0.003564251093534801 -0.0040648426007224413 0.004107800516564483 0.0039959549708481045 -0.0057073170738406133 -0.0031927849864286967 -0.0028100574143340813 0.0031762843514386847
leaf_weight=520.99318444728851 1126.9845359921455 137.74848498404026 202.74857807159424 87.748910397291183 386.24544125795364 400.49785509705544 857.99242088198662 263.74793627858162 308.99567505717278 449.241325289011 327.99681149423122 185.74741253256798 332.99563512206078 1490.9873243570328 302.74756674468517 237.247289031744 1757.4764507263899 530.74442939460278 975.23627811670303 354.99426256120205 129.24786297976971 351.24522945284843 144.99882014095783 225.74762019515038 178.74780856072903 112.24800644814968 123.74817630648613 136.74759124219418 601.74226415157318 79.499114692211151 114.24849928915501 92.248924911022186 175.74691125750542 234.49714452028275 111.99825747311115 86.499236524105072 754.4893201738596 223.4981819242239 421.74569280445576 80.248953133821487 84.499072879552841 235.7483919262886 376.24587623775005 768.24271750450134 123.49833096563816 209.49785728752613 79.749413251876831 134.24858076870441 76.249147534370422 3421.9748287051916 429.24292020499706 235.74698866903782 463.74417443573475 79.498927742242813 207.4974604845047 197.99794480204582 124.74895250797272 86.749378249049187 84.999234527349472 219.74763920903206 1024.2351332604885 445.99426503479481 161.49704380333424 113.99801883101463 626.74112190306187 138.99831326305866 183.99746133387089 258.99569937586784 97.998440966010094 75.499046325683594 3290.2343338578939 94.999014988541603 90.248900562524796 134.49838028848171 162.99767775833607 168.24860575795174 512.74363097548485 826.49208158254623 344.74691538512707 113.99873870611191 247.99700026214123 1204.2380057126284 488.99484086036682 664.74395342171192 490.24356542527676 505.24580484628677 93.249420940876007 674.49589732289314 104.49881127476692 94.499070569872856 107.49934245646 175.74846778810024 243.49712620675564 832.74392208456993 183.49759759008884 137.99832625687122 178.24833291769028 555.49344600737095 458.99481357634068 96.498893603682518 1817.9816575944424 7301.1626721173525 88.499176606535912 540.99462130665779 133.74860888719559 583.49450409412384 1298.4856952279806 238.49768173694611 83.248568028211594 75.749164372682571 89.998950362205505 388.74431386590004 930.73707684874535 77.74919256567955 277.99716667830944 3392.2183264642954 141.99846833944321 147.49840940535069 180.24802553653717 87.499231174588203 424.49529060721397 580.49408654868603 201.49731509387493 129.4986307322979 76.249327093362808 101.74909014999866 146.99831761419773 80.749346300959587 244.24814103543758 270.24800424277782 174.74706491827965 302.74555237591267 212.99750739336014 289.74545522034168 82.248962983489037 104.99872156977654 189.74763011932373 472.99425315856934 490.99376766383648 671.99165369570255 205.24814641475677 139.74897843599319 203.74835325777531 227.24804046750069 330.49735590815544 123.99873924255371 75.249055728316307 299.24510231614113 214.7472225278616 397.49662391841412 135.49882087111473 451.24635857343674 100.99860489368439 235.74702575802803 519.74507221579552 212.74761348962784 80.999144315719604 117.24851106107235 122.49890732765198 632.74382869899273 338.74637225270271 350.99693492054939 487.49474903941154 139.49897699058056 116.24854128062725 809.49216547608376 438.74499993026257 463.99610850214958 153.99850229918957 213.99740466475487 211.74802319705486 178.49819724261761 178.74846249818802 75.999352723360062 513.49561209976673 266.74736134707928 1721.2345738261938 4403.4512129724026 1308.4867690503597 607.24538038671017 149.24913975596428 122.24907436966896 121.99913468956947 173.49814869463444 86.999043449759483 226.74800139665604 439.24636845290661 108.49812507629395 121.4986899793148 532.74422217905521 83.999163269996643 175.24831396341324 1597.4858641773462 388.99520435929298 183.99808429181576 1212.2376252859831 1014.9881352633238 440.99413891136646 105.74884314835072 250.9972468316555 214.49761800467968 242.74729953706264 317.49510586261749 476.24521690607071 261.74728251993656 77.499238342046738 181.24822752177715 1693.7321623265743 954.73947563767433 723.7432976514101 145.24854834377766 592.74308109283447 580.99329607188702 191.49789556860924 748.24484568834305 373.24605314433575 331.99587345123291 1904.4795249253511 89.248975977301598 287.74621704220772 410.99404042959213 190.74769906699657 109.24837638437748 102.998474791646 79.749377399682999 173.74838531017303 140.99855634570122 163.99834775924683 104.74879731237888 123.99887335300446 117.49891391396523 77.249000713229179 147.2483676224947 601.9956052750349 449.99600520730019 2711.9747461527586 1799.4877207875252 580.74596931040287 86.74940724670887 420.7452505081892 92.999267563223839 197.49858149886131 192.7476050555706 144.99767927825451 255.74628773331642 104.49826277792454 610.9940470457077 97.248934417963028 107.74845993518829 146.9988409280777 84.74935245513916 103.49848103523254 303.99652609229088 106.49905417859554 160.7484684586525 206.24823878705502 616.24433310329914 153.24857096374035 85.248945370316505 264.99826714396477 168.99843057990074 208.49784405529499 364.49760964512825 109.74885265529156 544.24473214149475 143.99863694608212 143.24928019940853 8438.4214994311333 394.9963715672493 359.4963915348053 82.749345898628235 541.49549087882042 116.99938443303108 156.74858659505844 442.99633741378784 474.49464412033558 225.49832850694656 153.74873733520508 115.49898773431778 166.24833792448044 1252.740228369832 124.99891830980778 157.4983336776495 531.24474756419659 870.24136100709438 93.749214664101601 153.74859073758125 316.99643030762672 151.74895931780338 75.999490708112717 378.74654422700405 443.49561552703381 217.74825967848301 77.998900473117828 118.74870854616165 304.74614675343037 89.499311044812202 119.49843539297581 2376.7290683835745 109.74871817231178 109.74895131587982 252.99751175940037 710.49379566311836 460.9946923404932 74.999308213591576 112.24830503761768 379.74649904668331 1354.233701467514 119.74838502705097 160.24842041730881 1670.7299286872149 538.99531149864197 1013.4885822981596 173.74833460152149 185.49809351563454 437.49479632079601 98.998804077506065 797.74028033018112 147.24828407168388 332.24627467989922 336.9952125698328 203.74738374352455 270.99730643630028 239.4955333173275 155.99846301972866 113.74871905148029 75.999110162258148 152.4983039945364 908.4888631105423 139.99836055934429 82.998985797166824 916.73952734470367 1257.9816812127829 185.9974457770586 463.74522842466831 458.74471993744373 214.99708221852779 175.49883519113064 1377.7370045632124 444.99756020307541 686.24315157532692 554.494275406003 1153.4900038689375 108.74943056702614 695.49515870213509 77.749471366405487 199.4984785169363 102.49856218695641 3663.2176072448492 392.24665230512619 696.49393911659718 152.24845719337463 75.249278694391251 181.24830305576324 270.24788029491901 75.499474316835403 90.748930498957634 74.999049603939056 238.74726624786854 80.499337732791901 130.99845734238625 1044.4905936866999 144.99840541183949 86.998900145292282 178.24857397377491 171.99793101847172 535.24494512379169 571.74354903399944 813.24050113558769 119.99874868988991 106.99917684495449 604.99442446231842 121.24900911748409 244.4951273649931 125.24786029756069 590.49050590395927 195.7470790296793 121.49833773076534 78.748732775449753 104.74852910637856 75.499120086431503 140.4982193261385 251.99697323143482 583.99428452551365 85.749350920319557 233.74747209250927 799.74220533668995 117.74874697625637 243.49737724661827 108.24930779635906 6948.6831565946341 2177.4759140461683 92.49915324151516 1938.2276790142059 238.24733193218708 244.49766492843628 429.74544097483158 203.49775883555412 115.49865087866783 1161.9864828288555 287.24684429168701 558.74322299659252 401.99558453261852 121.49884371459484 152.24823877215385 2448.7251121550798 135.74871808290482 621.48926927149296 364.2458398193121 94.749196082353592 543.24387240409851 109.24913246929646 339.24778282642365 392.49608993530273 95.249145984649658 109.99918299913406 154.24762770533562 215.24787670373917 404.99688124656677 529.49637530744076 200.99747960269451 408.99578222632408 93.749165087938309 165.4978379458189 76.248976200819016 431.24579229950905 185.74738141894341 146.74846231937408 149.49722015857697 339.49508374929428 137.24815933406353 248.24748082458973 769.24203190207481 495.24556569755077 1678.9827538430691 77.999255880713463 145.49881897866726 80.498933851718903 77.749295398592949 2595.2262003868818 91.998858392238617 186.49779602885246 94.498881533741951 292.24709056317806 75.749526426196098 74.999406799674034 151.24819248914719 81.249173060059547 171.49911604821682 416.24416294693947 155.99812933802605 179.99796405434608 163.99817632138729 76.999135509133339 114.74880890548229 226.99735680222511 97.499304503202438 351.49599130451679 390.74638445675373 190.24781416356564 110.49832367897034 126.7484235316515 164.49859130382538 332.99623750150204 1757.2370985150337 418.99591726064682 636.99490697681904 756.99347834289074 93.249261125922203 335.74763356149197 1110.7420412451029 448.99552749097347 87.249298170208931 178.7485239803791 264.24784874916077 355.74665683507919 336.49653162062168 196.99792093038559 1951.4844286441803 257.24736358225346 144.99837182462215 642.49359200894833 229.49791714549065 91.749336779117584 524.99466672539711 139.7489163428545 360.99695241451263 515.9956436008215 76.749141126871109 82.49871264398098 165.7472285181284 76.749061852693558 159.4980304390192 206.99794305860996 137.49789710342884 268.24684283137321 88.499167069792747 677.24565772712231 952.99508948624134 5725.4591265767813 176.99839955568314 265.99801249802113 80.24940313398838 1058.9930657297373 511.24556604027748 294.99728481471539 154.24864257872105 285.99713495373726 86.249235674738884 385.49621748924255 152.74882231652737
leaf_count=2084 4508 551 811 351 1545 1602 3432 1055 1236 1797 1312 743 1332 5964 1211 949 7030 2123 3901 1420 517 1405 580 903 715 449 495 547 2407 318 457 369 703 938 448 346 3018 894 1687 321 338 943 1505 3073 494 838 319 537 305 13688 1717 943 1855 318 830 792 499 347 340 879 4097 1784 646 456 2507 556 736 1036 392 302 13161 380 361 538 652 673 2051 3306 1379 456 992 4817 1956 2659 1961 2021 373 2698 418 378 430 703 974 3331 734 552 713 2222 1836 386 7272 29205 354 2164 535 2334 5194 954 333 303 360 1555 3723 311 1112 13569 568 590 721 350 1698 2322 806 518 305 407 588 323 977 1081 699 1211 852 1159 329 420 759 1892 1964 2688 821 559 815 909 1322 496 301 1197 859 1590 542 1805 404 943 2079 851 324 469 490 2531 1355 1404 1950 558 465 3238 1755 1856 616 856 847 714 715 304 2054 1067 6885 17614 5234 2429 597 489 488 694 348 907 1757 434 486 2131 336 701 6390 1556 736 4849 4060 1764 423 1004 858 971 1270 1905 1047 310 725 6775 3819 2895 581 2371 2324 766 2993 1493 1328 7618 357 1151 1644 763 437 412 319 695 564 656 419 496 470 309 589 2408 1800 10848 7198 2323 347 1683 372 790 771 580 1023 418 2444 389 431 588 339 414 1216 426 643 825 2465 613 341 1060 676 834 1458 439 2177 576 573 33754 1580 1438 331 2166 468 627 1772 1898 902 615 462 665 5011 500 630 2125 3481 375 615 1268 607 304 1515 1774 871 312 475 1219 358 478 9507 439 439 1012 2842 1844 300 449 1519 5417 479 641 6683 2156 4054 695 742 1750 396 3191 589 1329 1348 815 1084 958 624 455 304 610 3634 560 332 3667 5032 744 1855 1835 860 702 5511 1780 2745 2218 4614 435 2782 311 798 410 14653 1569 2786 609 301 725 1081 302 363 300 955 322 524 4178 580 348 713 688 2141 2287 3253 480 428 2420 485 978 501 2362 783 486 315 419 302 562 1008 2336 343 935 3199 471 974 433 27795 8710 370 7753 953 978 1719 814 462 4648 1149 2235 1608 486 609 9795 543 2486 1457 379 2173 437 1357 1570 381 440 617 861 1620 2118 804 1636 375 662 305 1725 743 587 598 1358 549 993 3077 1981 6716 312 582 322 311 10381 368 746 378 1169 303 300 605 325 686 1665 624 720 656 308 459 908 390 1406 1563 761 442 507 658 1332 7029 1676 2548 3028 373 1343 4443 1796 349 715 1057 1423 1346 788 7806 1029 580 2570 918 367 2100 559 1444 2064 307 330 663 307 638 828 550 1073 354 2709 3812 22902 708 1064 321 4236 2045 1180 617 1144 345 1542 611
internal_value=1.10718e-05 0.000173955 -3.89767e-05 0.000656992 -0.000662048 -0.000926972 0.000799983 -0.00170316 1.20616e-05 0.000287641 0.000167543 0.000271789 -0.000179036 -0.00207932 -0.00209104 -0.00339012 0.00305034 -0.00507879 0.0010893 0.0005503 0.00272402 0.00142717 0.00168413 -0.000212413 0.00190206 0.00253818 0.00142201 0.00345892 8.46162e-05 0.00204804 0.0028364 0 -0.000607724 0.000388143 0.00217478 0.00371552 0.00508535 0.00095819 0.000647225 -0.000263584 0.000202886 0.000316715 -0.00302275 0.000158166 0.000243368 -0.00274464 -0.00221402 -0.00226888 -0.00214544 -0.0015339 0.00385734 0.00462855 0.00447103 0.00166884 0.00368487 0.00610124 -0.00113949 0.00383405 0.00120053 0.00300383 0.000799702 0.000261515 -0.000598495 -0.00361811 0.00298199 0.000864322 -0.00191978 0.000227898 -0.00153743 -0.0021427 -0.00142534 -0.000755092 -0.00401935 -0.00501942 0.000476635 0.00167576 0.000223489 0.000405899 -0.000350843 -0.000543107 -0.0016558 -8.66846e-05 -4.23122e-05 -1.32953e-05 0.00122135 -0.00167456 -0.000989301 6.68288e-06 9.48227e-05 -0.0001182 0.000937221 -0.0033386 0.00244028 -0.00515788 0.00157575 0.000526156 -0.000810883 -0.00219898 -0.00143327 0.000237901 -0.000524477 0.000624896 -0.000485798 -0.00239899 -0.000407917 -0.000622844 -0.00046616 -0.0032912 0.00486519 0.00150215 -0.000381789 0.000587013 0.00445646 -0.000210146 -0.00242394 0.00124873 0.00143327 -0.000182047 4.55727e-05 0.00143893 -0.00255242 -0.00429468 0.00309334 -0.00383903 -0.0048701 -0.00147321 0.00159511 -0.00216781 -0.00388256 -0.00432924 0.000730268 0.00118821 0.00202649 0.00366926 0.00233751 -0.00112087 0.00157676 -0.00285133 0.000808577 -0.000726541 -0.000199461 -0.00355218 -0.000181639 0.000113754 -0.000387566 -0.000443643 0.00135739 0.00012371 0.00479229 0.000163636 -0.00129618 -0.00231867 0.000608781 0.00443966 0.000507428 0.00121414 0.00339398 -0.000523566 -0.00153523 -4.5014e-05 0.00156815 -0.000432324 0.00206811 0.00647669 0.00141639 0.00108104 0.00164498 0.00101179 0.00223927 0.00274258 0.00507155 0.00380038 -0.00359072 0.00205388 0.0026825 -0.000272597 -0.000867091 0.000213157 -0.000857169 -0.00203911 0.00109057 -0.00257341 0.000104567 0.000556672 -0.00275396 -0.00571194 0.000229391 0.00245241 0.00388055 0.00268495 0.00142781 0.000470036 -0.000153411 7.1886e-05 0.00111808 0.000187552 0.00218369 0.000382137 0.00341735 -0.00327503 0.000684859 -0.00136916 0.000774346 -0.00249519 -0.00085918 0.00206717 7.02416e-05 -0.000267325 -0.00124892 0.000568503 0.00152284 0.00211539 0.000395577 -0.00173388 -0.00240859 -0.000122612 -0.000330401 -2.24649e-05 -0.00522597 -0.000127902 -0.00116128 0.000254891 0.0029918 -0.000299809 -0.00175737 -0.00363615 -0.00561249 -0.0075239 0.00235764 -0.000993364 0.00273292 -0.000913776 0.00441953 -0.000668457 -0.000293384 -0.00141833 -0.00157655 0.000136667 -0.00102377 -0.00013424 -0.00259217 -0.00414776 0.00510554 0.00320398 0.00606582 0.00944307 -0.000398418 0.00402117 8.34422e-05 0.00161557 0.00164588 0.00203325 0.000444161 -0.00618979 -0.00236343 -0.000931781 -0.00179789 -0.00277613 0.00102783 -0.00608315 -0.000431779 -0.000944441 -0.0046113 -0.000706479 -0.00101259 -0.000223663 -0.000446921 -0.000771206 0.00128187 -0.000962595 -0.00331873 0.000173795 0.000542281 0.000705736 0.000264955 0.00205347 -0.00354293 -0.00119755 0.000913263 0.00113282 -0.000323625 -0.0029264 0.00179849 0.00316182 -0.000559607 0.0019283 0.00326047 0.00426373 0.00254075 -0.0003646 0.000599021 0.000144613 -0.000333934 -0.00312279 0.00291252 0.000552663 0.00298249 0.0039427 -0.000379371 0.00114459 -0.000881749 -0.0010799 -0.0030325 0.00098558 0.000226787 0.001274 0.00206693 0.000508201 0.00155011 -0.00174637 0.00195279 -0.000794383 0.00117438 0.00191424 -0.00225353 -0.00221937 0.000485014 0.00183573 -0.000885931 -0.000776851 0.0031195 0.0035513 0.00130604 0.00341911 -0.00452853 0.00237762 -0.00140954 0.00169425 -0.00194682 -0.00331073 0.00456402 0.00271721 0.00423904 0.00361168 0.00305119 0.000867315 -0.000300125 0.000905218 0.00151527 -0.000754432 -0.00133436 0.000767618 -0.000744991 0.00116778 -0.001573 -0.00366489 -0.000534245 -0.00253849 -0.000208464 0 -0.00123145 -0.00336426 -9.76234e-05 -0.0022011 -0.004127 0.000336515 0.00361963 -0.000188696 0.00500368 -0.00275002 -0.000639796 -0.00211532 -0.00153804 -0.000241145 -0.00115434 -0.000394627 -0.0029822 -0.00090236 -0.00128989 0.00264811 -0.00704369 -0.000331551 -0.00196518 0.00485055 0.00560614 0.00424686 -0.000561356 0.000121882 0.002315 -0.00179409 -0.00336307 -0.000698347 0.000239511 -0.00421425 -0.00337499 0.00182248 0.00459304 0.000816009 -0.00297035 -0.00366899 -6.08135e-05 0.000580607 -7.86166e-05 0.000549899 -0.00171728 -0.000317765 -0.000250128 -0.000677228 0.000383495 0.000863781 -0.00110651 -0.00201517 0.000130128 -0.000823163 0.00272291 0.000130493 -0.00302947 0.00386113 -0.000220234 0.00288033 0.000267043 -0.00156619 -0.00394793 0.00527064 -0.00171898 0.00181898 0.00255592 0.00473014 -0.00371661 -0.00269071 0.000375883 -0.00693431 -0.00313918 0.00280412 0.00289313 0.00101185 0.0040782 0.00138582 0.00402002 0.00583005 -0.00621672 -0.000954037 0.000676693 0.000306726 0.000807803 -0.00319177 -0.0051808 -0.00394343 -0.00772074 0.000789345 -0.00172595 0.00188394 -0.0029525 -0.00055009 -0.0018672 -0.000732489 0.000825861 -0.00138375 0.00312846 0.00402237 0.00014817 0.000245541 0.0023202 -0.0030087 -0.00417766 -0.000270884 -0.00161529 -0.00161461 -0.00267011 0.00108346 0.00424252 0.00572005 0.00171827 0.0024573 0.000685004 0.00221071 0.000243496 -0.000857733 -0.00242866 0.000198879 -0.000247743 -0.003555 0.00155963 -1.76307e-05 0.00210309 0.00343039 0.00133177 -0.000571818 -0.00363389 0.00207751 0.000138707 0.00186331 -0.000293128 -0.00145001 7.36062e-05 -0.00336191 -0.00460578 0.000810505 0.00437672 0.00316398 0.00181368 -0.000147396 0.00203175 0.000585446 0.00180923 0.000151609 0.00177965 -0.0010573 -0.000685098 -0.000380208 -0.00180451 -0.00229311 0.00134871 -0.00280932 -0.0019874 -0.00127952 -0.000482836 -0.00162335 0.00232953 -0.00276839 -0.00102243
internal_weight=226447 192976 133919 59057 5755.19 33471 53301.9 3947.96 130859 53623.9 51417.2 49162.7 77235.5 2254.48 2350.98 1596.24 2206.72 668.493 35870.8 13864.3 1763.48 22006.5 18656.8 1913.48 16743.3 8738.63 3982.95 4755.68 2162.72 2188.22 1834.48 3349.7 1900.73 3122.96 1697.73 1031.49 840.989 460.745 754.741 652.741 17431.1 16860.3 570.744 16163.1 48977 816.243 3059.98 3365.97 190.498 15393.7 697.24 2567.46 1110.74 1097.24 609.743 405.495 204.248 262.496 8004.64 1422.98 6581.66 5355.93 2111.97 456.244 1820.22 765.739 353.745 12100.9 1471.73 1373.73 14993.2 1585.99 274.246 226.747 10629.1 2662.22 48853.5 37108.3 11745.1 11232.4 3239.22 7993.16 20918.3 1865.23 1200.49 2715.23 2209.98 1653.74 7648.42 74884.6 4238.21 270.248 1010.99 1135.49 483.243 5985.18 1823.98 1112.24 1663.23 15927.3 5342.95 10584.4 3283.22 1390.49 18077.3 15348.4 14526.4 821.992 261.996 581.993 353.995 4909.94 1054.49 952.489 462.245 3967.96 400.994 70646.3 267.997 3860.46 3231.72 1004.99 1225.73 1373.99 1018.24 401.496 1807.22 300.497 556.246 606.745 4824.94 3882.45 2706.71 1128.24 915.238 942.488 364.495 577.993 1578.48 1175.73 70337.3 344.997 69992.4 28714.5 41277.9 40560.6 1699.23 1269.74 429.495 28487.2 889.492 765.494 14118.4 336.746 13781.6 6051.94 380.244 38861.4 4235.71 7729.68 1474.73 6254.95 781.493 354.246 5839.19 5151.95 4342.46 3691.96 1929.98 1775.98 650.493 687.243 629.995 1561.98 717.244 14368.9 6472.69 7896.17 3492.72 2933.22 538.246 271.498 3539.47 3051.22 2394.98 391.496 2184.23 1485.98 846.74 725.242 616.743 639.244 2036.73 1164.99 4161.2 2243.98 1917.23 796.49 1120.74 355.496 2059.98 1638.23 560.242 1077.99 487.495 1660.23 7966.92 6466.68 2980.47 3486.22 1500.23 1354.98 762.242 336.497 4038.48 20429.3 2025.73 2762.47 169.498 1189.73 901.988 1655.73 373.744 212.247 418.496 972.739 478.745 337.747 847.741 228.748 755.741 194.748 1122.48 13399.4 8968.18 4431.21 2249.48 6718.7 2138.73 1719.23 488.247 366.247 2331.71 818.488 1513.23 360.245 34625.7 560.993 221.746 3772.96 1582.73 1497.98 400.495 184.248 3454.22 1221.74 1015.49 854.742 238.498 344.748 34295.2 9854.16 572.995 9281.17 8060.18 24441 6498.69 10292.9 1220.99 9593.41 1561.49 14148.1 9438.42 9095.92 6883.44 2212.48 342.498 2099.48 4783.96 4543.46 1418.99 240.498 3124.47 1287.99 4709.71 1111.24 716.243 622.494 468.745 611.495 535.495 2877.72 2434.23 2232.48 1056.24 423.495 1600.98 1126.49 4565.71 1115.74 3449.97 3340.22 963.491 16190.1 4487.95 11702.1 5719.68 5982.43 3330.21 1443.73 3024.96 2652.22 3044.22 2217.73 305.246 1368.74 2304.47 1164.74 1139.74 864.24 3415.2 2958.96 714.24 443.243 504.495 2043.98 2191.23 311.496 1879.73 971.241 235.497 1930.23 2244.72 1907.72 1721.73 1001.99 6355.44 1722.23 1546.74 4633.21 3366.22 1266.99 2921.23 872.742 2048.48 186.499 1352.99 201.497 5903.95 5506.45 1843.23 619.995 1223.24 526.745 345.497 227.748 618.993 165.748 453.245 1154.99 490.495 2003.48 493.994 418.495 2514.97 1801.48 713.494 1629.48 1540.98 506.244 262.998 1761.98 726.243 1152.98 960.233 715.738 1281.98 1091.23 511.743 579.492 474.744 261.997 772.99 664.494 2154.48 3625.97 1006.99 207.248 1396.24 1152.74 20056 5706.94 3529.46 2504.47 566.244 14349.1 14104.6 8443.42 5661.19 4297.7 1363.48 1076.24 517.494 8239.92 273.747 3135.72 245.497 724.988 666.242 206.747 625.493 353.497 425.997 508.745 459.495 194.498 543.243 746.493 1478.74 1073.74 872.989 616.744 207.748 963.238 1497.23 599.494 897.737 372.495 225.746 525.242 212.747 7966.17 1017.49 2216.48 1836.48 325.247 223.498 170.498 304.497 2728.97 2226.73 273.497 426.745 432.245 273.248 355.746 280.747 241.498 658.994 659.741 969.239 456.244 276.246 974.239 670.242 303.996 1945.74 1024.99 742.242 282.747 432.994 322.496 1051.99 887.491 4579.96 999.742 3580.22 1822.99 730.244 1092.74 1712.74 989.99 979.242 536.246 357.497 442.996 711.743 375.246 2068.73 686.993 3952.46 787.492 3164.97 1346.99 754.493 592.495 452.746 1035.74 673.49 561.242 478.743 312.996 236.247 759.991 552.993 415.495 699.493 10954.7 7355.7 6402.7 3598.97 1502.74 177.749 1324.99 2134.73 1623.49 1359.74 978.491 381.247 824.242 538.245
internal_count=905799 771914 535683 236231 23021 133885 213210 15792 523443 214498 205671 196653 308945 9018 9404 6385 8827 2674 143485 55458 7054 88027 74628 7654 66974 34955 15932 19023 8651 8753 7338 13399 7603 12492 6791 4126 3364 1843 3019 2611 69725 67442 2283 64653 195910 3265 12240 13464 762 61575 2789 10270 4443 4389 2439 1622 817 1050 32019 5692 26327 21424 8448 1825 7281 3063 1415 48404 5887 5495 59973 6344 1097 907 42517 10649 195416 148435 46981 44930 12957 31973 83674 7461 4802 10861 8840 6615 30594 299541 16953 1081 4044 4542 1933 23941 7296 4449 6653 63710 21372 42338 13133 5562 72310 61394 58106 3288 1048 2328 1416 19640 4218 3810 1849 15872 1604 282588 1072 15442 12927 4020 4903 5496 4073 1606 7229 1202 2225 2427 19300 15530 10827 4513 3661 3770 1458 2312 6314 4703 281352 1380 279972 114859 165113 162244 6797 5079 1718 113950 3558 3062 56474 1347 55127 24208 1521 155447 16943 30919 5899 25020 3126 1417 23357 20608 17370 14768 7720 7104 2602 2749 2520 6248 2869 57476 25891 31585 13971 11733 2153 1086 14158 12205 9580 1566 8737 5944 3387 2901 2467 2557 8147 4660 16645 8976 7669 3186 4483 1422 8240 6553 2241 4312 1950 6641 31868 25867 11922 13945 6001 5420 3049 1346 16154 81718 8103 11050 678 4759 3608 6623 1495 849 1674 3891 1915 1351 3391 915 3023 779 4490 53598 35873 17725 8998 26875 8555 6877 1953 1465 9327 3274 6053 1441 138504 2244 887 15092 6331 5992 1602 737 13817 4887 4062 3419 954 1379 137182 39417 2292 37125 32241 97765 25995 41172 4884 38374 6246 56593 37754 36384 27534 8850 1370 8398 19136 18174 5676 962 12498 5152 18839 4445 2865 2490 1875 2446 2142 11511 9737 8930 4225 1694 6404 4506 18263 4463 13800 13361 3854 64761 17952 46809 22879 23930 13321 5775 12100 10609 12177 8871 1221 5475 9218 4659 4559 3457 13661 11836 2857 1773 2018 8176 8765 1246 7519 3885 942 7721 8979 7631 6887 4008 25422 6889 6187 18533 13465 5068 11685 3491 8194 746 5412 806 23616 22026 7373 2480 4893 2107 1382 911 2476 663 1813 4620 1962 8014 1976 1674 10060 7206 2854 6518 6164 2025 1052 7048 2905 4612 3841 2863 5128 4365 2047 2318 1899 1048 3092 2658 8618 14504 4028 829 5585 4611 80225 22828 14118 10018 2265 57397 56419 33774 22645 17191 5454 4305 2070 32960 1095 12543 982 2900 2665 827 2502 1414 1704 2035 1838 778 2173 2986 5915 4295 3492 2467 831 3853 5989 2398 3591 1490 903 2101 851 31865 4070 8866 7346 1301 894 682 1218 10916 8907 1094 1707 1729 1093 1423 1123 966 2636 2639 3877 1825 1105 3897 2681 1216 7783 4100 2969 1131 1732 1290 4208 3550 18320 3999 14321 7292 2921 4371 6851 3960 3917 2145 1430 1772 2847 1501 8275 2748 15810 3150 12660 5388 3018 2370 1811 4143 2694 2245 1915 1252 945 3040 2212 1662 2798 43819 29423 25611 14396 6011 711 5300 8539 6494 5439 3914 1525 3297 2153
is_linear=0
shrinkage=0.01


Tree=2
num_leaves=512
num_cat=0
split_feature=45 27 35 20 43 48 58 20 20 53 5 55 59 6 38 37 38 20 58 45 59 20 51 37 38 20 51 20 37 30 48 59 59 48 58 58 58 6 30 20 5 38 37 58 30 20 53 51 53 43 5 35 43 58 43 20 58 53 58 58 53 58 37 30 30 48 30 45 58 37 38 38 20 6 58 53 38 37 48 37 53 48 38 37 29 6 30 6 6 20 58 6 43 58 6 37 59 53 53 30 20 43 53 37 58 58 53 37 48 29 37 38 20 5 20 4 30 38 38 53 43 43 59 38 6 29 43 30 59 48 58 37 30 29 35 51 58 59 43 53 37 59 38 58 6 38 38 48 37 5 30 58 37 5 20 35 10 58 38 20 20 38 38 37 58 6 38 43 37 20 59 51 48 58 30 20 35 53 59 6 37 6 38 37 59 29 59 20 5 29 58 53 53 20 5 38 11 53 30 30 59 37 6 30 58 5 53 37 37 43 58 29 51 30 38 51 59 37 38 37 58 58 5 38 55 58 20 6 58 58 53 53 48 53 38 53 45 35 37 59 58 59 53 53 58 6 38 58 58 38 59 30 6 37 6 4 59 37 37 38 29 51 58 51 58 37 29 18 51 58 38 20 51 29 38 59 37 20 38 38 59 53 43 37 6 35 45 18 59 35 51 20 20 58 53 58 6 38 38 6 38 51 48 45 53 5 37 37 59 58 38 53 30 4 9 48 10 48 29 35 20 53 20 6 53 6 29 30 29 48 58 53 53 59 37 37 29 58 53 6 30 58 19 53 37 37 53 6 59 38 58 37 53 53 30 38 20 38 58 38 58 20 59 51 58 29 27 35 37 6 48 58 58 59 59 35 37 58 9 29 30 6 30 58 30 30 53 38 37 38 53 53 30 38 38 37 20 30 51 51 51 38 37 58 38 53 35 18 58 53 43 30 58 53 53 55 30 38 37 4 20 58 48 51 45 37 48 30 59 30 58 38 30 58 30 51 29 38 20 58 19 59 51 29 20 4 20 59 37 38 45 53 53 35 53 38 20 53 43 6 37 58 30 9 20 29 53 48 5 58 37 43 53 18 37 53 58 37 48 48 37 9 58 53 6 43 30 38 20 30 20 6 38 30 6 20 59 18 51 5 18 5 18 20 38 59 38 38 20 18 37
split_gain=362.608 152.339 142.414 127.13 125.589 117.338 91.4972 85.0953 78.7891 101.707 72.5316 71.8422 69.3643 68.1167 74.5982 85.8697 69.954 70.442 67.0285 62.8602 68.2148 69.4864 158.396 65.3239 62.8089 62.476 60.6804 60.8055 60.5012 59.1728 77.6473 72.1497 56.8969 74.2562 56.2609 55.6478 55.5368 54.5681 54.4776 53.4322 53.3934 53.3499 58.3661 80.7803 76.9919 58.9629 54.4309 55.7194 53.2048 52.9067 52.7689 52.7285 51.646 81.5586 51.1454 50.8329 50.7943 49.9296 84.8521 63.079 58.1486 66.0249 64.1793 49.784 54.2973 53.8409 49.4717 48.9737 48.8944 61.3474 58.5244 59.3949 48.7208 48.3271 48.1917 82.904 46.7136 50.8248 46.5197 76.0611 69.2405 46.911 51.7836 50.4656 46.1338 45.6518 45.2181 44.9537 44.8919 44.4871 44.4743 54.8436 44.1369 66.3449 47.0972 47.0865 112.306 79.5783 92.5594 69.4431 61.491 56.9366 46.3307 86.4972 50.6712 53.6275 59.3624 44.9684 58.4277 46.1107 44.1323 43.726 59.1926 43.6735 43.6253 43.59 43.2614 43.1739 43.1228 69.5989 53.8295 43.0007 42.5486 42.4555 42.6352 42.4057 42.2765 41.8009 41.6283 40.8119 40.697 40.7859 40.58 47.336 40.1859 47.1713 40.0095 39.9132 66.6685 42.3821 39.4974 39.3964 39.1411 38.8379 38.5002 38.3502 60.1642 38.3479 38.2394 41.1985 42.8786 38.2689 37.9329 46.233 37.4781 37.395 37.3223 64.9143 51.3448 48.5517 46.0843 65.5314 71.8349 42.6958 59.0332 37.4507 47.9485 48.5852 39.8718 44.976 39.0455 37.2952 37.2357 68.5731 37.108 36.7332 81.7882 54.3568 43.7566 36.6544 36.5335 36.5285 49.9849 36.1617 51.0883 49.6616 38.2568 63.4114 48.4722 40.6794 48.3249 35.9887 35.9093 48.0558 51.6675 35.7687 35.7064 35.6642 43.3966 35.5643 35.5365 35.3186 35.2459 35.0896 34.9675 54.5323 69.776 44.9628 64.2532 55.3702 43.7183 35.6749 35.5798 34.9191 34.905 34.7076 47.6387 42.7053 76.6781 60.1118 41.3913 68.1797 40.4825 43.9221 51.13 41.6519 69.5606 40.4267 40.2282 35.3846 45.4444 34.5621 34.4331 44.4059 34.3928 40.9612 34.2828 33.9372 33.8744 33.8102 43.8652 42.7526 54.549 45.6171 46.0993 56.8158 42.6609 33.7277 33.7038 34.2349 33.6595 33.525 33.52 33.3513 33.1471 32.9393 32.8856 32.8722 65.6723 40.3093 36.5062 32.713 32.6704 45.1841 36.5104 38.829 36.2074 45.8417 35.2285 32.6244 33.6571 33.4394 32.5377 32.4292 32.3763 58.9675 71.5244 51.3796 32.3127 32.2339 47.2096 32.2078 36.1672 32.2059 32.0841 48.5721 32.0289 50.6721 40.5709 36.16 31.9087 31.8619 34.1342 42.9611 60.7706 39.4818 35.2342 31.7314 45.0372 31.3935 41.0989 31.2526 39.0921 31.2034 31.2011 31.1481 40.6382 37.8249 38.1939 40.2493 40.4005 31.0719 41.2359 31.0016 30.9436 30.9258 30.7861 30.7851 39.6737 37.9981 32.639 30.6426 30.4623 30.3932 43.4879 38.8023 36.6035 30.3816 30.7737 30.994 30.3811 30.3499 31.6116 61.1797 30.0834 53.5467 56.5646 53.3819 46.605 33.2611 32.6566 30.0308 36.224 47.922 30.8344 52.8494 51.3784 53.5376 48.7166 43.8783 40.5488 58.9191 70.8925 48.4242 45.763 45.4537 39.1775 35.1216 33.6099 46.2845 66.0727 48.6688 73.1379 42.0839 30.0155 29.9979 29.8901 29.8501 29.8447 29.7801 29.6928 47.6477 41.9736 38.7364 29.4748 29.4488 29.4089 29.3772 42.535 29.2789 30.7901 43.7433 37.0223 29.2422 29.2331 32.3408 29.2258 29.223 33.0925 43.8993 41.6535 32.8139 32.4691 29.2058 43.4675 29.0747 28.97 40.2394 28.8989 28.8341 28.7304 28.7266 33.7241 28.7075 28.703 43.0306 42.0154 44.8409 29.6963 60.0011 28.5994 28.5983 28.5055 28.3719 34.1238 28.3594 65.2716 48.2907 42.3689 36.3257 35.68 32.9523 29.8495 33.5232 28.2294 28.1619 28.1428 28.1233 28.0594 47.9973 28.0143 28.9522 27.9689 27.9456 27.888 27.8825 27.8317 27.6235 27.5246 27.4203 30.1079 27.2688 27.2345 27.2292 30.8144 27.2186 27.1244 38.952 67.9816 47.1944 27.1025 28.3141 27.0977 26.9704 26.9262 29.6096 31.1426 26.8246 35.8082 26.8121 26.787 26.7545 26.749 26.7386 26.6096 26.5731 26.5687 29.5307 26.4928 27.2344 30.6811 26.4311 32.9168 29.5571 26.4248 33.5936 26.263 33.8068 27.17 26.1861 25.9562 37.9676 35.6396 45.5077 29.6843 29.0457 26.2313 25.8803 25.8591 25.7945 25.7821 25.7714 25.7665 32.9762 33.9486 32.6396 28.5126 31.8291 27.172 25.754 25.7469 25.721 35.0028 25.6933 25.6927 25.6195 43.8983 70.9846 25.5359 25.3719 25.3371
threshold=-0.01452090637758374 0.0002233386039733887 4.1773779230425141e-05 6.396256867446938e-05 0.00095400118152610968 -0.40955552458763117 0.51398041844367992 0.00014177751290844756 3.9993414247874177e-05 0.00050571997417137038 0.32295727729797369 0.0008004294359125198 -0.98296290636062611 -0.20412473380565641 1.9523231458151716e-05 1.915255688800244e-05 2.0345690245449081e-05 2.9837153306289114e-05 0.68364018201828014 0.5635058879852296 -0.91597560048103321 3.612795808294323e-05 0.41404095292091375 2.6171182980760935e-05 1.2721833627438174e-05 4.4270853322814225e-05 0.16088055074214938 3.0138109650579285e-05 2.3911319658509459e-05 3.272294998168946e-05 -0.27303938567638392 1.0000000180025095e-35 -0.37940952181816096 -0.79804715514183033 0.63808760046958934 0.43817931413650518 0.43817931413650518 -0.025370201095938679 3.272294998168946e-05 3.9404741983162246e-05 0.30504812300205236 2.3364208573184445e-05 2.2506201275973584e-05 0.56271860003471386 0.00038045644760131841 2.8116627618146598e-05 0.00042201773612760013 0.97846475243568432 0.00033291395811829721 -0.00062728094053454686 0.12740117311477664 2.175958798034117e-05 0.00054224292398430418 0.55568379163742077 0.00026998337125405675 4.8905010771704844e-05 0.47632083296775823 0.00048284647346008574 0.52135404944419872 0.63808760046958934 0.0003517700824886561 0.59728866815567028 1.9352613890077922e-05 -0.00067710876464843739 -0.00044646859169006342 -0.99749943614006031 -2.3096799850463864e-05 0.041627891361713416 0.5277371108531953 1.4086676856095439e-05 1.4759352779947223e-05 1.9258062820881609e-05 3.73464481526753e-05 -0.03880729712545871 0.47095350921154028 0.00043603708036243921 2.3701374630036302e-05 2.3911319658509459e-05 0.74307262897491466 2.5500498850306034e-05 0.00052646271069534134 -0.19856820255517957 1.2095522833988072e-05 1.2875078482466053e-05 9.983777999877931e-05 -0.081413131207227693 0.00075787305831909191 -0.20412473380565641 0.11871983110904695 2.052381569228601e-05 0.59728866815567028 0.17388422042131427 1.2360805612843253e-05 0.45402809977531439 -0.10746141523122786 2.1687085791199937e-05 0.78656607866287243 0.00045066850725561386 0.00038516889617312705 0.00050395727157592784 5.8010869906865998e-05 0.00065130539587698888 0.0003672073944471777 1.9835305465676359e-05 0.45025055110454565 0.38480880856513983 0.00031674951605964457 2.3244567273650322e-05 0.16409385949373248 5.2869319915771491e-05 1.6865468751348093e-05 1.9296926438983068e-05 3.5289474908495329e-05 -0.032726125791668885 2.378559656790458e-05 -0.15688035637140271 -0.0004983842372894286 1.9834140402963388e-05 2.1669136913260448e-05 0.00046065266360528773 -0.00049300119280815114 -7.8512686741305502e-05 0.78656607866287243 2.1977555661578666e-05 1.0000000180025095e-35 -7.042288780212401e-05 -0.00098701420938596108 -0.00076654553413391102 0.91597560048103344 0.43762475252151495 0.60467812418937694 2.3023283574730161e-05 5.0723552703857429e-05 -7.2926282882690416e-05 2.2015995455149099e-05 0.57253080606460582 0.49147145450115209 -0.6035533845424651 0.00043412050581537193 0.00033533287933096295 2.2112847545940898e-05 0.37940952181816107 1.8539664779382296e-05 0.45402809977531439 0.28330956399440771 1.7826658222475093e-05 2.1191514861129693e-05 -0.043752470985054963 2.3023283574730161e-05 -0.1600176393985748 -0.00047948956489562983 0.55231431126594555 2.5144136088783856e-05 -0.36893573403358454 2.052381569228601e-05 2.6632193112163808e-05 0.48333333432674414 0.29652808606624609 1.7309893337369434e-05 2.3618886189069602e-05 4.8233903726213618e-05 1.8539664779382296e-05 1.6352126294805206e-05 2.307648537680507e-05 0.49982415139675146 0.078907851129770293 2.2354653083311863e-05 -0.000562652974622324 2.4601283257652543e-05 4.2068213588208898e-05 0.78656607866287243 0.31705079972743994 -0.1453258395195007 0.49928754568099981 -0.00019761919975280759 3.8080135709606118e-05 2.0074738131370399e-05 0.0003672073944471777 0.98296290636062633 0.14568797498941424 1.9956565665779639e-05 0.015676108188927177 2.3249934201885484e-05 2.5642612854426264e-05 0.37940952181816107 -0.00031474232673645014 0.78656607866287243 2.4991919417516332e-05 0.025607280433177951 -0.00044104456901550288 0.58739039301872265 0.00044838759640697395 0.0003149782278342173 4.9150574341183535e-05 0.34871007502079016 1.5630235793651085e-05 -5.4999999999999991 0.00042110256617888814 -0.00025102496147155756 -0.00030794739723205561 0.37940952181816107 1.2068453543179205e-05 -0.20816993713378903 0.00018483400344848636 0.49600188434123998 0.1878650709986687 0.00043888190703000879 2.0661425878643062e-05 1.9191063074686102e-05 0.00052184241940267395 0.52537909150123607 0.00027483701705932623 0.79820311069488536 -0.00038805603981018061 2.071541712211911e-05 0.48721842467784887 0.12940952181816109 2.0907249563606459e-05 2.2838878976472191e-05 1.3923077403887875e-05 0.48472881317138677 0.4954474419355393 0.25042650103569036 2.0509980458882641e-05 0.00073598595918156217 0.52421370148658764 2.5886954972520474e-05 0.065896123647689833 0.54224228858947765 0.56007224321365368 0.00048609382065478718 0.00045900561963208025 0.30988857150077825 0.00028418158763088291 2.1323391592886768e-05 0.00035936564381700015 -0.4051773995161056 2.8535557248687841e-05 2.5041638764378152e-05 0.37940952181816107 0.4885436892509461 -1.0000000180025095e-35 0.00027873010549228644 0.00027592825063038623 0.46854893863201147 0.026835984550416473 1.6664872418914459e-05 0.56958347558975231 0.55231431126594555 1.8756949430098761e-05 -1.0000000180025095e-35 0.00051301717758178722 -0.265025645494461 2.641725131979911e-05 -0.028653027489781376 -0.1666019409894943 -0.91597560048103321 1.7342286810162481e-05 1.8181749510404192e-05 1.6208900888159409e-05 -9.6410512924194322e-05 0.022862119600176815 0.54018494486808788 0.45257498323917394 0.52081444859504711 2.2711509700457103e-05 5.0723552703857429e-05 2.8431415557861332e-05 0.79820311069488536 0.49206821620464331 2.3701374630036302e-05 2.0169464733044155e-05 0.91074231266975414 -0.00014695525169372556 1.9103094928141221e-05 0.37940952181816107 2.4601283257652543e-05 4.7377086957567378e-05 1.4631212252425032e-05 2.2115139472589366e-05 0.12940952181816109 0.00036795686173718428 -0.00026883171813096846 1.8055020518659152e-05 0.10311907902359964 2.4340293748537082e-05 -0.25351443886756891 -0.00011011958122253417 -1.0000000180025095e-35 2.5427279979339804e-05 0.41871881484985357 4.0279604945681065e-05 2.4931235202529937e-05 0.5368943214416505 0.00043888190703000879 0.51969859004020702 -0.069718375802040086 1.8649346202437304e-05 2.1929720787738919e-05 0.23433531820774081 1.6259193216683346e-05 0.088912583887577071 -0.52933755517005909 -0.7714531123638152 0.00044503142999019479 0.085417404770851149 2.2870650354889225e-05 2.3797212634235624e-05 0.60355338454246532 0.54426515102386486 2.342350762774004e-05 0.00034864220651797956 -0.00040242075920104975 0.077973764389753356 0.45000000298023229 1.3650233745574953 0.68333333730697643 0.77142339944839489 0.00031679868698120123 2.2821669517725244e-05 2.5672438823676206e-05 0.00043130939593538647 2.7339277949067767e-05 -0.065890006721019731 0.0004096722550457344 -0.20007108151912686 -2.0653009414672848e-05 3.272294998168946e-05 0.00016790628433227542 0.51940560340881359 0.51573905348777782 0.00044612708734348422 0.00036019898834638303 -0.6035533845424651 1.4086676856095439e-05 1.5372382222267337e-05 1.4007091522216799e-05 0.58059304952621471 0.0002384868421358988 0.42974612116813665 -7.6621770858764635e-05 0.64532396197319042 4.2749161366373307e-05 0.00039639823080506181 2.3516940927947875e-05 2.265930106659653e-05 0.00044724576582666492 0.0062631503678858289 0.60355338454246532 2.1574975107796494e-05 0.43175931274890905 1.859011445048964e-05 0.00032114543137140577 0.00035565323196351534 7.7426433563232435e-05 1.8310347513761375e-05 3.5714123441721319e-05 1.8425547750666741e-05 0.49206821620464331 2.114740618708311e-05 0.53132659196853649 2.5886954972520474e-05 0.12940952181816109 0.2995069026947022 0.5277371108531953 0.00059837102890014659 1.3887882232666017e-05 2.5329952222818978e-05 2.4373111045861154e-05 0.25760427117347723 0.42995302379131323 0.52715218067169201 0.54294437170028698 -0.7865660786628722 0.12940952181816109 1.2287002391531134e-05 2.4601283257652543e-05 0.54085642099380504 0.15000000596046451 -9.6410512924194322e-05 -0.0005276501178741454 -0.091810919344425188 -0.00067710876464843739 0.45743021368980413 -0.00017675757408142087 0.00027412176132202154 0.00047447274846490478 2.33084747378598e-05 2.0284521269786641e-05 2.1058015590824656e-05 0.00040871753299143171 0.00045330259308684623 -0.00015601515769958493 1.819458884710912e-05 1.6259193216683346e-05 2.4518877580703705e-05 4.1091578168561689e-05 1.0000000180025095e-35 0.95994704961776745 0.11143541336059572 0.31705079972743994 1.8539664779382296e-05 1.8753213225863877e-05 0.37093254923820501 1.7273624507652133e-05 0.00033696700120344763 1.8502142665965952e-05 -0.00011661648750305174 0.51513949036598217 0.00033371172321494674 -0.00027448938635643566 5.4895877838134772e-05 0.61452722549438488 0.00038516889617312705 0.00033455099037382757 0.00078970371396280836 -0.00014767050743103025 1.7496062355348844e-05 1.6513198715983893e-05 0.14284249395132068 2.1021905013185464e-05 0.40868325531482702 0.28454031050205236 0.92434248328208934 -0.39111837744712824 2.5974095478886742e-05 0.0052053809631615886 0.00014561414718627932 0.37940952181816107 5.8829784393310554e-05 0.51513949036598217 2.2164276742842052e-05 0.00022751092910766604 0.55653968453407299 -0.00029125809669494623 0.82855343818664562 2.3663043975830082e-05 2.2406917196349244e-05 2.9687376809306446e-05 0.47556744515895849 2.5229098355339378e-05 0.78656607866287243 0.069803420454263701 9.983777999877931e-05 4.3618962081382058e-05 -0.083273801952600465 2.2244918909564152e-05 0.78656607866287243 2.0410798242664899e-05 1.999914456973784e-05 -0.69672843813896168 0.00032114543137140577 0.0003402351430850104 3.0809902455075651e-05 0.00040686283318791544 1.9523231458151716e-05 2.6570557565719358e-05 0.00042944187589455401 0.00043412050581537193 -0.33285792171955103 2.4946564735728319e-05 0.54634186625480663 -0.00018087029457092282 0.050000002607703216 2.822338683472481e-05 0.00023192167282104495 0.00043888190703000879 -0.68609434366226185 -0.26401482522487635 0.54294437170028698 1.626033372303937e-05 -0.00071112939622253169 0.00035859410127159213 -0.00019100308418273923 2.1780127099191308e-05 0.000387588850571774 0.50986516475677501 1.8671928955882325e-05 0.25328937172889715 0.33640341460704809 1.6667869203956801e-05 0.75000000000000011 0.54561465978622448 0.00033941658330149954 -0.31165106594562525 -4.9761125410441302e-05 -2.3096799850463864e-05 2.1425158593046948e-05 2.8327903237368449e-05 0.00055474042892456066 2.7621841582003984e-05 0.23433531820774081 1.649090245336993e-05 0.00056630373001098644 -0.017497132532298561 2.5124092644546184e-05 -1.0000000180025095e-35 -0.00011011958122253417 0.86940553784370433 -0.42633916437625879 -0.00011220574378967284 0.18140349537134173 -0.00017133355140686032 3.132072743028403e-05 2.0467909052968029e-05 0.78656607866287243 1.6208900888159409e-05 1.819458884710912e-05 2.5962506697396751e-05 -9.2059373855590807e-05 1.9352613890077922e-05
decision_type=2 2 2 2 2 2 10 2 2 2 2 2 2 2 2 2 2 2 10 2 2 2 2 2 2 2 2 2 2 2 2 2 2 2 10 10 10 2 2 2 2 2 2 10 2 2 2 2 2 2 2 2 2 10 2 2 10 2 10 10 2 10 2 2 2 2 2 2 8 2 2 2 2 2 8 2 2 2 2 2 2 2 2 2 2 2 2 2 2 2 10 2 2 10 2 2 2 2 2 2 2 2 2 2 10 10 2 2 2 2 2 2 2 2 2 2 2 2 2 2 2 2 2 2 2 2 2 2 2 2 10 2 2 2 2 2 10 2 2 2 2 2 2 10 2 2 2 2 2 2 2 10 2 2 2 2 2 10 2 2 2 2 2 2 10 2 2 2 2 2 2 2 2 10 2 2 2 2 2 2 2 2 2 2 2 2 2 2 2 2 10 2 2 2 2 2 2 2 2 2 2 2 2 2 10 2 2 2 2 2 10 2 2 2 2 2 2 2 2 2 10 10 2 2 2 10 2 2 10 10 2 2 2 2 2 2 2 2 2 2 10 2 2 2 10 2 2 10 10 2 2 2 2 2 2 2 2 2 2 2 2 2 10 2 10 2 2 2 2 10 2 2 2 2 2 2 2 2 2 2 2 2 2 2 2 2 2 2 2 2 2 2 2 10 2 10 2 2 2 2 2 2 2 2 2 2 2 2 2 10 2 2 2 2 2 2 2 2 2 2 2 2 2 2 2 2 2 2 2 2 10 2 2 2 2 2 2 10 2 2 2 8 2 2 2 2 2 2 2 2 10 2 2 2 2 2 2 2 10 2 10 2 2 2 10 2 2 2 2 2 2 10 10 2 2 2 2 10 2 2 2 2 2 10 2 2 2 2 2 2 2 2 2 2 2 2 2 2 2 2 2 2 2 10 2 2 2 2 10 2 2 2 10 2 2 2 2 2 2 2 2 10 2 2 2 2 2 2 2 2 10 2 2 10 2 2 2 2 2 10 2 2 2 2 2 2 2 2 2 2 2 2 2 2 2 2 2 2 2 2 2 10 2 2 2 2 2 2 2 10 2 2 2 2 2 2 10 2 2 2 2 2 10 2 2 2 2 2 2 2 2 2 2 2 2 2 2 2 2 2 2 2 2 2 2 2 2 2 2 2 2
left_child=2 4 3 5 7 6 10 19 9 11 156 34 115 14 15 55 25 172 51 20 24 26 29 57 375 -16 27 73 63 30 39 443 192 90 286 -12 54 -36 40 -23 253 42 43 44 -6 46 -44 376 -46 142 68 -11 53 72 400 480 -37 59 113 60 62 204 137 141 65 -65 250 -40 111 432 -71 365 -19 89 75 86 77 203 81 80 88 127 439 426 -50 251 252 262 492 -22 91 274 93 94 -85 97 100 98 102 107 101 154 103 104 105 106 -94 108 -98 237 -57 112 464 -59 386 -5 -3 -113 120 213 331 123 313 -14 -125 -55 -93 433 341 -101 446 140 133 144 -104 -136 -117 138 139 -24 -132 -13 -28 -130 404 314 -147 -31 149 -35 151 -151 153 -38 -97 238 158 -158 -1 180 165 162 195 471 304 201 167 170 169 -168 261 -33 330 -174 -137 177 -177 410 236 -100 500 -25 -183 186 -185 -186 187 466 442 -188 231 -92 -10 194 -194 303 -119 198 248 -199 -173 383 -86 -60 323 211 207 208 210 -209 -207 476 -210 -120 -172 216 217 219 -219 424 311 -222 223 224 -223 -226 -227 -228 -224 387 -231 -191 281 369 235 -96 -179 -110 -121 241 -241 242 -134 -243 -245 -246 377 -190 249 -195 -17 -73 -51 -9 -122 -163 -4 259 -259 -221 -260 -167 264 436 265 -76 -266 -268 499 270 403 -271 -235 374 393 277 -277 -276 -90 -215 -281 -52 -283 -230 285 -118 287 -8 -288 -290 -236 292 293 294 -156 -296 395 463 489 401 -301 302 -150 -162 -165 306 -225 -308 -309 310 -310 -218 -313 -107 -91 -287 -208 318 -198 -319 -321 -300 -53 324 325 -62 -325 -270 412 -330 -18 332 333 -41 338 336 -336 340 -89 -337 -338 344 343 -343 345 350 -346 356 349 -347 353 352 -352 -129 355 413 -348 -354 363 360 -360 509 -363 -357 -146 468 -323 -257 -77 -234 371 373 -372 -340 -58 -2 398 -247 -379 380 381 -273 -383 -159 -295 -386 -109 388 -217 -390 -391 -389 -392 394 -34 -294 -262 -398 -48 -39 -26 402 -244 -203 408 -406 -407 -408 -106 -410 -145 -327 -329 414 -353 417 487 418 438 508 -419 -418 428 -424 -95 -154 -84 -326 429 -423 -320 -432 -70 -15 -178 -123 -264 -175 -254 440 -83 -187 -189 -32 -445 -204 447 448 -66 -449 -412 -452 -112 -274 455 -382 -457 458 479 -27 -47 -318 -349 -155 -21 -465 -30 -468 -72 -470 -471 -161 -473 -474 475 -364 510 478 -478 -63 484 482 483 486 -7 -486 -482 -417 -373 -299 -484 -402 498 495 -495 504 497 -497 -80 -265 -160 -298 -503 -441 -494 506 -242 -508 -420 -362 -206
right_child=1 116 256 12 41 13 8 38 32 18 35 28 121 78 16 66 17 52 -20 50 21 22 23 181 36 459 49 -29 183 147 31 171 33 148 37 56 152 399 67 118 -42 -43 45 -45 48 460 47 -49 84 74 232 322 -54 125 -56 110 273 58 76 -61 61 457 -64 64 130 -67 -68 -69 69 70 71 85 -74 -75 87 368 -78 -79 79 -81 -82 82 83 92 202 -87 -88 334 278 145 191 126 95 215 234 96 99 -99 179 129 -102 -103 134 -105 132 122 -108 114 109 -111 452 117 -114 -115 -116 136 284 196 119 155 254 435 -124 124 -126 -127 -128 128 143 -131 131 -133 239 -135 135 174 -138 -139 -140 -141 -142 -143 -144 175 364 146 -148 -149 301 150 -152 -153 425 297 291 -157 157 160 159 163 161 255 -164 164 -166 166 168 -169 -170 -171 214 200 173 437 -176 176 434 178 -180 -181 -182 182 -184 184 185 441 189 188 247 190 -192 -193 193 197 -196 -197 317 199 -200 -201 -202 269 445 -205 205 206 316 209 212 -211 -212 -213 -214 279 -216 229 220 218 -220 257 221 222 228 305 225 226 227 -229 283 230 -232 -233 233 272 290 -237 -238 -239 -240 240 505 243 299 244 245 246 -248 -249 -250 -251 -252 -253 415 -255 -256 367 -258 258 260 -261 396 -263 263 268 266 -267 267 -269 327 271 -272 379 453 -275 275 276 -278 -279 -280 280 -282 282 -284 -285 -286 315 288 -289 289 -291 -292 -293 296 384 295 -297 501 298 321 300 -302 -303 -304 -305 -306 -307 307 308 309 -311 -312 312 -314 -315 -316 -317 461 319 430 320 -322 366 -324 326 427 411 -328 328 329 -331 -332 -333 -334 -335 335 339 337 -339 370 -341 -342 342 -344 -345 346 348 347 462 -350 -351 351 354 357 -355 -356 358 -358 -359 359 -361 361 362 474 -365 -366 -367 -368 -369 -370 -371 372 488 -374 -375 -376 -377 -378 378 -380 -381 454 382 -384 -385 385 -387 -388 391 389 390 392 -393 -394 -395 -396 -397 397 -399 -400 -401 491 -403 -404 -405 405 406 407 -409 409 -411 450 -413 -414 -415 -416 416 421 420 419 -421 -422 422 423 -425 -426 -427 -428 -429 -430 -431 431 -433 -434 -435 -436 -437 -438 -439 -440 503 -442 -443 -444 444 -446 -447 -448 449 -450 -451 451 -453 -454 -455 -456 456 -458 -459 -460 -461 -462 -463 -464 465 -466 -467 467 -469 469 470 -472 472 473 -475 -476 -477 477 -479 -480 -481 481 -483 490 -485 485 -487 -488 -489 -490 -491 -492 -493 493 494 -496 496 -498 -499 -500 -501 -502 502 -504 -505 -506 -507 507 -509 -510 -511 -512
leaf_value=-0.0019920391623651982 0.00080338955424392989 0.0019489148151322089 0.0001096505266180673 0.0047208997570675941 0.0048398444126190494 0.0021972602115432381 -9.9135664433740617e-05 0 -0.00021777945194093322 0.0032367468475119738 0.0060986408695774472 -4.8838157062697973e-05 0.0053331428322120423 0.00050830606579550851 -0.0072304428384183132 0.0004703611425247492 -0.0064448273308586211 -0.0061039000498308875 0.0046554422138918305 -0.00084567900094936787 -0.0045146796016915444 -0.0025718631181799391 -0.0020306127536431203 -0.008170218013041906 0.00033581139317854179 -0.0037667874948735559 -0.0026247149877943366 0.0024611738738598813 -1.2965861185199723e-05 0.0022715753174898106 -0.0011384494085972937 -0.0014522016738878324 -0.0060871447574240298 0.0051550857703354996 -0.0011719370760599555 -0.00089199462205091643 0.0056073189751336449 0.0079951331490653466 0.00091750019321352419 -0.0045508102459306332 0.0062830377980385389 -0.0053665501799448467 0.0082556168288688246 -0.0075230563108495572 0.0030225324522606214 -0.0011583313742983593 0.0061806117769448044 -0.004158931630162903 0.0020869462515169237 -0.0020234244915505826 2.0603207586712958e-05 -0.00630409104511921 0.0033351182908322964 -0.0092269749300352265 0.003029029603515811 -0.0066935780907510182 0.0059849232322783906 0.0002590159367762716 -0.003082880374115974 0.003590465090767297 -0.0056363007623298923 -0.0026556895937263581 0.0038093923154653569 0.003276225952974264 0.0061176213748917671 -0.0009447556799299868 0.00010834805062205473 -0.0043859009606061561 -0.0011147621185639755 -0.0047700373228088564 0.0014645920838268732 -0.0028672113731051958 -0.00044053134015306069 -0.0023777472041702765 0.00036602950332398045 0.0029306720083919356 0.0045047041811335647 -0.0043556485671173133 -0.0044280160266103033 -0.0068618445498763335 0.0075663388183597226 -0.0030254587103006685 0.0004884045673426465 -0.0059770274189022352 -0.0088147069316779052 -0.0014843616152240518 0.0071017104192304956 -0.0010096768916393896 0.0023225856774683816 -0.00011202782173134698 0.0071488707386202924 -0.0021717079586661011 0.0020070465106994469 0.00084943802134328315 -0.00080932676293930816 -0.0035225596104259019 -0.0010932621629791343 -0.0057224428966160777 0.0013652694211852285 -0.001321331970490401 -0.0057470761148278662 0.0059609364554359659 -0.0020883417455308064 0.0035462601390565856 -0.00045009707851639271 0.0037779283941481636 -0.0074057416161376708 0.0037592703292370247 -0.0075166423940896876 0.00057291327144142303 -0.0035806341847673855 0.0032778603015351342 -0.0028362800684102714 0.0078040909056725513 -0.0022590939516164785 -0.0060306425914698168 -0.0011595782177643355 -0.0030306297673569843 -0.0067462332690115794 0.0078702387230379766 -0.0010278291407939714 0.0021342531099667215 0.0071449942348267891 -0.0041691108961096216 0.0041248136528841033 -0.00083572427340797392 0.0058364244296876082 -0.0039801654899440028 0.003140416211402259 0.0069216283522913003 0.0017052986203420354 0.0039623423351909078 -0.0048258412654149339 -0.0006627655260359694 -0.004420326321970011 -0.003129624873157075 0.00018450161325274527 -0.00023948527355307017 0.003298188185728045 -0.0069485776579713415 -0.0057190770912653056 0.0046504558373255539 0.0045289524456610932 0.0023820565482471517 0.00086900009824496455 0.0041231672925264714 -0.0012140584837103542 -0.0012599363801774016 0.0036997455334299425 -0.0048071010618080407 0.0020408317679419495 0.0015844858933564993 -0.0054420540531450569 -0.0011309557478441712 -0.005159713407438025 -0.0011360292508586763 0.0079974157379151811 0.0018782682922543429 -0.0015221679810738025 0.0043449547301401522 -0.0046760046141983147 -0.0073874843344564787 0.0035531292464248648 -0.0085878974848750591 0.0041865045394264286 0.0012443859528956703 0.0061713709299605788 0.000279990754883374 -0.0030666190605532035 -0.00036898262102196634 -0.0058453042985020676 -0.0092351208857598781 0.0078127787936866817 -0.0018142217076651283 0.0028366867455111343 -0.0068048774648664543 0.0059021884420816864 -6.0127193780243027e-05 -0.0080853800673768381 0.0038599337295156465 -0.0032428748702386001 0.0036012147105881492 -0.0053323714715195333 -0.0017560859802586185 0.0089496028048984076 0.0041998302750920801 -0.003047131130899901 0.0069778820468175216 -0.0066508270520684136 0.0076299452755937474 -0.0020983153173509627 -0.00041213859609290457 0.0076452572242676018 0.00024718659066498815 -0.00015974359804842242 -0.0052248058312816424 -0.00078775822534995533 0.0067878654609857701 0.0048354677501054608 -0.00058690187495496278 -0.0031438187289694274 -0.0031866172996474489 -0.00028564345994002929 0.0041946312017318342 -0.0050721593119178524 -0.0075040808181456101 0.00047707935424431329 -0.0044557347951134337 0.008784224276299062 0.0024748601432946029 0.0016481866085602923 0.0003278125492866476 0.0011592508217434677 -0.0052206145894870782 -0.0002936480190502395 0.0016937244951101321 0.0051412548040564877 0.0058149708991404149 -0.0025587720912691233 0.00026303550261544661 -0.0039877301185946637 0.0014524755543951636 0.00080667823440466388 0.0057250819129115301 0.00096164149996504317 -0.005098186495658753 0.0028397466559245683 -0.0035023568910845376 0.00056793360964794114 0.0038585094271690067 -0.0031818557618996492 0.00029221059260418198 -0.0012307003776808364 -0.0018252165677636388 0.0005795792724451889 0.0034828560060015303 -0.0044859212842646504 -0.00044550052796630445 0.00015457437045572386 -0.0042675186042059462 0.0022948224200561034 0.004462483139143358 -0.001063159119807152 0.0057744708247421698 0.0018313813998234647 -0.0037956133849690312 -0.0057405375383729161 0.00066443806170902954 0.0021387564605734634 -0.0081623241111471075 0.0068870647953038202 -0.006909797943751495 0.0013761486107063074 -0.0060193901500454521 0.0019619292617082834 -0.00036464991058070501 0.0044459088661551668 0.005922008215045552 0.0021160567977746452 -0.0045285525484600481 -0.006585728164606959 -0.002382982946620689 -0.0038704646953120294 -0.00013588460564307615 0.0013878246328147793 0.0053300296417115945 -0.0074667281602133172 -0.00086990593430023866 -0.0037512292488627629 -0.0040033962909785939 -0.0024701682632491582 -0.0041219966527018155 0.0012527603959420384 0.0002211287270106816 0.007152777250612502 0.00083881817672721432 -0.008750386315806373 -0.0017593446241919116 -0.0038604620396859978 -0.0044468453456553867 0.0034440405743827907 -0.0013275107566589367 0.0033908525806674679 -0.0061462095837985934 -0.00070786922129849718 -0.0027543864064282502 -0.0031281612528687025 0.0017460562087450854 -0.00041880760645340723 0.0053890262207120353 -0.0062440066766088253 -0.00053944985627513988 0.0015710070519915592 -0.0016568801075089225 0.0035896770967052422 -0.0039690546894663274 0.0042236104645869575 0.0039553820446599931 0.0036037182652400518 -0.0014741344251206951 0.0066358985153726494 0.0062292792012616782 -0.0033778121179323856 0.0019629679969070763 -0.00073377317030942136 -0.00039013334547256004 -0.0021509631105894327 -0.0012435766868357382 0.0048755757549530394 0.0075746503739143722 -0.0037894300295213722 0.0068162131736900066 -0.00037116330699549899 0 -0.0058489361828594202 -0.0066992055078761679 0.0093953045874494209 -0.0064539346761298601 0.0012101757300921482 -0.003441666103558737 0.0039282313307731831 0.0018571596359957879 -0.0010310274375073883 -0.00011116672170421519 0.0048545110599420493 -0.004665580787800193 -0.0037907170379636412 0.0049469792871449144 0.0040434095514238731 -0.0023840788984645766 0.0011186289788900306 -0.00053293652532853514 0.0064913727687135672 0.005190799968747605 0.00086748186922893462 -0.0001150913039167094 -0.00010610944843453555 0.0012628734754657268 0.0082567832869412071 -0.0041979370509124475 -0.0041182764723478368 0.0037000063818013402 0.0066623112766882641 -0.0032047241023112978 -0.0040484631074425735 0.0051571373650398386 0.00062136596023065272 0 0.0058438566259597291 -0.0022252237100644566 -0.00010978322166156522 -0.00030284139875057502 0.0028846303607897535 0.0016864360883342114 0.0018972889222188575 -0.0040564200837576656 -0.0061298703617643667 -0.0017076074048925744 0.0029564308379267418 -0.0033111882943273924 -0.0052406031114849913 -0.0044151731985021319 0.00078337244951800209 0.0007483882122145658 -0.0045754174440876911 0.0047584385133723397 -0.005269210068910824 -0.0053449012813592276 0.0086607293730103126 -0.0067599153618735199 -0.0020955397552047442 -0.0023951702151680573 0.0040833716777320976 0.002696772221532976 0.0011967492876235964 -0.0040550049028784743 -0.0010301081918738637 -0.00322504801718375 0.0045344986388864087 -0.0015378780916650348 0.0022366421543880944 0.0036271315909602113 -0.0019931015078596794 -0.0049893807098150833 0.0046080853547174599 -0.00073220026695626408 -0.0027578913462559251 0.0073879075942564973 -0.0029268580040315239 0.0055726288654742483 0.0021115132667749704 0.00028734463511190472 -0.0031938466477866006 -0.0096688144412225303 0.0023240930692338862 -0.0043772696004619575 -0.0039112315093280279 0.0045981646036615106 -0.00034358031822656599 0.00055253696327916689 -0.0045327023449436574 -0.0060118307868273178 0.005183377331942368 0.0019135089902013811 0.0064160935496328075 0.0047115300900875436 -0.0033212026462071478 0.0028949430064502697 0.0032118989496483152 -0.0030641398931568588 0.0021106233989608416 0.0017278986318098599 -0.00093704304239487291 0.00074481071733217233 -0.0062685562401748399 0.0012348550317267638 0.0032197390498955236 -0.0008531672489552059 0.001052571300445412 -0.0054984874531740866 0.0040975894395008493 -0.0043829334302953058 0.0013839917052988603 -0.003092889820582919 0.0086264695894545645 0.00044702774780346706 0.0049483634959187383 -0.00049302560351206391 -0.0039687364413886674 0.0039550542119400544 0.0078506509665398471 0.00040204651978429501 0.0046143440660098654 0.0081248818114953367 0.00032877553196859451 -0.0032173679875631663 0.00085358668759882546 0.0042400463735633867 -0.0011316601200314364 -0.0037729075974424161 0.0021479153324654525 -0.0022818362611243823 0.00013312970380234754 -0.0021517452410121513 0.0039653394427190316 -0.0045181736474015737 0.0038199492978534715 -0.00076173808451288159 -0.0036659148395677761 0.0070080480913329406 0.00030732991078399712 -0.0038601098537342309 0.0032697343588988766 -0.0034900966475074568 0.0050767338843813493 -0.0060664018619114614 0.0018519033932119086 -0.0077102890302081185 0.0012233332431316952 0.0035080166731486081 -0.0066744369955830767 0.0013445096646440451 0.0051596491593321626 0.0017168665185215131 0.00092270659173137042 -0.0013697575338402599 -0.0072129461395927475 0 -0.0032093932994567338 0.0039728324072599904 -0.0009371954173620446 0.003830918678964677 0.0026698339520392434 -0.0016917496056745006 -0.0014898223977643527 0.0071746551110014409 0.0045411087853377873 -0.0029194561780681518 -0.0023408382133033967 -0.009327137524120975 -0.0062133465605122076 -0.006296493401094466 0.0041872354346123401 0.00042897645346986758 0.0016541690707930371 -0.001629266803835181 -0.0012053888251540256 0.0071290172830074036 0.002756927998064004 -0.00049399684191006707 -0.0015000713688198342 0.00029530346740283265 0.0013318881325136232 0.0011706709121138878 -0.0057933623929735034 0.0066435630594416494 -0.0021567864808563165 -0.0010492821950395736 0.00076538394510320903 0.0054496969806484587 0.0025533206899800661 -0.0038841038746817644 0.0030855665971504195 0.00074549982334342984 0.0060443262926493761 0.00050843724317871245 -0.0063055064049498321 0.0023846091095880979 -0.0034842437367029106 -0.0004153956735839609 0.00035074375005470242
leaf_weight=1955.7246161401272 172.24788472056389 282.49491494894028 222.24443340301514 79.248135656118393 135.49800729751587 628.99162524938583 4039.6831001192331 458.49457462131977 177.9967402368784 75.247918829321861 274.99351042509079 200.24566093087196 911.47014498710632 114.24820078909397 414.99574549496174 124.24835799634457 74.999304607510567 171.74842488765717 87.997498422861099 4092.471346154809 177.74794284999371 400.99391692876816 669.99361297488213 187.99911920726299 315.74280907213688 77.249630004167557 75.248789951205254 408.49349443614483 114.2484417706728 2154.9616741091013 567.49371416866779 434.99496623873711 121.748345926404 230.99538393318653 134.49715687334538 615.98936538398266 285.49558308720589 210.49539192020893 193.24791529774666 81.998891681432724 93.498283892869949 463.99678647518158 92.748849213123322 295.74808321893215 125.49928615987301 383.49739001691341 199.49595755338669 155.99948291480541 114.248728916049 506.24264176189899 1190.4901822656393 412.4924540668726 116.49838745594025 250.2478474676609 239.49643616378307 231.49825356900692 341.99380385875702 129.74858908355236 87.999323531985283 240.74765095114708 228.24814389646053 245.74747866392136 305.7464934438467 391.739855915308 76.248348891735077 1110.7313126623631 372.7440123707056 1055.2423588484526 119.49901340901852 606.9957051128149 430.2470967322588 728.24398550391197 797.242839589715 2390.219731643796 1641.7273066490889 483.99104611575603 109.24924749135971 364.74680857360363 220.99814946949482 195.49700996279716 78.498611316084862 156.24855390191078 248.2476411908865 156.99782426655293 134.49918951094151 1513.2376318573952 82.748897463083267 872.24133186042309 79.749311625957489 390.24561394751072 106.74704383313656 91.248078420758247 136.49847982823849 85.248879507184029 824.49025025963783 209.99688732624054 464.74314951896667 187.99749659001827 2224.4654422700405 95.998904168605804 135.49874261021614 173.24628049135208 1508.9795316457748 797.73649446666241 802.48863138258457 424.74450118839741 97.248891532421112 222.24635930359364 558.99380932748318 92.998233273625374 98.498779878020287 442.24638757109642 1340.2405485957861 196.49759005010128 1012.2384503334761 168.24721743166447 2408.9870536029339 326.24737253785133 145.4980408847332 134.99672275781631 576.49070735275745 1554.2200013995171 187.74745348095894 95.248463213443756 113.49714927375317 89.999096602201462 145.24677404761314 528.49463014304638 148.99727720022202 108.99821712076664 106.2467507570982 120.2476172298193 318.99701704084873 1919.2245802134275 128.99796570837498 106.99816209077835 214.4954314827919 3381.4625888317823 152.24811840057373 243.49737332761288 148.74742677807808 1145.4749339520931 414.99097736179829 206.99727463722229 202.74730037152767 477.98914787173271 346.24395246803761 337.24629706144333 313.24261964857578 202.99655473232269 679.73282597959042 141.99552661180496 105.4991901665926 507.99508638679981 272.24629412591457 150.24727231264114 88.246602922677994 76.249006688594818 324.24533174932003 350.24266186356544 78.248647183179855 164.24764256179333 388.99196903407574 94.499070212244987 84.748048827052116 415.49274209141731 262.49506716430187 2012.4737922549248 85.99867308139801 155.24718704819679 369.74384208023548 166.99810655415058 156.24795277416706 227.9974148273468 554.74146491289139 91.748398289084435 152.24780589342117 296.24641872942448 204.99757455289364 828.73735596239567 547.24335460364819 81.999096378684044 141.99887180328369 178.49761591851711 132.99709460139275 120.99780048429966 126.99780990183353 112.7477969378233 85.998489677906036 179.2453198581934 112.99709211289883 111.74691458046436 527.73568321764469 78.998302534222603 93.497612595558167 190.49639192223549 836.24264784157276 234.49238522350788 132.49605824053288 77.497747555375099 300.74684059619904 93.248479142785072 237.9985189139843 149.2485264390707 78.999419614672661 78.999249890446663 135.99864299595356 398.49567081034184 102.74840904772282 140.2480586618185 92.49891659617424 706.74339066445827 150.74796982109547 113.49766883254051 173.74656412005424 1874.9699549525976 237.99710276722908 489.99093648791313 122.99857914447784 741.49216930568218 411.99477945268154 953.98885910212994 235.99684973061085 319.49282559752464 425.24337114393711 514.24293763935566 244.49473486840725 141.24749839305878 86.248995676636696 1085.4813966155052 81.998548075556755 105.74754942953587 284.24800263345242 627.74479478597641 99.748507723212242 280.7453468888998 445.49553780257702 86.748994678258896 99.74803139269352 502.49372355639935 135.74857446551323 295.24627457559109 852.49034552276134 113.99880591034889 568.49264734983444 139.99861796200275 226.24818953871727 137.24717034399509 114.49588334560394 85.747642293572426 292.74454049766064 326.74780982732773 2881.466021463275 95.749318674206734 945.23383118212223 347.74348573386669 1036.4709900170565 251.99506635963917 354.99257633090019 206.74726219475269 92.249129816889763 551.49132780730724 156.74768376350403 88.49883596599102 215.49694891273975 156.49782276153564 156.49802021682262 297.49609591066837 82.498794302344322 163.24802877008915 175.24768400192261 208.99644885957241 1390.2384218275547 340.49486720561981 108.99769371747971 148.24548348784447 129.74808360636234 111.74794170260429 614.24326805770397 96.748550578951836 193.99598750472069 184.49732005596161 794.74138662219048 245.49740660190582 1788.9873052090406 3121.9834910929203 545.99389503896236 2317.7145739346743 1601.976948261261 94.748503550887108 153.74756875634193 1466.9823244512081 221.24547782540321 164.24672864377499 200.24572938680649 79.997981607913971 746.98620860278606 1157.98141720891 91.24886229634285 98.499234303832054 115.99821166694164 421.49021050333977 81.998582184314728 232.49579750001431 108.99872788786888 393.99421390891075 194.49694511294365 147.49766436219215 93.999191582202911 182.99658443033695 80.999312818050385 75.248616978526115 458.99363587796688 423.24404467642307 107.49874529242516 214.74934078752995 122.99829412996769 116.99931697547436 1000.2405755072832 96.999547943472862 102.74955596029758 74.998796001076698 171.74618814885616 338.24580039083958 141.49863421916962 80.249244228005409 1631.4813610315323 345.49491734802723 88.748709306120872 218.99769496917725 101.49844916164875 110.49660989642143 420.23743875324726 154.24697485566139 602.74319386482239 29785.625136733055 258.24735926091671 274.99636374413967 150.24830596148968 181.24787302315235 1170.9863926023245 200.99703031778336 118.74680085480213 163.24664567410946 509.24200513958931 98.998408570885658 150.24743248522282 220.49589316546917 265.9944473952055 227.99656188488007 3542.9596275240183 139.99813422560692 1475.4757403880358 189.24639502167702 478.24195112287998 538.49319440126419 158.24789656698704 168.49691314995289 680.99086093902588 352.74483770132065 268.49752803146839 162.7467185407877 166.99608078598976 252.99578182399273 164.24764047563076 80.49969071149826 139.74802927672863 175.24747583270073 115.74702218174934 149.49884083867073 355.24564480781555 231.49785074591637 134.99866518378258 746.49187934398651 236.74504247307777 341.99683639407158 143.74874578416348 94.749006778001785 162.2482602596283 533.49171459674835 587.99060332775116 251.74443683028221 184.2468127310276 160.24877601861954 342.24264810979366 149.24762059748173 75.998793125152588 136.99742336571217 421.74327817559242 141.49746362864971 224.99702543020248 124.49782301485538 196.49695253372192 82.249101608991623 89.498861268162727 103.74784104526043 104.49830074608326 80.249066606163979 87.24950210750103 78.998598590493202 416.99525254964828 84.748921751976013 75.498724788427353 3882.1822285056114 268.74432626366615 254.74465852975845 217.4949756115675 205.99612464010715 824.48676913976669 165.99779891967773 140.24826148152351 209.74752807617188 91.998811483383179 101.99710907042027 365.74465587735176 228.99679379165173 132.49742329120636 166.99812117218971 386.49570000171661 164.248355910182 697.73955877125263 109.74893465638161 481.74205368757248 230.49651327729225 123.99855683743954 207.49761778116226 364.74605277180672 228.7477767765522 615.74300362169743 127.49838581681252 128.74847392737865 92.999190181493759 203.49775691330433 76.498185515403748 209.99526526033878 83.499162077903748 395.49296264350414 88.248267263174057 490.99354000389576 579.49410924315453 288.49647130072117 98.747982785105705 115.74802023172379 95.74905264377594 268.99663351476192 476.99755583703518 1543.4620511829853 121.99804286658764 247.99692080914974 164.74729534983635 232.99763582646847 447.74512524902821 91.998807802796364 109.99934528768063 233.24417904019356 82.998964443802834 76.748342171311378 220.24799731373787 121.99843864142895 85.748976156115532 105.2494480907917 77.748893901705742 174.74695514142513 2202.9731099158525 1045.4906524270773 296.4967739880085 264.9960405677557 77.248963132500648 502.99715286493301 114.49866414070129 2117.9851712137461 280.49544356763363 217.99599276483059 424.99403263628483 83.998777136206627 172.2450956851244 99.998920664191246 2347.7269079387188 88.499180644750595 79.999477833509445 227.24695518612862 120.49851055443287 192.74667116999626 464.24336710572243 392.99363769590855 743.98961818218231 222.49712008237839 108.74827010929585 137.74768653512001 132.99845398962498 107.74851253628731 134.74761089682579 362.4950625449419 115.74833297729492 126.74864737689495 79.248447194695473 325.49568708240986 99.498494565486908 154.49860261380672 507.9921987503767 259.99649454653263 93.248791590332985 175.74692849814892 142.99825863540173 174.99665266275406 681.74260231852531 307.49674843251705 115.49832278490067 157.49823270738125 196.49777710437775 620.74367029964924
leaf_count=7823 689 1130 889 317 542 2516 16159 1834 712 301 1100 801 3646 457 1660 497 300 687 352 16370 711 1604 2680 752 1263 309 301 1634 457 8620 2270 1740 487 924 538 2464 1142 842 773 328 374 1856 371 1183 502 1534 798 624 457 2025 4762 1650 466 1001 958 926 1368 519 352 963 913 983 1223 1567 305 4443 1491 4221 478 2428 1721 2913 3189 9561 6567 1936 437 1459 884 782 314 625 993 628 538 6053 331 3489 319 1561 427 365 546 341 3298 840 1859 752 8898 384 542 693 6036 3191 3210 1699 389 889 2236 372 394 1769 5361 786 4049 673 9636 1305 582 540 2306 6217 751 381 454 360 581 2114 596 436 425 481 1276 7677 516 428 858 13526 609 974 595 4582 1660 828 811 1912 1385 1349 1253 812 2719 568 422 2032 1089 601 353 305 1297 1401 313 657 1556 378 339 1662 1050 8050 344 621 1479 668 625 912 2219 367 609 1185 820 3315 2189 328 568 714 532 484 508 451 344 717 452 447 2111 316 374 762 3345 938 530 310 1203 373 952 597 316 316 544 1594 411 561 370 2827 603 454 695 7500 952 1960 492 2966 1648 3816 944 1278 1701 2057 978 565 345 4342 328 423 1137 2511 399 1123 1782 347 399 2010 543 1181 3410 456 2274 560 905 549 458 343 1171 1307 11526 383 3781 1391 4146 1008 1420 827 369 2206 627 354 862 626 626 1190 330 653 701 836 5561 1362 436 593 519 447 2457 387 776 738 3179 982 7156 12488 2184 9271 6408 379 615 5868 885 657 801 320 2988 4632 365 394 464 1686 328 930 436 1576 778 590 376 732 324 301 1836 1693 430 859 492 468 4001 388 411 300 687 1353 566 321 6526 1382 355 876 406 442 1681 617 2411 119144 1033 1100 601 725 4684 804 475 653 2037 396 601 882 1064 912 14172 560 5902 757 1913 2154 633 674 2724 1411 1074 651 668 1012 657 322 559 701 463 598 1421 926 540 2986 947 1368 575 379 649 2134 2352 1007 737 641 1369 597 304 548 1687 566 900 498 786 329 358 415 418 321 349 316 1668 339 302 15529 1075 1019 870 824 3298 664 561 839 368 408 1463 916 530 668 1546 657 2791 439 1927 922 496 830 1459 915 2463 510 515 372 814 306 840 334 1582 353 1964 2318 1154 395 463 383 1076 1908 6174 488 992 659 932 1791 368 440 933 332 307 881 488 343 421 311 699 8812 4182 1186 1060 309 2012 458 8472 1122 872 1700 336 689 400 9391 354 320 909 482 771 1857 1572 2976 890 435 551 532 431 539 1450 463 507 317 1302 398 618 2032 1040 373 703 572 700 2727 1230 462 630 786 2483
internal_value=-2.08299e-05 -0.000410539 0.000389831 0.000350644 -0.000312943 0.000290615 0.000710679 -0.00025361 0.0011494 0.000827153 0.000198236 0.000993838 0.00230288 2.62986e-05 -0.000906264 -8.749e-05 -0.00221929 -0.00132284 -0.00272722 -0.000214653 -8.94563e-05 -0.000176326 -0.000632064 -0.00122974 0.00086603 -0.00525182 2.52885e-05 -0.00110968 0.00172786 0.00050909 -7.15789e-05 -0.00174018 0.00227603 0.00151648 0.000391898 0.00209005 0.00114388 0.00386602 -0.00234283 0.000772625 0 -0.00227417 -0.0016974 -0.00297564 -0.00175824 0 0.00187336 0.000592128 -0.00266951 0.000127749 -0.000701502 -0.00384978 -0.00255973 -0.0031416 -0.000866299 -0.000763025 0.00128996 -0.00111441 0.000975657 -0.0012746 -0.00136787 -0.0018507 -0.000468817 0.00227517 0.00169585 0.000171227 0.00284573 -0.00354772 -0.000970372 -0.00162355 -0.00184092 -0.00151641 -0.00156769 -0.00150046 9.28824e-05 0.00079094 -0.000952632 -0.00208818 0.000138884 -0.00115503 -0.000635946 0.000201027 0.000377939 0.00044031 -0.00347744 -0.00264938 0.000498664 -5.18777e-05 -0.000979371 -7.62036e-05 -0.000395082 -0.00128961 0.000393672 0.000844479 -0.0011131 0.000139433 -0.000535969 0.000420434 0.000494717 -0.0021363 0.000424306 0.000644053 0.000154243 0.00040529 0.000173573 0.00203887 -0.0021053 -0.00260101 -0.00399258 -0.00571329 -0.00394012 -0.000508023 -0.000977612 0.00504945 -0.00126721 -0.00121049 -0.00175757 0.000453465 0.00120814 -0.000576722 0.00194444 0.0029031 0.00301524 0.00441831 0.000219315 -0.00723254 0.00274022 -0.000277136 -0.000341198 0.00319828 0.00258508 -0.000389843 -6.68305e-05 0.00056085 -0.00113753 0.000659011 -0.00266172 -0.00078316 -0.00245357 -0.00348374 -0.00265384 0.00394607 0.00333187 -0.0014908 0.0013225 0.000564063 0.00188177 0.0017795 0.00266921 0.00151025 0.000586518 -0.00217892 0.00157708 0.00179601 0.000394334 0.00258021 -3.64413e-06 0.000281677 -0.000767003 0.000123253 0.000211883 -0.0013704 0.000406081 0.00126615 -0.00207443 0.000448335 -0.000309454 -0.000729879 0.00250823 0.00378926 -0.00207452 -0.00372376 0.00135981 0.00281433 0.00177913 -0.00180642 0.000700058 -0.00239393 -0.00410284 0.00206962 -0.0014317 -0.00508317 -0.00195296 0.000211655 0.00239802 0.00453521 -0.000606835 -0.0018442 0.000771342 0.00148624 0.00305726 0.00348772 0.00387758 0.00442947 0.00647105 -0.00204046 -2.22898e-05 0.00252324 0.000477994 0.00497075 -0.0056491 0.000905634 -0.00427959 0.00138771 -0.00158956 -0.00109073 0.000666389 -0.0007008 0.00166004 -0.00259173 -0.00280671 -0.0016758 0.00473933 -0.00283564 -0.00417942 0.00108702 0.000694991 0.00178869 0.00407539 0.00105949 0.00015352 -0.000200097 0.000178425 0.000567968 -0.000284644 -0.00155301 -0.002758 0.000409994 -0.00225431 0.00181606 0.00330192 0.00517053 0.00022448 -0.00055371 -0.000458025 0.0003057 -0.00279254 -0.00663867 0.00493973 -0.000715694 -0.00182502 -8.73736e-05 -0.00127087 0.00104489 0.000201375 -0.000401739 -0.00246338 -0.00238646 -0.00170772 -0.00443136 0.00512992 -0.00424313 0.000404297 -0.00122293 0.000817675 -0.0036463 0.00370961 0.000438664 0.00181313 -0.000832994 1.27048e-05 -0.000810482 0.000892335 0.00184415 0.000113258 0.000862918 -0.00183792 -0.00340522 0.00277742 0.00104928 0.00157856 8.95009e-05 4.22285e-05 0.00276127 -0.00255506 -0.000883535 -0.00385655 0.00278677 -0.00307678 -0.00112929 0.000636691 0.00114906 0.00247308 -0.00441074 -0.00190398 -0.00226918 0.000209729 0.000573795 -0.000809395 -2.38323e-05 -0.00363982 0.000620535 0.00129486 5.36168e-05 -0.00194622 0.0012447 0.0023813 0.00153213 0.00267127 -0.000268222 0.00301831 0.00434852 0.00209127 4.90712e-05 -0.00491263 0.00194154 0.00285206 0.00139035 0.002821 0.00452575 0.000785041 0.00226936 0.000814536 0.00193429 -0.00156774 -0.00305263 0.00445516 0.000404468 0.000862927 -0.00238953 0.000270833 -0.000688379 -0.00487252 -0.00248373 -0.000890029 -0.00273099 -0.00317638 0.00135487 0.00202953 -0.00033585 -0.00232238 0.00407698 0.00487529 0.00164024 -0.000173121 -0.000257534 -0.00171965 -0.0026457 0.000849915 -0.000143236 -0.00341859 -9.37256e-05 0.00229589 0.000547662 -0.00019807 -1.97875e-05 -0.00169397 4.69648e-05 0.00282738 0.000120588 -0.000198296 -1.42113e-05 0.00068387 -0.00245373 -0.000931942 -0.00133463 -0.00294327 0.00238707 -0.000787522 -0.00010436 0.000567691 -0.00098774 0.000897679 -0.00251535 -0.00162649 -0.00060321 -0.002749 -0.0022057 0.00431263 -0.00339448 0.00178572 0.00258578 -0.000261492 0.00380998 0.00416503 -0.00242108 0.00246638 -0.000362017 0.00157523 0.000441985 0.00111454 -0.000549415 0.00122495 -0.00272341 0.00177591 0.00298211 0.00196677 0.00123643 0.000917615 -0.00054452 0.001245 0.00433898 -0.000349141 -0.00509411 -0.00254428 -0.000413571 -0.00257654 -2.92066e-05 0.00423729 0.00619573 -0.00200829 -0.00102865 -0.000435227 0.00177352 0.00173367 0.00313611 0.00166125 -0.000258231 0.000955493 0.00210046 -0.000752728 -0.000163681 0.00367906 -0.00378445 -0.00472953 0.000588485 -0.000395257 0.000997368 0.000529399 -0.00165284 0.00312122 -0.0012096 -0.00163305 -8.24202e-05 0.00589582 -0.00168553 0.00324628 0.00164347 -0.00287336 0 0.00200314 0.0051012 0.00249503 0.00413898 0.00290981 0.00181381 -0.000540745 0 0.00100062 -0.00167694 0.00023538 0.00125634 0.00388083 0.000197509 0.00227919 -0.00318262 0.00311125 0.00122491 -0.0010854 0.003803 -0.00160474 -0.00243712 -0.000180973 0.000850512 0.00221767 0.00119076 -0.00236813 -0.00485051 -0.00313149 0 -0.0026012 0.00677217 0.00245842 0.000906992 -0.000479782 0.00133481 -0.00439822 -0.00572536 -0.000774845 -0.0011424 -0.000643454 0.00205797 0.00109569 -0.000146923 0.00309277 0.0043029 -0.00211886 -0.00259035 0.00129953 -0.00479672 -0.00030178 -0.00134782 -0.000746561 -0.00173536 0.000484006 -0.000468098 -0.00393519 0.00348104 -0.00037889 0.0034812 0.00211918 -0.00334953 -6.42708e-05 0.000602368 -0.00255718 0.00139101 -0.000402838 0.00258608 -0.00230997 0.00461102 0.00028287 0.00328536 0.000498693 -0.00285568 0.00306384 -0.000767731 -0.00232315 -0.003887 -0.000302453 -0.00334402 -0.000357633
internal_weight=226533 116257 110276 109018 108439 105798 40818.3 105287 21956.6 17113.9 18861.7 16366.5 3219.93 64979.6 6965.41 4312.69 2652.72 2074.73 747.484 103391 82293.2 75469 23164.2 15212.6 6824.16 577.994 52304.8 4298.44 7342.35 7951.62 5459.41 1834.98 4842.63 3319.68 9024.11 1810.22 6309.92 423.991 1896.23 3624.43 647.742 3152.48 2688.48 1520.49 1224.74 1167.99 679.243 586.494 1089.24 48006.4 21097.6 659.487 1425.74 1309.24 1106.98 3522.95 1535.22 14800.6 1037.49 13763.1 13522.4 8769.41 4752.95 5377.89 4032.17 1502.47 789.737 1248.49 16366.1 6744.45 6421.45 5814.46 968.991 3889.95 47516.1 8169.64 711.244 601.995 58014.2 2627.72 2432.22 55386.5 40462.2 39294.9 963.744 2568.23 7569.9 39346.5 2353.72 1499.73 1247.22 1028.73 38681.9 13903.5 1515.73 24778.4 7253.89 17524.5 17336.5 2718.96 4534.93 4399.43 14283.3 11983.6 11185.9 1269.48 233.747 2513.97 1203.48 738.741 421.996 9621.68 6478.2 326.246 1310.48 461.991 7817.2 3143.47 3223.44 934.732 2288.7 2757.93 1035.74 1120.22 208.746 340.247 236.495 14924.3 14733.5 204.997 2529.69 375.242 9916.37 5026.17 2299.72 790.738 382.743 4447.2 1065.74 913.491 254.994 1345.72 490.24 2577.72 3106.95 1321.98 824.233 2492.21 2072.45 1255.72 1024.72 344.992 5202.93 4889.94 4226.18 384.992 17051.5 12402.3 4649.18 2693.46 12314 1577.47 890.233 1561.97 288.246 10736.6 4026.69 3522.95 503.741 417.742 1510.47 902.74 648.991 472.494 661.74 2428.72 453.991 1974.73 946.74 3053.2 1131.49 411.997 223.998 1964.46 531.24 352.743 1433.22 908.235 451.741 524.988 397.99 218.494 1522.96 1344.96 621.233 501.241 2701.23 723.728 411.738 311.99 467.745 6709.89 849.495 237.248 8101.41 5243.2 1300.48 963.738 424.995 538.744 171.498 3942.71 253.496 549.74 543.49 12387.8 8099.13 2654.46 612.99 2041.47 5444.67 4672.43 4260.44 3692.69 2279.22 1325.23 899.985 385.742 567.743 4288.68 1167.48 284.993 4731.46 2561.73 1358.73 1105.24 741.742 645.743 234.745 4890.19 1742.98 3147.21 1546.23 1600.98 1305.74 1191.74 623.244 223.246 279.242 164.746 416.993 1054.99 7487.15 554.244 1521.72 687.239 1258.72 1832.22 883.984 948.239 631.989 966.984 4444.19 1976.47 2467.72 1798.23 669.491 453.994 1424.23 6473.39 4150.68 2322.71 2127.98 919.234 792.236 498.739 277.994 220.746 693.993 404.242 290.745 2169.73 979.239 331.746 7534.71 5745.72 8600.12 6357.4 2242.72 1696.73 253.496 4016.18 2549.2 1208.23 552.49 280.244 1340.98 4604.44 1596.98 1227.24 214.497 816.731 395.241 310.744 203.498 1413.48 1019.48 699.99 505.493 357.995 174.999 772.239 534.242 847.989 497.744 3336.73 336.746 2374.98 2058.23 316.748 199.749 305.996 584.239 2858.22 888.491 518.245 1969.73 827.739 745.24 307.746 176.498 766.98 656.483 236.246 34902.3 32273.8 2306.97 1704.23 2628.47 29966.9 1429.23 12155.8 482.99 364.244 11672.8 10459.9 1212.98 703.738 592.989 326.995 9866.86 9149.12 5186.93 717.741 3962.19 3483.95 308.495 1643.97 2876.21 2084.72 1731.97 1050.98 585.987 791.489 366.995 3246.23 214.747 522.991 599.738 433.747 1756.23 1265.99 490.244 896.74 578.739 514.245 430.494 396.996 256.997 2159.46 1625.97 644.988 435.991 236.498 655.737 491.49 298.245 3121.2 2859.7 984.735 562.991 261.495 421.494 293.496 211.247 324.993 276.996 184.747 286.745 289.494 867.486 1012.74 927.989 3975.43 2739.95 946.98 678.236 423.491 1792.97 990.485 1027.99 289.997 437.494 607.74 505.743 6980.91 2035.47 4945.44 4080.7 708.242 864.738 1697.73 1565.23 712.239 209.247 312.997 612.994 370.246 852.99 237.247 1221.99 221.748 322.997 190.746 362.243 1637.72 552.241 316.246 3372.46 1167.24 444.745 219.746 228.496 932.239 364.746 714.996 2154.45 610.991 324.245 286.745 820.991 680.743 190.498 1500.24 980.982 747.738 159.747 667.993 447.745 162.999 488.747 200.747 395.243 3007.46 5137.96 2499.47 456.493 342.245 3165.73 2735.48 2232.48 1273.73 923.485 642.99 423.24 339.241 3235.97 2536.23 188.498 325.747 3100.96 1334.98 1214.48 913.987 1765.97 1136.98 449.744 337.745 369.246 1290.98 300.495 551.743 1659.73 1284.23 242.497 1041.73 504.243 178.747 375.497 596.491 584.242 1015.98 268.996 722.492 537.492 1240.49 558.744 422.995 543.994 464.995 699.743
internal_count=906145 465032 441113 436078 433763 423198 163276 421153 87828 68457 75448 65467 12880 259922 27862 17251 10611 8299 2990 413568 329177 301880 92658 60851 27297 2312 209222 17194 29370 31807 21838 7340 19371 13279 36097 7241 25240 1696 7585 14498 2591 12610 10754 6082 4899 4672 2717 2346 4357 192028 84391 2638 5703 5237 4428 14092 6141 59203 4150 55053 54090 35078 19012 21512 16129 6010 3159 4994 65465 26978 25686 23258 3876 15560 190067 32679 2845 2408 232060 10511 9729 221549 161851 157182 3855 10273 30280 157388 9415 5999 4989 4115 154730 55615 6063 99115 29016 70099 69347 10876 18140 17598 57134 47935 44744 5078 935 10056 4814 2955 1688 38487 25913 1305 5242 1848 31269 12574 12894 3739 9155 11032 4143 4481 835 1361 946 59698 58935 820 10119 1501 39666 20105 9199 3163 1531 17789 4263 3654 1020 5383 1961 10311 12428 5288 3297 9969 8290 5023 4099 1380 20812 19560 16905 1540 68207 49610 18597 10774 49257 6310 3561 6248 1153 42947 16107 14092 2015 1671 6042 3611 2596 1890 2647 9715 1816 7899 3787 12213 4526 1648 896 7858 2125 1411 5733 3633 1807 2100 1592 874 6092 5380 2485 2005 10805 2895 1647 1248 1871 26840 3398 949 32406 20973 5202 3855 1700 2155 686 15771 1014 2199 2174 49552 32397 10618 2452 8166 21779 18690 17042 14771 9117 5301 3600 1543 2271 17155 4670 1140 18926 10247 5435 4421 2967 2583 939 19561 6972 12589 6185 6404 5223 4767 2493 893 1117 659 1668 4220 29949 2217 6087 2749 5035 7329 3536 3793 2528 3868 17777 7906 9871 7193 2678 1816 5697 25894 16603 9291 8512 3677 3169 1995 1112 883 2776 1617 1163 8679 3917 1327 30139 22983 34401 25430 8971 6787 1014 16065 10197 4833 2210 1121 5364 18418 6388 4909 858 3267 1581 1243 814 5654 4078 2800 2022 1432 700 3089 2137 3392 1991 13347 1347 9500 8233 1267 799 1224 2337 11433 3554 2073 7879 3311 2981 1231 706 3068 2626 945 139611 129097 9228 6817 10514 119869 5717 48624 1932 1457 46692 41840 4852 2815 2372 1308 39468 36597 20748 2871 15849 13936 1234 6576 11505 8339 6928 4204 2344 3166 1468 12985 859 2092 2399 1735 7025 5064 1961 3587 2315 2057 1722 1588 1028 8638 6504 2580 1744 946 2623 1966 1193 12485 11439 3939 2252 1046 1686 1174 845 1300 1108 739 1147 1158 3470 4051 3712 15902 10960 3788 2713 1694 7172 3962 4112 1160 1750 2431 2023 27924 8142 19782 16323 2833 3459 6791 6261 2849 837 1252 2452 1481 3412 949 4888 887 1292 763 1449 6551 2209 1265 13490 4669 1779 879 914 3729 1459 2860 8618 2444 1297 1147 3284 2723 762 6001 3924 2991 639 2672 1791 652 1955 803 1581 12030 20552 9998 1826 1369 12663 10942 8930 5095 3694 2572 1693 1357 12944 10145 754 1303 12404 5340 4858 3656 7064 4548 1799 1351 1477 5164 1202 2207 6639 5137 970 4167 2017 715 1502 2386 2337 4064 1076 2890 2150 4962 2235 1692 2176 1860 2799
is_linear=0
shrinkage=0.01


Tree=3
num_leaves=512
num_cat=0
split_feature=41 42 44 39 15 39 39 59 39 44 37 15 40 41 48 15 44 44 36 39 33 36 55 33 49 59 39 37 55 59 15 55 39 55 45 37 39 47 33 52 39 47 48 36 39 37 47 36 33 36 43 43 33 51 28 47 43 51 49 37 39 33 59 33 55 59 39 44 49 55 59 33 39 37 39 37 33 47 33 39 29 51 36 44 39 55 37 29 44 33 3 33 33 15 37 39 59 36 44 42 36 37 55 37 29 36 52 39 39 42 55 37 14 42 39 55 39 49 59 55 44 55 39 51 44 55 33 39 39 36 39 37 28 49 37 39 52 39 39 47 59 39 36 41 39 44 51 55 52 33 39 52 37 55 37 33 39 52 44 52 15 33 37 37 55 55 59 47 52 47 29 44 49 55 59 55 47 51 55 37 33 37 47 37 39 39 59 36 52 52 49 55 39 37 55 33 36 39 49 49 55 33 45 59 55 37 39 49 39 33 33 36 33 59 59 36 44 51 39 37 36 43 44 48 55 39 51 42 37 33 43 9 39 33 52 39 36 44 36 42 33 37 43 33 59 9 36 29 33 53 36 9 41 37 33 39 39 15 45 37 59 37 37 51 37 39 33 33 37 59 36 37 55 59 55 37 9 41 59 9 55 37 59 55 37 36 39 51 43 15 48 55 59 39 43 39 37 39 39 39 52 52 15 40 45 33 36 39 39 39 28 39 42 59 36 55 52 36 51 47 39 44 33 37 59 3 42 59 33 39 51 39 39 59 39 37 48 44 37 51 55 37 47 39 59 51 47 43 47 33 55 51 39 48 29 33 33 44 37 15 49 47 44 51 37 37 39 52 33 36 45 37 55 49 44 39 33 41 37 29 55 48 48 47 33 39 33 44 51 44 49 42 28 49 52 59 14 15 43 3 33 39 39 39 36 39 55 37 9 55 55 37 55 59 3 44 39 37 36 39 37 37 33 36 52 44 33 47 29 28 55 36 51 39 33 59 43 48 59 33 49 36 39 36 15 47 39 39 55 37 48 29 39 39 51 56 9 55 33 39 37 44 51 52 44 47 42 41 55 47 33 47 44 47 44 40 48 33 36 55 39 51 52 45 36 47 29 59 33 44 55 43 42 45 47 59 33 3 52 43 48 49 37 39 9 39 44 41 59 33 49
split_gain=349.559 143.742 128.672 106.853 114.235 103.756 134.674 149.897 108.324 107.655 89.0596 88.5132 87.7114 85.2405 85.0261 79.8226 92.8238 75.9952 95.0596 112.33 103.65 89.7704 82.4571 75.1023 85.2651 66.7914 62.4599 58.5066 98.3685 70.5098 58.9908 57.9588 85.7069 66.8349 90.9746 57.1653 85.2077 65.4351 56.8695 76.816 76.3803 70.4343 83.068 71.5174 56.4824 54.8268 99.3724 68.5471 66.9742 54.4477 56.4551 54.7401 54.3036 61.4136 54.2492 54.0964 124.266 81.173 77.1951 67.8881 86.7354 98.5377 65.5007 73.2861 70.5552 61.4188 67.6446 88.4614 61.4072 61.0491 63.0497 58.4667 60.9077 55.9977 71.4417 77.5957 60.7708 54.0162 53.0402 52.6287 56.5483 52.3962 52.208 51.9063 51.8457 74.6771 76.5632 83.7814 51.6375 51.3315 50.1352 49.0481 48.9115 48.7381 48.4924 48.4807 48.4802 50.2816 58.835 54.8866 52.2407 54.5713 52.8083 67.5707 51.558 47.593 47.5469 51.6701 80.5555 47.329 47.0925 68.2008 51.4438 46.3985 45.5688 45.4166 45.0498 47.0193 68.9953 63.0278 44.6551 44.4235 73.7516 58.606 100.97 53.7179 53.1083 51.6876 51.7295 56.3429 63.3851 49.8237 48.9329 46.6599 44.6397 44.1819 53.3413 44.1037 55.8582 56.4335 47.8257 58.1859 47.2142 44.4053 43.8115 91.0457 45.1089 43.6363 46.5388 45.4927 44.2393 42.8804 42.8572 54.2156 52.1252 68.842 48.1094 45.8234 47.0509 42.9633 62.778 42.8255 49.6042 42.8106 73.6598 42.711 42.6649 88.3563 52.9776 50.9879 51.483 46.6722 71.6056 45.1189 51.6958 67.2533 44.0282 43.2901 42.1969 112.159 60.2188 56.068 44.937 42.1353 81.4565 60.6808 51.8794 56.9514 51.9892 70.229 45.4554 42.0014 49.4576 46.9931 41.999 41.6727 41.6019 41.5387 41.2111 41.181 41.1353 41.0121 53.0396 40.5935 75.2481 52.7458 40.5607 41.9369 40.4859 39.6474 39.5416 41.1672 44.8713 39.4935 82.7494 41.1936 39.3423 57.1567 39.3177 39.2114 55.2006 43.8895 39.0911 39.6066 50.4867 70.9198 59.285 53.8151 41.4583 40.255 47.481 42.2747 41.1058 39.0346 50.8545 118.267 53.1845 44.3711 59.6293 40.3287 39.0221 46.3548 38.8376 68.3645 38.8198 40.5648 38.8145 85.4159 38.8078 38.768 38.7421 38.7048 38.6907 38.6722 38.6429 64.747 58.4375 41.2232 39.7033 38.6346 38.5792 61.6767 61.5264 38.2826 38.247 38.1602 38.0412 48.4906 44.808 41.4951 37.9398 57.0122 58.8668 39.3643 37.9398 37.9009 37.7168 37.6814 37.6292 37.6168 37.4026 37.3981 47.2363 54.8764 45.5143 44.9962 43.0659 65.1303 37.9099 37.3576 44.5036 37.1897 37.1336 36.9732 70.9178 63.5819 37.7057 36.9408 63.2856 36.923 36.9208 64.169 42.8383 41.1307 36.7677 36.7215 36.4748 70.8638 101.407 36.4523 41.1541 35.9671 35.9572 35.875 51.8148 35.687 35.5658 39.2859 35.4343 35.1423 35.8509 36.948 39.1169 35.198 64.7499 58.7369 37.3413 39.6853 35.0191 42.2795 35.0049 55.1047 34.9495 34.9397 34.9161 34.906 34.7234 81.1645 40.7363 34.6209 34.552 40.067 38.9356 53.4987 38.6179 34.5386 43.5006 38.5257 34.4216 34.398 34.385 40.407 36.6749 38.6149 34.3485 34.3114 34.2497 45.0146 62.2289 34.239 34.2212 34.2066 55.4202 41.6032 34.1321 64.2456 48.9418 34.1094 34.0805 34.059 33.9782 33.969 33.8782 45.2465 43.5255 33.8492 33.7283 35.7558 43.7607 33.7273 33.6504 36.6199 33.5435 65.7184 42.9845 36.8272 75.8754 42.5591 42.9949 40.6465 39.837 37.0495 35.6816 39.2875 34.3752 33.4241 33.4238 33.3889 33.3621 34.4475 35.8441 50.1522 54.9103 39.1874 38.2508 36.5196 33.3605 33.3091 33.2552 33.1878 34.4999 34.742 33.1876 45.4297 33.1618 40.209 33.1488 32.9521 32.951 51.1011 32.911 60.3668 54.5315 51.6191 42.6851 32.7992 44.042 56.5284 42.8507 39.5174 39.1878 45.9637 62.4024 58.8213 65.6282 100.301 55.8193 60.8723 55.5153 58.6356 42.2129 38.3688 38.2502 37.2793 36.2901 36.1612 34.6146 38.9217 32.7747 32.7223 32.7113 32.4991 32.3967 32.3623 32.3339 32.2917 57.7939 38.1653 42.0004 54.8943 58.865 35.8776 38.5901 32.3812 32.281 32.253 41.5903 34.5749 32.0871 36.3179 32.0389 73.0589 41.6804 36.8958 32.0187 31.9648 31.9479 37.7315 31.9019 31.9016 31.8902 31.7699 31.7488 49.0869 37.8343 31.6988 41.0578 31.6274 31.4672 41.2286 31.4444 32.1451 31.4286 31.3484 40.3777 31.2747 31.2695 31.2641 31.1803 31.1631 53.0804 51.6982 46.9725 61.644 40.5423 31.0239 30.927 30.8697 33.3331 30.5681 30.414
threshold=0.00010458218093845063 0.00061684424872510146 -0.00066065436112694431 2.132341342075961e-05 9.5012355814105848e-06 2.3568019059894144e-05 1.8582955817691985e-05 0.60355338454246532 1.6676843188179195e-05 -0.00082421465776860703 2.7044149646826557e-05 1.8276411537954121e-05 0.00011929942411370577 -9.2589849373325692e-05 -0.72051182389259327 2.0665581814682814e-06 -0.0010955886682495473 -0.00096729249344207336 2.5396941055078063e-05 2.1545747586060319e-05 -0.0014708340167999265 2.1878440747968856e-05 0.001007884042337537 -0.0015281140804290769 0.26812550425529486 -0.37940952181816096 2.3260803573066372e-05 2.2711509700457103e-05 0.00082672404823824774 -0.37940952181816096 -1.3596368262369649e-06 0.00087697710841894161 2.0474197299336087e-05 0.00090093730250373494 -0.11537084355950354 1.7342286810162481e-05 1.7551587006892081e-05 -1.0473840236663816 -0.00043627619743347163 0.58261394500732433 1.6885649529285732e-05 0.38081197440624243 -0.33963032066822046 2.7269305064692165e-05 1.9700181837833956e-05 1.915255688800244e-05 -1.19374543428421 2.5513839318591639e-05 -0.0012195408344268797 2.5174446818709843e-05 0.00023416231124429035 0.0005519074620679022 0.0013220310211181643 0.61598554253578197 -0.00021174550056457517 0.29370889067649847 6.7110395320924013e-05 0.18262807279825213 0.040689386427402503 2.1828582248417664e-05 2.2294848349702082e-05 0.0015754103660583498 0.37940952181816107 -0.0013035237789154051 0.00084680638974532496 0.78656607866287243 2.3260803573066372e-05 0.00029770510445814585 0.47257761657238012 0.00098889280343428276 0.37940952181816107 0.0012698769569396975 3.0920953577151529e-05 2.0121406123507771e-05 2.2002842342772059e-05 2.3853897801018323e-05 -0.00025632977485656733 0.99789035320281994 0.0016915202140808108 1.6264754776784688e-05 -0.00042715668678283686 0.63013309240341198 1.8235637980978939e-05 -0.00025010727404151106 2.286758535774425e-05 0.00084148978930898022 2.0705222596006937e-05 -0.00014153122901916501 -0.0012057048734277485 0.00067883729934692394 0.40982860326766973 -0.0015921890735626219 -0.001371413469314575 5.828845814903617e-07 1.8055020518659152e-05 1.8696009647101167e-05 0.98296290636062633 2.9518400879169352e-05 -0.00037872073880862439 -6.2141254602465765e-05 2.1291065422701653e-05 2.032835618592799e-05 0.00087189051555469643 2.265930106659653e-05 -0.00026997923851013178 2.4253184164990674e-05 0.26862297952175146 1.9543486814654901e-05 2.0727607989101674e-05 0.00019683926802827048 0.00093826226657256495 2.2506201275973584e-05 -6.1758100855513467e-06 -6.2141254602465765e-05 1.9116119801765311e-05 0.00070146634243428718 2.094481624226319e-05 0.54717782139778148 -0.37940952181816096 0.00087016093311831366 -0.00045571060036309058 0.000773497042246163 1.9947923647123392e-05 0.79463797807693493 0.00042890882468782371 0.0007784354966133834 0.0021181702613830571 1.6597103240201253e-05 1.7410145119356461e-05 1.949953821167583e-05 1.7097080672101587e-05 1.8551356333773587e-05 0.00014954805374145511 0.36847223341465002 2.0452359422051817e-05 1.8319929040444553e-05 0.54814597964286815 1.6676843188179195e-05 2.3121397134673319e-05 0.52475386857986461 0.78656607866287243 1.5598757272528022e-05 2.0796098397113386e-05 0.00023590021737618375 2.0351312741695441e-05 0.00012746691209031272 0.72539764642715465 0.00090278874267824005 0.74356898665428173 0.00013738870620727542 1.7925095562532082e-05 0.48939986526966101 2.0661425878643062e-05 0.00083141017239540826 2.1556226784014146e-05 -0.0002457201480865478 2.098895402014023e-05 0.25190123915672308 -0.00027575569401960815 0.60270953178405773 -3.2999715813275539e-06 -0.00095799565315246571 2.1828582248417664e-05 2.3853897801018323e-05 0.00090670850477181386 0.00090278874267824005 -0.6035533845424651 -0.12827167659997937 0.23077511042356494 -0.38224953413009638 -0.00023326277732849118 -0.00015392489149235186 0.61150968074798595 0.00096672563813626777 0.37940952181816107 0.00097985356114804766 -0.25866119563579554 0.32586884498596197 0.00085018834215588879 1.9795540538325444e-05 0.0013493895530700686 2.1335164092306517e-05 -0.40442439913749689 2.4166360162780624e-05 2.2294848349702082e-05 2.051446881523589e-05 0.91597560048103344 2.4741653760429475e-05 0.21097671240568164 0.06888275966048242 0.69935214519500744 0.00073910606442950677 2.2176954189490065e-05 1.9795540538325444e-05 0.00094625478959642362 -0.00060370564460754384 2.7541753297555264e-05 1.7551587006892081e-05 0.40000486373901373 0.42682754993438726 0.00070878324913792323 -0.00091210007667541493 -0.0049240642692893735 0.78656607866287243 0.0010101197403855624 2.1422044483188077e-05 2.2753823941457089e-05 0.2472651079297066 2.0267850231903143e-05 0.00038439035415649419 -0.0003944933414459228 2.2984987481322609e-05 -0.00081637501716613759 -1.0000000180025095e-35 -0.91597560048103321 1.6710894669813573e-05 -0.0013689709594473241 0.049011480063200004 1.9743786651815757e-05 2.5642612854426264e-05 2.4419038709311284e-05 -0.00058223906671628345 -0.0013068605912849305 -1.1155995726585386 0.00062074974994175147 1.6926748685364149e-05 0.1016620770096779 -0.00034153819433413441 1.416797113051871e-05 -0.0011045634746551512 -0.00063919543754309405 0.28333334624767309 1.6597103240201253e-05 -0.00061509013175964345 0.60761559009552013 1.2610837984539104e-05 1.7193659004988152e-05 -0.00045571060036309058 1.903455358842621e-05 -9.7498301329324008e-05 -0.00017347931861877439 1.8713035387918356e-05 0.00045069339103065437 0.00177532434463501 0.37940952181816107 0.11666667088866235 2.9196465220593385e-05 -0.00056275725364685048 0.0012698769569396975 0.00039081306022126233 2.2743046429241079e-05 0.28333334624767309 -9.0553425252437578e-05 2.3627822884009223e-05 -8.2105398178100572e-05 2.333042539248709e-05 2.2585052647627893e-05 3.1093901498024938e-06 -0.5415515899658202 1.6616506400168877e-05 0.60355338454246532 1.8792501577991064e-05 2.0284521269786641e-05 0.44307117164134985 2.3569721633975863e-05 1.9864241949107967e-05 8.4102153778076185e-05 0.0011523365974426272 1.4939813354430955e-05 1.0000000180025095e-35 2.3597231120220389e-05 1.9596944184741009e-05 0.00082829978782683622 -0.7865660786628722 0.00083141017239540826 2.4764340196270499e-05 0.050000002607703216 -0.00023220759612740946 -1.0000000180025095e-35 0.61666667461395275 0.00067145100911147903 2.5041638764378152e-05 0.60355338454246532 0.0010196352377533915 2.3797212634235624e-05 2.6171161152888093e-05 1.9400104974920399e-05 0.92100590467453014 0.00044262499432079499 3.2338342634830046e-06 -0.79804715514183033 0.00062074974994175147 0.91597560048103344 1.8905810065916743e-05 8.0236870417138575e-05 2.051446881523589e-05 1.5921425983833618e-05 1.8285544683749325e-05 1.9743786651815757e-05 2.2753823941457089e-05 0.79386553168296825 0.42379988729953771 1.5637959336345377e-06 -2.8405863304215014e-05 -0.12062033265829085 -0.0013035237789154051 3.2770647521829239e-05 2.1176370864850472e-05 1.9700181837833956e-05 2.3193556444311984e-05 -0.00012752413749694822 1.9470955521683212e-05 -0.00040594550955574954 0.98296290636062633 2.2934919797990009e-05 0.00097541886498220276 0.84443956613540661 2.0980148292437665e-05 0.14619978517293933 0.55119356513023388 1.6926748685364149e-05 0.00022842093312647196 -0.00073787569999694813 1.6616506400168877e-05 0.60355338454246532 -0.32830950617790217 -0.00014355895837070418 0.98296290636062633 0.0009970068931579592 2.3825710741220977e-05 0.80950158834457409 2.1940556507615842e-05 2.0267850231903143e-05 0.37940952181816107 1.8141888176614888e-05 2.3023283574730161e-05 -0.73269110918045033 -0.0005333682638593017 1.6910160411498513e-05 0.072828665375709548 0.00071396669954992842 1.695161881798413e-05 -0.4195758700370788 1.9661030819406736e-05 -0.91597560048103321 0.70362204313278209 0.15353759378194812 0.00029156514210626488 0.35925893485546118 -0.00011220574378967284 0.00076555533451028179 0.53287380933761608 1.8001819626078944e-05 0.46906799077987676 0.00041562318801879888 9.4354152679443373e-05 -0.00056889653205871571 -0.00048829306615516533 2.4237087927758697e-05 2.2633870599975128e-07 0.50002223253250133 -1.018824517726898 -0.00082421465776860703 0.0635526478290558 2.1643211766786411e-05 2.2816481759946331e-05 1.9543486814654901e-05 0.77314695715904247 0.00031024217605590826 1.5181441085587723e-05 -0.89678052067756642 1.7342286810162481e-05 0.00089341259445063781 0.22225242853164676 -0.00094619832816533733 1.9661030819406736e-05 0.0011107325553894045 0.00022678182722302156 1.3217517334851438e-05 0.00014168024063110354 0.00052382296416908513 -0.73269110918045033 -0.65325775742530812 -0.57038754224777211 0.00087481737136840831 1.7216157175425909e-05 -0.0010533034801483152 -0.00046381470747292036 0.37191468477249151 -0.00011921220720978452 0.19422493875026706 -0.00021595005819108334 -0.00022915005683898923 0.090889386832714095 0.62725141644477855 1.0000000180025095e-35 2.6281684313289593e-06 -1.7968896486308947e-06 0.00065130539587698888 0.18636754155158999 0.0022010803222656254 2.2176954189490065e-05 2.3409526875184387e-05 2.2470993826573252e-05 2.6094653549080252e-05 2.0727607989101674e-05 0.00090093730250373494 1.8509254914533816e-05 0.083333335816860213 0.0009529029775876553 0.00090467376867309224 2.3683743165747732e-05 0.00080211926251649867 -0.91597560048103321 0.34694918990135198 -0.0010955886682495473 1.5966174032655548e-05 2.0410798242664899e-05 2.2984987481322609e-05 2.1491980078280907e-05 1.7560636479174722e-05 1.8097270185535311e-05 -0.0017887055873870847 1.8541340068622961e-05 0.072100777179002776 1.0000000180025095e-35 8.4102153778076185e-05 0.033242413774132736 5.5134296417236335e-05 -0.00011393427848815917 0.00074539610068313788 1.7799193301470954e-05 0.65356343984603893 1.4942536836315414e-05 -0.00067415833473205556 0.37940952181816107 5.0031838327413432e-05 -0.47879599034786219 0.37940952181816107 -0.0001327097415924072 0.72052001953125011 1.6479188161611095e-05 1.6433687960670799e-05 2.2104087292973421e-05 -4.2184644826193099e-06 0.56920602917671215 1.5440608876815535e-05 1.614115080883494e-05 0.00093422079226002108 2.2921253730601169e-05 -0.8287309706211089 7.885694503784181e-05 2.094481624226319e-05 2.0600900825229477e-05 0.96300056576728832 0.0010906610405072572 0.25000000745058065 0.00075176762766204785 3.2961368560791022e-05 1.9700181837833956e-05 1.7814333659771368e-05 0.00053855989244766544 0.7547876536846162 0.87782987952232372 -0.00019545435498002914 -0.61795601248741139 -9.4424754934152575e-05 -0.00018655305757420135 0.00098429928766563556 -0.86574235558509816 0.00024408102035522464 -0.30108614265918726 -0.00039316323818638915 -0.27050703763961786 0.0010384077322669329 1.266315575776389e-05 -1.3162902593612669 -0.0019888579845428462 1.9996046830783602e-05 0.00097541886498220276 1.8976181308971721e-05 0.8766094744205476 0.52882009744644176 -0.36392055451869959 2.3084863641997803e-05 0.33960597217082983 0.00017422437667846682 -0.37940952181816096 -1.3262033462524412e-05 0.00015691107546444985 0.00063106193556450318 -0.0001589754538144916 3.0736029657418846e-05 -0.4051773995161056 -0.94545915722846974 -0.7865660786628722 -0.00056889653205871571 0.19691267609596255 0.13821011781692508 -0.00038910251168999816 -0.21691003441810605 0.25541345775127416 2.5642612854426264e-05 2.098895402014023e-05 0.11666667088866235 2.1713879505114168e-05 -0.0012524714111350475 5.1939425702585149e-06 0.60355338454246532 -5.0574541091918939e-05 0.90330454707145702
decision_type=2 2 2 10 2 10 10 2 10 2 2 2 2 2 2 2 2 2 2 10 10 2 2 10 2 2 10 2 2 2 2 2 10 2 2 2 10 2 8 10 10 2 2 2 10 2 2 2 10 2 2 2 10 2 2 2 2 2 2 2 10 10 2 10 2 2 10 2 2 2 2 10 10 2 10 2 10 2 10 10 2 2 2 2 10 2 2 2 2 10 2 10 10 2 2 10 2 2 2 2 2 2 2 2 2 2 10 10 10 2 2 2 2 2 10 2 10 2 2 2 2 2 10 2 2 2 10 10 10 2 10 2 2 2 2 10 10 8 10 2 2 10 2 2 10 2 2 2 10 10 10 10 2 2 2 10 10 10 2 10 2 10 2 2 2 2 2 2 10 2 2 2 2 2 2 2 2 2 2 2 10 2 2 2 10 10 2 2 10 10 2 2 8 2 2 10 2 10 2 2 2 10 2 2 2 2 10 2 10 10 10 2 10 2 2 2 2 2 10 2 2 2 2 2 2 10 2 2 2 10 2 2 10 8 10 10 2 2 2 2 10 2 2 10 2 2 2 2 10 2 2 2 2 2 10 10 10 2 2 2 2 2 2 2 2 10 10 10 2 2 2 2 2 2 2 2 2 2 2 2 2 2 2 2 2 2 10 2 2 2 2 2 2 10 2 10 2 10 10 10 10 10 2 2 2 10 2 10 10 10 2 10 2 2 2 2 10 2 2 2 10 2 10 2 2 2 2 2 10 10 2 10 10 2 10 2 2 2 2 2 2 2 2 10 2 2 2 2 2 8 2 2 10 2 2 10 10 2 2 2 2 2 2 2 2 2 10 10 10 2 2 2 2 2 2 10 10 2 2 2 2 2 2 2 10 10 10 2 2 2 2 2 2 2 10 2 2 2 2 2 10 10 10 10 2 10 2 2 2 2 2 2 2 2 2 2 10 2 2 10 2 2 10 2 10 2 10 2 2 2 2 2 2 10 10 2 2 2 2 10 2 2 10 2 2 2 10 10 2 2 2 2 10 10 2 10 2 2 10 10 2 2 2 10 2 2 2 2 2 2 10 2 2 2 2 2 2 10 2 2 10 2 10 2 2 2 2 2 10 2 2 2 2 2 2 2 10 2 10 2 2 2 2 10 2 10 2 2 2 10 2
left_child=2 11 5 4 13 6 7 23 9 476 15 12 38 35 280 54 -17 18 21 246 25 95 84 24 270 -21 216 28 121 83 116 32 114 -33 414 79 37 -37 41 137 78 42 92 -44 -14 48 -47 88 493 50 135 109 53 106 -7 56 57 62 -59 68 61 69 63 -5 200 81 67 -67 115 70 -61 72 110 -64 75 76 -75 281 93 233 -81 -62 -11 -30 85 340 87 -87 -48 454 248 -89 -2 376 276 -8 97 100 -99 -100 101 104 103 152 -38 -105 487 -108 113 453 111 254 -113 -109 -23 -58 117 118 -29 -120 195 126 123 132 -125 -126 127 425 129 130 319 333 265 -131 -133 136 417 140 139 191 141 -40 416 -141 146 492 -85 148 149 150 -98 -140 157 154 155 -154 210 158 339 470 -161 162 354 164 -73 -86 167 168 -112 170 177 172 263 -173 -175 -176 -177 -168 181 -180 182 -137 -181 185 497 364 188 -188 189 -187 253 -139 193 -193 -22 -76 -114 -128 -63 -69 291 202 -93 300 205 -205 -178 -208 -106 315 211 212 -155 214 -163 -216 217 -27 -148 220 221 -56 -25 244 226 229 228 372 -225 231 232 -226 -231 237 236 -236 259 238 370 289 -92 -242 243 499 245 -224 -20 -248 278 -212 478 -135 -50 418 255 256 -60 258 -256 -235 261 277 -263 356 -218 -123 -237 268 269 369 271 273 -273 -1 -103 299 -79 -97 -39 349 -15 284 -283 485 -42 -286 -287 288 367 290 -238 -65 297 294 296 482 490 -251 -299 -174 301 -57 303 -303 -266 407 398 308 -308 -197 -311 -162 -202 -184 -315 -66 -70 -318 506 320 323 322 -322 324 325 -129 -325 464 348 330 -330 -332 375 -124 -296 -164 -82 338 -338 -102 -19 -342 344 -344 -343 347 -347 -68 -207 -122 351 -130 -352 -354 480 -183 357 358 -171 -54 -346 363 -363 -275 -88 -366 -367 -288 -138 -268 -4 -80 373 374 -227 -195 377 -41 -379 -215 -372 -382 -280 -384 385 386 -385 -388 389 -389 -387 -391 -390 -394 -395 -279 -383 -380 -3 510 401 404 -403 -402 -401 -406 -55 450 -222 410 -121 -412 413 -229 415 -35 -143 -31 419 -191 423 -422 -423 424 -26 430 427 -427 445 -428 431 432 441 438 435 444 437 -436 439 440 -433 -16 443 -439 -435 -429 -446 -448 -211 -301 -233 -358 -249 -52 -46 456 -353 461 -459 460 -460 462 -457 -464 -328 -298 467 -467 -196 -470 471 472 -159 -472 -373 -18 -9 -478 -152 -361 -43 -290 483 -295 -484 -284 -487 -32 489 -95 491 -6 -146 494 -10 -302 -480 -185 -317 504 501 -501 503 -502 -104 -417 -36 508 -489 -83 -400
right_child=1 306 3 55 293 10 17 8 45 82 -12 -13 44 14 27 16 475 22 19 20 194 31 -24 222 420 26 -28 30 29 49 52 33 -34 34 318 36 96 90 39 40 77 161 43 -45 89 46 47 -49 252 -51 51 -53 359 406 219 203 59 58 71 60 65 198 73 64 209 66 345 199 316 -71 -72 163 -74 74 120 -77 -78 94 371 80 336 509 -84 144 165 86 183 91 -90 -91 240 201 -94 488 -96 260 147 98 99 -101 102 274 242 105 208 -107 107 108 -110 -111 166 112 196 -115 -116 -117 -118 -119 119 409 279 122 131 124 125 -127 197 128 350 133 -132 134 -134 251 -136 178 368 138 151 143 -142 142 -144 -145 145 -147 218 -149 -150 -151 250 -153 153 156 -156 -157 -158 159 -160 160 311 213 335 -165 -166 -167 169 -169 -170 171 -172 173 275 174 175 176 206 -179 179 180 -182 355 313 184 -186 186 187 -189 -190 190 -192 192 -194 332 468 309 -198 -199 -200 -201 312 -203 -204 204 -206 328 207 -209 -210 448 249 -213 -214 379 215 -217 264 -219 -220 -221 408 -223 223 224 225 227 -228 412 -230 230 -232 305 -234 234 235 266 239 -239 -240 -241 241 -243 -244 -245 -246 -247 247 452 -250 292 -252 -253 -254 -255 257 -257 -258 -259 -260 -261 -262 262 -264 -265 304 -267 267 -269 -270 -271 -272 272 -274 361 -276 -277 -278 395 382 -281 -282 282 283 -285 285 286 287 -289 481 -291 -292 -293 -294 295 334 -297 465 298 -300 449 495 302 -304 -305 -306 -307 307 -309 -310 310 -312 -313 -314 314 -316 498 317 -319 -320 -321 321 -323 -324 326 -326 -327 327 -329 329 -331 331 -333 -334 -335 -336 -337 337 -339 -340 -341 341 342 343 -345 360 346 -348 -349 -350 -351 352 455 353 -355 -356 -357 451 -359 -360 479 -362 362 -364 -365 365 366 -368 -369 -370 -371 380 474 -374 -375 -376 -377 -378 378 397 -381 381 396 383 384 -386 390 387 388 392 391 -392 -393 393 394 -396 -397 -398 -399 399 400 403 402 -404 -405 405 -407 -408 -409 -410 -411 411 -413 -414 -415 -416 505 -418 -419 -420 -421 421 422 -424 -425 -426 426 429 428 -430 -431 -432 433 -434 434 436 -437 -438 442 -440 -441 -442 -443 -444 -445 446 -447 447 -449 -450 -451 -452 -453 -454 -455 -456 457 -458 458 459 -461 -462 -463 463 -465 -466 466 -468 -469 469 -471 473 -473 -474 -475 -476 -477 477 -479 496 -481 -482 -483 484 -485 -486 486 -488 507 -490 -491 -492 -493 -494 -495 -496 -497 -498 -499 -500 500 502 -503 -504 -505 -506 -507 -508 -509 -510 -511 -512
leaf_value=0.0089370714248890853 0.00057782977548054152 -0.0058085271341671687 -0.0041837624603358013 0.004643109814661304 0.0055914261496664511 0.0012901773041956619 0.0058416063372071936 0.0099127985535332908 -0.0069741741221994117 -0.0059585627888099372 -0.010131080439706168 -0.005182558905584932 -0.0019319365743376033 -0.0057164536291246107 0.00045729349193326165 0.0053153158726124607 0.00067942869792242855 -0.000743779384350982 0.0027405717536157399 0.00378817665738911 -0.0029890332404697746 0.0024814980222402135 0.0068102582905383716 0.0058762977012075833 0.0048649544297060697 -0.0038396399489564266 0.0015984489205240579 0.0044318039337032837 0.0041396434427461064 -0.0018834419703945696 0.0082692820896127159 -0.00082426437139861424 0.00037743698779112145 0.0064183193642275097 -0.0066219216817555385 -0.0059136597765396719 -0.00046010236376376308 0.0044333414152360785 -0.00097064000576048751 0.0002582935381752016 -5.9683807706662547e-06 -0.0020349992102612702 0.0020367526788767974 -0.0027200841368658019 -0.00016509009265383413 0.0049954477712615755 0.0023102115758319619 -0.0088894899934851678 -0.0026695098492254972 -0.0040203656629343928 -0.0014976720576360834 -0.0029039399793244257 0.002831587961426216 0.0015187596481920579 0.0024601508415917194 0.0061469287436273692 -0.0036926187510509796 0.0028161350277453091 -0.0011086055787963374 -0.002860860896339459 0.0021278496995619112 0.0046122779908308433 0.0056819900317305006 0.0010121528137060456 -0.0067200269350556245 0.0035576762407213279 -0.0044080522733446507 -0.00087682851567026459 -0.0034509561175798389 -0.00059033735662852079 -0.0094923597236652307 -8.9151050150137977e-05 0.0064448005911920672 0.0029057293597656909 -0.00045253174897912958 -0.0096343479258230256 -0.0045806316410735362 -0.00051991605009360866 3.0579064795000589e-05 0.0036269257259483535 -0.004054285408999503 -0.0045308069843574654 0.0017281315293013989 0.00038047897814930289 -0.00052742610814840484 -0.0052036532790439008 0.0015203715160169089 0.006365609373126785 -0.002614590608719717 -0.0019130902438186175 0.0020138529570436557 0.0010824582270003338 -0.0039013548584187351 0.0050718526607013131 -0.00032643828943485962 0.0018199757928411614 -0.0062435064800962286 -0.0017351617547826839 0.0085870456208839013 -0.00024962614391393543 0.00040449313541328184 0.0066904842115822196 -0.00027959880179448653 -0.0096931854397111303 0.0023086285582005965 -0.00062963107437326435 0.0024788604927563902 -0.0085860709326219496 0.0024033180678943579 0.0028857922220559273 -0.00053727653467397366 -0.0039249078775857446 0.0046351721358016303 -0.0014044911401429167 0.0082880242323968706 0.0021713055305867279 0.0033221714029946343 -0.0029044446454352829 -0.0085337942452944921 -0.002214279271920739 -0.0053100030154239076 0.0016501599313363344 -0.00043341452660023929 -0.0040206325945318947 -0.0048067641850035158 0.001943345713599814 0.0081698613002607109 0.0058127976739689646 -0.00057618148848319448 0.0030491124253345463 -0.0038930486057952803 -0.0030960047167402521 -0.00087399094006881831 0.00063399837867000918 0.0018688232895321736 -0.0043994443679128978 0.00085495254929448302 -0.0062481368616784426 0.0025679636682038034 0.0038822360639779929 -0.0058088534870927491 0.0047309967523627211 0.007249788462094453 -0.0023324369744286075 -0.0041988962035317068 0.0060720126107445226 -0.0068159161673870825 -0.0071403494369433806 0.004531575367879891 -0.004778510900069797 0.0037386085693361473 -0.002657410858276526 0.010100131926957948 0.0040296637175174857 -0.0017091701303714336 0.0015532833758683052 0.0061080275126752662 0.0025746263278656339 -0.0084197915922147107 0.0051893208400996781 -0.0057730502697949286 0.0045239560920456879 0.003839467571690638 -0.0011945084279196198 0.0081376773624957655 0.0061728958869799733 -0.0036981641918251264 -0.0020030273777361589 0.0086613345714024285 -0.0039600376866940493 -0.0060231342673319468 -0.0039824691963169919 0.00074325689978754132 -0.0057154066719762179 0.0043410499738374573 -0.0055437888566882074 0.0036215003826262256 0.0033753117523027489 0.0064068680475455869 0.0032467182527218265 0.0056467385981447118 0.0029889851452444545 -0.0028261261060173004 -0.0027858406656573087 0.0061130799451331683 0.0024412700028701669 0.00082396856146935507 0.0080618880649588089 0.0057066791272265263 -0.0044415475742788247 0.0047034772340508518 0.00031637290324990346 -0.0063673182212259276 -0.0030118462588084377 0.0081594129355594073 0.00078895497529728881 -0.00229542659934037 0.00072557926531970811 -0.0037769497982190524 -0.0080989857744904054 -0.0027692627744498122 0.0042493271717417326 -0.0088746268239607191 0.0021608946221748698 0.0046618947237618167 -0.00071109901747505285 0.0027701871831598752 -0.0029018829216314315 -0.0015556800249722593 0.0019780391096342392 -0.0020737478705929978 -0.0060302424046334135 -0.0042899587677310827 -0.0010756938571337689 0.00060492759457035389 -0.0052259323393198266 -0.0067105749761764881 -0.010873188610017384 0 0.0022213418663230029 -0.0060128123718727047 -0.0037919177044135615 -0.0036746340291579642 -0.0009904541725128369 -0.00072147406444958288 0.0082134945789356997 0.00638388034096634 -0.0050266847881531357 0.0045002674521962749 0.0044579519389847276 -0.0012777514869017534 -0.0033437682496818095 -0.0028323204427732323 7.7081140614691402e-05 -0.0053347115006676694 -0.001968829727237051 -0.0055396174246854502 0.0030465950369113724 0.007750991367001814 -0.0068295912706710848 -0.0068619252055305835 0.0014405806663988466 -0.0050933035334004241 0.0086741865490737851 -0.005477664647476308 0.00062043240743149249 0.0053620738498817537 -0.0052385262356842779 -0.0024272979982990933 -0.0021408982176952291 0.006862464307977976 -0.0025969597508773501 0.0040795077420552606 0.002070123435877909 -0.0052437674599779228 -0.0043022295922116377 0.0035692946966683452 0.0039180970244082633 0.00074624084346463344 0.0054349616843282515 -0.002947174632503457 0.0069349153077076396 -0.0020199712727683229 0.0015152843504237868 0.0023499753525071491 0.0066896427509996071 0.00090080643726733061 -0.0010008304681813902 0.0062387980123767292 -0.0027226235945927413 0.0069746975823861135 -0.0049448554167064148 0.0045100822875862694 0.0021685337512546287 0.00060372592186270797 -0.00090142613803664839 0.006221239206720788 0 -0.00044224172708163308 0.004588408810553256 0.0012475113737630016 -0.0035241824615434136 0.0030695699511484528 0.0047465514439851992 0.0032076122869336143 0.0052259760643768739 0.00098694545377965028 -0.0054115744749962235 0.0052383997309582179 -0.0040980218421957718 0.00036589941509222268 -0.0070861716972182342 -0.0027471474889942931 0.001920159255330404 -0.00094988160583209431 0.0034951515934931606 -0.00059789795397940915 0.0083272228794151644 0 0.0010571559022067246 -0.00076953510452979043 0 0.0016483319169742323 -0.0063989471179003781 -0.0045492639449132418 -0.0078791795136450692 -0.0087357013952802445 -0.010029433147765417 0.0045693180875635252 0.0016205002157517242 0.010329409343214604 -7.4300957180898903e-05 0.0038630037511818696 -0.0031170850672515645 0.0051484560629223306 0.001850020576805461 -0.0038018009831786233 0.0041776186407849894 0.0034060617956986295 -0.0070313778916572455 -0.0025202870732106103 -0.002673669941525196 0.0039219120313655756 0.0019282860426033965 0.0057272494917889891 -0.0026486356844829325 -0.0088223496085329534 0.001396332740868625 0.0014262519414565016 0.0037149758086656619 0.0011282033041399859 -0.0084817024392781076 -0.0011678854262917437 0.0068451625654612075 0.003671268609310985 -0.002279382436981846 0.0061792706102703852 -0.001378750468026097 -0.0013232559439521332 -0.003288154344858438 0.010192393047619071 -0.0028692559577449114 0.0096888277984282633 0.0015465264094151857 0.0034357324532790336 -0.011439200952390509 -0.0034189550779968108 0.0025733717491602539 -0.007571915955920377 -0.00061620500801667563 -0.0048789966935660987 0.0033842577927191502 0.00027647145159771612 -0.0051189613932209376 0.0017752332998935249 -0.0039115249475272628 0.0016873413790135894 -0.004979670158846288 0.0049913149082359432 -0.0048077567091610882 -0.0016864492411833628 0.0061703985001603061 0 -0.0050211439315535327 0.0078750794710798454 0.0055977851824374801 -0.002174298486563571 -0.005840640235015444 -0.0072175977172622427 0.0071178457556139709 -0.003581559525814227 0.0086429395494332477 -0.0028107276018112166 0.0067434029377833006 0.00099869588520134145 -0.0079973905685901542 -0.0021888324693264977 0.0035972692313818327 -0.0041803780493243382 0.001912504097819779 0.0038143219308181915 -0.0020404108325643979 0.0051458100271697393 -0.0057667254353849151 0.0057417265594207016 0.0013419995270153166 0.0050682053455501849 0.00063207845771196913 -0.00073019929492925306 0.00053191761327060143 0.0076948707932092721 -0.0063575486030924165 0.0068859536260678549 0.0034561335785734627 -0.0025387379108762409 -0.0083722831091971716 0.0032405508614408544 -0.00045255952001917096 -0.00084784215299758977 -0.0019726393148575779 -9.8637503300735762e-06 0.0084108652783108015 -0.00027011037566482303 -0.0069626844115743859 0.0060168230713121863 -0.0018575295865874231 0.0055485361011878166 -0.0060137000948111644 -0.0024457455113841104 -0.0032536428850865429 0.0078935673292663266 -2.914567943264115e-05 -0.0040049300057318736 0.0028521628866011147 -0.00069684081977337289 -0.0016536447637034732 -0.0011525801905607693 0.0038727214813443025 -0.0042757737455534992 0.0056388841114587331 0.0084662433156977735 -0.002957060393662757 0.0042124380090549337 -0.0072039795904975199 -0.0025236648723323952 -0.0038287718590580317 -0.0013275890789658585 -0.0010086532811489043 0.0012552333769364186 0.0003302665531259918 -0.0021880582049056164 0.0019886944012939083 0.0035078991454234243 -0.0087173610852350741 -0.004264684778863442 0.0030913924657542079 -0.0040283342506613057 0.0014294191044127839 0.0067976880257287278 -0.0022415717036375934 0.0072296975734930284 -0.0009651310026043057 0.0071792319938660957 0.0068553537677663754 0.0018165694578957815 -0.0069181063824680722 -0.0065603101564444058 0.00010462799222625388 -0.0052519955351185222 0.0094560422301530438 0.0047231117962260516 -0.0040238978511783355 0.0016516432502973839 0.0034963853253066959 0.0026136797251042642 0.0013911851912426824 -0.00012450546336878045 0.0017191973458056363 0.0010366884365557785 0.002868221050166569 -0.0078595220510316744 0.0039968498284166151 -0.003808447941702129 0.0023073451261314964 -0.0032242268904155748 0.00029883385124297485 0.0028449879306964034 0.0071258111208510472 0.0045314886157950939 -0.0033887898559980261 0.0051908739031582812 0.0039468395812720164 -0.0046097400541908612 -0.0020219668684098792 0.00075064813815764551 -0.0041439265182717485 -0.0023685331542098284 0.0047578732282733353 -0.0059681866190158155 0.0018610178469357455 -0.0067009967011056951 -0.00078286604521847752 -0.002068780878760286 -0.0048829585601689951 0.0033765642882233509 0.0009048507993522373 -0.0056951689318398089 0.0007416084829392841 -0.0023782936771277767 -0.0014498165464447959 -0.0023673538604942999 0.00015701590138605077 0.002300176586154618 -0.0088828458584975477 -8.2819410966161554e-05 0.0033127587094457078 0.00030845028243247058 0.0016498134421488906 -0.005051197604769346 -0.0024917222411590294 0.0010337885919863155 0.0024083196066507569 -0.0040444185158287254 0.0066269743368117529 0.0036183352603587002 0.0045489244222583734 -6.4713449561611328e-05 -0.00095518543710694439 0.0074973143343298985 -0.00069601753388345584 -0.0025399233915161645
leaf_weight=114.74658584594727 499.23875738680363 188.99865230917931 173.49793229997158 103.99785248935223 171.99378438293934 494.48954990506172 90.747621804475784 83.748135045170784 170.49755609035492 179.49810415506363 79.999067813158035 376.4953369051218 5651.978030949831 351.74696622788906 6278.1669200360775 410.98476971685886 474.9907670468092 178.99720399081707 919.71571443974972 89.245346248149872 102.49764011800289 231.49068787693977 373.73660917580128 102.4960258603096 101.24887277185917 304.49257284402847 133.74640342593193 280.49398002028465 345.2380862981081 115.49853368103504 94.997129142284393 682.73144902288914 338.73945002257824 646.47787600755692 109.74797710776329 83.998543947935104 1453.2165011316538 865.96563476324081 1212.7360012382269 3859.2045436054468 15455.805313020945 329.24612620472908 4380.4362268149853 319.99503664672375 2992.4737039506435 197.99262492358685 260.24068017303944 122.49718977510929 401.74442784488201 725.23789016902447 662.48969554901123 405.24282373487949 121.49664457142353 336.49420771002769 286.74213139712811 113.2482168674469 133.49788776040077 1037.2227453291416 1143.7301410883665 241.7462996840477 532.23938356339931 122.74693225324154 127.24719204008579 84.99881574511528 703.48846942186356 259.74685080349445 390.49700999259949 202.49792110919952 623.74210253357887 164.74734562635422 508.24194072186947 181.24620378017426 115.74652026593685 174.24648751318455 366.48920531570911 142.49727982282639 223.74591030180454 96.248747482895851 363.74689695239067 236.74446669220924 371.49337947368622 254.74663008749485 140.24800522625446 502.24137283861637 107.49711462855339 353.49241036176682 384.48803059756756 113.49654923379421 854.48166832327843 1652.7402019351721 204.49397712945938 102.4974003136158 436.99327586591244 117.74840885400772 294.99682508409023 109.74727167189121 76.499116957187653 117.99620178341866 224.73999713361263 90.997116148471832 396.99047793447971 293.74084064364433 395.23977674543858 115.49664160609245 2333.4435264468193 115.24587385356426 429.49227198958397 158.24774949252605 239.99466732144356 763.73694621026516 83.497894048690796 77.498984098434448 681.23470257222652 217.49559564888477 481.23147237300873 900.73004214465618 257.24421107769012 709.48915980756283 83.748712047934532 103.99820180237293 197.99671533703804 5660.3938203752041 144.74738028645515 553.49302791059017 113.24847115576267 971.7335567176342 117.49848335981369 75.498599663376808 4027.4393433332443 391.49329425394535 1238.2338412553072 989.73475639522076 754.24019062519073 835.98881068825722 201.24642342329025 1183.4838865846395 80.998948842287064 373.74689768254757 397.24373918771744 206.99795161187649 121.24911385774612 124.49853448569775 154.74820539355278 210.99797691404819 179.4973249733448 265.4946011453867 202.49706310033798 102.74827946722507 122.74731755256653 280.24527977406979 127.99804604053497 230.24743166565895 153.24481792747974 113.24742816388607 129.24597102403641 241.2437387406826 90.498356595635414 90.498431801795959 108.99823439121246 76.997740551829338 280.2445429712534 139.99838542938232 169.2479934245348 158.24749042093754 234.24507917463779 473.73143768310547 171.99522870779037 288.49530813097954 173.24589683115482 150.49749162793159 385.99323520064354 656.99101316928864 155.24840319156647 166.49810011684895 252.74668063223362 173.74697920680046 187.49685125052929 136.49543949961662 154.9977964758873 127.9971968382597 83.498478710651398 182.74692161381245 2282.466342061758 568.23741535842419 145.24349300563335 627.48143124580383 252.24262866377831 188.74101205170155 147.49428234994411 79.247461706399918 78.998304396867752 602.24392814934254 293.24666129052639 655.49101735651493 95.497166305780411 216.74322763085365 82.498106986284256 189.24660094082355 78.499019205570221 124.4989363104105 99.74769315123558 79.497344836592674 78.247578337788582 235.24516090750694 195.74621456861496 120.99825647473335 155.24730882048607 481.24375076591969 285.99511568248272 143.49733255803585 337.24455158412457 217.24454958736897 106.24788789451122 537.99192667007446 156.24800257384777 402.9945951551199 139.74737636744976 230.24549643695354 139.99726425111294 149.74720206856728 470.49415065348148 156.74763877689838 288.24494759738445 395.99506148695946 660.73808048665524 78.997750908136368 277.74642999470234 76.498527720570564 183.99686515331268 327.74326768517494 718.73715056478977 75.748570322990417 80.997814074158669 3771.1963870972395 187.99795147776604 134.74744099378586 125.99788059294224 1090.2326169908047 78.498353213071823 132.74786306917667 147.74726854264736 96.747659251093864 82.498404741287231 97.247156545519829 180.74623818695545 735.98477435112 135.99410758912563 246.2428132891655 144.4968848824501 78.747849747538567 76.248251229524612 628.49116744101048 85.749182149767876 143.4948860257864 104.24789644777775 449.49318873882294 326.49234814941883 359.74111872911453 984.48369939625263 119.9976826608181 545.73583023250103 191.74413797259331 104.24760533869267 489.99055108428001 167.49541519582272 139.99736666679382 231.24507224559784 201.4971392005682 516.23964448273182 124.74785086512566 263.4872719347477 158.24497574567795 83.995898514986038 469.99007894098759 169.74627231061459 141.99820832908154 351.7445815205574 77.748647779226303 444.98879446089268 80.248092606663704 83.748345792293549 619.49193681776524 94.248425155878067 177.24626792967319 907.98455423116684 119.24784383177757 159.24738240242004 203.49677529931068 212.74458177387714 347.99453955888748 970.98243141174316 111.99824938178062 103.24853710830212 133.9942489862442 753.98652800917625 423.48954899609089 126.74487164616585 194.74387796223164 150.49614769220352 76.749258309602737 210.24548296630383 183.9960395693779 247.74499018490314 201.49716179072857 110.4980665743351 190.99684971570969 76.999123200774193 143.24787402153015 119.24854929745197 114.49459590017796 117.74513538181782 187.74701869487762 235.74460783600807 132.99800179898739 129.24789543449879 105.99736332893372 80.498971655964851 137.74736869335175 103.99716502428055 76.249273225665092 103.24887225031853 168.24802200496197 390.74452337622643 113.74816356599331 135.99861992895603 550.99284142255783 145.74839988350868 107.24832236766815 110.99810089170933 113.74631389975548 82.998168379068375 140.24838152527809 682.99037809669971 91.498101472854614 187.24528308212757 161.74724388122559 209.74527198076248 2997.4507286995649 90.998014092445374 626.48893485963345 77.746501564979553 101.49701139330864 190.24365475773811 156.24579563736916 1460.7079690396786 149.24866238236427 169.7479303330183 79.99903915822506 221.99705897271633 619.23894834518433 261.24509570002556 1011.485483944416 729.98790839314461 140.2482326477766 84.498957857489586 90.998359352350235 383.9939004778862 447.99216006696224 122.49656601250172 235.24575687944889 125.74600566923618 493.24027165770531 203.74648952484131 75.748456254601479 408.73003923892975 132.49286088347435 151.74185681343079 103.24842095375061 96.248947992920876 139.99706545472145 155.74860006570816 98.498485922813416 77.498772397637367 279.23991167545319 668.98206561803818 185.2479761838913 1009.4919604659081 114.49795325100422 516.49510212242603 1127.9832828789949 312.49513931572437 367.74392069876194 701.47743244469166 141.49671387672424 230.99360235035419 264.49361297488213 249.49209050834179 823.47842545807362 239.49368642270565 119.24579684436321 159.74605287611485 169.74633978307247 223.99333667755127 281.74304887652397 119.24732500314713 102.49837978184223 152.4974552989006 468.99559403955936 1591.9723762720823 558.74443599581718 195.49691119790077 131.24879713356495 129.99887515604496 125.9983366727829 122.49894623458385 82.499176368117332 698.73367476463318 95.997364863753319 735.23774753510952 167.74670127034187 102.74790747463703 91.498231917619705 193.99442638456821 277.49232910573483 100.24686244130135 132.4955333173275 258.99743103981018 361.99441866576672 633.23418195545673 81.248454838991165 79.999263435602188 254.74503840506077 152.49516770243645 121.74848130345345 199.74814523756504 626.4922883361578 1627.4785550236702 1802.7248550206423 887.98834849894047 11178.105501458049 496.99136261641979 864.48510599136353 527.24159048497677 115.99823799729347 109.24858701229095 274.99596238136292 132.99829593300819 1023.235494568944 297.2460992783308 241.99582874774933 182.24673874676228 2692.2149787992239 170.49682468175888 131.99800580739975 118.99824650585651 92.748581901192665 209.7470997273922 131.24772308766842 80.748313829302788 165.99691988527775 84.498335257172585 111.74861221015453 75.747430875897408 139.24760921299458 464.99730464816093 781.23927462100983 839.48779843747616 183.49713446199894 91.498863637447357 82.998591840267181 250.74659593403339 272.99426759779453 319.99598424136639 96.748425930738449 463.24389718472958 93.245177522301674 891.72447888553143 603.72294534742832 116.24693740904331 79.748748481273651 278.49268999695778 244.74358282983303 291.7451501339674 76.498449355363846 108.99893216788769 168.74745170772076 80.749222964048386 281.49658854305744 98.748677670955658 82.248191982507706 320.99622467160225 124.74741066992283 227.49634884297848 331.7429963350296 240.74530214071274 147.99733692407608 200.99699221551418 166.99623963236809 3096.7209874540567 303.2464204877615 169.24608266353607 272.4923602938652 98.248524978756905 282.9967979490757 165.24742209911346 1052.4715370237827 217.74629271030426 196.49467624723911 115.49809813499451 879.9837571978569 1096.9710968881845 261.74422907829285 116.99764670431614 227.2439194470644 732.22820521891117 149.74558310210705 176.49465423822403 183.24757665395737 129.49683827161789 975.48374345898628 3642.7250579297543
leaf_count=459 1997 756 694 416 688 1978 363 335 682 718 320 1506 22608 1407 25113 1644 1900 716 3679 357 410 926 1495 410 405 1218 535 1122 1381 462 380 2731 1355 2586 439 336 5813 3464 4851 15437 61824 1317 17522 1280 11970 792 1041 490 1607 2901 2650 1621 486 1346 1147 453 534 4149 4575 967 2129 491 509 340 2814 1039 1562 810 2495 659 2033 725 463 697 1466 570 895 385 1455 947 1486 1019 561 2009 430 1414 1538 454 3418 6611 818 410 1748 471 1180 439 306 472 899 364 1588 1175 1581 462 9334 461 1718 633 960 3055 334 310 2725 870 1925 3603 1029 2838 335 416 792 22642 579 2214 453 3887 470 302 16110 1566 4953 3959 3017 3344 805 4734 324 1495 1589 828 485 498 619 844 718 1062 810 411 491 1121 512 921 613 453 517 965 362 362 436 308 1121 560 677 633 937 1895 688 1154 693 602 1544 2628 621 666 1011 695 750 546 620 512 334 731 9130 2273 581 2510 1009 755 590 317 316 2409 1173 2622 382 867 330 757 314 498 399 318 313 941 783 484 621 1925 1144 574 1349 869 425 2152 625 1612 559 921 560 599 1882 627 1153 1584 2643 316 1111 306 736 1311 2875 303 324 15085 752 539 504 4361 314 531 591 387 330 389 723 2944 544 985 578 315 305 2514 343 574 417 1798 1306 1439 3938 480 2183 767 417 1960 670 560 925 806 2065 499 1054 633 336 1880 679 568 1407 311 1780 321 335 2478 377 709 3632 477 637 814 851 1392 3884 448 413 536 3016 1694 507 779 602 307 841 736 991 806 442 764 308 573 477 458 471 751 943 532 517 424 322 551 416 305 413 673 1563 455 544 2204 583 429 444 455 332 561 2732 366 749 647 839 11990 364 2506 311 406 761 625 5843 597 679 320 888 2477 1045 4046 2920 561 338 364 1536 1792 490 941 503 1973 815 303 1635 530 607 413 385 560 623 394 310 1117 2676 741 4038 458 2066 4512 1250 1471 2806 566 924 1058 998 3294 958 477 639 679 896 1127 477 410 610 1876 6368 2235 782 525 520 504 490 330 2795 384 2941 671 411 366 776 1110 401 530 1036 1448 2533 325 320 1019 610 487 799 2506 6510 7211 3552 44713 1988 3458 2109 464 437 1100 532 4093 1189 968 729 10769 682 528 476 371 839 525 323 664 338 447 303 557 1860 3125 3358 734 366 332 1003 1092 1280 387 1853 373 3567 2415 465 319 1114 979 1167 306 436 675 323 1126 395 329 1284 499 910 1327 963 592 804 668 12387 1213 677 1090 393 1132 661 4210 871 786 462 3520 4388 1047 468 909 2929 599 706 733 518 3902 14571
internal_value=-4.9965e-06 -0.000642224 0.000237369 0.000101605 0.000238407 0.000816483 0.00102025 0.000228502 -0.00157914 0.0016704 -0.000817597 -0.000469096 -0.000434511 0.000169064 -3.10239e-05 -0.000530293 0.0017167 0.00163704 0.000888693 -0.000492564 -0.0023132 0.00182153 0.00229969 0.000910099 0.00226766 -0.00379128 -0.00448932 -2.30585e-06 -8.31532e-05 -0.0010241 0.00104933 0.00270964 0.0046233 0.00170838 0.00293517 0.000581398 0.000912273 0.00194854 -0.000236181 -0.000419131 -0.000211259 0.000467916 0.00115526 0.00169853 -0.00124351 -0.00257143 -0.0012347 -0.00231123 -0.00423519 -0.00143368 -0.00115191 0.000271996 0.00188316 0.00242252 -0.0015782 -0.000486555 -0.000666071 -0.000191409 0.000240862 -0.0018709 -0.00256756 -0.00495235 -0.00138442 -0.00282211 -0.00334466 -0.00168731 -0.00325669 -0.000610041 -0.000270126 -0.00632494 -0.00751061 -1.75002e-05 -0.000202058 -0.000283173 -0.000675833 -0.00377819 -0.00127295 0.000156641 -0.000917018 6.75339e-05 -0.00090249 -0.000427842 -0.00262488 0.000784162 0.00206472 0.00181941 0.00111431 -0.00183377 -0.00142678 -0.000473627 0.00208992 0.00140517 -0.00152982 -0.00109759 0.00276471 -0.000460007 0.000507961 0.000672268 0.00395483 0.00611754 0.000557352 0.00142511 0.000100163 -0.000597395 0.00103585 -0.00565739 0.0011655 -9.85043e-05 -0.00194917 0.001133 -0.000295854 0.000497719 0.0030101 -0.00476068 0.00654858 0.00133973 -0.000380362 -0.00104644 0.000548793 -0.00148336 0.000323822 7.95236e-05 0.000695757 0.00106271 -0.00061443 0.00114643 -5.19174e-05 -8.16626e-05 -0.000571986 -0.00134311 -0.00207476 -0.00138254 0.00148559 6.03843e-05 -0.00222355 -0.00171337 0.000669095 -0.0014787 -0.00209044 -0.00262223 -0.0002051 0.000232865 0.00291798 0.000736243 -8.32052e-05 0.00207345 -0.00150913 -0.00148568 -0.000756614 -0.00160314 0 0.000596852 -0.00031432 0.000815167 0.00349526 0.00524883 -0.000214474 -0.0011353 -0.00264059 0 -0.00220431 -0.000655669 -0.00230063 0.00302844 0.00466375 0.0049241 -0.00089983 0.00169881 0.00577487 -0.00119195 -0.003677 -0.000772803 0.000218481 -0.00184803 -0.000802816 -5.33013e-05 -0.00124956 -0.000492583 -0.00207643 -0.0013542 -0.00184087 -0.00346786 -0.00212242 0.00163337 -0.000248838 0.00215527 0.00118321 0.00418055 0.000396223 -0.000131152 -0.00175529 -0.00313363 -0.00259698 -0.00201311 0.00201844 0.00200205 0.00382154 0.00396385 0.00120392 -0.00399251 -0.00027649 -0.000986701 -0.00358321 0.000714756 -0.000704181 -0.00181639 -0.000210469 -0.00144569 0.00187055 -0.00472013 -0.000755138 -0.00314248 0 9.02208e-05 -0.00186321 -0.00359767 -0.00538002 -0.007187 -0.00420339 -0.00238315 -0.00283482 0.000138988 0.000279457 0.000160349 0.000575063 8.03186e-05 0.00274204 0.00164491 0.000810038 -0.00107187 0.000244224 -0.00240944 0.0029019 0.000476613 9.91087e-05 0.00169652 -0.000350582 0.00159226 0.000270159 -0.00188858 -0.00104648 -0.00364047 0.000965644 0.00112807 -0.00143943 -0.000616387 0.0015706 -0.000753429 0.00236859 0.000472135 0.00110668 -0.000755423 -0.00132897 -0.00240749 -0.000137929 -0.00106884 -2.24023e-05 0.00107998 7.04045e-05 0.000274369 -0.00107534 0.000674659 0.0037895 -0.000781867 -0.00279859 0.0017978 0.00275504 0.00331911 0.00420115 0.00188194 0.00348292 0.00281643 -0.0014962 0.00361109 0.00461984 0.00333093 0.00476988 -0.00247946 0.00251923 -0.00118965 -0.00433736 4.80996e-05 -0.0016138 0.000312777 0.000170192 0.00165222 6.49023e-05 -0.000785103 0.000875741 -0.00133396 -0.00038154 -0.00372856 0.00215342 0.00177247 0.0023467 0.000360529 0.00327601 0.00346183 0.0048418 0.0048597 0.00158603 -0.000153009 -0.00146401 -0.00349618 -0.000446522 -0.00472274 -0.00197958 -0.00514156 -0.000883637 0.00398214 0.00658411 -0.00362458 0.00179 -0.0024235 0.000961886 -0.00562252 -0.00225594 0.00107843 -0.00109583 -0.00107546 -0.000805206 0.00110953 0.00249085 -0.00161775 -3.04093e-05 -0.00144973 -0.00301744 -0.0038611 -0.00304804 -0.00106685 -0.00286847 -0.00502772 -0.00293894 0.00262178 5.88571e-06 0.000832889 -0.00121819 -0.000870212 0.00390586 -0.00185637 0.00331032 0.00366702 0.00331112 0.00635648 0.00260717 -0.00513527 -0.00768388 -0.00312369 -0.00537926 -0.00187697 -0.000107604 0.000123452 -0.001724 -0.000666064 -0.00372342 0.000516892 -0.00173267 -0.00309638 5.48432e-05 -0.00129897 0.00300135 0.00296971 0.00441868 0.000993026 0.00409262 0.00540909 0.00151266 -0.00185115 -0.00371456 0.00354041 -0.000340893 0.00198352 0.002903 0.00339861 0.00198078 -0.0042939 -0.000539624 -0.000192451 -0.00176808 0.000934352 0.000383366 0.001215 0.00209766 0.00240718 0.00173552 0.0013585 0.000844001 0.00132064 0.000791651 -0.000493708 0.00401791 -0.00359962 0.00244212 0.0036737 0.00158995 -0.00511745 -0.000392732 -0.00247049 -0.0018034 -0.0016681 -0.000220791 0.000686091 0.00430801 -0.00304152 -0.00060563 0.00287556 0.00431125 -0.00189751 -0.00392938 4.16506e-05 0.00204592 0.00441394 -0.000869043 0.000918282 0.00447475 0.00505698 0.000847729 0.00242045 -0.00327254 0.000610075 -0.000220485 0.00149989 -0.000154041 -0.00222668 4.76626e-05 0.000153441 -0.000151695 -0.00115863 -0.000527479 0.000116266 0.000508016 0.00061182 0.000229273 0.0015084 0.00050875 -0.00169059 0.00172125 0.00231594 0.00299532 0.00201254 0.0030384 2.69697e-05 0.0029284 0.00217252 -0.00403434 -0.00137747 -0.00249772 -0.00407592 -0.000760405 0.00715928 0.000851034 0.000255036 -0.00355735 -0.000541967 0.00021576 0.000844656 0.00179789 -3.25119e-06 -0.00207888 -0.00376631 -0.0055 0.000858663 7.3231e-05 -0.00230221 -0.00483373 0.00403615 0.00442112 0.00627416 0.00392228 0.00120083 0.00124419 -0.000104595 -0.00281564 0.00355827 0.00501548 -0.000641585 0.00477321 0.00307617 -9.05818e-05 -0.00301301 -0.00449946 0.00303753 -0.0010833 -0.00288603 0.000713597 -0.00154543 -0.00294477 0.00342387 -0.00203026 0.000476177 0.00105949 0.00245313 -0.00183269 -0.00638032 -0.00383394 0.00261605 -0.0018288 -0.00160763 -0.00178608 0.000879488 0.000259374 -0.00132904 0.00153237 0.00209281 0.00225341 0.00165426 -0.00291239 0.00213183 0.00404275 -0.00156587 -0.00203432
internal_weight=226245 62353.8 163891 132813 107788 31077.9 27649.8 12133.7 3307.19 765.74 3428.18 55244.1 54867.6 103160 69436 3348.18 1054.72 15516 7323.03 2947.16 1569.46 4375.87 8192.99 8826.56 2773.18 1175.47 1086.23 69000.5 64109.3 9452.34 4891.15 3153.4 1051.46 2101.94 1419.21 33724.3 20481.7 5713.09 44105.4 35037.8 29327.1 9067.62 5636.66 4700.43 10762.2 2541.45 1435.21 1237.22 1106.24 7719.13 6993.89 1970.72 3094.19 2655.2 2293.46 25025 21793.8 15662.9 11496.5 6130.9 4254.69 1115.98 4166.41 1785.72 1681.72 3138.71 1376.24 586.744 1876.22 914.736 749.988 10459.3 9885.57 2380.69 2253.45 540.49 397.992 19269.5 10057.6 13242.5 3906.43 1762.47 319.746 1733.21 7819.25 7238.03 4946.84 727.231 1114.72 5110.21 5629.09 373.739 936.232 9486.4 742.99 1222.47 14768.7 13665.7 433.733 315.737 13231.9 4536.14 8695.8 4805.64 4072.66 230.743 1619.97 1045.23 615.738 1565.47 9769.83 4209.42 841.232 375.743 712.722 1034.23 1796.97 1539.72 830.234 549.74 1712.96 54657 9620.33 8193.11 1638.48 1084.98 45036.6 44729.9 14514.8 5425.18 3569.2 1427.23 6554.63 1855.97 1190.98 5023.18 654.741 5710.68 3838.45 3210.96 1872.23 1750.98 538.244 417.996 1387.98 543.24 844.736 1102.98 1000.23 877.486 597.24 627.491 4574.9 1915.45 523.735 394.489 1391.72 2659.45 1132.48 1526.97 544.989 3430.95 1065.74 573.739 415.491 581.229 5560.41 545.239 256.744 5015.17 694.484 4320.68 2246.71 2073.97 1416.98 1250.48 997.735 308.491 4368.43 2911.21 2756.21 1457.23 2672.71 4219.61 909.976 3309.64 2232.18 440.984 1791.2 1643.7 1016.22 2792.97 2419.22 2125.97 393.99 815.472 763.733 306.745 201.246 326.997 532.489 260.242 180.745 3231.18 1221.98 1026.23 823.988 636.491 2619.44 1149.23 1301.22 436.74 219.495 2365.22 699.241 559.243 952.479 534.738 342.494 1798.97 1649.22 443.49 6053.37 5950.88 4745.9 3888.16 857.738 1652.7 579.992 2235.46 1127.48 1107.98 408.741 9336.1 7005.39 1536.47 5468.92 2330.71 1240.48 1577.72 448.989 244.495 3890.15 3807.66 1204.98 1024.23 1377.7 457.984 5180.1 864.481 520.741 1464.48 487.494 937.225 3368.19 1919.72 1470.22 1448.47 1088.73 3891.19 1131.72 585.986 295.992 1706.72 417.741 5800.39 1348.47 1213.73 1012.23 495.99 1863.2 1599.71 242.241 1357.47 463.487 539.993 447.993 289.994 5035.6 897.484 435.495 18526.5 1239.98 620.489 17286.5 1830.72 922.732 803.485 599.988 1444.97 1096.98 196.997 527.236 4627.87 3270.4 1357.47 2329.17 423.988 345.24 397.995 2009.2 746.486 633.238 385.493 277.993 447.241 7109.68 339.496 196.248 448.983 232.24 467.992 335.492 2544.71 262.246 924.984 841.988 218.246 390.24 2330.97 2254.72 662.241 493.993 1592.48 762.49 626.491 829.989 716.241 790.986 447.991 334.245 223.247 1523.73 236.245 941.232 330.995 3669.69 3298.19 300.743 1023.48 2291.18 2112.19 2034.44 346.489 1687.95 789.493 318.997 470.496 342.995 817.236 9089.61 7958.13 1131.48 870.236 734.741 273.745 1216.73 720.986 272.994 438.991 1586.45 1242.73 696.987 545.739 1077.45 692.965 284.235 262.496 177.248 371.242 1161.98 571.244 1104.72 1027.22 747.98 840.739 5968.69 4959.19 1099.99 1665.98 988.485 832.737 4169.64 3724.65 3023.17 2792.18 2367.94 2226.44 1976.95 1112.47 424.24 288.992 864.477 624.984 400.99 180.247 520.241 985.491 6770.18 6581.18 1346.49 1024.99 261.248 321.495 763.743 204.998 1035.23 256.244 1205.73 465.991 298.244 194.246 547.985 353.991 1028.97 928.719 383.496 477.493 793.73 160.496 909.985 487.239 407.24 422.745 300.997 30215.1 16215.5 3409.95 2783.46 12805.6 13999.6 13502.6 9497.62 4004.94 2418.96 850.987 1567.98 1434.98 1585.97 1288.73 1046.73 8970.38 1325.73 1155.23 575.991 1895.47 459.993 340.995 224.246 242.746 160.247 495.743 321.99 801.737 3457.47 3930.69 1850.97 2079.72 608.741 425.244 342.245 1470.98 1197.98 416.744 608.992 1715.44 1588.69 696.968 291.493 195.996 981.978 626.987 382.244 354.991 207.497 643.738 445.994 362.246 444.493 317.494 650.242 337.492 933.979 465.737 468.242 443.243 348.994 574.738 3517.72 420.995 613.732 444.486 277.746 618.742 335.745 1262.72 316.495 764.732 221.495 3710.41 2582.94 1141.73 1441.21 1324.22 1127.47 282.241 286.243 479.741 296.493 1230.23 5234.7
internal_count=904995 249418 655577 531262 431160 124315 110602 48536 13229 3063 13713 220979 219473 412648 277748 13393 4219 62066 29293 11789 6278 17504 32773 35307 11093 4702 4345 276006 256441 37810 19565 12614 4206 8408 5677 134900 81929 22853 176424 140153 117310 36271 22547 18802 43049 10166 5741 4949 4425 30877 27976 7883 12377 10621 9174 100102 87177 62653 45987 24524 17019 4464 16666 7143 6727 12555 5505 2347 7505 3659 3000 41838 39543 9523 9014 2162 1592 77079 40231 52971 15626 7050 1279 6933 31278 28953 19788 2909 4459 20441 22517 1495 3745 37946 2972 4890 59076 54664 1735 1263 52929 18145 34784 19223 16291 923 6480 4181 2463 6262 39080 16838 3365 1503 2851 4137 7188 6159 3321 2199 6852 218631 38482 32773 6554 4340 180149 178922 58060 21701 14277 5709 26219 7424 4764 20093 2619 22843 15354 12844 7489 7004 2153 1672 5552 2173 3379 4412 4001 3510 2389 2510 18300 7662 2095 1578 5567 10638 4530 6108 2180 13724 4263 2295 1662 2325 22242 2181 1027 20061 2778 17283 8987 8296 5668 5002 3991 1234 17474 11645 11025 5829 10691 16879 3640 13239 8929 1764 7165 6575 4065 11172 9677 8504 1576 3262 3055 1227 805 1308 2130 1041 723 12925 4888 4105 3296 2546 10478 4597 5205 1747 878 9461 2797 2237 3810 2139 1370 7196 6597 1774 24214 23804 18984 15553 3431 6611 2320 8942 4510 4432 1635 37345 28022 6146 21876 9323 4962 6311 1796 978 15561 15231 4820 4097 5511 1832 20721 3458 2083 5858 1950 3749 13473 7679 5881 5794 4355 15565 4527 2344 1184 6827 1671 23202 5394 4855 4049 1984 7453 6399 969 5430 1854 2160 1792 1160 20143 3590 1742 74107 4960 2482 69147 7323 3691 3214 2400 5780 4388 788 2109 18512 13082 5430 9317 1696 1381 1592 8037 2986 2533 1542 1112 1789 28439 1358 785 1796 929 1872 1342 10179 1049 3700 3368 873 1561 9324 9019 2649 1976 6370 3050 2506 3320 2865 3164 1792 1337 893 6095 945 3765 1324 14679 13193 1203 4094 9165 8449 8138 1386 6752 3158 1276 1882 1372 3269 36359 31833 4526 3481 2939 1095 4867 2884 1092 1756 6346 4971 2788 2183 4310 2772 1137 1050 709 1485 4648 2285 4419 4109 2992 3363 23875 19837 4400 6664 3954 3331 16679 14899 12093 11169 9472 8906 7908 4450 1697 1156 3458 2500 1604 721 2081 3942 27081 26325 5386 4100 1045 1286 3055 820 4141 1025 4823 1864 1193 777 2192 1416 4116 3715 1534 1910 3175 642 3640 1949 1629 1691 1204 120862 64863 13640 11134 51223 55999 54011 37991 16020 9676 3404 6272 5740 6344 5155 4187 35882 5303 4621 2304 7582 1840 1364 897 971 641 1983 1288 3207 13830 15723 7404 8319 2435 1701 1369 5884 4792 1667 2436 6862 6355 2788 1166 784 3928 2508 1529 1420 830 2575 1784 1449 1778 1270 2601 1350 3736 1863 1873 1773 1396 2299 14071 1684 2455 1778 1111 2475 1343 5051 1266 3059 886 14842 10332 4567 5765 5297 4510 1129 1145 1919 1186 4921 20939
is_linear=0
shrinkage=0.01


end of trees

feature_importances:
rv3600=226
rv1800=118
emadist3600=114
spread_ema30=113
rv900=108
imb_ema80=95
rangepos1800=75
hcos=69
hsin=67
ret300=65
bbw900=64
rel_ratio2=64
rangepos3600=56
ret600=55
bbw300=53
tsz_ema30=52
ret3600=52
stretch1800=51
bbw1800=50
rangepos300=46
dow=45
ret120=37
rv300=34
emadist900=33
micro_dev_ema30=32
nt_ema30=30
emadist1800=30
rv60=27
stretch120=25
stretch900=24
imb_sgn_ac30=22
rangepos900=17
imb_ema40=14
imb_ema20=13
emadist300=13
ret60=11
emadist60=10
micro_mom60=8
ret30=6
imb_ema10=5
stretch300=4
bbw3600=4
imb_sameside30=2
micro_dev_ema15=2
spread=2
imb_runlen=1

parameters:
[boosting: gbdt]
[objective: binary]
[metric: auc]
[tree_learner: serial]
[device_type: cpu]
[data_sample_strategy: bagging]
[data: ]
[valid: ]
[num_iterations: 6000]
[learning_rate: 0.01]
[num_leaves: 512]
[num_threads: 20]
[seed: 0]
[deterministic: 0]
[force_col_wise: 0]
[force_row_wise: 0]
[histogram_pool_size: -1]
[max_depth: -1]
[min_data_in_leaf: 300]
[min_sum_hessian_in_leaf: 0.001]
[bagging_fraction: 0.7]
[pos_bagging_fraction: 1]
[neg_bagging_fraction: 1]
[bagging_freq: 1]
[bagging_seed: 3]
[bagging_by_query: 0]
[feature_fraction: 0.5]
[feature_fraction_bynode: 1]
[feature_fraction_seed: 2]
[extra_trees: 0]
[extra_seed: 6]
[early_stopping_round: 0]
[early_stopping_min_delta: 0]
[first_metric_only: 0]
[max_delta_step: 0]
[lambda_l1: 2]
[lambda_l2: 20]
[linear_lambda: 0]
[min_gain_to_split: 0]
[drop_rate: 0.1]
[max_drop: 50]
[skip_drop: 0.5]
[xgboost_dart_mode: 0]
[uniform_drop: 0]
[drop_seed: 4]
[top_rate: 0.2]
[other_rate: 0.1]
[min_data_per_group: 100]
[max_cat_threshold: 32]
[cat_l2: 10]
[cat_smooth: 10]
[max_cat_to_onehot: 4]
[top_k: 20]
[monotone_constraints: ]
[monotone_constraints_method: basic]
[monotone_penalty: 0]
[feature_contri: ]
[forcedsplits_filename: ]
[refit_decay_rate: 0.9]
[cegb_tradeoff: 1]
[cegb_penalty_split: 0]
[cegb_penalty_feature_lazy: ]
[cegb_penalty_feature_coupled: ]
[path_smooth: 0]
[interaction_constraints: ]
[verbosity: -1]
[saved_feature_importance_type: 0]
[use_quantized_grad: 0]
[num_grad_quant_bins: 4]
[quant_train_renew_leaf: 0]
[stochastic_rounding: 1]
[linear_tree: 0]
[max_bin: 255]
[max_bin_by_feature: ]
[min_data_in_bin: 3]
[bin_construct_sample_cnt: 200000]
[data_random_seed: 1]
[is_enable_sparse: 1]
[enable_bundle: 1]
[use_missing: 1]
[zero_as_missing: 0]
[feature_pre_filter: 1]
[pre_partition: 0]
[two_round: 0]
[header: 0]
[label_column: ]
[weight_column: ]
[group_column: ]
[ignore_column: ]
[categorical_feature: ]
[forcedbins_filename: ]
[precise_float_parser: 0]
[parser_config_file: ]
[objective_seed: 5]
[num_class: 1]
[is_unbalance: 0]
[scale_pos_weight: 1]
[sigmoid: 1]
[boost_from_average: 1]
[reg_sqrt: 0]
[alpha: 0.9]
[fair_c: 1]
[poisson_max_delta_step: 0.7]
[tweedie_variance_power: 1.5]
[lambdarank_truncation_level: 30]
[lambdarank_norm: 1]
[label_gain: ]
[lambdarank_position_bias_regularization: 0]
[eval_at: ]
[multi_error_top_k: 1]
[auc_mu_weights: ]
[num_machines: 1]
[local_listen_port: 12400]
[time_out: 120]
[machine_list_filename: ]
[machines: ]
[gpu_platform_id: -1]
[gpu_device_id: -1]
[gpu_use_dp: 0]
[num_gpu: 1]

end of parameters

pandas_categorical:[]
