tree
version=v4
num_class=1
num_tree_per_iteration=1
label_index=0
max_feature_idx=238
objective=binary sigmoid:1
feature_names=1m_ret_1 1m_ret_3 1m_ret_6 1m_ret_12 1m_ret_24 1m_dist_ema10 1m_above_ema10 1m_dist_ema20 1m_above_ema20 1m_dist_ema50 1m_above_ema50 1m_dist_ema100 1m_above_ema100 1m_ema20_slope 1m_ema_fast_slow 1m_rsi 1m_rsi_rising 1m_rsi_ob 1m_rsi_os 1m_macd_hist 1m_macd_pos 1m_bb_pctb 1m_bb_width 1m_rv_12 1m_rv_24 1m_atr_pct 1m_rangepos_12 1m_dist_hi_12 1m_dist_lo_12 1m_rangepos_24 1m_dist_hi_24 1m_dist_lo_24 1m_rangepos_48 1m_dist_hi_48 1m_dist_lo_48 1m_slope_20 1m_autocorr_10 1m_upfrac_10 5m_ret_1 5m_ret_3 5m_ret_6 5m_ret_12 5m_ret_24 5m_dist_ema10 5m_above_ema10 5m_dist_ema20 5m_above_ema20 5m_dist_ema50 5m_above_ema50 5m_dist_ema100 5m_above_ema100 5m_ema20_slope 5m_ema_fast_slow 5m_rsi 5m_rsi_rising 5m_rsi_ob 5m_rsi_os 5m_macd_hist 5m_macd_pos 5m_bb_pctb 5m_bb_width 5m_rv_12 5m_rv_24 5m_atr_pct 5m_rangepos_12 5m_dist_hi_12 5m_dist_lo_12 5m_rangepos_24 5m_dist_hi_24 5m_dist_lo_24 5m_rangepos_48 5m_dist_hi_48 5m_dist_lo_48 5m_slope_20 5m_autocorr_10 5m_upfrac_10 15m_ret_1 15m_ret_3 15m_ret_6 15m_ret_12 15m_ret_24 15m_dist_ema10 15m_above_ema10 15m_dist_ema20 15m_above_ema20 15m_dist_ema50 15m_above_ema50 15m_dist_ema100 15m_above_ema100 15m_ema20_slope 15m_ema_fast_slow 15m_rsi 15m_rsi_rising 15m_rsi_ob 15m_rsi_os 15m_macd_hist 15m_macd_pos 15m_bb_pctb 15m_bb_width 15m_rv_12 15m_rv_24 15m_atr_pct 15m_rangepos_12 15m_dist_hi_12 15m_dist_lo_12 15m_rangepos_24 15m_dist_hi_24 15m_dist_lo_24 15m_rangepos_48 15m_dist_hi_48 15m_dist_lo_48 15m_slope_20 15m_autocorr_10 15m_upfrac_10 30m_ret_1 30m_ret_3 30m_ret_6 30m_ret_12 30m_ret_24 30m_dist_ema10 30m_above_ema10 30m_dist_ema20 30m_above_ema20 30m_dist_ema50 30m_above_ema50 30m_dist_ema100 30m_above_ema100 30m_ema20_slope 30m_ema_fast_slow 30m_rsi 30m_rsi_rising 30m_rsi_ob 30m_rsi_os 30m_macd_hist 30m_macd_pos 30m_bb_pctb 30m_bb_width 30m_rv_12 30m_rv_24 30m_atr_pct 30m_rangepos_12 30m_dist_hi_12 30m_dist_lo_12 30m_rangepos_24 30m_dist_hi_24 30m_dist_lo_24 30m_rangepos_48 30m_dist_hi_48 30m_dist_lo_48 30m_slope_20 30m_autocorr_10 30m_upfrac_10 1h_ret_1 1h_ret_3 1h_ret_6 1h_ret_12 1h_ret_24 1h_dist_ema10 1h_above_ema10 1h_dist_ema20 1h_above_ema20 1h_dist_ema50 1h_above_ema50 1h_dist_ema100 1h_above_ema100 1h_ema20_slope 1h_ema_fast_slow 1h_rsi 1h_rsi_rising 1h_rsi_ob 1h_rsi_os 1h_macd_hist 1h_macd_pos 1h_bb_pctb 1h_bb_width 1h_rv_12 1h_rv_24 1h_atr_pct 1h_rangepos_12 1h_dist_hi_12 1h_dist_lo_12 1h_rangepos_24 1h_dist_hi_24 1h_dist_lo_24 1h_rangepos_48 1h_dist_hi_48 1h_dist_lo_48 1h_slope_20 1h_autocorr_10 1h_upfrac_10 4h_ret_1 4h_ret_3 4h_ret_6 4h_ret_12 4h_ret_24 4h_dist_ema10 4h_above_ema10 4h_dist_ema20 4h_above_ema20 4h_dist_ema50 4h_above_ema50 4h_dist_ema100 4h_above_ema100 4h_ema20_slope 4h_ema_fast_slow 4h_rsi 4h_rsi_rising 4h_rsi_ob 4h_rsi_os 4h_macd_hist 4h_macd_pos 4h_bb_pctb 4h_bb_width 4h_rv_12 4h_rv_24 4h_atr_pct 4h_rangepos_12 4h_dist_hi_12 4h_dist_lo_12 4h_rangepos_24 4h_dist_hi_24 4h_dist_lo_24 4h_rangepos_48 4h_dist_hi_48 4h_dist_lo_48 4h_slope_20 4h_autocorr_10 4h_upfrac_10 mtf_trend_align mtf_rsi_mean hour_sin hour_cos dow sess_london sess_ny sess_overlap vol_z zero_vol gap_prev
feature_infos=[-0.012408800423145294:0.0092799095436930656] [-0.014727671630680561:0.010389161296188831] [-0.016097864136099815:0.016125094145536423] [-0.016972154378890991:0.0182193573564291] [-0.024132993072271347:0.017449734732508659] [-0.012372929602861404:0.0079239364713430405] [0:1] [-0.014122736640274525:0.0088334511965513229] [0:1] [-0.017331721261143684:0.0097785415127873421] [0:1] [-0.021162912249565125:0.012177095748484135] [0:1] [-0.0015078994911164045:0.00092169526033103466] [-0.011817389167845249:0.0071696825325489044] [-0.95499604940414429:0.96328169107437134] [0:1] [0:1] [0:1] [-0.0013742627343162894:0.001535751624032855] [0:1] [-2.1213924884796143:2.1190674304962158] [0:0.051714625209569931] [0:0.0057183862663805485] [0:0.0052760564722120762] [1.0361966218397356e-07:0.0044799190945923328] [0:1] [-0.018383586779236794:0] [0:0.020263954997062683] [0:1] [-0.024184750393033028:0] [0:0.021075597032904625] [0:1] [-0.0260885339230299:0] [0:0.023342031985521317] [-0.0012591322883963585:0.00080654292833060026] [-0.93716424703598022:0.87297451496124268] [0:1] [-0.0098085617646574974:0.012541019357740879] [-0.019988816231489182:0.0139768086373806] [-0.02098553255200386:0.018681896850466728] [-0.021643979474902153:0.024311650544404984] [-0.024853402748703957:0.025422787293791771] [-0.012799398973584175:0.011210157535970211] [0:1] [-0.016595758497714996:0.012383357621729374] [0:1] [-0.020174037665128708:0.015747221186757088] [0:1] [-0.022626223042607307:0.020345890894532204] [0:1] [-0.0017764025833457708:0.001287566963583231] [-0.010902311652898788:0.0085551561787724495] [-0.86320579051971436:0.95909583568572998] [0:1] [0:1] [0:1] [-0.0026760606560856104:0.0016945184906944633] [0:1] [-2.1142387390136719:2.1242644786834717] [0:0.040136829018592834] [5.5733414411340831e-11:0.010381725616753101] [1.6007827071007341e-05:0.0072173317894339561] [5.108118784846738e-05:0.0053307777270674706] [0:1] [-0.022392550483345985:0] [0:0.024637671187520027] [0:1] [-0.026725463569164276:0] [0:0.0294390469789505] [0:1] [-0.037612009793519974:0] [0:0.031272340565919876] [-0.0014055378269404173:0.0010386105859652162] [-0.90227693319320679:0.87209445238113403] [0:1] [-0.019988816231489182:0.0139768086373806] [-0.021546170115470886:0.016713317483663559] [-0.023944849148392677:0.021929206326603889] [-0.026769634336233139:0.021381726488471031] [-0.030456332489848137:0.027893967926502228] [-0.017990687862038612:0.012159439735114574] [0:1] [-0.020372984930872917:0.014364531263709068] [0:1] [-0.026409635320305824:0.018601967021822929] [0:1] [-0.034016389399766922:0.020571354776620865] [0:1] [-0.0021891237702220678:0.0014906434807926416] [-0.015568766742944717:0.013948612846434116] [-0.99764800071716309:0.88098883628845215] [0:1] [0:1] [0:1] [-0.0027768672443926334:0.0025900483597069979] [0:1] [-2.1081428527832031:2.0908737182617188] [0.00029977943631820381:0.046793214976787567] [2.8832588213845156e-05:0.0071248896420001984] [7.6420881669037044e-05:0.0054210126399993896] [0.00018334177730139345:0.0072775785811245441] [0:1] [-0.029782811179757118:0] [0:0.029884306713938713] [0:1] [-0.039548352360725403:0] [0:0.029884306713938713] [0:1] [-0.048961833119392395:0] [0:0.052129972726106644] [-0.0018791963811963797:0.0014538096729665995] [-0.85527235269546509:0.78374069929122925] [0:1] [-0.015821989625692368:0.015677018091082573] [-0.022109948098659515:0.021929206326603889] [-0.026769634336233139:0.021381726488471031] [-0.030456332489848137:0.027893967926502228] [-0.044264607131481171:0.050694059580564499] [-0.014137785881757736:0.01241095457226038] [0:1] [-0.020654251798987389:0.014960454776883125] [0:1] [-0.031255539506673813:0.019553698599338531] [0:1] [-0.042190786451101303:0.024774031713604927] [0:1] [-0.0022199838422238827:0.0015515724662691355] [-0.01929849199950695:0.010601327754557133] [-1:0.96156352758407593] [0:1] [0:1] [0:1] [-0.002962521743029356:0.0023936424404382706] [0:1] [-2.094581127166748:2.0501248836517334] [0.0006528011872433126:0.051088836044073105] [7.4223346018698066e-05:0.0085190162062644958] [0.00016562885139137506:0.007241410668939352] [0.00034768413752317429:0.009024045430123806] [0:1] [-0.039548352360725403:0] [0:0.029535520821809769] [0:1] [-0.048961833119392395:0] [0:0.052129972726106644] [0:1] [-0.055459257215261459:0] [0:0.062128432095050812] [-0.001998398220166564:0.0018903200980275869] [-0.8839220404624939:0.77277630567550659] [0:1] [-0.021643979474902153:0.014900486916303635] [-0.026769634336233139:0.019197313115000725] [-0.030456332489848137:0.027893967926502228] [-0.038635700941085815:0.050694059580564499] [-0.045617956668138504:0.031076949089765549] [-0.016497114673256874:0.014239324256777763] [0:1] [-0.024139376357197762:0.017476039007306099] [0:1] [-0.038017731159925461:0.024364052340388298] [0:1] [-0.05725480243563652:0.032320398837327957] [0:1] [-0.0026038419455289841:0.0018079866422340274] [-0.025724096223711967:0.013488003984093666] [-1:0.88860714435577393] [0:1] [0:1] [0:1] [-0.0030859492253512144:0.0054162335582077503] [0:1] [-2.0154328346252441:2.0715863704681396] [0.00099131057504564524:0.072012044489383698] [0.00019095663446933031:0.01174881961196661] [0.00025024011847563088:0.011404318735003471] [0.00057869416195899248:0.012094652280211449] [0:1] [-0.048961833119392395:0] [0:0.052129972726106644] [0:1] [-0.051063653081655502:0] [0:0.062128432095050812] [0:1] [-0.069621078670024872:0] [0:0.062128432095050812] [-0.0026151468046009541:0.0024172961711883545] [-0.74579381942749023:0.71081286668777466] [0:1] [-0.025146579369902611:0.019976429641246796] [-0.038635700941085815:0.050694059580564499] [-0.045617956668138504:0.031076949089765549] [-0.06428740918636322:0.042258419096469879] [-0.090462490916252136:0.060434013605117798] [-0.030208779498934746:0.016297647729516029] [0:1] [-0.047508582472801208:0.025854436680674553] [0:1] [-0.078990742564201355:0.040417026728391647] [0:1] [-0.10150977224111557:0.052557282149791718] [0:1] [-0.005250339861959219:0.0026529296301305294] [-0.053838226944208145:0.024342771619558334] [-1:0.99481040239334106] [0:1] [0:1] [0:1] [-0.0041886074468493462:0.0051083634607493877] [0:1] [-1.9180606603622437:1.8935986757278442] [0.0031203508842736483:0.11309604346752167] [0.00051034818170592189:0.016456497833132744] [0.000630713882856071:0.013298433274030685] [0.00068419927265495062:0.019212858751416206] [0:1] [-0.069621078670024872:0] [0:0.062128432095050812] [0:1] [-0.095660008490085602:0] [0:0.081906057894229889] [0:1] [-0.14425040781497955:0] [0:0.12049012631177902] [-0.0044201528653502464:0.0024197513703256845] [-0.63182377815246582:0.647968590259552] [0:1] [0:1] [-0.67891031503677368:0.66526377201080322] [-1:1.2246468525851679e-16] [-1:0.86383551359176636] [0:6] [0:1] [0:1] [0:1] [-3.4098470211029053:7.6071109771728516] [0:1] none
tree_sizes=14269 14625 14595 14573 14571 14640 14635 14597 14613 14582 14637 14604 14595 14628 14664 14656 14647 14619 14640 14620 14645 14661 14599 14643 14628 14607 14631 14624 14660 14635 14633 14667 14626 14622 14618 14671 14648 14629 14642 14632 14639 14614 14646 14624 14626 14645 14615 14606 14659 14630 14623

Tree=0
num_leaves=127
num_cat=0
split_feature=9 229 106 32 32 146 3 219 5 95 223 0 191 7 185 0 51 137 152 194 108 150 108 223 97 110 142 32 193 167 212 5 64 99 105 213 223 110 2 144 105 136 194 191 64 188 118 95 136 68 117 201 194 233 188 144 136 133 171 133 74 146 223 26 193 29 26 99 117 107 137 25 194 148 212 114 137 3 104 152 174 0 147 152 147 150 223 57 191 173 188 188 117 64 107 157 142 89 223 212 87 214 137 144 232 152 24 150 9 106 211 27 194 149 150 149 212 149 42 191 68 161 103 7 66 194
split_gain=611.606 145.775 65.4137 57.5823 44.0948 41.3953 38.4108 29.7502 27.0801 26.9751 23.9007 20.8872 20.6176 20.2714 19.5476 17.9383 17.6154 17.8559 17.5159 25.149 18.4717 18.424 16.7253 16.5757 16.5165 16.2412 16.1017 15.793 15.7403 18.1908 15.6494 15.5906 15.532 15.1844 14.7429 19.9337 16.4321 18.4191 15.0114 14.4288 14.3485 14.1374 14.121 16.1435 14.1756 14.0005 13.7092 13.5968 13.4945 13.4555 13.343 13.1401 18.9285 13.2144 15.9393 13.1231 19.1054 13.6692 12.8523 12.7759 12.7179 12.6418 12.6252 12.5518 12.5054 12.4754 12.4537 12.2966 13.5376 19.029 12.2918 12.2452 16.9478 12.2687 12.1574 12.085 12.0171 11.7259 14.5747 11.642 11.5364 13.7748 14.6482 19.586 13.1937 13.67 11.6546 11.4705 11.4617 11.4524 11.423 11.3211 11.271 11.2412 11.153 11.1163 11.4683 10.8698 12.6709 10.7648 12.9523 10.6519 10.5809 13.4118 10.5804 10.498 10.4958 11.3544 10.4896 11.9865 10.4212 10.4098 10.2017 10.198 10.1326 10.0989 14.827 12.4873 12.308 11.5193 10.0571 11.3576 9.95368 9.82549 9.77035 9.98831
threshold=2.6312140107620511e-05 -0.12779405713081357 -0.001535352610517293 0.16932062059640887 0.85939571261405956 0.82917660474777233 0.00026851444272324448 0.61946895718574535 -4.3633954192046068e-06 0.00013717547699343416 -0.027258225716650483 -0.00010381599713582544 0.0046980944462120542 -8.3198978245491148e-05 -0.0007775869162287562 7.1755915996618582e-05 -0.00012182274440419859 0.000931204267544672 8.17979635030497e-05 0.015840842388570312 0.60690265893936168 0.087143663316965117 0.40771655738353735 -0.026216545142233368 0.14356461167335513 0.0029038822976872329 0.00096979306545108568 0.75848257541656505 -0.0031371000222861762 0.2340217009186745 0.014207109808921816 0.0002368884670431726 0.74863880872726452 0.00070686856633983563 0.35883130133152014 0.0019292187062092128 -0.0073777087964117518 0.0010370144736953082 -0.00014089141768636179 -0.0042507662437856189 0.96312212944030773 0.0021146618528291587 0.0039811057504266509 -0.0026719444431364532 0.6755640208721162 0.12550988048315051 -0.00031507622043136502 0.0001660805428400636 0.0028191235614940528 -0.0012383388238959012 0.0042314419988542804 -0.013312256429344414 -0.0086415791884064657 1.0000000180025095e-35 0.28132031857967382 -0.0032070768065750595 0.0016691331984475257 9.7455322247697054e-05 -0.00010433557326905428 0.00015642525977455082 0.0048893417697399863 0.24090548604726794 -0.017619423568248745 0.61552813649177562 0.0071223995182663211 0.0070505384355783471 0.25035747885704046 0.000370848341844976 -0.0012775644427165387 0.0011548241018317642 0.00049518898595124494 0.00013263367145555097 -0.0089483903720974905 0.0038855281891301279 0.009280287194997074 -0.0005788697744719683 0.00098727137083187721 -1.9328853340994098e-05 0.0019601281965151434 0.0010882780188694598 0.012027140706777574 0.00018164885113947096 -0.00043836397526320065 0.0010882780188694598 -0.00068302996805869032 -0.18122261017560956 -0.026929282583296296 1.1272004940110493e-05 -0.0057986064348369828 0.58550584316253673 -0.19431930035352704 -0.23177020996809003 0.0026372222928330307 0.23418898135423663 0.00084215772221796225 0.0013395909336395564 0.0009908915380947294 0.00018333484331378716 -0.0034580948995426293 0.010055171791464092 -0.00041351326217409218 0.0016881340998224916 0.00030522247834596788 -0.0029205430764704938 2.5000000000000004 -0.0018091231468133626 7.1281909185927375e-05 -0.1130341589450836 -9.8801370768342154e-05 -0.0027026192983612414 0.5287701189517976 -0.00052262310055084516 0.0058201996143907317 0.00011095574882347138 0.027507022954523567 -0.00016884283832041544 0.020066959783434871 -5.2321553084766485e-05 -0.00048463324492331589 -0.0049633283633738748 -0.00033892205101437861 -0.0016709592891857026 -0.00041173415957018728 0.00014414090401260185 0.00088466910528950404 -0.0058408330660313359
decision_type=2 2 10 2 2 8 2 10 2 2 10 2 10 2 8 2 2 8 8 10 8 10 8 10 8 10 10 2 8 2 10 2 2 10 10 8 10 10 2 10 10 10 10 10 2 10 10 2 10 8 10 10 10 2 10 10 10 2 2 2 10 10 8 2 10 2 2 10 10 10 10 2 8 10 10 2 8 2 10 10 8 2 8 10 10 10 10 2 10 10 10 10 10 2 10 2 10 2 8 10 2 10 10 10 2 10 2 8 2 10 8 2 8 8 8 10 8 10 10 10 8 2 10 2 2 10
left_child=1 8 6 18 7 12 10 22 16 14 79 -7 15 87 40 34 48 47 39 20 30 65 27 25 33 49 -10 94 -13 113 70 42 91 45 35 38 37 -37 -5 110 92 -41 44 -44 -25 76 -17 55 -1 -8 63 -12 -53 54 67 115 -57 -58 -29 -28 -36 -59 -62 -34 80 -22 -50 74 69 -69 -20 72 -11 -74 -54 -31 -19 -55 -79 120 81 82 83 84 85 86 -24 -14 -78 93 -40 -9 -6 -15 -4 96 -87 98 -93 -88 -101 -98 -92 -104 -71 -35 -67 -108 -39 -110 -3 -21 -73 -30 -77 116 119 -117 -119 -18 121 -2 -43 -96 125 -33
right_child=2 3 4 5 9 11 23 32 26 71 51 28 13 89 -16 46 17 24 19 111 21 -23 64 31 -26 -27 59 58 29 75 -32 124 50 105 60 36 -38 108 90 41 -42 122 43 -45 -46 -47 -48 -49 66 -51 -52 52 53 77 -56 56 57 61 -60 -61 62 -63 -64 -65 -66 106 -68 68 -70 104 -72 112 73 -75 -76 114 88 78 -80 -81 -82 -83 -84 -85 -86 95 99 -89 -90 -91 102 97 -94 -95 123 -97 101 -99 -100 100 -102 -103 103 -105 -106 -107 107 -109 109 -111 -112 -113 -114 -115 -116 117 -118 118 -120 -121 -122 -123 -124 -125 -126 -127
leaf_value=0.01330847525037698 0.020099636110863128 0.0083957894057703937 0.010782889900330432 0.022236834617409083 0.0080411939309714634 0.014633523097169027 0.017940660003090695 0.0047839684950590523 0.016061944990620323 0.0092091774274200133 0.0081275423402191356 0.0046258694482537097 0.011673076683494585 0.011409062474518866 0.013056575642594929 0.0094053858342614139 0.015670750156983076 0.0068163568997465455 0.015440125055909013 0.012330113713940959 0.017940410157045603 0.01802119393525289 0.017692526729997715 0.01180616033034991 0.0086380710984579369 0.0093556934250260421 0.010900837985798981 0.0075912296357388102 0.010895566556436245 0.0042279657385611846 0.013833619925371817 0.010646074241262267 0.012422858805758937 0.012403176095719467 0.012842121489669532 0.0058151713361061178 0.016359433805072172 0.016118042077593746 0.01928460684716047 0.012749481462307857 0.0028520227030582913 0.017362055594192634 0.017990158690446494 0.011136025884803209 0.0074774279790092999 0.019244574103218809 0.013459143216125961 0.02169395741907456 0.02271985551944633 0.011890820443406572 0.0055620308346679796 0.016085853699491923 0.012822460229930032 0.015852889795048408 0.017454842499235949 0.012901227855410742 0.021527659335452441 0.0200342392898527 0.014610356067921637 0.016866028414540372 0.018808344589465058 0.011979591252843681 0.01406962953993033 0.0083695432461921553 0.016792294621930666 0.0076793858664466483 0.017418758246734087 0.018851862548785365 0.0086578807696441745 0.0075535163014895336 0.022309208567795218 0.0052987154305836519 -0.0039207489435774973 0.0062215491744863384 0.0055757493011723272 0.008711276616038325 0.018347808167625858 0.013021373623785812 0.0072100150946757448 0.010590550845873209 0.0064596821079954334 0.0052143835765554539 0.0065217899343219992 0.015043998408878552 0.016163706606929094 0.012784038543511279 0.014461747148717202 0.019276849161825486 0.011495939165190578 0.012505073604897056 0.0095499688809862013 0.0073198836510488478 0.012413783508115384 0.0034461043577324497 0.017071101251079492 0.014450553365847316 0.0044406601356313628 0.003835170965254122 0.011304821365453117 0.014591615680073278 0.0071288087721477419 0.0090447645438804687 0.011310123916864132 0.018151354414606469 0.015097602478114884 0.019551350992984967 0.014878733168335566 0.0098063173141320469 0.0071636554208757029 0.015453967108693829 0.016236370477453941 0.0044595047260078922 0.010417055568632594 0.01644502262672301 0.012459057624583684 0.014062463461290291 0.013374256364987023 0.020039990061009563 0.012399498987476913 0.02089161522713227 0.012507598938712219 0.013026969520298713 0.02368968325839433 0.01079354639957362 0.0091558511338583545 0.0034704272903186336
leaf_weight=111.9955472946167 357.98576724529266 124.99503046274185 211.24160148203373 200.24203880131245 2212.6620292514563 413.48356077075005 238.99049824476242 483.48077782988548 1613.4358532130718 117.99530875682831 288.23854024708271 195.24223758280277 219.74126355350018 111.24557711184025 346.7362145036459 566.97745817899704 292.73836134374142 110.74559698998928 199.24207855761051 139.74444405734539 111.74555723369122 254.73987208306789 115.99538826942444 511.47966465353966 131.74476210772991 394.2343260794878 531.22887946665287 278.73891793191433 249.49008080363274 152.74392722547054 322.98715871572495 116.99534851312637 871.71534244716167 99.996024370193481 3025.8796974420547 145.744205519557 496.48026099801064 263.48952421545982 298.48813274502754 250.49004104733467 188.7424959987402 1754.6802376359701 154.9938377737999 620.72532127797604 752.97006350755692 118.74527893960476 758.71983490884304 316.98739725351334 545.22832287847996 330.73685060441494 193.99228727817535 469.98131453990936 120.99518948793411 422.48320296406746 100.74599455296993 174.49306252598763 735.47075924277306 135.74460308253765 146.74416576325893 174.24307246506214 283.23873902857304 150.24402661621571 948.71228121221066 452.23202021420002 100.74599455296993 211.7415816038847 350.73605547845364 159.4936588704586 367.48538956046104 161.99355947971344 265.98942482471466 586.72667299211025 168.24331100285053 115.99538826942444 359.48570761084557 827.96708178520203 124.49505034089088 1032.7089416831732 186.74257551133633 123.99507021903992 289.23850049078465 163.99347996711731 259.98966336250305 458.98175185918808 141.74436454474926 204.74185989797115 248.99010068178177 100.74599455296993 286.23861975967884 153.99387753009796 120.49520936608315 679.22299553453922 265.73943476378918 214.99145239591599 518.22939629852772 125.99499070644379 293.73832158744335 168.24331100285053 618.97539085149765 121.2451795488596 286.73859988152981 762.4696858227253 165.49342033267021 310.73764573037624 109.74563674628735 413.23357070982456 375.23508144915104 298.98811286687851 144.49425521492958 104.49584546685219 107.74571625888348 112.24553735554218 239.74046842753887 243.24032928049564 439.98250722885132 1040.9586136937141 231.74078647792339 312.73756621778011 111.49556717276573 532.72881983220577 150.99399679899216 122.7451199144125 100.49600449204445 110.74559698998928 708.47183266282082 324.73708914220333
leaf_count=448 1432 500 845 801 8851 1654 956 1934 6454 472 1153 781 879 445 1387 2268 1171 443 797 559 447 1019 464 2046 527 1577 2125 1115 998 611 1292 468 3487 400 12104 583 1986 1054 1194 1002 755 7019 620 2483 3012 475 3035 1268 2181 1323 776 1880 484 1690 403 698 2942 543 587 697 1133 601 3795 1809 403 847 1403 638 1470 648 1064 2347 673 464 1438 3312 498 4131 747 496 1157 656 1040 1836 567 819 996 403 1145 616 482 2717 1063 860 2073 504 1175 673 2476 485 1147 3050 662 1243 439 1653 1501 1196 578 418 431 449 959 973 1760 4164 927 1251 446 2131 604 491 402 443 2834 1299
internal_value=0.0126096 0.0147666 0.0101286 0.013621 0.00920579 0.0128412 0.0114662 0.0100635 0.0168509 0.00754598 0.0127398 0.0105969 0.0134999 0.0104787 0.00861182 0.0138133 0.0175301 0.0170376 0.0154905 0.014227 0.0149695 0.0134339 0.0110865 0.0100817 0.0149317 0.0123866 0.0149713 0.0130573 0.00979381 0.0103983 0.0173289 0.00939108 0.00865257 0.015706 0.0142446 0.0155481 0.0136849 0.0116166 0.0174577 0.0167052 0.00803499 0.0172232 0.0104754 0.0126062 0.0091886 0.0135956 0.0117035 0.0176936 0.0199928 0.0145232 0.0102187 0.0120861 0.0124366 0.0118499 0.0104218 0.0173058 0.0190596 0.0200859 0.00999302 0.0124508 0.0135452 0.0160379 0.0152407 0.0109958 0.0103901 0.0121794 0.0207949 0.00980189 0.0113779 0.0137685 0.0196052 0.00503756 0.00207073 -0.000474038 0.00733605 0.00926196 0.0121119 0.0130621 0.0120586 0.0159385 0.0101816 0.0105559 0.0108927 0.0113452 0.010593 0.0101982 0.0123423 0.0143143 0.0137426 0.00795326 0.0162018 0.0074701 0.00850468 0.00593503 0.0146339 0.00902414 0.00846171 0.00844913 0.0091712 0.0112755 0.00933542 0.00763625 0.0144934 0.0158173 0.0105617 0.018203 0.0113512 0.0126133 0.0134598 0.0105954 0.012025 0.00848248 0.00669646 0.0136777 0.00998918 0.0164301 0.0179265 0.0152934 0.0181127 0.0191562 0.0170181 0.0183824 0.0178193 0.0159438 0.00753722 0.0052034
internal_weight=45675.9 24435 21240.9 15787.6 12550.8 11156.6 8690.15 8308.17 8647.41 4242.58 4535.82 2522.15 8634.41 800.718 3013.88 7833.69 6328.5 5320.54 4631.07 2292.66 2040.67 1252.45 4840.31 4154.33 1285.2 963.962 2318.91 1265.7 2108.67 1913.42 788.219 3190.37 3467.86 1153.45 6507.99 2250.16 1154.7 658.224 1095.46 2338.41 2667.14 2105.67 2040.17 775.719 1264.45 640.225 1325.7 4035.34 1007.96 569.727 1517.94 3780.1 3491.86 3021.88 1379.95 3718.35 1195.95 1021.46 425.483 705.472 4257.83 285.989 1231.95 1323.95 3574.61 997.71 895.964 1279.2 798.718 431.233 465.232 1228.7 402.234 284.239 480.481 1420.69 521.479 1641.93 1219.45 755.72 3473.86 3184.62 3020.63 2760.64 2301.66 2159.91 772.969 320.487 410.734 480.231 895.214 1949.92 2478.4 326.237 840.217 1386.94 1260.95 1466.44 1298.2 656.974 407.984 1056.21 596.726 476.231 271.739 513.23 885.965 674.223 512.48 248.99 232.741 251.99 826.467 492.73 1267.95 2522.4 1057.21 1465.19 424.233 825.467 631.725 480.731 1855.18 628.975 1150.2 441.732
internal_count=182711 97744 84967 63153 50205 44628 34762 33234 34591 16971 18144 10089 34539 3203 12056 31336 25315 21283 18525 9171 8163 5010 19362 16618 5141 3856 9276 5063 8435 7654 3153 12762 13872 4614 26033 9001 4619 2633 4382 9354 10669 8423 8161 3103 5058 2561 5303 16142 4032 2279 6072 15121 13968 12088 5520 14874 4784 4086 1702 2822 17032 1144 4928 5296 14299 3991 3584 5117 3195 1725 1861 4915 1609 1137 1922 5683 2086 6568 4878 3023 13896 12739 12083 11043 9207 8640 3092 1282 1643 1921 3581 7800 9914 1305 3361 5548 5044 5866 5193 2628 1632 4225 2387 1905 1087 2053 3544 2697 2050 996 931 1008 3306 1971 5072 10090 4229 5861 1697 3302 2527 1923 7421 2516 4601 1767
is_linear=0
shrinkage=1


Tree=1
num_leaves=127
num_cat=0
split_feature=9 230 231 49 32 91 9 26 42 15 97 194 9 111 231 73 230 148 224 144 204 23 148 225 224 7 182 15 15 231 230 144 187 9 204 236 111 212 53 187 156 72 188 138 23 213 98 0 79 68 201 142 80 108 178 214 148 220 182 188 167 146 155 212 230 217 214 98 236 192 74 73 118 3 74 213 119 3 4 212 220 220 0 7 80 43 7 215 167 7 133 89 137 188 193 32 214 148 39 194 3 144 157 227 133 192 0 192 144 109 144 143 100 225 173 23 231 135 188 190 133 214 81 133 72 111
split_gain=598.75 114.943 131.59 98.6833 77.1251 63.786 58.7741 56.8318 45.344 41.413 29.7063 29.6837 29.4686 28.6346 31.5618 56.9742 36.4448 28.4019 27.7431 27.5918 24.7886 22.453 22.0617 20.9493 22.6863 20.7515 22.7479 20.2268 18.8643 17.7753 17.4202 17.913 16.9106 16.2279 16.1812 16.1719 16.1597 16.1532 16.3243 15.8107 15.7635 15.3919 15.0933 16.785 16.4274 14.8696 14.6374 14.5569 14.5522 22.9885 16.6672 14.6338 15.0212 14.3428 15.6424 14.2175 13.989 13.5663 13.4434 14.3598 13.4062 13.2757 13.0165 12.7832 12.7641 12.7365 14.7607 17.2928 12.6802 14.0417 12.6595 12.5448 16.9722 17.5383 12.528 12.4227 14.3078 16.6775 14.3674 18.495 12.3887 13.0237 15.0416 12.3442 13.9741 12.4602 12.0794 12.4388 12.0088 11.8711 11.8451 11.7091 11.6901 11.6531 11.646 14.6766 11.6105 11.2638 11.2299 11.1654 11.0291 10.9604 11.3947 10.8893 10.8883 14.9341 14.6455 10.7909 10.7574 10.7521 13.9483 11.7321 13.0245 13.1043 12.2916 11.0651 10.6363 12.8678 12.5226 12.2829 11.4684 10.585 15.4267 10.5669 10.5406 16.702
threshold=-1.442299026166438e-05 -0.82535797357559193 -0.028357730247080323 2.2641383111476902e-05 0.76633909344673168 0.13832740485668185 0.00026584597071632748 0.26421833038330084 0.00070077908458188187 -0.083526894450187669 0.80909612774848949 -0.012944495771080254 -0.00039394058694597328 0.00010437451055622661 0.1456510201096535 -0.00011452405669842845 -0.79731875658035267 0.0010193771449849012 0.00033459921542089438 -0.0030642866622656579 0.0017152684740722182 0.00013677718379767614 0.007962785195559265 -0.00026725340285338456 0.019203945063054565 0.00039459315303247427 -0.0049412802327424279 0.08724269270896913 0.32345639169216162 0.26092512905597692 -0.97768935561180104 -0.006865625735372304 0.00041033436718862509 0.00037764570151921367 0.0010410238755866887 1.4779404401779177 0.00022552174777956682 0.023056847043335441 0.29094147682189947 0.00013573810429079461 0.0066945834551006564 0.00045244414650369441 0.17523366957902911 0.0013504691305570307 8.0954396253218888e-05 0.0020147731993347411 0.0074503817595541486 -0.00013881085033062843 -0.0017148441984318195 -0.00074511845014058043 -0.010759056545794008 0.00094671460101380955 -0.0015701157390139995 0.32293856143951422 0.60110399127006542 0.0021993597038090233 0.014855232555419208 -0.010405681096017359 -0.0097379470244050009 0.092178422957658782 -0.26536822319030756 0.88041862845420849 -0.0013377213035710154 0.019849191419780258 -0.87355786561965931 -0.0024739431682974096 0.0035242812009528284 0.0012954609701409938 0.32995557785034185 -0.0010764659382402895 -0.36496721208095545 -3.7185972132647289e-06 0.00035269060754217213 -0.00020390106510603798 -0.15657129138708112 0.0022727093892171983 -0.00037980709748808289 -0.00022359618014888835 0.00029088000883348292 0.011731974780559542 -0.012513507157564161 -0.0063472515903413287 -5.2436324040172615e-05 7.1024838689481853e-05 -0.0062141225207597009 -5.3278068662621074e-05 0.00018755612109089273 0.0033482279395684604 0.32921968400478369 -8.538268593838437e-05 -3.6616063880501308e-05 1.4551247204508401e-05 0.00065444025676697503 -0.12558501213788983 0.0021477823611348872 0.76633909344673168 0.001637884939555079 0.0012080118176527324 3.9615337300347171e-05 -0.00050548769650049497 -5.6791963288560503e-05 -0.0054534689988940946 -0.00045447472075466061 0.35000000894069677 0.00019630987662822011 0.00029118134989403194 9.018928176374176e-05 -0.00041439603955950583 -0.0053958455100655547 -0.001402111316565424 -0.0010520622599869964 0.50371038913726818 0.00050212864880450081 -4.9376139941159627e-06 0.49707195162773138 7.9403060226468383e-05 -0.97948506474494923 0.57950431108474743 -0.34855200350284571 0.0046172314323484906 0.00044007429096382117 0.0023445021361112599 0.00035991163167636847 -0.00010453263166709802 0.0018328507430851462 2.7897754080186136e-05
decision_type=2 2 2 2 2 2 2 2 10 2 8 10 2 8 2 10 2 8 10 10 10 2 10 10 8 2 10 2 2 2 2 10 10 2 10 10 10 10 2 10 10 10 10 10 2 10 8 2 10 10 10 10 8 8 10 8 10 8 10 10 2 8 10 8 2 10 10 10 10 8 10 8 10 2 10 10 2 2 2 10 10 10 2 2 10 2 2 10 2 2 2 2 10 10 8 2 10 10 2 8 2 8 2 8 2 10 2 10 10 10 10 10 10 10 10 2 2 10 10 10 2 8 2 2 10 8
left_child=3 2 4 9 5 20 75 12 18 13 35 33 29 14 16 -16 19 -11 55 30 27 23 41 -17 96 26 28 53 60 56 31 -1 46 -6 -21 58 37 38 83 45 48 -18 43 44 -39 -36 61 -14 51 50 -50 52 -19 -2 100 -3 -5 -7 63 -60 -10 88 92 -8 -31 66 67 -23 69 -62 -28 80 -73 121 -26 76 101 -78 124 -80 -49 -82 -83 85 -85 -20 91 -88 -9 -33 -77 -13 -22 -84 95 -12 -25 -87 -29 -27 -55 -4 -103 -69 105 107 -106 -86 -107 111 -111 112 113 -110 -113 -112 117 -72 -118 120 -120 122 -74 -37 125 -79
right_child=1 8 6 7 11 57 10 32 25 17 94 86 47 -15 15 21 22 40 36 34 62 65 -24 24 74 99 70 98 -30 64 -32 89 -34 -35 39 123 -38 42 -40 -41 -42 -43 -44 -45 -46 -47 -48 71 49 -51 -52 -53 -54 54 -56 -57 -58 -59 59 -61 68 -63 -64 -65 -66 -67 -68 103 -70 -71 116 72 73 -75 -76 90 77 78 79 -81 81 82 93 84 104 97 87 -89 -90 -91 -92 -93 -94 -95 -96 -97 -98 -99 -100 -101 -102 102 -104 -105 106 108 -108 -109 109 110 115 114 -114 -115 -116 -117 118 -119 119 -121 -122 -123 -124 -125 -126 -127
leaf_value=0.0071118383395042707 0.0047912807754912686 0.00076385154128180352 -0.0014133693976397144 0.0078794115979936782 0.00050558906845032405 -0.0038462160682701967 -0.0040905815800774663 -0.00093868886990311083 -0.0022650365646305153 0.0041992574620289399 -0.0021700646995215615 -0.0055761367938274064 0.003948147936990846 -0.0021908725435694837 0.0087092460454542223 -0.0033998232576696332 0.0054305284281321699 0.0091819410355089715 -0.0036245830657392081 0.011016297561028185 -0.0050080314582263419 -0.002525821910149449 -0.0035382548800943305 0.0061993592835453068 -0.0080712930560144103 -0.0074700264047934551 -0.0068946695118511838 -0.0060886716338987559 -0.0070004599782392289 -0.003501475306615529 0.0067841305806473611 0.0025343643680591434 -0.0043719535000504494 -0.0078187402215756756 0.0059719641026453815 -0.0030249860378962936 -0.0060800868821415457 0.0067971625697466334 -0.0069956945832570418 0.010427691051548386 -0.0046548004230980876 0.0025535050017364909 -0.0042184894173510571 0.0084963885928024362 -8.1933292176990667e-05 -0.0020455847691148604 0.0044434890231983045 -0.0030858332485716152 -0.0048471255474608578 0.0037386850671969336 1.2899011354674069e-06 0.00055117923952600217 1.1810191563491532e-05 -0.0080175684879669768 0.0043086963731367445 0.0091874818456147752 -0.00015815808440840297 -0.010127996569387959 -0.0027739882740219013 -0.0077428694389210743 0.0027055860316746367 -0.0042485820916772681 -0.0070476869060620987 0.0039264106696350904 0.0040697937212344475 -0.0013602904187596805 -0.0017328035359797092 0.0017772702171289195 0.0069498252224799145 -0.004301812221527858 -0.0037442470709801627 0.0028077743509681251 0.0045978426943432535 -0.0045623667478732321 0.00028390102280475654 -0.0037134379293011022 0.0062702311107642574 -0.002168686472685455 -0.0015224443370384065 0.0073559074765780653 0.0079844056212134227 -0.0031916798194695922 -0.00073455256124029325 0.0055959362242104837 -0.00082899674039322072 0.0047149862075713663 -0.015388661058685717 -0.0091834530974177382 0.0046549828957274031 -0.0034509411855053007 0.00019928617019569035 -0.010099214834305606 0.0025134846847773705 0.0062265537807850088 -0.0038793473197971462 -0.010312484878745753 0.0012001962451481632 0.00072730207572867342 -0.00092067005482788275 -0.0027646583564587312 -0.00017027277411569446 0.0080531615855425863 0.00027772492083678532 0.0068670502814499939 0.0044698574452965104 -0.0082203247813496683 -0.0033256158903126817 0.0043037402738537968 -0.0056399482098235514 -0.0089367014879930904 -0.0056263987515256597 0.0035397700057989757 -0.0069634992373534804 0.002690048576852646 -0.0027921414974367387 0.0027291076559420079 -0.0070743103235403823 0.0042152228902371594 -0.0022625712562009967 -0.0075343539154134808 0.0028388189566369176 -0.002587021714603655 -0.0020732666473762583 0.0040734434276397218 -0.0058508291462344023 0.0032141428149152968
leaf_weight=273.47908726334572 323.48136578500271 142.49371503293514 105.24513503909111 582.7130775898695 205.49260874092579 221.49225215613842 115.24657312035561 1941.6609061211348 288.73817570507526 1139.1761319637299 126.24573430418968 535.73373039066792 544.7193318605423 283.9821609556675 494.95944656431675 513.71507202088833 1336.8994293808937 214.98791870474815 194.74185332655907 665.9504409134388 157.24359680712223 103.49349869787693 157.49016284942627 289.23024907708168 107.99327981472015 424.24202787876129 253.99309924244881 255.98989772796631 100.74807199835777 131.24215865135193 985.43098042905331 564.46241073310375 637.97872814536095 148.74577504396439 257.48225668072701 112.49722860753536 161.24546355009079 167.99266900122166 127.74679218232632 195.73755909502506 200.49225687980652 1806.6231877505779 107.24531735479832 170.4928627461195 529.4791352301836 126.49178808927536 179.24246048927307 124.24336896836758 350.98166643083096 491.72439007461071 1204.1897901296616 356.98369462788105 102.74451376497746 101.74540239572525 143.9946413487196 175.49233120679855 100.24440939724445 600.7338590323925 987.22590819001198 304.99268437922001 491.23300734162331 444.98565949499607 451.73574951291084 173.99387131631374 198.73820641636848 192.73792280256748 145.48993523418903 238.9824011027813 185.74374549090862 128.24563147127628 114.49653123319149 438.22703194618225 309.48394073545933 494.47705902159214 160.49011662602425 548.73036809265614 139.24504113197327 834.22194147109985 174.49472711980343 169.74511477351189 166.99119803309441 156.99142150580883 142.49259196221828 105.74545815587044 1431.7014988213778 329.48273111879826 302.99372674524784 505.98810131847858 146.74452923238277 152.74079808592796 674.72551229596138 594.4857726842165 137.74416695535183 253.23732699453831 422.98946802318096 424.49226272106171 497.46648494899273 1554.9378185719252 453.23263159394264 438.24061824381351 176.24257697165012 230.24074256420135 109.99630254507065 729.69683590531349 262.99196992814541 128.24550344049931 128.74655202031136 164.74487321078777 100.99654479324818 180.49621921777725 104.49725493788719 282.74172553420067 203.24333220720291 181.4944736212492 187.49440512061119 111.49723970890045 226.49369060993195 187.74528679251671 1684.4509856551886 142.49681361019611 179.49513128399849 338.48446896672249 223.74065631628036 215.99508525431156 168.74499973654747 296.49044616520405
leaf_count=1094 1294 570 421 2331 822 886 461 7767 1155 4557 505 2143 2179 1136 1980 2055 5348 860 779 2664 629 414 630 1157 432 1697 1016 1024 403 525 3942 2258 2552 595 1030 450 645 672 511 783 802 7227 429 682 2118 506 717 497 1404 1967 4817 1428 411 407 576 702 401 2403 3949 1220 1965 1780 1807 696 795 771 582 956 743 513 458 1753 1238 1978 642 2195 557 3337 698 679 668 628 570 423 5727 1318 1212 2024 587 611 2699 2378 551 1013 1692 1698 1990 6220 1813 1753 705 921 440 2919 1052 513 515 659 404 722 418 1131 813 726 750 446 906 751 6738 570 718 1354 895 864 675 1186
internal_value=-8.71713e-05 -0.00228677 -0.00370245 0.00229676 -0.00601745 -0.00387849 -0.00174678 0.00044541 -0.000917579 0.00327021 -0.00384379 -0.00877951 0.00198928 0.00394553 0.00412387 0.0025605 0.00494621 0.0015497 8.61293e-05 0.00646467 -0.00206585 0.00148773 0.00343418 -0.000162551 0.00144744 -0.00241039 -0.00178438 -0.000524383 0.000519259 0.00492833 0.00490617 0.00294088 -0.00149292 -0.00322087 0.00882047 -0.00235313 -0.000186689 -2.85184e-05 -0.00043226 0.00601472 0.000495256 0.00380366 0.00232565 0.00321105 0.00171825 0.00336025 -0.000788761 0.00103206 0.000905832 5.63941e-05 -0.00114058 0.00340697 0.00639292 0.00175423 -0.000685352 0.00568131 0.00672872 -0.00856732 -0.00318581 -0.00404689 0.00132504 -0.00119086 -0.00497676 0.000674111 0.00103048 0.00330007 0.00404779 0.00484957 0.00263607 0.00116573 -0.00276778 0.000407179 -0.000536318 -0.00163403 -0.00340342 1.70955e-05 0.000904122 8.7931e-05 -0.000504881 0.003019 0.00239013 0.00339332 0.00177585 -0.000259823 -0.00097064 0.000959865 -0.00975168 -0.0118227 -0.000505214 0.00120065 -0.00158711 -0.00808947 -0.00155928 0.00380528 -0.00666148 -0.00858745 0.00314628 0.00146673 -0.00290186 -0.005196 -0.00338778 0.00402661 0.0056944 0.00567271 -0.00120175 -0.00160245 0.00187075 -0.000252629 -0.00303501 -0.00243069 -0.00512227 -0.00123227 -0.00335144 -0.000464094 0.00100417 -0.0014475 -0.00230359 0.00115474 -0.00277779 -0.00222776 -0.00174639 9.21476e-05 0.00182489 0.00160839 -0.00147 -0.000725893
internal_weight=45633.9 23735 11652.6 21898.9 5317.08 3023.64 6335.56 7556.64 12082.4 14342.3 2883.68 2293.44 4206.03 10281 9997.04 3474.26 6522.79 4061.28 7235.99 3221.78 2201.41 2979.3 3301.01 1568.9 1055.18 4846.36 3983.88 1454.69 1194.71 1012.94 1976.11 990.682 3350.61 354.238 1245.66 1909.95 6918 6756.76 5781.55 579.712 2922.1 3143.52 975.21 867.965 697.472 383.974 2712.63 3193.09 2721.61 2046.9 1555.17 674.716 317.732 745.464 421.983 317.986 682.957 822.226 1581.46 1292.22 1093.96 2533.39 746.724 289.24 329.98 1410.4 1217.66 1072.17 805.222 619.479 2789.17 2648.37 1804.41 1366.19 268.483 3451.88 2228.42 1782.94 1643.7 344.24 843.956 719.713 552.721 5653.8 3574.64 2079.16 1939.2 808.982 2088.41 717.203 1223.46 1130.22 294.988 395.73 973.727 550.738 786.697 1884.42 709.223 862.483 277.988 445.482 340.237 968.679 3468.89 3077.15 391.739 1596.45 1480.71 1352.46 396.491 955.97 485.734 282.491 470.236 215.994 2535.18 302.242 2232.94 2006.44 1863.95 871.709 533.225 328.492 1299.46 1130.71
internal_count=182544 94943 46612 87601 21269 12095 25343 30228 48331 57373 11535 9174 16825 41127 39991 13898 26093 16246 28945 12888 8806 11918 13205 6276 4221 19386 15936 5819 4779 4052 7905 3963 13403 1417 4983 7640 27673 27028 23127 2319 11689 12575 3901 3472 2790 1536 10851 12773 10887 8188 6221 2699 1271 2982 1688 1272 2732 3289 6326 5169 4376 10134 2987 1157 1320 5642 4871 4289 3221 2478 11157 10594 7218 5465 1074 13808 8914 7132 6575 1377 3376 2879 2211 22616 14299 8317 7757 3236 8354 2869 4894 4521 1180 1583 3895 2203 3147 7538 2837 3450 1112 1782 1361 3875 13876 12309 1567 6386 5923 5410 1586 3824 1943 1130 1881 864 10141 1209 8932 8026 7456 3487 2133 1314 5198 4523
is_linear=0
shrinkage=0.02


Tree=2
num_leaves=127
num_cat=0
split_feature=9 129 52 7 7 63 7 98 174 97 14 111 26 102 137 52 174 135 7 175 161 23 175 4 63 150 182 222 222 133 211 9 34 148 175 1 0 74 57 199 215 101 118 157 0 90 61 212 215 30 47 17 174 150 118 212 233 31 180 233 1 205 22 211 30 215 147 144 173 236 191 236 68 94 199 27 35 118 49 173 173 216 111 174 66 101 63 7 137 144 133 150 150 70 174 102 103 74 74 209 14 123 30 66 34 60 81 81 23 148 109 9 7 212 74 4 0 188 125 23 137 118 129 64 63 150
split_gain=537.894 93.2217 74.3763 52.4817 36.6479 36.0439 34.4977 25.7083 23.5303 23.3497 23.0567 20.1328 20.1058 24.2367 19.1894 23.5135 26.0264 18.9363 18.3035 18.0331 17.9567 19.1447 18.2033 17.3426 17.1463 18.5948 17.1154 16.9701 16.9385 19.1727 16.433 16.306 15.6163 15.4157 15.209 15.1068 15.0397 14.5066 18.055 13.9505 13.9467 14.1244 13.9264 15.6671 13.9214 13.6001 13.028 12.9817 12.814 13.0753 12.7158 12.319 12.1819 18.8748 13.3469 12.0583 12.1079 11.929 11.8355 11.6236 13.653 12.3926 19.3197 13.2907 12.3873 11.7841 11.5523 11.5137 14.3497 11.5031 11.4051 12.5396 11.111 11.0017 14.7728 11.65 11.365 10.9765 10.9257 10.8999 10.8612 18.8177 10.8444 10.7342 10.682 17.2801 10.5924 13.9396 13.834 12.2001 10.5232 14.5367 10.5037 10.3374 10.3362 10.2874 10.0869 10.0658 11.3297 10.5057 10.2629 11.6769 10.0547 10.0434 11.6463 15.4481 10.0216 19.0002 11.2197 12.0322 10.012 9.85275 9.75039 15.0242 9.94285 9.68649 9.66321 10.3597 13.1687 15.2492 20.7157 12.0605 19.3239 15.9253 15.6719 12.0506
threshold=-1.442299026166438e-05 -0.10268715396523474 4.3948659367742955e-05 -0.00012452556984499094 0.00012153270290582442 0.00032799890323076403 0.00011641436867648737 0.0023999310797080402 0.013519747182726862 0.8211859166622163 -0.00079553487012162794 -5.3867071983404451e-05 0.24331474304199222 0.13402970880270007 0.00091391697060316812 -0.00090866698883473862 0.010991923045367004 -0.82935240864753712 -0.00027860980480909342 0.0010560746886767449 0.0042397009674459704 6.332623524940574e-05 0.0022132558515295391 -8.567568511352873e-05 0.00022595873451791706 -0.30239251255989069 -0.00056743618915788818 0.80308446288108837 1.0000000180025095e-35 -1.2078115105396135e-05 -0.99032142758369435 -0.00017464104894315821 0.00085120624862611305 0.015499865636229517 0.0011243254411965611 0.00017660051526036116 4.3524809370865121e-05 -0.1520707160234451 2.6816898753168065e-05 0.0095556019805371779 0.0042358494829386481 0.00075428324635140609 -0.0028270351467654105 -0.0021244637900963421 0.00012384112778818238 0.00032493307662662124 0.00012110026000300424 0.024186190217733387 0.0019664071733132009 -0.00049039238365367044 0.00058794268989004206 1.0000000180025095e-35 0.010658533312380316 -0.09245866164565085 0.00035269060754217213 0.012907835654914381 1.0000000180025095e-35 0.0020063616102561359 0.0016917777247726919 1.0000000180025095e-35 0.00012051663361489774 -0.071306679397821413 0.00030477938707917934 0.12728194892406466 -0.00025269920297432685 0.0031415523262694482 -0.0064752113539725533 -0.0038325466448441143 0.083160661160945906 0.99206259846687328 -0.0022411833051592107 0.35740394890308386 -0.0022176594939082857 1.0000000180025095e-35 0.0043644942343235025 -0.0001923741365317255 3.8524525734828792e-05 -0.0011695778812281785 0.0021529645891860132 0.65466129779815685 0.33472406864166265 0.71279585361480724 7.6722008088836463e-06 0.00567902671173215 0.0012687716516666116 0.00087888349662534903 0.00041137776861432945 -0.00034412901732139284 0.00084856909234076749 -0.0016794244293123481 3.2582194762653678e-05 -0.17857495695352552 0.099641565233469023 0.7195434868335725 0.010522646829485895 0.4590947031974793 -0.0012277731439098714 0.060497751459479339 -0.066795639693737016 2.5845542040769945e-05 5.4234587878454483e-05 0.00035656501131597912 -0.00069391523720696558 4.6495253627654172e-05 0.00027669477276504045 0.0019337981357239189 5.0154339987784631e-05 0.00051804236136376869 0.00016501317440997812 0.0064183708745986232 -0.0017935080686584113 -7.6946893386775614e-05 0.00024641492927912628 0.016795423813164238 0.057751832529902465 -0.00015723321848781777 0.00017049723101081329 -0.21265847235918042 0.00018847468891181054 0.00014134887169348079 0.00072632115916349005 -0.0043780913110822431 -0.17391405254602429 0.31432443857192999 0.0002572135854279623 0.18572840094566348
decision_type=2 2 2 2 2 2 2 8 10 10 2 10 2 8 10 2 10 8 2 10 2 2 10 2 2 8 10 8 10 2 8 2 2 10 10 2 2 10 2 10 10 2 8 2 2 2 10 8 10 2 2 2 8 10 10 10 2 2 10 2 2 10 2 10 2 8 10 8 10 10 10 10 10 2 10 2 2 10 2 10 10 8 10 8 2 2 2 2 10 10 2 10 10 10 8 10 10 10 8 10 2 2 2 2 2 10 2 2 2 10 10 2 2 10 8 2 2 10 2 2 10 10 2 2 2 10
left_child=1 10 6 5 20 18 17 90 11 24 32 67 13 82 35 16 92 -2 69 27 21 23 55 -4 -6 50 47 45 -9 73 -23 79 83 86 97 116 39 38 102 -33 41 -10 43 84 -31 58 -32 -20 -44 -50 110 66 54 -54 -14 78 -57 -11 -15 60 70 62 -61 -63 -65 -66 -27 -5 -69 -3 -51 77 -18 74 75 76 -30 -72 -22 103 81 -70 -7 -1 85 -19 87 -21 -88 -89 -8 95 -16 -36 -59 -92 -56 98 100 -100 101 -25 -17 -13 -105 -106 108 -108 109 -90 -26 115 113 -76 -114 -38 117 -12 119 121 -121 124 -123 -124 -119 -126
right_child=2 3 4 8 9 12 7 28 40 57 14 31 52 19 15 37 72 42 26 33 22 30 -24 34 25 51 -28 -29 29 44 46 36 -34 -35 93 -37 111 -39 -40 -41 -42 -43 48 -45 -46 -47 -48 -49 49 59 -52 -53 53 -55 96 56 -58 94 -60 61 -62 63 -64 64 65 -67 -68 68 80 -71 71 -73 -74 -75 112 -77 -78 -79 -80 -81 -82 -83 -84 -85 -86 -87 88 89 106 -91 91 -93 -94 -95 -96 -97 -98 -99 99 -101 -102 -103 -104 104 105 -107 107 -109 -110 -111 -112 -113 114 -115 -116 -117 -118 118 -120 120 -122 122 123 -125 125 -127
leaf_value=0.0030189084819095329 0.005710491629361371 0.0098982556352548903 0.0013481206263419791 -0.0014670711735683649 -0.0078564246959468738 0.0035230052520562457 -0.0043597562761182422 0.0056452798064380132 -0.0040186645280692193 -0.0066660870855484869 0.0062843241988482989 -0.0022064477994618594 -0.002422093190489855 0.003446507977678205 0.0024623386970343292 0.0040355864930239627 0.0092993241466577635 0.0021005215292270551 0.004625090144075676 0.0057742413468598467 0.0019793179725709092 0.0058557170173520658 0.0026507854268202542 0.0043042056875959543 -0.0072653479725560046 -0.00013540457604257312 -0.0022818460581825145 -0.004367769447942477 0.0026978672056631992 0.0040186779055541881 -0.0050674577960163917 0.00033796564757830372 0.0023036672728461542 -0.0027853655544106079 -0.0022321222037068197 0.00069184562448821099 -0.0034236990069830605 -0.0022438266304937592 0.0085009660284738921 -0.004335002645550967 -0.0058926916815937383 0.0052577583712982955 0.0048131680632859022 0.0030228151789578541 -0.0023997999463151532 0.0039268178555675508 -0.00071907904069040088 -0.0017548834927749674 0.0033528094542866248 -0.0075981949857486988 0.0026808824201871992 -0.0060759641078944075 -0.0081462305009636429 2.1104982793533997e-05 0.0044827022598599737 -0.0087955767329680468 -0.0036396882035972288 0.00058780252491154924 -0.0042719486162723112 0.0035964242114700511 0.0025814221012142946 0.0057923881808285664 -0.0055095161164662419 0.0049874964409659635 0.0011753778480630207 -0.0056047486320922602 -0.0034960865087686013 0.0085612825805035132 0.0047972970946239596 0.0035683117976174602 0.00085837820521332173 0.0011773414125482568 0.0027298615994742919 0.0023271291814413414 0.0083007293810949713 -0.0038868262532381114 -0.0030964635208739141 -0.0046181513239293729 -0.0054884155108963937 -0.0016386337037819993 0.0060979371276065307 -0.0058715401569086395 0.010365060868614702 0.010854614130709025 0.0028825100058430453 -0.0076359649742722456 0.0071317271710779695 0.0019403645657777937 -0.0070770432751164963 -0.0048068151146437961 0.0063050879203476375 -0.0037052940826944919 -0.0035599341988111679 -0.010175974501983938 -0.0067801512695665868 -0.0016603279188292747 -0.00088010886545975128 -0.0065799655402366802 0.0053917220734499552 -0.0026728848626940316 -0.0047173594126889715 -0.0034869813384540067 -0.003169978452225108 0.0059678623530487682 -0.0024536033265257278 0.0049440288811618315 0.0083208037273174214 0.00083307836767264386 0.004119328295764035 0.0018168477445200124 0.00041662105491349242 -0.0054686798361823497 -0.0038235237665671298 -0.00046294808622954214 0.0029275171559553282 0.0025260625845377575 -0.0007272347383954857 0.011594993565566104 0.00069145620382930837 0.009090730208935513 0.0016832256821680111 0.0012767979669436791 0.0080617571302525823 0.001729667775956656 0.0054090982960876156 -0.0017267800242017316
leaf_weight=107.98268076777458 243.98429261147976 339.96207131445408 269.49151073396206 143.49171468615532 292.24532561004162 244.22225965559483 1573.7154457867146 138.48871186375618 122.24627642333508 1615.229469820857 1270.8632080703974 121.2397458255291 321.47518172860146 102.49038724601269 470.20161993801594 109.49095997214317 329.46477547287941 111.74297197163105 1447.8633815199137 141.73483711481094 160.49678261578083 123.24364076554775 124.99725870788097 120.74575163424015 101.74759282171726 501.73641029000282 175.99010781943798 306.72798664867878 239.24077220261097 430.48403199017048 278.74263587594032 2753.3440888673067 190.47990325093269 173.24028299748898 109.24677617847919 452.20992556214333 241.99001128971577 589.20368182659149 118.48940789699554 261.48903065919876 390.23824597895145 101.99700216948986 146.99309796094894 1072.6917519569397 177.49400635063648 330.72274698317051 3739.3796614259481 129.48977713286877 245.73840980231762 178.7422893345356 354.74286687374115 602.74148824810982 166.99103060364723 286.48510219156742 363.47160455584526 390.24438406527042 415.48998434841633 199.99835893511772 213.97977416217327 122.74230059981346 176.49446676671505 208.98994068801403 261.48606117069721 125.99413318932056 222.99026939272881 161.49343059957027 2237.2073317021132 213.98049487173557 109.48998090624809 217.22771319746971 177.24202696979046 296.74022263288498 177.23077167570591 228.23986691236496 108.74637061357498 1439.2049594372511 263.74160325527191 690.97954222559929 120.49820885062218 258.23710080981255 136.24178522825241 115.49161168932915 171.23175176978111 383.18647156655788 129.7413827329874 157.73977413773537 416.96530640125275 218.98149593174458 103.99070103466511 176.23811119794846 117.74649956822395 331.2415841370821 132.73547430336475 218.24379941821098 100.24916714429855 109.99762180447578 212.2393563836813 231.49400408565998 122.74633108079433 101.24777135252953 522.73775228857994 149.74656800925732 172.98883017897606 413.71550112962723 212.73716330528259 201.23853823542595 236.98010946810246 297.47809925675392 137.48685093224049 106.73969532549381 148.74701333045959 368.48602662980556 252.74466855823994 194.49310433864594 110.99735593795776 169.4926395714283 130.98711106181145 139.73402988910675 411.71135152876377 538.43811863660812 221.4736700206995 1210.3682546764612 384.9569766074419 283.72296452522278 560.44245448708534 103.23814490437508
leaf_count=432 976 1360 1078 574 1169 977 6295 554 489 6461 5084 485 1286 410 1881 438 1318 447 5792 567 642 493 500 483 407 2007 704 1227 957 1722 1115 11014 762 693 437 1809 968 2357 474 1046 1561 408 588 4291 710 1323 14958 518 983 715 1419 2411 668 1146 1454 1561 1662 800 856 491 706 836 1046 504 892 646 8949 856 438 869 709 1187 709 913 435 5757 1055 2764 482 1033 545 462 685 1533 519 631 1668 876 416 705 471 1325 531 873 401 440 849 926 491 405 2091 599 692 1655 851 805 948 1190 550 427 595 1474 1011 778 444 678 524 559 1647 2154 886 4842 1540 1135 2242 413
internal_value=5.60121e-05 0.0023196 -0.00202354 0.00127609 -0.00301153 0.00246191 -0.000757588 -0.00180056 -4.53343e-05 -0.00414519 0.00395682 0.000358758 0.00145123 0.00227183 0.00363099 0.00196842 0.00394067 0.000504524 0.00450066 0.00161188 -0.00203351 -0.00157425 -0.00424029 -0.00325788 -0.00328903 -0.00291293 0.00342824 -0.000644029 -0.000758081 -0.00104656 -0.00081184 -9.60218e-05 0.00747906 0.00267839 -0.00405242 0.00423358 -0.000740739 -0.000276044 0.00258474 -9.32376e-05 -0.00370006 0.000285743 0.000197466 0.00177902 0.00212811 0.00119881 -0.00104434 0.00408592 -0.000580865 -0.000888568 0.000304535 -0.00349402 -0.000605033 -0.00320355 0.000749584 -0.00506649 -0.00628941 -0.00598642 -0.00171601 -0.00130815 -0.00243088 0.000254014 -0.00256659 0.00178902 -6.54967e-06 -0.00180877 -0.0028859 0.00344083 0.00467333 0.0076396 -0.00311745 -0.00231332 0.00719239 -0.00173694 -0.00210745 -0.00298181 -0.000342647 -0.003506 -0.00137495 0.00190972 0.00204187 -0.000711656 0.00668954 0.00931747 -0.00154775 -0.00373247 0.00321822 0.000815734 0.00418341 -0.00115498 -0.00352905 -0.00112056 0.00106482 -0.007807 -0.00214207 0.00263443 0.0025425 -0.00296019 -0.00202543 0.00182614 -0.00313121 4.78345e-05 -0.000294891 0.00288925 0.00367011 0.0012046 0.00266351 0.00433354 4.12586e-06 -0.0028051 -0.00301017 -0.00317864 0.000451309 0.00299898 -0.00171821 -0.000969459 0.00453453 0.00467132 0.00410974 0.00451222 0.00703037 0.0037521 0.00282296 0.00550329 0.00580386 0.00428104
internal_weight=45667.7 21865.2 23802.5 13375.6 13353.4 7040.41 10449.1 5716.58 6335.15 6154.65 8489.6 5720.67 4729.87 3379.21 7807.95 2099.81 1109.63 4732.53 2310.53 2963.76 7198.79 5987.07 1211.73 1845.7 4239.17 3946.92 1753.34 953.921 3583.88 3445.39 4141.37 5001.97 681.649 2009.84 1576.21 5708.15 3794.8 990.173 400.969 3014.83 614.482 224.243 4488.54 1471.92 607.978 647.193 4018.12 1577.35 3016.63 2869.63 605.237 3341.69 1350.66 453.476 897.186 1086.73 805.734 1915.48 316.47 2623.89 1520.2 1103.7 384.228 719.468 510.478 384.484 2738.94 718.696 575.204 557.19 1343.7 1164.96 506.696 2837.41 2609.17 1942.19 502.982 868.222 280.995 1207.17 361.223 224.982 415.454 491.169 399.224 269.483 1836.6 536.954 1299.64 395.22 2132.7 558.986 602.937 327.491 300.248 227.744 575.711 1248.72 1017.22 223.994 793.23 270.492 282.48 948.931 827.691 413.976 882.675 534.458 348.217 210.73 250.495 779.969 666.981 303.239 363.742 411.483 5255.94 5124.95 3854.09 3442.37 759.912 2682.46 1879.05 668.68 803.415 663.681
internal_count=182681 87468 95213 53506 53415 28164 41798 22867 25342 24619 33962 22884 18921 13518 31235 8400 4439 18931 9243 11856 28796 23949 4847 7383 16957 15788 7014 3816 14336 13782 16566 20009 2727 8040 6305 22835 15180 3961 1604 12060 2458 897 17955 5888 2432 2589 16073 6310 12067 11479 2421 13367 5403 1814 3589 4347 3223 7662 1266 10496 6081 4415 1537 2878 2042 1538 10956 2875 2301 2229 5375 4660 2027 11350 10437 7769 2012 3473 1124 4829 1445 900 1662 1965 1597 1078 7347 2148 5199 1581 8531 2236 2412 1310 1201 911 2303 4995 4069 896 3173 1082 1130 3796 3311 1656 3531 2138 1393 843 1002 3120 2668 1213 1455 1646 21026 20502 15418 13771 3040 10731 7517 2675 3214 2655
is_linear=0
shrinkage=0.02


Tree=3
num_leaves=127
num_cat=0
split_feature=9 229 230 9 32 190 230 230 194 148 129 229 91 179 117 57 97 194 211 29 143 29 33 226 225 212 106 211 69 194 113 226 91 106 212 157 78 212 144 52 106 194 108 123 230 229 49 155 60 52 0 153 226 211 52 191 216 109 110 161 113 156 220 144 81 7 63 151 229 49 100 52 230 108 145 29 32 0 135 152 34 112 230 100 49 106 9 76 213 230 225 230 76 220 64 153 60 65 104 91 138 23 212 212 100 74 161 212 0 226 213 76 176 129 194 214 201 167 111 65 106 29 145 111 74 194
split_gain=573.435 153.189 96.5965 65.6558 39.723 33.2645 30.7068 29.584 33.78 27.3535 25.9807 25.9128 23.5842 28.3179 26.9693 21.4438 21.0622 21.8683 20.6055 20.5591 18.7499 18.144 17.7266 17.7906 17.6977 17.5713 17.5101 17.0018 16.7552 16.6976 15.198 15.1088 14.9938 14.3808 14.2578 16.858 14.2476 15.3071 13.9911 20.1413 17.5814 16.0882 13.635 13.4013 13.3731 13.3709 14.0262 13.0877 12.8959 17.9859 12.7576 12.6872 12.6608 12.4897 12.4465 12.1413 11.8268 13.0058 12.7354 17.8005 11.8234 13.2373 13.2484 11.7456 11.6825 11.6156 11.6397 11.5446 11.5315 13.341 19.0657 12.5376 11.152 11.1255 15.5099 11.0812 11.0514 11.7121 11.0469 10.8668 13.3101 13.133 10.854 13.0991 12.8752 10.7993 10.7782 12.1759 19.5087 13.728 14.1636 12.7391 12.6942 11.8923 13.4128 11.7494 11.0748 10.8464 14.9229 10.7619 10.7509 11.9084 10.704 10.6695 10.6525 10.614 10.9059 10.5961 10.4752 12.0801 10.3719 10.4156 10.3484 10.2827 12.0739 10.27 10.2364 10.234 10.1906 18.208 16.3432 16.8994 14.4312 14.3466 10.5142 10.1544
threshold=8.6890624515945105e-05 -0.11486168578267096 -0.86493045091629017 -0.00013247680908534673 0.83352577686309826 0.00058952817926183354 -0.9993099272251128 -0.8153785467147826 0.013145544100552799 0.017413383349776271 0.34648208320140844 0.022111103869974617 -0.44651342928409571 -0.0033127766801044341 -0.0018450852949172256 1.4069628946344894e-06 0.8211859166622163 -0.0068283588625490657 -0.82058671116828907 0.18994126468896869 0.11783509701490404 0.377404734492302 -0.0001741412852425128 -0.391353890299797 -0.00016625281568849457 0.015086082275956871 -7.4279083492001505e-05 0.45375017821788793 0.00042522574949543929 0.0055142301134765157 0.55000001192092907 -0.21598984301090238 0.24421232193708423 -0.00048081595741678024 0.0096273198723793047 -0.00039391737664118404 0.0012474738759920003 0.02848080545663834 -0.0024999181041494008 -0.00010054832819150759 -0.0011983106960542498 -0.010823337826877831 0.2360426336526871 0.000548218347830698 -0.99674141407012928 0.18865127861499789 0.00027989941008854663 -0.0018582348711788652 0.0020990197081118826 0.00014633444516221064 -1.9498625078995243e-05 -0.0016375629929825661 -0.042788976803421967 0.036286508664488799 0.00028265849687159067 -0.0019409005763009188 0.56956869363784801 -0.0050057615153491488 0.0017816660692915323 -0.00047609033936168993 0.55000001192092907 -0.0017450927407480774 -0.0054786961991339913 -0.0010154039482586084 0.00026287625951226806 -0.00028546684188768262 0.00031529455736745154 0.35000000894069677 -0.37620511651039118 -0.0027900302084162827 0.0010071923024952414 -0.001105403760448098 -0.32350382208824152 0.93887677788734447 0.0062861531041562566 0.41894562542438513 0.58915960788726818 2.024776495090919e-05 0.57950431108474743 -0.00020493659394560379 3.3199303288711242e-05 -0.26294569671154017 -0.97581917047500599 0.00061325886053964507 -0.00071481216582469631 -0.002310400595888495 0.00039433519123122101 0.00017092275083996358 0.0024041680153459315 -0.79467767477035511 0.00039727224793750798 -0.76744312047958363 8.9172259322367622e-05 -0.015716645866632458 0.57715165615081798 0.002796493587084115 0.0015394344227388503 -0.00057852006284520019 0.0011254423297941687 0.14107052981853488 0.00048907846212387096 0.00012794735812349248 0.017562041990458969 0.018460800871253017 0.00043017054849769926 -0.077986024320125566 0.0010645248694345357 0.01142058474943042 0.00011423634714446963 -0.14331323653459546 0.0028174662729725246 0.00012225474347360435 0.00086753556388430308 -0.30819970369338984 -0.0053835576400160781 0.003661234513856471 0.0011126443860121074 0.41465656459331518 -3.728045885509345e-05 -0.00032920895318966353 -0.0020606560865417119 0.45335476100444799 0.0011043027043342593 1.8727066162682607e-05 -0.14971571415662763 -0.011315806303173302
decision_type=2 2 2 2 2 10 2 2 10 8 2 2 2 10 8 2 10 10 10 2 10 2 2 10 8 8 10 10 10 10 8 10 2 8 10 2 10 8 10 2 10 8 10 2 2 2 2 10 10 2 2 10 8 10 2 10 10 10 10 2 10 10 10 10 2 2 2 10 2 2 8 2 2 10 10 2 2 2 10 10 2 10 2 10 2 10 2 2 10 2 10 2 2 10 2 10 10 2 10 2 10 2 10 10 10 10 2 10 2 10 10 2 10 2 10 10 10 2 10 2 10 2 10 10 10 10
left_child=1 12 4 6 11 15 -3 8 45 18 20 54 14 21 51 34 17 50 -8 32 47 68 23 -22 -12 118 30 -19 113 82 67 53 56 48 35 -5 37 72 55 40 41 -40 75 -29 -36 46 110 108 49 60 -6 -1 -37 -21 -2 85 58 -58 -20 -60 61 -27 -63 -18 -39 66 -59 -13 -14 -70 71 102 -24 86 -75 -33 -9 -78 -26 -67 -81 -82 -30 84 -84 -15 87 92 91 -90 -91 -89 93 -25 116 96 -88 -93 -99 -48 -69 -102 -71 -44 -55 106 -74 -107 109 -4 111 -7 -34 114 -23 -32 -95 -11 120 -120 121 -17 -121 -124 -122 -46
right_child=2 3 10 5 16 7 9 76 -10 117 24 26 13 38 -16 25 63 27 19 31 22 28 36 73 78 33 -28 43 29 -31 115 42 112 -35 44 52 -38 64 39 -41 -42 -43 103 -45 125 -47 99 -49 -50 -51 -52 -53 -54 104 -56 -57 57 65 59 -61 -62 62 -64 -65 -66 79 -68 100 69 70 -72 -73 105 74 -76 -77 77 -79 -80 80 81 -83 83 -85 -86 -87 95 88 89 90 -92 97 -94 94 -96 -97 -98 98 -100 -101 101 -103 -104 -105 -106 107 -108 -109 -110 -111 -112 -113 -114 -115 -116 -117 -118 -119 119 122 124 -123 123 -125 -126 -127
leaf_value=0.0064489220015384041 -0.00057648005442315227 0.0084354332321025932 -0.0004452198528579015 0.00796618385553996 0.0025263002986755053 -0.0041978658560891243 -0.0049136129396570877 -0.00087033233597706705 -0.010280773609500948 -0.00070106663712785197 -0.0087493286406964185 0.0019979658362136196 -0.001693497559837038 -0.0014002116505689847 -0.0015619504675899196 -0.0025429860609269628 -0.011963690565270569 -0.0080220363135157114 0.0059911720907367049 -0.00061971099381182362 0.0042043491118785685 0.0058033986484566612 -0.0029531913595165255 0.0034974087750163385 0.002840020407952077 0.0031379085254863784 0.0028855243445917371 0.0023605716568459267 -0.00057425375865816585 -0.0032555763419913858 -0.0070438780129820589 0.0067575289915182994 -0.0048141077750982805 0.0055232568576472343 -0.0063081721093090912 -0.0018830552250998014 -0.0055829080259329764 0.0067009143749280509 -0.0020195281797354843 0.0073831824353283873 -0.0039265373204607395 0.0048416849560939373 0.00078691600959980351 -0.0050196376680001435 -0.0052116550836816076 -0.0072532705564262922 0.0021018882251930024 -0.0043058498630188635 0.0034829091157817633 -0.0082717533576662367 -0.0036677572065922023 0.013083343937695766 0.0035603875883100937 0.0011678178072561352 -0.005787388998582178 0.0080530754556380132 -0.0013420381641077899 0.011174088153374648 0.003361451322389874 -0.0022371247222179136 0.0033043813133244128 -0.0080127127283568054 -0.00067772701097647758 -0.0059993919018097829 -0.0019289546487587523 0.0057777591896200613 0.005168255847116293 0.0014943717927997974 0.006662898014524906 -0.004385901259272346 -0.0027467761672236241 0.0039225722542393813 -0.0056109118816922285 -0.0011850407755473926 0.0075484894033470452 -0.00090665506869685064 0.0045527481890678834 -0.0026209335731538956 -0.0037842599083546379 -0.0022969602459699777 -0.0013040396262186131 0.0051215796855469935 0.0072083956579378928 0.0016927870111831675 -0.00039419138102229087 0.0058212974862574332 -0.0074279601892523837 0.00039144014406927502 -0.0049805768010858379 0.00021073325912142449 0.0078966656200951599 -9.3571116792935677e-05 0.00445626224608276 -0.0068250813379792767 0.00071060483499000475 -0.0081848088859019525 -0.0012965538517246218 -0.00053706089992692086 -0.0088132958400982293 -0.0021271592154139024 -0.0066615956900970066 -0.0019818256909150383 0.0033567657801229661 -0.0019624807065866563 0.0074313388719440031 0.0066070936107450419 0.0019285491450414187 -0.0008001188507837419 -0.0013458411667252484 0.0064841221068004063 -0.009068432118079622 0.0020839448365058675 0.0014994360796739793 -0.0027766076205631386 -0.0019745394935528535 -0.00032285290155692074 -0.00060477980373530103 -0.0083640486912525576 0.0045159413913094734 0.0041802740450971182 0.0034531800255999672 0.0055814558204317242 -0.0047664446138407724 0.0023457982872381678 0.010333486464880621 -0.00049555697026078889
leaf_weight=672.3725096732378 1436.6958566755056 267.21701627969742 139.99320143461227 115.99078270792961 151.24653404951096 402.72737197577953 151.23663970828056 1711.6831057220697 240.24418795108795 153.74287471175194 275.24582061171532 139.24779850244522 153.7188955694437 119.98156140744686 129.72868698835373 191.73137253522873 358.49131888151169 1147.4821580648422 211.47165958583355 195.23437683284283 262.48792034387589 135.48308631777763 2462.1972268819809 254.48773220181465 102.99804235994816 118.74179689586163 109.4982490837574 104.49795193970203 252.47342617809772 166.48079994320869 1084.7331856787205 197.48129780590534 116.98962587118149 130.99439764022827 195.9909275919199 418.97768147289753 507.99303610622883 118.99334588646889 167.9732943624258 381.44189386069775 152.22965310513973 543.65058249235153 1538.1296609342098 606.24313552677631 186.24102491140366 191.49582639336586 412.73508733510971 99.996740236878395 182.24013946950436 136.74454291164875 642.48768915235996 161.46925580501556 259.98689407110214 175.73385059833527 191.24357649683952 868.59965005517006 140.48463968932629 171.96517649292946 454.4459338337183 416.94592460989952 188.98883174359798 166.24057449400425 217.73778839409351 323.99421966075897 101.49703951179981 495.18609485030174 718.15300761163235 120.99776567518711 528.63943587243557 128.72960470616817 187.9799530506134 3087.8014123886824 161.99593003094196 178.49703373014927 122.74777737259865 108.99044698476791 315.23824821412563 109.99626061320305 666.24248296022415 202.72599069774151 164.48310132324696 453.20373357832432 508.940763682127 577.44391198456287 104.73949341475964 207.46912090480328 115.99793593585491 198.99347358942032 106.24648797512054 329.23439711332321 115.99457171559334 122.7456428706646 264.99047060310841 205.74464832246304 608.47965249419212 125.4975508004427 1002.7269825935364 118.74514140188694 338.23771995306015 522.73367865383625 500.99227513372898 413.74370281398296 117.98151543736458 865.69730257987976 305.97585885226727 128.99684597551823 118.99794797599316 152.4966603666544 159.74312007427216 316.98398195207119 116.24510596692562 126.99270452558994 409.20929291844368 496.70065401494503 148.73151327669621 101.24797843396664 207.24501030147076 113.99558743834496 467.47508674860001 164.48868156969547 194.48421224951744 180.73862813413143 312.48692741990089 157.2429231107235 207.98328936100006 1648.6766810268164
leaf_count=2690 5747 1069 560 464 605 1611 605 6847 961 615 1101 557 615 480 519 767 1434 4590 846 781 1050 542 9849 1018 412 475 438 418 1010 666 4339 790 468 524 784 1676 2032 476 672 1526 609 2175 6153 2425 745 766 1651 400 729 547 2570 646 1040 703 765 3475 562 688 1818 1668 756 665 871 1296 406 1981 2873 484 2115 515 752 12353 648 714 491 436 1261 440 2665 811 658 1813 2036 2310 419 830 464 796 425 1317 464 491 1060 823 2434 502 4011 475 1353 2091 2004 1655 472 3463 1224 516 476 610 639 1268 465 508 1637 1987 595 405 829 456 1870 658 778 723 1250 629 832 6595
internal_value=-2.12387e-05 0.00175611 -0.0028458 0.0006531 -0.00457746 -0.000428797 0.00199759 -0.00179368 -0.00352071 0.00175483 -0.00157662 -0.00323202 0.00373864 0.00340708 0.00671575 0.000543253 -0.00620203 -0.00531911 0.00198273 0.00213774 -0.00122935 0.00271128 -0.00149394 -0.000668075 -0.00453816 0.00171031 -0.00451661 -0.0065036 0.00130482 0.00246087 -0.00488127 0.000985628 0.00311447 -0.000245903 -0.000706541 0.00153821 -0.00251454 -0.00200297 0.00524964 0.0036648 0.001893 0.00321121 0.000307893 -0.00389964 -0.00159163 -0.00250022 -0.00184127 0.00183954 -0.0010863 -0.00214983 -0.00245439 0.00801001 0.000243564 0.00361239 -0.00125144 0.00681232 0.00359423 0.00439211 0.00181719 0.00069254 -0.00074114 -0.00233022 -0.00409283 -0.00938369 0.00289833 0.00476611 0.0065486 -0.00318111 0.00350107 0.00370553 0.00322659 0.0035777 -0.00237696 -0.0009753 0.002622 0.00414335 -0.0001491 0.00266274 -0.0028478 0.00348009 0.00198877 0.00342327 0.00315559 0.00394261 0.00593934 0.00324697 -0.00125003 -0.000568029 -0.00195578 0.000907683 0.00246653 -0.00395557 0.000639631 -0.000209546 -0.00118252 -0.00278992 -0.0020516 -0.00541099 -0.00677544 -0.000256335 -0.00390206 -0.00463259 -0.000709163 -0.000211255 0.00528397 0.000160209 -0.00250204 0.00280742 0.00293992 0.00443169 -0.00405991 -0.00267087 -2.91303e-05 -0.00108065 0.00187093 -0.00648497 -0.00387575 -0.00431833 0.00289045 0.00160794 0.00462741 0.00148287 -0.00060804 -0.00238704 0.00732959 -0.00102526
internal_weight=45650 28023.7 17626.3 18023 7432.84 9994.27 8028.7 4150.09 2013.17 7761.48 10193.5 4098.4 10000.8 9037.19 963.57 5844.18 3334.44 2651.96 7493.74 7342.51 9148.99 6595.84 8432.27 4679.1 1044.49 3018.32 2470.46 1858.22 2390.99 1610.08 2360.96 3387.24 3955.26 1141.69 2825.86 794.955 3753.17 3245.17 2441.35 1245.3 863.854 711.624 2710.3 710.741 2030.91 1772.93 1581.43 716.717 1010.69 828.454 793.734 833.842 678.965 676.944 1627.94 1196.05 3429.07 2346.2 1082.86 871.392 691.709 502.72 383.978 682.486 220.49 2205.72 890.118 1174.98 4204.85 4051.13 3522.49 3334.51 3024.68 4416.61 301.245 306.472 2136.92 425.235 769.241 1315.6 820.413 617.687 1443.6 1191.12 613.68 327.451 4115.37 2871.14 1330.2 551.475 445.229 778.722 1540.95 1275.96 1021.47 1244.22 1118.72 579.729 456.983 935.469 1035.73 914.736 246.711 2403.83 481.71 562.487 280.994 281.494 616.72 456.977 645.965 529.72 526.199 780.915 284.215 1185.98 412.99 267.738 1876.63 1101.69 774.938 372.47 634.219 469.73 402.468 1834.92
internal_count=182613 112106 70507 72097 29732 39979 32118 16601 8053 31049 40775 16394 40009 36154 3855 23378 13338 10608 29978 29373 36597 26387 33730 18717 4178 12074 9882 7433 9565 6441 9444 13550 15823 4567 11304 3180 15013 12981 9767 4982 3456 2847 10842 2843 8124 7092 6326 2867 4043 3314 3175 3336 2716 2708 6512 4785 13718 9386 4332 3486 2767 2011 1536 2730 882 8824 3561 4700 16822 16207 14092 13340 12099 17667 1205 1226 8548 1701 3077 5263 3282 2471 5775 4765 2455 1310 16462 11485 5321 2206 1781 3115 6164 5104 4086 4977 4475 2319 1828 3742 4143 3659 987 9616 1927 2250 1124 1126 2467 1828 2584 2119 2105 3124 1137 4744 1652 1071 7507 4407 3100 1490 2537 1879 1610 7340
is_linear=0
shrinkage=0.02


Tree=4
num_leaves=127
num_cat=0
split_feature=12 229 32 5 229 231 231 1 97 191 229 99 103 224 223 138 174 236 223 231 231 231 5 231 147 39 73 21 231 57 231 212 222 97 95 177 132 181 212 73 177 154 21 178 57 63 227 85 32 1 135 61 156 106 136 101 106 106 156 95 5 103 94 89 231 66 4 95 222 147 173 193 181 30 36 174 178 100 231 30 97 225 51 178 225 108 65 212 171 231 0 181 138 184 128 102 79 156 76 76 214 108 180 171 111 108 89 103 231 214 212 30 39 231 224 224 36 223 69 62 100 177 103 231 212 59
split_gain=486.614 93.8201 82.5711 55.6877 48.8268 47.6844 90.0214 31.5837 31.3781 26.7576 30.3128 24.2686 22.4631 22.3423 20.6883 19.6037 20.8103 19.0438 22.8221 18.6123 46.5691 21.4811 18.4869 19.9516 18.2987 24.5965 18.2265 17.9637 17.7814 27.4524 23.8142 18.6489 17.5792 19.2051 17.2995 17.375 16.7665 17.1865 17.0534 18.9022 18.4473 16.3477 16.0576 16.0548 15.7182 15.5391 15.4713 15.4432 15.3885 15.3131 15.2947 15.1289 17.8391 14.9353 14.8261 23.5653 17.0269 14.7998 14.734 15.5655 14.7313 13.904 13.8702 13.8376 17.1654 20.695 13.7795 13.7507 13.5852 13.0052 15.5996 14.7641 12.8006 12.7191 12.7047 12.5087 12.5003 18.4345 12.3749 17.3598 13.7063 14.3665 20.9505 13.7119 13.117 12.9504 12.1927 12.0661 11.9791 11.756 11.7238 11.6818 11.4254 11.4133 16.0569 11.96 11.3295 12.0315 11.2438 11.9236 11.2174 13.2 11.1546 11.096 11.0572 11.0096 10.9578 10.8849 10.8405 10.7595 10.7201 10.7059 11.8257 10.7014 12.0996 10.6863 10.8907 10.6801 10.6056 10.5552 10.8791 10.4834 10.4047 10.3885 10.324 11.1273
threshold=1.0000000180025095e-35 -0.116970706731081 0.83741837739944469 4.2703632061602556e-06 0.16515334695577624 -0.56820151209831227 -0.010908065363764761 0.00021869023476028818 0.8211859166622163 -0.0027606096118688579 0.10770297795534135 0.00041961476381402468 -0.00030528740899171675 0.029544239863753322 -0.011462835129350422 0.00082781119272112857 0.0061093308031558999 -0.58011639118194569 -0.033407628536224358 -0.75039777159690846 -0.028357730247080323 -0.4790737628936767 6.2760722357779755e-05 -0.037079656496644013 -0.0068471827544271937 0.00015033527597552168 2.2816473119746665e-06 -1.1861909627914426 -0.10235826298594473 -5.8099307352676981e-05 -0.74168145656585682 0.0104720750823617 0.20500825345516208 -0.67451307177543629 -0.00012805327423848209 0.0023547599557787184 1.0000000180025095e-35 0.044590832665562637 0.030954631976783279 -4.8588512072456063e-05 0.0020824144594371323 -0.0059631080366671077 -0.25014401972293848 0.19372010976076129 2.4439901608275253e-05 0.00048151458031497901 0.45000000298023229 0.0014951559714972975 0.92933821678161632 0.00025960785569623118 -0.32639764249324793 0.00010875330917770044 0.015021806582808496 -0.0012707856949418781 0.0025225252611562614 0.00053011870477348577 -0.0012828726321458814 -0.0019853627309203144 0.0063816367182880649 0.00011640977027127521 -1.0002541785070205e-05 -0.00018629625992616636 1.0000000180025095e-35 4.5224076075101047e-06 -0.17149884253740308 0.00060514468350447725 8.0472633271710961e-05 -0.00016330285870935765 0.66983580589294445 -0.0033937711268663402 -0.91370129585266102 -0.0024138480657711621 0.70399680733680736 -0.00060181168373674143 0.021960251033306125 0.0074836080893874177 0.29425252974033361 0.00033140335290227091 -0.83025357127189625 -0.00034676151699386532 0.69286999106407177 -0.00037465183413587505 7.0184232754400008e-06 0.77872344851493847 -0.00025939817714970553 0.57196977734565746 -0.00022944759257370603 0.008211073465645315 -1.9213875020795964e-05 0.51316559314727794 1.4507787000184182e-05 0.208226352930069 0.00065506959799677144 0.098704081028699889 -0.0011296847951598463 0.16774896532297137 0.00033075929968617862 0.0074855925049632796 -9.5577626780141131e-05 -3.7576532122329802e-05 0.0028394475812092428 0.076382841914892211 0.0017674508853815498 0.00017916195065481591 -2.6243635147693564e-05 0.27673211693763738 -4.6918863517930724e-05 -0.0010839815950021146 0.46754305064678198 0.0025259427493438129 0.01012281095609069 -0.00017557294631842521 0.00029135006479918962 -0.94622433185577381 0.021468777209520343 0.0099218511022627371 -0.04320861026644706 -0.023037252016365525 0.00045833786134608095 0.00022022693883627656 0.00033551723754499113 0.0015188054530881347 -0.00034742103889584536 0.21004468202590945 0.019419114105403427 0.83132559061050426
decision_type=2 2 2 2 2 2 2 2 10 10 2 10 10 10 10 8 8 10 8 2 2 2 2 2 10 2 10 2 2 2 2 10 10 10 2 2 2 10 8 10 2 10 2 10 2 2 8 2 2 2 10 10 10 10 10 2 10 8 10 2 2 10 2 2 2 2 2 2 8 8 10 10 8 2 10 10 8 10 2 2 10 10 2 10 8 10 2 10 2 2 2 8 10 10 2 10 10 8 2 2 10 10 10 2 10 10 2 10 2 10 8 2 2 2 8 10 10 10 8 8 10 2 10 2 10 10
left_child=1 7 4 9 11 26 49 12 76 91 14 13 15 22 46 28 32 18 -13 34 21 -21 63 57 25 123 44 -16 30 45 69 60 33 -17 -6 -36 37 118 39 -39 -41 62 43 -42 115 74 90 -5 103 53 73 -12 67 117 55 56 -29 -24 59 -48 -32 -20 -38 64 65 -2 98 -53 124 70 71 -1 88 -31 92 121 77 -8 79 -19 81 83 -83 -80 122 -86 -84 -75 -59 -26 -11 -3 -30 -72 -95 -96 -22 -98 -65 -100 101 -33 105 108 -93 -79 -57 -108 -10 -81 -69 -70 -113 -112 -115 116 -4 -7 -18 120 -66 -46 -82 -9 -28 -126
right_child=2 3 5 47 19 6 8 24 48 10 51 17 -14 -15 27 16 36 78 61 20 96 -23 23 -25 89 -27 68 54 29 50 31 100 -34 -35 35 -37 41 38 -40 40 42 -43 -44 -45 75 -47 58 -49 -50 -51 -52 52 -54 -55 -56 106 -58 72 -60 -61 -62 -63 -64 66 119 -67 -68 110 111 -71 93 -73 -74 87 -76 -77 -78 102 80 109 84 82 86 -85 85 -87 -88 -89 -90 -91 -92 104 -94 94 95 -97 97 -99 99 -101 -102 -103 -104 -105 -106 -107 107 -109 -110 -111 113 112 -114 114 -116 -117 -118 -119 -120 -121 -122 -123 -124 -125 125 -127
leaf_value=0.010863832825640841 0.0051162916521774061 0.0026201646792950841 0.0048149181922640897 -0.00059426545662693826 0.0056315646452370595 -0.00021067881100641722 -0.0083824158624620799 0.001343608987728555 -0.0045839779817596175 0.00023905841810381351 -0.0071128376598633379 -0.0074091574750957479 0.011566588329607046 -0.0093696152751586541 0.0082129144882270941 -0.0093510084918143575 0.0018889090597655716 0.0020085570011492623 0.00011822701382456902 -0.0040926535239509051 0.0022002432996117401 -0.0099063462415880949 -0.00089832057510225855 -0.0004523162802069679 -0.0063430461838139109 -0.0054622701663085719 -0.0051087875349462878 0.0088449891328961725 0.0080919702086540649 0.0055378608908912812 0.0066237847930783111 0.0049876180802530803 0.0029648684478223446 0.00073813524022647761 -0.0031518266783691073 0.003328756514449689 -0.0021321907323848329 0.0058476499121793849 -0.0009321169700332192 0.0044767050227356312 0.0052557565071745154 0.009820937322190873 -0.005964043310926496 -0.0020088150767372677 0.0033688848147705088 0.010317036749366286 0.0022478935573753572 -0.0047648038474961555 -0.0090699263759379586 -0.013333146391669215 -0.0023865683409232392 0.0045312963238135348 -0.0070316001632301931 -0.0096103470418105012 0.0037475169402124025 0.0024667647917436123 0.001493031825987494 -0.0074475560428674172 -0.0019532608611851966 0.0089033687000125098 -0.00090662146895568606 -0.0069255052251581666 0.0056896092509896136 0.0023381302912882989 -0.00074102019531332205 -0.0016287109121353005 -0.0027173153549095654 0.0037691520440631468 0.0042386060612896034 0.0083744520101678138 -0.0022059001693754388 0.0014485347169881136 -0.01166715627747866 0.0058980422560552075 0.00063545449462365261 0.0055565416494952084 -0.00054100930901200756 0.0016771281344532044 0.0062781666370661663 -0.0057104780003051367 -0.0065079437990753098 -0.0024471380825625299 0.0044953954282613267 -0.001457856133543343 -0.002823256508286469 0.0055773572163775702 -0.00086966491428552145 -0.0006497581893209766 -0.00081083531032024843 0.0016138859962698108 -0.0052768756171796662 -0.00910939310028769 0.0017083742954393918 0.0057557693454670057 0.0030339348391040162 -0.0052292957879740525 -0.001222942795405961 -0.0056258438989926132 -0.0056696997203921819 -0.00024001850244987543 0.0030378416244504964 0.012420394452864332 -0.0068537015799422811 -0.0073877143543535362 -0.0018605586511023196 -0.0045370420304654512 -0.0090041020427105139 -0.0013179217007554598 0.0023817623064237431 0.00064449415037584254 0.0039571782327313797 0.00073010894083941238 -0.0046825930496685918 -0.0051155326935714944 0.00037275557447837075 -0.0045130928939326256 -0.0032553980289049865 -0.0065078309622690969 -0.0057299557621973583 0.0025617944339432173 -0.0079784471052083 -0.0046519906758777877 0.0011372417405863737 0.0070622652709817204 -0.0040908960923803916 0.0024694979405098325
leaf_weight=140.47169718146324 541.45361262559891 125.23535750806332 124.24644277989864 3598.3047058135271 118.99625791609287 143.74636685848236 216.49645738303661 300.95724010467529 161.4886232316494 631.4267196059227 109.4944491237402 187.23932719230652 136.21562631428242 117.99652017652988 279.19134750962257 129.7229218184948 123.47291043400764 464.72280432283878 1599.6747299432755 535.23764951527119 229.99643921852112 562.73196375370026 244.99084576964378 643.48555284738541 205.72448234260082 122.98822228610516 968.48113007843494 146.72288136184216 339.9283487200737 346.6728126257658 324.66229836642742 165.96473652124405 222.45334945619106 146.72748237848282 819.2316160351038 188.74493300914764 121.47759120166302 929.81325234472752 358.18254911899567 577.15552791953087 205.9581207036972 264.68663887679577 139.4855819940567 246.96032448112965 111.4963540583849 222.44127163290977 1325.5849893987179 375.24068292975426 388.98003549873829 276.2371876090765 313.68841129541397 279.2281372398138 108.24663782119751 746.71388040482998 3246.8205999583006 105.98351806402206 564.4314484000206 247.49412523210049 271.71767964959145 141.98225846886635 142.47723263502121 100.49637916684151 259.1795369386673 522.97513863444328 215.24014458060265 257.48137655854225 1405.4549957364798 175.23578709363937 126.74752976000309 192.44960327446461 238.4522580653429 125.97465164959431 149.99675412476063 124.4746748059988 267.69451941549778 278.23741960525513 1415.9811305850744 341.24078612029552 589.46781775355339 274.23868571221828 167.24285428225994 358.23680451512337 662.22117872536182 99.996777027845383 105.4959267526865 165.49349458515644 217.74067847430706 495.91979266703129 192.49530655145645 100.48440116643906 183.23267410695553 103.73896606266499 181.70833820104599 309.44137498736382 127.97355043888092 113.97848877310753 888.23366531729698 333.74271470308304 174.24274303019047 979.95174889266491 107.22415107488632 487.63500438630581 112.49741251766682 170.99361404776573 310.46765947341919 146.74708549678326 112.73636731505394 184.47998034954071 158.24683314561844 161.24272392690182 103.49147611856461 343.74224290251732 276.99484202265739 316.7256323993206 302.47758735716343 279.7446444183588 105.99718211591244 426.98839943110943 135.72901234030724 142.24166695773602 120.2424408197403 109.74713996052742 106.49559605121613 216.21403107047081 207.99481332302094 171.24682211875916
leaf_count=562 2166 501 497 14394 476 575 866 1204 646 2526 438 749 545 472 1117 519 494 1859 6399 2141 920 2251 980 2574 823 492 3874 587 1360 1387 1299 664 890 587 3277 755 486 3720 1433 2309 824 1059 558 988 446 890 5303 1501 1556 1105 1255 1117 433 2987 12989 424 2258 990 1087 568 570 402 1037 2092 861 1030 5622 701 507 770 954 504 600 498 1071 1113 5664 1365 2358 1097 669 1433 2649 400 422 662 871 1984 770 402 733 415 727 1238 512 456 3553 1335 697 3920 429 1951 450 684 1242 587 451 738 633 645 414 1375 1108 1267 1210 1119 424 1708 543 569 481 439 426 865 832 685
internal_value=7.49112e-06 0.00206942 -0.00206455 0.000962777 -0.00118835 -0.00372784 -0.00499486 0.0035572 -0.00298336 0.00182182 0.00209412 -0.000530272 0.00393111 -0.00140253 0.00261611 0.00378413 0.00269989 0.000458926 -0.00114211 -0.00318195 -0.00412301 -0.00719621 -0.00121005 -0.00312721 8.38957e-05 0.0019971 -0.00178749 0.00341026 0.00464696 0.00332637 0.0058329 0.00781649 -0.00107563 -0.00430761 -0.00101788 -0.00189718 0.00326319 0.00254088 0.00305748 0.00374054 0.00199521 0.00613616 -0.000489664 0.00137721 0.000415914 0.00575826 0.00115792 -0.00101 -0.00614401 -0.00883789 0.00134622 -0.000597028 5.84782e-05 -0.00771006 0.00306671 0.00105201 0.00321032 -0.00512985 0.00221517 0.00300284 0.00438409 -0.000373805 0.00321164 -0.000548526 0.00119 0.00295582 -0.00127156 0.000817032 -0.00284298 0.00378984 0.00281446 0.00682427 -0.00679992 0.00258086 0.00425035 0.00288092 -0.00169469 -0.00363353 0.00135637 -0.000640988 0.00208292 0.002868 0.00153752 0.0051467 -0.000698484 0.00233774 0.00317802 0.00080715 -0.00470549 -0.00379307 -0.0010983 -0.00243368 0.00601348 0.00132667 0.00287808 -0.000960752 -0.00173289 -0.00249668 -4.22812e-05 -0.00114232 0.00975769 0.0107372 -0.00170639 -0.00356041 -0.00401201 -0.000296644 -0.00272658 -0.00461723 -0.00119916 -0.00343249 -0.00041155 -0.000655557 -0.001756 -0.00149947 -0.00250675 -0.00201592 0.00113635 -0.00498265 -0.00222532 -0.00176323 -0.00363797 -0.000665661 -0.00365873 0.00390834 -0.00402886 -0.00115324
internal_weight=45518.7 22815 22703.7 13102.2 14892.7 7811.03 4706.36 9712.82 3112.67 9128.65 8589.21 11215.7 8766.45 5955.74 7194.31 8630.24 3861 5260.01 1887.41 3676.92 2549.94 1097.97 5837.75 1478.46 946.368 640.159 3104.68 4640.37 4769.23 2292.53 2476.71 1227.96 498.904 276.45 1126.97 1007.98 3362.1 2716.76 2457.56 2099.37 1169.56 645.344 592.404 452.918 1009.47 1011.77 2553.94 3973.55 879.709 1593.69 1280.76 1394.9 1285.41 1317.45 4361.17 1114.35 711.154 834.977 1739.28 1467.57 467.14 1700.17 380.657 4359.28 1276.66 798.935 3082.62 1177.16 2095.21 1248.74 1056.29 266.446 589.986 967.067 789.331 499.481 2232.96 816.982 3372.6 900.204 2472.39 1927.66 1238.2 689.465 544.728 270.989 879.962 620.394 439.989 306.209 814.659 539.442 521.637 789.846 551.393 241.952 1451.97 1221.98 1677.17 1154.19 760.824 653.6 600.485 490.729 414.207 487.988 403.2 297.216 319.735 435.481 897.93 747.485 620.737 722.695 619.203 509.988 230.244 570.735 259.202 477.724 335.483 221.243 273.738 517.171 1347.72 379.242
internal_count=182091 91273 90818 52414 59573 31245 18826 38859 12451 36519 34361 44865 35073 23824 28781 34528 15447 21041 7550 14708 10200 4392 23352 5914 3786 2561 12419 18564 19081 9172 9909 4913 1996 1106 4508 4032 13451 10869 9832 8399 4679 2582 2370 1812 4038 4048 10217 15895 3519 6375 5124 5580 5142 5270 17447 4458 2845 3340 6958 5871 1869 6801 1523 17438 5107 3196 12331 4709 8381 4996 4226 1066 2360 3869 3158 1998 8932 3268 13491 3601 9890 7711 4953 2758 2179 1084 3520 2482 1760 1225 3259 2158 2087 3160 2206 968 5808 4888 6709 4617 3044 2615 2402 1963 1657 1952 1613 1189 1279 1742 3592 2990 2483 2891 2477 2040 921 2283 1037 1911 1342 885 1095 2069 5391 1517
is_linear=0
shrinkage=0.02


Tree=5
num_leaves=127
num_cat=0
split_feature=9 229 15 15 181 53 156 95 118 103 224 125 217 103 229 24 15 233 61 74 24 24 181 22 177 136 217 154 190 63 143 173 229 173 34 136 100 9 139 61 115 99 39 57 64 145 27 201 215 153 83 74 150 114 185 182 45 9 188 224 53 24 159 24 137 163 225 0 70 115 209 190 201 61 173 182 188 57 224 185 224 97 60 148 77 163 116 181 204 3 140 136 181 140 204 140 79 152 116 114 155 115 67 27 136 152 150 39 57 114 153 99 154 107 63 154 34 60 0 173 115 155 102 114 39 95
split_gain=540.014 92.6829 81.5232 53.9886 52.0857 50.1857 29.4359 22.652 27.9191 20.4262 23.6735 20.0121 23.7002 18.6354 18.0483 20.7052 17.4721 18.8837 22.2939 20.6304 17.3675 17.365 16.507 15.4135 15.287 15.0357 23.2836 17.3035 19.5805 14.9631 14.9535 14.9371 14.6587 18.357 14.6415 14.6356 17.1943 14.556 20.4813 23.052 15.9477 15.191 14.4231 14.3029 14.1918 14.0568 13.7095 14.7009 13.5892 13.3716 13.3326 13.2326 13.1562 13.1506 13.992 14.9925 13.5648 14.6303 17.6381 15.8266 13.9965 12.8681 18.3216 21.2641 14.1457 12.782 12.6582 12.6106 14.9016 12.5837 14.0522 12.6434 12.4908 12.8898 12.365 20.9534 12.9771 12.9088 12.2527 15.2157 12.1814 16.3438 26.7765 16.7933 20.6347 13.0955 12.5471 12.0021 11.9398 11.8713 12.6288 11.8486 11.7336 11.5942 13.2805 11.8457 12.4176 11.5867 15.1276 11.5783 11.5718 11.3805 11.1433 10.9525 14.2907 15.2082 12.1613 10.8496 10.8464 10.8321 14.9476 10.7276 10.7258 10.6954 13.4034 12.7349 12.2833 18.0006 11.8799 12.6446 11.8826 14.3811 11.4296 10.8824 12.6262 10.6299
threshold=-1.442299026166438e-05 -0.116970706731081 0.12091965600848199 -0.12327074632048605 0.22518669068813327 0.34256036579608923 0.013756157830357553 -0.00011878901204909197 0.0060008231084793815 -0.0014116406673565505 0.00208034017123282 -0.0020138594554737206 -0.0013151956372894345 -0.0015401834389194844 0.017025784589350227 6.5029998950194581e-05 0.43668842315673834 1.0000000180025095e-35 0.00010707852197811009 0.090350363403558745 6.9330661062849699e-05 6.5029998950194581e-05 0.87928932905197155 0.0018155020079575481 0.0034429267980158333 0.0022218041121959691 -0.0070363162085413924 -0.0027758876094594593 -0.0022716332459822293 0.00015889897622400897 0.76377049088478099 0.7800138294696809 -0.16789604723453519 -0.60223343968391407 0.0014430312439799311 0.0043907710351049909 0.00049752474296838056 -0.00080428589717485 0.0014502393314614894 0.00021362549159675839 -0.0026117379311472173 0.0011099593830294909 -1.2881452221336074e-05 0.00017620622384129095 0.21820107847452166 0.00051779410568997275 -0.00052262310055084516 -0.003548500244505703 0.0028778135310858492 -0.00034037338627967978 -0.00010659801773726939 -0.25074911117553705 0.087143663316965117 0.00056873695575632166 -0.0037129044067114587 -0.0069026290439069262 -0.00087732894462533284 -0.00019575003534555432 -0.12558501213788983 0.0056044673547148713 -0.21774049848318097 0.00014828476560069251 -0.0052508437074720851 0.00017821911023929718 0.0013675480731762948 -0.00052946407231502224 -0.00031646265415474767 4.8155339754885069e-05 0.16456579416990283 -0.00035225534520577634 -0.0011872687609866259 5.824663094244898e-05 0.0051556138787418613 0.00012386745220283049 -0.33666539192199701 -0.0058363955467939368 -0.39038078486919398 -1.4894345895299919e-05 0.018304388970136646 -0.0045438606757670632 0.021468777209520343 0.69286999106407177 0.0021476219408214097 0.0077915699221193799 0.00038054051401559269 0.0017144659068435433 -0.00080091241397894908 0.86760345101356517 -0.0033022626303136344 -0.00011921194891328922 0.87726452946662914 0.0024474823148921136 0.17649959772825244 0.52534276247024547 -0.0047842976637184611 0.38739830255508428 -0.0010018486646004019 -0.00043476439896039659 -0.00047542777610942716 0.00051713758148252975 -0.0044809440150856963 -0.0043552368879318229 0.15154011547565463 -0.00018581454060040412 0.0033690803684294228 -0.00018976708815898744 0.046793473884463317 -7.1929766818357157e-06 -2.9677021302632053e-05 -1.4645153896708505e-05 -7.3322145908605294e-05 0.000523989205248654 -0.0035362787311896677 0.00066565204178914439 0.00051541160792112361 4.0605011236038997e-05 0.00042854818457271909 0.00089969261898659181 -9.7079970146296532e-05 0.47592683136463171 -0.00045174952538218344 0.0010052770376205447 0.76492628455162059 6.9150075432844474e-05 9.9835509900003685e-05 0.00012732714094454425
decision_type=2 2 2 2 10 2 10 2 10 8 10 2 10 10 2 2 2 2 10 10 2 2 10 2 2 8 8 10 10 2 10 10 2 10 2 10 10 2 2 10 8 8 2 2 2 10 2 10 10 10 2 10 10 2 10 10 2 2 10 10 2 2 2 2 8 2 10 2 10 10 10 10 10 10 8 10 10 2 10 10 10 10 10 10 2 2 10 10 10 2 10 10 10 10 10 10 10 8 10 2 10 10 10 2 10 10 10 2 2 2 10 10 8 10 2 10 2 10 2 10 10 10 10 2 2 2
left_child=1 29 4 7 25 9 11 8 93 10 112 13 42 -5 23 48 17 18 -11 21 -12 72 30 69 43 -2 27 49 -29 -1 -10 80 -30 -34 -23 74 87 40 53 -40 101 45 67 -22 -44 -42 47 -7 -16 -27 -35 -14 -17 54 55 -39 -57 59 -59 60 -58 -41 -63 -64 -65 -28 -46 125 -69 97 -71 -72 73 -19 77 -76 -77 -20 79 -61 81 82 113 84 -83 -82 -84 92 -21 -86 99 -56 100 94 -3 96 -96 111 -99 -91 -37 -31 -100 104 -87 -106 -107 -54 -60 -73 -111 -9 -4 115 116 -6 117 122 -118 120 -120 -122 123 124 -115 -13
right_child=2 3 5 6 31 46 -8 14 22 16 20 12 51 -15 15 52 -18 19 35 88 24 34 -24 -25 -26 26 65 28 32 37 -32 -33 33 50 -36 36 -38 38 39 61 41 -43 44 -45 66 -47 -48 -49 -50 -51 -52 -53 107 -55 91 56 57 58 108 78 -62 62 63 64 -66 -67 -68 68 -70 70 71 109 -74 -75 75 76 -78 -79 -80 -81 85 83 86 -85 89 103 -88 -89 -90 90 -92 -93 -94 -95 95 -97 -98 98 102 -101 -102 -103 -104 -105 105 106 -108 -109 -110 110 -112 -113 -114 114 -116 -117 118 -119 119 -121 121 -123 -124 -125 -126 -127
leaf_value=0.0098829103611929314 -0.0032751344720792657 -0.0020931358677607811 0.0061363886795563049 -0.0091628043961694168 0.0037985115297559081 -0.0066146472389319866 -0.0093511748197919898 0.0054849198453245044 -0.0017224188470757449 -0.0080368563017570328 0.0028824254422404054 0.0003952846770483316 0.0014020694728168357 -0.0010926684965778901 -0.00014335166193244506 0.00042938550189688149 -0.0058188903410318895 0.002003844398955395 0.0018872904070986578 -0.0027747528943531984 -0.0023337043609770462 -0.0040070028130597384 -0.0036059622725942648 -0.0027205478220730999 0.0034221363661620335 0.00024321727311708727 0.0083563363728014865 0.0086287931531813158 0.0059241304066035743 0.0041779306216039088 0.0074543759326049491 -0.0036293024756317207 -0.0056285008439427775 -0.0033370292906800508 0.0012480341853344651 -0.0074278176613338529 -0.0024247940722621482 0.0047266456626093275 -0.0054025895618598383 0.0043057948338848717 0.00082329563541873763 -0.0020972332437371884 0.007386611023216659 -0.0076174762989199485 -0.0023111715298234025 0.0064554669153873414 -0.0066375211539894258 0.002560498442346076 -0.0064878958308737687 -0.0065030361899396519 0.003820197639680621 -0.0041282520746997505 0.0022646349426762584 0.0088798671297610852 0.0023793850563288491 -0.0013356094786207146 -0.00059926182582440747 0.0040521411472409776 -0.0047698593033823093 0.0086510907172646628 0.0046971370909905516 0.0049251597821172374 -0.0061642972627395636 0.0035833524239419563 -0.0044018142616383217 0.0016465026100113433 0.0025418884792564405 0.0022463480174121204 -0.003826632110890025 -0.0024976554828533555 0.0024725716390949608 0.007414942013444413 0.0047073318068566053 -0.0042176178451524219 0.0043902785463892854 -0.0071887219987110222 -0.0014677552232543068 -0.0054863674615673432 0.00091766059966033185 0.00073686507740250418 -0.0091631277046933628 -0.0061300668152488094 -0.0006686231295065624 -0.0074349736599292268 0.0028410999685909489 0.0046717781172577371 0.0057079586249608417 -0.0017416385343838798 0.0033503445507629777 -0.00056991108929416905 0.0018569181415856171 0.010096756986461293 -0.0096096600450030299 0.0087507000194259783 0.0039695332715001183 0.00066230623852026743 0.0098137512485740649 0.0037407487901586251 -0.0084351908584329987 -0.0094355168979005019 0.0013358594175210991 0.012196041060268999 -0.00034808055548119735 -0.0047240178371019213 0.0028263282233438169 -0.0074247547442543417 0.00041614256503169823 0.0090956995644392077 0.00070929973562209193 -0.0019098195121467056 0.0053220786772682094 -0.0018286007114562291 0.00030283031565192428 -0.0051268248993510757 0.0036719210493880482 -0.0034474498288943126 0.0012876167541163125 0.0029447166630083305 0.00036823171522811963 -3.0965714114283697e-05 -0.0037834375188301557 -0.0099184438219212211 -0.0061741434228572735 0.0029065995409904006 0.0028482710285923302 0.0058388417225407165
leaf_weight=147.20528490841389 186.73696480691433 103.23354345560074 190.2309652119875 156.49142974615097 354.97267790138721 102.99702902138233 122.99620316922665 230.95254616439342 116.73460109531879 403.72986736893654 250.98679976165295 1322.1430461406708 223.48978938162327 344.22908276319504 293.97569938004017 1779.0545108914375 858.95150999724865 239.7385740429163 101.49537745118141 158.49444338679314 2249.9156135618687 1651.9555304646492 234.22532732784748 187.96990467607975 149.49295312166214 447.44989609718323 322.46185740828514 166.73242257535458 194.97076387703419 147.93519747257233 139.72856357693672 1125.9652324616909 157.73556926846504 127.23869141936302 233.49386143684387 110.99336723983288 786.71623562276363 1979.4774854034185 163.22044269740582 608.38067480921745 242.90683656930923 123.96168364584446 181.48693589866161 212.2415569871664 247.48589035868645 707.00956310331821 1757.1386326551437 144.2457879781723 231.23125287890434 138.73810501396656 350.97767987847328 637.72222599387169 404.44695192575455 193.70399264991283 140.45323522388935 325.67019107937813 399.88944351673126 445.88295498490334 192.21044731140137 532.09068688750267 370.64536346495152 245.43371014297009 212.2140309214592 296.18978880345821 104.48359979689121 187.48215878009796 1137.4009367078543 209.73698876798153 553.72653548419476 126.98596203327179 1125.5472743064165 585.65181021392345 173.49499815702438 256.74015617370605 207.49144625663757 159.74325156211853 1543.9420100301504 613.97560152411461 157.95956836640835 122.71062648296356 105.74434091150761 262.74247145652771 169.487917304039 224.49399793148041 344.98837812244892 142.2445542961359 398.97786238789558 177.49031437933445 442.48593957722187 119.74673670530319 171.24507190287113 226.16946123540401 454.97896784543991 356.68385003507137 423.66253168880939 190.46095991134644 251.69163796305656 118.47680014371872 117.47802785038948 101.49741123616695 101.99539428949356 203.90655015408993 138.72773253917694 392.73587727546692 149.49257926642895 195.741271302104 121.74457912147045 110.23537820577621 440.13941998779774 149.22370655834675 372.44178891181946 105.98243093490601 320.47545105218887 232.4906483143568 189.24007067084312 113.49457331001759 234.23918899893761 462.97994400560856 157.99124972522259 317.2391140460968 606.72471188008785 211.24291548132896 175.24424830079079 208.98993848264217 100.49550199508667 141.49160350859165
leaf_count=589 747 413 761 626 1420 412 492 924 467 1615 1004 5289 894 1377 1176 7117 3436 959 406 634 9000 6608 937 752 598 1790 1290 667 780 592 559 4504 631 509 934 444 3147 7920 653 2434 972 496 726 849 990 2829 7029 577 925 555 1404 2551 1618 775 562 1303 1600 1784 769 2129 1483 982 849 1185 418 750 4550 839 2215 508 4503 2343 694 1027 830 639 6176 2456 632 491 423 1051 678 898 1380 569 1596 710 1770 479 685 905 1820 1427 1695 762 1007 474 470 406 408 816 555 1571 598 783 487 441 1761 597 1490 424 1282 930 757 454 937 1852 632 1269 2427 845 701 836 402 566
internal_value=-3.63758e-05 0.00222712 -0.00212587 0.00116514 -0.000710621 -0.00309741 -0.000400122 0.00221002 0.00416221 -0.00260198 -0.00127076 -0.000151259 0.000263614 -0.0038699 0.00161491 0.00043795 -0.00311536 -0.00280427 -0.00361293 -0.00159451 -0.00197919 -0.00237593 7.52623e-05 0.00262393 -0.00246476 0.00192041 0.00241038 0.00117947 0.00276152 0.00382331 0.00345494 -0.0015253 0.00140906 -0.000113601 -0.00334995 -0.00315794 -0.00464509 0.00369664 0.00331072 0.0013193 0.00556132 0.00421227 0.000945638 -0.00284688 0.00240302 0.00506192 -0.00602101 -0.00147069 -0.00307217 -0.00151535 0.00185837 -0.00269385 0.00126129 0.00389112 0.00367743 0.0033728 0.0024502 0.00291995 0.00109447 0.00413395 0.00200281 0.00212996 0.000524789 -0.00133732 0.00139078 0.00604469 0.00165407 -9.16376e-05 -0.00214352 0.00296649 0.00366478 0.0040343 0.000382821 -0.00125215 -0.00220573 -0.00134056 -0.00208136 -0.00441748 0.00605774 0.00723375 -0.00113689 -0.000722006 -8.95214e-05 -0.00271948 -0.00153611 -0.0030219 0.00384867 -0.00660733 0.00169765 0.000219229 -0.00211135 0.00741626 -0.00781201 0.0056513 0.0043566 0.00515552 0.00636718 0.000613964 -0.00176571 -0.00508213 -0.00347667 0.0092308 -0.00439854 -0.00220713 -0.000486041 -0.00218449 -0.00457157 0.00401322 -0.00105133 0.00554972 0.00325924 0.0032109 0.00262511 -0.000773559 -0.00122833 0.00197377 -0.00159523 -5.74207e-05 -0.00276734 -0.00351024 -0.00461786 -0.00556673 -0.00202267 -0.000508366 -0.00269493 0.000993137
internal_weight=45631.4 21903.1 23728.3 13173.2 9672.72 14055.6 5278.4 7894.8 1816.42 12051.3 3373.34 5155.4 4654.68 500.721 6078.38 2818.94 8677.91 7818.96 4662.55 3156.4 2862.64 2555.42 490.688 3259.44 2611.65 2280.52 2093.79 1583.84 997.655 8729.85 256.463 7392.19 830.923 635.952 1885.45 4258.82 1632.17 8582.64 7156.93 1629.92 1425.72 1073.88 3793.47 2462.16 1566.37 949.916 2004.38 247.243 525.207 586.188 478.216 861.212 2293.74 5527 5333.3 4966.68 2987.2 2661.53 1078.23 1583.3 770.535 1466.7 858.321 612.887 400.673 509.944 1384.89 2227.1 763.464 3071.47 2359.85 2232.86 669.974 496.479 2626.65 1911.18 1703.69 715.471 812.761 654.801 6266.23 5158.52 3933.81 1224.71 1000.22 1107.7 568.466 845.458 600.98 737.478 392.489 366.623 667.968 1325.73 969.049 865.815 675.354 711.618 374.683 221.244 212.989 351.842 256.206 1001.96 609.223 466.978 317.486 514.682 632.35 1107.32 521.665 336.935 510.706 3365.34 2896.88 468.467 2707.64 1180.2 1527.44 1293.2 975.959 817.968 717.22 541.976 332.986 1463.63
internal_count=182546 87628 94918 52699 38693 56225 21115 31584 7267 48207 13494 20623 18620 2003 24317 11277 34713 31277 18651 12626 11451 10222 1963 13040 10447 9123 8376 6336 3991 34929 1026 29570 3324 2544 7542 17036 6529 34340 28635 6521 5705 4297 15175 9849 6266 3801 8018 989 2101 2345 1913 3445 9176 22114 21339 19872 11952 10649 4314 6335 3083 5868 3434 2452 1603 2040 5540 8909 3054 12288 9441 8933 2680 1986 10507 7645 6815 2862 3252 2620 25066 20635 15736 4899 4001 4431 2274 3382 2404 2950 1570 1467 2672 5304 3877 3464 2702 2847 1499 885 852 1408 1025 4008 2437 1868 1270 2059 2530 4430 2087 1348 2043 13462 11588 1874 10831 4721 6110 5173 3904 3272 2869 2168 1332 5855
is_linear=0
shrinkage=0.02


Tree=6
num_leaves=127
num_cat=0
split_feature=9 15 229 146 26 104 231 231 231 231 231 222 186 108 32 186 3 9 231 231 11 53 79 184 128 212 154 146 216 40 231 176 229 149 190 33 95 11 191 43 180 191 104 69 23 220 215 225 236 188 187 185 179 129 76 149 150 69 139 213 176 211 178 115 39 187 188 119 79 115 155 140 161 34 108 150 85 188 42 146 150 215 79 194 188 15 190 176 150 76 76 209 138 231 24 68 129 79 42 101 178 104 79 194 76 222 101 150 149 161 72 229 34 184 59 79 220 205 176 76 47 99 154 184 190 69
split_gain=468.679 81.2374 80.5897 47.6923 37.0147 37.4178 34.3259 70.6755 30.2845 29.7571 29.4709 28.2209 27.7483 27.0907 23.0002 22.78 22.2872 22.0222 21.2719 49.4935 20.8842 20.5115 19.2993 18.9511 19.6488 17.5737 17.4751 17.1167 17.04 17.0344 16.7688 16.0582 15.9156 18.4232 15.8308 14.8876 14.8609 14.6496 14.6184 19.0604 16.0449 15.7404 14.5875 16.0923 20.0449 14.6925 14.4648 14.401 13.7361 17.8494 15.3378 13.4722 13.4073 13.401 13.3231 15.0155 13.391 13.2999 18.6275 19.96 22.211 20.6797 14.606 13.1921 12.9135 12.8792 14.047 12.8485 20.0794 12.5681 12.4555 12.4274 12.2945 12.2608 12.2348 12.2291 13.1298 12.1999 12.1855 12.1842 12.1387 12.1035 18.9104 15.9651 13.0489 12.0576 12.2504 18.2304 11.9993 11.9886 20.5439 15.42 13.6101 17.5333 12.5558 20.2689 13.7412 11.8289 15.9427 19.7471 11.8032 11.6982 14.9795 11.591 13.3644 11.4888 11.4492 11.3561 11.8925 11.3382 13.9388 11.322 11.2799 11.1522 11.1307 11.0697 11.0332 11.6734 13.2832 15.6899 10.5901 10.5592 10.5142 10.4389 13.3713 10.4341
threshold=-1.442299026166438e-05 0.30739903450012213 -0.116970706731081 0.68195220828056347 0.40700595080852514 0.0009301300160586835 -0.56820151209831227 -0.0065449222456663838 0.1456510201096535 0.48289918899536138 -0.94622433185577381 0.04116936773061753 0.018671503290534023 0.84720027446746837 0.82990446686744701 0.0039842789992690095 0.00042728832340799277 -0.00040306212031282479 -0.01963364519178867 -0.57536083459854115 0.00055538659216836106 0.29638099670410162 0.00039237209421116864 0.4959342777729035 -0.00098045199410989859 0.020589661784470085 -0.0023355041630566116 0.86797067523002636 0.46119293570518499 0.001175174431409687 -0.83747833967208851 0.0011727256933227184 0.13324988633394244 0.000189773811143823 0.00096666844910942029 -4.2775714973686256e-05 -9.9940290965605514e-05 0.0002749600680544973 0.0054581793956458577 -0.00024722630041651422 0.0069276688154786834 -0.0025484515354037281 0.0010379601735621693 0.00046418399142567074 5.6667824537726126e-05 -0.0052852698136121026 0.0037454125704243784 -0.00033867212187033141 -0.32259796559810633 -0.19431930035352704 1.0000000180025095e-35 -0.0020077950321137901 -0.00131991266971454 -0.21092633903026578 6.2872924900148077e-05 6.4127678342629238e-05 0.15723054111003879 0.00056971519370563339 0.00074814475374296318 0.0019751128274947409 0.0013849589740857484 -0.36935728788375849 0.63502135872840892 0.00010186056533711964 0.00020920909446431327 0.00010797979484777899 -0.04926758632063865 0.0005141840665601195 0.00087005246314220141 -0.00017645952175371346 0.0001060450558725279 0.93613290786743175 -0.0007369337836280464 0.0002696328738238663 0.48466499149799352 -0.13804075866937635 1.0000000180025095e-35 0.23811022192239764 -0.00024497538106515998 0.38031138479709631 -0.31965199112892145 0.0024250765563920145 -0.00013537644554162395 0.0048982431180775174 -0.25929823517799372 0.023872002959251407 -0.00051989287021569897 0.0012141261249780657 -0.014958208892494438 -0.00016269315528916192 -1.3932912679592844e-05 -0.0012771439505740998 0.00082781119272112857 -0.080633651465177522 0.0001673335209488869 -0.0013141491799615321 -0.34944587945938105 0.00061928242212161433 0.0018660444184206428 0.00088245561346411716 0.40306624770164495 0.00077610395965166401 -0.00047327451466117049 0.0076154605485498914 -0.0001218416291521862 0.85819363594055187 0.0006949748203624041 0.13205266743898394 -0.0001585059144417755 -0.0022953035077080126 0.00048614098341204231 -0.072147756814956651 0.00062330238870345067 0.81859633326530468 -0.13739456236362454 0.00018052208179142329 -0.0032701247837394472 0.16288898140192035 0.001132236095145345 0.00052464343025349091 -0.0012806684244424103 0.0010762462625280025 -0.0033429830800741907 0.86559870839118969 0.00044069193245377397 0.00070795827195979666
decision_type=2 2 2 10 2 8 2 2 2 2 2 10 8 10 2 10 2 2 2 2 2 2 10 10 2 10 10 10 8 2 2 10 2 10 10 2 2 2 10 2 8 10 10 10 2 10 10 8 10 10 10 10 8 2 2 10 10 10 2 10 10 10 10 10 2 10 10 2 10 10 10 10 2 2 10 10 2 10 10 10 8 10 10 8 10 2 10 10 10 2 2 10 10 2 2 10 2 10 10 2 10 10 10 8 2 8 2 10 8 2 10 2 2 10 10 10 10 10 10 2 2 10 10 10 10 10
left_child=2 3 23 9 5 8 35 37 13 11 52 75 42 17 16 22 29 30 19 36 67 70 25 24 89 100 46 38 -23 51 -4 34 33 -21 -19 -3 -12 -8 40 -40 41 78 -7 -44 45 -45 -26 63 -28 -50 -51 53 -5 80 55 56 74 -11 -59 62 61 -61 -60 -43 -18 -54 -67 103 -69 -62 -9 73 -17 -56 109 -2 -77 -38 -6 -24 -13 82 83 -49 -83 86 87 -86 -25 91 92 120 93 -91 95 96 -93 -22 -99 -100 111 102 -10 104 -20 -70 -36 108 -98 -55 -111 -16 -37 -101 -57 -58 117 118 119 -75 -1 -96 -82 124 -88 -112
right_child=1 6 4 10 27 12 7 21 101 57 18 14 -14 -15 15 72 64 31 20 32 97 28 79 88 26 -27 48 -29 -30 -31 -32 -33 -34 -35 106 112 77 -39 39 -41 -42 47 43 44 -46 -47 -48 81 49 50 -52 -53 65 54 71 114 115 58 59 60 69 -63 -64 -65 -66 66 -68 68 105 -71 -72 -73 -74 116 -76 76 -78 -79 -80 -81 122 84 -84 -85 85 -87 123 -89 -90 90 -92 94 -94 -95 121 -97 107 98 99 113 -102 -103 -104 -105 -106 -107 -108 -109 -110 110 125 -113 -114 -115 -116 -117 -118 -119 -120 -121 -122 -123 -124 -125 -126 -127
leaf_value=0.0044042737532318816 -0.00047988343822487193 -0.003552073828843733 0.0028641822362234642 0.0039262435925889617 -0.0081390273418056255 -0.0025240207967988045 -0.0051881009561996587 -0.0034078142965654895 0.002040250619990404 0.0067771464564862181 0.0012104599720399417 -0.0038806182403842817 -0.0045275996649561459 -0.0012440875939483508 -0.002817848363964016 0.0022118556024634151 -0.0076078809120088253 0.0060959949942898592 0.0012799802736993477 -0.0056410744881644215 0.0012843996475232452 -0.010075339980220007 -0.010762461588110091 0.0041440771562281185 -0.0046604582372950735 0.0034490646496614851 0.0049031252910814197 -0.0034752951205132016 -0.0033759468867211946 0.0053654090637852555 0.010976174889032155 0.0011091453209564042 -0.0084417110061288225 0.0031808064591379004 -0.0002245018279073469 0.0050742760339812735 -0.0034850910037589108 -0.011205364676478518 0.00082523990351524598 -0.0074965179666038511 0.0061503486137399208 -0.0045537483736373284 0.004467670066570454 0.00060651257911875981 0.0013635660318723436 -0.0083119805438772367 0.0028299405852131609 0.0064324923785551756 -0.0030503369711002443 -6.7860629913208526e-05 0.0063879211741415774 0.0045105146674673247 0.0035061910129880066 -0.0021455276050733134 0.0026109526711555696 -0.001737249149169291 -0.00049384811408788559 -0.0052444983133985382 0.0057343076309533296 -0.0065215503300275739 -0.00072968754477335893 0.0011725527287416036 -0.0021095591342735142 0.0021203401453012793 -0.0020546639951294155 0.00034707297168527177 -0.0079418277031812774 0.0062554762418913406 -0.0029527332072192616 0.005792648961267831 0.00062849397147395102 0.0033965726016944469 -0.0024950546363450986 -0.0053929803136389945 -0.0030981098505876909 0.0053873469393261051 -0.0021280585254196183 0.0030074705948512936 -0.00033841280679307572 -0.0021847451249877572 -0.00067945388214019531 0.0049197324773496186 -0.0062268453191895549 -0.0034425205233087541 0.0078022332270766973 -0.0027534046963960147 -0.0017130867170725499 -0.00075418392259490419 0.0086334635752508947 0.0048628869500146939 0.0039819177396465686 0.0053771896034108344 -0.0026556901647093395 -0.0024687642885400721 0.0084259184059527256 0.0064741720684549564 -0.002049854116695728 -0.0087972273888969749 0.0016338446541233477 -0.00095060176537843384 0.001064713848857361 0.0045858071545297431 -0.0027792830211339431 0.00075634428690676391 -0.0049811059210893797 0.0038085145681200656 0.0067062700683177406 -0.005171089837636751 0.0040834323550469429 -0.0030134043045555244 0.0058431575240994798 -0.0087463079424552042 -0.0010473814615006936 -0.0093965438783367144 0.0052379414585027638 -0.0084448018850599004 0.0013654430507248549 -0.0079343312040643758 -0.00094382016479067909 0.0016842010743696909 -0.00087653579416799006 0.0020164874879828251 0.0033053760475615581 -0.0039656280268915659 0.0036522918944123213 0.00096905263232451759
leaf_weight=266.1373385488987 410.95800948143005 1020.2084308713675 165.95044115185738 325.73857712745667 130.24130696058273 394.18621391057968 272.22402134537697 685.22144784033298 478.89376170933247 163.48866491019726 430.48284438252449 155.7319813221693 371.21723169088364 319.96225444972515 312.98230084776878 322.48092022538185 250.9903253018856 1232.4862706363201 173.99574880301952 475.47700706124306 123.99698562920094 244.71160709857941 276.72648291289806 663.49188794195652 278.4235030412674 120.99391573667526 536.55867005884647 598.72844883799553 435.95835490524769 174.98840142786503 346.62597081065178 612.39561416208744 961.89962135255337 103.2454741448164 347.68311758339405 131.74534566700459 1363.2127451896667 773.11432684957981 213.98829282820225 199.24261471629143 173.23851357400417 333.2312048971653 571.90692906081676 134.98537041246891 2854.8666883260012 136.73799017071724 141.20451775193214 124.48350359499454 291.39380042254925 322.89157873392105 249.9113412052393 177.24189941585064 135.74661487340927 356.97199758887291 151.48851868510246 118.74611765146255 129.74233071506023 149.24263636767864 534.21629977226257 266.98221158981323 196.23440299928188 262.23676323890686 103.74538218975067 163.74028748273849 498.23030166327953 173.24590672552586 132.24684926867485 223.74312728643417 304.99166564643383 262.48271904885769 530.48347154259682 128.24509409070015 616.21479085087776 862.70629480481148 421.23401792347431 465.44647017121315 103.49384821951389 111.24739834666252 175.48742432892323 100.74073170125484 419.71006852388382 442.45881572365761 181.98490959405899 102.48584569990635 248.96746262907982 255.98590350151062 295.71618290245533 152.98516592383385 436.82005530595779 343.11261676251888 1812.6627369523048 308.38104996085167 358.3978283405304 188.19343763589859 670.47540345788002 832.98213241994381 199.19804173707962 285.23761609196663 217.24012750387192 105.24536781013012 122.99378749728203 204.46669000387192 514.90755335986614 423.23794502019882 511.23674139380455 126.24685953557491 110.73048484325409 103.97431761026382 286.17055001854897 162.98950226604939 309.48073494434357 240.48694984614849 563.47644706070423 154.24221481382847 286.98809145390987 139.2433980256319 198.49032011628151 195.99098883569241 803.45948556065559 136.49278970062733 312.17241893708706 138.44752499461174 671.67294289171696 150.9902735054493 440.70828577876091 397.22900092601776
leaf_count=1065 1644 4081 664 1303 521 1577 1089 2741 1916 654 1722 623 1485 1280 1252 1290 1004 4931 696 1902 496 979 1107 2655 1114 484 2147 2395 1744 700 1387 2450 3848 413 1391 527 5453 3093 856 797 693 1333 2288 540 11421 547 565 498 1166 1292 1000 709 543 1428 606 475 519 597 2137 1068 785 1049 415 655 1993 693 529 895 1220 1050 2122 513 2465 3451 1685 1862 414 445 702 403 1679 1770 728 410 996 1024 1183 612 1748 1373 7253 1234 1434 753 2683 3333 797 1141 869 421 492 818 2060 1693 2045 505 443 416 1145 652 1238 962 2254 617 1148 557 794 784 3214 546 1249 554 2687 604 1763 1589
internal_value=-7.52148e-06 -0.00195642 0.00209908 -0.00137455 0.00110895 0.00185576 -0.00431949 -0.00562744 0.00317519 -0.000621419 -0.00270571 -0.00105172 0.000566253 0.00420318 -0.00139392 -0.00321764 -0.000847192 0.00482655 -0.0031696 -0.00420495 -0.00180171 -0.00326848 -0.00505082 0.00358641 0.00321696 -0.00315374 0.00138305 -0.000391195 -0.00600333 -0.000459004 0.00855604 0.00393008 -0.00685106 -0.00401355 0.00492683 -0.00203755 -0.00201596 -0.00976518 0.000112241 -0.00334801 0.000553435 0.00021406 0.00104805 0.00144029 0.000861653 -0.00414366 -0.00212587 0.000678898 0.00244935 0.000849412 0.00286926 -0.000639423 0.000967605 -0.000804753 -0.00128388 -0.000191867 -0.000937802 0.00163933 0.00109591 0.00173456 -6.16029e-05 -0.00280513 0.00443339 -0.00235784 -0.00406444 -0.00129211 -0.00350867 -0.000527346 0.00166241 0.00308855 -0.00166487 -0.00229815 -0.000865626 -0.00263516 -0.000238438 0.00214587 0.00399441 -0.00296154 -0.0039572 -0.00869832 0.00103032 0.00132287 -0.00174844 0.00205584 0.00196585 0.00106806 0.00185723 0.00466423 0.00604866 0.00378384 0.00277127 0.00463821 0.000271393 0.0022706 0.00530754 0.00425425 0.00209822 -0.00427061 -0.00518433 -0.00275547 -0.00439987 0.000460137 -0.000462409 -0.00182778 -0.00340006 -0.000892278 0.00166 0.000262283 0.00158479 0.00077751 0.00199854 -0.00560901 0.000222134 -0.00628412 0.0032108 -0.00490934 -0.00301716 -0.00346162 -0.0028936 -0.00441214 0.00161967 0.00740406 0.00178829 0.000511021 0.00150946 0.00320558
internal_weight=45623 23699.3 21923.7 19042.2 13182.7 8798 4657.14 2941.71 4334.1 12180.2 6861.96 10241.6 4463.9 3135.83 9261.68 2113.62 7148.06 2815.87 6094.98 3445.57 2649.41 1896.37 1174.92 8741 7640.69 797.457 1820.38 4384.66 680.67 6398.84 512.576 2303.3 1540.62 578.722 1690.9 1715.43 1904.94 1045.34 3785.94 413.231 3372.71 3199.47 4092.68 3698.5 3126.59 271.723 419.628 2893.74 1400.76 864.197 572.803 6223.86 766.978 6046.61 4799.5 2322.63 1916.89 1938.63 1775.14 1625.9 987.936 529.219 637.962 496.971 749.221 441.239 305.493 1763.45 654.982 458.717 1215.7 2476.87 938.696 2348.63 1647.91 979.898 568.94 1474.46 305.729 377.467 1247.11 2396.77 408.954 226.969 1987.81 1545.35 1289.37 401.953 1100.31 5820.31 2702.37 3117.94 889.704 531.306 2539.63 1730.71 897.724 885.962 761.965 476.728 676.463 1198.27 993.801 1108.47 685.232 431.239 458.414 589.343 485.369 1226.67 869.699 553.469 695.222 259.488 405.734 268.986 2197.14 1998.65 1802.66 999.199 578.31 808.923 1091.38 887.415 736.424 706.71
internal_count=182517 94803 87714 76173 52738 35198 18630 11768 17340 48724 27449 40969 17858 12546 37049 8455 28594 11266 24381 13783 10598 7586 4700 34976 30573 3190 7284 17540 2723 25597 2051 9215 6163 2315 6765 6862 7620 4182 15145 1653 13492 12799 16373 14796 12508 1087 1679 11576 5605 3458 2292 24897 3068 24188 19199 9291 7668 7755 7101 6504 3952 2117 2552 1988 2997 1765 1222 7054 2620 1835 4863 9908 3755 9395 6592 3920 2276 5898 1223 1510 4989 9588 1636 908 7952 6182 5158 1608 4403 23289 10813 12476 3560 2126 10162 6925 3592 3544 3048 1907 2706 4794 3976 4434 2741 1725 1834 2358 1942 4907 3479 2214 2781 1038 1623 1076 8789 7995 7211 3997 2314 3237 4366 3550 2946 2827
is_linear=0
shrinkage=0.02


Tree=7
num_leaves=127
num_cat=0
split_feature=9 15 146 15 146 78 146 235 62 2 223 175 28 224 182 179 123 174 4 99 14 77 184 182 2 223 166 101 95 194 222 145 178 97 22 42 61 136 145 212 61 15 184 165 61 104 104 78 235 64 42 11 35 99 98 28 78 128 165 174 137 212 199 99 60 123 78 128 42 176 155 136 98 0 174 25 220 66 0 104 4 173 217 77 194 224 184 194 223 62 30 27 74 97 78 97 15 114 182 114 123 0 166 136 74 145 193 74 166 113 28 227 138 97 222 178 178 199 173 178 15 224 166 78 224 138
split_gain=506.25 85.5896 77.6649 70.2572 63.4358 38.4638 38.0078 23.1081 26.6152 22.5525 22.3845 20.7125 18.8678 22.1686 19.228 22.549 17.8328 17.6394 17.481 16.9665 16.7752 17.3121 16.5027 16.4155 16.0685 15.7475 21.2247 15.4127 14.1156 18.3833 15.3213 14.0671 16.6183 15.4604 14.054 14.5344 13.7405 13.5313 13.3715 13.1328 14.5417 16.5912 14.1396 13.4435 12.977 12.9473 15.6387 18.8357 12.6036 12.5422 12.5377 12.6992 12.4932 12.4276 18.0063 12.299 16.8562 12.155 14.4076 13.1176 12.0798 12.0726 14.314 13.586 13.9141 12.6992 11.9739 11.9019 17.2611 13.8738 13.0945 11.6944 15.1634 11.634 11.5002 11.4939 11.4347 11.3368 13.4472 15.176 13.7229 11.3282 11.2775 11.2593 11.2554 16.237 14.4829 12.1236 12.9807 11.2503 11.1412 11.1716 11.1234 11.0288 11.8325 12.9123 11.2213 12.6267 11.4601 10.877 10.8174 10.806 10.6703 16.3962 21.457 18.1741 14.0029 12.2329 11.6844 10.659 10.5749 10.5149 12.5014 17.1972 13.7134 10.9812 11.3623 10.4107 10.378 10.3154 10.2835 10.1932 15.8683 14.5402 13.6717 17.169
threshold=-1.442299026166438e-05 0.12625741213560107 0.23392568528652194 -0.25983348488807673 0.21233721822500232 -0.00034004483313765371 0.82917660474777233 1.0000000180025095e-35 0.0001556770002935082 0.00018481177539797502 -0.030491167679429051 0.00068295598612166952 0.00025827603531070059 0.03160123527050019 -0.0034288244787603612 -0.0018376634106971321 0.0018305209232494237 0.021999301388859752 -0.00012997999147046355 0.00045969912025611853 -0.00065952748991549004 -0.00015066294145071876 0.9243173897266389 -0.0052610570564866057 0.00023489430896006527 -0.015439983457326887 -0.0012093542027287183 0.0011478233500383796 -0.0001303600438404828 -0.0070884069427847854 0.68096968531608593 0.0028776978142559533 0.62642788887023937 0.8211859166622163 0.0016737933619879188 -0.00028548919362947339 0.0010945618851110341 0.0059564795810729274 0.0014034151681698861 0.0089432494714856165 0.00030752507154829806 -0.11482818052172659 0.5729900896549226 -0.00013511739962268618 0.00042253555147908633 0.00048189425433520233 0.00084495454211719345 -0.00052954634884372343 1.0000000180025095e-35 0.70713341236114513 -0.00055972198606468726 -0.00026712840190157289 1.33425905914919e-05 0.00043041350727435207 0.0031063966453075413 0.00077121795038692664 -0.0018697924679145215 0.0011270002578385176 0.00032758229644969111 0.012725628912448885 0.00050122872926294814 0.010421684943139555 -0.0012323741102591155 0.00041729409713298088 0.0011053818743675949 -0.0037161924410611387 -0.00078609507181681682 -0.0040812299121171227 -0.0005863534752279519 0.001682466652709991 -0.0088902669958770258 0.002055768272839487 0.0017234171973541381 4.9231496177526432e-06 0.012027140706777574 0.00026688288198783999 -0.0032701247837394472 0.00096820213366299878 5.7703749916981912e-05 0.00063507625600323092 -4.3460151573526666e-05 -0.62386223673820485 -0.0071756271645426742 -0.00013875995500711721 -0.0048538350965827695 0.015999777242541317 0.2791461199522019 -0.0098008229397237284 -0.03091603051871061 0.00037498294841498142 -0.00028705950535368169 -0.0001217217431985773 -0.28229412436485285 0.25772388279438024 0.00057585976901464175 0.5575428605079652 0.16592361032962802 0.00038372157723642891 -0.0053064080420881501 -0.00022985211398918179 0.00014099088002694773 2.2745537535229236e-05 0.0031652112957090144 0.0075125205330550679 -0.12475489079952239 0.0085573201067745703 -0.00046266765275504435 0.009793293662369253 0.001806115033105016 0.55000001192092907 0.00012687627167906615 0.65000000596046459 0.00078208002378232788 0.63903176784515392 0.74828070402145397 0.89457136392593395 0.74639514088630687 -0.0043116323649883262 -0.51278105378150929 0.32931946218013769 0.34201799333095556 0.017351962625980381 0.00019968054402852434 9.5120936748571707e-05 0.0060157945845276126 0.00057079974794760357
decision_type=2 2 8 2 10 8 8 2 10 2 10 10 2 8 10 10 2 10 2 10 2 2 8 10 2 10 2 2 2 10 10 10 8 10 2 10 10 10 10 10 10 2 10 10 10 10 10 10 2 2 10 2 2 10 10 2 10 2 10 10 10 10 10 10 10 2 10 2 10 8 10 10 10 2 10 2 10 2 2 10 2 10 8 2 10 10 10 10 10 10 2 2 10 10 10 10 2 2 10 2 2 2 2 10 8 10 8 10 2 10 2 10 10 10 10 10 10 10 10 10 2 10 2 10 10 10
left_child=2 4 20 22 18 10 12 8 -7 93 -3 31 13 14 60 -16 77 27 81 -15 36 25 23 37 45 26 67 52 38 -30 -31 32 33 -10 35 -11 44 99 -25 -14 41 42 -41 -42 -1 -12 47 -47 111 -48 66 -52 100 54 -50 56 -45 -55 -59 -60 -5 62 -20 64 -63 74 -17 68 70 73 -22 -32 -73 -69 -65 -39 -74 78 80 -80 82 -2 -6 -78 87 86 -86 88 -62 -54 -84 -92 -75 96 -95 -96 -9 -98 -99 -4 -13 -23 103 104 106 -105 -8 -106 -108 120 -109 112 114 -114 -18 116 -113 -40 -67 -87 -26 123 -123 124 125 -27
right_child=1 5 3 6 16 7 102 9 11 34 24 17 39 19 15 50 48 -19 61 -21 21 101 -24 28 109 121 -28 -29 29 30 71 -33 -34 -35 -36 -37 -38 75 117 40 43 -43 -44 55 -46 46 49 -49 53 -51 51 -53 89 57 -56 -57 -58 58 59 -61 84 63 -64 65 -66 118 -68 69 -70 -71 -72 72 76 92 -76 -77 83 -79 79 -81 -82 -83 90 -85 85 119 -88 -89 -90 -91 91 -93 -94 94 95 -97 97 98 -100 -101 -102 -103 -104 105 107 -107 108 110 -110 -111 -112 115 113 -115 -116 -117 -118 -119 -120 -121 -122 122 -124 -125 -126 -127
leaf_value=0.0038744069981702738 -0.0052656686976729292 0.0032971465504994528 0.0075126629385080367 -0.0018046462963056608 -0.0021432378153032699 -0.0072361604918812694 -0.0034131236159835681 -0.0031903470466539941 0.00082249859003926014 0.0001377580789666686 0.0025131255807350236 -0.0002278490324152204 0.0033081901017173406 -0.0067501129292092963 0.0048893588486882949 0.0025066782145132215 -0.0035890031154340012 0.0024906055149032007 0.0088104281593361904 0.0013357833005777692 0.0065543304495826304 0.0059312920546200952 7.6789590180445326e-05 0.00081999791440291422 -0.0026471644795569545 -0.0016355054142322414 -0.0041806517441142586 -0.0086929954439382302 0.0071377294076902824 0.0010821431835323367 -0.00014856293966995486 -0.0056445477043846675 0.0056853001552558151 -0.0073167531341795811 0.0002830873872333636 -0.0054975978583237271 -2.9157221109974413e-06 -0.0034703226488615301 0.0018502045043684362 0.0063462106070242543 -0.0035846211245386494 -0.003763951781138121 -0.002386117988877408 0.007999756359343746 0.010172893718235279 -0.0073872339638230266 -0.0030712706881793807 0.0017909204891801214 -0.00056882215039952418 0.003119845288071345 0.0073005914356689544 0.0016160937338845262 -0.0056104815369069343 -0.005410445259048078 -0.0088864489967107572 -0.0029252662869509467 0.0011708532791060669 0.0047554246973460128 -0.0046567752122369617 0.0026248547649030756 -0.0027397787569713554 0.0022004522803098555 0.0011289614533223696 -0.003757744771546897 -0.0038836876599656184 0.0087640308607670765 -0.0041644163632820084 0.0041512718271762127 -0.0060719867758246291 0.0097270478471244079 -0.0019283925534340535 0.0097339294463207032 0.0066988688617835111 0.0054883986654295589 0.0035519324245470957 0.0036929429951513015 0.0039893010765437173 0.00058056549124046921 0.0010519559661585286 -0.0053513098683972676 -0.0015566082429051286 0.0024100190384164673 0.0064471791696152306 -0.003279521473880608 -0.00055263040524284788 0.0039410371486941894 0.0067901963256299033 -0.0036465644516350611 0.0045634833641134678 -0.0022502956966345454 -0.0033575383761239542 0.0036399263917912339 -0.0013068055557889746 -0.00012439890954358784 -0.0081765320468004127 -0.0023696900756915822 -0.00010465011066180656 0.00026233846678004938 0.009200136209541623 0.00078309262852747051 -0.0041457622729976348 0.002192827450461371 -0.0033179058157464386 0.0067622979398373898 -0.0075519322723589478 -0.0016665670746649969 0.00668452392857115 0.0019647583757692166 -0.00051894313508481173 0.00070799240042781044 -0.0047787332376500666 -0.0077007017809906601 -0.00087206751956193831 -0.0079649024307219332 0.0040889654100404894 -0.010150993304555671 -0.00036709293830021461 0.008776573292233426 0.0010681492724892324 -0.0021048256528293295 -0.0066938333263089778 -0.0019312521620462886 0.0049883537282631061 -0.001805015845075254 0.007345473251781416 0.0058105440543275901
leaf_weight=246.35662095248699 158.9783321171999 380.95964139699936 157.18527810275555 558.38377806544304 222.98745311796665 1122.8338534533978 159.98930132389069 249.48585452139378 336.47582083940506 207.99031384289265 456.47255453467369 526.45097821950912 343.193284958601 186.96948014199734 1506.6464798748493 164.21114951372147 160.73921655118465 134.23351249098778 265.45011179149151 197.22050036489964 121.69302098453045 1549.9041042923927 510.6674477159977 136.17576202750206 914.2085230499506 195.1787067502737 212.93660083413124 331.96461628377438 480.09332521259785 1051.3815867900848 169.94930720329285 161.98003055155277 167.23263767361641 107.47870625555515 247.73424977064133 1450.9232274442911 100.69394190609455 279.91372349858284 114.9499317407608 122.72336193919182 215.95183899998665 842.92610646784306 138.22356206178665 169.21267865598202 390.98841643333435 259.48634260892868 194.73981785774231 121.7416999489069 265.49007365107536 316.98320838809013 168.2099424302578 1090.8593229502439 2056.9939478933811 103.4962340593338 154.49428275227547 170.72997821867466 653.42579738795757 270.48935213685036 185.24303142726421 172.99236531555653 142.47452262043953 408.19402927160263 156.97786274552345 105.73533472418785 211.72470161318779 249.46551279723644 244.44974336028099 687.24305914342403 134.9634767472744 100.22195164859295 135.44908575713634 233.91296777129173 234.68367570638657 103.71537354588509 259.71763287484646 109.21040365099907 178.19115707278252 1682.6388313919306 190.73985390365124 561.97301952540874 2274.125267252326 118.98459377884865 208.23760056495667 130.46767972409725 137.71670703589916 153.47018757462502 426.66505540907383 265.6971770375967 229.95023652911186 540.44975963234901 140.49273703992367 192.48863606154919 416.11560101807117 576.72636570036411 190.99201641976833 670.45952980220318 558.97288383543491 101.49541082978249 115.7455827742815 221.42564125359058 592.93285420536995 425.36153794825077 940.18654489517212 199.73411530256271 250.73264515399933 179.48761138319969 178.48318736255169 157.23563380539417 159.98945118486881 234.48601940274239 181.23920774459839 138.7419790327549 275.9797337949276 262.22764226794243 171.98755925893784 181.72525615990162 185.23406335711479 614.2185605764389 102.99178647994995 303.20236356556416 358.22547040879726 246.67015288770199 247.67902128398418 105.21025627851486 739.70769047737122 288.13454386591911
leaf_count=986 636 1524 629 2234 892 4492 640 998 1346 832 1826 2106 1373 748 6028 657 643 537 1062 789 487 6202 2043 545 3657 781 852 1328 1921 4207 680 648 669 430 991 5804 403 1120 460 491 864 3372 553 677 1565 1038 779 487 1062 1268 673 4364 8229 414 618 683 2614 1082 741 692 570 1633 628 423 847 998 978 2750 540 401 542 936 939 415 1039 437 713 6731 763 2248 9097 476 833 522 551 614 1707 1063 920 2162 562 770 1665 2307 764 2682 2236 406 463 886 2372 1702 3761 799 1003 718 714 629 640 938 725 555 1104 1049 688 727 741 2458 412 1213 1433 987 991 421 2960 1153
internal_value=-6.17322e-06 -0.00202952 0.00218486 0.00141273 -0.00062525 -0.00305729 0.00052995 -0.00364693 -0.00444779 -0.00251781 -0.00114331 -0.00378953 0.00116254 0.00180228 0.00213475 0.00312865 -0.00142774 -0.00434334 0.00250875 -0.00273858 0.00402622 0.00363513 0.00347165 0.00389087 -0.00175436 0.00280746 0.00151558 -0.00458105 0.00449449 0.00367216 0.0027772 -0.000759298 0.000673246 -0.00137843 -0.00414157 -0.00479783 0.00687638 0.00121432 0.00671379 -0.000231612 -0.000780645 -0.00242002 0.00188011 0.000730814 0.00793026 -0.000161773 -0.00155427 -0.0045131 -0.00281074 0.000736871 0.00149892 0.00247781 -0.00416923 -0.00123612 -0.00389338 0.00172119 0.00273206 0.00035101 0.00143698 -0.0011876 0.000696768 0.00324169 0.006136 0.00225088 6.60618e-05 0.00408455 -0.0014919 0.00226965 -0.000757088 0.00317521 0.00226936 0.0045974 0.00561281 0.00248154 0.0013518 -0.00137765 0.00355605 -0.000780878 -0.00138502 -0.00374347 -0.000780086 -0.00203879 0.00151145 0.000904227 0.00155007 0.00283285 0.00504086 -0.000526215 0.00177231 -0.00493386 0.00303994 0.000664575 0.000202065 -0.00123806 -0.00235608 -0.00381343 0.000344657 0.00153245 0.00539852 0.00381372 -0.00233949 0.00515629 -0.00167746 -0.000595547 -0.00184077 0.00288924 0.00119398 -0.00436304 0.0034406 -0.0031597 -0.00171126 -0.00409208 -0.00265976 -0.00448942 0.000386579 -0.00636384 -0.00377283 0.00776321 0.00669332 7.06529e-06 -0.00387237 0.0041318 0.00159477 0.00503839 0.00564666 0.00285807
internal_weight=45637.8 23727.6 21910.2 15462 10040.7 13686.9 10839.6 10449.6 6079.03 4370.53 3237.3 4956.19 8432.51 5776.13 5391.94 3174.38 8002.52 4183.03 2038.22 384.19 6448.22 5710.18 4622.43 4111.76 2856.34 3734.92 1912.34 4048.79 3344.02 2478.68 1998.59 773.167 611.187 443.955 1906.65 1658.91 738.039 767.735 865.344 2656.39 2313.19 1103.87 260.947 1209.32 637.345 1349.42 892.951 381.228 2528.84 511.723 1667.73 1259.07 3716.83 1152.21 419.984 993.368 822.638 732.221 628.725 358.235 2217.56 1760.26 422.428 1337.83 619.919 717.91 408.661 1699.4 392.106 1307.3 257.142 947.205 777.255 1207.07 365.453 389.124 543.343 5473.68 3791.04 752.713 3038.33 277.963 764.206 308.659 1659.18 1021.05 564.382 638.122 372.425 2597.44 541.219 332.981 519.831 2463.88 1438.18 861.452 1025.7 776.214 217.241 378.611 1119.38 1975.27 2407.08 1466.89 1087.67 379.222 498.462 589.207 338.473 1506.92 338.475 1376.64 870.934 538.207 332.727 505.701 323.976 729.168 352.457 456.673 1272.43 1822.58 494.349 1328.23 1223.02 483.313
internal_count=182582 94918 87664 61861 40166 54752 43365 41802 24319 17483 12950 19827 33736 23109 21572 12700 32012 16734 8154 1537 25803 22849 18496 16453 11426 14945 7652 16197 13381 9918 7997 3093 2445 1776 7627 6636 2954 3072 3463 10627 9254 4416 1044 4838 2551 5398 3572 1525 10116 2047 6672 5037 14869 4609 1680 3974 3291 2929 2515 1433 8872 7042 1690 5352 2480 2872 1635 6800 1569 5231 1029 3790 3110 4830 1462 1557 2174 21896 15165 3011 12154 1112 3057 1235 6638 4085 2258 2553 1490 10391 2165 1332 2080 9856 5753 3446 4103 3105 869 1515 4478 7904 9629 5868 4351 1517 1994 2357 1354 6028 1354 5507 3484 2153 1331 2023 1296 2918 1410 1827 5090 7293 1978 5315 4894 1934
is_linear=0
shrinkage=0.02


Tree=8
num_leaves=127
num_cat=0
split_feature=7 49 49 230 7 78 29 32 32 223 108 110 73 41 142 230 215 100 181 174 148 205 181 30 5 221 24 217 123 108 159 157 100 141 68 213 103 230 230 192 163 222 33 49 213 215 22 24 102 192 114 73 217 114 129 79 141 199 106 49 7 222 137 118 14 150 221 110 223 129 185 223 177 187 217 80 213 217 115 166 180 180 115 7 171 100 64 32 79 141 22 103 215 177 112 5 4 65 118 180 174 222 177 150 106 73 29 7 174 49 223 135 157 213 143 180 28 220 42 114 223 185 14 33 223 205
split_gain=387.217 110.712 82.2259 66.9163 40.9764 39.0509 31.7869 31.3769 29.5278 27.49 25.3301 23.3912 18.902 18.2595 16.637 16.5442 15.8701 19.827 15.1671 17.8641 16.5596 19.1115 14.9701 14.7342 14.5499 14.8332 14.2801 14.2722 19.1855 19.9025 16.51 20.6896 19.6245 16.3135 14.4576 16.2991 14.0285 13.6667 13.6115 13.3976 13.3541 13.3504 13.2401 12.9986 12.7616 13.8308 13.818 12.5197 12.786 18.5253 20.7749 13.5826 12.4432 12.43 12.3344 12.2107 12.2028 13.6759 20.2046 13.3173 12.1318 11.9698 16.6387 16.583 11.9372 11.9146 11.8117 11.7415 12.3792 11.7234 11.5709 11.5019 11.4642 11.4007 11.1933 11.1564 11.0819 14.8337 11.0695 10.7716 10.7434 13.3721 15.6993 10.7186 10.4711 10.4442 13.3864 11.1907 10.3432 11.2043 20.2836 10.2908 10.1245 19.1017 10.8374 9.91953 10.2834 9.94086 9.86461 14.4423 13.3385 11.763 10.6278 9.81927 10.4831 10.7783 9.5739 9.56266 12.3178 11.9909 13.023 11.6199 12.1963 9.53657 9.49687 14.3837 9.48288 10.4098 9.42957 10.3759 9.36819 10.8099 9.3173 14.1156 9.30209 12.2606
threshold=-3.4421408372509173e-06 2.2641383111476902e-05 -0.00013713097723666576 -0.82535797357559193 0.00019148098363075408 1.0945829217234861e-05 0.21744004637002948 0.16203117370605472 0.83741837739944469 -0.03091603051871061 0.10072467476129533 0.0014715607394464316 -1.8691715013119389e-05 -0.00031901546753942961 0.00093502682284452032 -0.69622442126274098 0.0026210192590951924 0.00034553449950180953 0.82983252406120311 0.0081032533198595064 0.0093841142952442187 -0.13825930655002591 0.87625041604042064 -0.00027562175819184626 0.00015589692338835451 0.032385347411036498 9.1730053100036471e-05 -0.010922912042587994 -0.0014506485313177107 0.13370951265096667 -0.0019404529593884943 -0.0011382702505216 0.00058897296548821043 -0.00072469125734642137 -0.000245642484514974 0.0019292187062092128 -0.00015550407988484946 -0.26933941245079035 -0.8959035575389861 -0.00022092943981988353 -0.010135801509022711 0.027157087810337547 -0.00042260542977601284 0.00080950610572472226 0.0019896044395864014 0.0024111905368044977 0.00059981085360050212 3.5833507354254841e-05 0.71708434820175182 -0.0058617922477424136 0.00028082358767278498 -2.8729319637932346e-05 -0.0020084426505491133 9.0754783741431324e-05 -0.23242814838886258 0.00081506394781172286 -0.00019267283641966057 -0.0073559016454964868 -0.00065919032203964878 0.0012409566552378239 0.0003385385789442808 0.50565710663795482 0.0012456164695322516 -0.0031133895972743626 0.00020115197548875588 0.044107852503657348 0.021983760409057144 0.00036190952232573187 -0.014097756706178187 -0.30819970369338984 -0.0043141143396496764 -0.032406641170382493 0.0011851484887301924 -0.00036322083906270558 -0.0023300516186282034 0.004539227345958353 0.0019751128274947409 -0.0011515672085806725 7.6301574154058485e-05 -0.0062540629878640166 0.001436761347576976 0.00056512124137952935 0.00011925939907087014 -3.9748620110913173e-05 -0.00022750566859031093 0.00064313921029679488 0.11843603849411012 0.56039124727249157 0.0010682894499041142 -0.0016842288314364848 0.0011029188171960416 -0.00024195564765250308 0.0038027695845812563 0.0015233436133712532 -0.088502939790487276 -4.8430389142595225e-05 -2.6650321160559539e-05 -0.00083839293802157034 -0.0046263469848781815 0.0027058694977313284 0.0079350234009325522 0.66983580589294445 0.0016005021752789619 -0.31252975761890406 -0.00056076972396112968 4.402653394208756e-05 0.20515589416027072 7.1024838689481853e-05 0.0037690007593482737 -0.00063910678727552284 -0.0097183394245803339 -0.67972919344902027 -0.00075743734487332393 0.0025091677671298389 0.96441546082496654 0.0095587219111621397 0.00012880338908871639 -0.01955272443592548 0.00020106592273805293 -0.000108586475107586 -0.030491167679429051 -0.012034942861646412 -0.00079553487012162794 -0.0016800824669189749 -0.0040676721837371579 0.090722829103469863
decision_type=2 2 2 2 2 8 2 2 2 10 10 10 10 10 8 2 8 10 10 8 10 10 10 2 2 8 2 8 2 10 2 2 10 10 10 8 10 2 2 8 2 10 2 2 8 10 2 2 10 10 2 10 8 2 2 10 10 8 10 2 2 8 10 10 2 10 8 10 10 2 10 10 2 10 8 10 10 10 10 2 8 10 10 2 2 10 2 2 10 10 2 10 10 2 10 2 2 2 8 10 10 10 2 10 10 10 2 2 10 2 8 10 2 10 10 8 2 10 10 2 8 10 2 2 10 10
left_child=1 6 4 5 10 -4 14 13 56 41 44 38 60 37 67 40 52 36 19 -9 21 -20 -15 61 25 47 -24 53 30 -30 31 34 72 107 35 -29 -18 66 80 85 -13 -6 43 -21 45 -2 -47 -5 51 -50 118 -49 -10 -12 -43 116 57 58 64 -58 -11 62 -16 -64 -7 75 -3 68 69 -1 -17 -19 -32 -37 91 103 -22 83 -44 -55 81 -8 -83 106 -70 86 -40 -88 89 -73 -91 -67 93 94 -41 -23 97 -97 -63 101 -101 -100 -103 -52 -105 -106 -78 111 -109 -110 -111 -31 -113 -28 115 120 -42 -118 -51 -120 -26 -122 -69 -124 125 -114
right_child=2 7 3 24 9 8 11 18 16 12 27 15 -14 22 23 70 17 71 20 42 76 95 26 -25 114 -27 113 28 29 33 32 -33 -34 -35 -36 73 -38 -39 39 92 55 54 78 -45 -46 46 -48 48 49 50 65 -53 -54 79 -56 -57 59 -59 -60 -61 -62 98 63 -65 -66 74 -68 122 84 -71 -72 88 -74 -75 -76 -77 77 -79 -80 -81 -82 82 -84 -85 -86 -87 87 -89 -90 90 -92 -93 -94 -95 -96 96 -98 -99 99 100 -102 102 -104 104 105 -107 -108 108 109 110 -112 112 124 -115 -116 -117 117 -119 119 -121 121 -123 123 -125 -126 -127
leaf_value=0.0030958027948681027 0.0061274086416928629 0.0041617928181481266 -0.0019346664237187205 0.0052325039397429886 0.0061018226608730739 0.0063025684394853012 0.0036331903706816339 -0.00064568141314492111 -0.013795347647338911 -0.00011325339735933112 2.3632354537132901e-05 0.0071394203934118522 -0.0052684588556963351 0.0020412347987723493 0.0052156653593356476 -0.0026154763039565971 0.00025643567696662626 -0.0019793214597098084 -0.0073623912658687908 0.0050329658246442942 0.0011594298340024956 0.001763227019710416 -0.0056469463023436943 -0.0036097318858200654 -0.0076098366006334094 0.0051824864548392028 0.0044397752088770129 0.007393733083610618 -0.0071877692994048396 0.0060555862776399128 0.0010609867620425761 -0.0058285215668726709 -0.0021401717751603588 -0.0069091045563436813 -0.0041872369062171547 0.0055243412438673234 -0.0065760706860030936 0.010246750405760115 0.00084267088231076645 -9.3765795289296963e-05 -0.00046348829331693245 0.0032348749737739274 0.0029202942879853061 0.00069235135960085431 0.0050064610234178469 -0.0036977004223723211 0.0037919931822823676 -0.0027410722260134824 0.0029316511160465564 0.00062003865387281402 0.0027847657437946238 0.00085298598621045174 -0.0049929325013869227 0.001326429633200493 -0.0042786985327937311 -0.0035126643942880714 0.0028354981344250476 -0.0048917771005506042 -0.0057507293188369703 -0.0050613222035982243 -0.0038476353347595476 0.0060054242240881522 0.0034895090987629696 -0.005062083652013244 -0.0021384277057946237 0.0030428079826756312 -0.0013708481383884303 0.010291839319407026 0.0076129023884853242 -0.0036536021678668733 0.0024826833774174964 -0.0099811658117683593 0.0079234567951645945 -0.0016207367259692849 0.0062758642929948063 -0.0077514573985565643 0.00054155742060945386 -0.00804423392849744 -0.0049293746831008721 -0.0053740143901258187 0.0053090523626294931 -0.0024970276270981561 0.0039124410161622755 0.0030151954956236398 0.0014522136106012468 0.002419884548757759 0.0083712659428788142 0.0018195938897949391 -0.010382235001276418 -0.0064837879148162405 0.0031654990655894184 -0.0043237691158369172 0.0059072987863759063 -0.0047132161761072877 0.00654515154621234 0.0015550654564385916 0.0023732511698403161 -0.0047503839256045569 -0.0036386801253669443 0.0073042304730282816 0.000542203879845713 0.0040652040211694032 -0.0020531141812797026 -0.0051564883830374046 0.0043451011617313615 -0.0026184922753862434 -0.0056847316999076086 -0.0050843792148073177 -0.0031253945720611572 -0.0021390187213877498 0.0041351033333785021 -0.0040543335400678223 0.0011018879155239897 -0.0029860688571817662 -0.0074243755414903105 0.0026742576430536596 -0.0025654708452040277 0.0033676400469554568 -0.0023177020508298994 -0.0070166084743832867 0.0023711153697730833 -0.002949384133601983 0.00076880144611342425 0.0059594313926141619 -0.0019699891803987802 0.0074276660175142117
leaf_weight=226.35562217235565 123.7135945558548 816.98459973931313 2302.5472269803286 107.99437548220158 175.97051811218262 137.99334339797497 400.341900780797 2805.4590434879065 219.43220475316048 856.67524212598801 639.4089387357235 151.95497751235962 969.40999214351177 949.98062467575073 1548.7789913862944 716.35435451567173 300.68314117193222 153.46322591602802 123.24408438801765 594.91527535021305 151.73894572257996 799.68212893605232 226.72231476008892 111.95930542051792 138.74069568514824 142.98831664025784 132.22894543409348 209.46162238717079 147.23306734859943 177.72013767063618 135.72250705957413 149.97845150530338 127.48546175658703 110.24181851744652 110.98989866673946 109.23504160344601 178.68500754237175 109.96609275043011 152.67829965054989 210.18552818894386 512.86561530828476 155.73155249655247 103.73860101401806 513.94563092291355 668.32675655186176 258.43751007318497 133.46126738190651 534.9742815643549 248.73380169272423 110.99618673324585 167.74236230552197 1717.1790142357349 133.2208431661129 112.23677742481232 154.23863388597965 173.22120253741741 210.4826996922493 2021.5509335547686 171.48946177959442 115.73204988241196 567.45965094864368 175.16814281046391 227.65625 123.2152883708477 102.74249078333378 137.74303115904331 178.96108447015285 180.59310072660446 262.34009377658367 156.92920604348183 217.4540688097477 167.71928784251213 399.44032697379589 270.70735293626785 129.24207280576229 105.99246145784855 138.48804260790348 296.47234992682934 157.23822714388371 444.70686973631382 238.91168074309826 555.78645111620426 188.69203266501427 100.74274604022503 199.88990141451359 396.08024300634861 713.1690386980772 136.70930661261082 486.58584898710251 265.9324131757021 110.97640657424927 126.49005030095577 167.94380939006805 170.69603827595711 163.93878431618214 126.99384693801403 179.2384379953146 341.48099181056023 290.13104821741581 208.41932667791843 245.66294619441032 240.90332007408142 184.43997775018215 280.98541557788849 121.49399229884148 219.23465840518475 298.47908061742783 210.98530779778957 273.22990208864212 192.99011859297752 341.72861632704735 157.9846783131361 436.70212897658348 108.23517237603664 144.98276473581791 190.98868216574192 117.71912209689617 1091.7317454814911 313.98612615466118 577.96888369321823 155.73932895064354 1433.6529373973608 241.86414805054665 1938.7888678461313 189.48162041604519 155.48646557331085
leaf_count=906 495 3269 9211 432 704 552 1602 11223 878 3427 2558 608 3878 3801 6198 2866 1203 614 493 2380 607 3199 907 448 555 572 529 838 589 711 543 600 510 441 444 437 715 440 611 841 2052 623 415 2056 2674 1034 534 2140 995 444 671 6869 533 449 617 693 842 8087 686 463 2270 701 911 493 411 551 716 723 1050 628 870 671 1598 1083 517 424 554 1186 629 1779 956 2224 755 403 800 1585 2854 547 1947 1064 444 506 672 683 656 508 717 1366 1161 834 983 964 738 1124 486 877 1194 844 1093 772 1367 632 1747 433 580 764 471 4368 1256 2312 623 5735 968 7759 758 622
internal_value=2.86749e-05 0.00191307 -0.00177035 -0.00272322 -0.000292884 -0.00409759 0.00309901 0.000239092 -0.00512779 -0.00226025 0.000612477 0.0020943 -0.00313741 0.00213207 0.00408108 0.000785048 -0.0069761 -0.0060213 -0.000474603 0.000268839 -0.00168143 -0.000392973 0.000612089 0.00306311 -0.00134674 -0.000762282 -0.00225845 -3.13631e-06 0.000583245 -0.00053147 0.00233078 0.000459743 0.00464806 -3.56577e-05 0.00193071 0.00318238 -0.00245176 0.00403437 0.00320026 0.00420796 0.00178601 0.00201354 0.00212414 0.00306905 0.00322194 0.000808304 -0.00108681 -0.000956091 -0.0011167 -0.00208348 -0.00264842 -1.73559e-05 -0.0109165 -0.00189612 -0.000536548 0.00128679 -0.00373677 -0.00421992 -0.000851214 -9.66174e-05 -0.00163393 0.00331408 0.00433488 0.000375416 0.00281238 -0.000942948 0.00316022 0.00512094 0.00298665 0.000288232 -0.00140111 -0.00740099 0.00628399 0.000607033 0.00189423 -0.0022038 -0.00368541 -0.00457321 -0.00182335 -0.00402455 0.0016246 0.000777736 -0.000812658 -0.00243957 0.00511945 0.00533969 0.00642332 0.00738345 -0.00815483 -0.00586754 -0.00362632 -0.000539724 0.00190207 0.000501986 0.00299988 0.000292723 -0.00152123 -0.00304742 0.00182964 0.00111377 0.00382311 -0.000662948 0.00143908 -0.00128585 -0.00243669 -3.22359e-05 -0.0037741 0.000379832 -0.00101131 0.000149449 0.00187518 0.00164389 0.000700672 0.0011247 -0.00275386 -0.00232808 0.00180428 0.00275781 -0.00477889 -0.0054496 -0.0029052 -0.00240506 0.00585368 0.00539594 0.00173889 0.0029512
internal_weight=45648.1 22294.5 23353.7 14187.1 9166.58 7079.24 13039.5 9254.94 4776.69 2879.49 6287.1 6476.43 2393.54 2523.08 6563.1 2981.3 2016.7 1664.05 6731.86 4175.3 2556.56 1570.64 1417.17 3356.33 7107.85 5043.75 467.186 5103.16 3906.8 2393.78 1513.02 850.372 662.648 2246.55 700.394 589.404 479.368 1105.91 3495.13 2111.4 2047.49 485.941 1369.84 1108.86 1183.94 515.612 391.899 4900.76 4792.76 2540.61 2291.88 2252.15 352.653 1196.35 309.97 1895.54 2759.99 2433.78 412.225 326.215 1424.13 3244.38 1899.65 350.872 240.736 1288.92 995.946 3206.76 845.515 383.285 933.808 1184.68 535.163 379.942 393.475 895.449 985.921 834.182 260.977 556.944 1383.73 1144.82 744.478 537.71 462.23 1398.64 1002.56 849.878 1031.21 544.628 376.909 264.233 712.764 544.82 374.124 1447.4 647.713 468.475 1344.72 1169.56 454.082 715.474 425.343 789.456 621.714 340.729 436.967 2136.31 1018.93 807.949 534.719 1117.38 939.655 240.464 2064.1 1919.12 1722.32 1209.45 1002.95 891.955 1728.13 1589.39 2361.25 2180.65 781.67 592.189
internal_count=182629 89204 93425 56754 36671 28321 52179 37025 19110 11519 25152 25914 9575 10095 26265 11928 8069 6658 26930 16703 10227 6283 5670 13431 28433 20176 1869 20415 15629 9576 6053 3402 2651 8987 2802 2358 1918 4425 13986 8449 8192 1944 5480 4436 4737 2063 1568 19604 19172 10163 9168 9009 1411 4786 1240 7584 11041 9736 1649 1305 5697 12983 7602 1404 963 5156 3985 12834 3384 1534 3736 4740 2141 1520 1574 3582 3944 3337 1044 2228 5537 4581 2979 2151 1850 5597 4012 3401 4126 2179 1508 1057 2852 2180 1497 5790 2591 1874 5381 4680 1817 2863 1702 3158 2487 1363 1748 8546 4076 3232 2139 4470 3759 962 8257 7677 6891 4839 4012 3568 6913 6358 9450 8727 3127 2369
is_linear=0
shrinkage=0.02


Tree=9
num_leaves=127
num_cat=0
split_feature=9 15 123 146 15 231 231 70 53 218 7 148 127 225 111 74 197 231 231 62 188 34 231 109 211 81 222 152 184 26 34 62 220 148 236 191 188 152 152 224 9 231 70 76 195 218 226 116 177 146 111 137 77 136 154 9 80 98 231 231 231 0 70 224 34 77 204 220 176 225 5 154 81 222 74 62 215 118 146 226 218 231 39 153 231 77 74 231 107 63 72 176 231 116 26 62 143 231 19 177 155 224 95 188 217 215 98 40 154 53 30 153 154 231 152 74 231 201 1 146 80 118 159 153 137 226
split_gain=441.473 73.169 59.1854 51.6175 45.5526 43.0928 152.333 40.5141 36.5777 28.3295 26.8303 21.928 21.0945 18.9449 18.6012 18.3793 17.7742 17.3059 40.6698 27.1741 21.5787 18.8365 17.2704 20.0794 20.2325 19.1745 17.0616 22.2569 18.359 16.9917 16.4691 16.2287 15.8179 15.8577 15.4486 19.3519 15.4282 15.1724 15.1361 15.4245 15.0849 14.5853 17.5203 14.4624 20.654 20.1341 15.4655 17.0782 14.6859 14.3549 14.054 14.0341 18.4332 14.0238 18.5043 13.9367 13.6412 13.7359 20.6612 13.3366 20.146 13.1205 13.8509 14.1483 16.0816 13.1091 12.9009 20.24 14.3501 12.643 12.6428 12.5292 12.4198 12.4022 14.2289 17.2409 15.917 14.3756 19.5322 13.7344 13.3326 13.2991 12.9092 12.2881 12.2207 15.7031 12.1279 12.122 23.2377 23.041 14.686 15.6375 12.5331 12.1148 13.738 11.7878 11.7501 13.6554 11.7461 11.7226 13.8681 19.1367 15.6159 12.3739 12.7616 11.7029 11.6367 11.6352 11.5746 11.5698 11.3662 11.2225 11.1067 11.029 10.984 10.7714 10.671 10.9841 13.1472 10.966 12.987 12.6043 11.2145 10.61 10.5886 10.5737
threshold=-1.442299026166438e-05 0.1182755045592785 0.00037882383912801748 0.20948448777198794 -0.35296985507011408 -0.0065449222456663838 -0.56099891662597645 0.73481547832489025 0.33501020073890692 0.0067272372543811807 -3.4118935218430117e-05 0.0085958270356059092 -2.4935211513366081e-05 -0.00086229940643534053 0.00012443223386071625 -0.25351218879222864 0.0029413785086944704 0.02835773024708033 -0.61737772822380055 0.00036192013067193335 -0.019780187867581841 0.00030150332895573234 -0.22282424569129941 -0.0030932698864489789 -0.13758529722690579 -0.00066455491469241668 0.11352743208408357 0.00055331035400740813 0.172615721821785 0.65012314915657055 0.00036324387474451219 0.00014956641098251569 -0.0044899126514792434 0.0010193771449849012 1.5134515762329104 -0.0060609607025980941 -0.36311168968677515 -4.7007186367409297e-05 -0.00075020245276391495 0.016097968444228176 -0.00019575003534555432 -0.88396760821342457 0.10861175134778024 0.00015498496941290799 0.003545930609107018 0.014937349129468204 0.10086794942617418 0.00035659702552948152 0.0011851484887301924 0.19692786782979968 -2.7207415769225914e-05 0.0004289777134545148 -0.00024922941520344461 0.0024947202764451508 -0.0025979907950386401 -0.00013247680908534673 -0.0039841493126004926 0.0013773501268588009 0.18437977880239489 0.47523921728134161 0.33996844291687017 0.00024687276163604116 0.67671462893486034 0.017503895796835426 0.0011259271996095779 -7.2513925260864185e-05 -0.0018671037396416066 -0.011756695806980131 0.0016705637099221351 -0.00045581145968753839 3.5284681871416985e-05 9.8474803962744786e-05 0.00057437137002125393 0.20900142192840579 -0.091252386569976793 0.00029268836078699684 0.0023824488744139676 0.0016521762590855362 0.735253006219864 -0.028929535299539563 0.0082366256974637526 0.19722913205623629 -0.00043439846194814885 -6.177394607220775e-05 -0.44032992422580713 -9.0592977358028279e-05 -0.10210528597235678 -0.023995916359126564 0.0044053313322365293 0.00044925149995833641 0.0028943608049303298 0.0010707550100050869 -0.56820151209831227 -0.0014741644845344124 0.92047831416130077 0.00013664699508808556 0.85344478487968456 -0.73283809423446644 2.3788667931512467e-05 0.0021991900866851215 -0.0015531674143858252 0.009211167227476837 -5.4143822126206935e-05 -0.20494126528501508 -0.0073776433710008851 0.004949600202962757 0.0035599105758592491 -0.0002446571306791156 0.00094947029720060538 -0.076910462230443941 -0.00046213543100748206 0.0010684001026675107 0.00057520615519024443 0.2861058115959168 0.00016972096636891368 0.043832780793309219 0.47523921728134161 -0.009209423325955866 0.00024766709248069679 0.71988561749458324 0.00033215653093066072 -0.0021835286170244213 -0.0026109616737812753 0.0007113102765288205 0.00085379881784319888 0.089267134666442885
decision_type=2 2 2 8 2 2 2 8 2 10 2 8 2 8 8 8 8 2 2 10 10 2 2 10 10 2 10 10 8 2 2 10 8 10 10 8 10 10 10 8 2 2 8 2 8 8 10 10 2 10 10 10 2 10 10 2 8 10 2 2 2 2 10 10 2 2 10 10 10 10 2 10 2 10 10 10 10 10 10 10 10 2 2 10 2 2 10 2 10 2 10 8 2 10 2 10 10 2 2 2 10 10 2 10 8 10 10 2 10 2 2 10 10 2 10 10 2 10 2 10 8 10 2 10 10 10
left_child=2 3 10 36 9 6 26 13 43 -4 14 51 32 -8 17 40 114 18 21 56 49 -1 38 25 71 -24 27 28 93 -10 95 -32 33 110 35 -5 -2 -11 -20 111 -13 -18 -43 44 48 46 105 -48 86 -21 115 52 55 -38 -55 -6 -19 58 -58 60 -60 62 63 64 84 -54 67 69 70 -28 -68 -25 -31 81 76 77 -75 78 79 -76 108 -53 -77 -69 85 -37 -7 89 -89 90 91 92 -64 -3 -95 -15 -91 -98 -70 100 -59 103 -103 -102 -105 -45 -87 -34 -79 113 -12 -40 -16 -78 -17 -23 119 -118 -119 120 121 122 -50 -111 -52 -93
right_child=1 5 4 34 11 8 7 -9 29 37 12 15 -14 30 112 16 41 19 22 20 -22 50 23 24 -26 -27 66 -29 -30 72 31 -33 107 -35 -36 61 53 -39 39 -41 -42 42 -44 45 -46 -47 47 -49 116 -51 124 73 65 54 -56 -57 57 99 59 -61 -62 -63 87 -65 -66 -67 68 83 98 -71 -72 -73 -74 74 75 82 109 80 -80 -81 -82 -83 -84 -85 -86 106 -88 88 -90 96 -92 125 -94 94 -96 -97 97 -99 -100 -101 101 102 -104 104 -106 -107 -108 -109 -110 123 -112 -113 -114 -115 -116 -117 117 118 -120 -121 -122 -123 -124 -125 -126 -127
leaf_value=0.0036793207444078884 -0.0036425926248560936 0.0048832204346293609 -0.00088360246076864366 0.0043592968700875258 -0.0014002310150863107 0.0009912260493408463 0.0013893286995212953 -0.010111465901657022 -0.00090844953823068179 0.0083847855726810749 0.0070854300842663389 0.0049198242235183876 -0.0023641854681251575 -0.0044679697361370927 -0.0052595529991659598 -0.0020851572394653762 0.0010725985550560295 -0.0051216687744499324 0.0030206488281373785 0.0053536708306340516 0.0084148704348704743 0.0034399202227958156 0.0068096036878924982 0.015433637010020285 0.001440707806979544 -0.00046579094672700918 -0.0030852994002183781 -0.0042019207165626829 0.0069719760944321361 -0.001497836620397177 -0.011130509154731474 -0.0055688660860542553 0.0018803371496538522 -0.00022492180590865312 0.0020122687338002421 -0.0031364228794871734 -0.0024696581519542816 0.0032273142740340964 0.01040100130103527 0.0038531610748490553 -0.0016157061363254312 0.0013918348350039514 -0.0054804811158420787 -0.00080933364834194304 -0.0050054208974446767 0.0036601192727643219 -0.0078255414704092047 0.00035560862727955749 0.0012380512424837447 -0.00051225157598021385 0.0010101423266029696 -0.0042146213811668299 0.0044467570157377973 0.00089138911772026867 0.0053195282076240868 -0.0086102370293042688 0.0049925988347206025 0.0046408553959618798 -0.00029090131194648008 0.0016429498017746663 -0.0096798195260869614 -0.0076343666905405293 -0.0028095881570592706 -0.0027868280877880627 0.0053136182915342048 -0.00096094146724004699 0.00092165603164476306 -0.0027405165400267166 0.0058000047705251178 0.0029281294943611915 -0.0025949569378436077 0.005457037284273083 -0.0079012590237613339 0.0096499732439035285 -0.0036760612183361382 -0.0004504085207587507 0.0053445918787465027 0.0028260384244192566 -0.0082505077904564145 0.0045524079031043661 0.0037803323433464237 0.0031181219717036925 0.0058297068256649986 -0.008315274999904216 -0.0017079360715738024 0.0044215226655244097 -0.0054510268345421336 0.00016088963513625671 -0.0066647070175850079 -0.002650669186007152 -0.0082835075783041449 -0.002072507281258535 -0.0075709212714233001 0.0010449815946065133 -0.0073072558373860029 0.0035792443832151923 0.0055602451652554917 -0.00267708542733546 -0.0011317490083405271 -0.0030392833434578627 -0.00095296230754847097 0.00098954668429414023 -0.0069612687906176951 0.0016768851123379392 0.0092423624499866023 -0.0059348442284909023 -0.001326557815230717 0.0087124970044414139 -0.0039982603315258268 -0.0012999460150811921 0.0018672162073666259 0.0027230711651453853 0.0015204770030445049 -0.00071972114279801093 0.0039347869556350485 -0.0017095813583530622 -0.00012884278054462459 0.0085234046526169536 0.0014279047249389791 -0.0034867165800326234 0.0055868931502329622 0.0030370344489280467 -0.0069676135446672706 0.0029850856112744379 -0.0064999467594295483 0.0047857564801115898
leaf_weight=2248.607982262969 140.47261701524258 129.97929798066616 333.33461156487465 195.2309622168541 299.15955179929733 243.97667932510376 146.98491944372654 1221.7340962141752 317.95556433498859 464.46845142543316 212.13873288035393 265.94387328624725 535.44711382687092 153.72604367136955 131.47637206315994 223.21280036866665 218.22499543428421 105.68985591828823 284.57229308784008 335.97735203802586 440.19667673110962 496.52138078212738 187.63470795750618 111.17870643734932 155.42453517019749 472.03097000718117 401.72497834265232 244.47932542860508 228.7266079634428 167.20906393229961 273.17549552023411 1257.5055608004332 209.1932158023119 1258.2116252034903 499.21418713033199 213.23561452329159 161.98052966594696 509.55799272656441 844.96387630701065 274.12069495022297 264.4804510474205 165.95583288371563 977.13347725570202 1479.341926574707 224.73667246103287 227.47811657190323 335.9717873185873 140.73012238740921 114.74196539819241 308.10824444890022 123.96400241553783 277.20452181994915 249.4546906799078 657.87907299399376 896.56094971299171 156.23830218613148 167.6739307641983 906.81437237560749 188.68364268541336 177.1846839338541 159.69464540481567 129.73890727758408 552.47565618157387 838.69144882261753 204.47932142019272 520.41643594205379 480.96926805377007 292.98401795327663 162.98923172056675 190.73689536750317 2412.3464937657118 138.68954236805439 554.80530427396297 117.22997707128525 168.95701672136784 208.45439115166664 625.08252136409283 139.46691538393497 182.46773542463779 122.2218062877655 329.94228748977184 130.98083147406578 320.1888289898634 413.71442490816116 1117.6743696480989 495.20734523236752 195.73318891227245 1215.9276330024004 218.47044868767262 319.97919687628746 322.96908284723759 332.96936982870102 399.45508202910423 209.98360452055931 102.24233488738537 106.49009236693382 200.989312723279 111.47609163820744 198.4880727827549 126.45427079498768 162.1804813593626 237.61481291055679 144.20334047079086 189.43198694288731 169.16571168601513 184.23437941074371 183.23615883290768 198.68879340589046 250.96501469612122 440.67514929175377 682.43621046841145 102.20387449860573 249.94293987751007 141.96318933367729 223.71982477605343 222.39942193031311 177.48708657920361 252.4867676794529 184.74005383253098 181.23660324513912 220.72836960852146 235.98356004059315 123.49067023396492 447.19186995923519 153.71351926028728 100.74239839613438
leaf_count=8999 562 520 1334 781 1197 976 588 4889 1272 1859 849 1064 2142 615 526 893 873 423 1139 1345 1762 1987 751 445 622 1889 1607 978 915 669 1093 5031 837 5034 1997 853 648 2039 3382 1097 1058 664 3909 5918 899 910 1344 563 459 1233 496 1109 998 2632 3587 625 671 3629 755 709 639 519 2210 3355 818 2082 1924 1172 652 763 9650 555 2220 469 676 834 2501 558 730 489 1320 524 1281 1655 4471 1981 783 4864 874 1280 1292 1332 1598 840 409 426 804 446 794 506 649 951 577 758 677 737 733 795 1004 1763 2731 409 1000 568 895 890 710 1010 739 725 883 944 494 1789 615 403
internal_value=-7.48359e-05 -0.00196536 0.00197232 -0.000605959 0.000698668 -0.00287406 -0.00375845 -0.00724134 -0.00149372 0.00411268 0.00282221 9.1531e-05 0.00118481 -0.00534706 0.00332497 -0.00150569 -0.0024606 0.00349632 0.00418713 0.00242797 0.00508041 0.0026723 0.00606394 0.00398909 0.00739085 0.0017431 -0.00172735 0.000750739 0.00262482 -0.00483892 -0.00590918 -0.00669219 0.00193949 0.00122833 -0.00133211 -0.00157048 0.00236879 0.0058059 0.00745976 0.00842879 0.00172078 -0.00358386 -0.00447597 -0.000706665 0.000477089 -0.00177919 -0.00238584 -0.00549326 0.00116007 0.0026167 0.000372503 0.00082294 -0.00103227 0.00289705 0.00348056 -0.00413201 0.00134709 0.00164384 -0.000755952 -0.00270574 -0.0048866 -0.00174889 -0.00161508 -0.000607459 0.000235735 0.000859496 -0.00222659 -0.00390269 -0.00153782 -0.00111694 -0.00200806 0.0107109 -0.00649865 0.00140764 0.00179356 0.000489391 0.0030417 -0.000846327 -0.00347947 -0.000151572 0.00093219 -0.00182591 0.00342719 -0.00614312 -0.000328284 0.00140057 -0.00198888 -0.00242228 -0.000956057 -0.00330494 -0.0045 -0.00351282 -0.00492225 0.000171903 -0.00196531 -0.00115434 -3.7383e-05 0.00263721 0.00213398 0.00250215 0.00291842 0.00112485 -0.00221031 0.00356139 0.00554555 -0.00144072 0.00287553 0.00546012 -0.00154162 0.00246394 0.00323254 0.00964596 -0.000962226 0.00423245 0.000967696 0.00184376 0.00210283 0.00407966 0.00571897 0.000655815 0.00180347 -0.000112378 -0.00322566 0.00087651 -0.0033046 -0.000338735
internal_weight=45588 23701.1 21886.9 9509.06 8774.29 14192 8628.98 3159.62 5563.07 1307.36 13112.6 7466.93 3096.12 1937.88 10016.5 2338.67 1808.25 9635.1 5816.03 3819.07 1084.28 3245.21 2570.82 1064.96 405.293 659.666 5469.36 915.411 670.932 1039.97 1790.9 1530.68 2560.67 2152.79 7652.16 7152.95 1856.89 974.026 1505.86 1221.29 530.424 1361.31 1143.09 4523.1 2155.34 2367.76 2140.28 476.702 1930.6 644.086 996.598 5128.26 1225.27 1716.42 1554.44 455.398 2734.79 2629.1 693.237 525.563 348.378 6957.72 6827.98 3052.52 2213.83 769.871 4553.95 1299.16 3254.79 592.462 2893.32 249.868 722.014 3902.99 3494.81 1722.66 1772.14 1194.02 473.647 291.179 720.374 408.185 528.643 706.698 2009.35 891.679 439.71 3775.45 1434.4 2341.06 1708.61 1385.64 951.931 442.205 312.226 260.216 632.445 312.465 361.477 1935.86 1809.41 902.596 381.818 520.778 358.598 1663.58 678.444 407.882 390.432 1654.91 894.575 947.168 381.419 767.046 446.933 718.921 1490.9 614.714 437.227 876.181 694.945 474.216 238.233 887.867 277.678 433.712
internal_count=182395 94816 87579 38040 35105 56776 34521 12642 22255 5232 52474 29873 12388 7753 40086 9356 7234 38560 23276 15284 4340 12987 10289 4262 1622 2640 21879 3662 2684 4161 7165 6124 10246 8614 30611 28614 7429 3898 6027 4888 2122 5446 4573 18094 8622 9472 8562 1907 7723 2578 3988 20517 4902 6867 6219 1822 10944 10521 2774 2103 1394 27833 27314 12211 8856 3080 18217 5197 13020 2370 11574 1000 2889 15615 13982 6892 7090 4777 1895 1165 2882 1633 2115 2827 8038 3567 1759 15103 5738 9365 6835 5543 3808 1769 1249 1041 2530 1250 1446 7747 7241 3612 1528 2084 1435 6655 2714 1632 1562 6621 3580 3791 1526 3069 1788 2877 5964 2459 1749 3505 2780 1897 953 3552 1111 1735
is_linear=0
shrinkage=0.02


Tree=10
num_leaves=127
num_cat=0
split_feature=9 230 9 129 230 62 184 9 153 29 2 156 27 230 142 9 63 62 71 236 22 187 230 226 194 230 197 191 146 194 81 104 222 74 76 47 230 194 214 236 125 217 167 144 144 140 199 149 45 89 222 63 175 226 222 236 80 144 76 23 116 95 186 111 85 183 95 171 74 111 136 106 65 192 74 80 65 154 226 145 230 197 99 230 125 71 192 23 100 142 195 152 186 220 29 214 186 226 152 95 167 115 209 220 173 226 40 140 26 33 140 220 40 226 185 201 236 230 236 9 22 27 108 4 2 152
split_gain=401.484 94.8545 91.3485 49.6003 38.9769 34.1928 32.8447 32.6748 28.4991 26.4798 24.8379 20.734 21.0659 19.5144 18.9986 21.3922 19.2979 18.7547 18.3825 17.6831 18.5041 17.3631 16.9495 16.2521 29.2666 16.9419 16.9414 16.2095 15.607 15.3602 19.2721 15.3343 15.1582 15.2087 15.1374 18.9597 14.0455 14.0214 14.0014 13.8071 13.645 23.4834 17.1453 13.587 16.793 14.8235 13.4613 20.7225 15.7731 14.2734 13.4488 13.4346 13.5045 13.4098 13.4077 13.388 13.3483 14.4136 13.4846 13.2612 13.1011 18.1192 13.0511 12.9851 12.923 12.8983 12.8566 12.7509 12.6204 12.6127 12.5192 12.4863 14.4471 17.5166 12.3631 12.2146 12.1049 12.073 13.3178 21.5548 11.9722 14.4786 11.8901 18.1577 19.8961 13.0116 11.835 12.4615 11.7505 12.2324 12.5778 16.9498 11.7439 12.2791 26.5938 11.8401 15.9121 13.2908 14.0064 11.681 11.6701 11.6184 11.5375 12.4122 11.5161 13.2886 11.5072 11.3922 12.2937 11.318 11.2918 11.2165 11.1784 11.9383 11.8265 11.1653 11.0722 16.5619 11.0071 12.7063 12.3989 14.8517 10.9138 10.7624 10.6874 12.7144
threshold=7.7242639235919355e-05 -0.85149618983268727 -0.00019575003534555432 -0.0075703002512454978 -0.9993099272251128 0.00013078150368528443 0.87980124354362499 0.00024541004677303141 0.0001297075432376005 0.69665583968162548 0.00015553460252704102 0.013756157830357553 -0.0003637601039372384 -0.97287458181381214 0.0015809774631634357 -0.00076934995013289143 0.00022258087847149002 0.00021920875587966296 -0.001273469708394259 -0.34904107451438898 0.00078337767627090227 -4.1336068534292274e-05 -0.97859653830528248 -0.13448069989681241 0.0034512768033891921 -0.19722913205623624 0.0029884062241762881 0.00077483340282924484 0.25603760778903967 0.010796797927469017 -0.00031601243244949723 0.0021260692737996583 0.96147552132606517 -0.041966697201132767 0.0013372919638641181 0.0015615111915394666 -0.99771150946617115 0.013653916306793691 0.0023697610013186936 1.2496041655540469 -0.0071297676768153897 -0.012880015186965464 0.0092500071041286009 -0.0027461657300591464 -0.0022956406464800234 0.91557729244232189 -0.015211998950690029 -6.0841770391562015e-05 0.00082591525278985511 2.3257868633663751e-05 0.044476376846432693 0.00032659000135026878 0.0011491313343867662 0.069405492395162596 0.84214338660240184 -0.32259796559810633 -0.00048487645108252758 -0.0033533025998622175 0.00015105956845218318 7.0641290221828981e-05 -9.7537755209486918e-05 3.0672643333673484e-05 0.0019044402288272979 1.0000000180025095e-35 -0.00076599299791268994 0.008826465345919134 1.7616812328924428e-05 0.00067189513356424879 -0.049077494069933884 0.00011376896873116495 0.0025225252611562614 -0.0018292486201971767 -0.00072792309219948937 0.00062146832351572822 -0.38784620165824885 -0.0021861718269065018 -0.00099372520344331839 -0.00082194164860993613 -0.034211402758955949 0.0008470810134895147 -0.98734235763549794 -0.00090264226309955109 0.0011099593830294909 -0.79994463920593251 -0.00022748382616555316 -0.003012569271959364 0.00029118134989403194 0.00012411683565005663 0.0005417336360551418 0.00051205101772211503 9.2027828941354542e-05 -0.00037161161890253419 0.0022911771666258578 -0.0031619176734238859 0.59304159879684459 0.0020480249077081685 0.0053570175077766189 -0.0019741076976060863 7.5458159699337571e-05 4.5332055833569038e-06 0.33500261604785925 -0.00010221116826869546 0.00059088473790325235 -0.015039272140711544 0.39439859986305242 0.035330383107066161 -0.00098507781513035276 0.78623023629188549 0.77051985263824474 -0.0002753978624241426 0.15398718416690829 -0.0064301253296434871 0.00049574839067645382 -0.060285009443759911 -0.0031623628456145521 -0.015256486367434261 0.71213683485984813 -0.98592084646224964 -0.27751207351684565 -0.00051657744916155923 0.0013576766941696408 -0.00035609251062851394 0.35948540270328527 0.00016901981143746528 0.00035181469866074627 -0.00058303662808611978
decision_type=2 2 2 2 2 10 8 2 8 2 2 10 2 2 10 2 2 10 8 10 2 10 2 10 8 2 8 8 10 10 2 8 8 10 2 2 2 10 10 10 2 10 2 10 10 10 10 10 2 2 10 2 10 10 10 10 10 10 2 2 8 2 8 10 2 8 2 2 10 10 8 10 2 10 10 10 2 10 10 10 2 10 10 2 2 10 8 2 10 8 10 10 10 10 2 10 10 10 10 2 2 10 10 10 10 10 2 10 2 2 10 10 2 10 8 10 10 2 10 2 2 2 10 2 2 10
left_child=2 5 4 10 -1 70 14 19 9 -3 13 12 -5 27 15 39 -17 56 50 60 -21 40 36 24 -23 -25 -26 28 122 30 68 86 33 55 35 46 -14 51 43 -6 -10 -42 59 99 63 67 -20 48 49 -48 -9 -8 65 69 -28 66 88 62 -59 -43 61 111 -58 -45 -30 -53 106 71 -19 -40 123 -46 73 -73 -38 -31 -75 78 102 -80 81 -62 85 -84 -85 -16 87 -32 89 90 91 -15 -74 95 -95 96 97 98 -94 -24 -39 -102 103 -35 -76 -106 -18 -44 -109 -61 -79 -7 113 114 -49 -108 117 -114 119 -87 121 -120 -4 -2 125 -52
right_child=1 8 3 11 6 7 37 18 21 -11 -12 -13 22 17 82 16 32 29 34 20 -22 23 38 25 26 -27 54 -29 64 75 31 -33 -34 77 -36 -37 74 100 53 -41 41 42 107 44 45 -47 47 112 -50 -51 124 52 -54 -55 -56 -57 57 58 -60 109 80 -63 -64 -65 -66 -67 -68 -69 -70 -71 -72 72 92 76 104 -77 -78 110 79 -81 -82 -83 83 84 -86 118 -88 -89 -90 -91 -92 -93 93 94 -96 -97 -98 -99 -100 -101 101 -103 -104 -105 105 -107 115 108 -110 -111 -112 -113 116 -115 -116 -117 -118 -119 120 -121 -122 -123 -124 -125 -126 -127
leaf_value=0.0090404150805698993 0.0008313452690858229 0.0025164957863892442 0.00014144527205659109 0.0014902056746306811 0.0072506205589710658 -0.005871417167748162 0.0042981426612944927 0.0038701175419835806 -0.0063581348155742337 -0.00079774444317042698 -0.00095638914695032569 -0.0076631159260790232 -5.2789647191646458e-05 -0.0032280995342104995 0.0049421929568896341 0.0070546081323909363 0.00070440188807575671 0.0062656988791073851 0.0010494846748686872 -0.0018411759076119769 0.0026879695217750204 -0.004054813152167068 0.0077429629640999352 -0.0046044295324256888 0.0073237529975139735 0.0010691958977074661 -0.0050920393958588999 0.0055050057037274412 -0.0088732277280863473 -0.0078947957557936356 -0.0033769170540133681 0.0048685309122153938 -0.0034141641611591458 0.00088929002174377892 0.00043129003650098732 -0.010014611895637194 0.0013176398019066147 -0.006404370068328568 -0.0024661758457511103 0.0021845438575246599 0.0042489537861864291 0.0012373170880198795 0.0062709298087338947 -0.0099359739567407464 0.0054980904428724754 -0.0039168643360131981 -0.0063387766212443884 -0.0029595238099805548 -0.0013046655063331828 -0.013339277554669141 0.0029779561671109569 0.00020471581324908172 0.0021705835475076245 -0.0055671999699456231 0.0024744398588422774 0.0026371244115227506 0.0035387145913826257 0.0050361856125969605 -0.0018608505901504028 -0.0011836654493993543 0.0039468990570589889 0.0049613078448311797 -0.0043583320572927733 -0.00062593888572287204 -0.0014714084572170108 -0.0076065630109700836 0.00097764861584328307 -0.0054146862657386474 0.0011084388275004386 0.0029143755782156965 -0.010170859296731352 0.003552451591937106 -0.0043239944737387421 0.0003549008227614884 -0.0024762546690562455 0.0010256879773205068 -0.0078176880626191787 -0.0044469479200161619 -0.0029564215178247539 0.0048677553052997417 -0.0067228788621784639 -0.0057791085417219761 0.003630446304924173 -0.0086082336911759809 0.0020204996371170464 0.0071568665574816984 0.0036098922691673429 0.001836049580607469 0.0012211231303166782 0.0075421180775464367 0.0078838550767187741 0.004557620961447845 -0.00014647287106427323 0.0019486420578812395 -0.0057435385480564902 -0.00062821469379602496 0.0086236035606788528 -0.0026664678477261285 0.0084862154127653463 -0.00069681395052238412 0.0044120681452738345 -0.0034263634976433185 -0.00089742243815901595 0.0081516048413023019 -0.010319507603722189 -0.0025167906481645438 0.00085155130774175795 0.0027956685257442227 -0.0041690752086688872 -0.0061904401025002333 0.00094602018946556064 0.00017995387178575199 -0.0018713390114660745 -0.004593867141199701 0.0036823956430976526 0.0081482426580446292 -0.0020136792574631927 -0.0089740669090146059 0.0028229103274992951 0.0020219309592134247 -0.002571879250716841 -0.0019955471612394253 0.0065613601240409672 -0.0070372788529053723 -0.0053708187904843172 -0.0033837698415089225
leaf_weight=372.01635859906673 102.22167545557022 1297.1134107857943 725.48183751106262 1660.0424394756556 917.12367953360081 249.22578333318233 332.64205724000931 109.23524399101734 130.48430237174034 3579.9499056637287 1228.2536143809557 144.72851863503456 418.70134855806828 166.41114476323128 579.9709175080061 435.68404369056225 126.1818373799324 488.81555105745792 129.97545684874058 1333.5597077161074 472.70447918772697 572.68247321248055 146.98020100593567 1860.2897704392672 162.7335170507431 229.48441614210606 121.48775699734688 178.21090304851532 106.9791164547205 101.22834466397762 566.56051078438759 222.1980247348547 141.1931618899107 135.42371307313442 164.17811426520348 368.57553827762604 117.98534925282001 199.44243574142456 573.95010374486446 308.23847424983978 374.70871962606907 241.97345772385597 134.73892267048359 99.985685914754868 204.97101673483849 291.72315338253975 340.90518914163113 207.44054055213928 115.70107752084732 245.64084367454052 182.22862623631954 182.44954900443554 343.66983224451542 342.97135378420353 257.22778701782227 1718.781027123332 116.19606031477451 531.82969655096531 131.46675989031792 330.22617842257023 102.23786127567291 123.98476561903954 201.44366027414799 125.48361666500568 411.66076771914959 135.9738685041666 217.86146718263626 110.74098065495491 318.88960260152817 227.73379345238209 439.07428562641144 113.49084775149822 120.23160117864609 105.74211721122265 333.71002225577831 116.22724650800228 199.48581932485104 185.14597012102604 300.31161616742611 231.61831380426884 584.38276809453964 103.47656765580177 168.93221229314804 153.9433067291975 107.72611472010612 229.88271149992943 183.96140712499619 251.66898600757122 282.65322451293468 734.16072589159012 164.4423860758543 264.35184660553932 137.23310816287994 732.42003662884235 216.2295655310154 217.22973854839802 237.97835931181908 138.23565584421158 144.48833236098289 102.9874819368124 109.22178994119167 162.47874934971333 107.70070560276508 334.53649391233921 254.22151613235474 151.98329541087151 100.19467341899872 218.73381306231022 156.22749817371368 411.70311826467514 620.68332004547119 222.72164802253246 196.17703698575497 428.37202724814415 182.94245934486389 722.07685336470604 267.66801126301289 472.34323528409004 919.35135957598686 979.90141934156418 365.59955121576786 335.38848987221718 104.21864855289459 174.43440654873848 415.92207799851894 315.44435147941113
leaf_count=1489 409 5189 2903 6641 3672 997 1331 437 522 14321 4914 579 1675 666 2321 1744 505 1956 520 5335 1891 2291 588 7442 651 918 486 713 428 405 2267 889 565 542 657 1475 472 798 2296 1234 1499 968 539 400 820 1167 1364 830 463 983 729 730 1375 1372 1029 6879 465 2128 526 1321 409 496 806 502 1647 544 872 443 1276 911 1757 454 481 423 1335 465 798 741 1202 927 2338 414 676 616 431 920 736 1007 1131 2938 658 1058 549 2930 865 869 952 553 578 412 437 650 431 1339 1017 608 401 875 625 1647 2484 891 785 1714 732 2890 1071 1890 3679 3921 1463 1342 417 698 1664 1262
internal_value=5.11237e-06 -0.00230474 0.00152577 0.000491741 0.00280844 -0.00392095 0.00259894 -0.00349546 -0.00100865 9.03951e-05 0.00163519 -0.000641934 -0.00048698 0.0021364 0.00299175 0.0036437 0.00307918 0.00275574 -0.00466625 -0.00195648 -0.000639429 -0.0020353 -0.00104959 -0.00294373 -0.000969375 -0.00397716 0.00232224 0.000161505 -0.000614888 0.00140109 0.00194786 0.000348331 0.00270166 0.00289496 -0.00543023 -0.00575653 -0.00306948 -0.000202165 -0.000476959 0.0060318 -0.000564429 -9.6736e-05 -0.0012287 0.000162916 -0.000199838 0.000214241 -0.00507774 -0.0054077 -0.00831876 -0.0096137 -0.00227644 0.00114325 -0.000521343 -0.00237283 -8.6472e-05 0.0038105 0.00391127 0.00201221 0.00365472 -0.0027521 -0.00363934 -0.00133571 -0.00143101 -0.00522769 -0.00327095 -0.00338328 0.00546608 0.000689871 0.00430555 -0.000903993 -0.00806798 0.000992962 0.000559271 -0.00272846 -0.00450705 -0.0034421 -0.00513869 0.0014908 0.00282536 0.000503398 -0.00530099 -0.00102397 0.00185788 -0.00122806 -0.00439975 0.00225244 -0.000729501 -0.00176797 0.00502805 0.00580739 0.00349206 0.00154009 0.00128797 0.00170082 0.000112945 0.00338105 0.00468426 0.0021614 0.00455007 0.00447173 -0.00297366 -0.000188903 0.0048751 0.00618062 -0.00544607 -0.00765519 0.0064556 0.00170487 -0.000170359 -0.00405153 -0.000370747 -0.00312444 -0.00416221 -0.00236727 0.000180804 0.00730047 -0.00564965 -0.00700468 0.00167042 0.00309819 0.000579633 0.00152385 0.00108331 -0.00426986 -0.00307853 -0.0010293
internal_weight=45680.9 18130.5 27550.3 15269 12281.3 8050.77 11909.3 7335.04 10079.8 4877.06 7597.31 7671.67 7526.94 6369.06 10443.5 6602.76 5377.39 4842.51 4142.75 3192.29 1806.26 5202.7 5866.89 3203.91 1114.13 2089.77 541.449 1526.55 1348.34 2249.55 2032.09 1224.39 4941.71 4800.52 3119.92 2955.74 1276.6 1465.88 4590.29 1225.36 1998.8 1868.31 1493.6 3445.64 3195.67 2970.2 2587.17 2457.19 702.247 586.546 1022.83 994.735 662.093 1144.66 378.716 2885.1 2592.96 980.936 663.296 983.903 1386.03 595.932 317.64 225.469 518.64 318.423 1166.31 2678.48 807.705 801.684 715.73 2567.74 2362.77 418.719 857.9 217.456 305.228 1915.42 1109.59 531.93 790.097 205.714 3840.7 430.602 261.669 3410.09 1002.19 818.229 1612.02 1329.37 595.205 430.763 1944.05 1823.81 948.65 875.165 657.935 419.957 281.721 249.968 471.143 271.701 577.661 469.96 739.915 406.205 948.453 509.7 374.961 741.929 805.829 471.947 1754.94 818.755 390.383 822.272 936.188 668.52 2830.12 1209.78 1620.34 1254.74 829.7 276.656 913.595 497.673
internal_count=182774 72534 110240 61089 49151 32211 47662 29347 40323 19510 30399 30690 30111 25485 41797 26428 21522 19377 16576 12771 7226 20813 23470 12817 4457 8360 2166 6108 5395 9001 8131 4899 19778 19213 12484 11827 5107 5865 18363 4906 7996 7474 5975 13784 12784 11882 10352 9832 2810 2347 4092 3980 2649 4579 1515 11547 10376 3925 2654 3936 5545 2384 1271 902 2075 1274 4668 10715 3232 3207 2864 10272 9452 1675 3432 870 1221 7666 4441 2129 3161 823 15369 1723 1047 13646 4010 3274 6451 5320 2382 1724 7777 7296 3795 3501 2632 1680 1127 1000 1885 1087 2312 1881 2960 1625 3796 2039 1500 2968 3225 1888 7022 3276 1562 3291 3746 2675 11325 4841 6484 5021 3320 1107 3655 1991
is_linear=0
shrinkage=0.02


Tree=11
num_leaves=127
num_cat=0
split_feature=15 229 230 78 229 205 15 42 230 222 7 230 225 236 192 182 194 182 186 146 26 30 118 150 152 192 112 190 3 112 69 166 230 140 129 74 174 69 222 182 176 236 154 41 78 33 41 26 95 222 214 112 79 236 174 194 226 140 145 230 177 150 108 175 225 113 63 80 195 166 176 176 150 142 142 230 38 226 36 24 116 112 216 98 226 152 97 214 230 229 182 78 121 181 3 123 106 123 90 69 98 150 128 118 118 114 89 65 177 26 189 175 191 59 192 15 142 174 194 185 179 177 186 190 69 61
split_gain=403.517 89.1215 77.3663 54.9273 38.6572 34.9585 29.8092 26.8624 25.1839 25.1224 23.5381 25.9945 22.3362 22.2815 19.2342 18.6975 18.3951 18.2927 18.1462 17.7227 16.2861 15.7815 15.7137 15.5684 15.519 15.4928 16.8228 15.4182 18.9355 16.2869 14.9743 16.076 15.1781 14.6263 14.1529 16.4131 16.5533 15.0531 13.9929 14.9773 15.5693 13.9613 13.8469 14.3641 13.5884 17.0286 15.6169 13.5219 17.4792 16.0956 14.7393 13.2524 13.103 13.754 12.8371 12.7658 12.4548 12.0498 12.0104 16.337 13.0805 13.9428 11.9969 11.744 11.5441 11.5284 11.4835 13.2005 14.7044 14.4613 11.445 18.3685 13.4409 11.403 11.3472 12.5477 11.3233 11.187 11.1661 14.2748 13.54 14.9825 11.1577 14.0527 14.234 12.5657 16.3531 11.1268 11.0528 12.6965 13.9472 11.0374 18.0175 15.6592 14.1575 13.4732 14.9959 12.7599 10.9065 10.8872 10.813 10.7761 10.6376 11.0914 12.6846 10.6152 13.7373 19.5194 16.9972 15.6709 12.9949 12.2625 15.6554 16.6892 11.2106 11.8145 11.4136 10.6149 11.0125 14.7964 13.2006 15.527 14.5307 13.5205 13.211 14.8343
threshold=0.011785297654569151 0.074759732931852355 -0.82535797357559193 2.6824214728549126e-05 -0.11486168578267096 -0.32352681457996363 0.13456061482429507 0.00070077908458188187 -0.67074871063232411 0.027157087810337547 -0.00012172568312962538 -0.74750655889511097 -0.00031646265415474767 0.043416954576969154 0.0012222077930346133 -0.015148784499615429 0.017019689083099369 -0.0033341590315103527 0.012446316424757244 0.92000839114189159 0.64223912358284008 -0.0002379206343903206 0.0029232726665213708 -0.269757330417633 -0.00017433906759833914 0.0082381451502442377 0.0049685013946145782 -0.00068428702070377756 0.00011711374827427791 -0.018231942318379876 0.00071486280648969125 6.0601678342209204e-05 -0.71171790361404408 0.62425059080123912 -0.069844789803028093 -0.084581654518842683 0.0048721840139478454 0.0013777964632026853 0.80308446288108837 -0.0042325365357100955 0.0015868086484260859 -0.02157396916300058 -0.00032816179736983026 0.0010333938407711687 0.00076718663331121217 -0.00026120663096662605 0.00055866787442937504 0.2175039350986481 -0.00011878901204909197 0.50179263949394237 0.0032874264288693671 0.31401395797729498 -0.0017148441984318195 -1.3234810233116148 0.0032783834030851726 0.011059217154979708 -0.23979774862527845 0.79367500543594371 0.0021856694947928195 -0.17149884253740308 0.0012525556376203897 -0.17369514703750608 0.36853690445423132 0.0010396248544566335 -0.00020973256323486564 0.65000000596046459 0.00022929740225663411 6.0952310377615511e-05 0.0012482367455959322 0.0013306888868100943 0.0010083761881105604 0.0011275281431153419 -0.20969040691852567 0.00060875373310409497 0.0012612567516043784 -0.95037782192230214 -0.00021755260968348009 0.056072037667036063 0.10549330711364747 7.2296526923310025e-05 -0.00076657909085042764 -0.0052035171538591376 0.22518099099397662 0.001469307055231184 -0.019004088826477524 -0.00030346664425451303 0.36594073474407202 0.0019278205581940713 -0.87142586708068837 -0.050382286310195916 -0.0020212855888530608 2.6824214728549126e-05 0.00097550859209150087 0.5896563231945039 -0.00010609763194224796 -0.00061421821010299016 -0.0021395945223048325 0.00035656501131597912 0.0022034216672182087 0.00091560606961138557 0.0039857204537838706 0.11246630549430849 0.00077681950642727326 0.0042498086113482722 0.0054595028050243863 0.00032534569618292158 1.5344865460065197e-05 -0.00070209571276791383 0.0013632438494823875 0.16034134477376941 0.35000000894069677 0.00078152224887162458 -0.002821106580086052 -0.17004306614398954 -0.00013781897723674771 -0.038413152098655694 0.0013080122298561039 0.0045181144960224637 -0.012731262948364018 -0.010508677456527947 -0.00056788109941408027 0.0015369192115031185 0.0098666148260235804 0.0036198335001245145 0.0031861634925007824 0.00028033654962200677
decision_type=2 2 2 8 2 10 2 10 2 10 2 2 10 10 10 10 10 8 10 10 2 2 10 10 10 10 10 10 2 10 10 2 2 10 2 10 10 10 8 10 8 10 10 10 10 2 10 2 2 8 10 10 10 10 8 10 10 10 10 2 2 10 8 10 8 8 2 10 10 2 10 10 10 10 10 2 2 10 10 2 10 10 10 10 10 10 10 10 2 2 8 10 2 8 2 2 8 2 2 10 10 8 2 10 10 2 2 2 2 2 10 10 10 10 10 2 10 10 8 10 10 2 10 10 10 10
left_child=1 4 3 5 8 21 16 9 38 64 18 19 54 52 22 -8 41 34 65 -12 -15 -2 105 -9 -20 26 57 29 82 42 31 -31 -32 -24 35 36 -10 -38 55 40 -40 88 43 -11 46 -46 -17 48 49 -16 -49 58 100 -54 -6 78 -50 -26 -25 60 -60 63 -56 -62 87 102 -30 -68 99 -70 72 -72 -37 -19 75 -48 -67 -34 -1 -80 -81 -82 -29 84 -84 -85 -87 -4 89 -5 -91 95 94 -94 -93 -64 -97 -98 -21 -69 -7 -13 -3 -104 -105 106 108 109 -14 -108 -107 -110 113 -113 115 -114 -116 -63 -119 -120 121 -121 -122 124 125 -123
right_child=2 10 7 6 12 13 15 23 17 27 11 101 14 20 47 44 -18 73 24 98 -22 -23 33 51 25 -27 -28 28 66 30 32 -33 77 -35 -36 70 37 -39 39 -41 -42 -43 -44 -45 45 -47 74 50 56 -51 -52 -53 53 -55 62 -57 -58 -59 59 -61 61 117 91 -65 -66 76 67 68 69 -71 71 -73 -74 -75 -76 -77 -78 -79 79 80 81 -83 83 85 -86 86 -88 -89 -90 90 -92 92 93 -95 -96 96 97 -99 -100 -101 -102 -103 103 104 -106 110 107 -109 111 -111 -112 112 114 -115 116 -117 -118 118 119 120 122 123 -124 -125 -126 -127
leaf_value=0.0047295502274581017 0.0079415460932049774 0.0085700318463601717 -0.0032072786887668071 -0.0001474905310501636 -0.0048658621639318875 0.0040946550122055118 0.0023050349851829128 0.00052463320706758665 -0.0030225687800240521 0.003018324824031996 -0.0022388698248227514 -0.00057750331453761106 0.0039172587801479582 0.0029233274922261542 -6.3013426815921366e-05 -0.0058679566817229321 -0.0095424373829296021 0.010399876075343017 0.0033482812494616426 -0.0044953061661962158 -0.0015066352225612467 0.00072471195633554836 -0.0073728045641177024 -0.0002751643423859436 0.0024765570170892917 -0.0052787175689145054 0.0058673283691046164 -0.003604682555767012 -0.006175343901624936 0.0053271018419318939 0.0011440053528376964 -0.0026642684604776933 -0.0071257418987458456 0.001813877821594831 -0.004251227423058195 -0.0021778532931197247 0.0049929766422466479 -0.0022538909923086165 -0.0048946558520523214 0.0056612470545306572 0.0038493549512028879 -0.00010745027026227431 -0.0030387040593196678 -0.0036820895265957747 -0.0041587848840509744 -0.0088875238924660243 0.0042458211024945089 0.0026349429709988095 -0.0011960692457043188 0.0086952381829330239 -0.0024352050458091279 0.0023897997574233039 0.0027599339030642562 -0.004408115660893934 -0.0030725389880172007 0.0098316087172735708 0.0039530756794442954 -0.005944436514905841 -0.0090102465967497516 0.0010734617348127043 -0.0019362334484961136 -0.0077302612392549444 -0.0057411189334692185 -0.0097719278172782292 0.0081965745918173589 0.0039131940039668226 -0.0037544369049556199 0.0043198611335909902 -0.006538028762364435 -0.000627863521039144 -0.0074038168600371237 0.0001014019836462452 0.0050857470907169555 0.0023135568404140071 -0.0041364506805794069 -0.0035813069595634723 -0.0032355669881963334 -0.00042009156911828 0.006974963293716616 0.0034611560910076332 0.0016517527801413324 -0.0055319533501745214 0.0020909993052288327 -0.00065814484028332528 -0.0077726437613191224 0.006742249596890534 0.00017275515340357459 0.0043437529199345419 0.00099865910955350889 -0.0075983124896241644 -0.0020191614360733166 0.0059569325919898008 -0.0067838698524818209 0.0015966285714461798 6.7573756743976942e-05 0.0040755137373658839 0.0028475329121755259 -0.0034334053805013367 -0.012396297015336349 -0.00086850303513742592 -0.0025444337166099407 0.0039606317694859316 0.00023419449075423539 0.0095335248164481971 0.0017090681727739766 -0.0024304119249214484 0.008259782503375326 -0.0033065632983323994 -0.0052152686072529809 -0.00076362059735274269 0.0045405215323202474 -0.008744612501642093 0.0057795253452160786 0.0019740726507323884 -0.0056144851461210369 -0.0016637098115644328 0.0027885266784709382 -0.0059345766015326583 0.0032540661477618695 -0.0097819715195611116 0.0059610183121609987 -0.0028877604421250255 -0.0024563473467591685 -0.0082012469639219845 -0.0055819799671066317 0.0038704637408534469
leaf_weight=4056.3559736013412 166.21226952970028 139.22919270396233 102.9793930798769 236.21344386041164 182.4569688886404 140.21996718645096 108.9723961353302 736.17234551906586 133.4208184927702 1496.0362513065338 1229.1402833610773 903.42869846522808 824.65907183289528 409.44978468120098 100.44396498799324 1484.1555382013321 122.22049181163311 129.86628384888172 223.69144652783871 266.96336893737316 1447.2487321048975 360.44018861651421 142.7006663531065 546.93579289317131 100.23403781652451 364.94571848213673 125.72962778806686 185.72403468191624 248.47935573756695 212.20801550149918 230.47056514024734 161.22777536511421 302.46760851144791 109.46634767949581 158.1720734834671 145.90681099891663 905.63767850399017 119.20272095501423 200.85562078654766 143.62137272953987 110.92969605326653 870.38654434680939 188.23219108581543 122.98872041702271 529.79339675605297 953.38424426317215 164.1831531226635 1840.2275224775076 227.13649992644787 481.89644128084183 245.70233544707298 180.72531872987747 100.22946764528751 1963.1535238325596 326.93114283680916 160.37852108478546 885.09484831988811 145.98232769966125 185.97376763820648 266.72768419981003 129.23182851076126 142.72731892764568 148.97973763942719 221.97142937779427 169.45536522567272 123.97998839616776 810.17458766698837 300.9823897331953 213.98394311964512 583.96352748572826 149.4150348007679 564.68675565719604 259.82628343999386 158.61462368071079 465.03270415961742 128.20654222369194 211.21834905445576 147.7327534109354 212.07368549704552 560.03328165411949 288.55721086263657 167.39111384749413 99.992698073387146 328.96931466460228 101.49215811491013 360.9731652289629 253.48406395316124 201.45002998411655 183.47026588022709 461.44581021368504 315.66805118322372 491.63476103544235 115.48506681621075 244.94993837177753 240.47332353889942 278.16548980772495 172.70846237242222 383.39677658677101 102.22139969468117 314.97671750187874 233.20587487518787 250.97730445861816 369.9207516014576 134.46369621157646 202.69854386150837 113.72294223308563 107.95353506505489 575.88280421495438 130.4546594619751 185.71305641531944 663.59776327013969 100.98374356329441 355.86337921023369 100.22630660235882 101.70822912454605 100.48376587033272 119.70571261644363 257.96743640303612 202.22616550326347 119.48331438004971 123.73013497889042 234.97178375720978 173.21907672286034 113.98355540633202 173.9741718173027 245.47468005120754
leaf_count=16238 665 557 412 945 730 561 436 2945 534 5985 4917 3614 3300 1638 402 5939 489 520 895 1068 5790 1442 571 2188 401 1460 503 743 994 849 922 645 1210 438 633 584 3625 477 804 575 444 3482 753 492 2120 3816 657 7363 909 1929 983 723 401 7854 1308 642 3542 584 744 1067 517 571 596 888 678 496 3241 1204 856 2336 598 2260 1040 635 1861 513 845 591 849 2242 1155 670 400 1316 406 1444 1014 806 734 1846 1263 1967 462 980 962 1113 691 1534 409 1260 933 1004 1480 538 811 455 432 2304 522 743 2655 404 1424 401 407 402 479 1032 809 478 495 940 693 456 696 982
internal_value=-2.24334e-05 0.00179304 -0.00196804 -0.00317067 0.00242066 -0.00157 -0.00444222 -0.000799512 0.00340392 -5.97172e-05 -0.000607817 -0.00182556 0.00157583 -0.00216843 0.00212628 -0.00550676 -0.00254518 0.00179447 0.000959474 -0.00346145 -0.000508972 0.00320958 0.00109914 -0.00209501 -0.00107072 -0.00246519 0.000423881 -0.000381156 -0.00121284 0.000725021 -0.00123599 0.00191685 -0.00297107 -0.0035446 0.00120245 0.00161481 0.00326262 0.00412306 0.0041386 0.000734705 -0.00173913 -0.002044 0.00186982 0.00247061 -0.0057464 -0.00727622 -0.00467877 0.00312943 0.00445524 0.00723265 0.00202027 -0.00267566 -0.0034184 -0.00403677 -2.80345e-05 0.00441958 0.00289898 -0.00258776 -0.00298063 -0.0035451 -0.0040796 -0.0035714 0.000376474 -0.00714831 0.00429327 0.0026004 -0.00224192 -0.00175135 -0.000567212 -0.00233389 -0.000116881 -0.00162788 0.00249406 0.00639205 -0.00225756 0.000804238 -0.000519994 -0.00503676 0.00421887 0.00248331 0.00142918 -0.00110722 0.000704268 0.00145314 -0.00313074 0.00247677 0.00412299 0.00174921 -0.00342747 -0.00423267 -0.00543955 0.00094382 0.00230938 -0.001304 0.00407571 -0.000589321 0.000443532 -0.00145161 -0.00720758 0.00172286 2.99419e-05 0.000459771 0.00381976 0.0026744 0.00518865 0.00145387 0.00084851 -0.00120347 0.00182385 0.00286859 0.00348528 7.07424e-05 0.000953852 -0.00370969 0.00240499 0.00413955 -0.00121681 -0.00279741 -0.00228171 -0.00152765 -0.00238425 -0.00358503 0.00120576 -0.00239773 -0.00117367 0.000581906
internal_weight=45655.8 23618.6 22037.2 10843.3 18723.8 4820.16 6023.13 11193.9 8624.95 7138.44 4894.82 2752.73 10098.8 4293.51 7513.62 3833.73 2189.4 2724.75 2142.09 1598.33 1856.7 526.652 3733.12 4055.5 960.583 736.892 371.946 6664.56 3803.2 2861.36 1054.11 373.436 680.671 252.167 2436.27 2278.1 1158.26 1024.84 5900.2 455.407 311.785 2067.18 1807.26 1619.02 3724.76 1483.18 2241.58 3780.5 1694.57 582.34 2085.93 3319.32 2436.81 2063.38 2585.18 5444.79 1112.23 246.216 3138.6 2591.66 2324.93 2138.96 2402.72 351.203 473.885 1181.51 2472.56 2224.08 1413.91 797.947 1119.83 714.102 405.733 288.481 757.422 292.39 335.198 450.2 5284.41 1228.06 1015.98 455.948 1330.64 1144.91 201.485 943.427 614.457 304.429 1196.8 1013.33 777.114 2075.79 1092.54 360.435 732.108 983.25 834.271 556.105 369.185 615.959 373.426 1154.41 846.312 707.083 337.162 3480.95 2703.63 869.549 1834.08 293.667 777.321 1009.43 878.971 201.21 677.761 456.347 221.414 1787.76 1645.03 1387.06 1184.84 887.888 296.949 768.404 654.421 480.446
internal_count=182681 94515 88166 43385 74933 19284 24101 44781 34525 28557 19582 11012 40408 17177 30065 15342 8759 10906 8570 6394 7428 2107 14937 16224 3843 2948 1488 26661 15214 11447 4217 1494 2723 1009 9751 9118 4636 4102 23619 1823 1248 8270 7230 6477 14906 5936 8970 15128 6782 2331 8346 13279 9749 8255 10343 21796 4451 985 12556 10368 9301 8557 9613 1405 1896 4727 9891 8897 5656 3192 4482 2858 1624 1155 3031 1170 1341 1801 21154 4916 4067 1825 5323 4580 806 3774 2458 1218 4788 4054 3109 8305 4371 1442 2929 3934 3338 2225 1477 2464 1494 4618 3386 2829 1349 13928 10818 3479 7339 1175 3110 4039 3517 805 2712 1826 886 7152 6581 5549 4740 3552 1188 3074 2618 1922
is_linear=0
shrinkage=0.02


Tree=12
num_leaves=127
num_cat=0
split_feature=15 52 229 231 231 15 15 14 110 15 15 148 222 99 212 100 231 62 231 214 214 218 229 2 212 116 110 105 0 148 194 66 73 141 231 212 194 90 222 229 152 229 184 30 144 165 152 203 47 218 63 222 231 99 99 127 142 100 23 81 222 3 155 155 213 185 232 174 148 194 174 41 65 222 70 30 185 63 75 214 60 62 155 212 133 145 165 116 99 34 41 152 116 218 15 29 228 173 111 231 99 85 218 221 214 166 104 218 154 184 49 68 221 79 79 33 35 184 142 141 116 142 95 66 14 231
split_gain=411.068 90.1241 61.5856 40.5749 147.319 39.0693 37.8043 31.5116 30.2282 33.6844 28.4815 21.7382 21.1815 19.6535 18.4438 18.1812 17.8249 37.119 32.1491 22.3033 20.3936 16.2136 17.3917 16.1396 15.9812 17.5138 15.56 14.8355 14.65 14.4611 14.3034 17.0342 17.7252 17.8286 15.2065 14.4835 14.1271 13.9972 17.8688 13.9749 15.6269 17.5794 13.7649 13.9932 13.6787 13.6767 13.672 13.6711 15.4888 14.806 19.1512 20.8804 15.9763 14.0475 19.5947 19.4902 13.6343 13.4737 16.1648 18.1558 13.6716 13.4253 13.402 13.2744 13.2487 13.1695 12.9861 17.4601 12.9419 12.825 12.4616 12.4324 12.7246 12.7192 12.4244 14.4701 16.1258 12.2707 12.2314 13.1214 12.0844 13.8971 11.9183 11.7541 11.6184 16.9684 11.6384 11.6105 11.5642 18.3791 11.4041 11.3838 13.4009 12.431 18.6796 11.347 12.3469 12.2176 12.0609 11.2197 11.1552 11.0867 11.0121 14.652 11.3376 11.108 13.5685 15.8351 12.4499 10.9319 16.3174 10.9114 10.8891 13.2556 12.9654 11.9801 11.1504 10.8527 13.1161 10.7039 10.5391 10.5265 13.4221 10.48 10.4184 10.3899
threshold=0.011785297654569151 0.00013591486640507358 -0.075769513845443712 -0.56820151209831227 -0.01963364519178867 0.18166366964578631 -0.29764582216739649 0.00032821852073539054 0.0014889023150317373 -0.23144685477018354 0.12625741213560107 0.016470476984977726 0.82789173722267162 0.00037460973544511949 0.013273180462419988 0.00020777061581611636 -0.2143086493015289 0.00031900670728646224 -0.54280677437782276 0.0018019521958194675 0.0020564899314194922 0.0038140448741614823 0.32351492345333105 -8.7292406533379094e-05 0.027447107248008255 0.0010646974551491442 0.0011713930289261045 0.074248570948839201 2.6601139325066473e-05 0.00094019176322035502 0.0023557144450023775 0.0014311912236735227 4.5910908738733276e-05 -0.00032070169982034708 -0.98285266757011402 0.014275558292865755 0.01044671004638076 -0.00049877940909937013 0.57419365644454967 0.049749877303838737 0.00041140415123663848 -0.0050907237455248824 0.91189947724342357 -0.0014530556509271262 -0.0022705086739733811 -2.6667577913030979e-05 -0.00070088435313664366 0.00021107082284288484 -0.00041163600690197194 0.0053758809808641681 0.00032364393700845545 0.85105666518211376 0.19722913205623629 0.00045969912025611853 0.00033353560138493782 8.6990662566677218e-06 0.00046819854469504213 0.00035767677763942635 7.1692156780045493e-05 -2.298822346347151e-05 0.055476261302828796 2.8945026315341241e-05 0.0018742334214039149 -0.00034915569995064283 0.0019896044395864014 -0.0068160884547978631 5.0000000000000009 0.007122558308765293 0.0060876966454088697 0.0034512768033891921 0.016868291422724727 -0.0013436520821414886 -0.0013781355228275058 0.40625269711017614 0.73481547832489025 -0.0002379206343903206 -0.0057234684936702243 0.00048410317685920751 0.45000000298023229 0.0015947991050779822 0.00098362017888575814 0.00028564002423081552 -0.0064953244291245929 0.014448344707489015 0.00029337259184103465 0.0057401082012802371 9.6531010058242841e-05 0.0012307171127758922 0.00038005640089977538 0.00088629929814487707 0.00048195649287663406 -0.00024504119937773789 2.6420602807775143e-05 0.008155599236488344 0.30739903450012213 0.68425545096397411 0.91666665673255932 0.50972497463226329 7.4791460065171136e-05 0.17149884253740313 0.00044136971700936561 0.00093592802295461308 0.0082366256974637526 0.0023883091052994136 0.0023379485355690126 0.0020857402123510842 0.00037021763273514813 0.005782968597486616 -0.0001855493173934519 0.32374244928359991 0.00045677565503865486 -0.00033892205101437861 0.0028704727301374082 -0.00024598397430963809 -0.0013848503585904834 -0.0005224981578066944 -1.8516451746108938e-05 0.46376019716262823 0.0020998867694288497 -0.0014571237843483684 -1.3261104868433902e-05 0.0039767026901245126 0.00012518801668193194 0.00027818715898320084 -3.2636809919495129e-05 0.31523424386978155
decision_type=2 2 2 2 2 2 2 2 8 2 2 10 10 8 10 8 2 10 2 8 10 8 2 2 10 10 10 8 2 10 8 2 10 10 2 10 10 2 8 2 10 2 8 2 10 10 10 10 2 8 2 8 2 10 8 2 10 10 2 2 10 2 10 10 10 10 2 8 8 8 10 10 2 8 10 2 10 2 2 8 10 10 10 8 2 10 10 8 10 2 10 8 8 10 2 2 2 10 10 2 10 2 8 8 10 2 10 10 10 8 2 10 8 10 8 2 2 8 8 10 10 10 2 2 2 2
left_child=1 8 10 24 5 12 42 15 16 102 14 13 26 62 -2 56 18 29 19 -1 -21 23 99 -9 30 -26 -5 -12 -22 100 34 32 33 69 44 -33 -24 80 45 40 41 111 43 -3 -4 -39 -20 48 -17 -49 51 -51 -53 54 -50 -56 -6 -29 59 -59 -60 112 -8 -34 -52 -42 68 -68 77 -32 82 -19 73 -73 75 76 -28 90 79 -40 120 -82 -16 -15 -85 109 -87 -57 -66 101 -55 -7 93 94 -93 -41 98 -98 -97 -23 -18 -90 103 -10 -104 106 107 108 -105 110 -86 -36 -11 114 115 -114 -116 -118 -119 -37 -31 122 -101 -84 -77 -47
right_child=2 6 3 4 7 91 11 21 9 61 27 -13 -14 83 70 47 17 71 46 20 28 22 36 -25 25 -27 74 57 -30 37 31 35 63 -35 39 119 -38 38 78 95 65 -43 -44 -45 -46 125 -48 49 53 50 64 52 -54 66 55 87 -58 58 60 -61 -62 -63 -64 -65 88 -67 67 -69 -70 -71 -72 72 -74 -75 -76 124 -78 -79 -80 -81 81 -83 123 84 85 86 -88 -89 89 -91 -92 92 -94 -95 -96 96 97 -99 -100 121 -102 -103 104 105 -106 -107 -108 -109 -110 -111 -112 -113 113 -115 116 -117 117 118 -120 -121 -122 -123 -124 -125 -126 -127
leaf_value=0.0058814208819953518 0.003702707678956954 -0.00058334284160053821 -0.0029564642231653705 0.0021449492976744621 0.00092705205858308786 -0.0055643296784182641 -0.00043908295173951286 0.00030259051546060507 0.0075115424648945816 0.0039655710700604819 0.0032913409405862844 -0.0061366010019322801 -0.007999650764978784 0.0018408275937926103 -0.0046258703454434384 -0.0047426478742480576 0.0041847617026641451 0.0073580447384933448 0.002473629679838303 -0.0010662340765946877 0.0047086365685564072 0.0032116462693434758 -0.010168923843166301 -0.0075521813094578498 0.0048985157489738092 -0.0020090741352035793 -0.00033459991735573368 -0.0051952176189543368 -1.3087536311005334e-05 -0.0089773394345091864 0.003669365640972989 0.0063397295900506877 0.0010163276025479818 0.0056831601427306793 -0.0042967804393745203 0.0035679988890107849 -0.0010639207780645549 0.0080284916275537351 0.0026489723475916784 -0.0014558358196876892 -0.0017289105678341317 0.0031843662577614512 -0.00049265395332049092 0.0052043522626507481 0.003888576314208031 0.0048378224586594501 0.0087496215072017224 -0.0078817043094568402 0.0019833211403762784 -0.002277891389258989 -0.006123277840417044 -0.00028698984360063149 0.0082706360959849731 -0.0030513010550729199 0.001227418761439821 -0.0081318363516319127 -0.0077496876389785922 0.005691734738121481 0.00080229162423146557 -0.0029755868986275041 -0.003448834140274689 -0.0010325849643322998 -0.0034440343654846277 -0.0071239264263822915 -0.005697656168473857 -0.0099423438737595588 0.011981528079085891 0.00090829728975664248 -0.0040997873896733115 -0.0016593668809361149 0.0043451539999152392 0.0038422810911753142 0.0053420622289279372 -0.0052620766374215375 -0.0061153988809323498 -0.0047330670684015037 -0.0094651373367838302 0.0081090709567856051 0.0029758564315447134 -0.0050003172234541387 0.0020144739668274889 -0.0055928043783620767 -0.0039386983773873159 -0.0014455432543216038 0.0064605292071826387 -0.0062965202703743322 0.0007244235193552015 -0.00011316390816770251 0.0086805632510700247 -0.0026754114088553354 0.0051378955038840013 -0.0033383406574028491 -0.011007249697319237 -0.0015515468932520656 -0.013127506226790922 -0.0043737426059461022 0.0029598914607842741 -0.0047248621737937136 -0.0097834517376357531 -0.0025661304767470583 -0.0013941514488665322 0.00019846588434745612 0.0078650629006034797 0.006804388799037938 0.0033682288985811583 -0.0040266283189469947 0.00070129607966688465 0.0095022664348677725 -0.00063389217729940882 0.0089258816633982861 -0.0036221939306581448 0.001747703834142558 0.00093424006007606297 -0.00054413826602131576 0.00016944217872571704 -0.0056483789426479128 0.00085575329165671376 0.0038533686922896798 0.010568077775779616 -0.0037004482454149694 -0.00048670721758698843 -0.0057817836156487477 0.0024353392770608755 0.0012596492210944258 0.0015800204605289359 -0.0033906955687660989
leaf_weight=973.96372197568417 953.45979721844196 200.654037758708 188.23393821716309 182.97334071993828 100.48303440213203 533.70875725150108 1426.006963789463 127.97785483300686 194.58192776143551 562.22864475846291 217.21210663020611 245.19774763286114 474.07773350179195 1672.4517330229282 225.1865581870079 165.98547224700451 790.93228204548359 653.44365780055523 190.08652080595493 552.58197182416916 975.27984809875488 172.94209875166416 161.41455580294132 519.02165441215038 314.72555391490459 246.22606138885021 138.23592405021191 406.18526875972748 357.01747170090675 127.93050120770931 185.4840295612812 220.47247710824013 102.23951518535614 153.23534221947193 350.21894516050816 132.98938673734665 117.44558338820934 212.3624525219202 114.92956499755383 421.45830065011978 211.47978410124779 374.71876995265484 330.16779594123363 878.00573247671127 247.72962072491646 105.19134144484997 815.49044296145439 114.48853445053101 963.32265391945839 270.7105065882206 286.97114954888821 141.23139135539532 202.97623588144779 136.23742569983006 289.71616153419018 222.21948651969433 207.70273514091969 230.22136901319027 422.43402971327305 141.48009124398232 991.65106752514839 1117.7296809256077 1005.6218351274729 287.21652168035507 148.98441292345524 114.73703002929688 119.98796093463898 101.98802927136421 104.73868253827095 1529.6234050542116 215.19530145823956 102.6540768891573 351.00162315368652 103.41548712551594 564.54594241082668 121.48873081803322 160.22307360172272 118.23790270090103 223.90885943174362 269.86651782691479 331.54697862267494 112.17303155362606 170.70880384743214 1437.0199053436518 113.71464377641678 101.98751258850098 404.18271221220493 103.73003914952278 103.24128609895706 333.95626106858253 100.73890568315983 172.93151964247227 877.39670923352242 162.65140971541405 156.37628844380379 457.67871101200581 115.2363928258419 201.21527819335461 310.18899935483932 683.58308959007263 163.86995589733124 125.23408785462379 408.44854481518269 123.620649933815 590.57186329364777 100.91682556271553 820.4232285618782 169.33624863624573 233.06033197045326 129.97721739113331 105.48595859110355 162.98250861465931 620.22873742878437 1360.1711754798889 398.112802952528 113.71295157074928 307.38665200769901 609.06447893381119 141.96266669034958 152.48269346356392 100.69209504127502 217.92748738825321 290.64788672327995 813.31863927841187 380.6809629201889 101.19827196002007
leaf_count=3899 3815 803 753 732 402 2136 5705 512 779 2250 869 981 1897 6691 901 664 3166 2617 761 2212 3904 692 646 2077 1259 985 553 1625 1429 512 742 882 409 613 1401 532 470 850 460 1686 846 1499 1321 3514 991 421 3265 458 3854 1083 1148 565 812 545 1159 889 831 921 1690 566 3967 4472 4023 1149 596 459 480 408 419 6119 861 411 1405 414 2259 486 641 473 896 1080 1327 449 683 5749 455 408 1617 415 413 1336 403 692 3513 651 626 1831 461 805 1241 2735 656 501 1635 495 2364 404 3284 678 933 520 422 652 2482 5442 1593 455 1230 2437 568 610 403 872 1163 3254 1523 405
internal_value=-8.61399e-07 0.00182762 -0.00197125 -0.00253025 -0.00328747 -0.00635921 0.000108325 -0.00148869 0.00271354 0.0018335 3.47408e-05 -0.000525107 -0.00435172 -0.000291542 0.00158088 -0.000504626 0.0036027 0.00261832 0.00456871 0.00344475 0.00213713 -0.00338473 -0.00228128 -0.00603601 -0.00127618 0.00190169 -0.00314686 -0.00149175 0.00346187 0.00127626 -0.00158271 -0.000526303 -0.00127194 -0.000441061 -0.00249872 0.00272297 -0.00666205 0.000160638 0.00161731 -0.00305158 -0.0014211 -1.54432e-05 0.00306007 0.0041367 0.000933081 0.00469565 0.00763463 -0.000145939 0.000819774 -0.00149626 -0.000952154 0.0017887 0.00493642 0.00126614 0.000216828 -0.00252261 -0.00503657 -0.0019912 -0.00121297 0.00240922 -0.0021854 0.000897534 -0.00169977 -0.0050417 -0.00264225 -0.0050252 0.0036204 0.00738946 0.00156931 -0.00104743 0.000128982 0.00549282 0.00312572 -0.000788033 -0.00387684 -0.0021878 -0.00552279 0.00337033 -0.000582407 -0.00269765 -0.00204783 -6.69276e-05 -0.00067983 0.00057632 -0.000354175 0.0014705 -0.000875779 -0.00573405 -0.00110903 0.000260372 0.00055887 -0.00842495 -0.00944374 -0.00633418 -0.00847233 -0.00433041 -0.00540112 -0.00191685 -0.00675194 -0.00130311 0.00321831 0.00442148 0.00366658 0.00260557 0.00532504 0.00185262 0.00234576 0.00479099 0.00216851 0.00473488 0.00171125 -0.00238362 0.00142453 0.00100221 0.00195865 -0.000208417 0.00303866 0.00409473 0.00536382 -0.000302474 -0.00557779 -0.00200023 -0.00105504 0.000297347 -7.00759e-05 0.000860053
internal_weight=45598.3 23651.6 21946.8 17159.7 10679.1 3925.29 8050.47 6753.84 15601.1 7871.56 4787.05 6641.65 2022.23 6396.45 2377.87 4462.88 7729.54 3865.12 3864.42 2858.84 1884.88 2290.96 1643.96 647 6480.57 560.952 1548.15 2409.18 1332.3 2654.6 5919.62 2763.74 2257.8 1868.34 3155.88 505.945 278.86 1699.8 1027.46 2719.91 1214.14 887.92 1408.83 1078.66 435.964 418.752 1005.58 4154.7 2426.9 1727.79 1613.31 614.918 344.208 2260.92 1578.99 615.666 308.186 2191.97 1785.79 371.701 1414.09 5230.6 2431.63 389.456 998.387 326.217 681.929 221.976 459.953 1715.11 1424.41 1210.51 557.071 206.07 1365.17 800.629 298.459 355.214 608.705 384.796 672.343 443.72 1209.21 3964.82 2292.37 855.348 506.17 325.95 711.416 562.432 236.976 1903.06 1369.36 491.959 329.308 1505.78 1084.32 316.452 767.868 1365.1 954.802 228.475 2640.96 1641.94 999.02 1447.36 1346.44 526.017 356.681 349.178 219.201 513.201 4112.87 3550.64 2190.47 733.942 1456.53 1058.41 751.027 285.472 228.623 1192.16 974.231 984.027 502.17 206.39
internal_count=182459 94652 87807 68655 42730 15709 32209 27021 62443 31501 19152 26571 8091 25590 9514 17854 30942 15472 15470 11444 7545 9167 6578 2589 25925 2244 6194 9638 5333 10625 23681 11056 9032 7474 12625 2024 1116 6803 4112 10881 4857 3552 5638 4317 1744 1676 4026 16621 9709 6912 6454 2460 1377 9045 6317 2463 1233 8769 7144 1487 5657 20929 9728 1558 3994 1305 2728 888 1840 6861 5699 4847 2230 825 5462 3203 1194 1421 2436 1540 2691 1776 4838 15862 9171 3422 2025 1304 2846 2250 948 7618 5482 1969 1318 6024 4338 1266 3072 5462 3822 914 10572 6573 3999 5794 5390 2106 1428 1397 877 2053 16457 14207 8765 2937 5828 4235 3005 1142 915 4770 3898 3937 2009 826
is_linear=0
shrinkage=0.02


Tree=13
num_leaves=127
num_cat=0
split_feature=13 47 230 231 13 103 81 89 81 222 204 231 81 137 13 13 230 60 181 100 114 222 177 99 221 137 155 230 219 230 201 99 159 21 13 156 47 213 175 175 230 219 185 13 114 114 38 66 13 119 3 68 225 154 81 225 185 99 145 63 225 219 150 13 150 31 213 174 102 178 201 67 192 194 99 150 23 114 103 230 171 81 153 99 153 63 174 31 60 39 21 29 166 61 177 100 100 115 154 34 219 60 192 192 175 64 188 230 212 100 100 212 97 174 115 156 187 39 21 213 100 100 147 150 150 101
split_gain=340.257 89.8891 65.7217 68.5442 59.4309 45.345 42.7397 33.4648 31.1343 26.8229 26.1372 23.9996 48.2586 30.2975 22.4779 22.0236 24.6556 21.5827 20.4794 19.2356 19.1127 18.8322 19.0969 19.6708 18.5227 17.6996 18.2399 19.802 19.4884 17.1739 17.758 17.0099 16.8463 17.2889 16.8162 16.5673 16.482 20.8192 19.6581 17.7188 15.979 15.8619 15.7222 15.4471 15.3468 15.0929 16.0919 14.958 14.9147 19.0577 14.891 15.6793 14.6335 14.5718 16.4804 15.4923 13.9213 13.7369 13.6598 13.4631 13.3738 13.1871 13.1467 16.2791 12.9485 12.8991 12.8626 14.4997 14.487 12.7849 12.737 13.2675 12.6696 13.4568 12.6685 12.6625 14.4725 12.5861 12.8016 12.5343 18.681 12.5045 16.9614 12.6951 12.4756 12.216 12.188 12.0684 12.0184 12.0081 12.0045 11.8871 13.0249 15.0831 12.9208 11.8839 13.5836 11.7674 11.7672 11.6129 13.171 14.5033 11.5664 11.5188 11.4355 11.4002 11.1989 11.1733 11.0776 11.0363 17.0228 15.6506 13.7813 11.0356 10.6619 10.6446 10.6326 10.6249 10.6171 10.5973 10.3975 23.5557 14.7945 12.4973 12.3892 12.8056
threshold=-1.0906381362474347e-06 0.00010696929894038477 -0.85828685760498036 -0.0327190039679408 1.3920531273470262e-05 -0.0012969803065061567 0.00053977439529262494 2.0156243408564482e-05 0.00035991163167636847 0.027157087810337547 0.00033188580709975218 0.10669767111539842 -0.0011371754226274786 0.00080195409827865671 -2.2312064174911935e-05 -1.3109586689097339e-05 -0.6511038839817046 0.0026514433557167654 0.1861706152558327 0.00061325886053964507 0.00032534569618292158 0.59265086054801952 0.0014288599486462774 0.00041495931509416556 0.015416441950947048 0.00095938335289247345 0.00017103333811974156 -0.55375361442565907 0.66221913695335399 -0.76744312047958363 -0.00021376338554546234 0.0004370857786852867 5.767591392213945e-05 -0.47142843902111048 -4.3929519506491479e-06 -0.0089074075222015364 0.0013239093823358419 0.0023509830934926872 0.00085657130694016825 0.0006447155901696534 -0.98868870735168446 0.73033905029296886 -0.001796463271602988 4.7343314690806446e-06 -0.00053389498498290766 -0.00023614249948877839 1.0000000180025095e-35 0.00072565421578474354 2.1447820472531024e-05 0.00066248278017155837 0.00023415173927787694 -0.0010632813791744409 0.00064426893368363391 0.0014146608300507071 0.00037404985050670808 0.0003363996656844393 -0.0031623628456145521 0.0004263179143890739 0.004516441375017167 0.00047675281530246144 -0.00027919218700844789 0.67074322700500499 0.17663975805044177 3.9527421904494994e-06 0.10950069129467012 0.00023025447444524619 0.0015395009540952744 0.0047676872927695521 0.084228135645389571 0.82579153776168834 0.00022198658552952113 0.83401650190353405 0.00029118134989403194 0.0017689027590677144 0.00061374736833386134 0.040905034169554717 8.7710457592038451e-05 0.00026752411213237798 -0.00092655365006066848 -0.17149884253740308 0.00047543308755848562 -5.4801228543510654e-05 -0.00015934278781060127 0.00032267507049255078 0.0008381811494473369 0.00024033425870584327 0.0082492153160274046 0.00054543072474189113 0.0024720364017412071 3.6072953662369407e-05 -0.72269862890243519 0.093468103557825102 -0.0002062130224658176 0.00040599421481601899 0.0015746962162666025 0.00029834860470145946 0.00068046568776480864 -0.00079847429879009713 0.00013873120042262602 0.00022229197929846126 0.074395667761564269 0.00073194183642044674 0.0061467816121876248 0.00050368011579848837 0.0013004215434193613 0.86113905906677257 -0.17874071002006528 -0.91618576645851124 0.032268702983856208 0.00025815081608016049 0.00044056848855689173 0.0090169236063957232 0.28026892244815832 0.003881159820593894 -0.00061502595781348635 0.0083064511418342608 -0.00022894283756613729 0.0006717568903695793 0.6411670744419099 0.0021764759439975028 0.00053619340178556751 0.00048683343629818415 -0.00050527014536783088 -0.1997430622577667 -0.31252975761890406 0.0015880053397268059
decision_type=2 2 2 2 2 8 2 2 2 10 10 2 2 8 2 2 2 10 10 10 2 8 2 8 10 10 10 2 10 2 10 10 2 2 2 10 2 10 10 10 2 10 8 2 2 2 2 2 2 2 2 10 10 8 2 10 10 10 10 2 8 10 8 2 10 2 8 10 10 10 10 10 10 10 10 8 2 2 8 2 2 2 10 10 10 2 10 2 10 2 2 2 2 10 2 10 10 10 10 2 8 10 8 8 10 2 10 2 8 10 10 10 10 10 10 10 10 2 2 8 10 8 10 8 10 2
left_child=1 11 3 4 7 107 17 10 9 50 62 13 44 15 52 16 35 53 91 -7 45 34 -23 40 48 26 27 28 95 42 -31 43 33 85 36 -1 38 -38 39 -3 -24 -30 90 69 59 81 98 -19 49 -8 86 -52 87 102 55 -55 -43 65 -21 -13 -22 -59 63 -2 97 -12 -16 -68 -69 -28 71 -36 -33 -74 113 76 -32 78 -9 120 84 82 103 -84 -81 -17 -4 108 -51 -41 -25 -14 93 94 -93 -11 -97 -34 119 116 -101 -102 -5 -20 -27 -106 -75 -6 -15 -45 111 -111 -112 -29 -40 -104 -35 -26 -49 -47 121 -10 124 -123 -122 -126
right_child=2 21 8 6 5 19 24 77 79 25 57 12 18 14 66 32 -18 47 20 58 60 22 23 29 117 104 31 74 41 30 75 72 64 99 70 -37 37 -39 114 89 -42 56 -44 109 -46 46 -48 118 -50 88 51 -53 -54 54 -56 -57 -58 61 -60 -61 -62 -63 -64 -65 -66 -67 67 68 -70 -71 -72 -73 73 106 -76 -77 -78 -79 -80 80 -82 -83 83 -85 -86 -87 -88 -89 -90 -91 -92 92 -94 -95 -96 96 -98 -99 -100 100 101 -103 115 -105 105 -107 -108 -109 -110 110 112 -113 -114 -115 -116 -117 -118 -119 -120 -121 122 123 -124 -125 125 -127
leaf_value=-0.000949958235777775 0.0029405918268296583 0.0032708034969253855 0.010024486682453917 -0.0010182241250809776 -0.0010917215680004597 -0.01082754548063726 -0.0082347415298614241 -0.0011874898944648198 -0.0025139442311081519 -0.0027416460772352979 -0.0012308460073592608 0.0021539316103613869 -0.00052870526151753275 0.0055698223937001422 0.0053554540409034368 0.0037718841052746988 0.0026139406290895954 0.0087195978098074528 0.0052895233006353942 0.0010605579576831452 -0.0018565911346224118 0.001193297304149606 0.001666515288293653 0.0043175204469247741 -0.0033144607094299033 -0.0043779506816678439 -0.001517115118729661 -0.0036554331298779249 0.0099516468870483928 -0.0057076568749557409 -0.0053267334423595441 0.005127911435353078 0.0052962708759912913 0.0027009880443353475 -0.0051181622972369572 0.0072035924484603079 0.0033715466365346843 -0.0060053040401995472 -0.002275208651943137 -0.0050490331323040493 -0.0061514743177789469 -0.00087103830829767426 -0.0063612916431299172 0.0021788182138153113 0.0017847927564665089 -0.0031145990572192419 0.0015706613435813458 0.0037578544979326584 -0.0084085525650408419 0.0037454707681452131 0.0047946837332997535 -0.0040943949779698261 -0.00086797958846763644 0.0057055859238281581 -0.0042208527794811001 -0.002670324448756155 0.0065932518505345981 0.0049050787189074511 -0.0083421673429712826 0.0098510724215426695 0.0052752570646191687 -0.0042060767925293872 0.0063337593494714019 -0.0022460175744469478 0.0052086484989661711 -0.0069622000290449791 -0.0060031323319801383 0.0044311393018908888 -0.00035316993378517811 0.0045727211626666875 0.0032509587038760859 0.0021294744801953901 -0.0036435814118246702 -0.0030921779504559928 -0.0053084580003622487 0.005762857389494648 0.0022117487533132806 -0.002603241150220086 -0.0083888543399554347 0.0032742267736302899 0.0079482313224702936 0.0059040577559037379 -0.0070063197231100532 -0.00063771860089833446 -0.0048748067147911132 -0.0017661485413707182 0.0019292152304925762 -0.00099588402649281385 -0.0041962833598319805 0.001711033653903014 -0.0026808686354079327 0.0036764123108132848 0.0097138231828886156 0.008183660204124709 -0.0025748812528306286 0.0023886134291440202 -0.004389329764563181 -0.0006496527466073131 -0.00089861017553252492 0.0092926485943321847 -0.004018995119904235 0.003599527743211991 -0.0073407005284099281 0.00014483459808245584 -0.00028245788243621591 -0.0049137040545771367 0.0038248223369067255 -0.0073695636712163863 -0.0011004889217182453 -0.0010729228047832273 -0.003096590582598696 -0.0080928195198623348 0.0044339610436723983 0.0010650697527294548 0.0035241301425859616 -0.00040261463469858934 0.0089246876978784501 0.0046138377774967146 -0.0028720482758084992 -0.0091134144225599144 0.00127644776637589 -0.0025959630163040663 -0.0074341043876818063 0.0051681207405511196 -0.0037979751828600516 0.0019042813498386937
leaf_weight=100.87951451539993 402.87473288178444 265.44073317945004 179.19375650584698 3270.100982889533 450.09513065218925 984.18365356326103 154.19541405141354 126.71235506236553 1232.1926659196615 247.19644697010517 249.44282788038254 134.35682938992977 267.25173597037792 1133.7692982554436 174.39128229022026 334.39010046422482 871.9905921369791 130.20144549012184 244.56287994980812 113.15438520908356 132.19343914091587 952.58559143543243 116.97869190573692 123.70244412124157 131.43822458386421 532.92100585997105 406.69315505027771 234.20198129117489 185.21834154427052 114.2272666990757 116.48094834387302 220.22849352657795 135.43671669065952 171.09549301862717 390.70612369477749 1786.1355949193239 139.72890934348106 220.21297773718834 122.96411027014256 322.66999427974224 597.13543798029423 197.46723867952824 310.41483700275421 112.73506779968739 243.22226350009441 333.81454440951347 290.62574146687984 220.69004507362843 481.86135528981686 151.94914984703064 144.68887025117874 133.47632390260696 243.56407348811626 342.95622235536575 116.22313694655895 103.48813825845718 174.22817730903625 115.22323632240295 106.36062107980251 385.65952028334141 371.10521976649761 100.22502917051315 130.46501308679581 546.11062879860401 238.6788604259491 455.87791430950165 130.69226859509945 284.56624256074429 1486.3395871669054 183.9837442189455 130.7364410161972 121.48397429287434 259.22311550378799 112.73878240585327 192.2208016961813 241.2017488181591 382.17800712585449 408.98109097778797 584.40771920979023 112.99025720357895 99.991226375102997 137.44593365490437 160.91826306283474 421.78890646994114 155.98725709319115 273.02711644768715 137.19615435600281 143.14862544834614 116.96410769224167 139.7156687527895 289.4494324028492 313.75875228643417 129.91042672097683 148.85053463280201 201.11076144874096 1402.9379815012217 110.72947151958942 909.21836699545383 363.59057898819447 112.15668812394142 105.94222535192966 504.44523060321808 215.71901428699493 512.43067611753941 1350.5581242144108 232.97600163519382 315.97254660725594 135.94292634725571 102.43431819975376 183.72562502324581 323.46823626756668 447.69085784256458 116.23480370640755 877.57592777907848 1807.5017983466387 145.47763939201832 465.60183048248291 102.20398741960526 142.97474153339863 197.15391784906387 269.71105913817883 100.73112405836582 286.41470472514629 277.94266684353352 1575.692160576582 162.72321569919586
leaf_count=404 1612 1062 717 13083 1801 3941 617 507 4930 989 998 538 1070 4539 698 1339 3491 521 979 453 529 3811 468 495 526 2132 1627 937 741 457 466 881 542 685 1563 7152 559 881 492 1291 2389 790 1242 451 974 1336 1163 883 1929 608 579 534 975 1372 465 414 697 461 426 1545 1485 401 522 2185 955 1824 523 1139 5948 736 523 486 1037 451 769 965 1529 1637 2339 452 400 550 644 1688 624 1093 549 573 468 559 1158 1256 520 596 805 5613 443 3638 1455 449 424 2019 863 2051 5403 932 1264 544 410 735 1294 1791 465 3511 7232 582 1864 409 572 789 1079 403 1146 1112 6304 651
internal_value=-1.6093e-06 0.00181887 -0.00163863 -0.00280106 -0.0045378 -0.00743102 -0.00132696 -0.00284157 -0.000696747 -2.90792e-05 -0.00126827 0.00270216 0.00156533 0.00328206 0.0018431 0.00415877 0.00547946 -0.000474693 0.000716692 -0.00963125 -9.43008e-05 -6.34919e-05 -0.00116923 -0.00215306 -0.00476708 -0.000322721 0.000209784 0.00113299 0.00223542 -0.00088214 0.00103155 -0.00103576 0.00301095 0.00416723 0.000917394 0.00676231 0.00154294 -0.00237936 0.00208783 -0.000699698 -0.0048603 0.00543137 -0.00310802 -0.00216681 0.00612642 -0.000775828 -0.00243765 0.00339797 -0.00603813 -0.00308088 0.00400504 0.000540769 0.00359136 -0.000944687 0.00200139 0.00373276 0.00278577 -0.00370675 -0.00381147 0.00801579 0.00340268 0.000669382 0.000841345 -2.88884e-05 0.00120225 -0.00502509 0.00045516 -4.52977e-05 0.000456518 0.00046738 -0.0019772 -0.0033837 0.00117337 -0.000201698 -0.000830667 0.00219486 0.000313345 -0.00557955 -0.00717325 -0.00209829 0.0013658 0.00057228 -5.35282e-05 -0.00257058 -0.00146193 0.00130565 0.00683754 0.00437994 0.000239831 -0.00302014 -0.000482868 0.00309363 0.00429645 0.00298297 0.00122965 0.00117498 0.00184201 0.000206232 -0.00374574 0.00540853 0.00351451 0.00219166 -0.00140964 0.00190031 -0.00189605 -0.00101661 0.0019491 -0.00274314 0.00500839 -0.00346706 -0.00409033 -0.00614587 -0.000999603 2.36465e-05 0.00313519 -0.00471401 0.00738543 0.000244018 0.00113747 -0.00559198 -0.00243086 -0.00117824 -0.00329247 0.00307617 -0.00263427 -0.00324863
internal_weight=45629.5 21603.2 24026.4 10736.5 4910.06 1789.74 5826.44 3120.32 13289.9 9015.48 2000.22 14697.7 4989.75 9707.9 3698.91 6009 2759.01 4687.83 4226.51 1203.7 3165.63 6905.52 3244.35 2291.77 1138.61 8420.93 6304.47 3621.78 2317.78 1577.65 854.088 2682.69 3249.99 1966.66 3661.16 1887.02 3018.23 359.942 2658.29 727.826 714.114 556.914 723.567 1774.53 763.239 2662.33 1185.18 493.866 904.97 423.109 594.555 278.165 1622.92 4193.97 562.667 446.444 371.695 920.769 219.515 520.016 503.299 215.448 1079.45 948.985 1283.33 705.321 2075.99 1901.6 1770.91 590.677 642.927 512.19 908.163 687.934 1304 739.861 498.659 1120.1 711.12 4274.38 368.969 1477.15 1339.7 582.707 268.978 607.417 316.39 1379.35 268.913 462.386 413.152 1060.88 793.63 663.72 514.87 1760.86 1513.67 1044.66 894.559 1359.24 722.544 610.387 3631.3 756.994 2116.46 1583.53 428.711 586.038 1236.2 1183.85 1071.12 631.416 439.703 1111.78 1930.47 361.197 636.697 233.642 363.665 530.968 3905.41 1610.87 2294.54 378.674 2008.13 1738.42
internal_count=182593 86461 96132 42963 19651 7165 23312 12486 53169 36068 8003 58833 19973 38860 14805 24055 11047 18755 16916 4820 12669 27628 12980 9169 4557 33689 25222 14490 9273 6312 3417 10732 13008 7873 14648 7556 12076 1440 10636 2912 2857 2228 2895 7099 3057 10655 4743 1976 3622 1693 2379 1113 6497 16779 2251 1786 1487 3684 879 2083 2014 862 4319 3797 5135 2822 8308 7610 7087 2363 2572 2049 3633 2752 5217 2960 1995 4483 2846 17101 1476 5912 5362 2332 1076 2432 1266 5522 1076 1850 1653 4247 3177 2657 2061 7045 6056 4180 3580 5441 2892 2443 14528 3030 8467 6335 1715 2345 4949 4736 4285 2526 1759 4448 7724 1445 2549 935 1455 2125 15625 6445 9180 1515 8034 6955
is_linear=0
shrinkage=0.02


Tree=14
num_leaves=127
num_cat=0
split_feature=11 15 129 15 221 72 90 100 221 223 176 97 224 218 152 95 118 136 0 223 109 24 62 15 111 57 184 197 80 212 95 145 73 98 109 100 223 197 36 0 223 100 113 15 28 105 80 156 98 129 100 194 90 145 97 194 100 100 199 97 73 218 99 116 194 184 109 41 110 136 141 103 186 103 11 109 29 99 214 211 73 15 5 153 213 137 31 41 105 85 156 223 156 100 186 186 41 80 171 226 137 63 2 226 219 190 199 63 213 79 176 223 226 36 129 138 173 190 194 97 233 136 224 116 152 35
split_gain=367.269 70.61 50.8142 45.4111 28.4601 25.4149 23.2289 26.6195 23.2288 21.6491 21.7383 21.1671 20.9949 20.8969 20.667 22.5925 19.3598 18.988 18.9138 19.7963 24.0169 23.3124 18.1908 17.5658 17.2046 17.1811 16.8294 16.8083 21.7034 16.2306 16.217 16.1936 15.3214 15.0786 15.0031 14.5579 15.5557 18.0257 15.229 14.5473 14.3821 17.0371 14.318 14.5997 14.5857 14.0542 22.3877 20.0538 14.3368 15.7372 13.9843 14.4078 13.9435 13.755 24.0665 20.7211 13.617 13.66 13.3922 13.2884 13.1664 13.0837 14.0538 12.9135 16.2747 13.8895 21.9071 13.037 12.9123 12.7935 20.4972 12.6809 16.6638 12.5167 12.3119 12.2689 12.178 13.3882 12.1249 11.9705 11.959 16.5075 11.7949 12.531 21.6597 12.6587 11.6467 13.7008 11.6451 12.8511 11.6238 11.5665 11.4866 13.4269 13.3589 12.3523 11.4263 11.3857 11.2684 11.6556 12.4573 11.7294 11.2664 11.2459 11.1661 13.117 14.1551 13.4447 11.0728 10.9851 11.1236 13.6812 14.6739 10.9725 11.5613 10.9725 10.9166 10.9056 10.8246 12.3006 10.783 10.5835 11.4337 10.5206 10.4895 10.4802
threshold=8.2038666732842116e-05 -0.12026302516460417 -0.31936869025230402 0.30739903450012213 0.013781273271888496 0.00055960484314709913 0.0013381217722781005 0.00042612166726030415 0.012561045587062837 -0.0013883275096304713 0.00089769586338661622 0.8211859166622163 0.00067686630063690256 0.0073480533901602038 4.835291292693001e-05 6.2886116211302592e-05 0.0024348995648324494 0.0027761767851188783 0.00012613068975042554 -0.015273406170308588 -0.0011713898857124148 0.00021283173555275428 0.00014203794853528964 -0.41974785923957819 2.6026351406471807e-05 3.0053572118049491e-05 0.88608145713806163 -0.0036661702906712885 -0.0021029440686106677 0.011731974780559542 -0.00023561395937576887 0.0012561255716718735 7.06338614691049e-05 0.0049844186287373313 -0.0021160813048481937 0.0010490364511497321 -0.0088243959471583349 0.0013454311410896482 0.05894847214221955 -0.00012016460823360829 -0.010405308566987513 0.00054654385894536983 0.75000000000000011 0.079619459807872786 0.00037422501191031193 0.74651488661766063 -0.00065474087023176242 -0.0024239937774837013 0.0024307316634804015 0.06089573726058007 0.00064313921029679488 -0.010981678031384943 0.0029376721940934662 0.002000668784603477 -0.023532590828835961 -0.0090885614044964296 0.00057755326270125817 0.00043017054849769926 -0.0020796565804630514 0.21150115132331851 -1.6474231415486425e-05 0.006613991456106306 0.00041729409713298088 -0.0014390769065357743 -0.0048538350965827695 0.13723222911357882 -0.0035687022609636183 -0.00049783405847847451 0.010463480837643148 0.0036980831064283852 -0.0012402007123455403 -0.00017829345597419885 0.0041148166637867698 -0.00062175965285859991 0.0002749600680544973 -0.0033215148141607638 0.6301628351211549 0.00058985894429497432 0.0018019521958194675 -0.20659031718969342 -2.3827933546272103e-05 0.14586384594440463 -4.4121876271674403e-05 -0.00032575741352047766 0.0011619098368100824 0.00039800953527446842 0.00016135121404659006 8.3665381680475561e-05 0.78713318705558788 0.00034951137786265468 0.0020494678756222133 -0.015723051503300663 -0.0016879310132935641 0.00065556890331208717 0.0023718778975307946 0.00042842993570957338 0.00054699898464605223 0.0014423633110709491 0.00014586891484213996 -0.14331323653459546 0.00057587973424233507 0.00050012825522571813 5.5793063438613906e-05 -0.034211402758955949 0.074395667761564269 -0.00066541190608404566 -0.0052822472061961881 0.0003522721963236109 0.0021464483579620723 0.00068114459281787287 0.0011275281431153419 -0.0040676721837371579 -0.14640638232231137 0.0072580561973154554 0.016015263274312023 0.00061487453058362018 -0.74022278189659108 -0.00042853096965700383 -0.0018439649720676241 0.37332564592361456 1.0000000180025095e-35 0.0028389112558215861 0.00033459921542089438 0.00038121860416140413 0.00019262513524154204 -1.5303473446692802e-05
decision_type=2 2 2 2 8 8 2 8 8 10 10 10 10 8 10 2 10 10 2 10 10 2 10 2 10 2 10 8 10 10 2 10 10 8 10 8 8 10 10 2 10 10 10 2 2 10 10 10 10 2 10 10 2 10 8 10 10 10 10 10 10 10 10 10 10 10 10 10 8 10 10 10 10 10 2 10 2 10 10 10 10 2 2 10 10 10 2 10 10 2 10 8 10 10 10 10 10 10 2 8 10 2 2 10 10 10 10 2 8 10 8 8 8 10 2 10 10 10 8 10 2 10 10 10 10 2
left_child=1 5 27 6 9 18 7 42 39 10 25 22 33 -10 63 31 17 61 19 21 92 24 -5 -15 91 34 115 50 58 -18 -20 -16 76 96 56 36 40 -38 -37 -7 41 -8 43 59 109 46 80 97 -49 -50 -3 120 98 54 -17 -55 57 75 -29 -2 -27 62 -14 65 104 -12 116 -68 102 82 -71 72 -13 -22 -43 -4 -31 -78 -60 -66 -19 -82 -36 84 -84 113 -47 -88 89 -61 -34 -1 93 95 117 -21 -9 123 -39 -100 -101 -102 -24 -89 -65 -106 -107 -108 -74 110 111 124 -113 114 -85 -25 -67 -94 -117 -120 -52 -104 -123 -48 -45 -41
right_child=3 2 4 11 -6 8 35 12 13 -11 14 71 16 23 15 53 29 45 30 20 73 -23 68 26 -26 60 -28 28 -30 32 -32 -33 90 -35 69 38 37 52 -40 125 -42 74 -44 44 -46 86 47 48 49 -51 51 -53 -54 55 -56 -57 -58 -59 78 88 -62 -63 -64 64 79 66 67 -69 -70 70 -72 -73 108 -75 -76 -77 77 -79 -80 -81 81 -83 83 85 -86 -87 87 103 -90 -91 -92 -93 94 -95 -96 -97 -98 -99 99 100 101 -103 121 -105 105 106 107 -109 -110 -111 -112 112 -114 -115 -116 118 -118 -119 119 -121 -122 122 -124 -125 -126 -127
leaf_value=0.0011505260811392271 0.0035722789753462325 0.0070743592049352889 -0.00086503986886550413 -0.0068605975284475275 -0.0017379115027041381 0.0043526529789870896 -0.0008855869777937385 0.0098793909424207613 -0.003875380727230589 -0.0048921050931425335 -0.0029182480488829472 -0.0096546249468297263 -0.00098054641924756971 0.0060823668563023802 -0.0012190470930071886 -0.0040368102210663875 0.0055926787641533207 0.0018486713719293526 0.0057974985521223148 0.0019973112369008604 -0.0034671530166638515 0.0083865850397031143 0.0013744192428489658 -0.0038832087476015293 0.0070910500837826698 0.00017650666658290275 -0.002253751391224718 -0.0012962982131505332 -0.0051780711089831101 0.0059515203787729089 -0.0027623172454451696 0.0048341155729565355 0.00039262256570380733 -0.0016176153878693078 0.0045094517999822309 0.0027573949602644576 0.0049590883009994428 -0.0062677309561348683 -0.0048263431035109501 0.0028184463328077948 -0.012293272853289367 -0.0014327539465182353 -0.0064163478379174058 -0.0064006347414114744 -0.00091281341464514358 0.0012703628248089127 0.0080690513277028968 -0.0050684471378392637 -0.0022653692015896583 0.0044010798165962277 0.0093517971552880483 -0.0010774256422251044 -0.0068994153827213788 0.0022035218470642885 0.0080766535820595842 -0.0083080671272660403 -0.0033041067244181988 0.0071160235215451933 -0.00078331205823929401 -0.00021544668470931477 0.007992622268950934 -0.0021903934324745957 0.0079030136793481181 0.0018117852101930533 0.0025606876468370148 -0.00019921776382242525 0.0026145690417901575 -0.0060219634763472576 0.0033927533259314057 0.0095446839177012448 -0.00090133907323160288 -0.0084575914529345583 0.0030724149024764658 0.0036971000086907374 -0.0089725598661509094 0.0039556360975138314 -0.0031968077390966006 0.0049497733698294537 0.0067790083383011271 -0.0013807883431185364 -0.00085387665994359982 -0.0046342912601895058 0.0025818952825235582 0.00032064864944609877 -0.0076571220057412232 0.0030058886805960239 -0.0079935315583809872 -0.0044748809313221935 0.00052349740909929821 -0.0060621112448706813 -0.0073184163662364781 -0.0043759966328933619 0.0040042119794280549 0.0014546415800139126 0.0049410761707915189 0.0089948113451823932 0.0021911168481518117 -0.0011128981724068856 0.00212345482749923 0.0021581107552610481 -0.0061664653701219386 0.00039618451983798716 -0.00045327668155542843 -0.00058753250426376029 -0.0074874009906765442 -0.0044467176337391716 0.0055345525219518115 -0.0031152438043656324 -0.00411319980120809 -0.0062088949194467136 0.0014095320426681505 0.005750554900220496 -0.0028820959074259693 0.0025964415137932342 -0.0071550888965909547 -0.0023940166985631536 0.0067779383207392588 -0.003732228246573713 0.0046643869657121547 -0.0017112766812320745 0.0011346857893025754 0.0023563090007152824 -0.004037131769348782 0.0015971805606692588 -0.001798912774306086 0.00073600923438524118
leaf_weight=1240.2696267068386 259.44814021885395 618.81682662665844 316.35359188914299 433.64338678121567 2791.1952762454748 1309.9390205591917 299.89451894164085 141.20815314352512 409.0022646933794 259.95944710075855 238.39866629242897 107.88844521343708 99.984155893325806 219.09719942510128 215.91826759278774 114.70384712517262 296.18425929546356 268.21636112034321 100.62636785209179 131.57312504947186 193.12765611708164 189.44052079319954 228.89150539040565 100.45455558598042 158.86201906204224 121.2010183185339 626.8739472925663 198.87447869777679 149.40703070163727 195.72154083848 313.72032877802849 807.10923418402672 159.96167115867138 140.71279849112034 128.96058191359043 292.67519268393517 102.47631013393402 185.93783473968506 140.20506642758846 2209.2054616361856 109.70913292467594 126.48081687092781 297.65668250620365 560.07471144199371 1093.4039944857359 212.45763291418552 254.20338824391365 205.95419107377529 279.96186938881874 249.70085561275482 123.91050438582897 237.86887054145336 288.13655482232571 111.22821602225304 109.9548507630825 173.47193841636181 109.71344032883644 312.3646192997694 109.1861228197813 290.70011278986931 286.62703540921211 132.47883896529675 197.21590262651443 135.93859159946442 424.13204136490822 118.45551757514477 111.96159888803959 134.21956203877926 125.20324815809727 115.98307041823864 160.98205734789371 547.14381529390812 134.39523808658123 159.9194244146347 330.88496352732182 579.99148227274418 200.69892394542694 107.23659195005894 308.07939156889915 987.56484153866768 1039.8271312713623 828.09416946768761 108.96459093689919 139.46339155733585 240.9373517036438 307.45695693790913 226.70312841236591 637.08050689101219 690.65917295217514 294.96249815821648 129.46345569193363 152.3783250451088 122.33807279169559 156.55042269825935 1961.3098092377186 747.56296107172966 177.45075692236423 122.73442322015762 295.91002364456654 155.44771531224251 325.65319655835629 155.70548187196255 488.32318037748337 556.85333555936813 299.17353846132755 479.41430172324181 124.7254528850317 124.48043935000896 174.85548342764378 545.99690595269203 202.92917762696743 100.21821205317974 208.42373934388161 125.23038452863693 177.73031920194626 133.68584313988686 335.65671135485172 129.36703453958035 625.65304528176785 137.96291714906693 126.18125814199448 105.47189928591251 2143.8242719769478 177.46099403500557 332.14389871060848 1739.7018120884895
leaf_count=4966 1038 2477 1266 1736 11167 5244 1200 565 1637 1040 954 432 400 877 864 459 1185 1073 403 527 773 759 916 402 636 485 2508 796 598 783 1256 3229 640 563 516 1171 410 744 561 8843 439 506 1191 2241 4375 850 1017 824 1120 999 496 952 1153 445 440 694 439 1250 437 1163 1147 530 789 544 1697 474 448 537 501 464 644 2191 538 640 1324 2321 803 429 1233 3951 4160 3313 436 558 964 1230 907 2549 2763 1180 518 610 490 627 7853 2994 710 491 1184 622 1303 623 1954 2228 1197 1918 499 498 700 2185 812 401 834 501 711 535 1343 518 2504 552 505 422 8579 710 1329 6963
internal_value=2.42836e-05 0.00155159 0.000514764 -0.00207938 8.03335e-06 0.00258088 -0.00153875 -0.00114942 0.00180656 0.000581507 0.000764765 -0.00383766 -0.000360402 0.000105344 -5.67288e-05 0.00186703 -0.000653037 -0.00113672 0.00358143 0.00389964 0.00474692 0.00211275 -0.00308797 0.00102052 0.00124973 0.00203994 0.000272212 0.00354855 0.00122454 0.00176087 -0.000512287 0.00355767 0.000227471 0.00368254 0.001462 -0.00317019 -0.00378001 -0.00249907 0.000196441 0.00253215 -0.00590331 -0.00468505 -0.00228195 -0.00198646 -0.00278457 -0.00148194 -0.000746094 0.00132159 -0.00084406 0.000923204 0.00510578 0.00242904 -0.00310425 -0.00153466 0.00206748 -0.00432626 0.00300272 0.00361965 0.00289108 -0.000389506 0.00578662 0.00281317 0.00504101 -0.000901434 -0.0016302 0.00109032 0.00249809 -0.0021928 -0.00251812 9.12355e-05 0.00382129 -0.00646003 -0.00357284 -0.000197739 -0.00703487 0.00227249 0.0023071 -0.000230959 0.00485485 -0.000177377 -0.00199545 -0.00256116 -0.000797274 -0.00148897 -0.00450134 -2.94192e-06 -0.00299801 -0.00364513 -0.00123754 -0.003263 -0.00330671 0.000492441 0.0052822 0.00706994 0.00438971 0.00801527 0.00598028 0.00412447 -0.0020227 -0.00106264 -0.00256272 -0.00411252 -0.00278865 -0.00270136 -0.0033598 -0.00406534 -0.00249774 0.00130346 -0.000993508 -0.00381429 -0.00280878 -0.00353303 0.000100359 -0.00213346 -0.0040441 0.00187233 0.00502631 4.5932e-05 0.0025873 0.00349822 0.00559696 -0.00314416 -0.00371921 0.00559695 -0.00476456 0.00190935
internal_weight=45683.5 26470.6 13201.9 19212.9 11329.6 13268.6 14723.3 11914.2 7511.58 8538.43 8278.47 4489.64 7037.57 2252.73 5046.51 1532.39 6578.19 5488.93 5757.05 5342.7 3601.75 1740.95 3525.36 1843.73 1551.51 3231.96 1624.63 1872.32 765.547 1089.27 414.347 1023.03 793.082 459.372 2824.13 2809.12 2376.24 1509.27 432.88 5258.85 866.969 757.26 4876.62 4578.96 3043.19 5059.25 3426.15 1290.02 735.617 529.663 1106.78 487.961 1406.79 509.359 224.659 284.7 1318.42 1208.71 616.14 1535.77 407.828 429.679 297.2 3514.12 2575.43 938.692 700.293 246.181 3091.71 1505.71 276.965 964.283 417.139 353.047 457.366 896.345 503.657 307.936 417.266 1411.7 2136.14 1867.92 1228.74 1099.78 349.902 749.881 1633.09 1420.64 1276.32 585.663 289.425 1392.65 3248.7 1035.69 2213.01 879.136 318.659 554.399 1118.65 932.716 636.806 481.359 2966.51 1193.93 1163.73 1027.79 728.62 249.206 309.251 1949.79 1403.79 1200.86 308.642 442.424 317.194 997.756 454.112 251.705 897.302 763.616 250.092 2737.62 2249.3 431.664 892.219 3948.91
internal_count=182818 105941 52824 76877 45330 53117 58908 47668 30065 34163 33123 17969 28156 9015 20191 6131 26318 21960 23052 21393 14422 6971 14108 7378 6212 12932 6501 7494 3064 4358 1659 4093 3173 1838 11300 11240 9508 6039 1732 21050 3469 3030 19512 18321 12177 20241 13707 5161 2943 2119 4430 1953 5629 2038 899 1139 5276 4837 2466 6144 1632 1719 1189 14060 10304 3756 2802 985 12372 6024 1108 3861 1670 1413 1830 3587 2015 1232 1670 5648 8546 7473 4916 4400 1400 3000 6534 5684 5106 2343 1158 5576 13009 4148 8861 3521 1275 2218 4476 3732 2548 1926 11871 4777 4656 4112 2915 997 1238 7802 5617 4805 1235 1770 1269 3993 1817 1008 3591 3056 1001 10955 9001 1727 3570 15806
is_linear=0
shrinkage=0.02


Tree=15
num_leaves=127
num_cat=0
split_feature=12 15 5 140 87 148 53 223 73 15 186 76 212 23 213 78 68 146 157 78 186 25 43 186 53 95 179 118 118 213 73 223 186 13 214 29 67 63 22 95 157 101 179 209 140 117 187 100 129 15 111 159 215 175 188 215 187 63 150 78 152 212 78 148 136 193 142 223 159 177 4 152 117 150 150 81 100 30 214 116 73 215 95 23 117 112 118 179 216 212 213 25 67 116 177 113 223 146 146 186 178 178 224 159 116 116 209 204 3 137 117 150 204 199 78 212 80 149 25 68 63 149 73 15 175 225
split_gain=343.79 70.0105 68.8062 37.7221 37.1258 34.401 30.0491 26.8381 25.7692 23.8048 25.492 19.2266 17.4944 17.4194 17.0301 17.6966 16.0741 15.891 18.8753 22.7461 18.0983 16.7776 15.8832 15.588 15.5507 16.0992 15.4054 15.3349 18.8569 15.6366 18.517 15.3182 14.9002 14.3839 14.2809 13.9596 13.6742 13.6061 13.4048 14.9833 13.729 13.2937 13.026 12.6406 13.7517 12.4151 12.311 13.0298 14.4452 12.2344 12.0728 14.513 12.0929 15.6701 14.3145 14.3124 14.0804 13.1798 13.4754 11.9951 12.4705 11.9549 11.9739 11.9454 12.5463 17.8918 16.6257 14.3239 13.6124 13.5371 13.3195 13.091 11.92 11.9058 12.3356 12.6927 13.1193 11.7728 14.4827 11.6496 14.1847 13.1323 19.2453 13.4921 11.635 11.3807 16.1035 12.7891 11.3133 11.2899 11.2758 10.9546 10.9502 10.8203 10.7963 12.0196 10.5317 10.4488 17.2707 15.6116 12.0944 20.3261 14.7244 12.4609 11.4198 15.7782 15.3373 11.0767 12.1418 10.7628 13.3332 10.7452 10.6556 12.9467 12.5939 10.4486 10.3673 10.7895 10.3557 10.2944 10.2019 10.5781 10.1753 10.1412 10.1349 16.3752
threshold=1.0000000180025095e-35 0.13456061482429507 4.2703632061602556e-06 0.38739830255508428 0.0024594693677499895 0.00096800029859878134 0.31468167901039129 -0.027258225716650483 -4.1663552110549054e-06 -0.4300882071256637 0.023097910918295387 0.0017624567262828352 0.020199950784444812 5.6101467635016895e-05 0.0015991298132576051 -0.00023011366283753884 -0.0037254102062433954 0.20948448777198794 -0.0020177926635369654 0.00061335763894021522 0.0060489329043775806 8.2550195656949668e-05 -0.00026922399410977954 0.021348104812204841 -0.14593575149774549 1.5375460407085486e-06 -0.0025084236403927203 0.0057092714123427877 0.0027593651320785288 0.0023000908549875025 4.0671134229341996e-06 -0.013975173700600861 0.0079189194366335886 2.844183381967014e-05 0.002210966777056456 0.28868135809898382 0.35571795701980596 0.00042297420441173022 0.00068228060263209056 -2.607139686006121e-05 -0.00014301251940196377 0.00083300235564820479 -0.0060507673770189277 -0.00032404258672613645 0.096690155565738692 -0.0037762215360999103 -0.0006002309382893144 0.0010490364511497321 0.26040799915790563 0.02626786753535271 0.00022552174777956682 0.0034624753752723341 0.0026663541793823247 0.00068295598612166952 0.17900302261114123 0.0020219666184857492 0.0001195255681523122 0.00034937278542201971 0.066589012742042555 -0.0014584062737412749 -0.0014902478433214126 0.010915544815361502 -0.00077117563341744233 0.0096742240712046641 0.0019743432058021431 0.0040450054220855245 0.0014307746896520259 -0.013858370017260311 -0.00011495442231534979 0.0011037141666747632 2.1200589799263984e-05 -0.00044349273957777763 -0.0051619641017168752 0.12213600799441339 -0.11547168344259261 0.00079918472329154621 0.00052575816516764473 -8.0528807302471237e-05 0.0013617815566249194 0.00034382205922156578 2.144658719771542e-05 0.0031920790206640963 6.1233658925630166e-05 0.0001624712967895903 -0.0013642534031532703 -0.26294569671154017 0.0045082175638526687 -0.0013049892731942234 0.82213386893272411 0.010538049507886173 0.0021464483579620723 0.00028811172524001455 0.22643069177865985 -0.001248996064532548 0.0010638780659064653 0.55000001192092907 -0.034777713939547532 0.91382122039794933 0.75731855630874645 0.0039842789992690095 0.36196796596050268 0.10730253905057908 0.01083981152623892 -0.00085624758503399778 -0.0016017670277506111 -1.3261104868433902e-05 -0.00021597804880002511 -0.0035091865574941035 0.00036208951496519154 0.00055888594943098735 0.0011630893568508329 -0.040240930393338196 0.00062634830828756105 -0.0058348481543362132 0.00011955607624258847 0.0080026490613818186 0.00053264104644767951 6.0665388446068398e-05 0.00016811492969281974 -0.0008563833835069089 0.00030709629936609423 -1.2225672435306477e-05 1.8764822016237307e-05 0.023872002959251407 0.00093076151097193371 -0.0006077278812881558
decision_type=2 2 2 8 2 10 2 10 8 2 10 2 8 2 10 10 10 10 2 10 8 2 2 10 2 2 10 10 10 10 10 10 10 2 10 2 10 2 2 2 2 2 8 10 8 10 10 10 2 2 10 2 10 10 10 10 10 2 10 10 10 10 10 10 10 10 10 10 2 2 2 10 10 10 10 2 10 2 10 10 10 10 2 2 10 10 10 10 8 8 8 2 10 10 2 8 10 10 10 10 10 10 10 2 10 10 10 10 2 10 10 10 10 10 10 10 10 10 2 10 2 10 10 2 10 8
left_child=2 4 3 12 17 43 7 8 42 61 24 77 63 -6 15 22 -14 18 19 -2 35 -22 -7 50 96 38 -24 28 37 41 -31 34 115 -10 -20 -19 -37 -15 40 -40 -26 -29 -3 -4 45 -45 -16 48 49 59 51 52 55 56 97 -9 -54 -56 -59 60 -48 -5 -63 64 68 66 -66 -67 69 -1 -69 -68 -18 74 123 76 -76 78 -8 81 116 82 -38 -83 -33 -42 -87 -88 -79 -34 -74 -35 -70 -57 95 -27 -11 98 99 100 101 102 -55 -102 -101 109 -107 -108 -109 -106 118 -100 113 -103 -115 -23 -81 -118 -111 -39 -117 -122 -86 -30 125 -96
right_child=1 6 5 9 13 14 11 23 33 10 -12 -13 16 27 46 -17 72 20 31 -21 21 32 26 -25 25 94 -28 29 73 30 -32 84 89 91 -36 36 79 119 39 -41 85 -43 -44 44 -46 -47 47 -49 -50 -51 -52 -53 53 54 57 93 -58 58 -60 -61 -62 62 -64 -65 65 67 71 70 92 -71 -72 -73 90 -75 75 -77 -78 88 -80 80 -82 83 -84 -85 122 86 87 -89 -90 -91 -92 -93 -94 -95 124 -97 -98 -99 111 104 103 112 -104 -105 105 106 107 108 -110 110 -112 -113 -114 114 -116 120 117 -119 -120 -121 121 -123 -124 -125 -126 -127
leaf_value=-0.00015966141597553864 0.0021407974851668987 0.0077311322338454724 0.004359924683438327 0.00093526056889320309 -0.0077310700205861869 -0.0015293919155413502 0.0019179343574641785 -0.00025433011159991219 0.0005264697969664515 -0.0025400736204449588 -0.0069250116922716775 0.001427638630501488 0.0061232316781041542 -0.008836703075326335 0.0041083195977184685 -0.0024404892777898451 0.0056993260258721467 0.00099082860117458561 0.0015983432845208618 -0.0085524758033030564 -0.0022239559112453952 0.0092044762986834942 0.0091119988164728594 0.0031409667263586861 -0.0071190875746718445 0.0087794767163598617 0.0022436263131439967 -0.0046722108915765491 0.0048620700704843827 0.0015290727117737094 -0.0069215562362441516 0.0038077201464854155 -0.0054309257843626361 -0.0062179289190883152 0.0070803576764701557 0.0044916820410930277 -0.00058857886651708039 -0.0049308593515512301 0.0030006200309053844 -0.0037544318600689444 -0.0042205976771341096 0.0035990234141677051 0.0011624375899090828 0.0018340818699095454 0.0032511515379626565 -0.0049896908180370181 -0.0015270938066460776 -0.0053830051969102786 -0.0060818046107966118 -0.0020754712594541168 -0.0074793860802869127 0.0019709018726359884 0.0027229081939401318 -0.0032762556907761607 -0.008239759033861661 0.00089823475221480122 -0.0038490622437137691 0.00032256905047435135 -0.0070718656143846951 -0.00055072568608146167 0.0060066447789877174 0.00062563873853624494 0.0073636910213312062 -0.0016240629626874576 0.0042473112392890497 0.0021146135349840991 -0.003711092114951047 0.0094084660730195599 -0.0058708898075896876 0.0077528619010381007 0.0020424027391132797 0.0028740366127663875 0.0034630841265865676 0.0050111677420763981 -0.004127300266467745 -0.0074602885971639969 0.0048433908661425704 -0.0092708926747393991 -0.0048503175503398456 -0.0023943648780900962 -0.0018088870401110116 -0.0047178360386073799 0.0070801634048182583 0.0027359517132367925 0.00097426049414943915 0.0015503285755171512 0.00079126082594438234 -0.0072397907685824922 -0.0028856864263496007 0.00088218078970840109 -0.00037408934027206874 0.001074558716967298 0.0022935990921624828 -0.0056233276176396859 0.0063099628782116472 0.00040305860335058496 0.0033171261583432284 0.001824867064342412 -0.0071909798917395972 -0.0046547679273092751 0.0029208401150164565 -0.0065239132007239254 0.0050638647043297989 -0.0032568209618475653 -0.0014536813930436194 0.002161278919920121 -0.0085607766405478552 -0.0045257620241196134 0.0015578465007791624 0.0071326742115724031 -0.0023651816615949941 -0.0024044631097777775 -0.0090093348627912958 0.0041947692403779806 -0.0045873416266388745 0.0067655997764974616 -0.011107703197655939 -0.0033362826540910507 0.00067503997642725329 0.0032178917088440452 0.0046480268589632725 -0.00056719242742968529 -0.0060696748526728721 -0.0015142402207774261 0.0021434981550425701 -0.0014318372504354851
leaf_weight=174.08515475690365 168.20428445935249 186.21151141822338 790.19900164008141 280.2070047557354 231.66763263940811 220.65445443987846 127.91596575081348 288.38341075181961 507.10165828466415 118.67421758174896 137.21245518326759 175.13633102178574 279.29749171435833 141.462467238307 141.19315159320831 325.18214392662048 181.58863271772861 887.81010811030865 363.10255309939384 121.22079756855965 526.1503592133522 100.98089453577995 185.94662445783615 161.45077782869339 144.68330493569374 148.89122472703457 410.93015310168266 115.97023537755013 209.2168543189764 117.21856893599033 589.81091974675655 188.17501854896545 105.73436778783798 307.88421787321568 416.35856568813324 112.98776207864285 594.16130968928337 106.47959519922733 596.00113102793694 148.68470543622971 311.42235422134399 161.45544855296612 312.4290247708559 185.61377996206284 419.77701413631439 207.62958383560181 123.92540934681892 307.4347914904356 208.21145848929882 1701.0253918766975 206.3993546962738 242.65046103298664 400.84783306717873 202.45467033982277 328.07521848380566 104.47479224205017 169.41804066300392 241.43704861402512 144.70929259061813 1408.6630120128393 234.11874091625214 137.83237439393997 492.01397733390331 139.66135746240616 3806.9875004291534 216.32496230304241 182.84081387519836 611.07020072638988 130.14898189902306 150.34394426643848 131.67882581055164 278.52451798319817 381.66582953929901 193.95021763443947 119.46966846287251 129.46620199084282 102.48003774881363 460.18428573012352 1447.635050162673 260.21098750829697 1152.3341380357742 395.70292991399765 146.97795549035072 112.23207470774651 170.45319704711437 769.27392430603504 133.96102918684483 162.47132310271263 175.35015080869198 1130.0866658389568 1277.5126047432423 102.97631281614304 101.94612915813923 1342.1444229483604 105.67660105228424 118.68363502621651 1574.7490651458502 216.63414807617664 447.29806946218014 231.70290103554726 205.92499656975269 323.40568251907825 116.71989169716835 290.88077791035175 248.13927489519119 249.89646637439728 120.69281512498856 301.60209031403065 208.16458164155483 283.17617224156857 112.96814355254173 362.33391018211842 303.13514982163906 108.47467117011547 112.95035216212273 172.72424320876598 176.72297252714634 149.98361594974995 154.46777693927288 102.72994492948055 231.46254697442055 398.19740781188011 130.2066448777914 163.44937163591385 1728.6292660683393 821.57516869902611
leaf_count=697 673 745 3163 1122 927 883 512 1154 2029 475 549 701 1119 566 565 1301 727 3552 1453 485 2105 404 744 646 579 596 1644 464 837 469 2360 753 423 1232 1666 452 2377 426 2385 595 1246 646 1250 743 1680 831 496 1230 833 6805 826 971 1604 810 1313 418 678 966 579 5636 937 552 1970 559 15246 866 732 2447 521 602 527 1115 1528 776 478 518 410 1843 5795 1041 4610 1583 588 449 682 3078 536 650 702 4521 5114 412 408 5371 423 475 6304 867 1790 927 824 1294 467 1164 993 1000 483 1207 833 1133 452 1450 1213 434 452 691 707 600 618 411 926 1593 521 654 6918 3288
internal_value=-1.48886e-05 -0.00175551 0.00171706 0.00243614 -0.000576562 4.29647e-05 -0.00280079 -0.00229514 0.000244719 0.00145171 0.00104994 -0.00480906 0.00340072 -0.002708 -0.000739028 0.00140444 0.0018164 7.33776e-05 0.00187837 -0.00260121 -0.000353509 0.000918389 0.00295556 -0.0027318 0.00122851 0.000680074 0.0046094 -0.00212806 -0.000655054 -0.00397553 -0.005517 0.00292512 0.00170472 -0.00173686 0.0046305 -0.00120367 -0.00183421 -0.00446626 -0.000582429 0.00158898 -0.00165182 5.97823e-05 0.00381898 0.00258961 0.000805614 -0.00183594 -0.00133679 -0.00154935 -0.00120133 -0.000875103 -0.00285677 -0.00271677 -0.0028708 -0.00242282 -0.00275991 -0.00434553 0.000706204 -0.00537784 -0.0026603 0.000290933 0.00345625 0.00446193 0.00595381 0.00395973 0.00409969 0.0044034 0.0038149 0.00689113 0.0011931 0.00374436 0.00819036 0.000218565 0.00110413 0.000864946 -0.00035049 -0.00295484 7.26824e-05 -0.00531143 -0.00428366 -0.00210166 -0.00315123 -0.000613588 0.00107832 -0.00302961 0.000130726 -0.00098373 2.24767e-05 -0.00378985 -0.00765094 0.000264154 0.000539321 -0.00442513 -0.00238724 -0.00514651 0.00165617 0.00535052 0.0028818 -0.00233201 -0.00254476 -0.00192738 -0.00333243 -0.00443 -0.000107577 -0.000682253 -0.000682014 -8.54688e-05 -0.00191165 -0.00354286 -0.00207648 0.00192482 0.00344496 -0.00515848 -0.006017 -0.00409205 -0.000293951 0.00362702 -0.00564027 -0.00793828 0.00498254 -0.00099787 0.00271832 0.00143399 -0.00226456 0.00213077 0.00124677 -0.000434926
internal_weight=45575.7 22730.8 22844.8 15974.3 10697 6870.5 12033.8 9647.62 1416.6 7930.64 7020.59 2386.22 8043.68 2484.83 5267.29 1142.71 2120.06 8212.18 1557.72 289.425 6654.46 2665.34 817.531 8231.01 6883.38 5189.95 596.877 2253.16 1268.7 984.455 707.029 1268.3 2139.19 917.962 779.461 3989.12 3101.31 350.672 2266.5 744.686 1521.81 277.426 498.641 1603.22 813.02 393.243 4124.57 3983.38 3675.94 3467.73 8069.56 7863.16 7620.51 5885.51 5315.24 1735 570.266 714.222 386.146 1766.71 358.044 910.053 629.846 5923.61 5783.95 5227.43 4268.35 959.074 556.524 324.429 742.749 461.365 1840.77 918.032 724.082 351.416 221.95 2211.09 1575.55 2988.33 1739.25 1249.07 741.139 507.935 488.835 1377.13 1065.71 296.432 635.534 1235.82 1659.18 410.861 232.095 1446.62 2923.46 267.575 1693.42 4601.02 4384.39 3574.76 1663.95 1167.14 319.175 496.806 1910.81 1679.11 880.356 630.459 509.767 798.751 550.612 809.632 847.966 544.831 221.425 903.365 586.918 326.707 437.644 209.21 802.384 629.66 300.66 372.666 2655.88 927.252
internal_count=182395 90955 91440 63949 42797 27491 48158 38605 5668 31741 28097 9553 32208 9942 21074 4572 8488 32855 6233 1158 26622 10663 3271 32937 27548 20769 2388 9015 5076 3939 2829 5075 8558 3673 3119 15959 12407 1403 9069 2980 6089 1110 1995 6417 3254 1574 16502 15937 14707 13874 32291 31465 30494 23551 21269 6943 2282 2858 1545 7069 1433 3644 2522 23720 23161 20933 17093 3840 2228 1299 2974 1847 7369 3673 2897 1406 888 8852 6307 11955 6958 4997 2965 2032 1956 5510 4264 1186 2545 4944 6642 1644 929 5789 11700 1071 6779 18411 17544 14304 6658 4670 1277 1988 7646 6719 3523 2523 2040 3196 2203 3240 3393 2180 886 3614 2348 1307 1751 837 3210 2519 1203 1491 10629 3711
is_linear=0
shrinkage=0.02


Tree=16
num_leaves=127
num_cat=0
split_feature=11 7 231 231 181 223 34 11 218 34 188 18 221 72 97 27 34 192 11 209 145 225 52 115 80 218 221 165 61 4 157 121 192 215 190 231 103 100 103 154 72 223 64 103 231 112 7 107 231 112 190 23 225 41 221 188 38 182 103 215 224 188 209 213 2 69 66 53 22 173 74 150 95 187 209 43 174 215 205 178 178 27 7 61 118 116 25 218 61 40 195 115 222 218 220 77 39 53 100 26 231 231 97 26 209 178 140 36 73 11 232 187 150 26 77 231 231 73 224 225 222 215 231 91 191 150
split_gain=341.19 69.5466 55.1241 180.139 47.4711 47.3825 32.8162 29.3671 25.0841 28.6473 20.9333 20.253 20.7625 25.7099 20.1365 26.0453 19.7791 18.4645 21.6955 18.6688 18.3992 18.8366 17.2206 16.4215 20.2023 16.2477 16.0189 16.1593 15.6005 15.4149 15.2502 15.6738 15.0541 15.0192 14.8134 14.7577 17.495 16.1612 14.7159 15.462 14.4207 14.285 13.9359 19.829 20.3931 14.8008 14.7203 13.8029 17.2344 13.4986 13.2774 13.2589 13.2319 19.194 17.6002 17.4083 13.1587 13.0128 16.0536 13.6139 13.3515 14.1639 13.2118 12.7879 12.7088 13.3611 14.2824 16.1003 14.2561 17.2319 13.4261 12.986 14.9955 12.6122 12.5205 12.2618 12.1498 11.8965 11.8426 12.5873 14.8471 11.8188 11.7073 11.5609 11.5475 11.3017 11.3546 12.1562 11.9636 13.6188 11.2383 14.3338 11.2145 16.3103 13.8607 11.1085 11.0654 11.0338 11.017 10.9019 10.7131 10.6257 10.5692 10.3672 10.3462 10.311 10.2762 10.2759 10.2589 10.2157 10.1758 10.1692 15.359 10.1481 10.093 9.98592 30.1082 20.4963 13.2664 13.0482 18.7817 16.1656 12.0003 12.0768 18.7983 12.4519
threshold=7.8016160841798423e-05 -0.00012172568312962538 -0.57536083459854115 -0.0065449222456663838 0.71190714836120617 -0.026929282583296296 0.00081094322376884531 0.00028745623421855276 0.00093645122251473378 0.00020401753863552588 -0.3683356493711471 1.0000000180025095e-35 0.012993285432457926 0.00042704302177298819 0.72061368823051464 -0.00027857017994392658 0.0012930392986163499 -0.0051628504879772654 -0.00049604347441345442 -2.0354158550617282e-05 0.0053988369181752214 -0.00027919218700844789 0.00013591486640507358 0.00034620963560882961 0.00025430947425775235 0.0048920088447630414 0.012251379434019329 0.00012213894660817462 0.00011367709521437065 0.00023496861103922131 -1.1306829492241375e-05 -0.00057430853485129763 -0.00017845526599558068 0.0031532583525404338 -0.00054069748148322095 0.17149884253740313 -0.0030141995521262284 0.0005335214373189957 -0.0018292130553163586 -0.0024899168638512488 0.00028253813798073685 -0.0065712761133909217 0.54338762164115917 -0.0008931712363846599 -0.3440686017274856 -0.15266996622085569 0.00020379581837914887 0.0014703918714076283 -0.10235826298594473 -0.1836985573172569 -0.0021315984195098277 4.9707186917657971e-05 -0.00039559604192618275 -0.00075305020436644543 0.0074973539449274549 -0.32614317536354059 -9.6837529781623727e-06 -0.0018269616994075475 -0.00036983456811867649 0.0024111905368044977 0.0039552522357553252 -0.22923568636178968 0.00030566798523068433 0.0018748347647488119 0.00022009454551152888 0.00068153231404721748 0.00088466910528950404 0.2855271995067597 0.00097902014385908864 -0.71166095137596119 -0.24528319388628003 0.038304423913359649 0.00028047396335750824 5.9668514040822637e-06 0.00027138731093145912 4.2682308048824786e-05 0.0072315149009227761 0.0039077720139175662 0.15987747162580493 0.72587195038795482 0.57590964436531078 -0.00047984992852434511 4.8898300519795164e-05 0.00019066881213802847 0.002049801754765213 -0.0015385603182949124 0.00011033230839530007 0.011375599075108768 0.00021245230163913223 -1.0000000180025095e-35 -0.0019486518576741216 -0.00062676731613464643 0.85474950075149547 0.0055375779047608384 -0.0023386534303426738 -0.00039114884566515679 -0.0002090433918056078 -0.0085126990452408773 0.00052121799672022473 0.68604651093482982 -0.61048936843872059 -0.26933941245079035 0.55017200112342846 0.27791328728199011 0.00063218967989087116 0.79697665572166454 0.4613091796636582 0.19041173160076144 -0.00015191750571830195 0.00026919970696326351 1.0000000180025095e-35 8.4016160144528857e-06 -0.1997430622577667 0.90015104413032543 9.0518475190037875e-05 -0.71477618813514698 0.11970336735248567 -0.00011452405669842845 0.02345987502485514 -0.00017976974049815905 0.15351615846157077 0.0033087900374084715 -0.55375361442565907 0.15691440552473071 -0.0014179372810758648 0.0070628987159580001
decision_type=2 2 2 2 10 10 2 2 8 2 10 2 8 8 10 2 2 8 2 8 8 8 2 10 10 8 8 10 10 2 2 2 10 10 10 2 10 10 10 10 10 10 2 10 2 8 2 10 2 10 10 2 8 10 10 10 2 10 10 10 10 10 10 8 2 10 2 2 2 10 10 10 2 10 10 2 10 10 10 10 10 2 2 10 10 10 2 10 10 2 10 10 10 10 10 2 2 2 10 2 2 2 8 2 10 10 10 10 8 2 2 10 10 2 2 2 2 10 8 10 10 10 2 2 10 10
left_child=1 11 38 5 8 16 10 23 -3 47 -5 12 115 103 41 20 22 18 -11 52 21 -16 34 30 49 -17 27 78 -12 42 31 98 -32 -33 -4 37 -37 51 39 109 -28 56 43 46 -45 -44 100 48 50 -25 -10 -13 73 113 55 -55 102 59 -59 -30 -61 -62 -60 -20 65 82 95 68 69 -68 -71 111 -73 -19 101 108 -38 -24 79 80 -6 -39 -40 -49 -27 -76 87 -87 89 -89 -57 -92 93 -43 -94 -67 -50 -58 -7 -66 -21 -42 -8 -14 -53 -96 -46 -101 -15 -2 -52 -69 -113 -54 -41 -1 118 -118 122 120 121 -119 -117 124 125 -124
right_child=2 4 3 6 26 7 14 -9 9 17 28 35 13 75 15 25 -18 19 63 29 -22 -23 77 24 -26 84 40 -29 57 -31 32 33 -34 -35 -36 36 76 81 64 114 74 92 45 44 106 -47 -48 83 96 -51 110 104 53 54 -56 90 97 58 62 60 61 -63 -64 -65 99 66 67 71 -70 70 -72 72 -74 -75 85 -77 -78 -79 -80 -81 -82 -83 -84 -85 -86 86 -88 88 -90 -91 91 -93 94 -95 105 -97 -98 -99 -100 107 -102 -103 -104 -105 -106 -107 -108 -109 -110 -111 -112 112 -114 -115 -116 116 117 119 -120 -121 -122 -123 123 -125 -126 -127
leaf_value=0.0015954476428450045 0.0023620315446529821 0.0037690850510932296 -0.00020586441099365341 -0.0043443366048986874 -0.0031568534365423156 -0.0095573903659381329 0.0035833926109255288 -0.0089800574933497131 -0.00029318427027804966 0.0070500520364536632 -0.0039001974921335221 0.0012764830599146179 0.0058132691689732376 0.0039602565435015629 -0.0038391466556083349 -0.0086098223266641936 -0.0070053182246261857 -0.0014512510069478498 0.0048934749208134048 9.7660716546835142e-05 -0.0045524939330239267 0.0033406877904861927 -0.0066318336269270807 0.0061971705546278334 -0.0056885841132741479 -5.0874763594493823e-05 0.00175547041287692 0.0013727467502821014 -0.0021420113748557034 -0.0015467881697380848 -0.0027213469505017124 -0.0039398113203606509 -0.010616191113193615 0.0048805176033255935 0.0095062636220461343 0.0085353122157063883 -0.001677708863545129 0.0042078126898955816 0.0057554402194141506 0.00024528617912845105 -0.0031341595052190004 -0.00029389000266494448 0.0071039069687577026 0.0019490382756269082 -0.0020777075757273215 0.0013775230408288079 -0.0049358765379613201 -0.001521078971211373 0.0055587396119298879 -0.0019104994543603846 0.0031149509960748862 0.0096498029800202254 0.0045173034265350229 -0.0063122518730015119 -0.0043720313012907339 -0.0029839111197706367 -0.0056142602068220953 -0.0020811698339025021 -0.00085500927891856804 0.00035925832054456533 -0.0010498731464040464 0.0060802817705286729 0.0073634684843799873 2.2776599845817847e-05 0.0022773067541490793 0.0038751303137949749 -0.0041160026174348295 -0.00065518566227739067 -0.0017921756816183466 -0.00093630978412842416 0.0047137658121984187 -0.0028649294366331866 0.0056829894158476682 -0.0065886719686262408 -0.0074366200519743421 0.0033454468042147002 0.0036695990325143956 0.0010591176649774382 -0.006225768822315487 -0.0036157430275595881 0.0050878064803211468 -0.0027044835777559301 0.00018707899056187582 0.0047686141851620732 -0.0056296066344445938 0.00066370298207874001 0.00025907166932012795 -0.010698455736022587 0.00014645299997306915 -0.0014455146759266189 0.0065484654221766424 0.00035032646998901871 0.0036756588833434852 -0.0089800364252240524 -0.0065448001855843386 -0.0024306787674724098 -0.0012486805332069129 -0.00044933086426611696 -0.0013587678217328613 -0.0022450186411449233 0.0034738416423699043 -0.010532687434069493 -0.0026283290999772548 0.00038200195314908183 0.0028484930368606613 0.0011213133126540045 -0.010566979837930788 -0.0067982822033413005 -0.0016713631547573737 -0.0048278354710114589 0.0077755855884909233 -8.9024965452341208e-05 -0.0095149156866122884 -0.0021483242788955374 0.0060354966889534772 0.0025306049001930708 0.0069918430042836509 -0.0015928750419008182 -0.0014913957291019418 0.0027380659837178351 -0.0026766034773489183 0.0057201173719116649 0.0065562453075930349 0.0012043625177670827 0.0097336428535458545 0.00046342308268988361
leaf_weight=1807.4332168996334 123.48127560317516 1382.2664324045181 126.21079871058464 267.68975818157196 127.46462699770927 213.87261809408665 502.89153915643692 1699.8812109977007 143.09392701089382 291.99097247421741 187.92723207175732 128.56943160295486 426.22791716456413 122.86967715620995 200.18768654763699 433.24849966168404 158.61521896719933 519.06177440285683 257.87059879302979 616.76441240310669 370.81346942484379 417.88360227644444 126.6579056084156 106.21010042726994 386.81365777552128 248.80082231760025 254.1699670702219 1257.7663104534149 165.45980232954025 821.31026010215282 141.90603801608086 192.37108239531517 463.83458948135376 101.70095138251781 103.45393025875092 117.24666653573513 373.37298065423965 595.21503619849682 216.21825425326824 191.47175297141075 200.71388867497444 139.4654304087162 304.39867372810841 172.19651013612747 118.95836380124092 435.10913683474064 107.47889657318592 397.33289057016373 111.41504172980785 217.41008327901363 329.42994059622288 560.33747509121895 368.28551588952541 126.19073314964771 536.86259837448597 186.66033697128296 168.21874432265759 555.64901767671108 139.46909312903881 337.17603471875191 124.22547237575054 742.36474184691906 147.96766616404057 963.18245078623295 158.9737353771925 100.98542058467865 117.73094260692596 234.1922801733017 382.19157172739506 206.96868872642517 759.64307436347008 151.9589159488678 138.72401590645313 297.68036577105522 133.72800312936306 260.64433597028255 280.1779670715332 167.91374737024307 196.95338706672192 300.19719877839088 200.44630144536495 103.63892547786236 422.69296728074551 142.43411874771118 349.1853371411562 179.46552304923534 623.37824405729771 175.70668505132198 108.72247219085693 104.72092223167419 200.91731947660446 467.61698964238167 148.72363302111626 213.70113372802734 157.21712252497673 1926.4141120612621 331.81641878187656 1406.8959958553314 101.46869012713432 1270.1469307392836 947.58132377266884 139.72581885755062 122.96758985519409 209.56214144825935 130.80284015834332 107.72426052391529 116.47831864655018 226.43335019052029 1457.043727055192 161.72419469058514 589.65333577990532 106.21676252782345 180.19028414785862 106.21397393941879 312.70428259670734 410.30500911176205 259.21181359887123 200.57808877527714 101.15713214874268 1074.5905394107103 596.08456614613533 259.77465879917145 374.47632986307144 156.4353299587965 612.71885968744755 208.21488784253597
leaf_count=7236 494 5534 505 1071 510 856 2012 6809 573 1169 752 515 1707 492 801 1735 635 2077 1032 2468 1484 1672 507 425 1548 996 1017 5032 662 3286 568 770 1857 407 414 470 1495 2384 865 766 803 558 1218 689 476 1741 430 1590 446 870 1319 2245 1474 505 2148 747 673 2223 558 1349 497 2970 592 3854 636 404 471 937 1529 828 3039 608 555 1191 535 1043 1122 672 788 1201 802 415 1691 570 1398 718 2494 703 435 419 804 1871 595 855 629 7707 1328 5629 406 5082 3792 559 492 839 524 431 466 906 5831 647 2361 425 721 425 1251 1643 1039 803 405 4302 2386 1040 1500 626 2454 834
internal_value=-1.72354e-05 0.00146905 -0.00203032 -0.0028682 0.00060385 -0.00612979 -0.00102155 -0.00703622 0.00126184 0.000908718 0.000765166 0.00269582 0.00223831 0.000688102 -0.00197646 -0.00350769 -0.00125398 0.000363353 0.00233633 -0.000105278 -0.00115145 0.00096776 0.000679664 -0.00524556 -0.00271841 -0.00570228 -0.00126529 -4.67651e-05 0.0013662 0.000838189 -0.00665511 -0.00419915 -0.00891277 -0.000772875 0.00458009 0.00436774 0.00203973 0.00550753 -0.000669577 0.00187981 -0.00257283 -0.000917687 0.00153906 0.000684896 -0.0031716 0.00385963 0.00165158 0.00300799 0.00398074 0.000956212 0.00534206 0.00740655 -0.00132502 -0.000434093 -0.00153199 7.79378e-05 -9.00045e-05 0.0018445 -0.00011302 0.00303409 0.00376893 0.00505755 0.00357952 0.00111369 -0.000979264 -0.000467004 -0.000869466 0.000218314 0.00146303 0.00262205 0.00350953 -0.00201279 0.00131767 -0.00343643 -0.00324609 -0.000518122 0.000655581 -0.00245918 -0.00219202 -0.000774079 0.00188572 0.00313601 0.002189 0.000249728 -0.00338526 -0.00230311 -0.00161397 -0.00360644 -0.0055119 -0.00756936 0.00114356 0.00234919 -0.00323064 -0.00574947 -0.000914211 -0.0020818 0.000628618 -0.00106441 -0.00715766 -0.00248524 0.00216077 -0.00658666 0.00231933 0.00408932 0.00847892 -0.00356786 -0.00677615 -0.0030145 -0.00118936 -0.00176415 0.00620698 -0.00385234 -0.00625322 0.0029987 0.0039298 0.00286734 0.0033978 0.00188746 0.00529464 0.00120735 -0.000371618 0.00260015 0.00569656 0.00660657 0.00728207 0.0044667
internal_weight=45573.3 26220.1 19353.2 11964.2 15393.4 4308.32 7655.85 3625.47 11390.3 10008 2667.93 10826.7 8537.33 2476.35 4987.92 2020.12 682.852 7962.81 1513.04 6449.77 988.885 618.071 524.236 1925.59 710.434 1031.23 4003.16 2082.83 2400.24 3640.28 1215.15 609.413 605.741 294.072 229.665 2289.36 770.798 1518.56 7389.06 789.382 1920.33 2967.81 2818.97 2079.46 407.633 739.508 1671.82 2045.18 1505.41 323.62 1062.18 819.71 2809.49 1992.75 1518.25 981.385 2200.97 2212.31 843.086 1369.23 1203.77 866.59 287.437 1221.05 6599.68 4944.13 4305.22 2277.82 1466.53 1084.34 966.612 811.282 290.683 816.742 1666.16 1840.56 653.551 294.572 825.062 628.108 327.911 698.854 638.911 539.767 597.986 1325.72 1191.99 568.616 389.15 280.428 855.195 668.534 766.832 353.167 413.665 2027.4 443.231 1575.11 315.341 1655.55 1564.35 340.44 625.859 635.79 691.14 264.941 235.437 1496.58 1579.91 285.205 919.083 520.599 286.407 474.499 504.176 6060.98 4253.55 2390.24 1863.31 2131.03 1056.44 460.353 1762.15 1351.85 1195.41 582.691
internal_count=182395 104950 77445 47883 61600 17249 30634 14516 45584 40050 10674 43350 34180 9912 19960 8086 2733 31863 6055 25808 3957 2473 2098 7707 2843 4129 16016 8333 9603 14566 4864 2439 2425 1177 919 9170 3087 6083 29562 3158 7683 11874 11280 8321 1631 2959 6690 8187 6027 1295 4253 3284 11242 7974 6075 3927 8806 8851 3373 5478 4816 3467 1150 4886 26404 19780 17224 9113 5867 4338 3867 3246 1163 3268 6666 7366 2617 1179 3301 2513 1312 2799 2556 2160 2394 5304 4769 2275 1557 1122 3422 2675 3068 1413 1655 8111 1774 6302 1262 6624 6260 1362 2504 2546 2769 1060 942 5988 6323 1141 3680 2083 1146 1899 2017 24268 17032 9570 7462 8531 4229 1843 7057 5414 4788 2334
is_linear=0
shrinkage=0.02


Tree=17
num_leaves=127
num_cat=0
split_feature=11 230 5 33 146 155 129 53 167 53 204 11 62 177 104 62 230 194 62 52 193 118 190 28 27 149 69 203 139 95 24 62 232 216 152 215 179 204 177 59 152 149 183 89 213 62 188 19 213 79 136 80 1 222 204 100 40 190 213 34 167 80 66 138 100 190 138 53 213 136 226 104 226 79 190 175 118 179 104 118 155 15 149 79 11 173 147 57 151 147 1 232 226 193 230 150 183 5 177 3 173 37 146 80 167 226 188 217 89 1 19 221 145 177 221 28 139 74 62 187 221 151 11 129 53 150
split_gain=355.562 75.4441 69.269 44.2837 41.4647 36.0707 35.0704 33.556 20.9848 20.7414 19.5432 19.5289 18.4656 17.291 19.5935 16.7879 16.6333 16.3353 16.2815 16.4465 16.15 15.891 15.7483 14.9695 16.4653 20.4192 17.452 16.4257 14.6677 14.5663 14.4541 17.2251 14.1669 14.139 14.1073 14.0878 13.9367 17.278 14.0613 13.8827 13.8689 13.589 13.4366 13.1338 14.4471 15.9436 12.9005 12.4917 18.1387 12.8911 12.4861 12.4842 12.6173 12.398 12.3906 13.4332 17.3288 11.9562 16.6328 11.7603 11.7592 18.0677 11.712 18.7953 13.2625 12.6087 11.7092 11.6008 12.6004 14.8859 12.0837 13.0997 11.397 11.3602 13.0571 12.4886 11.2939 13.8062 15.7416 11.2739 11.1818 11.0977 11.0537 11.0165 11.003 16.8713 21.5585 11.1987 11.1879 11.0068 11.4115 10.9902 12.2485 10.6932 11.4031 10.6257 10.5334 10.4637 10.4658 11.9554 10.397 10.5852 10.3864 16.8933 10.3839 10.3568 10.3483 10.3097 10.2736 10.2661 14.9668 10.2132 10.1653 13.0425 10.16 10.137 12.593 10.1287 15.4099 15.4195 14.412 12.025 13.7001 14.7732 20.8125 17.3125
threshold=8.2038666732842116e-05 -0.82781365513801564 2.0713865751531561e-06 -0.00016023383068386463 0.23039454966783526 0.0057227059733122596 -0.33623474836349482 -0.1269748508930206 0.19593985378742221 0.2855271995067597 0.004484098870307208 0.00045873137423768645 0.00051886148867197346 0.0018096003914251926 0.0023249230580404405 0.00085972185479477059 -0.99799686670303334 0.002191570471040905 0.00012623455404536801 4.9064419727073989e-05 -0.0098769487813115103 0.0028736338717862968 0.003992298850789667 0.00027901242719963198 -0.00047396717127412552 -2.277541989315068e-05 0.00061153614660725008 -0.00020587623293977228 0.0014983916771598162 0.00017955461953533816 0.0001336902932962403 0.00021707285486627373 5.0000000000000009 0.47508685290813452 -0.00097812653984874465 0.0048641308676451453 -0.00073769394657574583 0.00073963668546639394 0.0015504673938266935 -0.21959222108125684 0.00013486893294611948 5.1169943617424003e-05 0.011382929049432279 3.6531129808281555e-05 0.0014061207766644659 0.00012273384345462548 0.046762451529502876 -4.5213704652269364e-05 0.0027669996488839392 0.00068114459281787287 0.0035436667967587714 -0.00081368355313315977 -4.6051285607973107e-05 0.47216925024986273 -0.010482606943696736 0.00030988737125881022 0.00010100420695380309 -0.0015941364108584819 0.0015228219563141467 0.00048585140029899781 -0.51150497794151295 -0.0021861718269065018 0.001410767494235188 0.00092669122386723768 0.00049106150981970142 0.0017025481211021545 0.00048907846212387096 0.092330180108547225 0.0010361664462834599 0.0017420325893908741 0.1818337291479111 0.00071434836718253802 -0.20559154450893399 1.384284314553952e-05 0.00010956154073937797 0.00093076151097193371 -0.0044570572208613149 -0.0029609701596200462 0.00056563393445685517 -0.0061507872305810443 0.0012816915987059476 0.19136407226324084 3.6740591895068071e-05 0.00030624977080151444 0.00022905319929122928 -0.56195852160453785 -0.0069069196470081798 7.0110668275447105e-06 0.35000000894069677 -0.0043660241644829503 -1.1423284377087837e-05 2.5000000000000004 -0.12607136368751523 0.002649423549883068 -0.98120620846748341 0.16882925480604175 0.0084205102175474184 -3.8631498682661907e-05 0.0018924711039289834 -0.00040827417979016895 0.34344692528247839 0.65000000596046459 0.25603760778903967 -0.0016743491869419811 -0.29906864464282984 -0.017299407161772248 0.15002194792032245 -0.0050431850831955663 -0.0001377355583827011 -0.00036338809877634043 -9.1054698714287938e-05 0.0098065952770411986 0.0062861531041562566 0.0017860272200778129 0.0040999315679073342 0.00014053085033083337 0.00080912362318485986 -0.18941719830036161 0.0003226377302780748 6.3907737057888894e-05 0.013668617233633997 0.35000000894069677 -0.00023785237135598433 0.018513067625463012 -0.023235742002725598 -0.0022776834666728969
decision_type=2 2 2 2 8 8 2 2 2 2 8 2 10 2 10 10 2 8 8 2 10 10 10 2 2 8 8 10 2 2 2 10 2 10 10 10 10 10 2 8 10 10 10 2 8 8 10 2 10 10 10 10 2 10 10 8 2 10 8 2 2 8 2 10 8 10 10 2 8 10 8 10 10 8 10 10 10 10 10 10 8 2 10 10 2 10 10 2 10 10 2 2 8 10 2 10 8 2 2 2 10 2 10 10 2 8 10 8 2 2 2 10 8 2 10 2 2 10 8 8 10 8 2 2 2 8
left_child=2 3 4 5 12 11 33 16 42 13 23 36 28 14 32 108 111 84 19 -5 41 -16 102 24 73 27 51 -26 30 54 31 76 34 40 -3 -30 37 57 46 107 60 -18 43 44 91 -46 -38 48 -13 100 -32 -27 114 -7 -20 56 -56 -2 59 -59 -4 -62 -11 64 -64 -65 -39 72 -69 -70 71 -71 -36 -9 -75 105 79 -78 -79 -1 -10 -34 -28 -55 87 88 -87 -15 -86 -88 -91 115 -93 94 -51 97 -57 98 99 -33 101 -49 -19 -104 -99 -76 -60 -25 -14 -22 -111 -6 113 -66 -53 -8 -117 118 120 -120 -47 -119 -123 124 -124 -125
right_child=1 9 6 18 7 53 8 10 80 62 -12 47 15 17 21 -17 20 22 29 -21 109 -23 -24 39 25 26 82 -29 35 -31 50 95 81 -35 67 -37 38 66 -40 -41 -42 -43 -44 -45 45 117 -48 49 -50 93 -52 52 -54 83 55 96 -58 58 106 -61 61 -63 63 65 112 -67 -68 68 69 70 -72 -73 -74 74 75 -77 77 78 -80 -81 -82 -83 -84 -85 85 86 89 -89 -90 90 -92 92 -94 -95 -96 -97 -98 104 -100 -101 -102 -103 103 -105 -106 -107 -108 -109 -110 110 -112 -113 -114 -115 -116 116 -118 121 119 -121 -122 122 123 125 -126 -127
leaf_value=0.0022938559498982352 -0.0030459139267964121 -0.0073037198831330035 -0.001600374624875148 -0.0037456628570870943 0.010934569729997594 -0.0021536634551945905 0.0048273440575489135 0.0056475870430740729 -0.0074138571376424654 -0.0044285954455380565 -0.0012549382627555874 0.0033979728310631458 0.011285786239602207 -0.0014188139033980932 -0.0073864610463660685 0.001072100607708238 -0.005549127885307154 0.0071378559551917185 0.0023386365877264294 -0.011666266271559363 0.0057216160368315514 -0.00023361671623410742 -0.0022752311181484168 -0.0093788155323966081 -0.00034845921342748501 0.0071996752746768021 -0.0052121036925092592 0.005051916732465812 -0.0017812743165255677 -0.008251448159777788 0.0024037866214083174 0.0033894036048659044 0.0076460870629295142 -0.0025240401107614308 0.0039285074695479269 0.0035571429778603197 -0.0040950420554115834 0.0028322333213921642 -0.0081660039652729863 0.00067404090559685531 0.0098351614450630249 0.002597956912387369 -0.0064029539355122834 0.0048801433194231988 -0.0048031151252987108 0.00091290774202807225 0.0033050938805005599 -0.0050601394191627262 -0.0058666396944929856 -0.0021132964152605223 0.0071814678206162212 0.0066936067838497346 -0.0011725410155986305 -0.0030713057040896155 0.0036267420614652848 -0.0059555642522961631 -0.0035804821128182906 0.0021142592214558674 0.0033301986129611774 -0.0056495976675005576 0.0055170837927517469 -0.0015720174259200887 -0.0023388114630187697 -0.0016116996854399867 0.0038471183828537193 -0.007376962385418042 -0.003011476961117436 -0.007200518499377309 -0.0079201457491125549 0.0036061054144864539 0.0032185685221308388 -0.0020050247408894871 -0.00039686501864423491 -0.00085302420791037573 -0.0041495733377511406 0.00519087714611444 0.0017871960006365969 0.0086988738774095714 5.405190016102201e-05 0.0099147879467345653 -0.001990119963322145 -0.00093759948113753444 -0.00076873351499367429 -0.011181640781908704 0.00068278828236796856 0.0038781180792459564 -0.0053612899613010249 0.0044701748882021268 -0.006820105517450905 0.0036450949182183327 -0.0022587410981382066 0.00055960988603480746 0.0081774022712929016 -0.0026410266533919268 -0.0090204557025911868 -0.003684206126622474 -0.0016419485631852602 0.0003602433985048423 0.0047566488747544959 -0.0025336983207492475 0.0033224202772729472 0.0020424133299054444 -0.0035618382895099593 0.0033157321085610361 0.0086812998954531821 0.003853083175307056 -0.0015725571348846664 -0.00078078445964588285 0.0030934060707634992 -0.0032470278045906341 0.0027310484768500337 0.0030637689049915953 0.0076745755526220726 -0.004255895135805053 0.0011926199249714974 -0.0034007477439389078 0.0026571534724398145 -0.0031609903998142093 0.0012826287027521046 0.0089198046303061058 -0.0045552530640031157 0.0017065518510712258 -0.001593507022326833 -0.0080443894926857384 0.0052022486697691902 0.0010752292703277847
leaf_weight=135.06136246025562 250.94245640933514 120.48117530345917 175.09573696553707 200.26808767020702 141.03172828257084 159.90099969506264 150.43535894155502 509.09173154830933 159.71900478005409 863.89715392887592 1595.1686055660248 209.13336987793446 275.21452794969082 212.47511853277683 329.93578958511353 137.77090235054493 160.59929412603378 198.20711572468281 105.43092094361782 285.28060184419155 430.16084204614162 194.70462767779827 245.95144319534302 109.46471363306046 336.0191758275032 110.41562224924564 288.1487972587347 648.81418277323246 410.76363192498684 384.29301565885544 347.00024466216564 179.74523256719112 117.97837215662003 143.90724976360798 305.70228078961372 346.63121820986271 238.15595087409019 141.70594388246536 177.16278454661369 346.15357248485088 120.66319127380848 133.37749902904034 108.73120777308941 203.9749943614006 301.66067357361317 978.47545316815376 130.19855411350727 294.34126964211464 113.94355325400829 140.36861644685268 735.09480354189873 158.90833032131195 709.05463996529579 112.1872281730175 157.63692027330399 1433.5180693715811 538.72226941585541 115.46708211302757 1027.6952116191387 176.69135767221451 624.0009251832962 175.38228438794613 297.60004986822605 414.8425969928503 199.42715936899185 234.14020925760269 1029.6429527103901 135.72646623849869 106.73304662108421 167.72307413816452 238.45456604659557 1551.9688364416361 955.58693189918995 400.21210451424122 117.67932605743408 525.67067278921604 868.58647929131985 281.04554894566536 117.34961457550526 227.17280608415604 1220.9792639017105 99.982709050178528 853.27692872285843 270.47127667069435 102.980095744133 347.43913713097572 239.20858743786812 281.94368372857571 284.44496069848537 173.72009982168674 384.89981754124165 149.94744651019573 182.93615344166756 316.94602620601654 427.61688502132893 146.09357409179211 290.42184498906136 103.14221142232418 164.56233406066895 411.75844657421112 108.9310989677906 101.94586557149887 153.47626107931137 860.10851223766804 129.61769856512547 102.19406622648239 193.69053085148335 104.97000996768475 101.38532628118992 159.07326786220074 3734.5125943273306 148.55310060083866 112.44946211576462 105.2100595086813 590.01190757751465 293.89860673248768 224.91481448709965 691.02184836566448 297.64285476505756 151.45937970280647 218.95602904260159 910.10586430132389 879.81721410155296 218.97251957654953 205.46123787760735 121.2334793061018
leaf_count=541 1004 482 701 802 565 640 602 2038 639 3457 6383 837 1103 850 1320 552 643 793 422 1143 1723 779 984 438 1345 442 1153 2597 1645 1540 1390 720 472 576 1223 1388 953 567 709 1385 483 534 435 816 1207 3915 521 1178 456 562 2945 636 2837 449 631 5740 2157 462 4112 707 2498 702 1191 1660 798 937 4120 543 427 671 954 6209 3823 1602 471 2104 3479 1126 470 910 4885 400 3414 1083 412 1390 957 1128 1138 695 1540 600 732 1269 1712 585 1163 413 659 1649 436 408 614 3441 519 409 775 420 406 637 14954 595 450 421 2361 1176 900 2765 1191 606 876 3642 3520 876 822 485
internal_value=-6.09368e-05 -0.00213355 0.00144227 -0.00344715 0.00217136 -0.00236213 6.0202e-06 0.00154254 -0.000500578 -0.000933859 0.000698475 -0.00183289 0.00368451 -0.000445363 -0.00128751 0.00725408 0.00282537 0.000601197 -0.00525583 -0.00867678 0.00251077 -0.00483795 0.00220115 0.00122817 0.00155473 0.000803972 -9.82713e-05 0.00323908 0.00325602 -0.0046297 0.00375502 0.00294989 -0.000774612 0.00310025 -0.00108311 0.000690578 -0.000962727 -0.000406002 -0.00383856 -0.00183434 0.00387133 -0.00192275 -7.52939e-06 0.000125264 -5.27399e-05 -0.000495897 -0.00144388 -0.00356958 -2.10145e-05 -0.00438229 0.00572081 0.0012649 0.000724104 -0.00718391 -0.00401815 -0.00431196 -0.00189326 0.000842209 0.00151817 -0.00264229 0.00294992 0.00396135 -0.00262732 -0.00143867 0.000796214 -0.00385005 -0.00226885 -0.000825913 -0.00169687 -0.00126951 -0.000830592 -0.0014226 0.000696445 0.00320128 0.00203608 0.00356873 0.00425694 0.00327453 0.0062768 0.00734198 -0.00271444 0.00396073 -0.00196088 -0.00907452 -0.000559633 -0.0013947 -0.000148597 0.00198263 -0.00489017 -0.00195411 -0.000360229 0.00211385 0.00497216 -0.00581978 -0.00744341 0.00103235 -0.00525604 0.00178842 0.000593983 -0.000681809 -0.00173867 -0.00322265 0.00313189 0.00222556 0.00531428 -0.000418915 0.0025399 -0.00559559 0.00934751 0.00281967 0.00247147 0.00735572 0.00303778 0.000958859 0.00250358 0.0005891 -0.000773392 -0.000198574 0.00105597 0.00412874 -0.000145379 -0.000883522 -0.000188579 -0.0014054 -0.000236103 -0.00491533
internal_weight=45610.1 19170.1 26440 9132.71 17530.6 5737.14 8909.39 12412.6 7670.34 10037.4 7505.25 5194.58 5118 7809.83 4324.98 514.371 4907.31 3484.85 3395.57 485.549 4617.72 524.64 1457.74 5910.09 5349.5 3694.65 2709.82 984.833 4603.63 2910.02 3846.23 2764.14 3800.34 1239.05 3582.38 757.395 3481.35 2935.84 545.517 560.588 1095.14 293.977 6289.65 6180.91 5976.94 4974.81 368.355 1713.23 323.077 1390.15 1082.1 1568.39 1457.97 542.56 2525.73 2420.3 696.359 1764.49 1513.54 292.158 974.479 799.383 2227.57 1363.67 714.687 648.983 1171.35 3461.9 2200.61 2064.88 1958.15 1719.69 1261.29 1654.85 1145.76 745.544 1629.22 1266.98 398.395 362.234 1380.7 217.961 1141.43 382.659 2027.11 1532.69 1145.27 494.419 387.425 797.829 558.62 1002.13 332.884 884.932 567.986 1134.92 1723.94 988.826 756.066 591.504 505.218 396.287 1211.79 1013.58 232.76 219.873 1221.39 214.435 376.6 4323.75 3893.59 289.585 417.087 304.637 748.92 669.249 518.813 4673.15 1646.53 449.102 1197.43 3026.61 2335.59 1425.48 1085.28 340.206
internal_count=182553 76717 105836 36558 70186 22960 35650 49686 30690 40159 30035 20788 20500 31245 17303 2061 19651 13942 13598 1945 18491 2099 5832 23652 21409 14785 10843 3942 18439 11653 15406 11071 15204 4960 14332 3033 13930 11747 2183 2243 4384 1177 25166 24731 23915 19905 1474 6858 1293 5565 4335 6276 5834 2172 10113 9691 2788 7060 6056 1169 3901 3200 8914 5457 2860 2597 4687 13850 8804 8261 7834 6880 5046 6624 4586 2984 6526 5075 1596 1451 5524 872 4567 1532 8110 6132 4582 1978 1550 3192 2235 4010 1332 3543 2274 4545 6903 3960 3028 2369 2022 1586 4848 4055 932 880 4887 858 1509 17314 15591 1160 1669 1219 2997 2678 2076 18698 6588 1797 4791 12110 9345 5703 4342 1361
is_linear=0
shrinkage=0.02


Tree=18
num_leaves=127
num_cat=0
split_feature=15 229 230 231 32 110 15 78 185 1 230 142 7 230 214 199 148 230 231 23 222 179 191 25 77 231 229 103 116 186 65 74 103 226 212 232 219 226 104 22 62 232 173 142 27 191 212 187 185 61 25 185 90 146 95 61 133 62 216 147 191 186 2 73 61 142 117 127 23 209 138 52 175 31 2 25 5 225 110 34 148 129 95 61 34 109 133 61 138 211 49 138 2 168 31 140 167 77 62 62 179 61 226 232 95 230 222 127 147 77 212 219 149 222 226 187 133 226 199 209 25 175 187 156 222 22
split_gain=286.3 83.2446 82.2709 95.807 51.9071 37.1258 37.9098 36.1464 31.2324 27.3179 25.8127 25.0442 27.7371 22.4768 22.8599 21.3401 20.9234 18.8633 23.0579 18.6436 18.5929 17.8817 16.8139 19.0774 18.0672 18.054 17.2041 16.6029 17.6658 15.5569 15.3596 15.2382 15.1608 14.7903 14.8049 14.7666 14.6906 14.5259 14.3413 14.0332 14.0271 14.0143 13.7634 18.133 19.1405 16.0908 15.8487 15.1524 14.7176 13.4764 13.9898 13.244 16.909 19.4133 14.2059 16.738 13.7103 13.2509 13.2369 13.208 15.6202 13.1262 15.6156 13.0598 13.039 12.9927 18.0113 15.214 12.906 12.7668 13.9138 13.4021 12.7043 16.1635 12.9581 12.6557 12.4599 14.0098 17.4622 12.3844 12.2798 12.0895 11.7438 13.5755 11.8644 14.4883 11.7031 11.6703 11.5537 14.7862 11.5329 19.2103 11.4974 11.4939 11.5271 14.9346 11.4444 12.952 12.891 11.0853 11.5204 10.8902 10.8189 10.7041 14.4755 15.707 14.4864 13.8423 16.5111 16.2502 12.4987 13.2478 12.2678 10.6733 10.6281 10.8494 10.6078 10.5899 10.5143 10.4337 10.4282 11.0925 10.3973 13.4743 10.3863 11.32
threshold=0.011785297654569151 0.074759732931852355 -0.82535797357559193 -0.0327190039679408 0.79366868734359752 0.0013178913504816594 -0.29764582216739649 0.00066345569211989652 -0.0055574616417288772 0.00029987248126417404 -0.74750655889511097 0.0037537174066528682 -0.00016154395416378972 -0.97287458181381214 0.0025586957344785337 -0.015211998950690029 0.0021590678952634339 -0.78396254777908314 1.0000000180025095e-35 9.978530579246582e-05 0.97800594568252575 -0.0024108297657221551 -0.010484921280294655 8.6387615738203763e-05 -0.00098190654534846523 -0.076283793896436677 -0.37620511651039118 -0.00095186414546333243 0.0014530432526953521 0.0026524285785853867 -0.00021696551266359163 0.10007213428616525 -0.00053624631254933764 -0.22826690971851346 0.01345289731398225 3.5000000000000004 0.051075020805001266 -0.15357740968465802 0.00034903800406027591 0.00038614204095210885 0.00035953740007244056 1.0000000180025095e-35 0.50972497463226329 0.00045603078615386044 -0.00015996785805327815 0.0037686132127419118 0.018877957947552208 -2.5248161364288532e-05 -0.010901256464421747 0.00012534448615042495 0.00012311759928707036 -0.021811160258948799 -0.0019187550642527638 0.24857025593519214 0.00012952956603839996 0.00027264097298029816 0.00045512279029935604 0.00042230739200022077 0.84740650653839122 -0.0070593722630292169 -0.0031781095312908287 0.010135409887880089 -0.00027313010650686914 -0.00014326580276247111 0.00028521892090793704 0.001406854600645602 -0.0022474606521427627 -0.00017507829761598257 7.5319283496355651e-05 -0.00047753233229741449 0.00064413520158268522 0.00025657769583631312 0.0011133425286971035 0.00038393691647797828 0.00028618700162041938 9.6784602646948783e-05 -7.5849839049624266e-05 -0.00025317717518191779 0.00033994847035501158 0.00038755226705688989 0.0093841142952442187 0.32153847813606268 0.00027261520153842872 0.00033551469095982617 0.00028733705403283244 -0.00081756664440035809 -0.00018249250570079309 0.00096565322019159805 0.00076695732423104357 0.65128958225250255 0.0018239602795802059 0.00072589103365316998 6.9164405431365608e-05 1.0000000180025095e-35 0.00060878938529640447 0.91962042450904857 0.34105128049850469 0.00046046657371334737 0.00020222534658387306 0.00014956641098251569 -0.001804053026717156 9.9892324215034036e-05 0.16282247006893161 2.5000000000000004 0.0001943666648003273 -0.99873894453048695 0.83746722340583812 -9.185039380099623e-05 -0.0019549023127183314 0.00016118894563987854 0.0085642300546169298 0.14619480073451999 7.9126075434032841e-05 0.78180772066116344 -0.12845876812934873 -3.3639980756561265e-05 -3.2513140467926853e-05 -0.094962850213050828 -0.0072486358694732181 -0.0007906842220108955 5.7691711845109246e-05 0.0012234984897077086 -0.0002329621202079579 -0.0084808566607534868 0.21230075508356097 0.00030477938707917934
decision_type=2 2 2 2 2 8 2 8 10 2 2 10 2 2 8 10 10 2 2 2 8 10 10 2 2 2 2 10 8 8 2 10 10 8 8 2 10 10 10 2 10 2 8 10 2 10 10 10 10 10 2 10 2 10 2 10 2 10 8 10 8 10 2 10 10 8 8 2 2 10 10 2 10 2 2 2 2 10 10 2 8 2 2 10 2 10 2 10 10 10 2 8 2 2 2 10 2 2 10 10 10 10 8 2 2 2 10 2 10 2 10 8 10 8 10 10 2 10 10 10 2 8 8 10 10 2
left_child=1 5 3 4 8 20 17 15 72 16 11 12 80 14 68 -5 30 18 120 27 22 -13 -1 25 31 114 -26 -12 41 39 32 37 122 -21 -35 38 -28 92 -19 -18 64 -29 43 46 45 -45 47 -17 -46 -14 96 -31 -53 -54 124 56 -56 -57 -30 60 -11 81 -63 -39 -33 67 -67 -32 -6 70 -50 -71 73 -2 75 -74 77 -38 -79 99 -3 -23 83 84 103 -86 -15 -85 89 -43 91 -44 -25 -9 95 -95 97 98 -51 -10 -101 -69 -84 104 105 -8 110 -105 109 113 -107 -112 -110 118 115 -24 -52 -77 -109 -65 -7 -122 123 -4 -55 -126
right_child=2 10 9 7 13 6 82 93 79 59 19 21 49 86 -16 42 29 35 -20 33 -22 61 23 24 26 -27 36 28 58 51 65 40 -34 34 -36 -37 76 63 -40 -41 -42 88 90 44 48 -47 -48 -49 69 50 116 52 53 54 55 57 -58 -59 -60 -61 -62 62 -64 119 -66 66 -68 101 -70 71 -72 -73 74 -75 -76 117 -78 78 -80 -81 -82 -83 102 87 85 -87 -88 -89 -90 -91 -92 -93 -94 94 -96 -97 -98 -99 -100 100 -102 -103 -104 107 -106 106 -108 108 112 -111 111 -113 -114 -115 -116 -117 -118 -119 -120 -121 121 -123 -124 -125 125 -127
leaf_value=0.010742339311229079 -0.00029378051743459739 0.0050365793929076676 0.0011225274774992677 0.0068473494480980066 -0.0035912231893967779 0.00099270560117819943 0.0062988192047723403 -0.0068895280467082933 -0.0050512152742283956 -0.0026249287655411052 0.0026548488662267587 0.0016943408835308825 -0.0059730481328751743 -0.0044889460844926713 0.00034433806732833439 -6.3176901090004024e-05 0.002151731208578621 0.0045715871556857805 0.0023587999683340011 0.0077176786126970168 -0.0038879391791482461 -0.0059566183748243177 0.0062147465607689427 0.011571860632134301 -0.0045157011213251396 0.0015792962205757703 0.0057470159118533926 -0.0057198095811019749 -0.010788814237992567 0.0060780630403446476 0.0027762571445409646 0.0021325524603852931 -0.0019469462209230528 0.00561399185508545 -0.00011008496617043726 0.0059312808970579667 -0.00016372610695651276 0.007987004632417527 -0.0012146189431970823 -0.0057442143839049314 0.004800471248174139 0.008651323881442732 -0.00033987239346633852 0.0014907845684571193 -0.0067789802440601067 -0.0061952464452034953 -0.0034098153776922725 0.0060070811015690544 0.0060849421260638125 0.00027835719583294932 -0.0068107688333833485 -0.0069425072328031454 0.0075644021903371172 0.0025193590301692209 -0.0058790965155310852 0.0017411825072802445 0.0017987827729141993 -0.0031180243305814108 -0.0015175388410891659 -0.0042039471806305361 0.004943377413260285 -0.0025869520095332522 -0.010774036975699541 -0.0026904720327985939 -0.0070033823392786233 -0.0040641459082043987 0.0052791580332066899 0.0017953219336561332 -0.010305194565518287 -0.0036320140039937756 -0.0028226112782673398 0.002896085731544506 -0.0022131271377944291 -0.0064704317301153228 -0.0042258449549798264 0.0072237463711144461 0.00029915982986218728 -0.0013881348312782191 0.005061254975254296 -0.0067132743390569943 -0.00086478922583042015 0.0026918355358694231 -0.0033307650713124692 0.002736969992348745 -0.00091064165737417073 0.0047121296289378816 -0.010099994292539107 -0.0033275663978598745 -0.0033892681082916716 -0.00070466579732830011 -0.0030719415705041269 0.0077604921583127552 0.0028463486544140233 -0.0021500842907290004 -0.0040309721994591678 0.005731604826035179 0.0044750295236197874 0.0046525547338343897 -0.0068324192311498564 -0.0037564553661335095 0.0046901693651210186 -0.0046529447095761765 0.0034308910455827625 -0.0033530736419079793 0.0069362535993033429 0.00205119731904735 0.0037877120442529901 0.0014441917367922295 -0.0043780976726985089 -0.00080437395543053714 0.0030135303185117712 -0.0026821992303499376 0.0029214049004952958 0.0010887401769394838 0.0079133680376123547 0.00013292251676181712 -0.00097528090596659929 0.00089229062175890717 0.0085425032411387339 0.0036181171550775442 0.010231126626978804 0.0047610227924247787 0.0017476576676228686 0.0071909919426503908 0.0024009657062719941 -0.00077498711636350671
leaf_weight=106.05278596282005 379.59312383830547 351.86395053565502 234.64483463764191 144.70358949899673 272.48396928608418 104.59948769211769 128.3874759376049 335.44517646729946 305.571402952075 307.9108474701643 322.90785862505436 125.70802642405033 296.93510411679745 229.75777122378349 253.12365199625492 316.38352884352207 103.97944523394108 206.6523282378912 844.67149944603443 177.20474100112915 127.38131603598595 120.47370392084122 274.53357781469822 222.33605812489986 144.99450254440308 442.57343915104866 380.23982352018356 119.73461112380028 128.47818474471569 102.71781231462955 196.70361039042473 115.35950736701488 258.44009843468666 235.93912781774998 612.61430424451828 206.00394196808338 446.89939160645008 218.23265488445759 682.51219612360001 388.64385616779327 186.5918525904417 114.98965032398701 227.6763928681612 847.29036384820938 314.13966728746891 104.72891266644001 176.70446495711803 321.67589271068573 129.18891471624374 239.45844838023186 224.94690673053265 141.72291012108326 100.48151038587093 563.63218934834003 532.29058694839478 495.33451901376247 102.21795108914375 378.11319576203823 118.22815933823586 1036.6385832279921 143.46379046142101 154.67488938570023 295.09829807281494 118.05805669724941 100.35850131511688 100.22750644385815 258.68252032995224 119.71912847459316 231.28739352524281 1071.1482752561569 115.70328071713448 127.17733949422836 183.67958854138851 289.10012017190456 150.93880067765713 182.68062572181225 1462.3912353664637 193.19424490630627 970.61740151047707 906.68158510327339 218.91547331213951 103.46277430653572 450.07299584150314 1939.2871793359518 2524.8000598996878 177.72318960726261 1010.0254466533661 119.14418341219425 105.98224075138569 129.72668641805649 108.2022240459919 217.68842078745365 102.10568404197693 369.84694543480873 932.00589679181576 107.67849749326706 190.43863555788994 104.48013862967491 155.72202219069004 103.96551932394505 115.4166561216116 499.88193511962891 101.21468503773212 123.14760921895504 107.92676198482513 380.26049803197384 261.55578421056271 112.67261819541454 152.1772176772356 168.90539661049843 170.85982529819012 1235.5024006664753 178.41458770632744 150.89788919687271 729.61195240914822 196.48749084770679 269.70758672058582 234.4127603918314 450.16616500914097 464.04482717812061 395.49598701298237 328.00044739246368 931.70968028903008 410.34269888699055 499.66725966334343 3289.6098482459784
leaf_count=425 1519 1408 939 579 1092 419 514 1343 1223 1232 1292 503 1188 920 1014 1266 416 828 3383 709 510 482 1100 891 581 1772 1523 479 514 411 787 462 1034 944 2451 825 1790 875 2733 1555 748 460 911 3390 1257 419 707 1287 517 958 900 567 402 2255 2130 1982 409 1513 473 4148 574 619 1181 473 402 401 1035 479 927 4286 463 509 735 1157 604 731 5855 774 3888 3630 876 414 1801 7762 10103 711 4048 477 424 519 433 871 409 1480 3732 431 762 418 623 416 462 2000 405 493 432 1522 1047 451 609 676 684 4945 714 604 2923 787 1079 938 1802 1859 1585 1314 3728 1642 1999 13161
internal_value=-3.91861e-05 0.00148949 -0.00167939 -0.00292178 -0.00500457 0.00209785 0.00140461 -0.00121837 -0.00323657 -0.000476173 -0.000823346 -0.0020507 -0.000861338 -0.00747283 -0.00456419 -0.000212643 -8.69992e-05 0.00344143 0.004768 0.000874458 0.00324901 -0.00500878 0.00339215 0.00324567 0.00262601 0.00512367 0.00183509 -0.00100487 -0.00268006 -0.000709105 0.00129281 0.00444188 0.00242655 0.00276274 0.00157411 0.00136604 0.00212621 0.00562073 0.000201148 -0.00405867 0.00103593 -0.000334217 -0.000495375 -0.000958334 -0.00174288 0.000535192 0.0016298 0.00308669 -0.00296912 -0.00229835 -0.00129349 -0.000431028 -0.000560075 -0.000385634 -0.000547196 -0.00220632 -0.00462504 -0.000385065 -0.00679275 -0.00298057 -0.000111757 -0.00627231 -0.00818854 0.0040016 -0.00235135 -0.000488556 0.00259319 -0.00187314 -0.00694948 -0.00205852 0.00198106 -0.00290302 -0.00111039 -0.00307452 0.000671227 0.00199808 0.00164393 0.00284623 0.00398528 -0.00530171 0.00282053 -0.00206778 0.000767225 0.000954421 0.000491753 -0.000508978 -0.00914792 0.00235731 0.00171391 0.0040131 0.00238258 0.00378284 0.00915056 -0.00362201 -0.00275888 -0.000213861 0.000552719 -0.00105691 -0.00271782 -0.00270679 0.000707889 -0.00338983 -0.0020127 0.00123736 0.00039797 1.35601e-05 -0.000437525 0.00264525 0.00329861 0.00469966 -0.00109117 -0.00195767 -0.000496758 0.00598861 0.0063829 0.00378645 -0.00379055 0.00386902 0.00721984 0.00229178 0.00711184 0.00794601 0.00315883 0.00508346 3.50287e-05 -0.000345788
internal_weight=45633.7 23620.8 22012.9 10816.1 4848.72 18703.1 11701.1 5967.39 2852.04 11196.8 4917.69 2851.89 2052.47 1996.68 756.895 4222.41 9708.76 2767.94 1672.77 2065.81 7002.06 799.418 6874.68 6768.63 5125.42 1643.21 3598.34 1040.05 717.14 6698.41 3010.35 1527.09 1835.14 1025.76 848.553 1095.17 3453.34 1124.78 889.165 492.623 402.31 470.433 4077.71 3524.14 2709.38 952.019 814.764 638.059 1757.36 1481.69 1184.75 6205.79 6103.07 5961.35 5860.87 1507.96 634.509 873.448 246.706 1488.01 451.375 673.71 449.773 800.336 215.718 1175.21 358.91 816.305 503.771 1443.22 244.892 1198.33 1420.41 668.693 751.712 600.773 3073.1 1610.71 1163.81 1431.64 570.779 223.936 8933.12 8381.83 6323.4 2702.52 1239.78 2058.43 350.699 244.716 553.567 445.365 324.442 1744.98 1409.53 477.525 690.099 499.661 395.18 524.954 219.382 619.601 551.288 3620.87 2284.49 2176.57 2048.18 1336.38 1213.23 882.642 1786.62 1406.36 330.592 713.737 1200.63 471.021 494.654 417.093 562.839 582.103 828.096 723.496 1576.7 644.988 4352.91 3789.28
internal_count=182658 94562 88096 43297 19416 74886 46839 23881 11415 44799 19676 11411 8212 8001 3033 16895 38845 11087 6701 8265 28047 3199 27537 27112 20530 6582 14411 4161 2869 26800 12045 6119 7343 4104 3395 4386 13830 4507 3561 1971 1612 1882 16316 14101 10841 3809 3260 2553 7032 5928 4740 24829 24418 23851 23449 6034 2539 3495 987 5954 1806 2696 1800 3207 864 4702 1436 3266 2019 5775 980 4795 5684 2676 3008 2404 12307 6452 4662 5731 2284 896 35752 33546 25307 10814 4968 8239 1403 979 2215 1782 1300 6986 5643 1911 2761 1999 1581 2101 878 2479 2206 14493 9144 8712 8198 5349 4856 3533 7151 5629 1323 2857 4810 1887 1979 1669 2253 2332 3318 2899 6309 2581 17415 15160
is_linear=0
shrinkage=0.02


Tree=19
num_leaves=127
num_cat=0
split_feature=10 146 53 7 181 63 231 231 199 7 117 154 77 183 231 157 30 187 201 111 176 231 7 99 184 224 7 112 47 147 69 214 153 7 62 62 139 109 214 179 153 176 154 231 192 179 231 176 80 136 62 29 176 21 176 138 154 107 29 67 176 155 111 194 112 184 184 149 99 231 35 227 40 127 154 14 159 227 22 188 187 62 224 231 184 231 182 147 227 218 215 154 178 221 128 176 117 77 138 90 30 215 221 188 76 14 155 153 224 188 222 188 227 236 117 21 199 79 138 236 35 69 152 138 173 99
split_gain=275.587 56.7891 49.3016 39.7557 38.0225 32.3373 31.4881 87.5542 39.0464 24.359 24.0216 24.3263 22.8539 22.6757 22.124 21.6837 21.6055 20.3978 20.3111 19.4085 19.2493 18.6442 27.748 18.2893 17.8516 16.9748 20.4125 16.4736 18.1352 19.7319 16.1212 16.0402 16.0134 15.9457 17.4129 17.9837 16.3694 15.5835 24.2029 14.7442 14.5543 14.4382 15.9726 14.3746 17.6543 16.6101 15.279 14.3181 14.3036 15.0132 14.5851 16.9108 14.147 14.0481 13.8766 13.633 13.5904 13.5031 14.7017 13.2471 13.8184 16.8359 16.7613 12.9228 12.6656 15.6241 18.397 13.6445 13.4273 18.2037 12.5903 12.533 13.5907 14.0052 16.3233 12.5602 12.4321 12.3725 19.6083 12.2298 12.2091 12.0894 15.9296 15.8485 19.917 15.8955 12.9096 12.3052 12.0237 12.018 11.8712 14.0702 15.4204 12.7728 19.0307 11.8095 11.7892 11.5129 11.5042 13.5866 11.4263 11.2823 11.2378 11.2348 12.2251 12.2292 11.2229 11.2184 11.1086 10.8724 10.808 15.7215 10.8069 10.7862 12.3777 15.7131 15.6175 10.7852 10.7713 10.7373 10.7034 10.7024 10.5836 10.5279 10.4578 10.6254
threshold=1.0000000180025095e-35 0.23039454966783526 0.29094147682189947 -0.00012172568312962538 0.82983252406120311 0.00032799890323076403 -0.0065449222456663838 -0.56099891662597645 -0.010761667508631943 0.00018755612109089273 0.00033097580308094626 0.00030342412355821585 -0.0003412760561332106 0.01859273482114077 -0.40074788033962244 0.00049897521967068325 -0.00026134551444556559 -0.0001124555492424406 -0.017054529860615727 -5.627434438792988e-05 0.00088708661496639263 0.1326885595917702 -0.00024196611775550989 0.00031522492645308381 0.62937995791435253 0.03378258831799031 4.4978172809351242e-05 -0.1928376108407974 0.0007204668945632876 -0.0011038592201657591 0.00067506195046007644 0.0012110281968489291 -0.00020724693604279307 -1.0360955457144881e-05 0.00050217361422255646 0.00085972185479477059 0.0014502393314614894 -0.00095880613662302483 0.0016881340998224916 -0.0032501510577276345 -0.0025355614488944407 0.0014220941811800005 0.0028624045662581925 -0.26092512905597681 0.005304167279973627 -0.0016925029340200124 -0.82288655638694752 0.00073574986890889715 -0.0017093442729674278 0.0032409110572189097 0.00014956641098251569 0.70058730244636547 0.0007849463145248593 0.3034526407718659 0.0024597528390586381 0.0012109137023799124 -0.0023849157150834794 0.0014837000635452571 0.12002928182482721 0.27189241349697119 0.0025336970575153832 0.0058628933038562545 3.1740994018036879e-05 -0.00023218890419229862 0.061318583786487586 0.87980124354362499 0.80840566754341137 -0.0001293275490752421 0.0006176407914608718 0.21004468202590945 1.5552323020529005e-05 0.35000000894069677 0.00050583016127347957 6.7570235842140405e-05 2.0383111404953528e-05 0.00011987413381575608 0.0019655352225527172 0.65000000596046459 0.00045196733844932174 0.098582409322261824 -0.00034135181340388948 0.00036697970062959945 0.02839330863207579 0.18437977880239489 0.24867286533117297 -0.74168145656585682 -0.0057159308344125739 -0.0066000120714306823 0.65000000596046459 0.0013779955334030094 0.0026210192590951924 0.00021347401343518871 0.19372010976076129 0.0046648664865642795 0.0011731378035619857 0.0015755152562633159 0.0034368190681561832 -0.00016200165555346754 0.00083841569721698772 -0.00022431278193835166 -0.00074680664693005372 0.0046928573865443477 0.0061317544896155604 0.17900302261114123 -0.00036829836608376349 0.00014680901222163814 0.00032264490437228238 0.00046906733768992131 0.0024268246488645677 -0.027743197977542874 0.27636267244815832 -0.089565686881542192 0.65000000596046459 1.0390822887420657 0.00051400993834249686 0.067123953253030791 0.0037967419484630231 -0.00079799504601396609 0.00062030286062508832 0.05416208133101464 -3.2500174711458378e-05 0.0012129556853324177 0.00038412747380789375 0.00093146596918813895 -0.71166095137596119 0.00054894966888241481
decision_type=2 8 2 2 10 2 2 2 10 2 10 8 2 8 2 2 2 8 8 10 10 2 2 8 8 8 2 8 2 10 10 10 10 2 10 10 2 10 10 10 10 10 10 2 8 10 2 8 10 10 10 2 8 2 10 10 10 8 2 8 10 10 10 8 10 8 10 10 10 2 2 8 2 2 10 2 2 10 2 10 8 10 8 2 10 2 10 10 10 10 10 10 10 10 2 8 10 2 10 2 2 10 10 8 2 2 10 10 10 10 10 10 10 10 10 2 10 10 10 10 2 10 8 10 8 10
left_child=1 33 6 5 17 21 7 25 53 10 11 48 -12 64 -11 -6 47 39 -19 20 118 22 122 -22 102 26 30 28 40 -30 -2 -18 -27 34 36 121 81 77 52 -5 -8 42 -32 44 45 -21 -46 -4 70 50 51 -50 -39 -9 -15 -16 -42 -24 97 -29 61 62 71 -52 65 66 112 -66 107 -70 123 -61 73 74 124 -76 -40 -17 -79 -25 -74 82 83 85 86 -1 89 -83 100 -85 -33 92 -92 -93 -95 -38 -28 -59 99 -41 -67 -97 119 104 -64 -106 -47 -69 -45 -55 111 -110 -7 114 116 -116 -112 -88 -20 -14 -68 -36 -3 -10 -73 -126
right_child=2 3 16 4 15 13 27 8 9 14 12 -13 24 54 55 37 31 18 19 43 23 -23 57 79 -26 32 96 59 29 -31 41 90 -34 -35 35 -37 95 38 76 98 56 -43 -44 108 46 106 -48 -49 49 -51 63 -53 -54 109 -56 -57 -58 58 -60 60 -62 -63 103 -65 67 88 120 68 69 -71 -72 72 80 -75 75 -77 -78 78 -80 -81 -82 87 -84 84 -86 -87 117 -89 -90 -91 91 93 -94 94 -96 101 -98 -99 -100 -101 -102 -103 -104 -105 105 -107 -108 -109 110 -111 113 -113 -114 -115 115 -117 -118 -119 -120 -121 -122 -123 -124 -125 125 -127
leaf_value=0.0022248018603897883 0.0040104492236293096 0.0098683153503788049 0.0031566861421584314 -0.0044974139625446035 -0.0085596667139693893 0.00017896284005636335 0.0084709107168672321 0.0050126156807661386 0.00073488807374708217 -0.012586770883517321 0.0025472910038132259 0.0047572212765335806 -0.0081549021895196312 -0.0090400876224516358 -0.0066671729477699926 0.0014856255714949134 0.001188701028585506 -0.0043600278469809227 0.0097842635994615217 0.0044099600121629097 -0.0033841451335523604 0.00098851213684713777 0.0048967521519299841 0.0049402342687826671 -0.009022126139815085 0.0075260049810711308 -0.0011121559395986713 0.0029901079743795728 0.00012665043728121033 -0.0090351904079666884 -0.002073345173564934 -0.0089513958514152239 6.7903575688386071e-05 0.0010853769431279343 0.010959770477611845 0.00050566563437661979 -0.0011373328130560697 -0.0035220567803546598 -0.0017838984849743995 0.0027464934717993049 -0.003924487573270484 0.0034999740581706548 0.004575368124587316 -0.0061491749180422961 0.0029792637079347258 0.0042058659903043754 -0.0062652403461859983 -0.0026242123527449516 0.00090460739796354144 -0.0059459340656196772 0.0058629854018867446 -0.0088350896145256829 0.0056806684849542103 -0.004336187386525042 0.00022294371275177554 0.00097201859730620954 0.0018759667135347521 0.0027306118854740582 0.0042660683456333453 0.00086137895755823712 0.0054336134933890591 -0.0068102138713454635 -0.0042134967113289755 -0.0024385332756712208 -0.0019210466798692402 0.0030047911766220422 0.0011053122306286486 0.0040548277082695528 0.0033881310542612031 0.012545655203444915 0.005274342962427396 -0.0048603215522743789 0.00088064285334048297 0.0039546474987062529 -0.0083428574338869441 -0.00045998538857199234 -0.0092520341503541138 0.0021989111909094037 -0.0067357874960674935 -0.00063137604214035512 -0.0057262926694974922 0.0094001228039718079 -0.0037879390131590448 0.0042196034383411929 0.0063206713655581271 0.0057030932819442407 0.00015832845060890856 0.0012667284950477096 -0.0046985481469691741 -0.0018367494128488909 -0.00030443569997486885 -0.0074306798905945191 -0.009030176892627027 0.0010046877422561205 -0.0047146561320786607 -0.0017629562981623824 -0.0043791576769645476 -0.004414860040892081 0.0044624575096257751 -0.0041258071356725943 -0.004172648775907316 0.0056106961310446917 1.772764569455097e-05 -0.0043800479998985474 0.0052005787716592478 0.00036542221553181219 -0.0011122645940794137 -0.00075146281061662032 -0.0011144989851660961 0.0026395245291211769 -0.0056816463308549956 0.0086853022878187192 0.0040538015520269711 0.0030987826853820614 0.0043257888144459132 -0.0045231576794730975 5.5632929812173747e-05 -0.0083582919334166308 0.0021014874633643638 -0.00079702640649057389 0.0075485964519784558 0.0036715024042172062 0.0025158849213403889 -0.0065988957006219776 -0.00066150616955557376 0.0054509962268329791
leaf_weight=886.93880853056908 493.09764824807644 425.32888412475586 174.16639640927315 469.58929578959942 204.45170760154724 2626.5626249313354 104.97550560534 196.92251691222191 203.8896487057209 251.99742455780506 106.67081342637539 158.3734782487154 242.53338553011417 122.95128497481346 507.26669365167618 606.87000446021557 147.3682054579258 240.16410368680954 227.4673093855381 875.73047317564487 190.62964877486229 784.59789343178272 696.59538288414478 515.50337694585323 627.64673319458961 176.19203135371208 4525.072340965271 302.93055664002895 315.11861409246922 113.6939544826746 1008.277044609189 339.01016663014889 279.69032062590122 1383.3535127490759 284.23280897736549 141.99043047428131 558.05658692121506 118.98323965072632 142.48122252523899 170.63421073555946 157.45982110500336 324.67964726686478 148.97107039391994 120.2078549861908 100.47008097171783 199.63499861955643 166.95278961956501 1640.9439320862293 120.6922219991684 724.20842264592648 130.92101326584816 143.06136426329613 109.48116301000118 194.13343490660191 116.44556599855423 107.87669351696968 1942.004393517971 126.37069818377495 258.08601668477058 506.08781652152538 101.72046062350273 200.16409651935101 101.97886198759079 132.66051623225212 193.58496503531933 232.64503407478333 182.05900798738003 427.46042074263096 295.00461763143539 118.88671313226223 114.68772481381893 160.95559383928776 127.95116090774536 155.96393030881882 218.70430080592632 125.95877349376678 282.40058100223541 155.96068020164967 214.18894852697849 217.40019892156124 662.54623392224312 253.41071918606758 108.12655946612358 258.88905048370361 214.20580494403839 1425.3302360326052 113.85083356499672 111.77156929671764 333.11867040395737 230.96000878512859 101.06335420906544 226.85937540233135 419.59846141934395 405.96061366796494 507.31884422898293 108.35469488799572 474.1327038705349 223.61893419921398 159.46267947554588 276.16185964643955 116.966164290905 250.65441685914993 194.58406937122345 115.957743242383 370.67796030640602 457.58083438873291 553.57736590504646 333.77898971736431 132.20841154456139 135.91315476596355 414.32313819229603 102.45803751051426 303.66078282892704 196.9376498311758 219.94071467220783 101.7292577624321 336.38981276750565 102.89192028343678 122.39663429558277 120.41084149479866 244.31492598354816 147.757239818573 115.33600854873657 103.71609216928482 573.1024377644062 120.97015438973904
leaf_count=3553 1973 1705 697 1879 818 10516 420 788 816 1010 427 634 971 492 2033 2428 590 961 911 3505 763 3141 2791 2063 2514 705 18104 1212 1261 455 4034 1358 1119 5538 1140 569 2235 476 570 683 630 1299 596 481 402 799 668 6568 483 2899 524 573 438 777 466 432 7770 506 1033 2025 407 801 408 531 775 931 729 1712 1181 476 459 644 512 624 875 504 1130 624 857 870 2651 1016 433 1037 858 5712 456 448 1333 925 405 909 1681 1626 2032 434 1897 895 638 1105 468 1004 779 464 1483 1831 2215 1336 529 544 1658 410 1216 788 880 407 1346 412 490 482 978 592 462 415 2293 484
internal_value=-0.000105582 0.00144924 -0.00165731 0.000811673 -0.000199051 0.00177993 -0.00122924 -0.00185065 -0.00403964 -0.00471253 -0.0038448 -0.00233166 -0.00592259 0.000920834 -0.00768159 -0.0027076 -0.00368116 0.00056064 0.00109536 0.00138564 0.0034818 0.00360385 0.00469331 0.00188952 -0.00671454 -0.000512283 -0.000759692 -0.000156597 0.00108447 -0.00259687 0.000955002 -0.0050359 0.00314551 0.00301369 0.0035208 0.00678836 0.00308765 -0.0018789 -0.00422017 -0.00191575 0.00181748 -0.000101535 -0.00115428 0.000612063 0.00178647 0.00256887 -0.00282647 -0.00204116 -0.00305064 -0.00410983 -0.00146311 -0.00462863 0.000990213 0.00104277 -0.00486464 -0.00533908 0.001408 0.00303431 0.000812756 -0.000917535 -0.00122685 -0.00142748 -0.00110109 0.00180752 0.00119392 0.000623928 0.00118588 0.00284286 0.00364665 0.00647559 0.000132341 -0.00194263 -0.00260569 -0.00135656 -0.00210056 -0.00564525 -0.00694043 -0.000260006 -0.00305146 0.00331467 -0.00466154 0.00367717 0.00326238 0.00352001 0.00126511 0.00439941 -0.000399294 0.00710576 -0.00209399 0.00140404 -0.00550183 -0.00469955 -0.00741038 -0.0033552 -0.00220531 0.000677469 -0.00143822 -0.00182671 0.000163692 -0.00149601 0.000507652 0.00340962 -0.00389425 0.00102871 0.00178094 0.00260094 0.000369608 0.00198214 -0.000764193 -0.00147691 -0.000258742 0.00351027 0.000605274 -0.000999184 -0.00179471 0.00142632 -0.00317608 -0.00424923 0.00735549 -0.00588296 0.00497015 0.00873967 0.00844557 -0.00198976 -0.000575313 0.000526679
internal_weight=45650 22802.9 22847.1 16222.2 7944.79 8277.37 18884.8 11948.3 4518.17 3991.2 3124.06 1832.21 1291.85 5647.44 867.141 1834.82 3962.29 6109.97 5034.12 4793.96 1273.4 2629.93 1845.34 923.533 1185.18 7430.11 6974.23 6936.5 2633.25 428.813 1975.03 2147.18 455.882 6580.78 5197.42 573.98 4623.44 1630.37 653.346 1075.85 2204.44 1481.93 1157.25 3520.56 1896.37 1628.94 267.423 1815.11 1673.84 1251.54 527.335 263.754 228.464 526.969 239.397 615.143 2099.46 1304.67 608.076 4303.25 4000.32 3898.6 3698.44 263.582 5408.04 4039.33 3356.6 1368.72 1175.13 413.891 422.293 2652.24 2146.15 1355.66 1199.69 344.663 424.882 977.02 370.15 732.904 790.497 3706.38 3341.19 3233.07 920.798 2312.27 706.592 365.182 682.73 489.849 1999.81 1660.8 520.662 1140.14 913.279 917.066 4999.21 349.99 606.259 446.796 349.611 359.009 557.528 1046.2 930.238 828.259 753.212 761.239 1624.19 330.047 1503.99 234.666 2930.22 1269.32 1072.38 321.67 750.713 216.743 349.864 362.944 426.374 431.99 540.665 307.606 855.028 694.073
internal_count=182734 91296 91438 64934 31792 33142 75572 47818 18091 15982 12507 7334 5173 22609 3475 7341 15866 24451 20146 19185 5097 10533 7392 3696 4746 29727 27903 27754 10536 1716 7902 8601 1824 26362 20824 2301 18523 6523 2614 4305 8820 5929 4630 14088 7589 6519 1070 7265 6700 5010 2111 1056 914 2109 958 2465 8400 5225 2434 17218 16006 15599 14798 1055 21651 16171 13439 5480 4705 1657 1690 10612 8587 5424 4800 1379 1700 3909 1481 2933 3163 14850 13386 12953 3688 9265 2830 1464 2732 1962 8011 6653 2086 4567 3658 3673 20001 1401 2426 1788 1399 1438 2232 4186 3722 3314 3014 3048 6499 1321 6018 939 11732 5079 4291 1287 3004 868 1401 1453 1707 1732 2167 1231 3421 2777
is_linear=0
shrinkage=0.02


Tree=20
num_leaves=127
num_cat=0
split_feature=11 229 1 15 15 223 195 123 217 63 97 11 139 13 148 174 224 71 13 218 166 114 187 76 148 152 187 139 138 186 236 201 98 73 153 236 34 147 119 117 85 195 148 111 33 17 136 41 91 39 204 224 150 224 97 100 139 150 148 33 201 138 187 192 157 187 224 216 71 174 147 106 65 65 148 3 150 186 74 11 149 39 148 197 195 71 1 152 141 235 100 117 203 15 152 64 114 57 199 133 213 192 24 133 36 100 129 57 90 218 136 217 119 217 34 1 90 117 153 98 77 152 63 159 74 201
split_gain=296.331 68.2934 48.615 47.5808 27.0948 25.6345 25.057 24.5212 27.775 24.4919 20.3519 19.7542 19.3053 18.337 21.3554 18.0423 17.3494 17.3031 17.1083 16.8944 16.8072 17.7369 16.608 15.7867 15.5874 19.6495 15.212 14.9131 19.522 21.0756 20.9723 19.0377 17.5804 17.5368 17.0084 14.5991 14.4194 17.1586 14.1238 14.582 14.7869 14.003 13.8688 13.3314 14.3206 13.1101 17.69 17.2184 14.7792 13.4791 13.0527 16.0178 12.9815 17.8748 12.9058 12.886 15.4931 12.9299 12.7388 12.9007 16.6071 12.7169 12.7157 16.2622 13.8317 12.6962 13.1346 20.8079 15.1301 13.7367 23.2942 13.1583 12.536 13.1947 12.5133 12.8274 12.5078 12.4842 12.3833 14.2141 15.8793 12.3719 12.318 15.0779 12.295 12.2901 13.951 12.2609 12.0671 11.9063 11.8082 11.731 11.725 11.4122 11.0984 11.504 11.0879 15.2687 11.0664 10.8927 10.8876 13.1832 12.7755 15.0971 15.0157 18.3894 14.3475 13.3916 15.5869 14.0345 13.3142 13.2419 12.7547 12.5497 17.4644 14.8519 12.4835 11.6326 15.1049 13.4746 11.5033 16.3982 11.5006 10.9119 10.8967 17.6096
threshold=8.6450112576130791e-05 -0.12564236670732495 5.3166919315117418e-05 0.13744679093360904 -0.35296985507011408 -0.056641465052962296 0.004283490590751172 0.000548218347830698 -0.0021139624295756216 0.00024974334519356495 0.8211859166622163 -0.0015312042087316511 0.0014502393314614894 9.0329760382701362e-07 0.016470476984977726 0.010658533312380316 0.0048498513642698535 -0.0013815531856380401 3.1280291295843206e-05 0.0066697881557047376 -0.0055448710918426505 0.00026117786183021968 0.0004299389547668398 0.0017624567262828352 0.0034455526620149617 8.9192883024225025e-05 0.00037198630161583429 0.0013338343705981972 0.00093635282246395956 0.010050037410110237 -0.10459691286087035 -0.015830143354833123 0.003436585771851242 7.9920697316993041e-05 0.0006810401100665332 -1.2298057079315183 0.00077248859452083718 -0.010475896298885344 1.0000000180025095e-35 0.001950480917003006 0.00066953993518836807 0.0012810631887987258 0.0047666849568486222 5.0710375489870793e-06 -0.0012378655374050138 1.0000000180025095e-35 0.0028577488847076897 -0.00043614223250187928 0.038731943815946586 0.0011441672104410829 0.0001809265813790262 0.0050215502269566068 -0.064530950039625154 0.018484435044229034 0.43878963589668279 0.00068046568776480864 0.0015665970277041199 0.099641565233469023 0.0010906294337473812 -0.00069341022754088033 0.008354957681149246 0.0012934306869283321 -0.00010311454752809367 -0.0011469273013062773 0.00082558224676176916 0.00012558790331240746 0.015779592096805576 0.65024307370185863 -0.0024770478485152121 0.0033808365697041158 -0.0039216282311826936 -0.0012463308521546421 -0.00027025997405871744 -0.00070209571276791383 0.0075079714879393586 1.3277479411044625e-05 -0.1970521807670593 0.0031516074668616061 -0.012078673578798769 0.00028745623421855276 -0.00020296177535783497 -0.00082764882245101024 0.0054924923460930595 -0.00085307637345977117 -0.00082466183812357474 -0.00250663049519062 -0.00020141397544648496 0.00026707150391303008 -0.0016556116170249877 1.0000000180025095e-35 0.00027535433764569467 -0.0020363203948363657 -0.00015534560225205493 -0.52497333288192738 0.00031389194191433495 0.28222352266311651 -0.00064373092027381052 -8.6766922322567539e-05 -0.0046899805311113587 -5.087286081106867e-05 0.0028414209373295311 -0.0084615899249911291 0.00013295272219693291 -0.00036037065729033197 -0.018334678374230858 0.00043212049058638519 -0.39540302753448481 -1.0590647889330283e-05 -0.00089797505643218745 0.00089778366964310418 0.0019171689637005331 -0.0067014358937740317 -0.00077076823799870897 -0.0038093016482889648 0.00030150332895573234 -7.2868770075729108e-06 -0.0020019628573209043 -0.0013642534031532703 -0.00070006662281230081 0.001926977187395096 -0.00033306473051197821 -0.00043476439896039659 0.00021342022955650466 -0.0013630316243506966 -0.20168662071228025 -0.011789101641625164
decision_type=2 2 2 2 2 10 10 2 8 2 10 2 2 2 10 10 10 8 2 10 2 2 10 2 8 8 10 2 8 8 10 10 10 10 10 10 2 8 2 10 2 10 10 10 2 2 10 10 2 2 10 8 10 8 10 10 2 10 8 2 10 10 10 8 2 10 8 10 10 10 10 10 2 2 8 2 10 8 10 2 10 2 10 10 10 10 2 10 8 2 10 10 10 2 10 2 2 2 10 2 10 10 2 2 10 10 2 2 2 8 10 8 2 10 2 2 2 10 10 10 2 10 2 2 10 10
left_child=1 11 4 6 19 17 27 8 42 26 45 36 18 14 16 23 -9 -5 54 24 21 43 50 87 -3 -26 38 33 29 32 31 -30 -29 34 62 -33 93 -38 -7 40 84 -15 65 44 -14 47 -47 48 -11 78 51 -4 53 85 100 -54 -57 -58 -52 60 -60 -8 63 -2 90 66 68 94 -6 71 -71 -70 73 -72 75 77 -18 -35 79 -49 -81 -21 -44 -84 -40 86 -22 -12 91 -63 99 -37 -19 -1 95 -68 -78 -98 -92 -64 101 -13 103 106 105 112 -103 108 109 -105 122 -107 -104 114 115 -112 -102 118 -109 -119 121 -111 -110 -121 -118 -126
right_child=3 2 22 5 7 9 61 13 -10 10 15 12 20 41 -16 -17 76 92 -20 81 52 -23 -24 -25 25 -27 -28 28 30 -31 -32 35 -34 74 -36 88 37 -39 39 -41 -42 -43 82 -45 -46 46 -48 49 -50 -51 58 -53 55 -55 -56 56 57 -59 59 -61 -62 89 64 -65 -66 -67 67 -69 69 70 72 -73 -74 -75 -76 -77 96 -79 -80 80 -82 -83 83 -85 -86 -87 -88 -89 -90 -91 98 -93 -94 -95 -96 -97 97 -99 -100 -101 116 102 104 107 -106 111 -108 117 110 120 113 -113 -114 -115 -116 -117 124 119 -120 123 -122 -123 -124 -125 125 -127
leaf_value=0.0021514120682787682 0.00010593230571205085 0.0048894071319384317 -0.0025572199986139115 0.0079379133796211501 -0.003064258302555673 -0.0030054621251117629 -0.0057334733008199317 -0.0041006800665288577 0.0066062496192182017 -0.0021895464526960813 -0.0068935841734855978 -0.00029844722942397458 -0.0013154604529465399 0.0029360808511659504 -0.0056768443927602379 -0.0082851535137111916 -0.00056062743504396869 -0.0053076745225131916 -0.00463192892025408 0.00059392339325473542 0.0068994842384447128 0.0091183771340573889 -0.0044428866242716787 0.0033501597387717427 0.0031740507569284261 -0.006080846769135638 0.0022664335121433564 0.011220282186341886 -0.0061210389755582927 -0.0026840206037249993 0.0026868905538274747 0.0046599865640990319 0.0026425689003928112 -0.0012109863406468047 -0.0030995171637989496 -0.0032886356924838552 0.0058524103675343655 -0.0041237456409017543 -0.0083232897254389426 -0.00062243605214171952 -0.011022319150682899 -0.0036899053045383978 -0.0041669352699160254 -0.003935597629570191 0.0070423676837539423 0.0016916226723755635 -0.0048191737418690293 -0.00014027557527319527 -0.010487598923192688 0.0031667835018190245 0.0035465775515025155 0.001831003432576375 0.0059797250102626978 -0.0077477960356175995 0.0085598956512837037 -0.005563875230410539 0.0049962406035152958 -0.0016439692038555992 -0.0029745271788237005 -0.0034510895946318243 0.0025573332419589439 -0.0040645553371057774 0.0050204055295044302 0.0067806936957693865 0.0025958989104148634 0.0055515447074000806 0.001234739962938478 0.0052751968368799744 0.0039788797234889678 0.0017017822871441338 0.0087598615310470872 -0.0020616454885540323 0.010552515778344176 0.0021035597099291559 -0.0029593889345683952 -0.0014549327467007439 -0.0014743196942802437 0.006327576826021363 -0.00010320122568763495 -0.0065590489540325991 -0.0022229534656586754 0.0064617993359527602 0.0046093871634817884 -0.0023299374037024493 -0.0027812041157700895 -0.005062556357816962 -0.00080644583546222168 -0.0025500992507024372 -0.0038686328055548181 0.0040424454062584787 0.00082767394297724426 0.0043778126307302467 0.0023279548537684098 0.0086025557460341403 0.0024165359872566762 -0.0044645641866638839 0.0056444835210898523 0.0015312312688024019 -0.0045748512024472426 -0.0021329713600991744 0.0096654575797144489 0.0039999498027110652 -0.0010279725195524712 0.003672084171579965 0.0018798140675063974 0.011422108149293878 -0.0042858977315463611 0.0071563775229327546 -0.0054425466414436434 -0.0037958648967859462 0.0017803018387372068 0.0039050749024789554 0.0060333962289613819 0.0081649266120571527 -0.0027170866377924873 0.0080701870885214397 0.007531977121627057 0.0047586025284911543 0.00143907898979756 0.0019013903424539538 -0.0062320052283274165 0.0037264845253399659 0.0024494133471787841 -0.0055401591890422101 0.0074158796451339361 -0.0017770851681340339
leaf_weight=161.59673571586609 742.29778558015823 213.93794699013233 440.38747034966946 117.19811651110649 180.40615168213844 718.53986875712872 533.38657912611961 256.66299197077751 437.65539658069611 226.67582394182682 372.63132448494434 556.53733503818512 134.31513474881649 137.46748419106007 195.41366921365261 360.67042720317841 1315.8655072152615 109.42621059715748 100.47684551775455 181.52155549824238 104.36342889070511 147.84512923657894 533.30110889673233 117.1557909399271 156.00225409865379 174.81928218901157 100.87877181172371 160.96093425154686 269.43470723927021 119.95236465334892 691.30614148080349 175.20112733542919 238.44161428511143 106.71967707574368 1575.4849095195532 113.47824223339558 126.52573357522488 111.28341579437256 320.74587665498257 142.79572159051895 333.91128189861774 746.53994069993496 285.59890696406364 117.9185378998518 170.85245487093925 187.62459672987461 1042.4282110333443 973.07810693979263 133.6710172444582 246.14203152060509 151.94032330811024 1185.1523472815752 173.03797422349453 156.84734587371349 152.22574995458126 130.64239424467087 223.54005537927151 211.79667539894581 414.8390419781208 1211.4224812984467 413.58507642149925 134.60235922038555 126.96063950657845 161.95716382563114 249.40410947799683 330.50808461010456 186.84044237434864 192.62661537528038 201.30641956627369 1152.8218109309673 169.36251296103001 394.28154234588146 192.12711068987846 371.74780161678791 166.42002895474434 182.43433420360088 360.50564397871494 361.40387441217899 1757.8477124720812 401.99161137640476 1945.7214088886976 759.04116566479206 217.16057486832142 247.11286418139935 360.02425818145275 155.88012389838696 371.18438357114792 907.41812232136726 368.61926902830601 116.47005298733711 181.96294610202312 182.70116022229195 193.32956419885159 478.791325122118 187.9013284444809 484.01017378270626 415.01708196103573 2312.3205881267786 750.04961444437504 184.18486934900284 178.24781148135662 106.10269218683243 183.44145542383194 212.17524546384811 541.43046353757381 287.53254133462906 234.49450023472309 645.87686496973038 108.5893227905035 226.71569450199604 408.76770035922527 177.47807592153549 197.92827570438385 212.99476873874664 169.87577141821384 232.6344850063324 154.01999451220036 285.5056055188179 272.32604256272316 174.76538576185703 167.53135149180889 198.73657211661339 155.05771282315254 113.78991332650185 104.12129810452461 237.18096601963043
leaf_count=648 2970 857 1762 469 722 2877 2135 1027 1752 907 1493 2229 538 550 782 1445 5266 438 402 727 418 592 2134 469 625 700 404 644 1078 480 2766 701 954 427 6304 454 507 446 1285 572 1338 2987 1143 472 684 751 4174 3894 535 985 608 4742 693 628 610 523 895 848 1660 4847 1655 539 508 648 998 1323 748 771 806 4614 678 1578 769 1488 666 730 1443 1446 7035 1609 7788 3041 869 989 1442 624 1486 3635 1475 466 728 731 774 1921 752 1937 1661 9254 3001 737 714 425 735 850 2169 1152 939 2587 435 908 1638 711 793 854 680 932 617 1144 1091 700 671 796 621 456 417 950
internal_value=2.64241e-05 0.00138868 0.000614292 -0.0018824 0.00124957 -0.00272738 -0.000693554 0.000902429 0.00189004 -0.00291896 -0.00245071 0.00271646 0.00242345 -1.15276e-06 0.000483919 -0.00436817 0.000765399 0.0020428 0.00294018 0.00376762 0.000737699 0.00360235 -0.001202 -0.0032544 0.000916836 -0.00178446 -0.00492815 -0.000314071 0.000996517 0.00433434 -3.1875e-06 -0.00169731 0.00646964 -0.000950469 -0.00149908 -0.000169028 0.00556417 0.00122629 -0.00533485 -0.00670527 -0.00753273 -0.00261737 0.00143381 0.00135022 0.00350914 -0.00195209 -0.00381488 -0.00153709 -0.00565733 -0.00123813 -0.000728435 0.000625525 -0.000365884 -0.00212552 0.00306726 0.00151759 -4.15948e-06 0.00183538 -0.00172918 -0.00215277 -0.000217602 -0.00403942 -0.000430123 0.00142228 -0.00155635 0.00189587 0.0015425 -0.000346043 0.0022854 0.00269569 0.00352414 4.2967e-05 0.00626805 0.0044249 0.00168904 0.00293096 0.00106627 0.00462978 -0.0014632 -0.00217819 -0.00301454 0.00536529 -0.00104251 0.000972196 -0.00555539 -0.000533948 0.0010949 -0.00390112 -0.0015406 -0.000283013 -0.00241729 0.00141827 -0.000589705 0.00708912 -0.00169831 -0.00288744 0.00175871 0.00219368 -0.00352485 0.000912836 0.00291379 0.00262049 0.00292617 0.00232202 0.00457799 0.00622077 -0.00162601 0.00270401 0.00164691 -0.000530213 0.00299526 0.00883246 0.00275486 0.00401104 0.00275026 0.00423667 0.00532074 0.00414533 0.00552753 0.00182286 -0.00210459 -0.000272489 -0.000955641 -0.00120203 0.0034428 0.00128268
internal_weight=45543.9 26580.2 16807.2 18963.7 12456.6 11069.9 7893.83 10971.3 5231.47 10650 8673.06 9772.98 8894.78 5739.79 4855.79 1757.88 4660.37 419.954 6796.56 1485.32 2098.22 570.931 4350.63 1397.21 544.759 330.822 1976.9 7109.38 2320.1 519.355 1800.74 1109.43 399.403 4789.28 3972.3 840 878.197 237.809 1876.02 1157.48 1014.68 884.007 4793.81 423.086 305.168 6915.18 1230.05 5685.13 360.347 5324.78 3817.33 1625.54 1527.29 788.275 6696.08 739.017 565.979 435.337 2191.79 2039.85 828.424 784.459 2396.82 904.255 1492.56 4043.94 3713.43 1051.38 2662.05 2481.65 1886.06 595.588 733.237 541.11 816.978 650.558 4403.71 468.124 5078.64 3320.79 2347.71 940.563 749.872 464.273 680.77 631.428 475.548 1280.05 664.799 251.072 1243.16 296.179 302.756 640.388 858.752 670.851 3087.84 2727.34 932.013 311.146 6543.86 5870.29 5313.75 3925.94 1387.81 846.38 340.597 3585.34 2093.08 805.159 1287.92 465.011 381.37 1024.27 811.278 641.402 673.57 1492.26 918.203 574.061 592.984 425.452 263.647 288.555 495.322 341.302
internal_count=182321 106416 67267 75905 49859 44319 31586 43909 20939 42638 34720 39149 35627 22970 19433 7042 18651 1681 27226 5950 8401 2286 17408 5597 2182 1325 7918 28446 9283 2078 7205 4439 1598 19163 15894 3361 3522 953 7514 4637 4065 3537 19187 1694 1222 27678 4925 22753 1442 21311 15274 6504 6115 3156 26824 2959 2266 1743 8770 8162 3315 3140 9590 3618 5972 16186 14863 4208 10655 9933 7549 2384 2935 2166 3269 2603 17624 1873 20326 13291 9397 3768 3001 1858 2727 2528 1904 5128 2660 1005 4974 1185 1212 2569 3437 2685 12358 10915 3729 1245 26214 23516 21287 15727 5560 3391 1364 14363 8385 3225 5160 1863 1528 4104 3250 2570 2698 5978 3678 2300 2375 1704 1056 1156 1984 1367
is_linear=0
shrinkage=0.02


Tree=21
num_leaves=127
num_cat=0
split_feature=10 230 231 32 146 219 7 230 53 199 181 191 224 109 91 189 231 142 81 114 114 116 145 32 177 230 157 52 222 187 76 192 2 178 7 117 3 62 187 136 142 106 186 68 215 189 225 109 2 230 101 74 152 222 81 81 221 19 188 2 78 214 32 231 186 230 215 221 180 214 193 81 181 22 214 224 224 115 3 153 53 212 139 188 230 230 114 57 215 212 117 186 192 232 115 78 221 142 195 101 111 109 221 197 193 192 191 236 232 73 119 136 114 193 227 186 212 7 192 193 219 215 101 212 145 145
split_gain=246.089 75.6457 110.419 51.7291 47.7055 39.3699 38.7261 34.502 32.2881 30.8833 26.7108 27.8128 26.3784 20.4901 20.2003 19.9964 19.0846 36.7489 19.6147 18.8773 30.899 18.0253 17.7526 16.5095 16.2909 16.2032 16.0675 17.5729 20.0196 15.6447 18.5711 15.8276 15.5283 16.1918 22.056 15.7134 15.5148 15.1003 18.7614 26.7938 24.5464 14.9922 14.6398 14.6216 15.4059 15.1797 14.5777 14.399 15.0615 13.8138 17.665 13.8107 13.4553 15.8579 16.4548 13.6827 13.2896 13.2835 13.1845 13.1639 12.7202 12.6902 20.9525 18.5731 14.633 13.1575 12.554 18.7127 16.9999 18.1517 15.9732 16.5452 13.8639 15.5411 14.0213 12.3577 21.2284 12.2464 12.2283 12.1427 13.0341 12.0779 12.0583 12.0472 11.9521 16.2608 15.0436 16.4754 13.4166 16.4503 15.0232 13.0928 12.16 11.9332 16.1242 11.4289 11.2688 11.2219 11.1825 12.47 11.0996 11.0421 10.9764 10.9238 14.575 12.0053 17.1051 10.8344 10.5238 10.5012 12.9301 10.4099 10.4098 10.3618 10.2227 17.3912 10.1291 10.1193 11.0739 10.3975 10.2877 13.1985 10.1124 10.0978 12.7148 13.7208
threshold=1.0000000180025095e-35 -0.82535797357559193 -0.0065449222456663838 0.75478088855743419 0.23039454966783526 0.091161184012889876 -0.00012452556984499094 -0.99970966577529896 0.33501020073890692 -0.010761667508631943 0.82983252406120311 -0.0027606096118688579 0.00067686630063690256 -0.0031785184983164068 0.14107052981853488 0.75000000000000011 0.17149884253740313 0.0017001950182020666 0.00079918472329154621 0.00035483631654642528 -0.00023614249948877839 0.0028540104394778614 0.00069053311017341923 0.72323074936866771 0.0032251467928290371 -0.69934985041618336 0.0005131720390636475 4.3948659367742955e-05 0.86976122856140148 -0.00014237003779271615 -8.3988448750460507e-05 -5.2625307944254012e-05 0.00016581831005169081 0.16536047309637072 0.00019974586030002686 -0.0022474606521427627 0.00022924604127183559 0.00052739173406735073 -0.00026916348724625999 0.0037406292976811533 0.0012139324680902066 -0.00089678462245501567 0.0016116196638904514 -0.0023421501973643895 0.0029935437487438325 0.65000000596046459 -0.00032071184250526125 -0.0046510985121130935 -0.00054932251805439581 -0.67074871063232411 0.0010003430652432146 -0.29450067877769465 -0.00024504119937773789 0.66983580589294445 -5.0366337745799676e-05 -0.00014636688138125462 0.0016356398700736465 -3.7113510188646608e-05 -0.3683356493711471 0.00028033705893903976 -0.0016359137953259049 0.0023762702476233248 0.35496358573436743 -0.26092512905597681 0.0075107254087924966 -0.92961356043815602 0.0034986041719093923 0.0012297751381993296 0.0023347852984443311 0.0034241819521412258 -0.0054383194074034682 0.00038978637894615536 0.11371834948658945 0.0013257280807010832 0.0013776684645563366 0.023156219162046913 0.013961002696305515 -0.00027542274619918311 -0.00019441726908553389 -0.00073346155113540579 -0.02543932385742664 0.010303594172000887 0.00098949263337999604 -0.096993871033191667 -0.51316559314727772 -0.97185599803924549 0.00011031215399270879 -6.1722403188468875e-05 0.0045294107403606185 0.0088690789416432398 -8.4300147136673318e-05 0.0030718258349224929 -0.0047998353838920585 3.5000000000000004 -9.6800476967473497e-06 -0.00021270149591146034 0.00059071608120575558 0.0016862780321389439 -0.0039795662742108098 0.00055785692529752861 -3.5124790883855887e-05 -0.0021160813048481937 0.0044442738872021445 -0.0013248634058982132 -0.0025679236277937885 0.00044891913421452051 -0.00027905704337172205 0.80365294218063366 1.0000000180025095e-35 2.9937074941699396e-05 0.00022784753673477101 0.0021405366715043788 0.00044888991396874195 -0.0010232709464617071 0.55000001192092907 0.0026133890496566896 0.021146440878510479 9.4868031737860306e-05 0.0050447592511773118 -0.0033535815309733148 0.67074322700500499 0.0046235090121626863 0.00098026200430467746 0.020589661784470085 0.00053884246153756987 0.00098146835807710908
decision_type=2 2 2 2 8 10 2 2 2 10 10 8 10 10 2 10 2 8 2 2 2 10 10 2 2 2 2 2 8 10 2 8 2 10 2 10 2 10 10 10 10 8 10 10 8 8 10 10 2 2 2 10 8 8 2 2 10 2 10 2 10 8 2 2 10 2 10 8 10 10 10 2 10 2 10 10 10 10 2 10 2 8 2 10 2 2 2 2 10 10 10 8 10 2 10 10 10 10 10 2 10 10 10 10 10 10 10 10 2 10 2 10 2 10 10 10 8 2 10 10 10 10 2 8 10 10
left_child=4 2 3 5 13 96 7 -6 58 -5 11 79 109 29 59 21 17 25 47 20 43 24 -13 -10 32 57 -12 28 -28 31 102 37 51 34 -34 -35 61 38 84 42 60 101 -40 -18 111 -46 -16 -19 -49 -17 -51 -14 53 -11 -55 -54 -37 -9 82 95 -41 63 -63 65 -65 -24 70 -68 69 -69 71 98 -72 74 83 76 -23 -66 -33 -8 -81 -29 -4 -74 85 91 87 -86 89 -87 92 -1 -91 114 -95 -7 -2 -39 -60 -100 -38 116 -31 104 -97 -105 -107 -50 -25 -3 -111 -45 -21 -32 115 -67 -22 118 -70 -119 -121 -122 -58 124 -15 -126
right_child=1 12 8 9 6 14 10 16 23 52 26 22 15 123 46 49 19 18 -20 112 41 75 36 108 -26 -27 27 81 -30 30 113 78 33 35 -36 56 100 97 39 40 -42 -43 -44 44 45 -47 -48 48 107 50 -52 -53 55 54 -56 -57 122 -59 66 -61 -62 62 -64 64 77 93 67 68 117 -71 72 -73 73 -75 -76 -77 -78 -79 -80 80 -82 -83 -84 -85 86 88 -88 -89 -90 90 -92 -93 -94 94 -96 103 -98 -99 99 -101 -102 -103 -104 105 -106 106 -108 -109 -110 110 -112 -113 -114 -115 -116 -117 -118 119 -120 120 121 -123 -124 -125 125 -127
leaf_value=-0.00176662040715415 -0.0019607609039294146 0.005521116289766214 -0.0060853051880372109 -0.00073427727334824712 0.010326552042812295 0.0010192057008112899 0.0015112015074678973 0.0089051976767706032 0.0012186635952058746 -0.0076007816171213827 -0.007140439708840097 0.0043926115102773666 -0.0017408148230918319 0.0021142977783891841 -0.0017032550648955343 -0.0085786239775802776 0.0047841856621151993 -0.0015115704024653239 -0.0037543010180091569 0.0083973896299836936 -0.00024718562955567839 -0.0045041108475215455 0.0073981191559559165 -0.00091553091501840231 0.0050014631499527215 0.0019868539229354076 0.0069190188408884334 0.00078711593495041376 -0.0024198138499585999 -9.4968823778850624e-05 -0.0047539806346103266 0.0024409196122409638 0.007275532087112787 -0.005861810871342671 -0.00076697534015965612 -0.0074898901625199098 0.00085515848069337179 0.0089651594732933874 -0.0025465261401967001 0.0024844228827596198 -0.00010798937639426606 0.00030806454088506458 0.0057780518750249902 -0.00095841286004443753 -5.1589633247109592e-05 -0.0078257246380031859 -0.0082070543177980345 0.0067749342318579502 0.0023318624566255951 -0.0049290029690860424 0.0038139702110127822 0.00081466096826386203 -0.0021931548670937693 -0.0061500184007936146 0.0028771568557962842 -0.0092917621381154256 -0.0017816825788248638 0.004306317506660608 0.00035738929888637187 -0.0070632849971974301 0.0098700332636956732 0.0016193878733738443 -0.0030748057295092402 -0.0012440860800759699 0.0073633564487606672 0.004591710288375783 0.0060337268916423811 -0.005529716611792258 -0.00022270723075527236 0.0020512732220038465 -0.0053323205891014072 -0.0020341310483579116 0.0019314786653009627 -0.0057396497076955657 0.0020100927472710161 -0.0074835449971235191 0.0026447799461594098 -0.00025892819571750943 -0.0062830767090048881 -0.008520206635823013 -0.0013263896887408485 -0.0035966931679273927 0.00037019137504316641 -0.0062799694537101674 0.0027675951473763545 -0.0022161496806058388 0.0051005460849784948 -0.0052156537339663059 0.00038566307662091703 0.0081091349894872686 -3.2542437054251772e-05 0.0055607158306385674 0.0019744049336932286 0.0095893390358541691 -0.00016224184864292089 -0.0024090687363252502 0.0056163640611080201 0.0020264381427399294 0.0033719444190742527 0.011984990854839008 -0.0052181975906690952 -0.0077969909238567317 0.0045197608615328991 -0.0079923087002272582 0.0055846956599097967 0.0032530814586096742 -0.00497767204122116 -0.0012370422755336142 -0.007011028055037039 -0.0043176464197445166 0.0036919093913105397 0.0068373812395414769 0.0019768815561235428 0.00077618426822719574 0.0034140384663944919 -0.0019729243184741074 -0.0069406930853180438 -0.0017209760589220837 -0.0069908343957604977 0.0060710206726539238 -0.0027174223979201562 0.005047853972209985 0.0011674837774158092 9.9594112200105525e-05 0.011495268436055105 0.0048023015689891355
leaf_weight=461.75680494308472 100.43022914230824 385.52606436610222 250.64214703440666 298.37195836007595 168.89887246489525 413.33972266316414 125.43965615332127 401.64199857413769 164.42745022475719 375.15841756761074 210.94652928411961 523.71715754270554 1003.7303722798824 217.07627411186695 201.5552541166544 175.16182745993137 370.88110694289207 489.61046552658081 288.39674910902977 105.67686435580254 275.93770977854729 407.04917386174202 218.08729030191898 151.71234646439552 221.95116476714611 676.21987606585026 172.20419801771641 326.94631086289883 160.94857928156853 377.61680901050568 288.57520096004009 111.75166642665863 170.45540250837803 341.64663723111153 469.39036983251572 115.19292870163918 193.4282019585371 290.46991015970707 236.39556057751179 131.95989511907101 163.04338866472244 338.32128041982651 106.07121483981609 103.66269741952419 456.32514156401157 108.92767921090126 521.67173270881176 239.68989141285419 1700.0128185302019 236.16002447903156 126.69531941413879 4864.7064008265734 133.31512248516083 129.09228031337261 158.16475482285023 1395.8138923496008 1777.0333101898432 846.85259263217449 105.20696590840816 200.57923491299152 531.02291156351566 796.13316096365452 693.33652202785015 1054.9897852838039 147.68718026578426 206.04729247093201 122.94092801213264 555.30016897618771 285.94207043945789 150.44891206920147 141.44712071120739 121.65586870908737 111.21132357418537 116.67999741435051 1500.6877766400576 182.90893614292145 255.10507138073444 166.94460338354111 109.37180486321449 215.91917404532433 190.94776909053326 983.9225045889616 198.4211138933897 148.44306747615337 142.30953900516033 108.05970576405525 115.59511475265026 279.8962456882 367.42405566573143 604.58871269226074 154.53253652155399 102.35724039375782 182.65492025017738 162.38980439305305 106.93368381261826 336.38851244747639 240.13011407852173 153.74338203668594 154.43585279583931 139.45946407318115 278.44515208899975 273.30431705713272 431.9751505702734 227.13610184192657 102.7057900428772 135.92551793158054 278.54770822823048 410.61445148289204 520.27144129574299 114.20770987868309 182.43005427718163 159.55827403068542 637.58772766590118 232.92911615967751 571.63519079983234 544.70310506224632 115.66033199429512 293.85607822239399 127.18550455570221 211.38866128027439 192.90687197446823 128.93682518601418 611.80386830866337 113.58414386212826 249.48877741396427 319.97870136797428
leaf_count=1850 402 1543 1003 1195 677 1654 502 1610 658 1503 844 2097 4016 870 807 701 1486 1960 1154 423 1105 1629 873 608 888 2709 689 1308 644 1513 1156 448 682 1367 1878 461 774 1165 947 529 653 1354 425 415 1827 436 2090 960 6806 945 507 19464 534 517 634 5599 7111 3394 421 803 2128 3186 2774 4222 591 825 492 2222 1144 602 566 487 445 467 6005 732 1021 668 438 864 764 3937 794 594 570 433 463 1121 1472 2423 619 410 732 650 428 1346 961 616 618 558 1114 1094 1731 909 411 544 1115 1644 2085 457 730 639 2552 933 2288 2180 463 1176 509 846 772 516 2448 455 1000 1282
internal_value=9.56452e-06 -0.00145992 -0.00263636 -0.00474059 0.00147771 -0.00282237 0.0008929 0.00186142 -0.000752819 -0.00682622 -9.1757e-05 0.000539528 -0.000331338 0.00291125 -0.00371908 -0.000571148 0.00165737 0.00240101 0.00105116 0.000374196 -0.000560395 -0.000372886 0.000954216 -0.00434407 -0.000122857 0.00456161 -0.00218392 -0.00146976 0.00252583 0.00245113 0.000543572 0.00302928 -0.000254859 -0.0013083 0.00153114 -0.00195298 0.000588263 0.00330894 0.0028597 0.00494063 0.0068513 -0.0031188 0.000208372 0.00159569 8.91748e-05 -0.00176595 -0.00648913 0.001562 0.00220963 -0.00426034 -0.00183652 0.000373147 -0.00764148 -0.00499377 -0.00131588 -0.00870918 -0.00137744 0.00590286 -0.000144089 -0.00247498 0.0085158 0.000940674 -0.000577511 0.00165107 -0.000108695 0.00296945 0.000180314 -0.00097101 -0.00147043 -0.00390164 0.00111864 0.00417175 0.00029775 0.000773762 0.00126512 -0.00313776 -0.0017531 0.0035452 -0.00203737 -0.00374808 -0.00536439 -0.00250792 -0.00333874 -0.00287636 0.00186317 0.00257535 -0.000758942 -0.00252133 0.00370492 0.00483767 0.00567629 -0.000292216 0.00676995 0.00227839 0.00597395 -0.00177383 0.00339708 0.00675442 0.00607025 0.00796223 -0.00279509 -0.00482057 0.00241692 -0.00284119 -0.00037746 -0.0044649 -0.00225292 0.00163245 -0.0057011 0.00342776 0.000530234 0.00391634 0.00308586 -0.0023465 0.00144794 -9.88294e-05 -0.00246534 -4.698e-05 -0.00253294 0.00122523 0.00285236 0.000506821 -0.00102295 0.00570038 0.00648666 0.00802508
internal_weight=45586.9 22783.1 11141.9 5248.33 22803.8 2758.41 16219.5 8167.78 5893.61 2489.92 8051.75 6196.78 11641.2 6584.23 2417.85 10959 7998.88 5053.04 3128.32 2945.84 2202.58 10421 5664.48 836.411 9575.91 1924.71 1854.97 1644.02 333.153 5684.1 1331.1 4353 9353.96 3485.52 639.846 2845.68 5140.76 4131.88 3687.67 1168.49 826.026 1003.22 342.467 1199.35 828.474 565.253 723.227 2839.93 2350.32 538.017 362.855 5868.44 2191.54 662.415 287.257 1529.13 2504.03 1248.49 5057.2 1694.62 662.983 4668.89 1489.47 3179.42 1369.62 1809.8 4608.13 2068.91 1945.97 705.749 2539.23 520.758 2018.47 1877.02 1760.34 845.063 662.154 314.632 221.123 532.307 406.867 1310.87 449.063 259.654 2519.17 1981.37 537.801 422.206 1417.26 1049.84 941.776 564.114 787.244 1591.71 269.323 1494.04 340.56 444.213 399.102 293.895 471.873 664.902 809.592 1080.7 439.094 641.609 414.473 2110.63 671.984 682.164 296.638 263.221 743.265 521.504 1322.39 750.75 391.598 1240.22 413.128 827.088 533.232 321.844 2388.84 900.128 786.544 569.467
internal_count=182504 91192 44612 21024 91312 11042 64930 32708 23588 9982 32222 24800 46580 26382 9679 43850 32031 20237 12524 11794 8819 41697 22670 3351 38315 7713 7422 6578 1333 22775 5333 17442 37427 13947 2560 11387 20573 16556 14775 4682 3310 4016 1372 4803 3317 2263 2897 11370 9410 2153 1452 23480 8787 2654 1151 6133 10020 5004 20237 6782 2657 18685 5960 12725 5481 7244 18440 8279 7787 2824 10161 2084 8077 7511 7044 3382 2650 1259 886 2130 1628 5245 1797 1039 10093 7939 2154 1691 5679 4207 3774 2260 3155 6371 1078 5979 1363 1781 1597 1176 1888 2662 3244 4325 1757 2568 1659 8450 2693 2730 1187 1054 2975 2089 5293 3005 1568 4963 1653 3310 2134 1288 9559 3607 3152 2282
is_linear=0
shrinkage=0.02


Tree=22
num_leaves=127
num_cat=0
split_feature=9 230 231 229 163 9 14 156 231 9 98 182 110 97 146 231 231 14 136 152 218 103 13 104 226 60 230 176 24 204 194 181 3 171 70 231 24 0 13 231 63 27 141 176 230 232 91 139 149 226 136 21 139 156 191 36 176 101 212 61 176 179 212 0 9 21 177 215 70 215 201 74 230 230 217 148 214 140 136 230 215 163 24 146 98 230 70 194 79 27 103 218 13 230 226 236 212 79 218 190 226 204 191 171 156 135 36 59 47 190 59 47 29 4 141 65 204 104 215 36 226 226 190 222 177 81
split_gain=241.814 74.8736 120.82 49.0925 45.1143 50.4755 30.4037 24.9897 22.2257 35.4239 31.4633 23.7118 23.1365 21.3169 21.0971 20.9003 34.1136 33.7007 23.8414 20.7215 20.1092 20.0216 21.2229 19.9987 19.8482 26.6828 19.5423 19.0789 19.1629 18.8375 18.6223 20.2922 17.9649 17.755 19.4106 17.5102 20.9639 17.209 16.9576 18.7 23.526 19.4762 19.7669 16.9215 16.7789 17.332 16.4098 16.0898 16.0628 16.4064 15.8484 15.5205 15.3176 15.0408 17.1923 14.7794 14.5638 14.4074 17.7538 19.59 14.3627 15.0772 14.5891 14.3282 14.2485 14.1268 14.0829 13.9809 13.961 13.9228 13.8672 13.6867 13.5432 13.2846 16.8764 13.4339 13.2732 20.8265 17.7902 15.7763 12.9363 12.9251 12.9181 20.076 12.8027 12.7554 12.6412 18.6007 14.7603 12.5766 13.4166 13.793 12.5062 12.3759 12.3466 12.2651 12.0684 12.0382 12.027 18.2417 11.9968 13.977 11.8893 11.8536 18.4824 13.5317 12.5428 14.433 12.4714 11.8332 11.8318 11.7927 11.7847 17.7206 13.793 14.3111 11.7156 11.6847 11.6588 11.5163 11.5116 11.5213 11.3396 11.3107 11.2347 13.4886
threshold=-1.442299026166438e-05 -0.82781365513801564 -0.01963364519178867 -0.12779405713081357 -0.0063225487247109404 7.7242639235919355e-05 0.00032821852073539054 0.016537783667445186 0.1326885595917702 -0.00022245956643018869 0.0016842145123519006 -0.0018269616994075475 0.0014889023150317373 0.80909612774848949 0.77134546637535106 -0.54280677437782276 -0.19722913205623624 -0.00065952748991549004 0.0033062684815377001 -0.00070088435313664366 0.010574374347925188 -0.0012969803065061567 1.3920531273470262e-05 0.0031076931627467279 -0.13648077100515363 0.0010254781809635463 -0.99674141407012928 0.0009657971386332066 0.0001673335209488869 0.00099623535061255119 0.0025243140989914541 0.83300864696502697 0.00021943209139863032 0.00031726900488138204 0.76440125703811657 0.093673683702945723 8.72771597641986e-05 -0.00013881085033062843 5.001827412343119e-05 -0.70864605903625477 0.00030429237813223159 -0.0003637601039372384 -0.00048867624718695868 0.0011852580355480315 -0.85828685760498036 3.5000000000000004 0.14107052981853488 0.00071142337401397537 0.00026710396923590457 -0.22534719854593274 0.0030847764573991303 0.55649995803833019 0.0014053061604499819 -0.0010359987500123677 0.0048742471262812623 0.026937612332403663 0.0017340741469524803 0.00074565366958267998 0.0090169236063957232 0.00017555122758494693 0.0010057236067950728 -0.00093318996368907381 0.030612125061452392 0.00011875551354023629 -0.0003767378802876919 -0.41869243979454035 0.0015369192115031185 0.0039542089216411122 0.93059715628623974 0.0034888309892266993 -0.0051428650040179482 -0.016603916883468624 -0.78124630451202381 -0.87777194380760182 -0.0018888256163336334 0.0024877083487808709 0.0023697610013186936 0.40467545390129095 0.0024947202764451508 -0.99799686670303334 0.0045789589639753112 0.0011723759816959502 0.00014299942995421591 0.14937936514616015 0.0013643357087858023 -0.64111331105232228 0.54440706968307506 -0.0056358007714152327 -0.00052841263823211182 -0.00057829069555737067 -9.0321482275612639e-05 0.0046648511197417983 2.0152034267084676e-05 -0.97859653830528248 0.069405492395162596 0.50116577744483959 0.01120366156101227 0.00055749612511135649 0.0079127126373350638 -0.002949725952930748 -0.016128867864608761 0.0014734250144101681 -0.0019409005763009188 0.00013806072820443663 0.003231817041523755 0.35228303074836737 0.026937612332403663 -0.47947007417678827 0.0002882613916881383 0.0016557476483285429 0.96043759584426891 -4.7568935769959346e-05 0.18994126468896869 -0.00032223301241174335 -0.001325717777945101 -0.00065887218806892623 -0.001335472159553319 0.0015221151406876745 0.0031240375246852641 -0.061146082356572144 -0.071242101490497575 0.13024941086769107 -0.00081131650949828316 0.24519422650337222 0.0023148714099079375 -0.00059382265317253758
decision_type=2 2 2 2 2 2 2 10 2 2 8 10 10 10 10 2 2 2 10 8 8 8 2 10 10 10 2 10 2 10 8 10 2 2 10 2 2 2 2 2 2 2 10 10 2 2 2 2 10 10 10 2 2 10 10 10 10 2 10 10 10 10 10 2 2 2 2 10 10 10 10 10 2 2 8 10 8 10 10 2 10 2 2 8 10 2 10 10 10 2 10 10 2 2 8 10 10 10 10 10 10 10 10 2 10 10 10 10 2 10 10 2 2 2 10 2 10 10 10 8 8 10 10 10 2 2
left_child=3 2 4 15 33 29 -4 8 9 10 -5 73 26 120 20 47 19 18 -18 -17 38 -7 -23 112 25 -16 -11 35 56 46 31 -27 37 34 92 102 -37 -14 39 40 85 -42 68 63 64 48 93 -1 49 111 -51 -31 -22 -54 -55 -20 66 58 59 -26 -59 62 109 69 -12 67 -29 116 -43 -41 -66 -28 -73 74 75 -10 77 95 81 -78 96 -79 -67 -84 -38 -3 87 -75 -89 -15 91 -91 122 -6 -81 -39 123 -87 99 -45 101 -68 -19 104 105 -80 107 -105 -108 119 -93 -46 -13 -114 -115 -116 -49 -40 -86 -62 -8 -122 -2 -21 125 -30
right_child=1 14 6 7 5 21 13 -9 11 12 44 23 32 89 24 16 17 27 55 80 52 22 -24 -25 57 30 71 28 124 51 -32 -33 -34 -35 -36 36 84 76 117 43 41 42 -44 98 45 -47 -48 65 -50 50 -52 -53 53 54 -56 -57 -58 60 -60 -61 61 -63 -64 -65 70 82 100 -69 -70 -71 -72 72 -74 86 -76 -77 79 78 103 94 -82 -83 83 -85 118 97 -88 88 -90 90 -92 110 -94 -95 -96 -97 -98 -99 -100 -101 -102 -103 -104 106 -106 -107 108 -109 -110 -111 -112 -113 113 114 115 -117 -118 -119 -120 -121 121 -123 -124 -125 -126 -127
leaf_value=0.0084437610300839554 -0.0010012247043411355 -0.0024733253202984264 0.00019827067088603364 0.0074852324010094944 -0.0026600480906738924 -0.0034622125725588758 -0.0032547846835039229 -0.006136837135443266 0.0020327672819829275 -0.0032578230731508955 0.0065868382589832162 -0.00096202941626115064 0.0045078352641516588 -0.00017350959125363153 0.0063547544621225032 0.0021109522960924658 0.0003698539785907828 0.0032821037460693081 0.011066115360927924 0.0002530057071874007 0.0059202467555984706 -0.0059134915588723849 -0.009844669492781637 0.0055665900161032877 -0.0050539702437929759 0.0013001945117491948 0.0055954717938648578 0.0016410220561524063 0.0074733667845719451 -0.0060796753456363699 0.0013788447392191687 -0.0081149292332873078 -0.0052108109110803593 0.006232541572793536 -0.0068607952547162848 -0.0026096377877595088 -0.001196270018940869 0.0058176289812608816 0.0003437767535912428 0.0018604015435455532 0.0020088836669740141 -0.0024905473391725699 0.0043359616729749589 -0.00079757895101695612 0.0064467928502384975 0.0052562119181075381 -0.0053822895148360264 -0.00097274134044981065 0.0038683222790536365 0.0044593868047897644 -0.0029943324203810994 0.0018260930213391184 0.0055421472673902981 -0.0039521887646860104 0.0048149654549921499 0.0039499949734294448 0.0054305763076026182 0.0027031205183064449 -0.0059241262931522933 0.0060604876958104117 -0.0027973176651958608 -0.004995726530636486 0.0054122149220373166 -0.0039818573985710261 -0.0033860782943688711 0.0010637842087641972 0.0018600245066682129 0.0047161876130644206 -0.0094554781052356707 -0.00276842428716906 0.0036307190140525158 0.0045780421410981133 -0.003132057221837359 -0.0043144316132139645 0.0049226390771910196 -0.0027713907054207564 0.0047009980697889035 -0.00026351051780117417 0.0024553837924948022 -0.0010319736695812375 0.0025070857271387802 -0.0077872126063502859 0.00049991995731845144 -0.0076622899553696923 0.0069982984172961976 0.0036114327082023175 0.0054816709612239226 0.0050456789809034232 -0.00073273122572646348 -0.013082510315676883 -0.0014898408797678492 -0.0082587494102905785 -0.0040312011876408645 0.0031500673128663698 -0.0051361643891637788 -0.0014802946250851037 0.011948110888631036 -0.00086765295132479553 -0.0018727997848928253 0.0059827165374102724 -0.0054386984763086293 -0.0060605166681305172 0.011033586796090906 0.0045000513067998231 0.0070308294113340707 -0.003991104054284926 -0.0072210917650707704 -0.001152590923927901 0.00040727692287908585 -0.0044437377874086423 -0.00022008548377105091 -0.0016119671282100521 -0.0082232296514322817 0.0029301486023790985 -0.0084613528508450629 0.00011741888942313362 0.0030953099280294394 -0.0053346803344849559 0.0009382316903116442 0.0049991175162600269 0.0035034725589081573 -0.0030117544759021486 0.0058596936918765587 0.0090184718769547451 -0.00045539725273248578 0.00022730058977295318
leaf_weight=107.18901287019253 182.1496626585722 254.16033565998077 4601.7677485942841 518.39590181410313 201.68315733969212 588.81509949266911 371.51118957996368 185.38057059049606 303.77086563408375 157.13673448562622 501.09855543076992 641.33727742731571 318.07982434332371 151.87685805559158 231.18955874443054 297.64909806847572 195.80506600439548 182.15867948532104 337.83147528767586 103.48352599143982 386.88877585530281 1374.2478702515364 1116.8703579157591 100.22139975428581 106.95913937687874 143.68211853504181 679.20848035812378 342.2320444881916 279.17837424576283 575.85788254439831 519.57061274349689 210.8664583414793 242.94995361566544 117.38698521256447 182.47101965546608 257.899051040411 153.06185591220856 394.18786011636257 224.92227666079998 1350.0180142223835 457.62790349125862 2138.2143146395683 144.44460219144821 202.68028412759304 163.04453797638416 306.90460874140263 174.84952448308468 581.7151003330946 349.97906799614429 112.85263195633888 870.91578589379787 109.6719408929348 161.20224358141422 279.93373517692089 108.47638502717018 221.54883472621441 108.36181777715683 269.64398154616356 744.43619494140148 106.95207203924656 129.95242092013359 461.46312537789345 121.46067683398724 249.16762384772301 133.60257790982723 864.33791853487492 277.83670951426029 615.27880722284317 105.44188410043716 302.16385507583618 423.04565976560116 155.04821363091469 170.57656027376652 186.65806125104427 172.61269500851631 832.80525010824203 122.70149073004723 176.17298600077629 390.52121485769749 965.67219273746014 137.23472329974174 172.95632843673229 277.86393517255783 189.86308592557907 401.3163303732872 818.72601306438446 339.0872256308794 380.91828437149525 308.31679698824883 151.85083939135075 164.31060564517975 175.19596496224403 152.35412962734699 421.08765484392643 410.1157890111208 109.41579879820347 381.86398966610432 326.87046404182911 131.71943546831608 646.06208789348602 406.16621647775173 107.34710583090782 163.57500375807285 242.91995780169964 224.17147563397884 170.95287926495075 176.94032916426659 560.08956299722195 148.21111039817333 287.12808293104172 119.01557886600494 109.41521066427231 305.90413418412209 141.4532123953104 140.96513929963112 149.47079084813595 518.86833234131336 376.26069116592407 191.671008720994 135.19722916185856 308.31268268823624 144.16078372299671 173.39324750006199 120.36014877259731 223.86845143139362 158.47809611260891
leaf_count=430 729 1017 18414 2078 807 2358 1487 742 1216 629 2008 2567 1273 608 925 1193 785 730 1356 415 1548 5507 4483 401 428 575 2720 1371 1119 2305 2079 844 972 470 731 1033 613 1578 900 5402 1831 8555 578 811 653 1229 700 2331 1401 452 3487 439 645 1120 434 889 434 1079 2979 428 520 1847 486 997 535 3462 1113 2465 422 1209 1694 621 683 747 691 3333 491 705 1563 3864 550 692 1113 760 1608 3276 1357 1525 1234 609 659 702 610 1685 1641 438 1532 1308 527 2585 1627 430 656 972 897 684 708 2241 593 1149 477 438 1224 566 564 598 2080 1506 768 541 1234 577 694 483 897 635
internal_value=1.29409e-05 -0.00138638 -0.00253686 0.00152872 -0.00472588 -0.00549404 -0.000627807 0.00079259 0.00089683 0.00142377 0.0030196 -0.000351436 0.000486915 -0.00299694 -0.00028801 0.00275005 0.00354754 0.00268569 0.00644199 0.00675409 0.000240193 -0.0069501 -0.00774037 -0.00234501 -0.00160137 0.00060391 0.00299483 0.00177967 0.000478976 -0.00241812 -0.00102521 -0.00443373 -0.000126784 -0.00035857 -0.00162321 0.00358028 0.00216305 0.000164189 -9.81188e-05 0.000177613 -0.000665521 -0.00170593 -0.00242856 0.00141575 0.00219553 0.00105822 -0.000304504 0.00145957 0.000201314 -0.000864908 -0.00206747 -0.00479899 0.00297579 0.000768003 -0.00138778 0.00848134 -0.000985849 -0.00262924 -0.00449827 0.000546121 -0.00130899 -0.00229229 -0.000349983 0.000304531 0.00419473 0.00116051 -0.00168273 0.00234969 -0.00289852 0.00099086 0.00188757 0.00401712 0.000591628 0.000826195 -0.000569628 -0.00147444 -0.000179282 0.000641393 -0.000188683 -0.00168292 0.0085102 -0.00421068 -0.000383398 -0.00299168 0.00383796 0.00144388 0.00231512 0.000994231 0.00251304 -0.00536315 -0.006608 -0.00834848 0.000447121 0.00124425 -0.00231148 0.00423606 0.00974671 0.00234047 0.00352149 0.00438249 -0.00312516 -0.000537548 0.00735233 0.000580996 0.00243606 0.000422847 -0.000730793 0.000625202 -0.0039218 -0.0017621 -0.00522791 0.00332161 -0.0029913 -0.00468332 -0.00192304 -0.00432322 0.00096615 -0.00326752 0.00513403 0.00124982 -0.000732788 0.00138806 0.00247862 0.00531929 0.00317726 0.00497412
internal_weight=45562.6 23692.3 11558.8 21870.2 5370.84 4563.08 6188 13666.2 13480.8 9477.28 3489.25 4003.52 5988.03 1586.23 12133.5 8204.04 5048.93 4008.34 755.185 1040.59 8664.98 3079.93 2491.12 1479.35 3468.5 1105.31 1161.97 3253.15 1903.47 1483.15 874.119 354.549 4826.06 807.755 690.368 1349.68 1003.95 4583.11 7728.48 7127.3 4245.49 2845.73 2388.1 2881.81 2970.86 1913.11 797.62 3155.12 1606.21 1256.23 983.768 685.53 936.501 549.612 388.41 559.38 1241.94 2363.19 958.347 213.911 1404.85 1135.2 673.738 1901.35 1057.75 3047.93 1133.58 1715.86 2243.66 1652.18 556.648 1004.83 325.625 2524.17 1309.19 1136.58 4265.03 2766.54 2262.94 1498.49 742.942 349.129 1332.06 467.727 746.049 1399.76 1214.98 875.893 689.235 762.25 610.373 446.062 507.897 622.771 1375.79 503.604 605.708 1145.6 980.462 848.742 791.35 385.184 345.734 1913.81 785.646 561.474 1128.16 803.01 325.151 552.278 294.212 272.46 1379.13 737.793 431.889 290.436 1100.58 601.183 592.987 265.15 823.985 452.473 355.543 223.844 661.525 437.656
internal_count=182419 94836 46285 87583 21518 18284 24767 54705 53963 37940 13975 16023 23965 6353 48551 32878 20237 16064 3030 4173 34671 12348 9990 5920 13880 4423 4653 13034 7626 5936 3498 1419 19312 3234 2764 5408 4022 18340 30924 28518 16987 11386 9555 11531 11897 7660 3192 12641 6431 5030 3939 2744 3747 2199 1554 2245 4975 9457 3835 856 5622 4543 2696 7608 4237 12211 4541 6876 8977 6611 2229 4024 1304 10103 5240 4549 17067 11071 9055 5996 2980 1397 5335 1873 2989 5601 4863 3506 2759 3055 2447 1788 2033 2492 5505 2016 2430 4584 3923 3396 3170 1543 1386 7658 3144 2247 4514 3213 1301 2210 1179 1091 5519 2952 1728 1162 4411 2406 2376 1061 3298 1811 1423 898 2651 1754
is_linear=0
shrinkage=0.02


Tree=23
num_leaves=127
num_cat=0
split_feature=11 32 231 231 29 229 97 231 11 231 231 231 231 110 148 29 101 185 148 1 171 179 11 5 102 63 73 149 154 38 181 212 165 62 7 185 136 211 211 195 98 63 197 141 127 190 178 7 152 33 95 100 175 214 231 63 149 138 205 211 99 214 136 141 190 190 218 214 179 149 133 33 138 38 103 98 138 106 95 23 139 69 57 205 214 149 73 138 152 231 214 212 107 100 105 197 171 110 215 29 85 217 175 215 209 7 107 91 173 59 178 73 105 111 155 64 103 27 231 147 149 136 127 108 105 212
split_gain=257.507 51.9728 41.8604 67.8906 39.3853 37.7046 32.8096 32.12 36.0582 28.4809 27.8336 39.2084 41.5195 27.5921 22.1113 22.6764 22.5411 18.9566 17.6765 17.5066 17.1412 17.3993 29.6786 16.4145 21.0962 17.032 16.4036 16.2124 16.0331 15.9894 15.9669 15.8409 15.6659 15.3599 15.2245 14.9648 19.3149 15.4966 15.2104 14.9363 14.5723 14.5634 20.3655 14.208 14.1192 16.525 13.8548 13.6016 13.4008 13.3424 17.1578 21.7207 15.9078 15.2465 15.1951 13.2704 16.4893 15.8976 13.2263 13.6915 13.1598 13.116 12.8373 12.8369 13.6364 13.0055 12.7403 12.7268 16.3917 12.7027 12.5739 12.5644 12.5084 12.3144 12.2788 13.2541 18.7486 12.2297 12.5691 12.2276 12.1018 12.0988 11.849 17.0952 14.886 13.9438 13.0139 11.8319 11.7557 11.4458 11.4271 18.3422 14.2387 15.7705 13.7685 21.885 13.4061 26.7491 16.3524 11.4913 11.3361 11.2223 11.2221 16.0933 14.5654 11.2206 12.8658 11.0999 14.6458 14.1748 10.9672 10.963 10.8707 10.8543 10.8324 16.598 12.5328 10.671 10.6529 13.4539 12.301 12.5031 16.0996 12.6691 12.0233 11.374
threshold=-4.5421562390401953e-05 0.83352577686309826 -0.56820151209831227 -0.010908065363764761 0.21744004637002948 0.030681868083775047 0.8211859166622163 0.15858851373195651 -0.0015312042087316511 -0.61737772822380055 -0.92799669504165638 -0.028357730247080323 -0.57536083459854115 0.0021246316609904174 0.0061337696388363847 0.25536520779132849 0.00068986302358098339 -0.0015053528477437792 0.0056971388403326282 0.00021869023476028818 -0.00068948970874771465 -0.0060507673770189277 -0.00030507672636304045 7.2470651502953856e-05 0.6831779181957246 0.00044275628169998532 4.6398783126733184e-07 -0.00026798566977959121 -0.00057038970408029843 -5.9602252804324955e-05 0.45788978040218359 0.01012281095609069 0.00012502688332460823 0.00031900670728646224 -0.00010855720029212533 -0.0036627064691856499 0.0021146618528291587 -0.82058671116828907 -0.76754242181777943 -0.0011405411059968171 0.00091928962501697253 0.00029876643384341156 0.0014825252583250406 -0.00038546339783351863 2.2899495888850655e-05 -3.5972203477285796e-05 0.81915611028671276 -0.00010855720029212533 -0.0017351919668726621 -0.00053750851657241572 0.00027261520153842872 0.00039265924715437 0.00067218201002106081 0.0026469390140846376 -0.86493045091629017 0.00047191177145577973 -0.00026798566977959121 0.0013077249750494959 0.10872891917824747 0.7438059151172639 0.0010477386531420054 0.0044602230191230783 0.012578724883496763 -0.0037919700844213362 -0.00094638881273567666 -0.0011752730933949349 0.0030379599193111066 0.0017802425427362325 -0.00041787666850723321 0.00032788747921586042 -0.00023563827562611547 -0.0012378655374050138 0.0012342045665718617 0.00016953232261585074 -0.00095186414546333243 0.0024587879888713364 0.00062590488232672225 -0.0018292486201971767 8.5253599536372362e-05 0.00037361563590820884 0.0016348600620403888 0.0025639926316216592 -2.2351847292156887e-05 -0.31234373152256006 0.0027499392163008456 -0.00019121990044368428 3.2799884138512432e-05 0.00078484808909706782 -7.7178654464660199e-05 -0.19722913205623624 0.0021290086442604665 0.021734460256993774 0.0016101809451356532 0.0006762259581591935 0.83500501513481151 0.0020877977367490534 0.00031726900488138204 0.0080204438418149965 0.0041390452533960351 0.8235757350921632 0.0025375427212566142 -0.0055325585417449466 0.0011243254411965611 0.0033482279395684604 -0.00060223479522392143 0.0001088476747099776 0.0010519226198084655 0.14373792707920077 0.5220659375190736 -0.059994516894221299 0.49414883553981787 2.3723498088656928e-05 0.82003840804100048 0.00010437451055622661 0.00070383341517299425 0.441726103425026 -0.00075539687532000233 -9.097377551370299e-05 0.48289918899536138 -0.0019808020442724224 3.8431584471254616e-05 0.0036980831064283852 -7.1924390795174973e-05 0.32708580791950231 0.29731175303459173 0.019419114105403427
decision_type=2 2 2 2 2 2 10 2 2 2 2 2 2 10 10 2 2 10 10 2 2 10 2 2 10 2 10 8 10 2 8 10 10 10 2 10 10 8 10 10 10 2 10 10 2 8 8 2 10 2 2 8 8 10 2 2 10 10 10 10 10 8 10 8 10 10 8 8 10 10 2 2 10 2 10 10 10 10 2 2 2 10 2 10 10 10 10 8 10 2 10 10 10 10 10 10 2 10 10 2 2 10 10 10 10 2 10 2 10 8 10 8 10 10 10 2 10 2 2 10 10 10 2 10 10 10
left_child=4 5 61 27 7 49 29 9 79 17 26 12 23 18 15 -13 41 60 19 35 -11 -22 74 24 73 67 -7 -4 89 -5 -18 34 -16 47 -15 37 -37 71 -39 -21 -10 44 -43 -34 -17 -46 81 -14 80 50 51 -2 54 114 -51 56 -40 -57 -36 -60 69 90 82 -42 65 -65 -30 68 -26 113 -53 -6 77 -12 75 76 -23 -28 -79 -9 -33 -31 -55 86 -85 -86 -84 -32 -19 -24 91 94 93 -92 -3 -96 99 98 -98 -94 -45 -20 103 -58 -105 112 -107 108 -49 -109 -78 -48 118 -1 115 117 -116 -54 120 -120 121 124 123 -123 -50 -124
right_child=1 2 3 6 13 10 -8 8 40 20 11 14 33 31 32 16 30 88 101 39 21 22 28 -25 25 -27 72 -29 66 46 87 48 43 -35 58 36 -38 38 55 -41 63 42 -44 100 45 -47 111 107 105 52 -52 70 53 62 -56 57 102 -59 59 -61 -62 -63 -64 64 -66 -67 -68 -69 -70 -71 -72 -73 -74 -75 -76 -77 110 78 -80 -81 -82 -83 83 84 85 -87 -88 -89 -90 -91 92 -93 96 -95 95 -97 97 -99 -100 -101 -102 -103 -104 104 -106 106 -108 109 -110 -111 -112 -113 -114 -115 116 -117 -118 -119 119 -121 -122 122 125 -125 -126 -127
leaf_value=0.0031608307511987793 -0.0019200989926504272 -0.0018188828227337502 -0.0010589803963545882 0.0030153283891648213 -0.00032578089023288455 0.0053172618186692619 -0.0053537111395421241 0.0087007790138953212 -0.0056755387263172285 0.011957159757093796 0.0041407490554357333 0.0065453209260574862 0.0017028122568113506 0.0064229513477610193 -0.0059522979837360436 -0.0033050419008161277 -0.0010449679378275443 0.002655305850665049 0.0030882488450270263 0.0014403377855318614 0.0002590878106407407 0.0077863036700041239 0.0095652094705034694 -0.004382543879463463 -0.0030474115619486901 0.0016971528718188931 0.0046125281692428691 -0.0078009050203399002 0.0054298330093672624 -0.0015674912786080562 0.0015901424518640803 0.0080519476974251249 -0.0021284963348598236 -0.0084389170171102149 0.0030879685493459662 0.00083102709745118397 0.0067614882048089523 -0.0032081910816738643 -0.0037998958187307964 -0.0037671538535836643 -0.0041677503550694673 -0.00056367731685141322 -0.0084044127379562742 0.00558004124770917 0.0088432207392412469 0.0002200403757846028 0.0061510413482110549 -0.004308853355049702 -0.00072057192757868469 -0.0037391293746489238 -0.001825796334816018 -4.1227254962127837e-05 -0.0077784468521833782 -0.0028834271974805311 0.0032050075866373478 0.0049078612683913113 0.0017982485747307536 -0.0020450390034819368 -0.0054616432734644962 0.0021117688349210077 -0.0024496933057496797 0.0046783129442101723 -0.004226752550062227 0.0018308113936032011 1.5453572189129112e-05 0.009458477075248448 -0.00028824479441478992 -0.0049784017206230824 0.0055550776103440716 0.0089967127419091162 0.0050246242720925292 0.0050877302114013343 0.0048979516609887735 -0.0031310007753484427 0.010172177251782126 0.0077944670732163213 -0.0044566657956816623 0.00073348689040156876 -0.0044368105203802513 0.00062078581915160885 0.00025422800013186008 -0.0067925183498594279 0.011987579353712863 0.0072215161517181102 0.0035541090099013607 -0.0027849065281648246 0.0021611214061481323 0.0090644717810068453 -0.0044564848698760854 0.0015482507980250227 -0.0017397577865340345 0.0075608406719830665 -0.0004190215955836854 0.0063875212578781574 -0.0014199305048539521 0.0075728887590202874 -0.0018191834686272271 -0.0060848443262804435 0.0080092838799883954 -0.0064781494207944946 -0.0016878345145903686 -0.0035636951832178098 0.0040254577540650505 0.0031734404286570361 -0.0045357689201334164 -0.0085451590512896618 -0.0010988694150568105 -0.00020601182227095383 0.0018110816908373428 -0.0073831928123650331 0.0028933025911693643 -0.001794697401581056 -0.0055539759092418858 -0.001078293043431056 0.0058928300797823335 -0.0010388505997680653 -0.0017040907669584715 -0.0019035034134763185 0.0048629209908335131 -0.0030908730481294649 -6.4112032288358997e-05 -0.00054828711747628126 0.0059978063896672373 -0.0090782764638855235 -0.0092289526030512326 -0.0022640760059458669
leaf_weight=2154.9897356331348 298.86204168200493 1010.6353390961885 165.35673803091049 341.61720626056194 210.74606527388096 279.9463180154562 891.26011593639851 265.73883377015591 147.87314580380917 118.43337339162827 459.66431272029877 242.93195368349552 135.4396311044693 220.51629048585892 308.40711687505245 203.93778893351555 193.93643836677074 126.59701371192932 119.6677461117506 541.62972490489483 342.21495889127254 177.90151359140873 169.26716400682926 518.29767915606499 248.68871776759624 385.8898636251688 112.97569532692432 1468.735436975956 185.3140617609024 1557.7171027958393 158.45869414508343 101.43307523429394 1146.9270383864641 438.07784320414066 386.34436000883579 347.72218753397465 607.0230750143528 260.90836380422115 249.6613897383213 343.27433569729328 201.42509517073631 336.63661408424377 201.94347634911537 181.18576443195343 109.96220654249191 284.66515147686005 136.68481647968292 684.18961369991302 106.92565666139126 131.17332321405411 391.60559175908566 245.40786457061768 252.8512701690197 148.96299965679646 814.3176059871912 736.18756975233555 1298.7914590388536 147.55633908510208 193.93632464110851 157.44549657404423 171.28062894940376 141.4378195554018 129.95700900256634 377.67244456708431 1654.9654271304607 103.3391445428133 639.61744879186153 585.82556527853012 112.21886670589447 120.33110046386719 946.84719678759575 849.41759185492992 152.21095395088196 99.981888711452484 381.5809945166111 533.52798755466938 118.67750930786133 350.16710096597672 374.39466932415962 105.93466190993786 235.13814979791641 184.12602780759335 106.18704390525818 112.7106674015522 211.91654390096664 325.89943206310272 112.94962644577026 191.19604909420013 246.0756556391716 128.74664425849915 290.92771431803703 100.21325990557671 163.95197443664074 118.22419445216656 242.79426380991936 168.17198695242405 113.44747592508793 181.88088470697403 128.19355925917625 552.46035246551037 136.87864628434181 372.32501864433289 498.29908037185669 118.64300309121609 339.18100762367249 147.71433383226395 223.43910376727581 130.83557267487049 188.78079405426979 714.83988592028618 175.99908871948719 111.91338908672333 158.93650141358376 261.99760790169239 147.9680635035038 2194.230381757021 165.69642348587513 257.6358629912138 270.10108369588852 104.47305566072464 1982.6412008553743 164.89503128826618 138.92896643280983 104.19747374951839 172.68176080286503 100.46391172707081
leaf_count=8635 1196 4044 663 1367 845 1120 3573 1067 592 475 1839 972 542 883 1234 816 776 507 479 2169 1372 714 679 2074 995 1544 452 5896 743 6234 634 406 4590 1755 1546 1392 2431 1045 1000 1374 807 1347 808 725 440 1139 547 2740 428 525 1567 982 1012 596 3259 2949 5202 591 776 630 686 566 520 1513 6627 414 2561 2344 449 482 3789 3403 609 400 1531 2139 476 1401 1498 425 941 737 425 451 848 1304 452 765 985 516 1164 401 656 473 972 673 454 728 513 2211 548 1490 1995 475 1358 591 894 524 756 2865 706 448 636 1049 592 8781 663 1031 1081 418 7934 660 556 417 691 402
internal_value=2.43734e-05 -0.00135653 -0.00267215 -0.00384027 0.00165674 -0.000717007 -0.00213386 0.00266322 0.000906955 0.00348651 -0.00152492 -0.00194174 -0.0031494 0.000906973 -0.000396898 0.00108323 0.000226058 0.00211788 0.00171058 0.00198587 0.00488214 0.00450723 0.00507966 -0.00130015 -0.000418873 -0.00178284 0.00121997 -0.00713973 0.0025945 -0.000868245 0.0035036 -0.000233743 -0.00199662 -0.00506611 0.0020505 0.00239347 0.00466296 0.0019156 0.00128404 -0.000618379 1.79353e-05 -0.00137419 -0.00369926 -0.00109493 0.000769845 0.00293353 -0.00155814 -0.00418763 -0.000786789 0.000400939 0.00183072 0.00280247 -0.000130676 -0.000663828 0.00218411 0.00164675 0.000888876 0.00372739 0.000608477 -0.00213721 0.00269905 -0.000892984 0.00128216 0.000423222 0.000890802 0.00378168 0.0010944 -0.00320705 -0.000221364 0.00306306 0.00399842 0.00402549 -2.1299e-05 0.00277843 0.00702527 0.00565675 0.00302483 -0.00100869 -0.00198552 0.00654711 0.00292406 -0.00219065 0.00205284 0.00294418 0.00122192 -0.000249259 0.00752707 0.00594651 -0.00202841 0.00641695 -0.00117819 5.5885e-05 -0.00237581 0.000796853 -0.000570719 0.00244069 -0.00350866 -0.000640904 0.0036086 -0.00514055 0.0025375 -0.0018883 0.00143685 0.000665495 -0.00248875 -0.00114059 -0.00434779 -0.00466608 -0.00297449 -0.00630321 -0.000161927 0.00270676 -0.00075635 0.00269624 -0.0014079 -0.0018171 0.00201809 -0.00499699 -0.000480359 0.00260029 -0.000912481 -0.00299235 -0.00103766 -0.0042508 -0.00624053 0.00262338
internal_weight=45655.2 24734.4 8069.75 4857.41 20920.7 16664.7 3223.32 8909.5 2856.95 6052.55 9669.49 8399.8 4702.73 12011.2 3697.07 1923.67 1680.74 3081.27 7041.03 6549.04 2971.28 2852.85 2510.63 2410.57 1892.27 1332.62 1269.69 1634.09 1122.95 2332.06 543.591 4970.21 1773.4 2292.16 958.242 5664.14 954.745 4709.39 3649.23 884.904 2485.28 1137.15 538.58 1464.99 598.565 394.627 1990.44 1854.09 4011.97 6995.18 1882.72 1491.12 5112.46 4166.97 945.491 3388.32 2504.58 883.744 737.726 351.382 2708.6 3212.34 1148.58 2337.4 2135.98 481.012 824.932 946.733 360.908 2537.32 1192.26 1060.16 989.748 559.646 1387.69 1006.11 472.578 837.537 724.562 371.673 336.571 1741.84 1018.63 869.663 650.527 537.816 219.137 349.655 372.673 298.014 3070.9 1521.81 1549.09 409.152 1421.6 410.966 1139.93 423.522 241.641 716.412 318.064 491.993 2254.91 1756.62 457.824 3675.4 371.153 1718.65 872.97 845.675 294.677 248.598 3304.24 2416.99 3018.38 2704.72 313.664 510.487 3145.31 374.574 2770.73 788.093 508.485 269.093 279.607 239.393
internal_count=182803 99014 32320 19465 83789 66694 12906 35701 11445 24256 38701 33621 18827 48088 14794 7697 6725 12344 28198 26229 11912 11437 10065 9645 7571 5332 5080 6559 4499 9333 2175 19890 7097 9182 3835 22686 3823 18863 14615 3543 9953 4550 2155 5863 2395 1579 7966 7427 16055 27993 7534 5967 20459 16675 3784 13570 10030 3540 2952 1406 10852 12855 4596 9361 8554 1927 3304 3788 1444 10166 4771 4248 3960 2239 5566 4035 1896 3351 2899 1492 1347 6971 4076 3480 2603 2152 877 1399 1492 1195 12289 6090 6199 1637 5689 1645 4562 1695 967 2867 1273 1969 9030 7035 1833 14708 1485 6885 3496 3389 1182 995 13223 9684 12079 10824 1255 2043 12587 1499 11088 3154 2035 1077 1119 958
is_linear=0
shrinkage=0.02


Tree=24
num_leaves=127
num_cat=0
split_feature=9 231 231 231 9 217 229 231 148 97 5 31 217 24 191 231 113 61 155 5 79 105 5 47 114 74 155 157 32 152 90 152 231 231 65 101 114 73 104 221 28 141 31 231 209 193 219 219 76 203 47 25 4 69 102 24 114 213 47 232 24 156 143 33 155 104 209 163 26 28 213 194 203 152 217 193 214 214 133 95 24 61 72 143 178 180 36 49 231 77 57 101 191 73 108 36 36 101 148 144 23 31 217 219 188 35 47 114 97 152 214 41 182 136 193 219 76 209 102 214 121 163 203 152 150 194
split_gain=270.24 42.2518 67.3083 53.1404 47.8333 42.6088 41.6878 32.7084 28.6609 26.7814 23.6527 23.4361 21.4218 21.0122 20.7967 20.3303 20.301 21.0461 19.9023 19.6248 18.5925 18.5847 18.4802 18.2125 17.7296 17.6163 17.5674 17.8342 17.528 16.8537 21.0036 16.4743 15.6916 37.062 31.6488 20.8223 16.5688 19.9206 15.398 14.9774 14.8271 14.7503 14.6993 14.3619 14.0786 13.9603 20.0323 13.9045 18.852 17.1231 13.9017 13.6093 14.9724 13.7288 13.5263 15.4089 13.5479 13.4082 16.2172 15.8633 13.2775 13.2117 14.6944 16.6094 13.9962 13.5461 13.1778 16.0493 13.1505 13.0135 16.2768 12.7681 13.4596 16.8846 16.3002 14.4058 12.6899 12.6601 28.8478 16.7267 19.9208 16.6697 12.4478 16.6995 12.2176 13.1439 12.141 17.0592 12.126 11.9882 15.5966 11.9565 11.8934 11.821 11.7984 11.7107 11.6975 11.5669 17.7582 11.5389 11.4841 11.2252 12.0592 15.9268 16.6349 12.6414 11.6201 14.3475 15.169 11.1923 11.0486 13.7041 15.7257 15.6243 14.4103 11.544 12.0642 11.0369 17.2122 10.9271 10.9264 10.873 15.9136 10.8611 16.7195 12.5438
threshold=-1.442299026166438e-05 0.48289918899536138 -0.57536083459854115 -0.0065449222456663838 0.00028269054018892353 -0.00543343462049961 -0.12779405713081357 0.31523424386978155 0.017413383349776271 0.67395898699760448 -0.00015623250510543582 0.00077088407124392699 -0.018253200687468048 0.00028487479721661663 -0.00093991865287534882 0.27353890240192419 0.65000000596046459 0.00011367709521437065 -0.0023663442116230722 2.2745345631847161e-05 -0.00079799504601396609 0.84617391228675853 0.00011889663437614219 0.00014176509284880015 0.00027429916372057056 -0.45435856282711024 -0.0064953244291245929 -0.0013365529594011603 0.23560927063226703 0.00040117133175954228 -0.00013830899115419013 -0.00024504119937773789 -0.54280677437782276 -0.18866651505231855 -0.0023557782405987378 0.00045055030204821383 -0.00012860805873060596 -3.8720369047950946e-05 2.1059356186015069e-05 0.013867007102817299 0.00030881333805155014 -0.0011783438967540858 0.0011786694522015753 0.42063900828361517 -0.00065128598362207402 0.0029005379183217887 0.68795478343963634 0.85318294167518627 1.0000000180025095e-35 0.0002193102991441265 0.00012126194269512781 8.6387615738203763e-05 -1.3845813100488156e-05 0.00055812837672419857 0.71708434820175182 3.9119111534091651e-05 0.0015010515344329181 0.0021655812161043291 -0.00032313400879502291 1.5000000000000002 5.2744415370398208e-05 0.0013435473665595057 0.86010205745697033 -0.00028254326025489712 0.003060654154978693 0.0011654872796498241 -0.00080248087760992337 -0.0080042826011776907 0.5606498420238496 0.00023037960636429491 0.0031350667122751479 0.004314481047913433 -0.00017001076048472894 6.9873640313744559e-05 -0.0064218039624392978 -0.0081965452991425974 0.0020908366423100237 0.0021925900364294653 0.0001506725748186 0.00012084723857697101 0.00011940775948460215 0.00059711403446272026 0.0020002191886305813 0.73860350251197826 0.11039999127388002 0.0010082456283271315 0.19041173160076144 0.00049434133688919257 -0.23132287710905072 0.00039839757664594805 0.00013199151726439598 0.0006547657831106336 -0.0018899908172897992 -3.2537213883188083e-06 0.12728465348482135 0.10885480418801309 -0.15483662486076352 0.00072104652645066391 0.0063606724143028268 -0.0023795210290700193 0.00018313898908672857 0.00067093464895151566 -0.0053785929922014466 0.19605629891157153 -0.31003916263580317 -4.2432009649928652e-05 -0.00033961809822358186 -0.00038116206997074181 -0.87270227074623097 0.00065326999174430977 0.0016430389950983228 -0.00053024603403173376 -0.0017828079289756713 0.0029971254989504818 0.0037295921938493852 0.88735622167587291 -0.00036062875005882228 7.638604074600154e-05 0.38325431942939764 0.0016027370002120735 -0.00095205329125747074 -0.0063225487247109404 -0.00041928848077077413 0.00026707150391303008 -0.042293209582567208 0.01163687836378813
decision_type=2 2 2 2 2 10 2 2 10 10 2 2 8 2 8 2 8 10 10 2 10 8 2 2 2 10 8 2 2 8 2 8 2 2 2 2 2 10 10 10 2 8 2 2 10 10 8 8 2 10 2 2 2 10 10 2 2 8 2 2 2 10 10 2 10 10 10 2 2 2 10 8 10 10 10 10 8 8 2 2 2 10 10 8 10 10 10 2 2 2 2 2 10 10 10 10 8 2 10 10 2 2 8 10 10 2 2 2 10 10 8 10 10 10 10 10 2 10 10 10 2 2 10 10 10 10
left_child=6 2 22 4 5 21 32 16 10 11 13 14 -6 15 -3 29 17 -5 26 44 28 25 54 51 -23 -4 -9 -28 -12 30 -8 88 35 36 42 -1 119 -38 -37 -15 60 50 100 -29 -19 -20 -47 48 49 -21 92 52 -7 -53 69 -56 61 58 -30 -59 -40 64 63 -63 65 -57 67 -27 -33 70 109 72 73 -22 75 -75 91 78 79 80 -11 -79 83 -17 -24 -86 -87 -88 -14 -71 -91 -64 -13 -49 -42 -67 -61 -32 -99 -62 -35 102 103 -36 -105 -104 107 108 -106 123 -73 115 113 114 -113 -112 -117 -54 -119 -34 -94 -68 -123 125 -125 -2
right_child=1 9 3 7 12 23 8 18 -10 77 20 41 31 39 -16 82 -18 19 45 47 71 24 84 -25 -26 66 27 43 57 -31 97 68 33 34 101 38 37 -39 40 -41 94 -43 -44 -45 -46 46 -48 93 -50 -51 -52 53 117 -55 55 56 -58 59 -60 96 99 62 76 -65 -66 95 121 -69 -70 89 -72 110 -74 74 -76 -77 -78 81 -80 -81 -82 -83 -84 -85 85 86 87 -89 -90 90 -92 -93 120 -95 -96 -97 -98 98 -100 -101 -102 -103 105 104 106 -107 -108 -109 -110 -111 111 112 -114 -115 -116 116 -118 118 -120 -121 -122 122 -124 124 -126 -127
leaf_value=0.0096828924187892813 0.0019251978659494131 0.0063237281688926115 -0.0073273880591519704 -0.0051047936330566278 0.00061392810412413262 0.004851665396541179 5.2946876643815758e-05 -0.0066394451613716347 -0.0048461925503418078 0.0026173791652480028 0.0043881466425188462 0.0032079626160804921 -0.0075477351332927049 -0.0074609146167119843 0.0011756587790628973 0.0014505681560770761 -0.0038987690471375242 -0.0021992274868020641 -0.0065950359883680931 0.0030853262344390244 -0.003160165745949255 -0.0094105812353958394 0.0016769558814921832 -0.006837441587008988 0.00050004491688146425 0.001978104597723733 0.0075740728609961583 0.0023629138892849468 0.0010637420369918685 0.0014225960297762524 0.0091628024345799305 -0.0038043742907992472 -0.0014366283076000703 0.0027276470350907547 0.0018818984059497759 0.0078442488990670741 0.0021997901575401576 0.012108798314752126 -0.0036802949988237331 0.0022306435288363675 0.00044889403683451241 0.0035910953328532279 -0.0005566359801883634 -0.0064428623370417796 0.0047778902698771501 0.0049773862078389668 -0.0041627338784568299 0.0065611383206626763 -0.0029895910514673167 -0.0048745353654125242 -0.0042905391298720718 -0.0094925136824845161 -0.0063555658038774712 -0.002114727944986061 0.0059038523735693007 0.0034742832106190993 0.0039265861961350762 -0.0043130711527457613 0.0082282623292504187 0.0048113536186541531 0.0024243804292626145 -0.0015760677041960795 -0.0025568756616923616 -0.0089353661297402777 0.0056444531969775313 -0.0028824928646653692 0.0048705983682288539 -0.0056702703735785811 -0.010665127830262503 -0.0013711820903575204 0.008481902556899042 0.0012554267100940339 0.0014585959010417324 -0.0009298075386745718 -0.0033886878982430806 0.0051154504758039576 -0.003728649572923837 0.001726276150463432 -0.0081189868271049001 0.0042150141023063444 -0.0087847587826846291 -0.0057220115102800517 0.0042935663943211621 -0.0045410001643150484 -0.0079200862305786705 -0.0014159577637743791 -0.00034036836678481532 -0.0092141603535566066 -0.00046838180671532456 0.0047221845117370112 -0.0025136898042064522 0.0050094931656656499 -0.0070483838865270931 -0.00036705544807228194 -0.0049965425297974278 0.0022595765638167048 -0.0011275021644739547 -0.00016002271461507817 0.0069479475847843341 -0.0035602107194825173 0.0090603864995070366 0.0053859129278499163 -0.00182107481695592 -0.0075349583634860239 0.0020312038622402333 0.004804666368210633 -0.0060261866013904255 0.0032474833539911218 -0.0060703060292554047 -0.0035277019365326473 -0.0013152110554609368 -0.0017502925353161875 -0.0046639663656400298 -0.002402731104244125 0.007125736554568528 -0.0018187753783009304 0.0061616962984711744 -0.0046418717282486312 0.0043416215313505655 0.0054603569833931451 0.00078916268252330159 -0.0051596305524894597 0.0014205717161748486 0.00067626785880310386 0.010953395457498872 -0.0046423358961602173
leaf_weight=101.1655580252409 949.13063295185566 552.03197588026524 113.89300249516964 238.86865602433681 118.33275337517262 116.19007906317711 236.35087917745113 110.17158274352551 324.28346893191338 99.933419093489647 828.35312868654728 289.89820332825184 190.96652753651142 121.62707418203354 721.07066632807255 535.93530522286892 516.50098562240601 128.70189723372459 784.77382975816727 512.81409013271332 665.64418809115887 171.40116953849792 313.40343815088272 1176.6818008124828 112.83721762895584 166.63690409064293 120.93684084713459 172.09640492498875 528.54743513464928 632.36354079842567 437.89332731068134 164.31162787973881 101.89902517199516 183.42521078884602 1351.8306118100882 114.00347882509232 120.18588782846928 319.13001389801502 156.13495728373528 102.89681641757488 383.93858399987221 269.39867544174194 108.02279143035412 101.39940957725048 622.29079081118107 102.92810223996639 443.6614925712347 178.2001741528511 864.29568560421467 116.70917126536369 401.60694962739944 189.28160591423512 175.03972047567368 223.7967207878828 103.4692454636097 205.42860977351665 164.94735537469387 314.62796358764172 149.37503749132156 198.91563382744789 2022.302417114377 228.44970758259296 132.93782457709312 273.38960838317871 119.21348114311695 898.20521427690983 243.60812765359879 261.28615429997444 784.66228654980659 1259.9380909204483 128.45217500627041 710.99242310225964 3180.2637660801411 256.14289623498917 224.3369178622961 369.05406166613102 347.57067558169365 532.83445879817009 305.23740987479687 178.35569679737091 113.65917575359344 133.58851261436939 264.34886080026627 260.08189526200294 145.45199669897556 2042.7575886696577 152.93517053127289 184.86391285061836 184.01827158033848 323.17858196794987 166.95493882894516 168.92473182082176 100.22069954872131 191.86610147356987 248.3086342215538 203.68482981622219 322.11861671507359 207.91155637800694 408.59399366378784 120.22515904903412 433.99770465493202 264.54447087645531 132.96921502053738 132.48772950470448 161.16662962734699 550.11234293878078 102.3243453502655 374.57969129085541 175.2026472389698 141.71102020144463 474.19418108463287 121.91689668595791 753.15529772639275 664.08834807574749 141.64959800243378 103.18964196741581 203.87454830110073 153.32672297954559 148.04937151074409 521.75380259752274 165.7125376611948 157.60960720479488 834.6471960991621 132.20918716490269 106.71212935447693 112.97902977466583
leaf_count=406 3798 2209 456 956 474 465 947 441 1298 400 3318 1160 766 487 2885 2146 2068 515 3142 2052 2664 687 1254 4718 452 667 484 689 2116 2532 1756 659 409 736 5417 457 482 1281 626 412 1538 1078 433 406 2490 412 1776 713 3460 467 1607 758 701 896 414 822 660 1259 598 796 8104 914 532 1094 477 3594 975 1046 3153 5041 514 2846 12730 1025 898 1477 1391 2133 1222 714 455 535 1058 1041 582 8175 612 740 738 1293 668 676 401 768 994 815 1289 833 1637 482 1743 1060 533 531 646 2205 410 1501 702 567 1898 488 3014 2658 567 413 816 614 593 2093 663 631 3342 529 427 452
internal_value=-6.91307e-05 -0.00154593 -0.00191722 -0.00297357 -0.00430805 -0.00321232 0.00153163 -0.00150505 0.000856714 0.000366424 0.00100154 0.00159222 -0.00744446 0.00249427 0.0034712 0.00294126 -0.00032886 0.000339896 -0.00363735 0.00087224 0.000528588 -0.00113358 -0.000635927 -0.00514819 -0.00570201 -0.000347809 -0.000238377 0.00178368 0.00208479 0.00415755 0.0054553 -0.00816312 0.0026607 0.00335363 0.00244323 0.00153785 0.00664644 0.00961176 0.00120582 -0.00320021 0.000896187 -0.000382027 0.00616679 -0.00111842 0.00355615 -0.00490301 -0.00232662 -0.000235428 -0.00110064 0.00150497 -0.00155057 -0.00307694 -0.00106723 -0.00577764 -1.96956e-05 -0.00102764 -0.00132997 0.000783421 0.00283294 -0.000906588 0.00164054 -0.00169396 -0.00326848 -0.00577403 -0.000395636 -0.00102318 0.000211331 -0.00273659 -0.00958025 0.000845058 0.00215435 6.12973e-05 0.000722432 -0.000821601 0.0010413 0.00268666 -0.0012177 -0.00187139 -0.0037156 -5.86975e-05 -0.0036827 0.000110005 0.000699245 -0.000570368 -0.00196494 -0.00242642 -0.00202757 -0.00544023 -0.00427327 -0.000341468 0.0022555 0.0017255 0.000509416 0.00313447 -0.00177738 -0.00190864 0.00123382 0.00664275 0.00462113 0.00205874 0.00732366 0.00157818 0.00120659 0.000500496 -0.0014721 0.00349978 -0.000327278 0.00063539 -0.00229244 0.00148271 -0.000915436 -0.0015474 -0.00255536 -0.00078109 0.00318612 0.000630787 0.00353262 -0.00264807 -0.000233227 0.00432383 -0.00245094 0.00125938 0.000294083 0.00207361 0.00575797 0.0011537
internal_weight=45685.7 23763.2 19899.7 10892.8 5686.58 4244.29 21922.4 5206.22 13742.7 3863.55 13418.4 2499.94 1442.29 3208 1273.1 2983.48 3370.25 2853.75 1835.97 2614.88 10210.4 2061.92 9006.9 2182.37 284.238 1777.68 504.604 394.433 2341.94 1923.11 1290.75 1323.96 8179.71 5033.63 3970.66 3146.08 1062.97 439.316 3044.91 224.524 2930.91 1226.84 725.446 273.496 750.993 1331.36 546.59 1863.89 1493.82 629.523 957.438 1005.68 592.606 413.078 6167.49 2846.22 2742.75 1513.58 677.922 835.662 2298.66 2577.8 1151.27 501.839 1426.53 1307.32 1663.79 427.923 948.974 3321.27 1571.19 7868.5 4695.44 1515.18 849.534 625.197 649.433 1363.61 697.186 391.948 213.593 666.423 1060.37 796.017 2839.41 2526.01 2380.56 337.799 374.985 1750.07 490.134 301.863 555.831 370.066 632.247 1101.89 521.034 1054.4 616.506 2142.53 617.423 3245.22 2980.67 2297.59 945.761 683.082 813.273 710.949 336.369 1442.74 3173.06 2462.07 1680.81 927.655 263.566 781.258 307.064 476.416 301.376 623.653 265.933 1235.86 992.257 1301.03 238.921 1062.11
internal_count=182939 95133 79671 43630 22791 17001 87806 20839 55017 15462 53719 10003 5790 12849 5094 11950 13489 11421 7350 10465 40870 8256 36041 8745 1139 7117 2020 1579 9376 7705 5173 5316 32789 20182 15917 12607 4265 1763 12201 899 11744 4909 2912 1095 3005 5330 2188 7460 5979 2519 3831 4027 2373 1654 24678 11389 10975 6058 2714 3344 9212 10315 4607 2008 5708 5231 6661 1713 3812 13289 6287 31494 18794 6064 3400 2502 2599 5459 2791 1569 855 2668 4245 3187 11363 10109 9527 1352 1504 7002 1961 1208 2224 1481 2532 4409 2085 4226 2470 8586 2479 13005 11945 9207 3790 2738 3259 2849 1348 5773 12700 9854 6727 3713 1055 3127 1229 1908 1207 2502 1064 4948 3973 5206 956 4250
is_linear=0
shrinkage=0.02


Tree=25
num_leaves=127
num_cat=0
split_feature=15 229 231 231 231 15 62 78 159 223 183 15 223 146 81 231 112 79 211 157 118 60 214 187 73 231 34 138 112 15 2 224 115 141 100 176 223 231 60 139 229 231 157 105 146 108 176 87 112 186 179 115 129 142 231 76 60 29 128 223 76 22 215 63 176 115 186 78 66 136 112 43 100 27 223 136 105 226 227 65 193 62 223 27 136 40 226 176 226 187 224 204 193 22 70 28 231 175 142 69 193 148 218 140 19 214 115 179 211 218 212 22 187 100 15 142 66 28 108 214 212 226 221 128 187 60
split_gain=238.767 54.3319 41.0313 43.6566 59.6331 40.2421 31.5264 29.8577 28.5016 28.1568 28.1536 23.5113 23.0242 22.8168 20.6313 19.6671 18.0616 16.2446 21.1385 16.1929 17.971 17.7239 23.7211 17.4033 16.1251 19.0014 16.9011 14.9618 22.9714 14.538 14.4849 18.4777 14.473 16.5171 20.2364 22.4704 23.4594 17.2492 30.2875 23.8681 16.7562 16.6966 18.2711 16.503 16.2262 16.009 18.8515 15.91 14.1753 18.299 15.4367 14.1557 14.1244 16.2002 14.1182 14.0654 13.9877 13.7846 13.7377 15.5289 13.6966 20.7326 17.1107 15.1432 15.5555 15.1806 13.5726 13.4227 13.8182 27.1059 14.6949 13.1673 13.1278 12.9367 12.9313 14.1579 13.126 13.0285 12.9179 12.8481 12.7435 12.7121 13.0231 12.6003 12.5292 12.3882 12.3503 12.1472 12.0478 12.0257 12.4618 12.5879 14.4091 11.9866 13.79 11.9761 11.8861 13.2106 16.6673 12.265 11.8428 11.8286 18.926 13.3323 14.508 12.888 11.801 12.4179 12.4809 11.7074 11.5972 12.9108 13.3163 11.5625 12.6365 11.9861 11.5559 11.486 11.3483 11.3426 11.2953 11.2468 12.7264 11.7774 11.6889 11.1046
threshold=0.011785297654569151 -0.116970706731081 0.48289918899536138 -0.56099891662597645 -0.0327190039679408 0.1600126922130585 0.00049466188647784304 0.00066345569211989652 -0.0010735916439443825 -0.028891518712043759 0.01859273482114077 -0.29764582216739649 -0.030112519860267636 0.82917660474777233 -0.00014636688138125462 0.40474165976047521 0.025639449246227745 -1.0000000180025095e-35 -0.52627506852149952 0.00068103850935585808 0.0058488792274147281 0.0026514433557167654 0.0020093492930755024 -0.00031101834611035878 -2.7782211873272895e-06 -0.80773079395294178 7.3513128882041215e-05 0.00058505276683717977 -0.13006228953599927 0.34846706688404089 0.00023489430896006527 0.00067686630063690256 -0.0027608415111899372 -0.0037919700844213362 0.00094937146059237431 0.0014744655345566573 -0.039765384048223489 0.01527100056409836 0.00094178447034209978 0.0014502393314614894 -0.20858956128358838 -0.74168145656585682 -0.0012858988484367726 0.15164227783679965 0.18727041035890582 0.094005502760410323 0.0011663298937492075 -0.0075621912255883208 -0.1347602233290672 0.0037671233294531707 -0.0029069080483168359 0.00062213969067670416 -0.2556739449501037 0.00050154939526692044 -0.94190874695777882 0.00014672035467810932 0.0015586076187901201 0.46673373878002172 0.0010344262118451299 -0.0055712556932121507 0.0013372919638641181 0.0012120747123844924 0.0027542647439986472 0.00036131711385678505 0.0012421819265000524 0.00077801957377232622 0.005825670901685954 0.00035877908521797513 0.00085885523003526043 0.0051594646647572526 -0.27427177131175989 -9.117416993831283e-05 0.00043611934233922517 -0.00015614968287991357 -0.0012470941874198613 0.0025943667860701685 0.38162052631378179 -0.019004088826477524 0.45000000298023229 -0.00074804425821639587 -0.0031371000222861762 0.00011336403258610518 -0.0029127073939889665 -0.00025566884141881013 0.0065853509586304435 -0.0004867816023761406 0.22361291199922564 0.001132236095145345 -0.069188464432954774 -0.00013888553075958041 0.016314277425408367 0.0012179182958789172 -0.0026491773314774032 0.00029244794859550899 0.50192123651504528 0.00054462256957776855 0.31523424386978155 0.00075882859528064739 0.0030652986606583004 0.00013087468687444928 -0.0058834643568843594 0.0066427486017346391 0.010493126697838308 0.3404508531093598 -7.3421801971562664e-06 0.0024511584779247646 -0.00035225534520577634 -0.0067134173586964599 0.75740343332290661 0.0016079177730716767 0.026773831807076934 0.00033955217804759746 0.00024657732865307486 0.00043212049058638519 -0.12608534842729566 0.00042293169826734816 0.00017733211279846731 0.00016195247007999572 0.26167099177837377 0.0018516281852498653 0.016383172012865547 -0.16149877011775968 0.0047787895891815433 -0.0028040084289386864 -0.00043575491872616107 0.0031009368831291799
decision_type=2 2 2 2 2 2 10 8 2 10 8 2 10 10 2 2 10 10 10 2 10 10 10 10 10 2 2 8 10 2 2 10 8 10 8 10 10 2 10 2 2 2 2 8 10 10 10 2 10 8 10 10 2 10 2 2 8 2 2 8 2 2 10 2 10 10 10 10 2 10 10 2 10 2 10 10 10 10 8 2 8 10 10 2 10 2 8 10 10 10 10 10 8 2 10 2 2 10 10 10 10 10 10 10 2 10 10 10 10 8 8 2 10 10 2 10 2 2 10 10 8 10 10 2 10 10
left_child=1 32 3 30 5 8 27 15 51 56 11 110 -8 16 84 19 17 18 -13 21 -21 22 119 73 25 79 -26 28 118 58 31 100 85 40 35 36 -35 39 -39 41 47 42 -38 -42 -45 -43 57 -34 49 72 66 -5 -44 -54 -49 -14 -7 -47 -29 95 61 62 -9 64 65 -64 -51 74 70 -70 -69 -17 -19 -24 75 76 -33 -78 -30 -15 -28 -18 -83 -71 -11 -1 88 -61 -27 -52 91 92 -91 94 -77 -60 97 99 101 -20 -2 102 105 104 -103 -99 107 -95 -109 -50 111 -3 -113 115 -115 -98 -32 -84 -4 -6 -65 -56 123 124 -123 -40
right_child=2 10 6 4 7 9 12 60 -10 14 -12 13 55 24 -16 71 81 48 96 20 -22 -23 23 -25 26 86 80 29 78 -31 116 67 33 34 -36 -37 37 38 125 -41 43 45 52 44 -46 46 -48 54 109 50 89 -53 53 -55 121 -57 -58 -59 59 87 -62 -63 63 120 -66 -67 -68 68 69 83 -72 -73 -74 -75 -76 93 77 -79 -80 -81 -82 82 117 -85 -86 -87 -88 -89 -90 90 -92 -93 -94 106 -96 -97 113 98 -100 -101 -102 103 -104 -105 -106 -107 -108 108 -110 -111 -112 112 -114 114 -116 -117 -118 -119 -120 -121 -122 122 -124 -125 -126 -127
leaf_value=0.0076274648246616649 0.0011044665117463607 -0.0019575832565479406 0.0072314142688604402 0.0021102390895524343 8.2494858540540459e-05 0.0035531034141144204 0.002648071742378627 -0.0078269559806833696 -0.0039406261017718444 -0.0053563662889026765 -0.0053265074336767406 -0.0044095977803299633 -0.0013561732973627961 0.00048076890437610251 -0.0080329676414101336 0.0021605818092237843 0.0078307835273217705 0.00077638317438001125 -0.0011955301156043841 0.0060967002164502224 -0.0022164539845908786 0.0047270632488628749 0.0065806533226152398 -0.0040037138935365008 -0.0082030184177311269 -0.0021607316546678281 -0.0054476470370598499 0.0041359750420348514 0.0003704782580070949 -0.0015678978365569823 -0.0079432237198920359 0.0016182285016385165 0.0081455449884590761 -0.0042366410200556986 -0.0050240491968958616 0.0066931398140727327 0.0073666246522756784 -0.0036999957621319732 0.0020133148975003349 -0.0028441223486820816 0.0019727713236106447 0.0017890588909984621 -0.0049630320267129999 -0.0078066547169294868 -0.00039370626056676268 0.0091856538367853357 0.0015364168935026385 0.0053491398686482854 -0.0076896889692846335 -0.0087811015500409394 0.0053700271680995962 -0.0048019629645327062 0.0077776526823463586 0.00020097631050514819 0.0036768171118005078 -0.0082998526490770559 -0.0045798765524383356 0.0017405827993078066 0.00088852312497149724 0.0069719915060742132 0.0024483162753540784 -0.0082952411438108609 -0.0015441755296530682 -0.0074931138602791795 -0.0044593365030851069 0.007769506075647181 -0.0013492366493258871 0.0010078008531036848 0.002837464632248893 8.4331539548216248e-05 -0.0048161715107778455 -0.00558440919899429 0.0061149360153998026 -0.0017504633909517975 -0.0047976781052294689 0.0075157309238997076 -0.0012444021212753302 -0.01004864150573929 -0.0067029928936030349 0.0096777782587719081 -0.0008269245887436087 0.0026136910728121448 0.0017239985475146497 -0.0047804857261798126 0.0012838850096659657 0.0011402228412247788 -0.0058922373202219781 -0.0010838046607755066 0.0031208372395353009 -0.0049216176650888795 0.0030669480098327677 -0.0066260195284659016 0.0021708926356301546 0.0029046431396695777 0.00017106392028087416 -0.0077166984415843499 0.0020709629973874413 0.0022819908332497867 0.0067531986675884483 0.0061857541056933567 0.0087926875179807733 0.0051303021947670382 0.0074381145998678238 -0.0063143860784435762 -0.0032067005628122936 -0.002838506732310992 0.0020390273340047619 -0.0029167992475792955 0.0039108918538793731 -0.0014884796373775275 -0.0013417731915592659 0.002352651071494571 0.0059539697108472369 0.0068941059470617209 -0.0009379947198430022 -0.0047907623903585932 -0.0017653702867105668 -0.0052135624728672936 0.00034787130665817539 0.0046113150959616713 -0.00082579233519842967 -0.00300101693634012 0.0026295142655315767 -0.0059331973758381656 0.0042567036942794808 0.0067437981529384983
leaf_weight=393.00226235389709 210.84466776251793 170.25453753769398 109.94606173038483 595.63488771021366 975.4928200095892 154.9558097422123 171.14022655785084 183.21326538920403 1641.4863446056843 313.18004535138607 287.28362223505974 212.6411134749651 202.86000049114227 107.44936640560627 1665.990858450532 100.21053053438663 143.37153467535973 468.24908824265003 100.87046474218369 324.59094944596291 136.6752710044384 231.88096788525581 102.70871645212173 973.34686107933521 141.44328232109547 305.85561387240887 257.16499590873718 1211.7273004204035 160.15840861201286 319.41798324882984 109.95801475644112 165.43554915487766 144.10163390636444 169.99151737987995 104.86067074537277 641.6766342818737 205.34373427927494 340.43719193339348 1480.7766029238701 172.02958235144615 341.43908178806305 313.82422843575478 119.74083705246449 193.77525544166565 268.98446284234524 803.28745956718922 216.65203137695789 282.47600471973419 118.18348316848278 133.93763561546803 149.20000278949738 127.16168682277203 130.85240299999714 452.91005285084248 295.59101250767708 287.26115188002586 143.93914812803268 125.24639499187469 122.68780942261219 143.18380691111088 119.30868935585022 358.7706394046545 106.58532878756523 168.24469643831253 100.62239919602871 156.50313630700111 297.6049490571022 215.91138781607151 581.97682163119316 372.86947530508041 747.44090628623962 388.298125192523 291.35110531747341 174.38277886807919 168.70663051307201 212.14750538766384 155.21345522999763 108.22363525629044 260.86299094557762 126.71403139829636 1808.8731246143579 2019.2083344310522 192.29480415582657 474.4884532392025 162.53081552684307 175.81077396869659 118.68333469331264 129.68719661235809 349.10107204318047 154.44589228928089 262.37414820492268 150.93485341966152 314.09338165819645 249.62359307706356 184.45108266174793 108.68706627190113 140.89909915626049 601.58753158152103 199.62339399755001 525.1319779753685 116.44267807900906 135.11461390554905 185.8251123726368 149.65016643702984 161.40330877900124 268.311758056283 1075.9661756008863 757.53931997716427 106.4745858758688 1202.1653963625431 249.63797616958618 1252.7263001650572 630.70297186076641 125.11663866043091 181.16214433312416 276.84374918043613 2422.2461344450712 156.40761099755764 373.05535577237606 266.37191414833069 233.24662435054779 198.58671353757381 275.01079659163952 214.03576508164406 129.45672319829464 217.28280130028725
leaf_count=1578 844 682 440 2384 3904 621 685 734 6575 1255 1150 851 812 430 6693 401 574 1874 404 1299 547 928 411 3895 566 1224 1029 4849 641 1279 440 662 578 681 420 2572 823 1364 5934 689 1368 1259 480 776 1077 3225 869 1132 473 536 597 509 525 1815 1185 1150 577 502 491 573 478 1438 427 674 403 627 1191 864 2329 1492 2991 1554 1166 698 675 849 621 433 1044 507 7239 8082 770 1899 651 705 475 519 1397 618 1050 604 1257 999 738 435 564 2409 799 2103 466 541 744 599 646 1074 4305 3031 426 4811 1000 5020 2528 501 725 1108 9694 626 1493 1066 934 796 1103 858 519 872
internal_value=-1.18939e-05 0.00138699 -0.00151199 -0.00189485 -0.00279429 -0.00438929 0.000437954 -0.00128044 -0.00249753 -0.0061867 0.000668887 0.000791991 -0.00344406 0.000448647 -0.00698237 -0.000320327 0.000949534 0.000411805 0.0014255 0.00026115 0.00364373 -0.00033398 -0.000838736 -0.00276269 -0.000999837 0.00108173 -0.00195133 0.00132864 -0.000800252 0.00227278 -0.000834634 -0.000289323 0.00267415 0.00243843 0.00303709 0.00321191 0.00271537 0.0029908 0.00159733 0.00408796 0.00102088 0.0046112 0.002406 -0.00129775 -0.00369261 0.00593375 0.00701935 0.00223338 -0.000524996 0.000451093 -0.000857636 0.000797623 0.000794444 0.0021007 0.00151624 -0.00559173 -0.000405102 0.00823929 0.00299752 0.00020835 -0.0037146 -0.00430552 -0.00265613 -0.00125024 0.00166265 0.00415373 -0.00394263 -0.000566167 -0.0016915 -0.000429629 -0.00351692 -0.00397315 0.00292837 0.00157273 0.000284824 0.000598953 -0.00268769 -0.00531515 -0.00411744 0.00582751 -0.00144879 0.00239225 0.00200014 -0.0026872 -0.0031274 0.0057292 -0.000465371 0.00333076 0.000663476 0.000484034 -0.000443385 -0.00197958 -0.000272803 0.00116042 0.00427206 -0.00344608 0.00185817 0.00254932 0.00160152 0.00499619 0.00418863 0.000837034 0.00198102 -0.00183873 0.000676356 0.000674326 0.000563254 -0.000873416 -0.00200596 -0.00215 0.00264032 0.00313264 0.00360851 -0.000372478 0.00248794 -0.00248751 -0.00209378 -0.0015018 0.00214001 0.00111159 -0.00384271 0.000465917 -0.000755755 -0.00250564 -5.68591e-05 0.00269008
internal_weight=45473 23531.1 21942 18341.3 9905.33 4804.88 3600.68 5100.45 2364.28 2440.6 15123.9 14836.6 661.261 12533.3 2141.7 3673.96 9318 6806.72 3264.18 3185.45 461.266 2724.18 2492.3 1250.44 3215.28 1007.8 2207.48 2939.41 904.023 2035.39 8435.96 5903.76 8407.18 7838.37 5494.91 5390.05 4748.37 4578.38 2038.5 2539.89 2343.46 2367.86 908.847 804.199 462.76 1459.01 1145.19 1539.26 3542.54 2222.19 1462.59 722.797 703.503 583.762 1395.16 490.121 298.895 928.534 1715.97 504.246 1426.49 1307.19 948.415 765.202 363.711 263.088 431.543 5576.47 2392.69 1429.33 963.352 488.509 759.6 277.091 3183.78 3015.07 428.873 263.437 421.021 234.163 2066.04 2511.28 2367.91 847.358 475.711 568.813 773.64 272.871 654.957 1031.05 881.848 619.474 468.539 2586.2 396.599 231.375 3051.54 2327.52 1701.52 626.002 327.287 1501.89 1055.72 446.168 296.518 869.899 2189.6 1113.64 864.014 1320.35 2303.32 2053.68 1883.43 724.022 306.279 417.743 2532.2 348.702 483.001 1241.86 401.491 1112.68 817.09 542.079 328.043 1698.06
internal_count=182101 94249 87852 73441 39683 19265 14411 20418 9468 9797 60544 59394 2647 50164 8599 14703 37297 27245 13068 12748 1846 10902 9974 5004 12867 4033 8834 11764 3618 8146 33758 23624 33705 31422 22030 21610 19038 18357 8170 10187 9392 9498 3643 3221 1853 5855 4596 6171 14177 8893 5853 2893 2820 2340 5593 1962 1198 3727 6867 2018 5715 5237 3799 3065 1457 1054 1727 22314 9575 5720 3855 1955 3040 1109 12739 12064 1716 1054 1685 937 8268 10052 9478 3391 1906 2283 3096 1092 2621 4126 3529 2479 1875 10348 1587 926 12217 9319 6812 2507 1310 6013 4227 1786 1187 3483 8761 4456 3457 5284 9230 8230 7548 2898 1226 1672 10134 1396 1933 4970 1608 4461 3276 2173 1315 6806
is_linear=0
shrinkage=0.02


Tree=26
num_leaves=127
num_cat=0
split_feature=11 230 7 148 223 25 111 30 111 125 17 230 70 230 156 230 219 26 70 214 138 230 230 230 116 213 230 138 110 98 180 223 139 180 25 215 64 225 97 149 213 121 111 156 11 3 98 173 97 225 76 101 65 11 31 99 219 226 226 203 154 174 223 11 186 215 110 181 195 30 186 226 226 33 151 191 28 65 184 214 138 178 225 25 110 201 153 225 185 32 203 193 184 121 148 201 153 155 34 223 185 223 153 225 148 7 125 195 74 230 230 125 159 115 174 186 139 74 219 226 59 184 142 177 110 101
split_gain=224.539 66.3236 55.518 44.099 28.7897 30.7808 24.4036 28.0672 24.3787 21.1288 19.5862 17.2065 16.336 17.1864 17.0197 16.0411 15.6 16.3706 14.8609 19.8395 15.6905 14.9265 14.7509 29.5814 18.2437 17.6268 14.7023 14.5282 14.2089 14.2017 14.0398 14.4487 16.8684 15.6732 13.9886 15.003 13.819 13.8079 13.6563 13.7578 20.4548 15.5661 18.1329 13.5626 13.3794 13.0122 12.7467 15.7123 15.3418 12.6973 12.4444 12.3884 15.7907 14.2903 12.6191 12.2869 13.5115 12.2255 19.2199 13.4917 19.8586 16.1291 13.6519 13.1448 12.7831 12.1625 12.091 14.6428 11.9234 17.458 18.5072 14.6108 11.914 11.8831 11.8058 11.661 11.5493 11.8715 11.4989 13.0888 11.9029 11.6474 12.7474 11.3854 11.9314 17.9646 13.1214 15.1355 11.6215 11.315 11.1739 11.0916 14.3815 11.0503 12.3895 13.2137 10.9985 10.9574 10.9245 10.9129 10.7208 16.2405 12.1831 10.5596 12.3462 10.4345 11.5751 16.0122 12.5454 12.5167 18.9028 13.1473 12.2691 10.4217 10.3975 10.389 12.7505 10.2966 10.2384 10.2003 12.2041 10.0926 11.2545 10.3065 10.0224 9.98711
threshold=8.2038666732842116e-05 -0.86493045091629017 -0.00012172568312962538 0.0010193771449849012 -0.026929282583296296 0.0001376859727315605 9.8192856967216371e-05 -0.00026134551444556559 0.0001214019284816459 0.0039808230940252551 1.0000000180025095e-35 -0.9993099272251128 0.66457241773605358 -0.91265374422073353 0.0043534548021852979 -0.97859653830528248 0.07703671976923944 0.070735629647970213 0.8598182499408723 0.0012772788759320977 0.00057933037169277679 -0.80773079395294178 -0.96976330876350392 -0.94762688875198353 -0.00062579161021858443 0.0017144450685009362 -0.79202145338058461 0.00085332832532003533 0.001917480491101742 0.0032135479850694541 0.00026119498943444347 -0.024152675643563267 0.00069992998032830666 6.4245868998114033e-05 9.9925091490149512e-05 0.0031920790206640963 0.89427942037582409 -0.00040338268445339048 0.86253961920738231 -6.0841770391562015e-05 0.0022589945001527671 5.7467130318400457e-05 -1.7126080251728124e-06 0.0012992626288905742 -0.00040097536111716176 0.00031747308094054466 0.0057401538360863933 0.93976610898971569 0.69286999106407177 0.00020987052994314584 0.00095945215434767317 0.00045787704584654426 -0.00064701723749749352 -0.0016521969228051601 0.00065606017597019683 0.00095218367641791712 0.20051382482051852 -1.0000000180025095e-35 -0.055428124964237206 0.00058837005053646873 0.00022973881277721378 0.010811049025505783 -0.0018956397543661294 -0.00012313875777181235 0.013093214482069017 0.0036858152598142628 0.0010538334609009328 0.87928932905197155 0.0012810631887987258 -0.00030157156288623804 0.0074416268616914758 -0.22138767689466474 -0.17239385098218915 -0.0010175747447647152 0.35000000894069677 -0.00027905704337172205 0.00024062061129370707 -0.00046374654630199069 0.61608722805976879 0.0014203991158865394 0.00062274071387946617 0.078633509576320662 0.00048684391367714858 0.00042426232539583003 0.00033994847035501158 -0.0068712427746504537 -0.00063515553483739484 0.00051766456454060983 -0.0043141143396496764 0.30616199970245367 0.00035713145916815853 0.0036594002740457658 0.91527482867240917 0.00040834443643689161 0.0045977493282407531 -0.00037665132549591357 0.00038514095649588859 0.0070798613596707591 0.00045431360194925224 -0.00458824005909264 -0.0028008051449432965 -0.0027419644175097342 -1.3192133337724952e-05 0.00044510020234156405 0.008687364403158428 0.00018755612109089273 -0.0049967302475124589 -0.0047396784648299209 -0.1610620319843292 -0.93743178248405445 -0.73283809423446644 -0.0021862944122403856 -0.0013630316243506966 -0.0021442915312945838 0.016081704758107666 0.0079787592403590697 0.0012986657675355675 -0.14298754185438153 0.26176972687244421 -0.35321213304996485 -0.25229439139366144 0.65569043159484874 0.00065158522920683037 0.0013989300932735207 0.00055534928105771552 0.00082336898776702594
decision_type=2 2 2 8 8 2 8 2 8 2 2 2 8 2 8 2 10 2 10 10 8 2 2 2 8 8 2 10 10 10 10 10 2 10 2 10 2 8 10 10 8 2 10 10 2 2 10 10 10 8 2 2 2 2 2 10 10 8 10 10 10 10 8 2 10 10 10 10 8 2 10 10 8 2 8 10 2 2 10 8 10 10 8 2 8 10 10 8 8 2 10 10 10 2 8 10 10 10 2 8 8 8 10 8 10 2 2 10 10 2 2 2 2 10 10 8 2 10 8 10 10 10 10 2 10 2
left_child=2 4 8 30 5 27 7 16 11 22 18 -1 -8 14 15 -14 -6 -18 20 -20 21 -3 24 37 25 117 -12 -2 -7 34 31 -4 -33 -34 35 -21 50 -24 39 40 -9 42 43 -41 -27 -38 -31 48 -48 -10 -19 52 -13 54 -53 68 -57 58 63 -59 62 -62 -61 -11 -65 -15 -23 -68 78 70 -70 -72 -42 -73 -71 114 77 -39 81 -80 99 -25 -83 84 85 -55 87 125 -87 -35 -75 -51 -93 96 -95 -96 -43 -63 -46 -81 121 102 -102 104 -97 106 107 -32 124 111 112 -110 -111 -107 -30 -89 -117 -5 -74 -22 -121 122 123 -26 -108 -86
right_child=1 10 3 9 6 28 12 38 49 57 26 51 13 65 -16 -17 17 36 19 29 119 66 23 55 100 44 -28 -29 75 46 105 32 33 89 -36 -37 45 76 -40 41 72 93 -44 -45 98 -47 47 -49 -50 91 -52 53 -54 83 -56 56 -58 59 -60 60 61 97 -64 64 -66 -67 67 -69 69 74 71 73 118 90 -76 -77 -78 -79 79 80 -82 82 -84 -85 86 88 -88 115 -90 -91 -92 92 -94 94 95 103 -98 -99 -100 -101 101 -103 -104 -105 -106 113 108 -109 109 110 -112 -113 -114 -115 -116 116 -118 -119 -120 120 -122 -123 -124 -125 -126 -127
leaf_value=0.0070951093686697124 0.00030775596694582885 0.0026423832667592439 0.0061295760332414264 0.00079668868901158112 0.0050512247619048283 0.0033725697439073062 0.0011260896766784434 -0.0074048127975717293 0.001301089076574476 0.00076011138653803265 -0.0071433128296414655 0.0013171666885539893 -0.0010391869852906955 0.002742981964186938 -0.012465321427824375 -0.0089896518382742863 0.0043767557431445342 -0.0034350078220424201 0.0043542024348800553 -0.00042923193425413198 0.0035950784236579102 0.0013698788014000411 -0.00072040927748515018 0.0047541669248701967 0.0046025610282392328 0.0045465587427967876 -0.0017997768867765349 0.0078213216908432845 -0.0086172897513670608 -0.0045539836364182794 0.003137409215792154 0.0053279410063283572 0.0027360436868520315 0.00053388661740703036 0.0014509750088401265 -0.0080871534866530578 0.0060239092794588892 0.011892633496613472 -0.0068494822029464058 -0.0042760607554221753 -0.0067486339897021401 -0.007543462496508409 0.0044024126225795995 0.0024138511955437082 0.001133830753746988 -0.0023235930041341068 0.005233524127508311 -0.0042866526464360949 -0.0027315958465666413 -0.0078525412789124151 0.0028381344079707925 0.006487861878439638 0.0077036886903226074 -0.0043639983387531627 0.00051820633724209092 0.0020696242769301428 -0.0054615774762877146 -0.0091304678384957899 0.004975671524029503 -0.0015690526795034082 0.0052951394140545909 -0.0071526674378988003 -0.011885136039286105 -0.00070747381487894418 -0.0084022846478349397 -0.0058502179849774837 -0.0052674857332085439 0.0019208344987216258 -0.002602317895106232 0.0021854142478991766 0.0087052413707135127 -0.0033624767157254785 -0.0046459350802148351 -0.00038163531856812171 -0.0031541268348141659 -0.00014681164666571273 0.0021748465422878789 0.0039275719372491831 0.0082778879887673313 -0.0035578503993060314 0.0042812857300224176 0.00062971595706062941 -0.0036681638946458629 -0.0040231369935453806 0.0056375353597732112 0.0037821589772789595 0.0016690161046197301 -0.0030131624925953094 -0.0034655408961308644 -0.0071644634590703185 0.0060142628229879124 0.0025142932447324547 -0.0050127494432517386 0.0016292340162051815 -0.0072521647272188261 -0.0021193590048661204 -0.00081144531316524379 0.00080004484300482369 -0.0048205435120849136 0.0037648447782898391 -0.0013914616112875547 -0.0039466704258237307 0.0059710528969661378 -0.0050891399289541509 0.0055316147795524294 -0.0048465577478247453 0.0018770408937664599 0.010426860147233255 -0.0055386053224709087 0.0099565824736635392 -0.00015739053015146608 0.0027614829436345286 0.0010071005771636026 0.002617146217503597 -0.00079721500953532478 -0.0015163553366879137 0.0058327634146449186 0.0093144111576094341 0.0020173814478154891 -0.0040707374255344007 0.00057850429083419362 -0.0074283624530929859 -0.0033998840347586085 -0.0031762015279041605 0.0071125517034682575 0.0028150282535996263
leaf_weight=319.95889742672443 193.78834550082684 219.07819093763828 111.56295138597488 99.904973387718201 137.89879041910172 113.19194716215134 100.86374866962433 676.87528179585934 708.05092892050743 319.87197218835354 251.42832557857037 271.90672251582146 183.62794974446297 100.94927468895912 281.94847895205021 224.41683977842331 153.90843839943409 1306.0202634036541 196.64995613694191 313.75542858242989 405.56493191421032 195.44749395549297 159.62695036828518 230.78469204902649 140.88318441808224 142.36162109673023 952.92854104936123 203.77442239224911 213.49422930181026 982.79149463772774 304.39665548503399 108.79141515493393 133.52638392150402 103.75428110361099 723.72888195514679 133.63849769532681 132.61605992913246 158.567507609725 550.88607251644135 353.73893186450005 133.46746757626534 393.01713453233242 226.62031446397305 163.7917248904705 218.10883444547653 130.52288845181465 203.65331122279167 281.4708359092474 153.63327297568321 110.91581761837006 124.84564535319805 528.54901923239231 372.36600008606911 260.37281748652458 195.90986892580986 128.64553432166576 271.38279148936272 148.18291221559048 176.41910441219807 101.45672483742237 135.94386255741119 104.44178281724453 100.69983094930649 168.40163902938366 166.38189588487148 130.60580599308014 642.56301935017109 125.95422081649303 328.04824522137642 181.65376153588295 125.93359965085983 133.18415813148022 116.28830569982529 195.16806030273438 1039.3031784594059 197.7191032320261 237.37842704355717 180.60112464427948 142.89778396487236 205.57745030522346 351.5523677021265 3617.7118535488844 278.82376065850258 105.61250239610672 1020.3540818691254 340.64102134108543 4511.4978128820658 198.84880033135414 100.00233736634254 243.96361500024796 221.88117030262947 200.78394559025764 169.15936352312565 233.38938909769058 236.6287107616663 222.84825088083744 133.72391259670258 148.39044712483883 245.89343111217022 108.16607886552811 146.66284792125225 211.63245987892151 189.16431991755962 194.56441661715508 109.52218391001225 101.92376101016998 267.26670265197754 212.56050843000412 160.7702464312315 157.68096420168877 356.98948520421982 115.80923692882061 101.04752720892429 173.92574991285801 102.15841913223267 162.95528788864613 184.72636878490448 125.14042887091637 265.45961451530457 216.41121040284634 5096.0013086348772 172.9253886193037 875.27511498332024 99.94517919421196 362.59838502109051 1125.7768126577139
leaf_count=1284 776 877 447 400 552 453 404 2713 2835 1280 1008 1090 736 405 1131 900 616 5229 787 1256 1623 782 639 924 564 570 3815 816 855 3934 1220 436 535 416 2897 535 531 635 2212 1417 535 1575 908 656 873 523 815 1127 615 444 500 2124 1493 1044 786 515 1086 593 706 406 544 418 403 674 666 524 2571 504 1313 727 504 533 466 781 4159 792 950 723 572 823 1407 14482 1116 423 4092 1366 18075 797 401 977 888 804 677 936 949 894 536 594 984 433 587 847 757 780 439 408 1071 852 644 632 1430 464 405 696 409 653 740 501 1064 866 20392 692 3503 400 1453 4512
internal_value=1.73199e-05 -0.00163172 0.00121127 0.000443364 -0.0030123 0.000118537 -0.00346814 -0.00296287 0.00230522 -8.0362e-05 -0.000627246 0.00263595 -0.00631797 -0.00713934 -0.00869405 -0.00562752 -0.00100482 -0.00150599 -0.000331139 -0.00150402 0.000179798 -0.00189753 0.000231688 0.000647575 -0.00105687 0.0013787 -0.00301379 0.00434906 -0.00261728 -0.00194456 0.00260584 0.000121378 -0.00117836 -0.00280309 -0.000257425 -0.00296486 -0.0020853 0.00441944 -0.00392253 -0.00341982 -0.00515905 -0.00246849 -8.99824e-05 -0.00214776 -0.000436789 0.0020117 -0.00314508 -0.000904888 0.00184528 -0.000391969 -0.00285609 0.00246906 0.00512915 0.0022616 0.00493082 0.000269623 -0.00305639 -0.00223494 -0.0005448 -0.00407095 -0.00254485 0.000172157 -0.00731514 -0.00213588 -0.00478975 -0.00218368 -0.00296205 -0.00407054 0.000463425 -0.000747507 0.0011933 0.00305664 -0.00204217 0.00150385 -0.00233729 -0.00401491 0.00581894 0.00810626 0.00101019 0.00316246 0.0018542 0.000575519 0.000305012 0.00200853 0.00209906 -0.000381986 0.00234087 0.00344595 0.00205827 -0.00496328 0.00314066 -0.00283735 -0.00100808 -0.00361391 -0.00229946 -0.00351124 -0.0059266 -0.00276863 -0.00209044 -0.000958956 -0.00216247 0.000181245 0.0028582 -0.00162755 0.000572648 0.00335131 0.00384076 0.00641139 0.0028959 0.00132138 0.00288126 -0.00211134 0.00678439 -0.000281827 -0.00628469 0.000454112 0.00249318 0.00590676 -0.000142641 0.000614711 0.000374551 -0.00314542 -0.00236275 0.00137832 0.00501714 0.00419662
internal_weight=45577.8 19137.9 26439.9 15551.5 8043.17 1024.13 7019.05 5996.63 10888.4 12535 11094.7 9699.48 1022.41 921.548 689.993 408.045 1985.81 1847.91 9890.34 2989.32 6901.02 1183.04 10964.8 8296.89 2667.9 831.409 1204.36 397.563 626.564 2792.67 3016.57 701.599 590.036 481.244 1171.12 447.394 1694 736.174 4010.82 3459.94 1192.09 2267.84 744.151 517.531 606.364 263.139 1621.55 638.757 357.287 1188.91 1430.87 9379.52 644.273 8735.25 724.459 7560.71 400.028 1570.19 831.075 739.116 590.933 388.776 202.157 654.656 334.784 231.555 963.965 768.517 7160.69 2225.17 1004.22 676.167 515.215 550.233 1220.96 513.372 576.547 339.169 4935.51 808.194 665.296 4127.32 3896.54 8010.79 7905.18 701.016 7204.16 2692.66 440.643 347.718 417.049 480.859 369.943 1523.69 996.953 763.564 526.741 252.832 464.002 313.744 1836.49 547.46 335.827 526.935 332.37 2314.97 2039.12 516.957 1522.16 892.297 615.718 276.579 258.728 275.85 315.653 546.53 347.682 225.045 381.748 5717.98 5312.41 1289.03 1116.1 240.828 629.865 2146.13
internal_count=182534 76636 105898 62258 32232 4101 28131 24031 43640 50172 44404 38880 4100 3696 2767 1636 7951 7399 39581 11966 27615 4734 43888 33210 10678 3328 4823 1592 2509 11179 12086 2811 2364 1928 4688 1791 6783 2947 16080 13868 4778 9090 2981 2073 2427 1054 6491 2557 1430 4760 5729 37596 2583 35013 2910 30263 1601 6284 3326 2958 2365 1556 809 2620 1340 929 3857 3075 28662 8905 4019 2706 2065 2202 4886 2056 2308 1358 19757 3235 2663 16522 15598 32103 31680 2811 28869 10794 1767 1393 1669 1925 1481 6109 3998 3062 2111 1012 1857 1256 7350 2191 1344 2113 1333 9275 8171 2072 6099 3575 2467 1108 1037 1104 1264 2190 1393 901 1530 22881 21258 5159 4467 964 2524 8604
is_linear=0
shrinkage=0.02


Tree=27
num_leaves=127
num_cat=0
split_feature=9 9 230 180 230 148 230 220 221 147 152 136 32 57 34 217 163 98 140 152 230 230 106 21 222 146 187 34 36 212 212 115 137 227 190 117 183 32 219 230 148 11 114 150 230 147 212 226 61 95 57 109 221 60 163 118 187 230 11 226 117 190 103 220 19 226 25 60 85 9 51 61 159 36 197 220 57 173 179 197 220 102 117 25 222 27 114 76 216 230 39 26 49 33 128 115 140 190 150 112 49 182 112 140 150 78 32 152 98 28 21 155 4 60 2 171 180 133 138 138 103 180 57 193 98 227
split_gain=222.64 51.5659 47.9825 45.5105 38.4013 26.8779 25.2884 34.849 25.0842 22.4726 22.0734 21.9844 21.3582 19.4773 18.9592 17.5304 17.2444 18.2637 19.7878 22.9755 16.8217 16.623 16.3575 15.4289 16.1926 16.4328 15.5742 17.7286 15.2487 20.3491 15.2319 22.9862 18.0286 15.7107 18.0046 16.0165 15.6534 15.4857 14.8114 14.6754 14.6109 14.5585 14.4384 14.413 14.5078 14.3654 13.9936 13.9895 13.9847 13.8891 13.9179 13.8661 13.394 13.2474 13.0907 14.4841 13.0355 12.9024 12.716 12.6941 12.6658 12.6009 12.575 15.2048 12.5444 12.5351 12.5818 12.4616 12.824 12.5056 12.9597 12.3264 12.2791 20.8424 15.8059 19.9611 18.7122 12.1008 12.7626 11.9399 11.93 11.8305 11.7654 11.7412 11.6136 11.5144 11.351 13.1628 11.2491 11.2277 13.7152 13.6553 11.3045 11.9294 11.1423 10.8221 10.8006 14.9466 14.1833 13.5834 12.5217 14.3299 11.8603 14.7669 14.6801 11.7865 13.6196 11.6667 11.1548 10.8764 10.7631 10.6791 10.5877 10.3305 12.0743 10.2811 18.7872 13.8324 10.9509 14.1531 11.0404 10.2253 10.1991 11.9496 10.191 10.1737
threshold=7.7242639235919355e-05 -0.00019575003534555432 -0.86493045091629017 0.00098938087467104218 -0.9993099272251128 0.0096742240712046641 -0.98592084646224964 -0.010311392135918139 0.018045485951006416 -0.0013097011251375077 -0.00021917854610364881 0.012578724883496763 0.82990446686744701 -6.336300202747224e-06 0.00024452499928884214 -0.0091989277862012369 -0.0063225487247109404 0.0039225083310157069 0.39609935879707342 -2.6812984287971627e-05 -0.7238691747188567 -0.70556074380874623 -0.0025968542322516437 -1.3299847841262815 0.98158845305442821 0.23039454966783526 0.00023359842452919113 0.00087733255350030969 0.092886753380298628 0.03989005088806153 0.020317866466939453 0.00049136867164634179 0.00095938335289247345 0.45000000298023229 0.0016738147241994741 0.00057906759320758294 0.0011879756930284204 0.83741837739944469 0.055483777076005943 -0.97485619783401478 0.0077158224303275355 -4.1280165532953099e-05 -0.00064373092027381052 -0.19422003626823423 -0.85828685760498036 -0.00093131946050561954 0.024388223886489872 -0.0019741076976060863 0.00011367709521437065 -2.607139686006121e-05 -6.5648477175272988e-05 -0.009093181695789097 0.0053612808696925649 0.0023141565034165983 0.0035474919714033608 -0.0015471102087758479 0.00031001264869701123 -0.99708375334739674 -0.00076249559060670425 -0.391353890299797 -0.0018101701862178741 -0.00099049223354086258 -0.00039088298217393452 -0.011452089063823221 -4.7384541176143096e-05 0.27875652909278875 0.00018727988936007026 0.00082818421651609253 0.0013334451359696688 -0.00013247680908534673 -2.0982989781259671e-06 0.0010945618851110341 0.0040343813598155984 -0.17205783724784848 0.0022803562460467224 -0.0067341404501348725 5.6130616030714017e-06 -0.18474683165550229 -0.0044856190215796224 0.0043343373108655223 -0.0009376648231409489 0.77603796124458324 0.002465609810315073 7.6588530646404265e-05 0.12254492193460466 -0.00016355957632185889 0.0001827856031013653 0.00067107143695466231 0.62095800042152416 -0.94762688875198353 0.00030300904472824192 0.45125077664852148 0.0016142972745001318 -0.0010420471662655471 -0.0020596091635525222 0.00025456373987253761 0.17150431871414187 -0.00011638517389656043 -0.30563883483409876 -0.17166090756654737 -0.00029324251227080817 -0.0056703810114413491 -0.064600072801113115 0.82358127832412731 -0.17642031610012052 -0.00070745238917879749 0.15060574561357501 -0.0011849134461954234 0.0022227691952139144 0.0001863166689872742 0.42283974587917333 0.0004218691610731185 0.00027421262348070746 0.00076260013156570505 0.00013835320714861157 -0.00030493925441987807 0.00044779572635889059 -0.00020368958212202412 0.00079372769687324773 0.00090634287334978591 -0.0027102424064651127 0.0028053144924342637 -4.9327866236126275e-06 0.006603754125535489 0.0015381183475255968 0.45000000298023229
decision_type=2 2 2 10 2 8 2 10 10 10 8 10 2 2 2 10 2 10 10 10 2 2 8 2 8 10 10 2 10 8 8 10 10 10 10 10 10 2 10 2 10 2 2 10 2 8 8 10 10 2 2 10 8 10 2 10 10 2 2 8 10 10 10 10 2 10 2 10 2 2 2 10 2 10 10 10 2 10 8 10 8 10 10 2 10 2 2 2 10 2 2 2 2 2 2 10 10 10 10 10 2 10 10 10 10 10 2 10 10 2 2 10 2 10 2 2 10 2 10 10 10 10 2 10 10 10
left_child=1 4 6 8 47 23 7 10 14 30 61 13 22 39 77 -11 21 18 83 125 -13 -15 -8 -6 25 65 27 96 29 49 32 41 37 35 54 36 -34 86 -16 48 53 -32 58 44 -44 59 57 -1 -5 50 -7 -33 -47 -21 55 -35 -24 -12 -28 -41 -53 -2 -39 -64 -19 66 95 68 -54 -69 -71 115 74 -74 75 76 -17 78 94 -42 -14 -58 112 -18 -50 -66 87 -4 -78 91 92 -61 93 -91 -3 -25 98 100 -27 -100 101 -98 -99 104 109 -103 -107 -101 -102 -104 -43 -57 -76 -40 -115 118 -117 -118 -68 -120 -121 -26 -84 -124 -65 -20
right_child=2 3 9 11 5 28 12 -9 -10 15 46 20 80 16 38 72 17 64 19 40 -22 -23 56 24 121 26 42 -29 -30 -31 31 51 33 34 -36 -37 -38 62 113 45 79 110 43 -45 -46 52 -48 -49 84 -51 -52 60 67 -55 -56 111 81 -59 -60 89 -62 -63 63 124 85 -67 71 69 -70 70 -72 -73 73 -75 82 -77 88 -79 -80 -81 -82 -83 122 -85 -86 -87 -88 -89 -90 90 -92 -93 -94 -95 -96 -97 97 102 99 107 108 105 103 -105 -106 106 -108 -109 -110 -111 -112 -113 -114 114 -116 116 117 -119 119 120 -122 -123 123 -125 -126 -127
leaf_value=0.011365860789032279 -0.00022050988507473832 0.0061398124274442082 -0.0010936646824389793 -0.0063388215867703447 0.0061751011568539939 0.0056109887451003164 0.0007813879091972594 -0.0032732617108109313 -0.00463933756823232 -0.010027682959360271 -0.0056275254656468331 -0.0073979944455479976 -0.0055684799416817823 0.0066809778698606126 0.005079834669292395 -0.0060452690616877034 0.0057236008689275633 0.0021321284431773057 -0.0065595801700269532 0.0013500621811995636 -2.0758382854064051e-05 -0.00057496188825891187 -0.002568469537100574 0.001826828080517153 -0.0055515847198941669 -0.002386840224460562 0.0035392834764103732 -0.004504187932662094 -0.0042907672505356651 -0.0056849904067789595 -0.0028601137821159446 0.0048432231799742827 -0.00033283135074358761 0.002119936690006684 -0.0055467685964784141 4.8817800162747249e-05 -0.0094054149973662217 -0.00034072738439849115 -0.0023730832090560435 0.005360202867525512 0.0012563391399576193 0.006323836334450386 0.0056137987475317064 0.0063835861635552164 -0.0031792339153835303 -0.0083634440687212312 0.0037152525334346043 0.0030214249355089533 -0.0064313215949455393 -0.0020479072748851405 -0.00039559426220258271 -0.0074538379957905633 0.005278860129424111 0.0075572026581156131 0.0055998824189042538 -0.0085528754774821213 -0.00936244152586806 0.00072693920657849521 -0.0032514531840381524 0.0073147817092129542 -0.0010358488697816348 0.0079625304554249363 0.001241024724672118 -0.00023940761166553836 -0.0054898654803548063 -0.0010482599219661759 0.011771620450479468 0.0022883487455863075 -0.0025949316470279316 -0.010516301832454647 -0.0023910510788553076 -0.0014907923232998291 0.0012049786551506902 -0.0076712863464699554 0.0015679865882351417 -0.0067446777588870315 -0.0011821722885605329 9.9962842812726798e-06 0.0078060085951669337 -0.0066447570536270562 9.1238308285571424e-05 -0.0017005256337540003 0.0075394871127424214 0.0016203288461326016 -0.00067376382161950547 0.0012971676914929303 0.002354359045670924 0.0057265871226166746 0.0060407034320878288 -0.0044619602138979211 -0.0040308479936773138 0.00022420839877751626 0.0047611997472039678 0.00013820228818385276 -0.0022055845759813369 0.0064310587648315947 -0.0034116142397701676 0.003019019736761911 0.0006400029987906991 0.00087879282920010559 0.00023778389144784581 -0.0013645550415647151 0.0052359985089206673 0.0053308136142312468 -0.0022853297849427922 0.0010573200437384086 0.0084738690573301564 0.0088012636422198382 -0.0062041023376826626 -0.002286831132611326 0.0021281920876225135 -0.00054815444404389911 -0.0036491765203366684 0.0028800930695829221 -0.0013947030427078802 -0.0028917107763188326 -0.00068515224374294961 0.0069490955445128547 -0.001177696563680896 0.0086179491052117106 0.0022369903134607234 0.00098148351300565121 0.0042537809739611968 -0.0034704789494747483 -0.0068452417057328152 -0.0013850871022329059
leaf_weight=218.72434058785439 105.17067612707615 104.69734601676464 1123.852722749114 284.54580350220203 369.67350661754608 377.30811148881912 482.70037505030632 1375.6870540082455 167.13668467104435 100.39846947789192 226.59087324142456 271.9714999049902 2103.6239570528269 349.57467630505562 417.02288569509983 144.36012251675129 423.74699681997299 167.39088301360607 193.39399519562721 1534.4179531633854 214.63536646962166 187.33969676494598 2110.657075509429 1583.6669444292784 155.54678803682327 122.97671785950661 211.2410499304533 199.31075057387352 336.13922929763794 158.87892058491707 147.18381507694721 109.70112736523151 100.71059745550156 292.36127607524395 243.34218464791775 162.90079644322395 311.10688081383705 1355.0542097836733 293.97175322473049 166.90352457761765 137.19266697764397 360.35393473505974 116.30936050415039 664.78090515732765 147.82096110284328 114.46073487401009 197.75495418906212 149.7468129247427 143.67494501173496 263.57720853388309 248.21650341153145 131.43890696763992 158.67823325097561 133.18537165224552 141.43198315799236 103.42652009427547 221.04598815739155 256.99712477624416 191.0437408387661 157.34599232673645 705.33044964075089 235.7357025295496 182.2648903876543 122.85653278231621 405.95714578032494 237.11204056441784 151.18240797519684 106.96690881252289 137.14932164549828 103.44315072894096 263.81205971539021 102.19751325249672 146.32697556912899 321.09460064768791 259.36015313863754 362.69763289391994 175.33780281245708 147.0428714454174 565.79568932950497 138.92382469773293 159.5262995660305 136.89318953454494 112.18214905261993 817.84772920608521 1020.971970140934 121.93809215724468 1097.1258129477501 105.7152004390955 140.12336237728596 225.41257533431053 344.61033150553703 283.84364826977253 172.68270127475262 2766.0574047118425 115.7352349460125 221.41692763566971 245.91522872447968 1382.6387949883938 218.94723115861416 103.96688129007816 179.20936235785484 238.78059905767441 211.33478480577469 175.06280548870564 690.82188688218594 251.91539506614208 150.75465914607048 291.25897985696793 243.53681795299053 101.14100278913975 786.89728108048439 151.40942485630512 338.47852393984795 912.85028868913651 354.73226319253445 136.56272034347057 120.59623883664608 374.33998428285122 100.66089805960655 375.34398648142815 173.8385384529829 200.03486049175262 154.62570856511593 128.62123849987984 390.53426842391491 584.44060219824314
leaf_count=878 421 420 4497 1139 1483 1511 1932 5514 669 402 908 1089 8441 1400 1671 578 1697 670 774 6141 859 750 8454 6350 623 493 847 798 1346 636 589 439 403 1170 974 652 1245 5423 1177 668 549 1442 466 2664 592 458 792 601 575 1055 994 526 635 533 566 414 886 1030 765 630 2823 944 730 492 1625 951 607 428 549 414 1056 410 586 1286 1038 1452 702 589 2269 556 640 549 449 3274 4086 488 4390 423 561 902 1379 1136 691 11070 464 888 985 5539 878 417 718 957 847 701 2768 1010 604 1168 975 405 3149 606 1355 3656 1420 548 484 1502 404 1507 697 801 619 515 1564 2339
internal_value=-1.93312e-06 0.00113509 -0.00172085 0.000357477 0.00210299 0.00189604 -0.00292823 -0.0012147 0.00252064 -0.000842325 0.00156525 -0.000194735 -0.00370856 -1.72847e-05 0.00296046 -0.00254138 0.000892222 0.000492332 0.00101883 5.86211e-05 -0.00427328 0.00421951 -0.00255892 0.00224275 0.00208646 0.00224058 0.00160393 0.00106533 -0.000714034 0.00049207 -0.000338862 0.00105816 -0.000872689 -0.00274422 -0.0010968 -0.00528897 -0.00730488 -0.000218963 0.00182078 -0.000750305 0.00122099 0.00277257 0.00350449 0.00485085 0.00081537 -0.000233087 -0.000537999 0.00830482 -0.00250782 0.00169667 0.00328909 -0.0012954 -0.00251557 0.00192949 0.000587861 -0.000859356 -0.0032131 -0.00235577 0.000313127 0.000267097 -0.00219445 0.00556571 -0.00147868 -0.0036238 -0.00245327 0.00331823 0.00363263 -0.00145662 0.00169531 -0.00341189 -0.00510458 0.00496727 -0.00212797 -0.00495713 -0.00135361 -0.00336899 -0.000536171 0.00528773 0.00625005 -0.00289927 -0.00517223 -0.00667721 0.000348871 0.00308928 -0.00148062 -0.00393201 0.000894468 -0.000425005 0.00219499 2.59706e-05 -0.000357709 0.00296054 6.51411e-05 -0.000235759 0.00193918 0.00245588 0.00132464 0.000891958 0.00351328 0.00473268 -0.000837153 0.000522539 0.00177614 0.000291749 -0.000674508 0.00208834 0.00410357 0.00685991 -0.00358589 0.00280995 0.00353183 -0.0041829 -0.00140833 0.000897202 0.00168071 0.00544218 0.00336339 0.00513457 0.00695917 0.00552154 0.00674769 -0.00201981 0.00294543 0.000748672 -0.00533269 -0.00280381
internal_weight=45526 27405 18121 15211.5 12193.5 11825.1 7612.38 2397.94 3078.99 10508.6 1022.25 12132.5 5214.45 11645.9 2911.85 2383.61 5195.35 4658.44 3963.15 2721.55 486.607 536.914 2951.3 10440.9 10071.3 9715.69 6138.77 4807.57 1384.12 1047.98 8125 2240.91 5884.09 1506.69 931.971 574.718 411.817 4377.4 1978.58 6450.56 1943.72 1294.44 1331.2 928.911 264.13 5001.37 681.343 368.471 1449.19 889.102 625.525 946.47 884.51 1667.6 688.629 547.197 2468.6 483.588 402.285 4116.86 836.769 340.906 2050.71 695.656 695.286 3576.92 3339.81 770.05 295.828 474.222 367.255 1534.72 2283.21 467.422 1815.79 822.519 459.821 933.271 786.228 276.116 2263.15 357.939 993.268 1241.59 1164.65 527.895 2326.69 1229.57 315.461 3949.95 3508.76 441.19 3164.15 2991.47 220.433 1805.08 4608.26 3871.11 737.15 614.173 1310.11 887.366 2561 1178.36 1003.3 641.451 402.67 395.226 422.746 312.476 1147.25 254.836 597.839 1561.55 1267.58 1432.52 631.499 494.936 801.026 649.843 549.183 355.582 395.429 283.247 513.391 777.835
internal_count=182339 109768 72571 60895 48873 47394 30511 9609 12335 42060 4095 48560 20902 46612 11666 9543 20796 18646 15863 10892 1948 2150 11821 41852 40369 38945 24597 19263 5542 4196 32517 8968 23549 6030 3730 2300 1648 17519 7924 25816 7779 5180 5334 3722 1058 20016 2730 1479 5800 3560 2505 3788 3540 6674 2756 2190 9889 1938 1612 16476 3349 1365 8209 2786 2783 14348 13397 3082 1184 1898 1470 6159 9141 1872 7269 3293 1841 3742 3153 1105 9081 1435 3976 4971 4661 2113 9310 4920 1263 15808 14042 1766 12663 11972 884 7238 18465 15509 2956 2463 5249 3556 10260 4721 4020 2571 1614 1585 1693 1252 4591 1020 2393 6253 5076 5749 2534 1986 3215 2608 2204 1424 1583 1134 2056 3113
is_linear=0
shrinkage=0.02


Tree=28
num_leaves=127
num_cat=0
split_feature=15 228 7 15 148 141 7 42 205 214 104 22 101 104 221 74 221 114 102 22 154 112 190 181 209 104 74 71 52 85 216 236 193 128 217 236 199 138 114 166 112 137 215 101 22 4 3 102 111 214 175 175 97 41 136 142 216 156 201 193 159 101 101 117 154 136 179 123 138 99 137 175 228 171 60 74 116 195 78 188 199 137 103 123 87 188 141 77 193 163 148 11 148 110 205 159 179 117 47 209 236 67 138 26 179 111 31 102 216 99 121 159 195 25 136 66 136 11 31 76 1 221 42 151 99 114
split_gain=216.27 66.6876 47.8811 24.123 22.5135 21.4655 19.8762 19.0812 18.7335 22.8719 18.5377 19.0586 18.1001 21.7862 17.3568 17.318 17.0015 16.3688 15.8526 15.743 15.3506 15.2076 15.1783 14.6337 15.1181 14.2864 15.7747 14.0051 14.1484 15.6992 13.7432 13.4827 13.4536 13.3823 13.317 13.1034 12.9968 17.3191 12.9966 12.7611 12.733 18.7667 13.2279 13.0282 12.6527 12.7029 13.023 12.5498 12.5147 13.3117 14.1417 12.4482 12.4463 12.4206 12.386 16.8576 13.2004 14.7131 13.4174 12.2835 12.4939 11.9695 11.9644 14.0594 14.0405 12.7197 12.6131 12.7504 14.347 11.932 27.9798 14.579 13.3375 12.8428 15.3132 13.8075 13.9712 15.5697 12.5846 15.5015 12.7656 16.9337 12.0581 11.8374 11.2918 11.2337 11.1487 11.5867 10.9853 14.0506 20.5172 10.8462 10.8062 11.6926 13.6734 12.7602 10.8002 10.7913 13.2017 10.7869 10.7353 16.2326 11.8472 10.7229 10.7033 11.5249 10.6733 10.6361 13.639 11.7599 12.3933 14.2674 12.3952 10.5733 10.5639 12.6013 10.5415 15.7324 10.4468 12.8909 11.448 10.4001 18.0995 12.4679 14.1933 10.5739
threshold=0.12625741213560107 0.36666667461395269 -0.00012172568312962538 0.3953958004713059 0.0010193771449849012 -0.0015268409624695776 -0.00012452556984499094 -0.0035218435805290933 -0.33339710533618921 0.0051402738317847261 0.00093946594279259454 0.0015367705491371455 0.00068476624437607836 0.0012179714394733312 0.019601708278059963 -0.33273403346538538 0.018045485951006416 -0.0013665973674505947 0.10027519240975381 0.00092767665046267222 0.00022973881277721378 0.16431530565023425 -4.5321328798308962e-05 0.73447704315185558 0.00083641265518963348 7.0549653173657148e-05 -0.0048712966963648787 -0.00095976612647064019 0.0016428681556135418 0.0024098020512610678 0.10242557525634767 -0.3935884684324264 -0.01345764799043536 0.00077681950642727326 -0.0036303539527580138 -0.25929458439350123 -0.0032722833566367622 0.00084600617992691707 0.00051713758148252975 -0.002032913151197135 -0.38916882872581476 0.00092561004566960048 0.002779353992082179 0.0010405828361399474 0.0012795627699233594 0.00030956450791563844 0.00015359260578406977 0.25800240039825445 -0.00014531829219777134 0.0033794163027778272 0.0010560746886767449 0.0015640445053577425 -0.73187434673309315 -0.00026426545809954399 0.0041351299732923516 0.001610383566003293 0.57844576239585888 0.0072081247344613084 -0.003548500244505703 0.0022522684885188942 0.001094741572160274 0.00086748553439974796 0.00094309233827516447 0.00043299386743456131 0.0013849352835677566 0.0046675957273691901 -0.0034661703975871201 -4.8777979827718802e-05 0.00064109370578080427 0.00038403343933168804 0.0007647873426321895 0.0011846482520923021 0.26666667312383657 0.00024842668790370231 0.00080640090163797151 -0.2293620482087135 0.00024663850490469491 -0.00066415415494702746 0.00052921101450920116 -0.10169482231140135 -0.014144123531877993 0.00094770101713947963 -0.00040416250703856344 -0.0029689802322536703 -0.0038342793704941864 -0.32614317536354059 -0.0036465256707742806 -0.0024079740978777404 0.010385555215179922 0.0059126701671630153 0.0080454354174435156 -0.00054221772006712843 0.0013174969353713097 0.0026728933444246654 0.026940524578094486 -0.00074169717845506955 -0.0066131125204265109 -0.0012775644427165387 -0.00085232427227310825 -3.9256055970326991e-05 0.6120055913925172 0.14006803184747699 0.00097765319515019677 0.28227017819881445 -0.0024622787022963162 -0.00012247462291270492 0.00014959068357711661 0.71708434820175182 0.8950197994709016 0.00023619047715328636 0.00037014429108239716 0.00034709615283645695 0.00067336525535210978 0.00017002854292513805 0.0032835621386766438 0.0003215467586414889 0.0089016617275774496 -2.0620436771423553e-05 0.00035487771674524998 -9.1414443886606009e-05 -0.00039374965126626188 0.014125464484095575 -0.00064123159972950805 0.55000001192092907 0.00053918460616841923 0.0003765043657040224
decision_type=2 2 2 2 10 10 2 10 10 8 8 2 2 8 8 8 10 2 8 2 8 10 10 8 10 10 10 10 2 2 10 10 8 2 8 10 10 10 2 2 8 10 10 2 2 2 2 10 10 8 10 10 10 10 8 10 8 10 10 10 2 2 2 8 10 10 10 2 10 10 10 10 2 2 10 10 10 10 10 10 10 10 10 2 2 10 10 2 10 2 10 2 10 10 10 2 8 10 2 10 10 10 10 2 10 10 2 10 10 10 2 2 10 2 10 2 10 2 2 2 2 8 10 10 10 2
left_child=1 4 10 8 15 14 7 -6 12 27 11 54 13 30 48 -1 21 86 25 -14 23 35 40 24 -16 103 31 53 29 47 -2 -27 -21 59 69 36 37 -9 85 51 42 -42 -20 -43 45 46 121 -29 -4 50 107 -39 -24 104 55 106 -56 58 -58 60 -12 -23 63 65 -65 66 -5 -68 -69 73 92 97 78 74 -8 76 77 -76 79 -73 -81 -82 -77 -33 -55 -37 87 -17 89 90 -31 -59 -71 94 -94 -95 -64 98 -72 -98 101 -87 -102 -19 105 -10 -3 108 109 -50 111 112 -111 -83 115 -36 -52 -118 120 -120 -35 125 -123 -124 -125 -7
right_child=3 2 5 62 6 44 34 16 9 -11 33 -13 19 -15 20 17 -18 18 22 32 -22 61 52 -25 -26 26 -28 28 -30 88 -32 83 -34 118 114 38 -38 39 -40 -41 41 43 -44 -45 -46 -47 -48 -49 49 -51 116 -53 -54 84 56 -57 57 91 -60 -61 -62 -63 96 64 -66 -67 67 68 -70 70 71 72 -74 -75 75 82 -78 -79 -80 80 81 113 -84 -85 -86 100 -88 -89 -90 -91 -92 -93 93 95 -96 -97 99 -99 -100 -101 102 -103 -104 -105 -106 -107 -108 -109 -110 110 -112 -113 -114 -115 -116 -117 117 -119 119 -121 -122 122 123 124 -126 -127
leaf_value=0.0061661661976807119 -0.0032867680003155148 0.004675863704549782 -0.0041750572141989835 0.0030793026444473686 0.007348153059669865 -0.0012123191629353637 0.00075424486132211427 0.0058447863310067032 -0.00092424429355564459 0.0037059201251168419 -0.00078947627896254621 -0.0020389114736685207 0.0047713582632333221 -0.0095635568812388414 -0.0058869285814429333 0.0075882922909500409 -0.0033542062774234143 0.0069075844175634973 -0.0051068678278249936 -0.0039196378840657695 0.00090854098679710507 0.0018213609192945909 -0.005506775308975996 -0.0086683589529674941 0.0025894039629407125 0.0046775789754972628 -0.0058576444040306513 0.0019878341504283217 -0.0079042411928827057 0.0052524651246822771 0.0045762323662723609 0.0014156567594854725 0.0028902923842185385 0.0039407790823757201 0.0035017890176751018 -0.0030861332742509401 0.0064688469821003606 -0.0015915031795749094 0.0055297893845209709 -0.0053289762340248013 0.0050296620200870525 -0.0044113341449846513 0.0036246069784635925 0.0039882617932764227 -0.0053141882685886531 0.0013251429438703134 -0.0039345247113781682 -0.0031860582764996134 0.0073962154102459703 -0.0026480381113020666 0.0043952934944906296 0.005176352522883996 0.001797636219430886 -0.0045546633422517222 -0.0012187924638732393 -0.0028561873710628628 0.0010141889755478496 0.0053693737198726174 0.0090682920769947304 0.0054109532541291418 0.0047174442700265405 -0.0039948284390316918 -0.0056133805264420361 -0.0092488447988057117 -0.0036440148978440024 -0.0062766741727235658 -0.006287633143220988 0.0032949421858271149 -0.0050955144538749738 -0.00093337709480991599 -0.0058615175923137711 -0.002417468714402527 0.0033672066562031727 0.0031488594466827029 0.0067729269989664359 -0.0049645653768100465 -0.0040222761923928143 -0.0025916416874911864 -0.0049740344387481216 0.0085026199443002781 0.0072215443328798572 0.0031685176041671105 0.0010704444175082834 -0.0070065951439686391 -0.00017823429687089932 0.003693680235461344 0.011271775795078091 0.00037115079817312346 -0.004123330574980196 0.0072578637992460997 -0.004630438521097774 -0.0020255080278550859 0.0066087579478965519 -0.0039838448783612 -0.00039830194032457888 0.0045674930449323475 0.0040199427180647937 -0.0065809764916595487 0.0024011324102129997 -0.0023480478253230007 0.0044641183454668118 -0.0020284505522559265 -0.00040683919695358727 -0.00046363015426618802 -0.00037257854721403557 -0.0057137438603393955 -0.00034506455918928994 -0.0046469465340797681 -0.0047554307263489061 -0.0023854350224178761 0.0056490962471463443 -0.0042923943883594537 0.0060238245385619785 -0.0043796532019047462 0.0056016278155456498 -0.0031435067328945115 -0.0036952818940164285 0.0053452588079309984 -0.0071410989357741025 5.0379219660129577e-05 -0.00039615726156208553 0.0043795031790365754 -0.0010735982273394049 -0.0068543278335286666 0.00026327263717792397 0.0011973429108437428
leaf_weight=602.92974077165127 188.34304812550545 574.52599875628948 139.19343812763691 166.18142960965633 267.9434954226017 3260.308312818408 899.71570158004761 349.06216268241405 312.87730441987514 254.75180169939995 539.10159677267075 265.39669807255268 437.18654833734035 112.02325768768787 138.93626336753368 153.23436488211155 208.62095041573048 140.29032798111439 116.68942533433437 213.35573267936707 406.48242551088333 291.46498909592628 124.21552790701389 170.15007124841213 161.43357980251312 161.80460691452026 229.43550105392933 182.57774797081947 196.53507086634636 129.52877804636955 135.1148476600647 136.37797746062279 211.32400374114513 267.65974700450897 271.03403194248676 205.58388218283653 589.76442529261112 202.62160651385784 296.69754311442375 110.05653201043606 1460.2047722488642 147.24028366804123 121.50538837909698 112.76000568270683 300.25784373283386 684.27921931445599 763.29117354750633 4644.9793009012938 119.88616454601288 245.40361818671227 1012.5368877053261 197.90805651247501 246.23014190793037 238.61715885996819 109.54726034402847 214.35990358889103 105.51406018435955 151.41329942643642 483.29642267525196 332.9278811365366 214.62272095680237 240.83383500576019 142.04943634569645 412.86157102882862 376.47294801473618 316.92377154529095 231.21824286878109 178.78838975727558 118.19922313094139 180.25395268201828 102.64242538809776 398.00232493877411 469.07451032102108 281.31987823545933 158.36701200902462 759.57075046002865 157.40763385593891 103.91942955553532 192.92582584917545 99.901096910238266 101.4209231287241 100.43958789110184 151.90778814256191 101.28661802411079 2698.1072885096073 286.23830462992191 106.87074764072895 187.41763283312321 131.76762427389622 123.74548177421093 171.91326478123665 132.58003975450993 645.69585210084915 117.93459881842136 131.14533098042011 121.44708259403706 171.67097456753254 202.14135871827602 190.38013902306557 219.78027275204659 680.76561509072781 542.64620444178581 274.95566563308239 150.90324331820011 465.15777577459812 590.19833268225193 233.15132622420788 129.92363807559013 115.43722265958786 109.18083268404007 144.43311113119125 215.105050817132 141.10870482027531 179.62466304004192 338.84549833834171 168.80413398146629 167.92919971048832 110.43650245666504 166.15041476488113 214.09394711256027 1567.6875226944685 111.93769904971123 495.65927037596703 498.81713204085827 141.10120348632336 918.96245673298836
leaf_count=2418 754 2304 557 666 1076 13048 3603 1400 1252 1020 2158 1064 1750 449 556 616 836 563 468 854 1627 1169 498 681 646 649 920 731 788 519 541 547 846 1072 1086 824 2365 812 1189 441 5855 590 487 452 1202 2739 3055 18613 480 982 4052 793 987 955 439 859 423 607 1938 1333 859 965 569 1657 1510 1271 927 717 474 722 411 1593 1877 1126 634 3041 630 416 772 400 406 402 608 406 10801 1148 429 752 528 496 689 531 2585 472 525 486 688 809 762 881 2730 2175 1102 605 1862 2362 934 520 462 437 578 861 565 719 1357 676 672 442 665 857 6276 448 1984 1997 565 3678
internal_value=-1.76213e-05 0.000888038 -7.44815e-06 -0.00210984 0.00182293 -0.000789916 0.00134902 0.00233144 -0.00172619 -0.00201526 0.00149289 0.00287628 0.000529685 -0.00271701 0.000485663 0.00305308 0.00199987 0.00251486 0.00199599 0.00219458 -0.00192492 0.00227596 0.00286776 -0.00430998 -0.00145407 -0.000224599 -0.00190957 -0.00216988 -0.00283117 -0.00261743 7.29822e-05 0.000529185 -0.000553378 0.000530426 0.000629509 0.00272486 0.00420723 0.00254384 0.00175702 0.000151903 0.00356425 0.00415851 -0.000717107 -0.000743825 -0.00141669 -0.00123154 -0.00151752 -0.00298299 0.0012917 0.00162529 0.0021072 0.00183974 -0.00080825 -0.00130344 0.00354081 0.00194157 0.00513271 0.00593934 0.00770574 0.00232693 0.000860025 -0.000859492 -0.00395923 -0.00473373 -0.00673173 -0.00307397 -0.00147743 -0.00297109 -0.000155211 0.000292045 0.00109255 -0.000337833 0.000628194 -0.000738635 -0.00125248 -0.00259988 0.000394205 0.00314189 -0.000609678 0.00043712 0.00279953 0.000956884 -0.00395738 -0.00243894 -0.000562235 0.00114515 0.0060352 0.00385839 0.000544668 0.00211155 -0.000321202 0.002011 0.00349276 0.00428071 0.00544553 0.000372226 -0.00126857 -0.00325261 -0.000682763 0.00050429 0.00166139 -1.19611e-05 0.00308316 0.00330336 -0.00286331 -0.00411036 0.00325316 0.000277318 0.00112424 0.00215642 0.000924178 -0.000714523 0.00245048 -0.00164189 0.00304971 0.000925614 0.00346408 9.26881e-06 -0.000363615 -0.0032918 0.000271987 -0.00116436 -0.00275304 -0.00351975 -0.00532449 -0.00067929
internal_weight=45615 31842.7 16274.2 13772.3 15568.5 10702.2 11269.1 4745.16 11438.1 10140.8 5572.03 2269.79 1297.35 435.481 3527.58 4299.4 4477.22 3696.47 3248.94 861.866 877.002 4268.6 2328.85 470.52 300.37 920.098 628.905 9886.01 5581.05 5384.51 323.458 399.469 424.68 3302.24 6523.92 3736.3 1449.41 859.648 2286.89 510.586 1958.4 1720.21 238.195 260 7174.61 6874.36 6190.08 4827.56 2650.57 2511.38 2265.98 400.53 370.446 4304.96 2004.39 1022.04 982.351 872.804 588.81 1086.65 753.724 532.299 2334.15 1800.65 789.335 1011.31 694.387 528.206 296.988 5745.24 3233.03 2036.55 1541.39 2512.21 2230.89 1331.17 419.694 262.286 1072.31 879.389 481.386 381.485 911.479 237.665 2936.72 1990.19 447.523 340.652 556.955 425.188 301.442 283.993 1196.48 1016.22 776.841 239.382 533.501 495.164 293.023 391.451 1784.61 828.885 955.721 291.194 1368.23 903.076 807.677 975.075 845.151 729.714 609.828 465.395 250.29 280.064 778.684 439.838 1290.9 278.366 2215.59 380.244 1835.35 5426.79 1247.52 1135.58 639.918 4179.27
internal_count=182708 127538 65153 55170 62385 42834 45143 19025 45810 40616 22319 9099 5194 1744 14118 17242 17949 14824 13027 3450 3510 17113 9337 1883 1202 3690 2522 39596 22364 21576 1295 1602 1700 13220 26118 14979 5811 3446 9168 2046 7852 6897 955 1042 28716 27514 24775 19344 10608 10051 9069 1605 1485 17232 8035 4097 3938 3499 2361 4350 3017 2134 9360 7222 3167 4055 2784 2118 1191 22999 12941 8151 6169 10058 8932 5329 1680 1050 4292 3520 1927 1527 3649 953 11756 7979 1797 1368 2232 1704 1208 1138 4790 4068 3110 958 2138 1982 1173 1569 7155 3323 3832 1168 5476 3614 3238 3903 3383 2921 2441 1863 1002 1121 3119 1762 5166 1114 8870 1522 7348 21720 4994 4546 2562 16726
is_linear=0
shrinkage=0.02


Tree=29
num_leaves=127
num_cat=0
split_feature=15 230 231 110 83 15 77 186 178 190 26 13 153 199 171 230 171 114 231 137 60 193 225 189 15 148 199 214 136 181 230 214 112 188 137 136 80 147 159 186 137 153 116 224 42 28 77 138 29 188 183 192 73 184 186 225 150 205 65 224 171 73 139 157 213 192 151 183 72 171 136 13 214 26 145 45 217 214 144 13 133 83 112 213 72 186 61 24 24 68 139 150 205 136 213 218 213 68 171 41 230 76 68 76 145 76 191 230 112 107 191 73 117 63 13 192 190 28 230 39 63 112 60 224 214 73
split_gain=201.926 55.9833 70.8275 41.3779 35.4915 31.8755 27.7893 27.091 24.1281 21.2127 20.4247 19.4276 18.8631 18.2086 15.9935 15.9476 16.4067 15.6458 22.4534 27.8217 27.7016 16.9541 21.7426 15.2227 15.193 14.7801 14.6035 14.4366 14.0499 14.0004 14.0864 16.8988 15.1595 22.3135 16.1823 17.8484 13.883 13.8299 13.8833 13.8112 13.5937 17.5128 20.3922 18.8205 13.542 12.8122 12.6021 14.3032 17.4307 12.5793 12.3135 15.4053 21.6338 15.5769 12.2454 12.3419 17.1397 12.2199 23.2733 12.4468 14.1396 12.9074 18.2338 12.9481 12.6945 12.15 13.3343 12.0674 12.0664 11.9184 13.5048 11.9104 11.8692 11.8282 11.9345 12.8073 11.8077 12.6138 12.5864 13.9252 13.9826 11.79 11.7825 11.7197 13.1789 19.0204 14.0219 19.8678 11.6594 12.7791 11.943 11.6271 11.5766 11.5191 11.495 11.4757 13.7532 11.2714 11.1796 11.1286 11.1245 11.2048 11.8091 11.0691 11.0589 13.268 11.0384 10.8756 12.4215 13.7995 14.3598 11.7291 10.6676 10.6324 16.7725 10.5907 11.3306 10.5119 10.4738 10.471 10.4695 11.3788 10.8065 10.383 13.3841 11.0024
threshold=0.011785297654569151 -0.82535797357559193 -0.0327190039679408 0.0014889023150317373 0.00021355377248255539 -0.35296985507011408 0.00058413698570802819 0.022172570228576664 0.16536047309637072 -0.004734958289191126 0.79350024461746227 1.2791361768904609e-05 0.002796493587084115 -0.015211998950690029 -0.00030493925441987807 -0.99913862347602833 -6.8840337917208658e-05 -0.0013665973674505947 0.2861058115959168 0.00080195409827865671 0.0010044764494523408 0.0070330267772078523 -0.00016101686924230305 0.35000000894069677 0.12091965600848199 0.0061936539132148036 -0.0072486358694732181 0.0028078604955226187 0.012871151324361564 0.82357126474380504 -0.63101285696029652 0.0014203991158865394 0.17845816910266879 -0.10169482231140135 0.00071184799890033912 0.0025727236643433575 -0.00046303113049361849 -0.0070593722630292169 -0.0017026592395268378 0.0064305318519473085 0.00040737533709034329 -0.001278144074603915 -0.0014390769065357743 0.010491469874978067 -0.00072883279062807549 0.00040543488285038626 0.00022829509543953466 0.0006123103084973992 0.13589594513177874 -0.015127861872315405 0.00068483798531815421 0.00074997474439442169 1.5158550468186151e-05 0.60736361145973217 0.013653235509991648 0.00051766456454060983 -0.010180274490267037 0.14926543831825259 -0.00041556259384378785 0.0079400790855288523 -0.00043006778287235642 -4.4786223952542052e-05 0.00087582098785787832 9.661045623943211e-05 0.0022193620679900055 0.00074997474439442169 0.45000000298023229 0.0050267339684069165 0.00080961169442161929 0.00048638707085046923 0.0022727017058059578 -1.4957142866478533e-05 0.0021212621359154586 0.59049034118652355 0.0016159084043465557 -7.1515791205456467e-05 -0.00073882643482647825 0.0019499908667057755 -0.00016574239998590198 1.8965968592965513e-05 -0.00015937539137667042 7.1197759098140536e-05 -0.32375375926494593 0.0022727093892171983 0.00075746572110801946 0.0044427101965993651 0.00016037267778301614 4.7933108362485661e-05 4.504214120970574e-05 -0.0011143888114020226 0.0011120327981188895 0.20770058035850528 -0.36051505804061884 0.0024474823148921136 0.0021106312051415448 0.010574374347925188 0.0018808088498190048 -3.7637948480551124e-05 0.00020508288434939462 0.00051446814904920768 -0.71782085299491871 -9.1414443886606009e-05 -0.00052145376685075451 -0.00027281367511022831 0.0070075592957437047 0.0013372919638641181 0.00025296959211118525 -0.87355786561965931 -0.15520003437995908 0.0030959029681980614 0.0013099389034323396 2.430304994049948e-05 -0.0029564957367256279 0.00033630841062404221 -2.6064202756970186e-05 0.0020631711231544618 -0.0020009524887427683 0.00038204244629014289 -0.98734235763549794 -0.00098750967299565651 0.00038672964728903031 -0.18597289174795148 0.0026238652644678955 0.0039552522357553252 0.0025693228235468273 -3.336179361212998e-05
decision_type=2 2 2 8 2 2 2 10 10 10 2 2 10 8 2 2 2 2 2 10 10 8 10 10 2 8 10 8 8 10 2 8 10 10 10 10 10 8 2 10 8 8 10 8 10 2 2 10 2 10 8 10 10 10 8 10 10 10 2 8 2 10 2 2 10 10 8 10 10 2 8 2 10 2 8 2 8 8 10 2 2 2 10 8 10 10 10 2 2 8 2 10 10 10 10 10 10 10 2 10 2 2 10 2 10 2 10 2 10 10 10 10 10 2 2 10 8 2 2 2 2 10 10 10 10 10
left_child=3 2 4 9 10 39 13 15 40 -1 14 83 36 -4 -2 16 -7 -11 19 25 -20 22 23 -22 -6 27 45 57 104 54 31 -31 34 -34 35 -33 100 38 -38 65 -3 42 123 112 -9 -12 47 81 -49 -25 103 52 92 -53 55 -17 95 59 -59 60 72 62 -62 -63 -61 66 -5 -32 -36 70 -26 -58 -19 -15 75 118 78 -78 79 -39 -81 -37 -69 84 85 93 87 -86 -28 -90 -91 -16 -52 -10 99 96 -57 -82 -67 -76 -13 -102 115 -21 105 107 -77 108 -8 110 111 -110 -43 114 -41 116 -103 -71 -75 -24 121 -88 -122 -42 125 -125
right_child=1 8 6 5 24 7 28 44 11 17 26 12 -14 73 91 29 -18 18 20 50 21 -23 119 49 69 -27 88 -29 -30 30 67 32 33 -35 68 46 37 76 -40 113 41 43 -44 -45 -46 -47 -48 48 -50 -51 51 53 -54 -55 -56 56 71 58 -60 64 61 63 -64 -65 -66 98 -68 82 -70 117 -72 -73 -74 74 94 106 77 -79 -80 80 97 -83 -84 -85 86 -87 120 -89 89 90 -92 -93 -94 -95 -96 -97 -98 -99 -100 -101 101 102 -104 -105 -106 -107 -108 -109 109 -111 -112 -113 -114 -115 -116 -117 -118 -119 -120 -121 122 -123 -124 124 -126 -127
leaf_value=0.006915984532914774 0.0018964265354534536 -0.003488839646455617 0.0063753690548461949 0.0066381025492935767 -0.0036296697728304961 -0.001978622598437548 -0.0013186011054110039 0.00028411211528534496 0.00026482237689100496 0.0054195577204395762 0.0033797843966000239 -9.7619914425360249e-05 -0.0051311997672784842 0.0018639486220048368 -0.0032191008831210463 0.00082567339440072049 0.0061547877479895055 -0.0034187404316575682 -0.0053367369202061169 0.0010714128969936524 0.0038763615898674496 -0.0042244320325595767 -0.0014713183694368436 -0.0046452075382805002 -0.0014637424847432044 -0.0022139935233889134 -0.00016142904763698628 9.0633782160011344e-05 0.0032777655177230127 0.0041121391560371544 -0.0039644163377277339 -0.0059589074588437697 0.0082746011461330028 -0.0026115807599578168 0.0011391113147105737 0.0067462952658263178 -0.00091325493189450076 -0.00332814273247483 0.006852896208253776 0.010500727122293607 0.0048394104675451109 -0.0013992400625181401 -0.0042669018430997246 0.008892273228412146 -0.0074204076459799583 -0.0041830590663571596 0.0031037234023760995 0.0029846135406751042 -0.0055643771746288007 0.0025411315458368435 -0.0014940023885964132 -0.0069238360170914186 -0.0044549358959236089 0.0024235569418763754 0.0032446525259498303 -0.00098687957692651217 -0.0023341828525772473 0.0097105858939311486 0.00037390188959749408 0.00069584866878807179 -0.0048420765125081087 0.00675911705552783 0.0050323708150720649 -0.00037105669890581769 0.005866246929801016 -0.0057778847290881463 0.00074788610980581604 -0.0035444019207217137 -0.0060996470391203993 0.0015798168453943877 -0.0092546132362553331 0.0043615299212090486 0.0047196737131149713 0.0041684543326968226 0.002772256586839255 -0.0051327503134299826 0.0071843975631988143 -0.0012347558565426499 -0.0072831423728735127 0.00513519426113224 -6.774464206494721e-05 -0.0013169414892236764 0.0029145948904207557 0.0017057286350019125 0.0022508575551494735 -0.0017381406409177596 0.0046153273443728755 -0.005288544380915524 -0.0021913277104416776 -0.0094789417835986177 -0.003438285164931817 0.0034331275719699204 0.0057664096948032862 0.0084986810300493928 -0.001341027329861097 0.00057543945275176725 -0.0085131901253009696 -0.0057088793924175308 0.0021470329453766412 -0.0022878379019595982 -0.0071453455165034511 0.0062622909935378347 -0.0049767206680555167 -0.0066807924320188596 -0.0079271860645693665 0.0030808597358025214 0.00050375147498243542 0.00055061195431297186 0.00051205682054023211 -0.00055616005256961033 -0.012195874791463661 -0.0069785070911439293 0.0043534013648607681 0.0029026674916632269 0.0019961630435262399 -0.0048023947977263292 -0.001363614193402684 -0.0065303394153760422 -0.0016553689802885089 0.0051319112986512308 -0.0036472923413818996 -0.00037998804680001118 0.0020279069737086405 0.0055555011660135658 -0.0033158067581850678 -0.0019007957727492572
leaf_weight=391.21131527423859 467.4305511713028 172.89379373192787 148.64393332600594 204.35166496038437 644.31426239013672 124.56684179604053 388.95787468552589 137.13837270438671 106.45170120894909 551.60396139323711 148.78555433452129 441.2873201072216 529.16440039873123 776.13412019610405 918.84884038567543 7558.1327757537365 349.48589527606964 143.08161422610283 296.41410112380981 115.66623017191887 179.00625064969063 186.71728236973286 103.37372496724129 334.04132229089737 107.30506141483784 164.99804818630219 140.13190411031246 400.33080290257931 114.85997067391872 176.90934750437737 136.71549715101719 240.64581224322319 115.66921709477901 153.62291260063648 101.67521457374096 104.15607431530952 165.663320094347 697.93215870857239 176.17584817111492 225.34760749340057 300.72818538546562 200.37275485694408 255.12756825983524 235.63338261842728 244.48471716046333 171.68191567063332 317.78158234059811 112.14746883511543 369.77519862353802 119.72284838557243 100.03964526951313 143.24852658808231 120.54590705037117 112.53540349006653 715.94630788266659 168.86838114261627 167.02967150509357 349.67634303867817 152.48989135026932 874.6971373707056 102.96359440684319 1153.9138515293598 173.0124196857214 109.34224355220795 225.16454555094242 142.10054095089436 507.97108380496502 113.70801128447056 593.50680339336395 101.77354243397713 935.70279309153557 231.86083297431469 107.92089231312275 153.92100144922733 767.02788315713406 611.45927710831165 122.65335500240326 132.14058238267899 114.83021101355553 168.40928103029728 1430.7320077568293 161.91429258882999 799.14368994534016 1388.4870398193598 172.43327505886555 251.67708061635494 271.41201637685299 551.50717495381832 244.68199309706688 478.09420169889927 221.53776830434799 101.87805607914925 434.05517801642418 174.6495703458786 1010.7424613833427 170.60672841966152 228.85977008938789 137.31348820030689 112.4080258756876 206.69311988353729 287.38134898245335 117.45679359138012 367.22561068832874 161.88690148293972 188.8273493796587 121.53410041332245 173.88140545785427 220.22912481427193 115.36643777787685 157.89595603942871 158.45663216710091 260.87414142489433 306.30445210635662 672.94101005792618 167.36618062853813 111.46355986595154 166.94567473232746 127.02427823841572 406.27462638914585 639.80156326293945 429.60797420144081 480.31338138878345 176.17296862602234 195.86728805303574 221.4013811647892 112.20300415158272
leaf_count=1570 1872 692 595 820 2583 499 1559 549 426 2216 596 1766 2119 3106 3680 30262 1400 574 1187 464 718 748 415 1339 432 661 562 1605 460 708 547 963 463 615 407 417 663 2793 705 905 1204 802 1021 943 979 688 1272 449 1480 480 401 574 483 451 2866 676 669 1402 611 3509 413 4630 694 438 903 570 2037 455 2376 409 3765 928 433 616 3070 2448 491 529 460 674 5727 648 3198 5556 690 1007 1086 2207 980 1919 889 408 1740 699 4046 683 916 550 451 828 1150 470 1470 649 757 487 696 882 462 633 635 1046 1226 2698 671 446 668 511 1626 2565 1719 1922 705 784 886 449
internal_value=8.35363e-06 -0.00137089 -0.00239692 0.00129328 -0.00419916 0.000694175 -0.000938803 0.000342881 -0.000377173 0.0024666 -0.00276977 -0.000811651 -0.00161954 -6.6446e-05 -0.00111358 0.000497709 0.00402399 0.00221859 0.0019518 0.00263015 6.62655e-05 0.00114562 0.00192443 -0.000793726 -0.00630642 0.0034323 -0.00448385 0.00368827 -0.00306265 0.000360381 -0.000714628 -0.00154221 -0.00201476 0.00231316 -0.00261415 -0.00126748 -0.00119854 -0.000438548 0.00324679 0.00301758 0.00160259 0.00211679 0.000475617 0.0044409 -0.00477547 -0.00067953 -0.000117928 -0.00153182 -0.0035353 -0.00272191 -5.47091e-05 0.00107876 0.00268707 -0.00293381 0.000767882 0.00055278 -0.0015532 0.00410982 0.00699829 0.00356329 0.00458987 0.00529911 0.00127007 0.00614579 0.0018402 0.00124826 0.00257282 0.00120822 -0.00503868 -0.00758531 -0.00849571 0.00158022 0.000170519 -0.000329415 -0.000848705 -0.00228783 -0.000907642 0.003046 -0.00132344 -0.000985267 -1.64222e-05 0.00209048 0.0020513 0.000234059 -0.000554601 0.00219896 -0.00127364 -0.00348052 -0.00557541 -0.00635881 -0.00771489 -0.00250193 0.00440164 0.00560526 0.000140163 -0.00373138 -0.0055179 -0.000627415 -0.0023763 0.00167372 -0.00277422 -0.00387579 -0.00249343 -0.0035953 -0.00354901 -0.00286637 -0.00390326 -0.00345982 -0.00427161 -0.00584645 -0.00733229 -0.00477176 0.00211169 0.00457025 0.00714864 -6.12391e-05 0.00199037 -0.00308579 3.33335e-05 0.00419893 -6.32901e-05 0.00149645 -0.00198477 0.00199912 0.000268476 0.0028895
internal_weight=45535.3 21961 10791 23574.3 4809.19 15626.8 5981.78 13594.4 11170 7947.46 2893.07 9169.49 5166.77 4254.78 1488.16 13212.7 474.053 7556.25 7004.65 5145.57 1859.08 1562.66 1375.95 632.77 1916.12 3957.59 1404.91 3792.59 1727 12738.7 3497.37 2447.8 2270.89 269.292 2001.6 1306.42 4637.61 3145.85 341.839 2032.49 2000.53 1827.64 1085.33 742.311 381.623 320.467 1065.77 747.993 481.923 453.764 1187.98 910.425 654.641 255.784 9241.3 8525.36 967.225 3392.26 502.166 2890.1 1790.23 1539.23 275.976 1263.26 1099.86 966.831 712.323 1049.57 695.182 1271.81 1043.01 398.891 251.003 4106.13 3330 1345.54 2804.01 254.794 2549.22 2434.39 1736.45 266.07 912.852 4002.71 2614.23 532.778 2081.45 723.94 1084.45 944.314 699.632 1020.73 534.095 281.101 1984.46 568.335 397.728 1568.05 254.509 973.721 1491.76 1050.47 763.092 277.553 1612.14 1423.31 785.341 1301.78 1081.55 692.593 534.697 376.241 506.677 1065.65 392.714 395.866 284.402 228.798 560.196 743.175 1357.51 751.725 605.781 830.2 529.472 308.07
internal_count=182401 87951 43246 94450 19294 62577 23952 54425 44705 31873 11594 36698 20681 17031 5960 52897 1899 30303 28087 20635 7452 6265 5517 2537 7700 15873 5634 15212 6921 50998 13998 9798 9090 1078 8012 5229 18562 12592 1368 8152 8007 7315 4344 2971 1528 1284 4266 2994 1929 1819 4762 3649 2624 1025 37000 34134 3872 13607 2013 11594 7182 6175 1107 5068 4412 3878 2857 4200 2783 5117 4197 1597 1007 16436 13330 5386 11224 1020 10204 9744 6951 1065 3653 16017 10461 2132 8329 2897 4350 3788 2808 4088 2141 1125 7944 2275 1592 6277 1021 3898 5970 4204 3054 1113 6461 5704 3144 5217 4335 2776 2143 1508 2028 4274 1576 1584 1138 920 2242 2980 5432 3008 2424 3323 2119 1233
is_linear=0
shrinkage=0.02


Tree=30
num_leaves=127
num_cat=0
split_feature=15 15 140 230 231 194 15 222 230 127 186 230 231 104 97 231 230 152 14 173 231 230 15 182 230 230 109 31 213 136 97 15 186 139 100 142 105 152 212 161 166 182 105 187 111 194 183 217 171 23 150 231 23 137 47 188 236 31 193 100 212 226 85 34 193 91 104 142 136 230 105 230 179 109 101 136 186 78 166 137 205 49 222 62 217 213 152 161 118 182 41 180 205 193 101 107 230 230 215 213 34 140 215 171 118 236 40 75 30 150 215 145 194 222 173 142 41 78 173 97 133 80 213 228 167 2
split_gain=172.173 41.2623 40.7788 31.5609 42.1776 34.8271 27.9687 26.3514 24.478 24.5615 24.4471 22.7412 26.264 22.2873 18.4537 22.6328 23.4773 21.0437 17.7385 17.117 17.0467 23.9822 26.8959 21.9761 16.99 16.4457 16.2603 18.711 15.2054 18.8558 15.8367 14.8077 14.6898 26.9699 16.6721 15.9055 14.497 14.2822 14.1974 13.9512 19.4505 13.4425 20.0816 19.6386 13.4361 18.0124 13.407 19.7492 13.3762 13.241 13.1467 13.0711 15.3583 15.0057 12.9593 13.0824 12.8382 12.8273 14.4474 14.3016 15.2825 16.9229 13.284 13.6589 12.8253 12.7114 12.7096 14.4723 12.4305 15.3161 15.0443 12.3928 13.5581 13.1689 12.8737 12.3517 12.1836 14.4987 16.3414 12.1586 19.7686 15.8518 12.3657 11.7502 11.7493 17.1391 11.6976 14.0017 14.9306 22.8997 13.7525 15.0186 12.6738 16.035 15.6423 14.2846 13.7174 12.4652 12.1981 14.2352 11.5948 14.0297 11.5719 11.5339 15.2984 13.4359 12.4883 11.5251 11.4944 11.4452 11.3088 11.2197 13.9073 11.1597 11.0863 10.9073 10.8914 13.3739 11.2296 10.8385 10.7749 14.2496 13.9085 14.0019 13.1451 14.069
threshold=-0.035931494086980813 0.38635028898715978 0.38739830255508428 -0.87985393404960621 -0.0327190039679408 -0.012731262948364018 -0.35296985507011408 0.027157087810337547 -0.95037782192230214 -5.0323362302151502e-05 0.023097910918295387 -0.79202145338058461 -0.0327190039679408 0.00079870360787026595 0.67395898699760448 -0.4790737628936767 -0.66750615835189808 -0.0007657041132915764 -0.00079553487012162794 -0.94455242156982411 0.10669767111539842 -0.71782085299491871 -0.23144685477018354 -0.0057159308344125739 -0.51316559314727772 -0.87985393404960621 -0.00245275383349508 0.00038747879443690186 0.001633826701436192 0.002055768272839487 -0.96234062314033497 -0.25983348488807673 0.0062120868824422368 0.0010677691898308697 0.00037529747351072734 0.0012612567516043784 0.63612452149391185 0.00022998805070528763 0.012249574530869724 -0.0023538382956758137 -0.0029090499738231297 -0.003394774859771132 0.22226496040821078 7.1618229412706582e-05 -0.00010720714271883479 -0.0013773123500868676 0.008826465345919134 -0.00020785927335964513 -0.00032236918923445041 7.220310362754391e-05 0.029801147989928726 0.26092512905597692 7.3729239375097691e-05 0.00061145747895352553 0.00066480276291258644 -0.11812304332852362 1.681124269962311 0.0012046224437654021 0.0029916507191956048 0.00036773603642359381 0.018358983099460605 0.053846336901187904 -0.00042826245771721 0.00075768897659145306 0.0083526754751801508 -0.20071869343519208 0.0018978941952809694 0.0032874194439500575 0.0085493233054876345 -0.73579990863800038 0.72333529591560375 -0.35632950067520136 -0.0038031683070585127 -0.0061059994623064986 0.00092231566668488096 0.0077021126635372647 0.010050037410110237 0.001047138241119683 0.00035134909558109945 0.00094770101713947963 -0.31234373152256006 -0.0022898180177435275 0.24026171863079074 0.00071397842839360248 -0.0039766707923263303 0.0021655812161043291 -2.6812984287971627e-05 -0.0042657817248255006 -0.0028270351467654105 -0.0060119570698589078 -0.00018781026301439849 0.0019928343826904897 0.12288283929228784 -0.00064575637225061644 0.00039573303365614271 0.0013430665130726995 -0.44424325227737421 -0.97768935561180104 0.003214727272279561 0.0020669320365414028 0.0011705087381415071 0.13946401327848437 0.0046928573865443477 6.6896660428028567e-05 -0.00021018907136749473 0.20286551117897036 -2.5452014597249214e-05 0.45000000298023229 -0.00062871861155144859 -0.2991198450326919 0.0034188304562121634 0.0021060666767880325 0.0074391697999089965 0.79611894488334667 0.59921741485595714 0.0015140287578105929 0.00020009717263747009 -0.00017705585196381432 -0.193304568529129 0.80909612774848949 0.00035961902176495647 0.0032608865294605498 0.0029446682892739777 0.26666667312383657 -0.40830814838409418 0.00010426906010252425
decision_type=2 2 8 2 2 8 2 10 2 2 10 2 2 8 10 2 2 10 2 10 2 2 2 8 2 2 10 2 8 10 10 2 10 2 10 10 10 10 8 2 2 8 10 10 10 8 8 8 2 2 10 2 2 10 2 10 10 2 10 10 10 10 2 2 10 2 10 10 8 2 8 2 10 10 2 10 10 10 2 10 10 2 8 10 10 10 10 2 10 10 10 10 10 10 2 10 2 2 10 10 2 10 10 2 10 10 2 2 2 10 10 10 10 10 10 10 10 10 10 10 2 10 10 2 2 2
left_child=2 3 18 4 5 36 51 19 39 -10 46 12 49 26 15 17 57 50 38 -5 21 22 23 -20 48 28 -7 -28 -22 -30 -31 -27 34 35 -11 -34 -2 -18 -1 40 54 43 -43 44 -23 -46 47 86 -21 -3 64 52 -4 -54 55 -6 -53 59 -59 62 61 84 63 -17 71 -15 67 -41 114 70 -70 72 73 -9 -73 -51 77 109 -79 80 -24 -81 -82 -40 85 -61 87 -8 89 -89 103 -92 93 94 -88 -96 97 -95 -93 -100 101 -52 -68 105 -105 -90 -106 -14 -101 -16 -32 -13 -113 -64 -48 -97 117 -117 -118 -78 121 122 124 -124 -19 -126
right_child=1 11 6 7 8 13 10 14 9 32 -12 111 107 65 76 16 37 120 20 24 25 41 79 -25 -26 31 27 -29 29 30 110 -33 33 -35 -36 -37 -38 -39 83 66 -42 42 -44 -45 45 -47 68 -49 -50 75 100 56 53 -55 -56 -57 -58 58 -60 60 -62 -63 113 -65 -66 -67 102 -69 69 -71 -72 74 -74 -75 -76 -77 119 78 -80 81 82 -83 -84 -85 -86 -87 92 88 90 -91 91 98 -94 96 95 115 -98 -99 99 108 -102 -103 -104 104 106 -107 -108 -109 -110 -111 -112 112 -114 -115 -116 116 118 -119 -120 -121 -122 -123 123 -125 125 -127
leaf_value=0.00027825224651469591 0.0034236063766049886 -0.0040685849842981041 0.0010294262208376415 0.0093269980700606131 -0.0021677095485409933 -0.00014826535682730744 0.0036545291059492187 -0.0077409655363632262 0.00094308603586827915 -0.0090445660349581149 -0.0065111367488295555 0.0013987568652552224 0.0027994248507511314 0.00057480207712406149 0.0014242569016484315 0.0076137135409953104 -0.0049429534723214024 0.0044187304601255167 0.0029515741503306566 -0.0021509176196896434 0.0028048138711047666 0.0032276410266694369 0.0096986308661482987 0.0090155168905305966 -0.0031489921244558889 -0.00078521514832104373 -0.0018654987398931586 -0.0079035714307215746 -0.0092600296548773619 0.0031684279223220869 0.0013135260913847316 0.0038618124405310145 -0.0023583827903652364 -0.0058051398102987621 -0.0017506553212379998 0.0065628943261040939 -0.0028206781565367454 0.0018367079758638024 0.0086679246246735373 0.0013892502840566648 -0.0051704871132173995 0.0077680910768643512 3.1616455171715515e-06 -0.0034608531620136359 -0.0027043897156327264 0.0038339255696679493 -0.00059906025217908447 0.0080280458873037783 0.0052711070576695199 -0.012929035526119372 0.0026597533335417879 0.0017881044671945862 0.0090654475640119716 0.0033462331994513384 -0.0052655844567806023 0.0043877744019526054 -0.005711843958943248 0.0017609851898420126 -0.0062593047958421867 0.0098874028345095778 0.0012107701469990825 0.010581802152250828 0.00059208203815896607 -0.001413986919294801 0.0014495580428105742 -0.0057882870334538183 -0.004678113765203171 0.0077790202429118809 0.0024893628137973886 0.0036414097255760133 -0.0050332504801923698 0.0036841298432392479 -0.011625278484616313 -8.3979501520962878e-05 -0.0051062820001650782 -0.0037821655615879798 -0.00071645919135689118 -0.0012848382709942762 0.0039651808665448389 0.0043200794404799755 -0.0014171089275312988 -0.0040871125231936832 0.0033878447057887431 0.001748898623375669 -0.0003462860343466907 0.0009709362817537289 -0.0055883738959339223 -0.00018144173101549175 0.005655018991015952 -0.011812762154011646 0.0014951421638434573 -0.00660935979431469 -0.00052209832623934026 8.6709719827145901e-05 0.0043260378289040839 -0.0052574666805245288 -0.0014922063058948609 0.0057318180044551373 0.0040228057696142794 0.0012084155926612211 0.0050690404049122655 -0.0053884574469910476 0.0027039033167543746 -0.0064206442493271601 -0.00059160205753330515 -0.0011138225315930116 0.0057586294224219415 -0.0036956693808282734 -0.0068651254275108953 -0.0046423151160885721 -0.0040929824176631577 -0.0045248579177383516 0.0014937805884617018 -0.0066112142685458321 -0.0051221808355942245 0.0041200230521909941 0.0054683738015994798 -0.0019914210071676429 0.00052816571892488212 -0.0060480480895513901 -0.0030033744802431413 0.0035728603092017542 -0.001648662363243017 0.003869755025027568 0.00017259998772265335 -0.0020504023182302249
leaf_weight=166.88765200972557 397.58618220686913 230.76571369171143 506.85686013102531 131.28408831357956 176.1205168068409 820.04574504494667 276.55391266942024 183.11432421207428 572.03515069186687 337.57384020090103 194.27440203726292 381.9716137945652 113.86522211134434 131.09841166436672 150.12462466955185 147.62554556131363 298.8221440166235 181.09710915386677 430.88459901511669 113.40736183524132 361.58248722553253 841.16019622981548 153.42277264595032 607.26383702456951 185.11300292611122 383.71496696770191 605.68779407441616 305.10546155273914 101.88993240892887 260.61352780461311 212.35940991342068 892.26688732206821 134.15205708146095 301.82777053117752 210.71589578688145 152.57063171267509 212.79397006332874 189.93307341635227 397.51687459647655 2000.0482307672501 347.23180542886257 265.59367147088051 249.73918376863003 371.43518820405006 472.49116912484169 236.46318361163139 426.95661817491055 123.16577193140984 409.12913857400417 260.67522479593754 135.89659686386585 344.38041324913502 288.82664903998375 558.3326320797205 100.10980667173862 314.5247193723917 101.82172712683678 257.12108421325684 113.44987669587135 178.60388311743736 392.53919212520123 224.09398022294044 264.66284456849098 102.69161528348923 123.69581598043442 1818.2285661548376 227.40795351564884 134.4312799423933 163.85403123497963 331.55327844619751 240.01133465766907 100.18640698492527 159.4299643933773 161.90387323498726 131.69482247531414 101.94729875028133 237.99797615408897 727.02965527772903 327.68859346210957 127.38993126153946 257.79669164121151 210.50908793509007 1019.1606969982386 143.90805648267269 173.67212411761284 160.89974850416183 124.32890170812607 153.77814117074013 312.02321504056454 101.866967856884 299.36067596077919 308.0639106631279 1315.1591036915779 196.05851671099663 444.96761575341225 108.11312340199947 163.63511614501476 767.09593851864338 119.92021740972996 107.14763620495796 108.95322035253048 180.92354679107666 113.32503816485405 125.81885419785976 629.2856959849596 172.52392856776714 133.38155429065228 694.46073520183563 160.66340902447701 534.44325387477875 481.00364120304585 501.80947481095791 206.04798091948032 105.46254648268223 433.19650214910507 160.58366724848747 290.19206048548222 679.4199323952198 464.54659387469292 436.35424415767193 464.9595031440258 417.23965029418468 252.62864738702774 575.21104362607002 2575.7939469665289 2017.2476132065058
leaf_count=671 1592 929 2033 526 705 3285 1108 733 2290 1352 778 1529 456 525 601 591 1196 725 1730 454 1449 3372 616 2441 741 1539 2427 1224 408 1045 851 3577 537 1209 844 611 853 760 1599 8005 1390 1066 1001 1488 1894 948 1709 493 1638 1050 544 1380 1160 2239 401 1259 408 1029 454 715 1571 897 1059 411 495 7298 911 538 656 1327 961 401 638 648 527 410 953 2911 1312 511 1034 843 4086 578 695 644 498 616 1250 408 1199 1233 5264 785 1783 433 655 3071 480 429 436 724 454 504 2520 691 534 2785 643 2140 1927 2010 825 422 1734 643 1162 2720 1859 1748 1861 1670 1011 2302 10309 8074
internal_value=4.22916e-06 -0.00108335 0.00139445 -0.000817231 -0.00170666 -0.0031647 0.000603215 -0.000201505 -0.000477757 -0.00241712 0.000168855 -0.00351863 -0.00518811 -0.00389566 -0.000428553 -6.09138e-05 0.00154356 -0.000602363 0.00242744 0.00319019 0.00214613 0.00280905 0.00406497 0.00660203 0.00182662 0.000844421 -0.00220538 -0.00401455 -0.000636351 -0.00184501 -0.000879164 0.0024738 -0.00409499 -0.00180633 -0.00640167 0.00250719 0.00122627 -0.00233971 0.00543402 0.000501644 -0.00155381 0.00134136 0.00414578 0.000554294 0.00154822 -0.000478257 0.000321527 0.00066609 0.00364038 -0.00833134 -0.00291881 0.00287491 0.00384075 0.00546023 0.00067169 0.0020419 -9.49726e-05 0.00245198 -0.000889204 0.00316144 0.00448309 0.00614736 0.000689918 0.00407954 -0.00431467 -0.00535886 0.00128677 0.00186016 -0.00133698 0.000568065 -0.00200777 -0.00529573 -0.00700451 -0.00434931 -0.00131734 -0.0106896 -0.00199605 -0.00108724 0.000389717 0.0025183 0.00331555 -0.000853258 0.00241091 0.0069567 0.00388662 0.00595076 0.00052629 -0.00047112 -0.000930323 -0.00533699 -0.000413913 -0.0021815 0.00113935 0.00178151 0.000800422 0.00121839 0.00371141 0.00460785 -0.00376092 -0.00128457 -3.21966e-05 -0.00198332 -0.00220913 0.000880135 -0.000481133 0.00329634 0.000637753 -0.00273523 -0.0037755 -0.00330926 -0.00244671 -0.00131659 -0.00278001 -0.00169411 -0.00294166 0.000365548 0.000807148 -0.000754451 0.00251977 -0.00424122 -0.000135454 9.5293e-05 -0.000175508 0.00218656 -0.000592505 -0.000808391
internal_weight=45509.1 25536.3 19972.8 23044.7 9412.62 4290.55 11327.7 13632.1 5122.07 1708.88 9527.5 2491.54 1401.71 3680.17 12793.2 10379.6 2609.58 7769.98 8645.05 838.934 7936.74 5243.31 2806.43 1038.15 707.65 2693.43 1730.84 910.793 1417.45 1055.87 953.977 1275.98 1136.84 588.55 548.29 286.723 610.38 488.755 708.313 3413.2 937.987 2436.88 515.333 1921.55 1550.11 708.954 9333.23 7737.65 522.537 593.388 1285.8 1800.22 1354.02 847.159 590.755 490.645 446.202 2120.82 370.571 1750.25 1129.81 737.27 620.443 250.317 860.025 1949.33 2475.21 2134.48 1595.57 735.419 403.865 736.329 504.448 345.018 231.881 362.623 2413.64 1739.29 1054.72 1768.28 1430.38 337.899 1276.96 541.425 513.176 339.504 7614.49 2900.39 2623.83 255.645 2368.19 995.156 4714.1 3398.94 2272.15 2147.82 1126.79 963.154 695.795 387.731 425.773 316.82 340.733 1373.03 888.486 484.547 762.667 808.326 267.811 684.568 693.363 1089.83 707.857 370.125 860.153 1702.86 1594.74 840.004 754.739 674.352 6484.18 6019.22 5601.98 827.84 4774.14 4593.04
internal_count=182310 102270 80040 92276 37710 17204 45366 54566 20506 6843 38146 9994 5630 14759 51207 41542 10444 31098 34674 3359 31826 21030 11261 4171 2833 10796 6936 3651 5680 4231 3823 5116 4553 2357 2196 1148 2445 1956 2848 13663 3755 9769 2067 7702 6214 2842 37368 30981 2092 2389 5146 7220 5432 3399 2365 1964 1788 8488 1483 7005 4522 2951 2483 1002 3442 7823 9908 8543 6387 2944 1617 2947 2019 1381 928 1460 9665 6964 4223 7090 5736 1354 5120 2177 2054 1359 30488 11615 10507 1024 9483 3984 18873 13609 9098 8600 4511 3856 2785 1552 1704 1268 1365 5499 3558 1941 3054 3241 1072 2741 2778 4364 2835 1481 3443 6817 6384 3363 3021 2701 25952 24091 22421 3313 19108 18383
is_linear=0
shrinkage=0.02


Tree=31
num_leaves=127
num_cat=0
split_feature=11 230 28 229 236 0 233 147 221 11 41 229 223 150 155 77 0 190 150 182 146 63 223 195 5 213 136 188 213 188 220 11 153 117 117 115 116 185 78 225 7 74 225 116 74 119 138 115 51 77 223 107 33 4 97 155 152 174 33 213 77 71 78 65 178 138 166 31 188 219 188 217 213 163 77 77 150 146 147 150 127 138 138 190 190 5 150 133 31 155 153 136 99 188 225 205 33 205 99 95 74 150 174 138 76 66 153 190 185 150 76 23 161 222 230 113 222 95 146 225 181 155 152 99 144 78
split_gain=209.405 42.7135 40.0962 34.8071 31.802 24.6241 23.5842 22.51 22.4998 21.3525 19.9735 19.9433 17.2586 18.8648 18.119 17.7789 16.4644 18.9152 16.98 16.3574 21.7473 18.2648 16.1845 33.5629 15.671 15.6004 29.0987 20.3558 15.5976 15.3548 15.1849 14.6748 14.6685 16.7801 20.5054 15.0685 14.428 19.7827 14.4273 14.7727 13.5845 18.7501 13.5039 14.8555 13.1838 14.615 13.947 12.9291 16.9545 12.9276 12.902 12.526 12.4549 12.5422 12.3704 12.3083 18.2873 16.9224 12.1619 13.2208 12.516 12.1407 12.1136 12.0649 12.0639 14.447 11.9685 11.824 12.4592 14.9236 12.2 11.9285 11.7475 11.7438 16.7512 16.1483 14.5692 11.6877 11.4731 11.3664 15.083 15.2806 14.9755 16.544 11.798 14.1501 11.3422 17.3334 17.0822 15.7171 16.7241 15.2802 16.6717 12.7921 11.2873 17.9003 11.6291 12.2752 13.3242 11.2387 11.1704 11.1542 11.0521 10.9151 10.8931 11.3934 11.1892 10.8249 10.7913 10.7799 10.7754 10.6537 11.2583 10.6007 11.6462 10.5936 10.4844 10.4565 10.3944 10.3123 13.4668 24.3478 13.4677 11.2505 15.0639 10.476
threshold=-4.5421562390401953e-05 -0.86493045091629017 0.00026625393365975475 -0.11291843652725218 -0.31294460594654078 5.4147825721884153e-05 1.0000000180025095e-35 -0.002088001230731606 0.021378423087298874 0.00021236856264295059 -0.0011065806611441074 0.0084639918059110659 -0.015044093132019041 0.040905034169554717 0.0022917041787877683 0.00012574848369695249 7.588194057461807e-05 0.00061193411238491546 0.099641565233469023 -0.0034288244787603612 0.24090548604726794 0.00070775591302663099 -0.015439983457326887 -0.0013227019808255134 -0.00020768384274560955 0.0019531098078005018 0.0019171689637005331 -0.12288837879896163 0.0057522773277014503 -0.20753405988216397 -0.013805104885250328 0.00074478384340181958 -0.00063515553483739484 -6.4512812969041975e-05 -0.0016953119775280354 -0.0011421462986618278 0.00035659702552948152 -0.0012279433431103823 -0.0002031345647992566 -0.00069845622056163837 0.0003385385789442808 -0.36496721208095545 0.00043038936564698821 0.00063411123119294654 -0.28538137674331659 0.00024356817448278892 0.00084959203377366077 0.00025456373987253761 -5.5840730055933811e-05 -7.8309556556632729e-05 -0.028891518712043759 0.0037317655514925723 -0.00028593809111043805 0.0005587137129623444 -0.88565963506698597 0.0013557068887166681 -0.00026563537539914245 0.0067679740022867927 -0.00014694804849568752 0.0018933201790787282 0.00016682496789144355 -0.0009886351181194184 -1.0000000180025095e-35 -0.0010250619379803536 0.10730253905057908 0.00085332832532003533 -0.0030077801784500475 0.00018653383449418473 -0.12288837879896163 0.26535683870315557 -0.085241887718439088 -0.0084961396642029268 0.0021464483579620723 -0.0013343247119337318 -3.5391594792599783e-05 -0.00016811608657008034 -0.005006607621908187 0.68195220828056347 -0.012812089640647171 0.052324399352073676 0.00033203254861291503 0.0013504691305570307 0.0005579910648521037 0.0046172314323484906 0.00030324864201247698 3.2137442076418669e-06 -0.31252975761890406 0.00026943432749249047 0.00036950741196051245 0.0066696899011731156 0.0010684001026675107 0.0028191235614940528 0.00041495931509416556 -0.054029235616326325 0.00067046127514913689 -0.18491375446319577 -0.0017207191558554766 -0.32825908064842219 0.00054894966888241481 -6.5197771618841202e-05 -0.0691084749996662 0.040905034169554717 0.0069346921518445024 0.00083479570457711827 6.5060539782280111e-06 0.00013880430924473333 0.0013128750142641368 -0.0014593012165278194 -0.010020152200013397 -0.30563883483409876 0.00052464343025349091 7.2712580731604262e-05 0.0025447184452787046 0.27636267244815832 -0.87985393404960621 0.45000000298023229 0.71983358263969432 0.0003005011822097004 0.8357914686203004 -0.00030310872534755612 0.69228157401084911 -0.00017039254453266037 0.00030496128601953393 0.00032267507049255078 -0.0030080213909968729 -0.00013480054622050372
decision_type=2 2 2 2 10 2 2 8 10 2 10 2 10 10 8 2 2 10 10 10 10 2 10 10 2 8 10 10 8 8 8 2 10 10 10 10 10 10 8 10 2 10 10 10 10 2 10 10 2 2 8 10 2 2 10 10 10 10 2 8 2 10 10 2 10 10 2 2 10 8 10 8 8 2 2 2 10 10 10 10 2 10 10 10 10 2 10 2 2 10 10 10 10 10 10 8 2 10 10 2 10 10 10 10 2 2 10 8 10 10 2 2 2 8 2 10 10 2 10 10 10 10 10 10 10 8
left_child=2 4 7 6 11 8 29 19 31 12 -9 58 13 14 51 -15 17 36 61 20 21 22 23 49 63 26 27 -21 40 30 -4 50 -22 34 -34 -35 73 116 39 -26 41 42 43 -11 115 77 -47 48 -27 113 -6 -3 108 -54 -24 -28 57 -57 59 -2 -61 -19 -7 -12 107 -66 -56 71 69 -69 -70 -52 -33 74 -14 -75 -77 -46 -23 80 86 -82 -81 84 -84 -86 87 88 -43 90 -88 -92 93 -93 95 96 -31 -98 -99 -20 -18 109 -79 -71 105 -40 -107 -8 -13 -51 117 112 -63 114 -1 -41 -38 -94 -104 125 121 122 -121 -123 -125 -5
right_child=1 9 3 119 5 62 64 10 -10 28 24 52 16 15 -16 -17 100 18 99 25 32 78 54 -25 38 47 55 -29 -30 94 -32 72 33 35 -36 -37 37 -39 104 44 -42 79 -44 -45 45 46 -48 -49 -50 101 67 -53 53 -55 66 56 -58 -59 -60 60 -62 111 -64 -65 65 -67 -68 68 70 103 -72 -73 -74 75 -76 76 -78 102 -80 82 81 -83 83 -85 85 -87 89 -89 -90 -91 91 92 110 -95 -96 -97 97 98 -100 -101 -102 -103 118 -105 -106 106 -108 -109 -110 -111 -112 -113 -114 -115 -116 -117 -118 -119 -120 120 -122 123 -124 124 -126 -127
leaf_value=0.0041984863528403476 0.0020467081483585441 0.002732074566363422 0.0037665946850524603 -0.0048039543865996343 0.0043894095071436972 -0.00086668764679068784 0.0034183335026169142 0.0060083276911438166 -0.0059617005352723728 -0.0015426542075947822 -0.00058869654144984122 0.0025577945434549676 0.0059683052786239522 -0.0049096341938597568 0.0079717141553403599 0.0026864060968786086 -0.00084795414135813553 -0.0057417764132513338 0.0068801310021129568 0.0051933450496046809 0.0024284932882610833 0.0029939660054480043 0.0075027785569910938 -0.0073063988206767839 -0.0053503745437574858 0.0048958533389645269 0.0074446687511140301 -0.0056090546371772619 0.0042874890881750153 0.0057290728769212361 -0.0027051934920149247 0.00063909199380621511 0.0015773446604667579 -0.0050911952254221737 -0.0047152756434651758 0.0021891287038803119 -0.00030989773230936457 0.0063407738872053691 -0.0051931880008073165 0.0078345233564135024 -0.002714024387609414 -0.0052204641553323669 0.0011052762936876734 -0.0088945412659427094 0.0029096182851731473 0.0071273422900911846 -0.0015784010467724758 0.0065135767440755036 -0.00041105573139238303 0.00037364000736667921 -0.0025040716457927366 -0.0041044879336329717 -0.0045878826557778927 -0.0091831432651691362 0.0077833197438351752 -0.0062904404808137512 0.0070186189842504345 0.0042847344659086477 -0.0044699293426327955 -0.0048709319620086778 0.00017791228018700976 -0.00048391728328676692 -0.0040165764297824969 0.0054408318220860365 0.0017845795533857265 -0.0043717316909289809 0.0025327154297585647 -0.006169659194313816 0.0053001710083307434 -0.002262320709206565 -0.00010161923480831373 0.0035151721654975952 -0.005959041921926359 -0.001450215759127995 -0.0030042667174220855 0.0073609852853049494 0.0010529482537188655 -0.0044325078147846066 0.012578356253747936 -0.0037005053123248545 -0.0091367343611456851 0.00012586380152717011 0.00054534067261637195 -0.0048129437868209696 0.0079525747229063359 0.0017992697228018271 -0.00035766472007636697 0.0077894094441498286 0.0020004007121702384 0.0056201598870136895 0.0033456747694427112 -0.012928178267067913 -0.0029104123060327324 -0.0031888097305935461 -0.0023245548208377532 0.0063906764941088099 0.0036280627185875046 -0.0048565586757569933 0.0029521335005494838 -0.00090589843835052366 -0.0063290587697085758 -0.00017536152994604399 0.0045482687114176334 0.0031679682934668274 0.00092878627244274644 -0.0022168668750691444 0.0045902755515622607 -0.0029055247070719813 -0.0035018643704486465 0.0077055578688756945 -0.0069651113304767436 0.0018399638016585126 -0.0079245532241691233 -0.0033378709209567594 -2.5141436098859574e-06 0.00053124067479464767 -0.00617389428619194 0.0028817701261270585 -0.0027084038524617755 -0.003161754117700762 -0.0022142427930155859 -0.0017233093154926083 0.0037013688040370136 0.0017645547162069206 0.0087436155773255066 0.00079100986971349942
leaf_weight=426.4918445199728 456.79420712590218 1063.3324623703957 225.69820088148117 513.05409108102322 292.74553333222866 761.31425908207893 358.08813384175301 252.99172849953175 243.52578535676003 204.86277534067631 196.41006743907928 115.10412430763245 100.69003041088581 245.88960407674313 241.88588088750839 212.1129055172205 345.60838036239147 347.11889138817787 115.45880702137947 101.26786759495735 1360.3236391842365 107.98955255746841 321.25722463428974 143.94819030165672 111.150165989995 329.04881200194359 994.84250846505165 145.44001764059067 190.59067204594612 226.75095652043819 333.90976898372173 173.82363498210907 320.96708601713181 109.35789504647255 525.80595351755619 970.55725662410259 316.05796237289906 102.71033851802349 423.24952265620232 194.4531125575304 1893.9777877032757 158.66379345953465 144.15447519719601 245.26643316447735 237.02313633263111 199.32290114462376 101.41427803039551 207.93262000381947 767.76311665773392 105.96327945590019 151.34373161196709 101.21702505648136 1195.0259194225073 323.30216607451439 185.67086686193943 102.75322081148624 206.30472111701965 100.25008784234524 423.72567071020603 347.50549291074276 418.92649304866791 213.16574209928513 1412.1503952294588 367.55872103571892 211.69140967726707 452.52853894233704 1488.5805775672197 265.1212283372879 171.95831680297852 485.80330201983452 1293.4152532070875 605.14485175907612 250.1813287883997 161.19020219147205 248.26938115060329 463.4924751073122 220.87339250743389 345.0497370660305 109.51553688943386 221.53339144587517 154.79428170621395 119.3488884717226 715.53699313104153 124.37212505936623 237.38461174070835 395.15100027620792 1883.3193842619658 123.18384024500847 471.73007816076279 110.16163514554501 102.92873047292233 118.36733396351337 400.74006293714046 116.86664716899395 101.92620104551315 749.00601491332054 264.21326598525047 210.16657236218452 124.03344994783401 154.94390478730202 251.15177428722382 151.32844690978527 131.78368064761162 189.96521331369877 445.81212282180786 455.58626522123814 101.69102923572063 134.29827828705311 1269.0340473651886 339.49510510265827 155.65249834954739 265.15799695253372 114.42261734604836 176.85626278817654 645.62114936113358 131.10238693654537 180.93344981968403 158.91162034869194 145.58148020505905 568.46712143719196 1171.750146612525 123.16376766562462 124.17248205840588 308.31199158728123 202.62560401856899 171.92641435563564
leaf_count=1711 1829 4256 905 2053 1172 3050 1435 1014 976 820 787 461 403 984 968 849 1383 1389 462 406 5452 434 1290 577 445 1320 3991 583 763 911 1339 698 1286 438 2107 3888 1265 411 1695 779 7585 635 577 982 950 798 406 833 3076 425 606 405 4796 1300 745 412 827 402 1699 1391 1677 853 5664 1474 848 1812 5972 1062 689 1947 5183 2423 1004 645 994 1855 884 1382 440 887 620 478 2864 498 950 1582 7538 493 1888 441 412 474 1604 468 409 3004 1059 842 497 620 1005 607 528 761 1785 1824 407 538 5085 1362 623 1061 458 709 2589 525 724 636 583 2275 4690 493 497 1234 811 688
internal_value=3.74095e-05 -0.00120595 0.00151282 0.000219463 -0.00214568 -0.001219 0.00162444 0.00210703 -0.00030661 -0.000471353 0.000792298 -0.00341729 0.000501606 0.00205261 0.00318969 -0.0014265 -0.000308283 0.000300807 -0.00161576 0.00258794 0.00208071 0.00303107 0.00269326 0.00139578 0.000393156 0.00385069 0.00514012 -0.00111799 -0.00110057 0.00281565 -5.51215e-05 7.71301e-05 0.000854601 -0.000270167 -0.00234872 0.00137272 0.00159716 -0.000914322 -0.000185019 0.00111443 -0.001235 -0.000787634 -0.00411027 -0.00575652 0.00166272 0.000629732 0.00427624 0.00216625 0.00124021 0.00214549 0.000514148 0.00207861 -0.00441252 -0.00567304 0.00396028 0.00623992 0.0031013 -0.00115214 -0.00163146 -0.000592125 -0.00217693 -0.00287676 -0.00293121 0.00339272 -0.000686876 -0.00241486 0.0032 0.000130124 -0.000558177 -0.00232933 0.000595099 0.00227748 -0.00334715 0.00285234 -0.000232106 0.00410123 0.00541282 -0.000714496 0.00847261 -0.000432319 -0.00100346 -0.00536987 0.00093718 0.00167517 0.00233537 0.00428151 -0.000662039 0.00150763 7.8336e-05 -0.00120498 -0.00149728 -0.00348999 -0.00428387 -0.00871859 0.00376348 0.0041819 0.00207319 0.00054742 -0.00195542 0.00266352 -0.00328516 0.00451879 -0.00214222 -0.000688629 -0.00163513 -0.00279612 -0.000858714 0.00164742 -0.00296869 0.00605248 -0.00262801 -0.00106633 -0.00338927 0.000958129 0.00171495 0.00509443 -0.00260098 -0.00122305 0.000813449 -0.00127848 -0.000669693 0.000707047 -0.00186203 0.00348442 0.00475739 -0.00341705
internal_weight=45620.4 24759.1 20861.3 6575.78 10845.9 6296.49 3392.31 14285.5 4123.03 13913.2 3840.18 4549.42 5465.68 1864.44 1406.44 458.003 3601.25 3004.49 1210.27 10445.3 7489.73 4202.72 3985.21 1989.7 3587.19 2955.6 1650.86 246.708 8447.5 2235.7 559.608 3879.5 3287.01 1926.69 846.773 1079.92 1794.22 599.702 3023.22 1596.88 8256.91 6362.93 594.284 450.129 1485.73 1160.18 300.737 1304.74 1096.81 1845.76 3455.5 1164.55 2902.47 1518.33 1995.51 1404.15 409.308 203.003 1646.95 1223.23 766.432 939.865 2173.46 563.969 1156.61 664.22 1674.25 3162.75 2406.26 940.89 1465.37 756.489 424.005 1194.52 348.959 845.556 684.366 859.438 217.505 5768.65 4074.67 274.143 1693.98 1472.44 1348.07 632.536 3800.53 753.578 630.394 3046.95 2936.79 1053.47 950.538 235.234 1676.1 1574.17 825.164 598.413 334.2 270.403 596.76 596.787 622.415 675.769 1426.34 980.527 557.277 492.386 1384.14 445.458 715.304 592.746 327.588 1248.97 1072.11 325.555 496.991 559.652 277.365 3183.47 2498.49 1326.74 692.64 634.101 510.938 684.981
internal_count=182769 99165 83604 26340 43473 25235 13599 57264 16521 55692 15382 18238 21874 7462 5629 1833 14412 12024 4843 41882 30032 16861 15987 7980 14368 11850 6621 989 33818 8966 2244 15545 13171 7719 3393 4326 7181 2400 12107 6396 33055 25470 2379 1802 5951 4647 1204 5229 4396 7403 13843 4661 11642 6096 8007 5632 1641 814 6596 4897 3068 3761 8714 2261 4633 2660 6717 12671 9642 3770 5872 3029 1702 4781 1397 3384 2739 3443 874 23091 16310 1098 6781 5894 5396 2532 15212 3016 2523 12196 11755 4217 3805 942 6722 6313 3309 2398 1339 1082 2388 2394 2493 2708 5711 3926 2231 1973 5546 1787 2863 2372 1311 5009 4300 1304 1989 2240 1111 12741 10000 5310 2772 2538 2045 2741
is_linear=0
shrinkage=0.02


Tree=32
num_leaves=127
num_cat=0
split_feature=11 11 231 231 231 222 183 11 152 231 3 192 71 0 212 166 178 11 33 78 3 2 62 53 65 201 176 197 52 36 176 128 226 191 187 184 171 150 150 222 97 231 231 224 231 181 30 121 112 53 3 112 174 212 28 212 226 103 152 204 231 111 123 184 220 213 110 183 90 78 157 100 150 100 146 100 224 176 97 204 2 176 189 213 62 216 150 171 65 103 192 231 85 143 219 197 106 212 78 232 152 65 65 165 213 119 171 62 174 71 213 150 112 95 62 222 121 220 64 189 174 205 197 189 22 36
split_gain=189.774 33.8508 30.1322 53.8766 69.3297 34.7258 28.1644 24.2022 21.197 20.4558 19.7204 18.7153 18.0014 17.4536 17.3778 20.3605 17.2735 16.8539 16.7824 16.5756 16.7167 16.4968 16.3375 16.2558 15.2041 14.9602 14.8619 15.2285 18.0343 14.6581 16.5021 14.2767 19.4333 14.0578 13.8634 16.7486 15.7222 20.8021 16.5108 13.8208 17.1998 18.3326 27.8663 31.3664 28.0024 14.9033 13.9939 13.7782 18.3196 13.7241 13.6929 14.541 13.604 13.5892 14.8778 13.4421 16.3622 15.1635 13.4403 13.3803 13.2107 13.0716 21.0375 31.0253 13.0482 12.8756 12.7846 22.5486 14.0427 13.7126 12.7978 12.7402 12.653 12.5918 12.5752 21.1456 12.4445 12.3485 15.8591 14.9203 16.1801 14.8966 13.3476 12.2744 16.7411 12.2677 12.1629 12.1499 12.1288 12.0756 13.5944 14.9893 13.0552 12.7394 12.2604 12.0679 12.0624 12.023 16.7395 11.7938 11.6878 11.6717 13.2125 11.5738 11.4811 11.4159 12.9187 11.3919 11.3714 11.0992 11.0443 11.0044 10.9541 10.9239 13.15 12.5477 10.8774 11.6161 10.8457 11.034 12.4681 16.4606 26.5341 13.691 12.9678 17.4901
threshold=7.8016160841798423e-05 -0.00025511464627925301 0.48289918899536138 -0.57536083459854115 -0.0065449222456663838 0.18226419389247897 0.0019129031570628288 0.00026355494628660386 -0.00030346664425451303 0.17149884253740313 0.00024409297475358474 0.004419236211106182 -0.0018068327335640786 0.00013981499068904671 0.020199950784444812 -0.0029591618804261084 0.86934632062911998 -0.00054221772006712843 -0.00038230225618463004 0.00081495006452314566 6.5993172029266147e-05 -5.9314717873348848e-05 0.00024969568767119204 -0.14593575149774549 -0.00022126259864307937 0.0056317842099815616 0.0011852580355480315 -0.0023780787596479054 4.9064419727073989e-05 -0.10835148394107817 0.001111290534026921 0.00057178220595233153 -0.11380042135715483 -0.0078443386591970903 0.00031001264869701123 0.92114824056625377 5.3610694521921694e-05 0.033019749447703368 0.066589012742042555 0.29040473699569708 -0.77367949485778797 0.26092512905597692 -0.5206359028816222 0.017030751332640651 -0.24826665222644803 0.70039901137352001 -0.00071846836362965394 -0.0026702294126152988 -0.40519021451473231 0.34256036579608923 0.00011711374827427791 -0.18597289174795148 0.011433216743171217 0.025109317153692249 0.00019266099116066473 0.017048605717718605 -0.14331323653459546 -0.00083576206816360344 0.00033817619259934878 -0.0054267798550426951 -0.86493045091629017 2.150423188140849e-05 0.0013080534990876915 0.76071918010711681 -0.014429748989641665 0.0018604045035317542 0.00091256410814821731 0.0015500931185670199 -0.0019610321614891286 1.0945829217234861e-05 -0.0012346798903308807 0.00043415838445071136 -0.12236855924129485 0.00087307670037262153 0.27574287354946142 0.000302824002574198 0.026169061660766605 0.0013785801711492243 0.97637304663658153 -0.0018062843009829519 0.00022997194901108744 0.001320294395554811 0.45000000298023229 0.0037432287354022269 0.00026573815557640051 0.08429399132728578 -0.12236855924129485 0.00092877447605133067 -1.0000000180025095e-35 -0.001185511064250022 0.00062146832351572822 0.31523424386978155 -0.0010514372843317685 0.080360263586044325 0.85709762573242199 0.0035051589366048579 -0.0026767519302666183 0.013808882329612972 -0.0013139827060513196 2.5000000000000004 -0.0030108265345916148 -0.00079963050666265179 -0.00055770546896383155 -6.3900468376232298e-05 0.0022331497166305785 0.00064987741643562924 6.6896660428028567e-05 0.00021067868510726842 0.0069041419774293908 -0.00022096546308603135 0.0033542844466865067 0.01698729116469622 -0.19751691818237302 -0.00012571325351018456 0.00055753666674718272 0.84214338660240184 -0.00090815656585618843 -0.0041185929439961902 0.35829748213291174 0.75000000000000011 0.0044015024323016414 0.079530458897352233 -0.00029382115462794895 0.55000001192092907 0.00061153233400546025 -0.15014794468879697
decision_type=2 2 2 2 2 10 10 2 10 2 2 10 8 2 8 2 10 2 2 8 2 2 10 2 2 10 8 10 2 10 10 2 8 10 10 10 2 10 10 8 10 2 2 8 2 10 2 2 8 2 2 10 10 8 2 10 10 10 10 8 2 10 2 8 8 8 10 10 2 10 2 10 10 10 8 8 8 10 10 10 2 10 10 8 8 10 8 2 2 10 10 2 2 10 10 10 10 10 10 2 10 2 2 8 10 2 2 10 10 10 10 8 10 2 10 10 2 8 2 10 10 10 10 10 2 10
left_child=1 10 3 77 5 49 8 16 23 21 13 26 -11 14 15 33 18 100 22 74 105 -6 -7 64 101 83 27 28 -4 30 -13 -29 -33 -1 36 50 37 61 -38 55 89 42 52 44 -44 -46 -45 60 -49 53 51 -36 95 54 -5 56 -17 -58 -39 -23 -16 62 63 -27 -3 99 -10 68 -68 -69 -70 -43 -73 86 85 112 108 81 79 -79 82 88 -81 -8 -85 -14 -28 -67 113 90 93 94 -93 -41 -92 -42 -74 -15 -99 -50 -12 -25 -103 -77 -20 -21 -107 -26 -61 -105 -84 -55 -76 115 118 -2 -72 -118 -115 120 121 122 -120 -123 -122 -126
right_child=2 6 11 4 9 7 25 -9 66 12 17 29 19 97 47 39 -18 -19 104 20 -22 59 -24 24 107 34 73 31 -30 -31 -32 32 -34 -35 35 -37 38 58 -40 40 41 71 43 46 45 -47 -48 48 65 -51 -52 -53 -54 111 -56 -57 57 -59 -60 76 -62 -63 -64 -65 -66 87 67 69 70 -71 116 72 96 -75 75 103 -78 78 -80 80 -82 -83 110 84 -86 -87 -88 -89 -90 -91 91 92 -94 -95 -96 -97 -98 98 -100 -101 -102 102 -104 109 -106 106 -108 -109 -110 -111 -112 -113 -114 114 -116 -117 117 -119 119 -121 124 123 -124 -125 125 -127
leaf_value=0.00065832258666480498 0.0055927652163318851 0.0026929105851174989 0.0016081454246858896 0.0012799410857933652 0.0048826792824084074 0.0055236165074350127 0.00060297542616442727 -0.0075223515726839489 0.0045041370484207857 0.0030024835099389953 -0.0036832542372514814 0.0058345893201013233 0.0011107110469484919 -0.0032098131614682075 -0.0012492053345239428 0.0028164865355510072 -0.0087448312367150189 -0.0029657165958906183 -0.0056528988552085532 -0.005644129727090723 -0.0066460981071357729 0.0035539354708995965 -0.0032800881887487475 -0.002107716178725693 -0.0068689491218171337 -0.0021738505122672397 0.0010398973045767132 0.0027720913417820432 -0.0060320501300740147 -0.0045843826459258186 -0.0028505635963417737 -0.0076006244571596819 0.0012979964384180933 0.0069414227732951641 -9.8347774177400222e-06 -0.0031019334425104084 -0.0057559508348217952 -0.0066600124763077084 0.00037766451761569927 0.0033109552892585719 0.00099187646583137373 -0.0023188490661918467 0.013217601401249281 0.0051783534388553506 0.001638709682500296 0.0090431156212542798 -0.00188094244338114 0.0066263855899182942 0.0078914014049081323 -0.0074117226726608688 -0.0017704014592693877 0.0075167750549193562 -0.0029323762547342723 0.0052330126542026213 -0.0044574646510398769 0.0065080172626257576 -0.0023509319615405829 0.0050692983545795557 0.0015021476505520774 -0.00020690330330931151 0.0061225108092893936 0.0041341767371668049 -0.0070372745908853854 0.0085206270230660536 -0.0050824156630783195 -0.00085415230803739632 -0.005482948198166456 0.00088575673295708296 0.0068286840670501248 0.0074248345796853136 -0.005525271438801326 0.0061702139832485719 -0.0053479279732816755 -0.0020251001533791099 0.0065104256163231481 0.0033410795388953934 0.0035845599666307557 -0.0007652080471607964 -0.0058339119233046435 0.0089985992359401679 -0.00066299101776166425 -0.0056300893163433998 0.0045501001146867129 -0.0086315608314907893 -8.4181940524880758e-06 -0.0060783345247803142 0.0060482541671928007 0.0055711874853229875 -0.0064000802442370705 -5.7897572395297526e-05 0.0033260066701457525 0.0046548085720231639 -0.0032831442864266233 0.0095913455479558866 0.010702958760992632 0.0055792288141791168 0.0032321234300263873 0.0045403656773492247 -0.0016897299726830865 -0.00038492347037867201 0.0030804935203393351 0.0077334029811674991 0.0016794182685581525 -0.0046722817707895723 -0.00098802046319057166 0.0053882975929834178 -0.0024241620199371766 0.0015851250433369971 -0.0052374351382742344 0.002204593731673241 -0.0016550130832719584 -0.0023782975984858882 0.00030296502026803767 -0.0049772208776566514 0.0047427290905810802 -0.0020593380573088243 0.0022318848246099354 -0.0046702894703839907 -0.0015687296917200075 -0.0050301015349250031 0.0011645605358816789 0.0038097557672985565 -0.010553355227689467 -0.0035237730936684523 0.001908660550591123 -0.002906545311654123
leaf_weight=183.08110339939594 204.90949980914593 99.883835330605507 194.41405715048313 276.81855627894402 297.07750274240971 149.33379715681076 5775.5146061182022 1619.5708028525114 1103.3842611461878 238.56393826007843 110.31114713847637 131.88751873373985 126.11009842157364 364.49940639734268 125.42201882600784 590.59688754379749 231.60626728832722 584.81992343068123 646.41561977565289 155.61006197333336 593.27187418937683 255.47783923149109 149.31500881910324 164.60217773914337 122.57458746433258 318.26718334853649 341.03488749265671 737.78355085849762 289.00660647451878 473.22467614710331 187.50394140183926 130.66214874386787 268.54840303957462 700.98263409733772 167.38785044848919 281.96365730464458 662.8691790997982 281.54438537359238 233.11711440980434 228.8393419533968 1022.0290739536285 512.75446140766144 243.69149224460125 169.91733773052692 285.00664740800858 167.98491026461124 257.39245866239071 159.94564715027809 129.40972577035427 129.48044709861279 182.8553669154644 245.35072645545006 244.5546203404665 193.45384854078293 464.23548139631748 132.40765736997128 810.86745153367519 107.91223520040512 101.43018113076687 381.07506328821182 337.1155432164669 307.33085370063782 141.4031083136797 140.38400647044182 336.33944091200829 2072.5946099460125 148.73491364717484 219.22524525225163 102.05048529803753 311.23469403386116 106.28741845488548 169.46324753761292 102.03139755129814 154.13374771177769 197.82181778550148 106.63971529901028 140.63063399493694 840.77456206083298 117.37371630966663 178.42912586033344 354.76698254048824 255.37083353102207 355.07777151465416 118.93425285816193 256.09122921526432 306.68073539435863 461.89010111987591 104.86704260110855 132.8763555586338 188.62683632969856 348.07464553415775 119.05024243891239 185.15646439790726 403.93020275235176 119.33904778957367 280.63494196534157 122.31440497934818 301.67799672484398 355.49502319097519 124.47211840748787 482.53946062922478 197.25839772820473 476.85170395672321 467.60785411298275 323.22912660241127 119.61958725750446 196.03010834753513 104.14234009385109 323.13451018929482 103.57296775281429 152.9263172596693 103.35381580889225 242.21929341554642 254.85942035913467 138.91441625356674 124.95513066649437 486.02794519066811 101.35460647940636 401.51133608818054 220.78150860965252 1710.1448763310909 215.90495049953461 182.13825283944607 159.66001988947392 420.73178996145725 954.35661239922047
leaf_count=735 820 400 778 1109 1189 598 23119 6517 4424 955 442 528 505 1461 503 2369 930 2341 2594 623 2381 1023 598 659 491 1274 1365 2953 1157 1895 751 523 1075 2813 670 1129 2653 1127 933 919 4098 2054 979 682 1144 674 1032 641 519 521 732 982 980 775 1863 531 3252 433 406 1526 1354 1230 566 562 1347 8306 596 878 409 1247 426 679 409 617 792 427 563 3365 470 714 1420 1022 1421 476 1025 1228 1849 420 532 757 1397 478 742 1622 479 1125 490 1210 1424 499 1934 790 1910 1872 1296 479 785 417 1294 415 612 414 970 1020 556 500 1948 406 1607 884 6844 864 729 639 1684 3820
internal_value=1.92338e-05 0.00112575 -0.00148623 -0.00184963 -0.0029295 -0.00471877 0.000415843 -0.00581627 0.00179489 -0.00111158 0.00185279 0.000230637 -0.00207764 0.00209936 0.00233639 0.00284258 -0.00389933 -0.000605863 -0.00289245 -0.00256033 -0.00446129 0.000862765 0.00119243 -9.5492e-05 0.00123723 -0.000197334 0.00105807 -0.000115264 -0.00301762 -0.00241988 0.000868313 0.00114958 -0.0018382 0.0056836 -0.00133444 0.000776476 -0.00218108 -0.000745786 -0.00418671 0.00245834 0.00296489 0.00217439 0.00300309 0.00537316 0.00793259 0.00465079 0.00103217 0.00105044 0.00046877 -0.00173735 0.0026537 0.00460495 0.00123474 -0.000902687 -0.00233696 0.000846513 0.000271255 -0.00138998 -0.00453101 -0.000290371 0.00415466 0.000915084 -0.000813813 0.00131877 -0.00326206 1.29336e-05 0.00288815 0.00163514 -0.000235219 0.00485277 0.000856062 -0.000279512 0.00235952 0.00300636 -0.00121512 -7.48278e-05 -0.00150818 -0.00059518 0.000741559 0.00120869 0.002787 -0.00109312 0.00453833 0.000371606 -0.00304169 -0.004027 0.00399797 -0.000496817 -0.000845886 0.00469129 0.00532102 0.00339715 -8.11396e-05 0.00749109 0.00557136 0.00204956 -0.00078838 -0.000391794 0.00121985 0.00410192 0.00174284 0.00247519 0.00362272 -0.00226806 -0.00414926 -0.00155223 0.000681126 -0.00317188 -0.00259611 -0.00339289 0.00269022 0.00259979 0.00325527 -0.000672988 -0.000925467 0.00274207 -0.000189355 0.000926327 -0.00111979 -0.000867145 -0.000616261 -0.00258249 -0.0046293 0.000671594 7.74634e-06 -0.00142701
internal_weight=45528.7 26244.2 19284.5 15914.4 8537.96 4286.81 13294.4 3119.47 4079.95 4251.14 12949.8 3370.09 2853.75 11772.1 10750.5 7696.64 1499.9 1177.67 1268.29 2615.18 1064.53 1397.4 298.649 1501.65 1065.43 9214.44 2577.47 1620.41 483.421 792.616 319.391 1136.99 399.211 884.064 3063.9 877.558 2186.35 1290.36 895.986 6812.58 5170.79 3577.77 2671.21 1123.99 696.683 452.992 427.31 3053.83 2591.29 1167.34 595.594 412.739 1547.22 1037.86 741.054 1641.78 1509.38 918.78 382.975 1100.32 462.538 907.385 600.054 458.651 436.223 2431.34 2578.3 1474.92 944.455 530.46 795.72 906.564 393.809 957.059 1550.65 1117.86 844.84 7376.46 1999.35 1881.97 1041.2 5377.12 686.433 6150.54 375.025 432.791 802.925 2177.46 5121.74 1593.02 1404.39 771.62 304.207 632.77 467.414 1302.66 224.346 1021.67 657.173 253.882 592.851 838.712 674.11 677.821 969.645 471.26 315.65 226.717 704.21 571.181 508.004 296.808 440.041 4988.87 4659 329.865 693.67 587.383 4520.09 4265.23 4044.45 959.215 583.65 375.565 3085.23 1375.09
internal_count=182415 105159 77256 63765 34242 17215 53232 12533 16348 17027 51927 13491 11432 47210 43115 30873 6016 4717 5086 10477 4268 5595 1196 6014 4267 36884 10317 6486 1935 3174 1279 4551 1598 3548 12264 3513 8751 5165 3586 27325 20740 14346 10714 4511 2797 1818 1714 12242 10385 4682 2384 1652 6203 4161 2972 6585 6054 3685 1533 4406 1857 3632 2402 1836 1747 9744 10334 5910 3785 2125 3189 3632 1578 3831 6209 4476 3383 29523 8002 7532 4167 21521 2747 24620 1501 1733 3214 8726 20499 6394 5637 3096 1220 2541 1876 5223 899 4095 2634 1018 2376 3359 2700 2714 3890 1887 1264 908 2820 2287 2033 1189 1762 19967 18647 1320 2780 2354 18091 17071 16187 3839 2336 1503 12348 5504
is_linear=0
shrinkage=0.02


Tree=33
num_leaves=127
num_cat=0
split_feature=9 229 230 2 53 29 174 182 194 177 63 230 95 236 132 194 191 9 230 61 213 128 230 186 2 230 214 181 182 219 181 173 141 230 183 24 150 225 219 183 95 222 77 148 144 194 222 53 64 72 225 232 61 72 209 205 152 213 73 230 222 127 74 2 128 181 74 194 173 225 71 173 72 148 181 91 194 187 230 187 174 123 7 230 222 61 136 0 67 67 209 218 149 229 91 26 214 213 63 29 117 152 7 236 68 144 63 152 216 7 83 209 123 2 67 4 186 225 183 194 129 127 205 90 222 176
split_gain=177.362 51.4416 42.5278 27.3963 38.2265 24.5716 26.2777 21.4791 18.9211 19.4981 17.9168 17.2761 16.9632 16.203 15.1108 14.8624 19.3869 17.7501 14.8623 18.8068 17.7454 20.1384 17.7511 15.148 14.8371 13.9028 15.9901 13.2799 14.4177 13.7343 13.5892 15.6119 13.3416 13.2457 16.0172 12.4743 12.4337 12.3866 17.1941 12.2778 14.9519 13.2859 12.4944 14.9791 12.9246 17.5062 12.4239 12.2832 12.1622 11.8376 11.8298 11.8103 11.7216 22.1715 15.511 11.6257 11.5939 14.1718 14.4422 14.3182 12.1977 12.0276 11.9406 11.5826 11.5768 23.224 14.1103 13.4688 12.6109 11.5279 11.5043 11.4273 11.415 13.1656 11.1608 24.0193 14.8713 11.1746 14.6597 11.1503 11.0495 11.2467 11.0809 14.394 10.9285 10.8968 12.5451 10.8321 12.4358 10.7782 10.7812 10.7186 10.7158 15.6398 12.7558 10.6938 12.8947 10.6516 10.6367 10.4545 12.3316 10.9724 10.4227 13.7254 12.9951 11.765 14.0546 11.8442 10.4135 10.3893 10.808 10.2905 10.2583 10.2295 12.45 11.9877 10.2032 11.9998 10.0985 10.0574 9.99249 11.1988 10.1214 9.99028 13.1433 12.8796
threshold=7.7242639235919355e-05 -0.11486168578267096 -0.82535797357559193 -7.0784433773951591e-05 0.32102796435356146 0.17886871099472049 0.011075885035097601 -0.0022098439512774344 -0.0057234540581703177 0.0016606348799541595 0.00015399895346490669 -0.11103504523634909 -0.00011878901204909197 0.45597428083419805 1.0000000180025095e-35 0.0064974573906511077 -0.0010499266791157422 0.00094427898875437688 -0.97185599803924549 0.00016363090253435078 0.0019434606074355545 0.0018305568373762073 -0.98364779353141774 0.0049514598213136205 0.00033461724524386233 -0.70556074380874623 0.0034896433353424077 0.208226352930069 -0.0047089767176657906 0.21368580311536792 0.71926489472389232 0.40139439702034002 -0.0015005950699560342 -0.98120620846748341 0.0051736764144152412 5.8662802985054448e-05 1.0000000180025095e-35 7.3005139711312963e-05 0.78411361575126659 0.0044007347896695146 -9.5956256700446816e-05 0.92575818300247203 -0.00015602969506289807 0.0030336267082020645 -0.0030357928480952974 -0.011137297376990317 0.33027967810630804 -0.21046739071607587 0.74863880872726452 0.00028253813798073685 0.00032363900390919303 2.5000000000000004 0.00030571455135941511 0.0015502375899814071 0.00017169644706882539 0.38364937901496893 0.00063878466608002793 0.0020346136298030619 -4.7983152740016511e-07 -0.83267772197723378 0.85474950075149547 3.8948141082073569e-05 -0.29450067877769465 -0.00019500195048749444 -0.0017671367386355994 0.2360404431819916 -0.21413110196590421 -0.024410902522504326 -0.097565714269876466 0.00022683123097522187 -0.00033625093055889005 -0.64545258879661549 0.0032748047960922126 0.0071478472091257581 0.90966498851776134 0.33572842180728918 0.0047210545744746932 0.00012558790331240746 -0.38872104883193964 4.7142515541054315e-05 0.0047676872927695521 0.00047809448733460164 -7.6499174610944451e-05 -0.98518189787864674 0.17272841930389407 0.00023715519637335095 0.0029511670581996445 0.00011875551354023629 0.94953402876853954 0.79648423194885265 0.00019661969417938965 0.0046648511197417983 -7.2713592089712606e-05 0.001724564819596708 -0.10202414914965628 0.48983038961887365 0.0016723219887353482 0.0013072598958387973 0.0002372547460254282 0.377404734492302 -0.00078083007247187186 -0.00013115347246639428 -0.00027177252923138434 1.3738735318183901 -0.00093663041479885567 -0.001814714109059423 0.00041331173270009463 -7.1480033511761562e-05 0.34954403340816503 0.00028335531533230102 1.4489120076177643e-05 0.00071779574500396859 0.0036253064172342424 0.00028033705893903976 0.41230417788028723 -5.7972134527517476e-05 0.0066642232704907664 4.3876110794371932e-05 0.00038387809763662522 0.011451489292085172 0.023206808604300026 -7.1924390795174973e-05 -0.086151935160160051 -0.0012869283673353491 0.46197488903999334 0.00088273710571229469
decision_type=2 2 2 2 2 2 10 10 10 2 2 2 2 10 2 8 8 2 2 10 10 2 2 8 2 2 10 10 10 10 10 10 10 2 10 2 10 10 10 10 2 8 2 10 10 10 10 2 2 10 10 2 10 10 10 10 10 10 10 2 8 2 10 2 2 10 10 10 10 8 10 10 10 10 10 2 8 10 2 10 8 2 2 2 10 10 10 2 10 10 10 8 10 2 2 2 10 10 2 2 10 10 2 10 10 10 2 10 10 2 2 10 2 2 10 2 10 8 10 8 2 2 10 2 10 10
left_child=1 10 3 -2 8 12 18 15 9 51 -1 14 112 113 24 17 89 25 19 -7 22 36 23 -21 39 26 87 28 -20 35 55 111 -33 -11 84 -29 69 72 -39 41 -41 42 43 46 45 -44 64 118 70 -8 -49 -5 53 119 -54 56 57 58 61 -59 -61 120 -60 -46 67 66 -66 -12 -67 -22 109 -26 73 -34 77 -76 -77 79 -79 -50 81 -14 83 -82 -35 86 -15 88 92 90 -17 -6 94 -94 -4 96 -40 -37 -85 100 -51 -101 103 104 -100 107 -107 -104 -91 110 -9 -32 -3 114 -10 -116 117 -83 -48 -18 121 -31 -123 -47 125 -125
right_child=2 5 7 4 91 6 49 48 13 33 11 -13 80 85 -16 16 52 -19 27 20 21 -23 -24 -25 71 -27 -28 29 -30 30 31 32 37 34 -36 97 -38 38 95 40 -42 -43 44 -45 63 123 47 50 74 99 -52 -53 54 -55 -56 -57 -58 59 62 60 -62 -63 -64 -65 65 68 -68 -69 -70 -71 -72 -73 -74 -75 75 76 -78 78 -80 -81 82 116 -84 98 -86 -87 -88 -89 -90 108 -92 -93 93 -95 -96 -97 -98 -99 102 101 -102 -103 105 -105 -106 106 -108 -109 -110 -111 -112 -113 -114 -115 115 -117 -118 -119 -120 -121 -122 122 -124 124 -126 -127
leaf_value=0.0085528398807259987 9.3690365726930924e-05 0.0049885150642801253 0.0077399205231471783 -0.0012691051262214079 -0.0092427389558775823 -0.0030580512285580119 0.0023366582501950792 0.003821080527800383 0.00096672403643852209 0.0035783313849264615 -0.0040879128105251955 -0.0023008755558998973 0.0045955681674610897 0.0003755644117414666 0.0042378803381549661 0.0098125637855279325 0.0059520370258935333 -0.004595420718559816 0.0063841130578562479 0.0088478822119156687 -0.0019119365734545785 0.0052350915727467588 -0.0027712843734202068 0.0015241266770388701 -0.005672823820260465 -0.00083398205626768879 0.0073208238925467082 0.0034046182251073875 -0.0015302384949563766 -0.00089541959249037019 -0.00091644663819279539 0.0031993995729123772 -0.0012434620890788681 -0.0006439514702566107 -0.0047707876314804958 0.0021747819248714552 0.0009115469037363625 0.0073013560836255155 0.0063621887105092421 0.006392529696727412 0.00072589547293602124 -0.0032699472385128189 0.0050136429080355994 -0.0020387501592286357 0.0017042116044205158 0.0024854786176768903 -0.00052102247961193003 0.0023487554983641083 -0.0024350083644828426 0.0039112456351458229 -0.0039179922374138441 -0.0060587991786218024 0.0073607325096559026 -0.0067624960406882876 -0.00073027280648259882 0.0069410255702274937 0.0044797920897060289 0.0020651854893466064 -0.0047601713697137046 -0.0031895085632642033 0.0036361295131630677 0.00826306225255421 0.0012368687459929754 0.0083814792671079354 0.001274180849003265 0.0039862627708666535 -0.005638107873743776 0.0028724756059891237 -0.0028497788438870283 -0.0086192989456964526 -0.0089250882900878698 0.0010172958469742196 0.0037369201437120448 -0.0071880670682564693 0.0056255869867340583 -0.0053686663990758967 0.0018047589131233667 -0.0060207078420911175 0.00070586845246463641 0.0028303827332186171 0.0041467351341465102 0.0018195061410529987 -0.0044033783377135311 0.0040043403447233752 0.005312621951937011 0.00073723648468256595 -0.0048486168933507406 -0.0027091958696023213 -0.0038976020410701048 -0.0029017054474391579 0.0015860453651251097 -0.0047346652005077969 -0.0038879965849519149 0.0030217455678014015 0.0010972090582692551 -0.0025606136630280064 -0.00049822897857764771 -0.0040583377713228515 0.00034531183850873678 -0.0056567072798330998 -0.0020174698400980779 -0.0016259703989381276 -0.0038290316855127929 -0.003766659305653276 0.0053532268192655911 -0.0052865922552208832 0.001246382552888654 0.002660732060572588 0.0047728909999471261 -0.0065748104666736272 -0.002496211902810339 -0.0066047491651209248 0.00063911600034987531 -0.0061088972172211233 0.001674656879579822 -0.0042622956231800355 0.0032937679965355671 -0.0054543625445379589 0.004937558944365825 -0.0016337530665781631 -0.0014415019583132863 -0.00080175106374113896 0.0057708455376108336 0.00091330216034629034 0.002946308971606595 -0.006469577331828567
leaf_weight=157.33657371997833 1369.4819721579552 764.9866990596056 227.63294140994549 579.68140515685081 376.58819608390331 1019.1238039731979 203.81971994042397 105.96513171494007 238.8644415140152 425.2089618742466 107.25329920649529 329.92325696349144 559.02186140418053 292.28922253847122 1313.215814486146 194.88722807168961 106.71587903797626 352.06561495363712 298.99167656898499 196.3196464329958 255.35373944044113 127.86986239254475 145.63788841664791 258.00490613281727 156.22742931544781 3021.7158417850733 148.42926725745201 133.41188241541386 120.06895585358143 177.2762862443924 326.54605926573277 551.62965123355389 560.75005528330803 391.54333394765854 244.46999835968018 121.43465623259544 215.87312714755535 138.17484827339649 154.15702654421329 521.10104811191559 292.61971689760685 181.43884405493736 639.62207880616188 457.49656155705452 173.80382496118546 733.89554023742676 152.96991343796253 387.24207919836044 345.67483603954315 156.60590234398842 151.37715421617031 312.30332876741886 138.67776629328728 201.64089748263359 227.40822993218899 141.36600993573666 416.99801243841648 478.67401310801506 154.36583815515041 700.10651810467243 105.41077971458435 159.64788338541985 537.53715497255325 293.6902030557394 158.80599376559258 385.28014424443245 378.57243706285954 992.80076411366463 130.9043150395155 170.37390507757664 118.88992874324322 231.07677902281284 102.68858195841312 188.88558602333069 266.53857514262199 209.87289248406887 217.47356529533863 399.66503173112869 181.89794780313969 267.27708555757999 378.60764507949352 175.54712061583996 167.11879178881645 225.08046358823776 157.42623680830002 577.17974610626698 463.5879413485527 267.09102259576321 124.12990917265415 106.43546657264233 103.21100386977196 669.59901186823845 191.68206880986691 324.35844004154205 231.38051670789719 332.7159316688776 288.54808333516121 566.53253400325775 649.56050592660904 586.88368317484856 672.44438169896603 527.09400050342083 145.55472250282764 183.94188882410526 286.51188389956951 454.91129812598228 173.13450320065022 332.60331155359745 144.41850180923939 205.02950224280357 834.42308162152767 196.87836588919163 308.70039744675159 712.97740299999714 137.22927929461002 1718.8789758235216 293.76953926682472 152.79498414695263 967.23947352170944 141.43844994902611 194.0856602191925 107.42794045805931 532.52574034035206 160.97870679199696 195.88850313425064 194.76706503331661
leaf_count=632 5487 3070 911 2324 1516 4080 816 424 957 1703 430 1323 2241 1172 5273 780 427 1410 1197 786 1022 512 583 1033 626 12093 594 534 481 710 1307 2208 2244 1568 980 486 864 553 617 2092 1173 727 2565 1835 698 2943 614 1553 1384 627 607 1252 555 807 910 566 1669 1916 618 2802 422 639 2152 1179 637 1545 1518 3982 525 682 476 926 411 756 1067 841 871 1600 728 1070 1518 703 669 902 631 2313 1860 1069 497 426 413 2693 767 1298 926 1332 1155 2267 2602 2349 2692 2110 583 737 1148 1821 693 1332 578 821 3340 788 1237 2861 550 6898 1177 612 3884 566 777 430 2133 646 786 781
internal_value=4.51283e-05 0.00105871 -0.00149208 -0.00250121 -0.00298708 0.000409375 -7.93763e-05 -0.000558867 -0.0023803 -0.000828607 0.00221458 0.00209424 0.00155207 -0.0031634 0.00225377 0.000120797 0.00195028 -0.000395849 0.000345851 -0.00102853 0.000504111 -0.00149243 0.00303027 0.00492845 0.00192019 -5.11853e-05 0.00150095 0.000768987 0.00415009 0.000565964 0.000872878 -0.000167873 0.000543192 0.000814565 -0.000718118 -0.00184275 -0.00295093 -0.000313078 0.00129179 0.00211399 0.00442107 0.00182761 0.0019758 0.00131731 0.00313029 0.00236116 0.00172858 0.00301966 -0.00189923 -0.00207941 0.00051029 -0.00304218 -2.52064e-05 -0.00214642 0.00255723 0.00166745 0.00142071 0.000989636 0.00209529 -0.000621781 -0.00222985 0.00343047 -0.000197233 0.00607078 0.000715485 -0.000776716 -0.00362297 0.00213297 0.00221101 -0.0048625 -0.0034031 -0.00182735 -0.0020235 -0.00288919 -0.000867253 0.00112962 -0.00180068 -0.00202672 -0.00396329 -0.000122153 0.000966201 0.00258733 0.000314393 0.000621946 0.0011909 -0.00132085 -0.00287088 0.000772195 0.00165144 0.00478403 0.00724309 -0.00650034 0.002422 0.000405836 0.00457707 6.42717e-05 0.00206242 -0.00292776 4.83821e-05 -0.00256174 -0.000831796 -0.00381182 -0.000383676 0.000968282 0.00195805 -0.0017454 -0.00350275 0.000610787 0.0015428 -0.00268661 -0.00171962 -0.00322035 0.00377256 -0.00402261 -0.00326154 -0.00381018 0.000695824 -0.00168423 0.0041961 0.00182905 0.00252214 0.00347543 0.00467665 0.000984812 -0.00102879 -0.00325796
internal_weight=45492.9 27419.6 18073.3 8667.31 7297.83 17574.1 12322.2 9406.03 6251.64 2110.63 9845.53 9688.19 5251.85 4141.01 9358.27 6253.32 1364.83 4888.49 10175.4 2388.56 1369.43 769.471 599.962 454.325 8045.05 4536.42 1514.7 7786.84 419.061 7367.78 6546.4 2840.97 2317.55 1218.65 793.44 821.379 641.601 1765.92 913.596 7657.75 813.721 6844.03 6662.59 4269.94 2392.65 1925.15 3812.45 1658.83 3152.71 2146.85 538.619 891.985 815.881 449.795 366.086 3705.42 3564.06 3147.06 1862.87 1284.19 805.517 1170.96 691.903 467.494 2153.62 1053.56 537.378 1100.05 516.184 425.728 1264.31 387.304 852.324 749.636 1888.4 693.885 427.346 1194.51 581.563 612.952 4178.16 1181.13 2997.03 2829.91 548.97 1333.06 755.877 1366.27 1099.18 548.952 298.098 1046.19 975.054 516.041 459.013 775.421 442.705 687.967 2451.3 1943.03 829.05 1113.98 2226.22 1120.01 936.072 1106.2 628.046 478.158 250.854 1145.42 940.388 523.424 1073.69 2807.95 2094.97 1856.11 622.112 328.342 1120.21 248.154 1011.32 817.23 639.954 1285.53 551.634 355.746
internal_count=182285 109871 72414 34765 29278 70371 49326 37649 25069 8458 39500 38868 21045 16611 37545 25027 5462 19565 40732 9562 5482 3080 2402 1819 32272 18155 6062 31170 1678 29492 26205 11371 9276 4882 3179 3287 2568 7068 3657 30720 3265 27455 26728 17130 9598 7721 15295 6658 12622 8594 2160 3576 3265 1800 1465 14834 14268 12599 7459 5140 3224 4689 2770 1877 8637 4225 2155 4412 2070 1704 5061 1552 3411 3000 7561 2779 1712 4782 2328 2454 16738 4733 12005 11336 2199 5345 3032 5468 4399 2197 1193 4209 3902 2065 1837 3104 1772 2753 9818 7778 3319 4459 8916 4487 3750 4429 2514 1915 1004 4585 3764 2095 4307 11266 8405 7448 2492 1315 4498 993 4050 3273 2563 5156 2213 1427
is_linear=0
shrinkage=0.02


Tree=34
num_leaves=127
num_cat=0
split_feature=9 148 9 121 186 231 231 224 140 97 139 5 231 231 70 104 5 79 117 9 231 231 60 63 139 144 231 231 217 79 148 5 199 111 221 33 184 181 136 4 133 15 34 149 225 199 97 148 24 231 70 103 188 217 215 81 193 139 141 137 143 187 75 136 212 114 114 31 173 135 187 188 214 74 209 236 35 236 74 114 74 204 73 114 149 51 24 104 97 224 232 194 178 212 225 231 188 28 34 143 114 193 22 224 61 63 231 212 63 34 218 149 214 4 193 185 231 149 186 80 159 15 133 184 185 179
split_gain=168.718 37.5364 29.2229 24.2567 22.4321 20.344 55.6191 28.7387 18.3478 18.1665 17.9822 17.7366 21.84 22.8567 17.6705 17.6366 16.7561 16.1562 16.0916 15.6874 22.5454 38.561 17.665 25.245 15.4582 14.961 14.9253 51.2589 16.0401 14.4462 19.2267 15.8174 17.7968 15.0881 19.5429 13.9379 13.8469 15.6224 22.478 13.844 13.5548 13.2233 13.0635 12.6406 12.5031 12.4468 13.5368 12.3007 14.9173 14.3708 13.6954 12.2055 12.1119 13.4936 12.0302 11.9434 11.8386 14.763 12.937 11.7121 13.0868 11.6905 15.8358 11.6173 12.6829 11.8434 14.1518 11.5581 11.53 17.2622 15.4093 11.5261 11.5014 25.527 12.9078 11.4275 14.1873 12.3492 13.0113 11.4263 21.4037 12.3378 11.8597 11.4233 11.3863 13.5252 11.3652 11.3903 16.3507 11.2729 11.5628 11.2151 11.1682 11.001 10.9845 20.1436 12.3659 14.1608 12.6036 11.9641 10.9652 10.9019 19.9269 10.8782 12.2876 15.6526 20.9093 12.5408 17.7642 16.7574 15.4529 14.8312 13.4749 11.6417 10.7986 13.283 10.6513 12.2962 19.9581 10.5181 14.9619 10.5131 11.4609 10.4605 11.2079 15.1463
threshold=-1.7561743334226773e-05 0.0030336267082020645 0.00026584597071632748 5.7467130318400457e-05 0.023097910918295387 -0.01963364519178867 -0.55375361442565907 0.016397484578192238 0.72694382071495067 0.8211859166622163 0.0014773081638850274 -0.00013998411304783073 0.1326885595917702 -0.50941574573516835 0.73481547832489025 0.00059986213454976689 4.2703632061602556e-06 0.00044403904757928109 -0.0048140191938728085 -0.00073736780905164767 -0.22282424569129941 -0.54280677437782276 0.0011053818743675949 0.00025865266798064118 0.00073853239882737409 -0.0045098820701241485 -0.0065449222456663838 -0.56820151209831227 -0.017797890119254586 0.00066463128314353536 0.0035569763276726012 1.896597223094432e-05 -0.010761667508631943 -6.396702519850804e-05 0.013991318643093111 -0.00060382610536180426 0.35044227540493017 0.21756240725517276 0.0029971254989504818 0.00070006234454922389 -0.00026626120961736882 -0.15718796849250791 0.00017877791833598169 0.00035087067226413643 0.00026417148183099931 0.0037967419484630231 -0.26168556511402125 0.0088943974114954489 5.5539752793265513e-05 -0.94190874695777882 0.0849185846745968 -0.00050751716480590392 0.1046116277575493 -0.0017046465072780845 0.0059053588192909965 -0.00098984391661360838 0.010902006644755604 0.00082937406841665517 -0.0014720901381224392 0.00050417205784469854 0.64083424210548412 -0.00013162873801775274 0.45000000298023229 0.0024947202764451508 0.019849191419780258 0.00028082358767278498 -0.00028970532002858812 0.00023629158386029306 0.44249263405799871 0.3200605064630509 -2.5248161364288532e-05 -0.056260755285620682 0.0013617815566249194 -0.10654924064874648 -0.0007906842220108955 1.0390822887420657 -2.8298968572926239e-05 0.56244620680809032 -0.13157385587692258 0.00039900037518236792 0.0048893417697399863 -0.0018671037396416066 -7.4252786816941799e-06 -0.00022334107779897747 0.00015092189278220761 2.4759992811596024e-05 0.00022551283473148945 0.0015503729810006919 0.54286950826644909 0.0023491759784519677 2.5000000000000004 0.0026064695557579402 0.94938179850578319 0.017646103166043762 -0.00021529442165046928 -0.64445582032203663 0.056898528710007674 0.00042660909821279352 0.0015831879572942855 0.86367768049240123 -6.7517160005081669e-06 -0.00011021515092579647 0.00058812880888581287 0.03378258831799031 0.00050611345795914542 0.0003308544983156026 0.15858851373195651 0.011802128981798889 0.00046221738739404833 0.00031261538970284169 0.01124508446082473 0.00014770919369766491 0.0020908366423100237 -0.00034486391814425582 -0.0020444371039047833 -0.0070486622862517825 -0.93743178248405445 0.00028230412863194948 0.0060489329043775806 -0.0013784737093374131 -0.0024712533922865982 -0.26404559612274164 0.00014755681331735107 0.89224794507026683 -0.0034924045903608199 -0.0039896289817988864
decision_type=2 8 2 2 10 2 2 10 8 8 2 2 2 2 10 10 2 8 10 2 2 2 10 2 2 8 2 2 10 10 8 2 10 10 10 2 10 10 10 2 2 2 2 10 8 10 10 8 2 2 10 10 10 8 10 2 10 2 10 10 10 10 2 10 10 2 2 2 8 10 10 8 8 10 10 10 2 10 10 2 10 10 10 2 10 2 2 10 10 10 2 10 10 10 8 2 10 2 2 10 2 10 2 10 10 2 2 8 2 2 8 10 10 2 8 10 2 10 10 10 2 2 2 8 10 10
left_child=1 16 3 29 11 6 61 10 -7 26 14 12 13 15 68 -3 19 -15 -13 -1 21 24 23 -22 -21 -11 27 54 -29 31 100 33 71 35 -35 -2 40 -38 -39 -28 -24 -42 -23 86 83 -34 93 48 51 -49 -51 52 53 -20 79 -14 57 -27 -59 -52 -61 -5 -63 -57 65 66 -65 -6 70 -70 -8 -33 73 -50 -74 76 -26 78 -78 82 91 -82 -4 -25 -10 -86 87 -17 -89 119 -91 -81 -62 -47 95 -60 97 -96 -98 -97 -31 -92 -103 104 105 106 121 111 109 113 -110 -107 -113 -109 115 -16 117 118 -64 120 -18 -76 -123 124 125 -84
right_child=2 4 9 5 67 8 7 -9 84 25 -12 18 55 17 114 43 89 -19 47 20 22 42 36 44 75 56 39 28 -30 30 -32 32 45 34 -36 -37 37 38 -40 -41 41 -43 -44 -45 -46 46 -48 49 72 50 59 -53 -54 -55 -56 63 -58 58 94 60 92 62 116 64 -66 -67 -68 -69 69 -71 -72 -73 74 -75 103 -77 77 -79 -80 80 81 -83 123 -85 85 -87 -88 88 -90 90 101 -93 -94 -95 96 99 98 -99 -100 -101 -102 102 -104 -105 -106 107 -108 108 110 -111 -112 112 -114 -115 -116 -117 -118 -119 -120 -121 -122 122 -124 -125 -126 -127
leaf_value=0.0049650321666048023 0.0053393547731389315 0.0055792386728070386 0.00043624980165294432 0.003127882575718719 -0.00018909794988654309 -0.0017143493183222008 0.0017595796489325022 -0.0086537291466915554 0.0028947552961404066 -0.0080959942111102478 0.003529679173423261 0.0065546803600756518 0.0049302115652318677 0.0078576944875510795 -0.0066330174318359062 -0.0025960721677853018 0.003792015580983295 0.0021224949949058894 0.0010172029007757283 0.0063864464008036529 0.0015096343174829357 0.0090726486016206084 -0.0035902853325952251 0.0025082103785774653 0.0044289427657910321 -0.0059088429088580783 0.00097155267260602338 0.0012748475568986417 -0.0063494595262893775 -0.00027336110840545265 0.0039344346703022535 0.00057225408824890798 -0.0012465895085320255 0.0041181103570973529 -0.0038697707409459776 -0.00094193426338938892 0.0098506095865091431 0.0069871419879472107 -0.0024513034158273389 -0.0017657064419953816 0.00018917773898711446 0.0046808603630515873 0.0039913839188087299 0.0055261319192804002 -0.0094069857749572647 0.0023906615361858757 0.0053813266194335154 0.0041470063848784416 0.0033379500950515245 0.003208679957051801 -0.0071848969067599289 -0.0058799656048177055 0.0046962795635839914 -0.0058005673147817748 0.0036129237551257294 -0.0041871516823945923 -0.0072119570893417742 0.0030738232683206047 0.0015830010192785773 0.0024750538854951547 -0.0040761646777903631 -0.0035131837191360715 -0.0014784441484163109 0.0035273595788021103 -0.0024030182475589367 0.0052144599446843666 -0.0032094629596299234 -0.0073339082819843865 0.006066297006175018 -0.0026790282439837841 -0.0075432071674921839 0.0067025494131883199 -0.0020443806075420702 -0.0084773964055583489 0.0072484825683500308 0.0050372236661394686 0.0027729393510032875 -0.004562013825648044 -0.00098789076049941166 -0.0037623405368509078 -0.00072828435142153038 0.0059023663285595745 -0.0056261981694703499 -0.0045289865936232595 0.0036497967768494913 -0.0049171642619062475 -0.0058591929098653784 0.0051795228050044821 -0.0024415465854396531 -0.0013281023410881341 0.0041335012593143395 0.0014758503111222067 0.0026092752845673162 -0.0029264353994767778 0.00083220218656821594 -0.003150655091675821 -0.0017836471720481181 -0.0048812235754243372 0.0059021541027600814 -0.010147091485569333 -0.0052298466788706591 0.0044765723570616856 -0.0052557471103813758 -0.0037763614923940481 0.0063264843851141674 0.0043938456887715176 -0.0014097289491706397 -0.0027146367635547198 -0.00013022532969519013 -0.0048066366964875642 0.0071086079836226281 -0.0060645711709470529 0.0031219466109204015 0.0028794000800561226 -0.0084041651412847494 0.0025371112830158971 -0.00085540398111236509 -0.0034753602928442322 0.006851059401706364 0.006768024015957671 -0.0045014946013045651 0.0018492035940909474 0.0064411269988661072 0.0012303153230088938 -0.0080471384496528346 0.00059680517328443503
leaf_weight=1048.629069596529 148.60016661882401 294.8780293315649 440.27475942671299 317.89073419570923 160.29063266515732 1054.9998117685318 100.83052964508533 532.73043252527714 937.79916198551655 230.93578252196312 130.25019262731075 135.31879407167435 157.76339657604694 512.293472006917 117.44135737419128 311.14981743693352 236.77364206314087 342.18025554716587 251.61571364104748 283.13609746098518 763.44015730917454 500.81517986953259 186.16446153819561 124.70248779654503 362.98523359000683 369.21894818544388 1537.4389540702105 115.78126104176044 1094.2733678519726 286.72245946526527 158.37110754847527 272.31954422593117 2818.0655542165041 1182.9177420288324 120.66830711066723 852.96431943774223 160.24765747785568 187.62809006869793 181.35629160702229 1387.5883252173662 647.94274277985096 422.37070806324482 419.62518954277039 129.83552187681198 117.77609959244728 307.29579989612103 234.24747405946255 138.42514193058014 120.35384806990623 146.02804605662823 199.5947001427412 220.1043112128973 120.07718254625797 188.04285813868046 217.90612208843231 263.91425101459026 211.2476851195097 195.01194687187672 161.00813472270966 194.12627382576466 667.48359410464764 637.64845016598701 175.68398922681808 216.09734284877777 409.00727438926697 254.42449882626534 244.41426837444305 191.49469815194607 136.40278190374374 195.11707246303558 179.34512314200401 209.60053080320358 474.85219475626945 138.60164375603199 252.41577762365341 303.94817319512367 671.45104140043259 176.57807466387749 770.4102428406477 427.39642921090126 166.62946325540543 300.3216373026371 319.76509687304497 248.94149085879326 102.69456124305725 169.0793546885252 125.85099019110203 270.12813895940781 168.6296079903841 1075.7317404448986 379.02220126986504 243.86434385180473 102.88809691369534 276.8366127461195 303.7765439003706 240.04141540825367 147.03299131989479 369.58167850971222 162.10965369641781 184.00316172838211 463.47852155566216 135.06775775551796 164.72562098503113 140.8793226480484 186.02477586269379 456.53112670779228 408.4322979003191 271.09460057318211 372.70784090459347 513.70439049601555 152.10818529129028 113.89531932771206 104.65565130114555 284.49617053568363 362.54346069693565 101.80658473074436 1416.4363914430141 101.19528491795063 283.15400403738022 189.44201716780663 112.27057129144669 1091.3217407464981 261.87073494493961 150.34158046543598 222.77246528863907 283.49526570737362
leaf_count=4217 595 1184 1762 1272 642 4222 404 2140 3753 927 522 542 634 2059 471 1247 950 1372 1008 1137 3062 2014 747 500 1456 1483 6155 464 4406 1148 634 1090 11282 4736 483 3415 643 752 727 5556 2599 1694 1685 520 472 1230 938 554 482 585 799 881 481 753 872 1057 848 782 645 777 2672 2552 703 866 1638 1019 979 767 547 783 719 839 1901 555 1013 1219 2693 708 3089 1711 667 1202 1280 998 411 677 504 1082 675 4310 1519 976 412 1108 1218 964 590 1484 650 739 1856 541 660 564 745 1828 1635 1086 1492 2056 609 456 419 1139 1457 409 5669 405 1133 759 450 4370 1048 602 892 1135
internal_value=5.99383e-05 0.0013386 -0.00109909 -0.000529682 0.00057373 -0.00136534 -0.00210148 -0.0047904 0.000195986 -0.00196002 -0.00312996 0.000730097 0.0018642 0.00315596 -0.00390295 0.0014485 0.00224682 0.00566206 0.00018218 0.0026994 0.0023215 0.00341515 0.00105245 -0.000759642 0.00212621 -0.00339107 -0.00141854 -0.00221224 -0.00561108 0.000275706 -0.00205754 0.000611094 -0.000132841 0.00192991 0.0033314 7.62958e-05 0.00232016 0.00497548 0.00246062 -0.000330134 0.0011413 0.00201505 0.00689027 0.000152039 -0.00420622 -0.000616975 0.0015291 5.13357e-05 0.000444266 -0.00159322 -0.00225296 -0.00210597 -0.000470278 -0.00202428 -0.000699404 4.58954e-05 -0.00286274 -0.00236873 -0.00156918 -0.00298071 -0.0019824 -0.000378004 -0.00082485 -0.000571476 0.000335887 0.00192554 -3.2939e-05 -0.00426368 -0.0014542 0.00105963 -0.00430112 0.00339933 0.000822886 -0.00314041 0.00103623 0.00154758 0.000967281 0.000146311 0.000777442 -0.00109241 0.000397943 0.00360352 -0.00227871 -0.00217224 0.00186298 -0.0016517 -0.000750292 0.000237027 0.00227174 0.000740672 -4.65382e-05 -0.0018717 -0.00313985 -0.000142717 -0.00217824 -0.00430178 -0.000853143 -0.00235403 0.00236041 -0.00650687 -0.0033918 0.00196427 -0.000865243 0.001361 0.00153904 0.00130268 0.00257677 0.000159222 -0.000809401 -0.00227558 0.00215175 0.00240397 -0.00177257 0.000150368 -0.00634368 -0.00251878 6.89655e-05 0.00235576 0.00373324 0.00321545 0.00102501 0.00359572 0.00281871 -0.00348715 -0.00435454 -0.00277646
internal_weight=45498.1 21631.2 23867 14385.1 11760 7053.05 4788.48 1856.47 2264.57 9481.82 1323.74 11408.2 3700.57 2154.95 1193.49 1300.47 9871.18 854.474 7707.65 7578.15 6529.52 3488.95 3040.57 1254.86 2568.51 2573.97 6907.85 3982.82 1210.05 7332.09 908.572 6423.52 4118.37 2305.15 1303.59 1001.56 1785.71 529.232 368.984 2925.03 1256.48 1070.31 920.44 1005.59 491.42 3636.45 818.38 7572.33 6123.79 1448.55 1310.12 779.84 559.736 439.659 2772.77 1545.62 2343.03 2131.78 1762.57 1164.09 964.498 2932.01 2614.12 1387.86 1123.94 714.936 460.512 351.785 611.696 331.52 280.176 481.92 5343.95 258.955 5084.99 2285.37 1981.42 1618.44 1441.86 2554.86 1138.21 466.951 1416.65 373.644 1209.57 271.774 875.759 749.908 438.758 2293.03 1754.55 671.261 770.372 584.132 1567.55 585.053 982.501 673.358 309.143 424.045 750.201 678.816 299.793 4610.14 4469.26 4283.23 2014.04 2269.19 1594.11 1069.3 524.816 675.082 218.551 555.591 581.791 219.248 1976.47 560.033 458.838 538.486 349.044 1605.61 1353.19 976.374 826.033 603.26
internal_count=182321 86708 95613 57603 47107 28249 19186 7452 9063 38010 5312 45698 14836 8643 4790 5212 39601 3431 30862 30412 26195 14001 12194 5032 10302 10330 27680 15969 4870 29354 3638 25716 16487 9229 5219 4010 7162 2122 1479 11711 5040 4293 3699 4028 1970 14558 3276 30320 24521 5799 5245 3123 2242 1761 11099 6193 9403 8555 7072 4660 3861 11734 10462 5559 4502 2864 1845 1409 2453 1330 1123 1929 21398 1037 20361 9165 7946 6490 5782 10227 4556 1869 5671 1498 4841 1088 3508 3004 1757 9189 7030 2687 3084 2338 6290 2348 3942 2702 1240 1703 3004 2720 1201 18460 17896 17151 8066 9085 6382 4281 2101 2703 875 2225 2337 880 7910 2241 1836 2159 1400 6431 5418 3909 3307 2415
is_linear=0
shrinkage=0.02


Tree=35
num_leaves=127
num_cat=0
split_feature=15 53 91 99 78 13 30 100 15 103 166 226 146 112 217 30 190 40 233 5 100 62 190 226 204 190 204 225 62 104 213 225 102 115 155 95 99 204 78 199 137 62 36 218 232 138 178 226 138 139 114 142 112 155 155 213 213 99 216 121 178 139 99 146 103 14 225 218 121 95 216 74 78 40 225 34 155 13 171 213 144 60 232 102 189 173 95 74 217 23 189 114 187 199 183 112 226 144 34 217 201 174 218 100 77 112 213 118 163 183 69 73 104 104 216 204 32 71 71 62 99 190 74 74 83 99
split_gain=162.037 39.0448 36.2865 21.8353 23.3175 21.3568 18.7496 18.5185 17.3108 15.7823 18.6429 15.2334 15.6729 15.4407 14.9831 14.9486 15.3608 14.8493 14.0947 18.7482 17.2286 21.5063 14.9295 13.9851 16.406 13.7571 19.9041 13.6765 13.6169 14.0141 27.0366 13.4187 13.3336 14.0417 13.2601 14.0358 14.209 13.2126 13.1445 15.9358 13.105 17.8384 14.0455 13.0411 12.9138 16.0083 12.8972 14.233 12.7637 14.2123 14.3811 14.0034 17.9673 12.7132 16.856 15.0663 14.505 14.8525 13.5544 12.6962 12.6689 12.6291 12.6218 13.17 12.5256 12.4489 12.254 12.2047 14.2167 11.7547 13.2411 11.7087 11.5846 12.3237 11.5227 13.3899 15.1007 12.8375 11.4369 11.724 11.3745 13.6902 11.304 15.2779 15.8258 11.0126 10.8894 16.7243 15.0863 14.232 11.9868 13.187 11.676 10.8329 10.8097 18.5885 11.9605 11.3677 10.7491 10.7036 10.6902 10.6882 10.6262 13.6006 10.6241 10.5211 11.1389 14.0156 10.4719 19.7654 21.3589 10.4438 14.3145 10.4096 10.7905 10.3335 11.9014 10.2013 12.3422 11.5271 12.1155 10.6874 10.1024 10.0975 10.0925 10.0289
threshold=0.011785297654569151 0.31468167901039129 0.14373792707920077 0.0004127397842239589 0.0001023761542455759 1.9739047274924818e-05 -8.3322916907491149e-05 0.00058030098443850886 -0.22761776298284528 -0.0013096186448819933 0.005682975286617876 -0.35943931341171259 0.23039454966783526 0.070065867155790343 -0.021673955954611298 -0.00042865422437898809 -0.00054069748148322095 -0.0006832003709860145 1.0000000180025095e-35 0.00018323952099308374 0.00027793906338047242 0.00016038078319979834 -0.00070376545772887756 0.24961221963167193 0.0011610455112531783 -0.0015941364108584819 0.00012572625564644116 0.00037040191818960016 0.00013229572505224499 0.00070669854176230739 0.0016192474868148567 0.0002950979105662555 0.59685271978378307 0.00019323450396768751 -0.0032879125792533155 0.00011640977027127521 0.00033161821193061774 -0.011319752316921948 0.00076718663331121217 -0.009281309321522711 0.00076082500163465749 0.00036958737473469233 -0.040969835594296448 0.010574374347925188 1.0000000180025095e-35 0.00073695770697668206 0.9297301471233369 0.12720236182212832 0.00092285612481646251 0.0012830727500841024 -0.00025914270372595633 0.0017772133578546347 -0.046560514718294137 -0.0023176572285592552 7.3937124398071332e-05 0.0019077669130638244 0.0015795980580151083 0.00051788162090815615 0.37531322240829473 0.00053024024236947309 0.82244151830673229 0.0012514645932242276 0.00074015164864249538 0.26772150397300726 -0.00083576206816360344 -0.00023509330640081314 -0.000344806452631019 0.0050373717676848182 7.0188489189604311e-05 -0.00011658834773697889 0.4975160956382752 0.13126844167709353 -0.0016359137953259049 -0.00055023535969667126 -0.00040338268445339048 0.0014681935426779094 0.0043565928936004647 1.2252718079253102e-05 -0.0008380917424801736 0.0048678275197744378 -0.00059863590286113311 0.0019627315923571591 5.0000000000000009 0.84327840805053722 0.55000001192092907 -0.7310999035835265 -9.4224553322419511e-05 -0.2373005077242851 -0.0016050290432758627 0.00012411683565005663 0.55000001192092907 2.4352586478926245e-05 0.00020414964819792661 0.0035796434385702018 0.0042811608873307714 0.025639449246227745 0.032899707555770881 -0.0012954720878042279 0.00065847139921970676 -0.0021761122625321145 -0.0026509658200666304 0.0032376411836594348 0.0077024130150675782 0.00031199710792861884 -0.00022855807765154165 0.085350006818771376 0.002518644905649126 0.0028167837299406533 0.0011723759816959502 0.0021540136076509957 0.00057547856704331945 -0.00014326580276247111 7.0549653173657148e-05 0.00047504810208920395 0.91929763555526745 -0.0075637879781424991 0.20838829874992373 -0.00020098422828596083 -0.0013815531856380401 0.00018481999723007905 0.00031164560641627764 0.00089853454846888791 0.012481559533625843 -0.091252386569976793 -0.0010295799002051351 0.00057197493151761602
decision_type=2 2 2 8 8 2 2 10 2 8 2 8 8 10 8 2 10 2 2 2 10 10 10 8 10 10 10 10 10 10 10 8 10 10 10 2 10 10 10 10 10 10 10 10 2 10 10 10 8 2 2 8 10 8 10 10 10 10 8 2 10 2 10 8 10 2 10 10 2 2 10 10 10 2 8 2 10 2 2 8 8 8 2 8 10 10 2 10 10 2 10 2 10 8 8 10 8 10 2 10 10 10 10 10 2 10 10 8 2 10 10 10 10 10 10 8 2 10 10 10 10 10 10 10 2 10
left_child=2 3 8 18 5 7 31 27 69 23 15 104 40 25 -6 16 -11 124 20 34 21 22 -2 24 65 115 53 44 -22 30 -30 101 -18 -34 35 36 -20 -7 39 -36 61 42 -42 102 -5 100 47 -41 49 50 -16 52 -50 -27 56 60 58 -58 -55 -57 64 71 63 -28 -56 -4 -65 -24 -69 70 111 -13 73 -43 77 76 117 -31 -39 113 -8 -82 83 -53 -85 -44 87 -68 -89 90 92 -92 99 -33 96 97 -35 -96 -74 -88 -46 -3 103 -32 -10 106 107 -17 109 110 -23 -1 -113 -80 -115 -14 -117 118 -76 120 -120 -121 -99 -67 -15 -52
right_child=1 6 9 4 14 37 80 -9 11 10 -12 12 13 17 48 105 32 -19 19 -21 28 108 67 -25 -26 26 62 -29 29 74 43 93 33 94 38 -37 -38 78 -40 46 41 72 85 -45 45 -47 -48 -49 51 -51 125 82 -54 54 55 59 57 -59 -60 -61 -62 -63 -64 66 -66 123 86 68 -70 -71 -72 -73 98 -75 75 -77 -78 -79 79 -81 81 -83 -84 84 -86 -87 89 88 -90 -91 91 -93 -94 -95 95 -97 -98 122 -100 -101 -102 -103 -104 -105 -106 -107 -108 -109 -110 -111 -112 112 -114 114 -116 116 -118 -119 119 121 -122 -123 -124 -125 -126 -127
leaf_value=0.0053694984361358699 0.0023409280974935483 0.0020219889109247117 0.0047264410041151826 0.00029252404227670119 0.0038892887692853423 0.0043179350391378364 -0.0083127733137074427 0.00036367633399800477 0.0062759292942544129 -0.0040292736216184831 -0.0066634995281409076 0.0028363461659582268 -0.0030577512683549919 0.0027542617846442602 -0.0055764246179778451 -0.0024402229807315924 -0.0033223855826782604 0.0029726212261028439 0.010076597866182698 -0.0050715404857020032 -0.0064434238591775011 0.0069305096459586647 -0.0054004428293899995 -0.0041242041551156081 0.0063765278135138005 -0.0028146331483605348 -0.0071056703156324539 -3.010219378196893e-05 0.0033228381638824079 0.0021644511011522558 0.0030615308395964551 0.0030652793140922467 0.005809759225054916 0.00099057061652160707 0.0057938378427807033 -0.00096489029168047029 0.00091771257379808131 0.0037421743755442767 -0.0050021232077320258 -0.00024809809435786921 0.00077728850394875783 0.0033973493761776659 -0.0073430225985698485 -0.0063540143159877271 -0.00057399636020209169 0.0089474575355941929 0.0053367363036022986 -0.0045780075725060107 0.0034371419231165839 0.0021062495243497361 0.00042541258979394129 -0.0054943931705594773 -0.004381596799225224 -0.0043012618965825198 0.0062936265183371658 -0.0039270256518698157 0.0079840571740404983 0.00027480234100507172 0.0040014651426504974 0.0010870243368625169 -0.0034401408650230735 0.006477263461697174 -0.0059797601642987142 -0.0063139343271330353 0.00012291300099480823 0.0017355888284744036 0.0059657129085142766 0.0047692535073274537 -0.003362981336961517 0.0017582456265017178 0.0049164066075417746 -0.0018956979727650751 0.0081183664533118968 -0.0034823038848932038 -0.0012535756605164044 0.0023802639428907517 0.00069749753638818706 -0.0038517625283482015 0.0013603464029015011 0.0040681889391227686 0.001865692714748112 -0.0070290468393775767 0.00053814800636346456 -0.0043510084605993147 0.0027618117698452664 -0.00057470243641133585 -0.0014424939675328041 0.0021951413891375224 -0.0041818099726494383 0.0018248981430258214 -0.0080362049583921 -0.00049954699247239834 -0.0065296259584648325 -0.00196622854747165 -0.0065360289616375172 0.0035231718239794449 0.0084744096136150724 -0.002328688884370855 0.0013978300192016698 0.0045047922112206205 0.0062904956624205777 -0.0039900556843946314 0.002631948419922404 -0.0038489762888623677 0.0015191923107173225 -0.0052668013174552398 -0.0053404945015319153 0.0024819643288974519 -0.00090304636960003971 0.0081331182057449627 -0.0035957788704210963 0.0058884838456280562 -0.0013288283672438009 -0.0020170248350016287 -0.0080404666165792386 0.007395042930781066 0.001567104138674662 -0.0011079245790764586 -0.0064522639250114405 -0.0097496761415988183 0.0013395322217824497 -0.0035089944675646507 0.0027235357642841902 -0.0061507117647348133 -0.0045703449958579409 -0.0034374848884783666
leaf_weight=193.81087426841259 195.83253030478954 116.58320486545563 130.57944640517235 192.07363940775394 194.11164776980877 176.13340073823929 415.62024043500423 1414.4349486082792 343.52921545505524 260.33446460962296 198.37760682404041 1618.9751838296652 116.35645197331905 102.52856102585793 259.92688073217869 500.98247987031937 235.93901185691357 1318.6058078408241 129.63230308890343 314.56120647490025 385.46160186827183 100.1599604934454 536.53465695679188 105.88802272081375 312.92172607779503 322.96822470426559 125.06504641473293 291.99462561309338 400.1589037925005 260.19135600328445 126.10545873641968 242.16399708390236 246.22369541227818 242.54526656866074 146.15386991202831 203.08961954712868 131.88665428757668 161.61918546259403 230.71154516935349 1735.7758721262217 530.43258990347385 207.26065571606159 188.33393445611 262.76004116237164 182.06135210394859 370.15186893939972 116.63087338209152 348.74629999697208 286.64915752410889 601.97550123929977 1016.1900582611561 993.5037904381752 170.82728241384029 130.5493084192276 283.32675690948963 447.59637907147408 330.57165388762951 141.88069333136082 144.68587836623192 343.31369429826736 108.94847232103348 325.25829787552357 231.30438537895679 135.14894063770771 233.81696976721287 108.4177328646183 207.97830514609814 112.33764223754406 226.22116748988628 4592.9114751219749 1209.1324850916862 225.61482433974743 201.26237025856972 172.35769379138947 186.20789884030819 99.675639525055885 173.83852386474609 269.25674404203892 318.23319779336452 123.13164260983467 126.63387325406075 116.98307038843632 238.12151147425175 247.85933676362038 216.3156344294548 185.42636619508266 412.58135738968849 343.49011117219925 231.01370349526405 361.7263039201498 245.32131737470627 147.16805356740952 104.67821590602398 473.43060575425625 143.63161158561707 361.91938346624374 117.37878653407097 446.63867430388927 184.60916458070278 148.13385584950447 155.09116657078266 1465.3357548117638 189.98290251195431 555.00078138709068 424.37697504460812 329.74995076656342 194.31332011520863 396.4687130600214 341.25314936041832 198.53090745210648 195.24115371704102 119.98366437852383 492.27166010439396 1542.9758766591549 112.82133427262306 167.67678007483482 621.31531891226768 196.12476593255997 179.90331932902336 547.02698566019535 123.12527292966843 174.53592666983604 220.29482886195183 119.64672280848026 184.11708208918571 343.8503809273243
leaf_count=781 785 468 523 769 777 705 1672 5662 1377 1042 795 6497 466 411 1041 2005 945 5280 519 1260 1547 401 2151 424 1253 1293 501 1169 1603 1042 505 971 986 971 585 813 528 647 924 6948 2126 833 755 1053 729 1482 467 1396 1148 2411 4070 3979 684 523 1135 1792 1324 568 580 1374 436 1305 926 541 936 434 833 450 908 18432 4858 905 807 692 746 400 698 1080 1274 493 509 470 954 993 867 743 1652 1376 925 1448 982 589 419 1899 575 1449 470 1788 740 593 621 5880 761 2223 1700 1320 778 1587 1367 795 782 482 1977 6178 452 672 2488 788 722 2193 494 700 882 479 737 1377
internal_value=-3.55506e-05 -0.0012712 0.00111529 -0.000936391 -0.00026518 0.000671652 -0.0034022 0.00192345 0.00150499 -0.00046142 -0.000982032 0.00105854 0.000872958 0.000350103 -0.00129708 -0.000642903 0.000363831 0.00208199 -0.00162111 -0.000577644 -0.00219771 -0.000616398 -0.00247237 0.0021059 0.00317908 -0.000111979 -0.000511366 0.00373868 -0.00292116 -0.00252621 -0.00103843 -0.00251002 0.000965561 0.00156498 -8.29584e-05 0.00295479 0.00585102 -0.000672758 -0.000648951 -0.000182442 0.00191317 0.000570828 -0.00132009 -0.00260853 0.00493631 0.00615464 -0.000627856 -0.00100913 -0.00154383 -0.000473196 -0.00144571 -0.00263409 0.000456292 0.000775569 0.00133208 3.84757e-05 0.00371883 0.0057741 3.87244e-05 -0.00177743 0.00231642 0.00293144 -0.00169686 -0.00124959 0.00361211 0.000199814 -0.000878608 -0.00357775 -0.000549102 0.00233025 0.00360385 0.00224344 0.00278111 0.000255834 -0.00354038 -0.00434414 -0.0047926 -0.000923996 -0.0010964 -0.00150112 -0.00634609 -0.00261473 -0.00346339 -0.0041155 -0.00105912 -0.00418493 -0.000491199 0.00138106 -0.000423512 -0.00152803 -0.0026871 -0.0053715 -0.000993138 -0.000226472 0.000816883 -0.000130935 0.00374884 -0.00180805 0.00513044 0.000229738 0.00275912 -0.00352727 -0.00136147 -0.00251867 0.00375245 -0.00223671 -0.00124324 -0.000259036 0.00176561 0.00357274 0.000186462 0.00156359 0.000227077 -0.00188582 -0.00251851 0.00213535 0.00295786 -0.00547122 -0.00614849 -0.00699705 -0.00339941 -0.00837549 -0.00062918 -0.00256404 -0.00194169 -0.000586883
internal_weight=45539.1 21959.5 23579.7 19002.7 9610.05 5040.72 2956.75 2605.81 18907.4 4672.25 3894.8 12299.3 11531.4 7691.87 4569.33 3696.42 2274.91 1605.25 9392.66 3357.19 6035.47 1906.11 1070.93 777.454 671.566 6086.62 5181.27 1191.37 4129.36 3743.89 1534.01 2297.51 2014.57 1778.63 3042.63 464.609 261.519 2434.91 2578.02 2347.31 3839.53 1669.68 904.193 1133.85 899.378 707.304 2201.15 2084.52 4375.22 2221.94 1619.97 2153.28 457.476 2487.66 2164.69 1417 747.688 472.452 275.235 790.91 626.092 2169.85 2693.61 2462.31 517.144 358.644 2337.24 875.093 338.559 6608.11 2015.2 1844.59 765.49 379.618 2209.89 1680.44 1580.76 529.448 2258.78 2097.16 659.237 243.617 1695.8 1457.68 464.175 373.76 2202.09 782.482 574.504 1419.61 1057.88 392.489 665.393 715.595 1532.41 1172.48 359.924 810.565 385.872 560.715 337.153 1581.92 871.089 681.106 767.906 1421.51 1091.76 897.451 835.185 493.932 295.401 806.066 612.255 1974.03 1655.8 905.349 788.992 1406.92 1210.8 1024.59 303.029 721.563 666.934 228.064 286.646 1360.04
internal_count=182501 87985 94516 76116 38482 20181 11869 10432 75810 18706 15593 49280 46203 30800 18301 14798 9108 6428 37634 13440 24194 7639 4294 3113 2689 24372 20746 4770 16555 15008 6145 9218 8066 7121 12180 1860 1047 9749 10320 9396 15403 6696 3624 4542 3601 2832 8811 8344 17524 8899 6488 8625 1832 9961 8668 5673 2995 1892 1103 3166 2507 8707 10785 9859 2071 1436 9358 3509 1358 26530 8098 7402 3072 1525 8863 6741 6341 2122 9044 8397 2651 979 6793 5839 1860 1498 8817 3134 2301 5683 4235 1571 2664 2870 6135 4694 1441 3245 1547 2245 1350 6348 3489 2728 3077 5690 4370 3592 3345 1978 1183 3240 2459 7904 6630 3626 3160 5643 4855 4109 1216 2893 2670 913 1148 5447
is_linear=0
shrinkage=0.02


Tree=36
num_leaves=127
num_cat=0
split_feature=11 230 32 183 230 221 72 1 144 218 197 236 34 227 2 189 74 185 1 121 230 102 0 24 0 183 62 101 11 61 226 123 73 155 38 32 191 221 7 149 220 32 144 144 34 232 34 73 73 98 11 45 0 150 150 136 1 185 98 161 175 138 145 152 225 220 83 140 2 195 135 25 60 221 83 236 180 218 71 175 232 97 24 21 220 114 176 213 221 68 9 201 226 152 14 78 190 115 174 62 213 74 91 221 221 63 35 218 99 152 176 213 195 230 25 3 139 9 99 11 118 190 63 230 42 97
split_gain=161.727 46.4448 40.9616 30.9807 30.9153 31.9194 34.2478 20.379 17.7444 17.5597 25.1346 17.4936 17.2103 16.7518 17.5193 17.4523 16.8188 16.7076 17.4928 21.207 16.3969 18.572 16.9864 16.0373 16.6702 20.1908 15.8946 16.3003 15.5786 15.2752 14.0977 14.0775 13.8545 13.3895 12.6474 17.1482 12.3847 12.3452 12.3363 12.378 12.2976 17.6999 12.4391 14.0351 12.2804 12.2738 16.1027 16.2296 13.1959 17.1266 11.9879 14.5565 20.9387 14.9556 21.8481 16.9341 13.2262 12.2562 18.6559 17.8165 12.1217 17.848 11.9817 11.9561 12.2843 13.3039 12.1597 13.5831 12.3277 11.8046 11.5935 13.1171 15.8651 14.0952 11.5906 11.4153 11.4058 11.2953 11.1669 11.1431 11.0457 11.7406 13.243 11.6647 11.3031 10.9343 10.796 13.2951 13.4572 10.6753 11.9697 10.6274 10.6118 10.4457 10.4417 10.3054 10.2891 10.2519 11.2942 15.583 16.2247 11.8895 10.9027 10.2289 11.3622 10.241 10.1619 10.1478 10.1237 15.0199 10.0232 10.0124 9.99001 9.96766 12.7545 9.955 9.92478 9.90223 9.73626 17.3957 14.5196 11.4592 10.9807 9.68135 9.60983 9.59424
threshold=-4.5421562390401953e-05 -0.84455960988998402 0.83352577686309826 0.0076459283009171495 -0.9993099272251128 0.012561045587062837 0.00029947047005407518 0.00012512470857473093 -0.010618554428219793 0.0046648511197417983 -0.009850340895354746 -0.063055627048015581 0.00040371817885898059 0.15000000223517421 0.00016581831005169081 0.75000000000000011 -0.4799050092697143 -0.013939167372882364 -0.00013459297042572868 -0.0021383407292887564 -0.68993380665779103 0.028627038002014164 -0.00012776161020155993 0.00016989923460641879 4.6584058509324684e-05 0.0026019331999123101 0.00012092407632735559 0.00046123003994580364 -0.00024317215866176409 0.00014932335761841389 -0.20242284983396527 0.00037882383912801748 -1.6474231415486425e-05 0.00023948413581820208 0.00015615019219694662 0.47224423289299017 -0.0020018570357933636 0.001920691167470068 -0.00014521833509206769 0.00020535103249130773 -0.0066765497904270879 0.65477156639099132 -0.00080197901115752746 -0.0030080213909968729 0.001140554260928184 3.5000000000000004 0.00045431360194925224 1.3663079698744698e-06 -7.1914550062501789e-05 0.0059037490282207736 -2.4707672309887126e-05 0.00011598422861425207 0.00012384112778818238 0.038304423913359649 0.01698729116469622 0.0029731673421338205 1.3934999969933417e-05 -0.0010044339578598736 0.0031926379306241874 0.0040165632963180551 0.0011451850878074767 0.0005579910648521037 0.0024530960945412521 0.0010882780188694598 0.00073487026384100329 -0.015716645866632458 0.00037472961412277078 0.78623023629188549 0.00030469059129245585 -0.0038895654724910851 0.59420156478881847 9.8043044999940334e-05 0.0015490144141949715 0.0081195826642215269 0.00040233464096672838 -1.3925763368606565 0.0026526222936809067 0.011375599075108768 -0.0015970036620274184 0.0013466700329445305 2.5000000000000004 -0.55912545323371876 6.4457548432983472e-05 -0.34905469417572016 -0.0072767441160976878 0.00047715047548990702 0.0014841243973933162 0.0024041680153459315 0.0050914036110043534 -0.0010838982416316865 -0.00094311981229111541 0.0011126443860121074 -0.021139431744813916 -7.230579512906842e-06 0.0002055538498098031 0.00047284994798246777 -0.00092960905749350775 0.00093810047837905597 0.011075885035097601 0.00033949142380151903 0.0021845014998689298 0.012481559533625843 -0.13169462233781812 0.0035310965031385426 0.0022664446150884037 0.0002572135854279623 -1.1084453944931736e-05 0.010574374347925188 0.00050644634757190954 -0.00060411277809180308 0.00079674099106341611 0.0026928952429443602 0.003359961556270719 -0.91265374422073353 0.00013410208339337262 0.0011025839485228064 0.00094183691544458281 -0.00017464104894315821 0.00073283657548017811 0.0012626572279259565 -0.0019908261019736524 -0.0024780897656455632 0.00039700607885606592 -0.36446963250637049 0.00057921773986890923 -0.70203837752342213
decision_type=2 2 2 8 2 8 8 2 10 8 10 10 2 10 2 10 10 8 2 2 2 10 2 2 2 10 10 2 2 10 10 2 10 10 2 2 10 10 2 10 10 2 8 10 2 2 2 10 10 10 2 2 2 10 10 10 2 10 10 2 10 10 10 10 10 8 2 10 2 10 10 2 10 10 2 10 10 10 10 10 2 10 2 2 10 2 10 10 8 10 2 10 8 10 2 10 10 8 10 10 8 10 2 10 10 2 2 10 10 10 10 8 10 2 2 2 2 2 10 2 10 10 2 2 10 10
left_child=4 2 3 11 28 7 12 20 -9 10 -4 26 32 124 15 16 -15 -8 89 111 23 36 -23 24 34 69 93 30 -1 -21 -28 33 -7 -11 80 -36 -22 96 -39 75 42 -42 43 -5 -43 48 47 116 -24 70 56 52 91 54 57 62 -18 59 -59 77 61 -57 -55 64 65 94 -65 -68 -69 -26 71 78 106 123 76 -40 113 -53 -50 -17 81 82 110 85 -84 103 87 88 -62 90 -19 -52 -60 -2 -16 -63 -29 98 99 100 101 102 -31 104 105 -82 -73 -101 109 -102 -6 -20 -93 114 -12 -33 -47 -86 119 120 121 -67 -123 -74 -3 -10
right_child=1 13 9 40 5 6 17 8 125 31 74 -13 -14 14 63 79 50 18 19 29 21 22 45 -25 25 -27 27 37 -30 97 -32 115 -34 -35 35 -37 -38 38 39 -41 41 44 -44 -45 -46 46 -48 -49 49 -51 51 53 -54 55 -56 60 -58 58 92 -61 86 95 -64 66 -66 118 67 68 -70 -71 -72 72 73 -75 -76 -77 -78 -79 -80 -81 83 -83 84 -85 117 -87 -88 -89 -90 -91 -92 112 -94 -95 -96 -97 -98 -99 -100 107 108 -103 -104 -105 -106 -107 -108 -109 -110 -111 -112 -113 -114 -115 -116 -117 -118 -119 -120 -121 -122 122 -124 -125 -126 -127
leaf_value=0.0078302122079204148 -0.0087539887742620857 0.0089652177787866057 0.0028071471530018615 -0.004235738913323522 0.00067290696697227561 0.0050045303162193858 -0.0066213716118997566 0.0055404189764868498 -0.0021451932302463772 -0.0015444726087729061 -0.0056470958332058997 0.00049402863520993487 -0.0030393061879633778 -0.0044260809300075759 0.0038916947966044155 -0.005209404356307905 4.8673269903645332e-05 0.0040222442015206503 -0.0010500101364351924 -0.005824839389151769 0.00080077814725773014 0.0034644984956640748 -0.0036526504367977658 0.0043255988724013898 -0.0029356712177436594 -0.0033755651356245685 -0.003182126069450726 -0.0021023733229024936 0.0017248102706921584 0.0036727616287344062 0.0049507044341890729 -0.004110248822045106 -0.00055999194321369121 0.0054164032192313858 -0.0022259212376159821 0.0048080999280235041 0.0097172310192993536 0.0030453671264923494 0.0031374119587656759 0.0030308866542170868 -0.0073793968671867294 -0.0041756822285592696 -0.005942745898850214 0.0033784135910669521 0.0029237661446859576 0.00043877562936347835 -0.0037157011688333887 -0.0017346159440981843 0.0051606168120277756 0.0052807626561650455 0.0014540047194424458 -0.00046803384839481823 -0.0036763246780019427 0.0011791135073848373 -0.0068922191853145612 -0.0016791229535711946 -0.007989404790167038 0.0067900532969381172 0.0028496676872542836 -0.0052708346471893762 -0.0033956577519878048 0.0018611887704040142 -0.0074624666682688761 -0.008375550606634476 0.0028381151511576038 -0.0032030513582707769 0.0016007412193111453 4.7538226108624992e-05 -0.0068575543591034077 0.0041219601513477434 -0.0058269979324426261 -0.0010493178410264958 -0.0034861575052032336 0.0073645950284619045 -0.0089658547680301348 -0.0033177542161050857 0.0010733849066406518 0.0044205289697313351 4.6082083768384187e-05 0.0011984208808197764 0.0067098831714673601 0.0029470462442173222 -0.00019036881827729551 0.0063858656236508923 0.0065769884803841671 0.0086525829751195934 0.0035372718225149991 -0.0040602488938385395 0.0045968465304624404 0.003366890028576831 -0.001366023225966388 0.0057071547716319119 -0.0049903982716433702 -0.0023536518833395465 -0.0010895108897790386 0.0087901307389019398 0.0039592040303802253 0.0031024331654712872 -0.0037597883168911318 -0.00059472662036847692 0.0035336205001169252 0.0049394090386892364 -0.0034174306789551846 0.00085949336696481446 0.0095058428908246541 -0.00081804301338579829 -0.0060270368130341334 0.0061106089782160446 -0.0079864444320288906 -0.0047857859141077772 -0.0065834181940158977 0.0067253103281823216 -0.00019106015604227974 -0.0093459229406117599 0.00056461742320245366 0.0015388603416039931 0.0077709966448506742 -0.00066355262559840607 -0.0049495861449734939 0.0051777067755814825 -0.0028257565930524422 0.0058991571512185823 -0.0011339934134876504 0.0035518321848200494 0.00067335462644088422 0.00060449139353524885
leaf_weight=402.33785593509674 167.18635641038418 99.865496963262558 126.01704508066177 132.09595330059528 136.47859287261963 802.98164403438568 177.41777536273003 179.50753504037857 951.61392949521542 434.23489370942116 543.49462047219276 2941.9751093089581 155.72171911597252 265.81484386324883 294.8513955026865 361.9117775708437 204.77706202864647 191.83117435872555 99.800795063376427 356.55588658154011 111.31532813608646 644.82013256847858 462.96179349720478 1509.2542263716459 110.39382502436638 455.61571149528027 103.36764273047447 175.31671766936779 300.03943356871605 104.8383756428957 279.35834708809853 1276.9658940732479 223.9073142260313 126.09838990867138 462.52393731474876 174.55684070289135 133.74756199121475 151.61681969463825 100.84502202272415 131.69974929094315 565.13976003229618 262.83331778645515 141.90456564724445 247.57640928030014 131.51204143464565 101.16295540332794 123.07250379025936 140.94148360192776 250.10442806780338 201.38127325475216 966.30257557332516 2805.7354401350021 201.41603773832321 119.16533625125885 184.35453821718693 123.3987981826067 116.17279179394245 218.10456316173077 122.11883111298084 278.05587768554688 111.67222635447979 138.181885227561 108.17415517568588 153.38817490637302 297.29455968737602 152.87285158038139 225.2279312312603 163.24387779831886 260.91993579268456 359.36798532307148 135.63527898490429 362.722197920084 177.92202796041965 100.32660232484341 425.69902655482292 1922.9444497227669 110.81379276514053 182.63268408179283 465.25219532847404 142.60422170162201 100.25078690052032 2022.8621341586113 536.6016158759594 566.17581582069397 229.01155042648315 101.22889426350594 396.70759125053883 242.59092299640179 222.34090881049633 518.83046044409275 724.92318467795849 615.17295330762863 115.60490752756596 271.64889109134674 347.37000638246536 281.30217719078064 248.9161571264267 164.85682764649391 759.784638017416 168.03797303140163 111.15045420825481 152.07843455672264 272.00617025792599 778.37089265882969 118.57349969446659 171.860226303339 296.05009804666042 167.31300570070744 177.61949168145657 248.27843545377254 143.1202210187912 152.45267966389656 138.67205505073071 207.33801825344563 168.29449109733105 127.83465677499771 280.90530210733414 103.5594690144062 352.43772600591183 130.48776842653751 1552.1593862175941 198.09095254540443 140.42020937800407 109.79988223314285 111.38433887064457 1048.6317805945873
leaf_count=1617 670 400 505 529 548 3222 711 720 3814 1743 2183 11783 624 1064 1180 1449 820 770 400 1428 447 2586 1856 6061 443 1825 414 702 1202 420 1119 5135 898 506 1854 699 537 607 404 528 2266 1055 569 992 528 406 493 565 1003 807 3868 11230 806 477 738 494 465 873 489 1113 447 553 433 614 1190 612 902 654 1046 1441 543 1454 713 402 1716 7704 445 731 1865 571 403 8113 2153 2269 920 406 1588 971 890 2079 2905 2462 463 1089 1391 1126 997 660 3042 673 445 609 1089 3123 476 690 1186 670 711 994 574 611 555 833 675 514 1126 415 1411 523 6215 793 562 440 446 4199
internal_value=-2.58354e-05 -0.00112067 -0.00204641 -0.0012458 0.0012729 0.00112545 -0.000136286 0.00162851 -0.000151365 -0.00382972 -0.00539831 -0.000645122 0.00286708 -0.000307172 -0.000401984 0.000115315 0.000341866 -0.000926419 -0.000666118 -0.00154771 0.00194682 0.000910182 0.000554881 0.00246907 0.00203079 -0.000449054 -0.00158588 -0.00106607 0.00534209 -0.00207478 0.00270522 -0.00252556 0.0038037 0.000154695 0.00243745 -0.000210951 0.00603312 -0.00161034 -0.00218497 -0.00257748 -0.00383624 -0.00516191 -0.00129698 0.000649895 -0.00178121 -4.77608e-05 0.00237315 0.00389003 -0.000671878 1.37771e-05 0.000513226 0.000676789 0.00217083 0.000162813 -0.000524943 0.00169229 -0.00315882 -0.000174437 0.00282667 -0.000607895 0.00245856 0.00480048 -0.00320371 -0.00144743 -0.000926649 -0.00129545 -0.00361869 -0.00227844 -0.00431758 0.00241127 -0.000594357 -0.000130727 -0.00154594 0.00161058 -0.00613709 -0.00296854 -0.00481938 -0.00014187 0.00192596 -0.00342156 0.00277385 0.00203708 0.000411719 0.00401062 0.0016305 0.00286938 0.00108195 -0.000669279 0.0018838 0.00113263 -0.000176723 0.00288987 -0.00105435 -0.00506732 0.00124589 0.00669624 0.00147235 -0.00145516 -0.00182809 -0.000742578 -0.00192289 0.000565756 -0.00135925 0.0022315 0.00478999 0.0022249 -0.00339796 0.00290632 -0.0043062 -0.00216243 -0.00323297 0.00379795 0.00464526 -0.00553756 -0.00420311 -0.0035818 0.00594799 0.00441261 -0.00194617 -0.00141859 -0.00188589 0.00107731 0.00308118 -0.000744048 0.00502958 -0.000711953
internal_weight=45456.2 24665.7 11522.7 7975.94 20790.4 20088.1 5730.39 14357.7 2179.75 3546.79 1581.66 6494.88 1182.61 13143 12931.7 8662.99 8158.47 4547.78 4370.36 2934.77 12177.9 4098.12 3853.06 8079.81 6570.55 925.378 3552.9 3114.06 702.377 2682.52 382.726 1965.13 1026.89 560.333 5645.17 637.081 245.063 2731.34 2307.11 2155.49 1481.06 959.485 521.577 379.672 394.345 3208.24 646.082 523.01 2562.16 2099.19 7892.65 7571.7 1921.56 5650.14 3906.61 1743.53 320.95 3722.25 455.828 3266.42 1516.19 542.883 227.339 4268.76 3465.98 3168.69 802.78 649.392 424.164 469.762 1897.81 1762.18 1046.82 388.049 1455.64 2023.79 1029.94 2988.37 715.357 504.516 5008.09 3171.63 1148.77 1836.46 869.173 1270.28 973.312 576.604 334.013 1435.58 916.754 1720.15 237.724 438.835 642.221 419.484 424.233 2325.96 2161.11 1401.32 1065.97 528.923 376.845 1169.06 390.685 272.111 658.772 335.351 537.048 359.429 279.599 252.253 753.845 919.127 711.789 1404.8 382.068 332.571 2526.47 2174.03 2043.54 491.384 338.511 287.722 211.25 2000.25
internal_count=182181 98826 46211 31956 83355 80536 22961 57575 8733 14255 6357 26017 4744 52615 51769 34676 32656 18217 17506 11752 48842 16429 15445 32413 26352 3709 14234 12475 2819 10741 1533 7898 4120 2249 22643 2553 984 10942 9243 8636 5939 3849 2090 1521 1583 12859 2590 2097 10269 8413 31592 30307 7691 22616 15637 6979 1285 14899 1825 13074 6069 2173 910 17093 13877 12687 3216 2602 1700 1884 7606 7063 4195 1555 5852 8108 4136 11961 2868 2020 20090 12723 4610 7367 3488 5098 3896 2308 1337 5754 3675 6885 952 1759 2571 1679 1699 9313 8653 5611 4268 2118 1509 4692 1569 1093 2640 1343 2150 1439 1122 1011 3017 3691 2858 5649 1532 1335 10116 8705 8182 1967 1355 1153 846 8013
is_linear=0
shrinkage=0.02


Tree=37
num_leaves=127
num_cat=0
split_feature=11 5 230 192 223 153 34 152 224 11 236 129 35 213 230 32 155 218 155 175 26 143 236 74 230 75 5 99 100 188 79 123 192 209 185 177 108 194 90 188 186 11 98 75 0 15 209 152 85 59 183 230 59 143 182 185 225 80 25 232 74 192 143 152 30 213 232 69 182 32 193 116 209 216 213 59 222 225 98 45 152 197 211 139 182 19 213 90 79 179 161 79 179 85 204 11 24 230 171 216 143 98 224 209 230 222 154 80 179 222 218 209 143 179 143 214 185 177 183 11 3 183 65 15 183 80
split_gain=162.51 47.9908 38.3304 28.5009 26.9282 22.9904 21.874 19.5109 17.9706 19.1872 17.6172 17.3792 17.53 16.4123 15.0771 14.2287 18.6243 18.1752 17.6691 15.0201 14.0792 13.5301 13.4413 13.3092 13.2893 14.3682 13.0927 13.7756 17.7103 16.2515 17.9341 15.5063 21.9381 18.6458 14.8282 13.5218 13.1609 13.1567 17.7891 14.4394 13.922 13.0065 18.0151 12.8308 13.5311 12.37 12.1428 11.9021 11.8965 12.953 13.544 11.8193 11.7228 11.3726 11.4487 13.1305 13.7862 11.3696 12.2175 11.3364 18.5072 12.0364 11.2846 11.2606 11.0835 10.873 13.8798 16.1173 12.3293 10.8578 10.7055 13.7764 10.9821 11.1744 10.7041 12.5772 17.2426 13.3454 10.6879 10.6276 10.5947 10.4709 11.6476 15.0734 11.557 12.4528 11.355 10.399 10.3842 10.3491 12.3803 10.3185 10.1856 11.9822 10.1832 10.1344 10.0728 14.4914 11.72 11.0257 10.0272 10.025 9.83869 9.83658 12.0493 13.0012 9.83157 12.1891 11.3648 10.2677 9.78618 15.1703 10.1295 9.77846 11.5483 17.1049 13.779 10.1989 10.8989 9.95776 9.84844 9.77326 9.72784 9.64377 14.6044 14.386
threshold=0.00011669220839394258 2.0713865751531561e-06 -0.85149618983268727 0.0032656380208209161 -0.026929282583296296 -0.00066807318944483985 0.001111578429117799 -0.00065750832436606277 0.018304388970136646 1.0000000180025095e-35 1.0390822887420657 -0.34944587945938105 -2.6445886760484424e-05 0.0018202344072051348 -0.98995971679687489 0.83352577686309826 0.0057227059733122596 0.0046648511197417983 0.0046450102236121902 0.00072559097316116105 0.227195680141449 0.7820897400379182 -1.0460525155067442 -0.14971571415662763 -0.50941574573516835 0.35000000894069677 0.00015589692338835451 0.00041729409713298088 0.00058285391423851262 0.32790409028530126 0.0018211415736004712 0.0037222406826913361 0.0027564773336052899 0.00047184190771076834 -0.0011878677760250864 0.0021161045879125599 0.76058217883110057 -0.010659269988536833 -0.00027307067648507649 0.070411894470453276 0.0047122756950557241 -0.00046527000085916365 0.004238162189722062 0.65000000596046459 -6.9419857027241952e-06 -0.058285808190703385 0.00059088473790325235 0.00012760436948155987 0.00077025074278935801 0.36685390770435339 0.0018374440842308106 -0.99799686670303334 0.47478236258029943 0.87761136889457714 -0.0010068172705359755 -0.011293932329863308 -0.00029723723127972329 0.0040777833200991162 0.0001224393927259371 1.0000000180025095e-35 -0.084581654518842683 0.0006940764724276961 0.049386141821742065 -0.00013773260434390974 -0.00013114100875100118 0.0013760918518528344 3.5000000000000004 0.00043061487667728221 -0.0056144408881664267 0.73166248202323925 0.012746830470860006 0.0012577673769555988 -0.00021597804880002511 0.19778337329626086 0.0018748347647488119 -0.54870545864105214 0.078651998192071929 6.1958522564964382e-05 0.0023681973107159142 -0.0001178515412902925 0.00011576893666642719 -0.0011105319135822354 0.41858914494514471 0.0011694059357978406 -0.0048984012100845567 -1.8094446545546814e-06 0.0014672908582724633 4.7250450734281919e-05 -0.0011745073716156183 -0.0028341123834252353 -0.0051805828697979442 -0.00035662087611854071 -0.0037427548086270686 -2.8343853045953434e-05 -0.00013663782010553402 0.0010819664457812907 5.3460387789527892e-05 -0.96759679913520802 -1.3270366252982056e-05 0.96697634458541881 0.60269588232040416 0.0044296483974903831 0.0055413073860108861 6.0320062402752235e-05 -0.94762688875198353 0.83475336432456981 -0.0022477781167253848 0.0014686126960441472 -0.0026552351191639896 0.18940856307744983 0.0080631435848772543 0.00023112211783882233 0.77526837587356578 -0.0031660146778449412 0.44447967410087591 0.0020710605895146732 -0.0034535042941570278 0.0014373402809724214 0.0017739470931701364 -0.00012785199942300093 0.00017799250053940344 0.009143200237303974 -0.00040672950854059303 -0.3918794691562652 0.0062072959262877711 -0.00010300798749085514
decision_type=2 2 2 10 10 8 2 10 8 2 10 2 2 8 2 2 10 10 10 10 2 8 10 8 2 2 2 8 8 10 10 2 8 10 10 2 8 10 2 10 10 2 10 2 2 2 10 8 2 10 10 2 10 8 8 8 10 10 2 2 10 10 10 10 2 10 2 10 10 2 8 10 10 10 8 10 8 10 10 2 10 10 10 2 10 2 10 2 10 10 2 10 10 2 10 2 2 2 2 10 10 8 10 10 2 8 8 10 10 8 10 10 10 10 10 10 10 2 10 2 2 10 2 2 10 10
left_child=1 5 4 11 6 20 14 43 96 13 15 47 100 80 -2 16 18 63 19 48 22 89 -1 -11 25 -24 27 29 35 30 31 32 33 34 37 81 -34 38 -4 40 69 42 -14 44 -6 -21 -18 79 49 -9 -51 -15 -30 54 55 56 -43 58 -54 60 64 -62 -27 -17 -57 66 67 -61 94 -39 71 -28 73 -73 -22 102 -77 88 -5 -3 -10 84 83 -83 85 -29 -84 -86 -78 90 -16 -69 -71 -94 122 -75 97 98 -7 123 -13 -8 -76 -80 105 -105 109 -108 -109 -60 111 112 -99 117 116 120 -115 -70 -119 -120 -116 -88 -67 125 -125 -98
right_child=2 3 26 78 7 8 101 10 9 23 -12 12 41 51 21 17 46 -19 -20 45 74 -23 24 -25 -26 62 70 28 52 -31 -32 -33 36 -35 -36 -37 -38 39 -40 -41 -42 53 -44 -45 -46 -47 -48 -49 -50 50 -52 -53 57 -55 -56 59 -58 -59 106 65 61 -63 -64 -65 -66 68 -68 91 113 92 -72 72 -74 95 75 76 77 -79 103 -81 -82 82 86 -85 87 -87 121 -89 -90 -91 -92 -93 93 -95 -96 -97 99 110 -100 -101 -102 -103 -104 104 -106 -107 107 108 -110 -111 -112 -113 -114 114 115 -117 -118 118 119 -121 -122 -123 -124 124 -126 -127
leaf_value=0.0070342231204605053 0.0067785663228332287 0.0028180223281667905 -0.0015660899891455258 -0.0035930039556790199 0.0068037214823111715 0.00092713326202933423 -0.0047297913247883955 -0.0039694481067775803 0.0048208584200687002 -0.007791403245064883 -0.0010834934314859401 -0.0043399793944057154 0.0063771177100610341 0.0051335264275697559 0.0046261759757485008 -0.00324431722256805 -0.0031897050614024111 -0.0034839866302624621 0.0037828872034761912 0.0006260651768157313 0.0032739348885851534 -0.0048020461318073818 0.0063396144628455322 -0.00078826561560703271 0.00041540465096182375 -0.0023193571010609944 -0.0011687822403255263 0.0059807910713200905 0.0010632340033668512 0.005850769102407628 -0.005819246283924869 0.0052611457951365157 -0.0014161262147432503 0.0052784766842137645 0.0053945818076658134 0.0077068666121463186 -0.0080408373259921572 0.0013582433527656876 0.0081630166259889642 0.0014028807537001592 -0.0075631347802046162 -0.00049930859361709576 -0.0011952397877148387 -0.004345000988727905 -0.00039864411501440298 -0.0043520139254230412 -0.012187101648263357 0.0082241204726422115 -0.0037830799161781225 -0.0010343961301524697 0.0070222173857201709 -0.00095797659650695552 -0.0045116131625244698 0.0053964797926770872 -0.0042287504151314881 0.0036469648791121207 -0.0062456327339590126 -0.0047620734326575152 0.0017947369574948956 0.005005821987490354 -0.006858023958555024 0.00050924313064677209 0.0032089965908904667 -0.0090211014479642179 -0.0019763652157116368 -0.0016989451307144433 0.0090511543219536326 0.0018763291165231795 -0.0061673426909053287 -0.008461076969348778 0.0021706903519400364 -0.0063439153719103648 -0.0062883688428516851 0.0049710005286903343 -0.00075782303282534631 0.0052495823154608372 -0.0061878688280534487 0.00058098436268083328 -0.0046053459969485899 -0.0025936463761960888 -0.00013417828414885523 0.0073347382057964098 -0.0042842686210171317 -0.001045545154796652 -0.0075930659159823459 -0.0020273165759367761 0.0041563953384049111 0.00012622080828381008 -0.00027807091494318892 0.0063519206509825192 -0.0037515318780947816 -0.0061474963959436413 0.0024760671261429331 -0.0048737894195286322 0.0047503314056251628 -0.0027999777781306857 0.00093974098327742476 0.0034967857473263138 -0.0060632963762055261 0.0073942472463686794 0.0013603223581394469 0.00062804286312694447 0.0039846595956701206 0.0068346923183665725 -0.0012906102807350261 -0.0012354138451653716 0.0038227446634774677 -0.0061833188483228401 0.0013034355525456259 -0.00545316881888867 0.0063109405957050479 -0.0046733583305205014 -0.0031537591224574282 0.00056832909588313022 -0.0011540897661346087 0.0029562442143202467 0.0090416333410254044 0.0043898369993287598 0.0019768784839207963 -0.0054177622907785944 -0.0079147702046171824 -0.0024549397852526985 0.0050287781778446949 0.0019039575061559459 -0.00034990498027541927 0.0056376163151602363
leaf_weight=369.64739008247852 202.74953179061413 843.76932807266712 186.63177388906479 995.00822992622852 143.25028544664383 150.60092456638813 352.90378393232822 100.32085910439491 437.99735198915005 187.08339105546474 1107.0700573027134 496.47246950864792 300.39252117276192 116.9438810646534 103.40498600900173 214.66818998754025 138.70762366056442 1079.4177979230881 153.7537849098444 221.53864336013794 971.39396430552006 122.72428284585476 597.73144827783108 238.79301646351814 633.40123887360096 149.54179331660271 1761.8427502065897 137.41335920989513 1151.5368181765079 103.65859048068523 329.3119702488184 131.36768428981304 233.04985874891281 191.10040403902531 112.65443673729897 140.15094618499279 251.98566152155399 231.14169849455357 100.43885330855846 279.54340881109238 249.55972687900066 606.51023028790951 197.76558741927147 142.85566066205502 283.47888621687889 1646.7000424712896 120.6334910094738 120.9971881955862 218.66822819411755 135.00638388097286 180.88284252583981 1843.4381212443113 243.5491648465395 137.87421329319477 229.81072017550468 291.9746720045805 212.59389053285122 329.55569295585155 116.19142386317253 270.92902018129826 255.7871385216713 126.90293483436108 1480.9715121090412 578.08132539689541 237.28613530099392 280.78803817927837 124.86174927651882 120.14471723139286 178.59357908368111 117.41594365239143 232.45232051610947 102.30869872868061 458.79566121101379 111.60401083528996 239.53657460212708 155.01011891663074 287.21799622476101 558.89094373583794 217.83507990837097 158.09253318607807 275.29845507442951 309.55721285939217 117.68431068956852 109.9350518733263 114.19452081620693 138.41756194829941 294.81896197795868 144.15125970542431 197.2427971214056 138.47112688422203 144.8020474165678 102.1763237118721 137.91808904707432 188.5285300463438 405.18424308300018 118.4776768386364 499.61374744772911 394.89007711410522 223.34948818385601 119.85620929300785 151.65286377072334 216.58289723098278 576.92139174044132 156.82580916583538 910.53897345066071 136.04727554321289 399.28334556519985 102.68519528210163 224.08346055448055 178.14880195260048 112.60354793071747 159.72129499912262 100.67490555346012 203.56146943569183 284.31795054674149 279.34895572066307 106.16148233413696 106.66927196085453 105.20165468752384 168.40998716652393 109.41627080738544 109.62028856575489 100.41837023198605 5027.8572520762682 1482.0144208818674 547.99132603406906
leaf_count=1484 812 3383 747 3984 574 604 1416 402 1756 749 4443 1989 1204 469 414 863 557 4344 617 887 3898 492 2403 956 2542 601 7055 550 4609 415 1319 526 933 765 451 561 1009 925 402 1119 999 2428 792 573 1137 6603 485 485 877 541 725 7386 975 552 920 1169 851 1320 465 1085 1024 508 5946 2329 950 1124 500 481 715 470 931 410 1839 447 962 622 1151 2239 872 633 1103 1239 471 440 457 554 1180 577 790 555 580 409 552 755 1622 475 2008 1585 895 480 607 868 2316 628 3645 545 1598 411 897 713 451 640 403 815 1138 1118 425 427 421 674 438 439 402 20155 5935 2201
internal_value=3.21534e-05 0.000984434 -0.00146336 -0.000148615 -0.00251753 0.00159182 0.000129537 -0.00304107 0.00107452 -0.000234417 -0.00338158 0.000474279 5.58027e-05 0.000403238 0.00243636 -0.00390618 -0.00299547 -0.0052781 -0.0024563 -0.00286649 0.00257684 0.000517301 0.00349149 -0.00407617 0.00298822 0.00370937 -0.000642577 -0.000190692 0.000515031 -0.00126877 -0.00157848 -0.000956226 -0.00135709 -0.00031733 -0.00104088 0.00216274 -0.00503993 -0.00159203 0.00214785 -0.00250417 -0.00369017 0.000423251 0.00344084 0.000478509 0.0022155 -0.00376133 -0.00794779 0.00274031 -0.000198821 0.00177139 0.00372237 -0.000546422 -0.000463566 0.00011287 -5.6887e-05 0.000165225 -0.00210405 -0.00156641 -0.000671981 0.000655372 -0.00127397 -0.00451103 0.00268001 -0.00757514 0.00114567 0.00125714 0.00357208 0.00188644 0.00061732 -0.00208183 -0.00180179 -0.00217754 -0.00433968 -0.00144569 0.00157049 0.00072511 -0.000579776 -0.00152829 -0.00202255 0.00193002 0.00295695 0.00154022 0.00278884 0.00519091 -0.000681975 0.00209679 0.000738624 -0.00358629 -0.00388818 0.00235869 -0.000176606 -0.00201436 -0.00385458 -0.00180492 0.00262193 0.00106553 0.00153405 -0.000215328 -0.0033439 0.00179411 -0.00300539 -0.00273997 0.00260843 -0.000888473 -0.000151377 0.00324658 0.000313581 0.00155801 -0.00127017 -0.00265989 0.00135444 0.000341041 0.00207579 -0.000425688 0.000775026 -0.000707796 0.00384493 -0.00249102 -0.000542605 -0.00263359 -0.00332462 0.0023332 0.000235627 0.00168602 0.00139135 0.00345673
internal_weight=45604 27866.6 17737.4 9730.32 7746.67 18136.2 1281.64 6465.03 11918.7 3099.55 5895.45 7314.07 6191.21 2673.68 712.152 4788.38 2916.21 1872.17 2656.87 2503.12 6217.51 509.402 3231.29 425.876 2861.65 2228.24 9990.77 7205.28 4360.98 2844.31 2740.65 2411.34 2279.97 1794.93 1603.83 1615.94 485.036 1491.18 287.071 1204.11 924.564 5543.08 498.158 569.585 426.729 1868.24 259.341 1122.86 634.878 416.21 315.889 1960.38 2745.03 5044.92 4907.05 4677.24 819.104 1593.5 1263.94 3858.13 911.951 382.69 1630.51 792.75 529.261 2946.18 618.112 493.25 2328.07 675.004 2785.48 2553.03 791.186 332.39 2986.21 2014.82 1198.36 1043.35 2416.26 1001.86 713.296 1475.79 941.616 419.492 534.177 275.831 522.124 258.346 484.461 386.678 248.207 222.321 443.863 326.447 786.391 230.082 8819.17 1141.84 373.95 7677.33 648.125 569.487 816.458 1421.25 1203.41 292.873 1020.39 726.052 326.769 294.34 767.89 655.286 495.565 1541.68 982.806 673.083 309.723 558.874 380.281 273.612 393.734 404.439 381.206 7557.48 6509.87 1047.61
internal_count=182787 111693 71094 38963 31094 72730 5137 25957 47776 12419 23673 29289 24788 10714 2853 19230 11694 7536 10652 10035 24954 2041 12976 1705 11492 8950 40000 28843 17456 11387 10972 9653 9127 7185 6420 6468 1942 5969 1149 4820 3701 22192 1996 2284 1711 7490 1042 4501 2545 1668 1266 7855 10988 20196 19644 18724 3279 6379 5059 15445 3651 1532 6547 3192 2119 11794 2475 1975 9319 2702 11157 10226 3171 1332 11978 8080 4802 4180 9674 4016 2859 5907 3769 1679 2138 1104 2090 1034 1941 1549 994 890 1777 1307 3148 922 35357 4578 1499 30779 2596 2284 3278 5690 4818 1173 4084 2906 1308 1178 3079 2628 1988 6171 3934 2694 1240 2237 1522 1095 1576 1619 1526 30299 26090 4209
is_linear=0
shrinkage=0.02


Tree=38
num_leaves=127
num_cat=0
split_feature=11 15 26 191 90 212 205 17 103 73 226 226 153 103 192 95 87 73 112 212 133 212 183 154 236 226 121 143 77 226 217 73 80 193 114 204 180 212 190 143 204 186 143 6 232 154 216 216 112 95 101 143 213 213 114 176 204 80 68 145 111 77 166 217 73 194 176 80 137 224 103 77 177 220 217 22 101 113 226 150 156 100 192 83 98 101 118 83 153 152 194 69 227 220 183 69 137 150 226 226 125 191 224 14 137 192 103 227 155 180 111 197 193 111 193 183 205 137 100 81 205 152 226 32 213 11
split_gain=159.576 41.4707 38.8208 30.0102 26.666 19.5045 19.5515 19.482 18.5229 18.5126 16.0454 15.728 15.718 16.0004 15.0051 17.3931 16.7117 15.5288 14.9732 14.8986 16.9445 14.6475 14.5591 14.5474 14.3507 14.2688 16.2703 14.1058 13.7074 12.7163 15.0765 15.7998 14.1224 15.5361 12.5634 12.5262 17.7493 13.4131 12.0976 12.9129 13.6386 12.6047 13.0135 11.8766 14.0442 15.6941 12.1319 11.8731 11.859 13.466 13.2404 11.662 11.6004 13.4002 13.5257 11.5547 12.897 11.3258 11.7041 11.2507 11.6679 11.801 11.1674 13.3091 11.0665 11.0479 14.2449 11.0456 17.6618 11.0028 11.0554 19.4042 13.3658 10.9531 13.0734 15.7952 15.1816 13.8555 21.0696 17.6526 12.7206 17.007 15.7377 12.7195 15.8386 15.8963 12.3383 10.9048 10.8346 15.4269 14.1554 12.297 14.4262 10.7634 16.3505 18.8247 10.4517 10.4418 10.2642 10.1897 10.0627 10.056 10.003 10.795 18.2235 14.1909 10.3688 10.9579 9.99401 11.1763 9.92897 9.89211 12.3505 9.89134 9.84138 9.80669 13.2712 9.55013 15.9385 9.51431 9.43824 9.42905 9.40808 9.33661 10.9777 9.31234
threshold=-3.6976707633584731e-05 0.1182755045592785 0.24331474304199222 0.0054581793956458577 -0.00064309380832128216 0.018277158960700039 -0.30741673707962031 1.0000000180025095e-35 -0.0012851015198975799 -9.0760957391466932e-05 0.27137753367424017 -0.028929535299539563 -0.00076458181138150383 -0.0017537391977384684 -0.0035334036219865079 5.9480948038981303e-05 -0.002947060856968164 -2.3208637685456775e-05 -0.082150463014841066 0.011312261689454319 -6.7169279645895572e-05 0.012846183031797411 0.01859273482114077 0.0038335811113938694 0.31664358079433447 0.18634691834449771 0.0004355661512818188 0.076398745179176344 -0.00015066294145071876 -0.13448069989681241 -0.0028631457826122637 -2.2645103854301848e-05 0.0019211394246667626 0.0047225109301507482 -0.00093830784317105998 0.0058095713611692199 0.012155285570770504 0.019849191419780258 0.00099621753906831167 0.35485914349555975 -0.0084156035445630533 0.0033715484896674757 0.4720842987298966 1.0000000180025095e-35 2.5000000000000004 0.0006404999876394869 0.6679629683494569 0.52312788367271434 0.052635254338383682 0.00025132695736829197 0.00078295485582202684 0.88097000122070324 0.0019209320307709279 0.0020080166868865494 -0.00195394130423665 0.0010946076363325121 0.0033215658040717248 -6.2403723859461011e-05 -0.00070364185376092781 0.0011536123347468676 1.1826982245111141e-05 0.00058413698570802819 0.0032678231364116077 -0.011766134761273859 1.36408430080337e-05 -0.0097000338137149793 0.0013984827091917398 -0.0044683211017400018 0.00060845099505968403 inf -0.00010928329356829634 0.00015476129919989037 0.0012412708019837739 -0.0009970714454539118 -0.0049746502190828315 0.00046201316581573343 0.00045439538371283566 0.65000000596046459 0.010685465298593046 0.069261863827705397 -0.0023586855968460436 0.00024326998391188684 -0.0045622754842042914 0.00052806531311944138 0.0019693467766046528 0.00060117640532553207 -0.00055914869881235052 0.0012384047731757166 0.0013405419304035606 0.00013486893294611948 0.003343197982758284 0.0005870369786862285 0.45000000298023229 -0.013379899784922598 0.0019892583368346099 0.0016750565846450629 0.00052689365111291419 -0.1970521807670593 0.30560660362243658 -0.17449720203876493 0.003801727201789618 0.0020630040671676402 0.030629519373178486 0.00016363367467420178 0.00056776401470415305 0.0035536383511498575 -0.0027973703108727928 0.55000001192092907 0.00028155202744528657 0.0046182882506400355 2.150423188140849e-05 -0.0023280151654034849 -0.0020444371039047833 4.1599318137741654e-05 0.002649423549883068 0.0044007347896695146 0.2618024349212647 0.0004744578327517957 0.00069746104418300103 0.00023908094590296972 0.064014676958322539 -0.00052771411719731976 -0.0059242523275315753 0.27869910001754766 0.0021845014998689298 0.00025166505656670784
decision_type=2 2 2 10 2 8 10 2 8 8 8 8 10 10 10 2 2 10 10 10 2 10 10 10 10 10 2 10 2 10 8 10 10 10 2 10 8 8 10 10 10 10 10 2 2 10 10 10 10 2 2 10 8 8 2 8 10 10 10 10 10 2 2 8 10 8 10 10 10 8 10 2 2 10 10 2 2 10 10 10 10 10 8 2 10 2 10 2 10 10 10 10 10 10 10 8 10 8 10 10 2 10 8 2 10 10 10 10 10 10 10 10 10 10 10 10 10 10 10 2 8 10 8 2 10 2
left_child=2 4 9 5 19 14 10 8 11 34 12 57 -7 -14 15 28 27 18 -17 59 -21 -22 25 52 -11 35 -27 -16 65 30 31 -10 33 97 -1 36 62 115 39 40 -33 42 -41 -18 45 -45 47 111 49 50 -23 100 122 -54 -55 119 64 67 -59 -2 61 -61 63 -6 101 -4 -67 -3 -69 70 71 98 -72 74 80 88 -77 78 108 -79 82 -82 86 84 85 -83 -65 -34 89 90 113 -91 -93 94 -73 -96 -94 -32 -31 -42 -28 110 103 104 -13 -106 -105 -108 -78 -110 -57 -46 -113 -76 -80 -37 -117 -64 -119 -26 -43 -48 -8 -56 -125 -35
right_child=1 7 3 -5 22 6 23 -9 29 24 -12 102 13 -15 16 17 43 -19 -20 20 21 48 -24 -25 55 26 51 -29 -30 69 32 38 87 125 -36 37 -38 -39 -40 41 99 120 -44 44 46 -47 121 -49 -50 -51 -52 -53 53 54 123 56 -58 58 -60 60 -62 -63 117 73 -66 66 -68 68 -70 -71 72 93 -74 -75 75 76 77 79 114 -81 81 83 -84 -85 -86 -87 -88 -89 -90 91 -92 92 96 -95 95 -97 -98 -99 -100 -101 -102 -103 -104 106 105 -107 107 -109 109 -111 -112 112 -114 -115 -116 116 -118 118 -120 -121 -122 -123 -124 124 -126 -127
leaf_value=0.0074176205960910417 0.0074945581188560545 0.0019445048362084145 -0.00059766191163634647 -0.0027229417785610737 -0.0035864069070602827 0.0058509177949604904 -0.0016714942352197568 -0.0035931223236322948 0.0033620985033385397 0.0025882669130960706 -0.0043570684783023313 -0.003447878307077365 -0.0043740042434980706 0.0035516203791856943 0.001058707874160578 0.0010779522910969262 0.0021340838556256282 0.0025316966448304707 -0.0090855866117950865 -0.0016099608803602219 -0.0032188703552015392 0.00054302236683961987 -0.0070453515436205471 0.0051321765894698545 0.0024667015229251693 -0.0025652491156330083 0.007443719687768067 -0.0059876530590870971 0.0073095959714939672 -0.0042343373687806912 0.0061608965572235675 0.0025647868371700224 0.0078274876603127604 0.00052439473978968607 0.002685804545306667 -0.0090398368234559431 0.0063281727987051974 -0.00043104144792543612 -0.0055610499627804467 0.0079130582654345152 -0.0063682951092451931 -6.0010797580656498e-05 -0.00022837374251130006 0.00034782539670376062 -0.0026352588142840813 -0.0038497108507413213 0.0083870069638531438 -0.0034766837363340848 0.006846282526217524 -0.0022376241540168701 0.0067164579694428267 2.5326858533406969e-05 -0.0085821272818398502 0.0045450192001920253 -0.00035767564284800753 -6.4485241299218403e-05 -0.0033688155301738673 -0.00099848050500842976 0.0056892824481305192 -0.003205453423625743 0.0063464501369925952 0.0046442093539120896 0.0015019624881923497 -0.0026036705257818054 0.0040379032265204801 0.0025436430629965294 0.0094067623008314543 0.00041729032212415104 -0.0060907696150594593 0.0035227822175190326 -0.0099301402795988827 -0.0034669587261904255 -0.0032112294510746749 0.0033569671457138288 -0.0081684855640188955 0.0064694500316974501 0.0022414801225885922 -0.0064770196251824532 0.00084101166381993003 0.0024866440886958806 -0.0049627717952796134 0.0050744010480630024 -0.0042162747178608349 0.0007022512023176085 0.0077296507259463293 -0.0039948924555093862 0.0051968065404188694 0.00055344331530602655 -0.0063905736672895952 0.0045318440707792125 0.00023204715286411225 0.0044984334021109067 -0.0061445611638450016 -0.0019841544331270495 0.007008684779449297 -0.00069932846639165613 0.00044884159161355459 -0.00049388781784557808 0.0020067375420839599 0.00053870872781744048 0.00084217966428453534 0.002975146196786781 0.0059261824155994259 -0.0056392000121074926 0.0069810532021505759 -0.001234637630495994 0.0024966132205288668 -0.0041290773892892658 -0.0054583944800259115 0.00021246953264006307 -0.0059492147256507179 0.008727078264445012 0.00039853950213324102 -0.00091072759690636511 0.007587681114575349 0.0019227669295993775 -0.0056387801778058121 -0.007424464842092823 0.00092866874662520492 -0.0023787745272398244 -0.0059475255892863545 0.0020525515922838826 0.0042419900458635102 0.0022104075741751915 -0.0038517183703797291 -0.0064386803382377464
leaf_weight=417.99599748849869 229.85066914558411 144.64485184848309 279.13559320569038 1026.7639580219984 499.23767480254173 397.34021389484406 187.47358900308609 2209.1012547016144 186.51323081552982 4947.6256050169468 114.00929398834705 125.88622270524502 156.67115500569344 220.77798701822758 197.58944153785706 104.24542857706547 2608.9424896687269 310.39990089833736 100.76351061463356 782.8833180218935 157.59332618117332 303.83077616989613 125.36609737575054 116.42872898280621 1473.0891544818878 252.56784062087536 266.56045745313168 231.95417150855064 365.3602726906538 1808.3133416026831 134.227971971035 102.10788345336914 157.43082712590694 119.18597531318665 536.93373315036297 159.89800637960434 123.85037016868591 447.4211198836565 387.61628730595112 115.52803620696068 412.79688818752766 360.32745561003685 184.16778554022312 1259.9305466711521 101.89044444262981 475.22905296087265 150.85036517679691 200.81219081580639 231.73098932206631 223.06448602676392 242.24590767920017 280.03032879531384 104.11351196467876 109.85894112288952 731.79583868384361 323.33230218291283 417.34771031141281 360.06104210019112 125.09896315634251 189.33943244814873 140.37817896902561 100.91937473416328 108.60749867558479 127.1460669785738 270.80470059812069 627.45087365806103 138.88733097910881 249.02566862106323 470.61009873449802 99.793258041143417 158.84407489001751 219.57782424986362 456.74055363237858 300.18536567687988 282.76022508740425 117.41228555142879 219.5996345281601 256.74445413053036 161.37979425489902 115.87703916430473 115.64270561933517 152.8908509016037 358.48229616880417 717.68145249783993 297.8265675753355 120.68766413629055 166.15828178822994 160.09895297884941 252.42969579994678 171.1137667298317 192.81955051422119 106.42703507840633 202.07647447288036 2055.4285701066256 215.84865771234035 266.88893522322178 165.11435362696648 235.87942939996719 100.54518015682697 102.75741727650166 144.5720207542181 200.13147231936455 160.0088849067688 130.11960892379284 295.27737262845039 107.3563839495182 301.2115171700716 125.06920894980431 261.57614284753799 271.72016450762749 158.10568210482597 113.10161791741848 157.53927865624428 107.16553132236004 181.34307351708412 130.08136743307114 246.09367476403713 279.54126490652561 125.60529585182667 165.88511888682842 136.35607676208019 249.81044480204582 208.95291490852833 120.90486910939217 1090.7664048224688 182.6746307015419
leaf_count=1683 921 579 1120 4111 1998 1594 751 8874 747 19852 457 504 628 885 793 418 10459 1245 404 3134 631 1217 503 466 5914 1011 1067 930 1465 7249 538 409 631 478 2157 640 496 1792 1555 463 1655 1445 739 5045 408 1902 604 804 928 893 970 1122 417 441 2933 1298 1674 1442 501 758 562 404 435 509 1086 2517 557 997 1884 400 638 880 1834 1202 1132 470 879 1028 646 464 463 612 1435 2873 1192 483 665 642 1011 685 772 426 809 8244 865 1070 661 946 403 412 579 803 641 521 1182 430 1206 501 1047 1088 634 453 631 429 726 521 986 1120 503 665 547 1000 837 484 4367 733
internal_value=-2.03045e-05 -0.00112311 0.00124934 0.000517734 -0.000228596 0.000818264 -0.000403962 -0.00188363 -0.00153295 0.00225245 0.00213505 -5.57962e-05 0.00317595 0.000207301 0.0013847 0.00290444 0.000867077 -0.000236837 -0.00428106 0.00153838 0.000638583 0.00215967 -0.000764777 -0.00125865 0.00192726 -0.000655649 0.00163953 -0.00284344 0.00403928 -0.00199015 -0.000932696 -0.00193025 0.00107019 -0.000589857 0.00486671 -0.000946399 -0.000625866 -0.00302901 -0.00250902 -0.00160651 -0.00372747 8.94917e-05 0.00320872 0.00117631 0.00024508 -0.000832572 0.00214301 0.000241745 0.00305302 0.00176562 0.00342217 0.003205 -0.00158762 -0.00216343 -0.00175833 0.000830363 -0.000522341 -0.00154059 0.000882939 0.00408663 0.00201577 -0.000352779 -0.000778892 -0.000527207 0.000768671 0.00278066 0.0039951 -0.00289023 -0.00388831 -0.00256959 -0.00269754 -0.00234626 -0.00520288 -0.000233395 -0.000456051 -0.00128029 0.000110071 -0.000478583 0.00066542 -0.00370484 0.000773108 0.00183673 -0.00150565 0.00251321 0.0046871 0.00107394 0.00186499 0.00441002 -0.00275161 -0.0019128 -0.00421326 0.000230688 -0.00144393 -0.00125865 0.000860778 0.0028889 -0.00330967 0.00211174 -0.0038882 -0.00502292 0.00526909 -0.000608358 0.00155256 0.000811928 0.00280889 0.0048357 -0.00111661 0.000454734 -0.00121351 -0.00266579 -0.00215725 0.00232117 0.00424009 -0.00631555 0.00463238 -0.00510386 -0.00305893 -0.00355136 -0.00491293 0.00195351 -0.00184398 0.00472286 0.00149948 -0.00215731 -0.00322075 -0.00382765
internal_weight=45547.7 24376.7 21171 12259.8 11213.5 11233 3559.09 13163.1 10954 8911.25 888.799 2594.37 774.789 377.449 7673.89 1926.24 5747.65 515.409 205.009 2601.84 1941.35 1158.47 8611.69 2670.29 7956.32 8486.33 943.731 429.544 1410.83 8359.65 2977.67 1988.17 989.498 671.968 954.93 7542.6 6559.1 983.494 1801.66 1414.04 617.662 796.379 299.696 5318.11 2709.16 1735.16 974.004 573.344 1000.87 769.141 546.077 691.163 2553.87 2157.44 2053.33 3008.7 1369.72 1349.44 485.16 660.488 430.637 290.259 6435.25 5921.5 952.374 1045.47 766.338 864.281 719.636 5381.98 5282.19 4666.6 615.585 5422.26 5122.08 3065.56 1585.65 1468.24 1095.62 372.621 2056.52 1404.73 651.787 1289.09 571.405 273.579 293.304 317.53 1479.91 1227.48 582.745 644.732 473.618 2757.74 702.315 482.738 367.191 370.107 1908.86 515.554 411.132 681.569 1244.93 1084.92 528.52 402.634 556.4 426.281 752.896 533.296 481.438 372.531 270.641 389.926 342.723 536.073 376.175 513.754 405.147 1638.97 496.684 400.661 396.427 1943.47 1211.67 301.861
internal_count=182575 97683 84892 49126 44898 45015 14260 52785 43911 35766 3564 10388 3107 1513 30755 7726 23029 2067 822 10418 7773 4639 34480 10696 31926 33977 3779 1723 5659 33523 11940 7972 3968 2695 3840 30198 26259 3939 7225 5670 2476 3194 1202 21306 10847 6947 3900 2296 4008 3080 2187 2768 10230 8642 8225 12074 5495 5403 1943 2645 1724 1162 25763 23705 3821 4194 3074 3460 2881 21583 21183 18711 2472 21707 20505 12273 6348 5878 4386 1492 8232 5623 2609 5160 2287 1095 1174 1273 5925 4914 2333 2581 1896 11059 2815 1935 1470 1484 7652 2067 1646 2735 4985 4344 2116 1612 2228 1707 3014 2135 1932 1492 1084 1561 1372 2147 1507 2058 1623 6579 1992 1604 1588 7784 4851 1211
is_linear=0
shrinkage=0.02


Tree=39
num_leaves=127
num_cat=0
split_feature=9 52 9 180 26 148 231 231 117 224 97 231 231 97 224 3 7 97 179 204 232 19 232 117 113 192 123 149 194 135 215 5 231 181 231 49 28 150 214 216 100 121 105 148 149 145 87 152 133 116 117 204 22 174 231 143 148 133 212 163 34 204 145 192 217 217 128 73 19 147 116 70 26 152 214 100 150 179 117 179 215 41 192 25 180 181 179 184 217 214 69 7 105 163 69 226 167 187 1 113 221 105 71 231 181 187 28 111 36 176 224 1 212 152 176 30 117 187 204 154 226 231 187 52 38 9
split_gain=149.107 31.3757 26.7742 25.1474 20.817 19.546 19.0658 41.7321 32.9477 24.0473 20.4394 18.9936 64.2375 24.5031 18.4419 17.4734 17.1007 19.0572 16.9115 15.7733 15.4844 16.5489 15.4813 15.591 14.7341 14.7312 14.7782 14.624 14.1924 14.8457 14.1144 15.3654 13.7904 16.7768 13.7704 16.1641 14.3198 13.9423 13.5199 18.4429 13.8862 13.4457 15.0613 13.3894 14.7133 17.464 13.8349 13.0835 14.0578 17.6269 20.9553 17.5362 14.9705 14.5292 14.7655 16.6776 14.9359 13.2619 13.0567 13.8936 13.0332 12.9666 12.9598 12.7859 12.5231 15.9103 14.056 12.39 12.655 12.1598 13.7391 13.7367 15.209 12.1322 13.1123 13.6953 12.295 11.9288 11.6153 11.4625 15.1385 14.9704 11.447 16.3551 11.4249 13.7953 11.3061 12.2061 14.422 11.2782 11.1229 13.9071 12.6213 11.0923 11.0312 10.946 11.2222 16.6537 10.923 10.8287 10.8135 16.0286 12.7563 10.6095 10.5852 12.704 15.1672 11.4168 11.9598 10.5066 11.3094 10.4207 10.3696 10.3268 10.3037 13.182 13.5641 13.5073 12.4044 12.1486 10.6632 13.2165 10.6248 14.9046 10.2523 10.7514
threshold=-1.442299026166438e-05 4.3948659367742955e-05 -0.00018290978186996651 0.0010264229495078327 0.42869852483272558 0.0072907730937004098 0.10669767111539842 -0.5206359028816222 -0.0017330602859146891 0.027403737418353561 -0.87270227074623097 -0.0065449222456663838 -0.57536083459854115 0.8211859166622163 0.0019215543870814147 0.00016100787615869197 -0.00019477736350381744 0.14356461167335513 -0.00485669495537877 -0.011049596592783926 3.5000000000000004 2.186031360906782e-05 2.5000000000000004 0.00066253906697966169 0.65000000596046459 0.0012717097997665407 0.0039080840069800624 -0.00014911253674654287 0.011783400550484659 1.0777711868286135 0.0027887955075129871 0.00012925766350235793 -0.028357730247080323 0.51233118772506725 0.47523921728134161 0.00039552652742713695 0.00030881333805155014 -0.076852597296237932 0.0022302691359072928 0.44628696143627172 0.00035964223206974571 0.00039482174906879669 0.11219638958573343 0.0093841142952442187 0.000189773811143823 0.0020884717814624314 0.0028593767201527957 -0.0017351919668726621 -8.071818956523201e-05 -0.00057905571884475638 -0.0011411095620132981 -0.0080713545903563482 0.0020777413155883555 0.006831889972090722 0.47523921728134161 0.46273870766162878 0.0044371515978127727 1.0809974810399582e-05 0.01472179824486375 0.0056125270202755937 0.00043690130405593669 -0.0063447561115026465 0.0016159084043465557 0.00193995563313365 -0.0021761122625321145 -0.0024739431682974096 0.001340405142400414 4.402653394208756e-05 -4.8323424834961762e-06 -0.00090609988546930243 0.0022617217618972067 0.79724746942520153 0.32879033684730535 -0.00025119137717410917 0.0015715747722424569 0.00066325272200629126 -0.040240930393338196 -0.00050725715118460346 0.0020352338906377558 -0.0032790573313832279 0.0039542089216411122 -0.0013842139742337165 0.0030762084061279897 0.00016423518536612394 0.0050377196166664371 0.45788978040218359 -0.0024382255505770441 0.065479572862386717 -0.016456240788102146 0.0033417927334085111 0.00038603410939686006 -0.00016154395416378972 0.25530590116977697 0.0049792176578193912 0.001018933951854706 -0.16379893571138379 -0.28991086781024927 -0.00036322083906270558 -0.00014735052536707369 0.45000000298023229 0.0081195826642215269 0.75393185019493114 -0.00066818337654694904 -0.83025357127189625 0.20222893357276919 -0.00027364192646928126 0.00057959626428782951 2.7897754080186136e-05 -0.047583051025867455 0.00088708661496639263 0.021468777209520343 0.00019828593940474096 0.0072910040616989144 0.00038412747380789375 0.0014841243973933162 -2.8895261493744325e-05 0.00023658312420593577 -0.00012584950309246776 -0.0025953587610274549 0.0022451175609603529 0.047808703035116203 -0.70864605903625477 -0.00020117905660299582 0.00049985706573352229 6.2565053667640327e-05 0.00039433519123122101
decision_type=2 2 2 10 2 8 2 2 8 8 10 2 2 10 10 2 2 10 10 10 2 2 2 10 10 10 2 10 8 10 10 2 2 10 2 2 2 10 8 8 10 2 10 10 10 10 2 10 2 10 8 10 2 10 2 10 10 2 10 2 2 8 10 10 10 10 2 10 2 8 10 10 2 10 10 10 10 10 10 10 10 10 10 2 10 10 10 8 8 8 10 2 10 2 10 8 2 10 2 10 8 10 10 2 10 10 2 10 10 10 10 2 10 10 10 2 10 10 10 10 10 2 10 2 2 2
left_child=2 14 6 109 5 67 7 20 10 16 63 12 114 22 24 69 18 84 27 -14 21 43 23 61 86 -11 -27 -9 29 30 -15 -32 -17 -34 35 36 64 -37 40 -40 -25 42 103 44 45 79 -45 -10 98 50 -50 -51 53 54 -53 -56 -57 -52 59 -7 -21 -13 -62 -8 65 -16 -66 68 112 70 89 72 -71 76 -75 -76 -36 -74 -55 80 95 -82 83 -47 85 -18 87 99 -89 -5 -12 92 -92 -41 -22 -1 97 -97 -49 -2 102 -102 -24 -23 105 -38 -107 -106 -109 -4 -111 -64 -3 -20 115 116 120 122 -116 -120 121 -6 123 -118 125 -60
right_child=1 4 3 15 11 58 8 9 47 25 90 13 19 28 34 32 17 -19 113 60 94 41 100 38 -26 26 -28 -29 -30 -31 31 -33 33 -35 73 37 104 -39 39 93 -42 -43 -44 46 -46 82 -48 48 49 51 57 52 -54 78 55 56 -58 -59 124 -61 62 -63 111 -65 66 -67 -68 -69 -70 71 -72 -73 77 74 75 -77 -78 -79 -80 -81 81 -83 -84 -85 -86 -87 -88 88 -90 -91 91 -93 -94 -95 -96 96 -98 -99 -100 -101 101 -103 -104 -105 107 106 -108 108 -110 110 -112 -113 -114 -115 118 -117 117 -119 119 -121 -122 -123 -124 -125 -126 -127
leaf_value=0.0037885477886409171 0.0027796300751820875 -0.007298113008943197 0.0037608034587247497 0.00052829899083904695 -0.0049350308108669872 -0.0025578758124932171 0.0071315073242122287 0.0051822331384048419 0.0053913704224648586 -0.004382726426164928 -0.0029810553400675781 -0.0025870152584696786 0.0013993104972957239 -0.0067608978598916215 -0.0005343772471198356 -0.0052088871223842552 0.002937728326948507 -0.002263867952466715 0.0090699077157088744 -0.0033227518313874681 0.0045422785429390135 0.0033335586883383884 0.0043643735542538767 0.00076884273650429955 -0.0045612562364811702 0.0061534728685364512 -0.0024979562038994732 -0.0027200095868485609 0.0018173303241191493 -0.0078797237874090563 0.0017325574672933917 -0.0039539048945390351 0.0049706279646011793 -0.0038151695502402555 0.0016418958919172265 -0.0014141115728071516 -0.0025546729597540219 0.0044926935418762885 -0.0038874570422496369 0.0078285736369346094 -0.0066508472404119322 0.0034300052598069419 -0.0074643457390293402 -0.0072741482135641753 0.0055061759348914085 -0.004175937882307682 0.00023231777222633185 -8.1582091559031891e-06 -0.0044187309783696206 0.0041058304997958249 0.0087978013210907278 -0.0050156873241443776 -0.0068080881866503726 0.0033411373133922246 -0.0054911824773762278 0.0063086943828247668 -0.0022865534915132396 0.0020254799424863175 -0.0076016101532250403 0.0050699270382775401 -0.012535366440769878 0.0048129040899320685 -0.0051027894491396629 0.0012741753702516405 0.0048792938265531582 -0.0077172303386549472 -0.0021025361192328908 0.0019559339979984829 0.0026964499818505549 0.0022635794309866474 0.0046849727834113591 -0.005655596897554023 -0.0064235064515289252 -0.0027054006942318688 0.0066560218717780367 -0.0014447180999502952 -0.0034207078474745478 0.0012622740610777386 -0.0023706814987637793 0.0054320923225670463 -0.0015802775474213194 0.0071714677669833787 0.0026284142708050511 0.0013201477713467543 -0.00063858088321217617 0.008212381119671909 -0.0026750729332009875 -0.0019980734814705422 0.005387428950901425 -0.0026101754157924679 -0.0034012721315503165 0.0082058746878814724 0.0043980354694791775 2.5099908510688549e-05 -0.0013478079700669089 -0.0038107979311662755 -0.0044562390700779372 0.0062285667463012175 -0.0042597922738179311 -0.0025591302181441561 -0.0065648154547421275 0.00056839670215588854 -0.0020019879277680371 -0.004664575992704768 -0.0035003973814702882 0.0037087414241550975 -0.0023620531803225059 -0.0033107139043787532 0.0053900235535048911 0.0017482875189253361 -0.004032542548022538 -0.0094943067372980586 -0.0011686778838319613 0.0036814323616486291 -0.0024013498182776593 0.0011094129628979818 0.004253404737703457 -0.0023513596939476042 0.0058637910801099457 -0.00032812457561136267 -0.0088526392551611099 0.0028329295164342717 0.0064127909286033763 -0.005659922094902162 -8.3335263720938426e-05 -0.00020273856655598696
leaf_weight=166.64350333809853 331.99964664876461 112.12500642240047 978.48481495678425 4767.3783473372459 327.90762397646904 248.63135097920895 536.87401679158211 288.59923855960369 136.21806931495667 173.1732824742794 208.01522676646709 100.4060260951519 114.39163880050182 234.01396597921848 2657.157397583127 452.92833329737186 539.21511487662792 206.62333615124226 726.36953401565552 596.58280965685844 715.52379216253757 127.39710402488708 174.14298416674137 184.81247943639755 124.82693211734295 170.69102755188942 120.03500126302242 119.67764320969582 182.6580325961113 284.68816418945789 350.24686999619007 374.47650620341301 139.84952816367149 170.6477963924408 443.24129435420036 264.72607538104057 735.53374610841274 356.30451281368732 130.8641854673624 162.3275977820158 192.76423525810242 105.9275361597538 223.95461292564869 120.28553049266338 328.02752570807934 494.47839215397835 323.56444135308266 408.50644446909428 100.61075659096241 246.01949597895145 192.91487577557564 416.05193299055099 164.34483288228512 427.13699336349964 121.47760461270809 171.99785529077053 125.62940369546413 289.01191015541553 348.59047591686249 128.23710384964943 152.23929107189178 549.11401933431625 1081.5772150754929 217.287598118186 320.91208213567734 109.63156893849373 160.30312199890614 1210.120563775301 272.19008380174637 372.53712524473667 272.32769475877285 264.78344470262527 191.83901143074036 100.93068423867226 343.79564881324768 100.18052779138088 308.06060968339443 121.3942664116621 192.05579876899719 386.93797135353088 101.76431612670422 246.48742912709713 284.2854727357626 360.89654411375523 159.93079885840416 333.44896350800991 158.58315077424049 113.90188471972942 679.61081248521805 486.57622823119164 162.33964595198631 101.71411061286926 132.35727222263813 121.57781399786472 144.25890046358109 111.08058638870716 272.88807567954063 114.74520552158356 572.23591108620167 247.92417742311954 306.17694066464901 200.47346076369286 338.34740476310253 100.71681736409664 2003.3487000763416 381.47263494133949 261.37666937708855 103.86528107523918 110.61847740411758 771.05066713690758 143.82523028552532 312.73619994521141 748.06587685644627 224.84840987622738 306.43292687833309 479.840492233634 101.69233866035938 1609.4178244322538 220.10291440784931 264.2349050194025 184.82083347439766 102.40904805064201 115.16200651228428 101.40097060799599 155.7109112739563 101.25561164319515
leaf_count=669 1330 449 3929 19093 1313 996 2161 1161 547 695 835 402 459 940 10640 1813 2167 828 2925 2396 2871 511 697 740 500 685 481 481 733 1143 1405 1506 560 683 1774 1061 2946 1428 524 650 772 424 897 482 1315 1982 1296 1638 404 986 774 1667 659 1712 487 689 503 1160 1397 514 614 2199 4359 873 1285 439 642 4845 1090 1491 1090 1060 768 404 1376 401 1233 486 769 1555 409 989 1140 1446 641 1339 635 456 2722 1948 652 408 531 487 578 446 1095 461 2293 993 1226 803 1355 404 8026 1528 1047 416 443 3093 576 1263 2995 903 1227 1922 407 6444 881 1058 740 410 461 406 624 406
internal_value=-6.34107e-05 -0.0011616 0.00112786 0.000300792 -0.00180536 -0.000431895 0.00172055 0.00233527 0.000741969 0.00414737 0.00336767 -0.00226216 -0.00296048 -0.00116194 -0.000338947 -0.000237474 0.00489085 0.00311108 0.00644454 -0.00562013 0.00114941 0.000601524 5.17435e-05 0.001378 0.00158394 -4.75613e-05 0.0026506 0.00284701 -0.00322815 -0.00398636 -0.00269287 -0.00123301 -0.00305866 0.000203327 -0.000705356 -0.00103578 -0.00131713 0.00200924 -0.000508593 0.00194227 -0.00316315 -0.00252729 -0.00400937 0.00114065 0.00164162 0.00110346 -0.0020279 -0.000272089 -0.000527104 0.000287301 0.00326309 -0.000667098 -0.00143378 -0.00074235 -0.00243898 0.000230895 0.00276509 0.00497897 -0.00276996 0.000162335 -0.00600427 0.00362588 -0.00698304 0.00552042 -0.000350885 -0.000872333 0.00256241 0.00056382 -0.000931991 0.000103452 0.000464538 -0.00196213 -0.000416186 0.00118449 0.00339992 0.00484466 -0.000468825 -0.00354788 0.00155075 0.00258414 0.00141288 0.00466715 -0.000729353 -0.00187987 0.0042092 0.00509204 0.00213696 0.002723 0.00430424 0.000228844 0.000590831 0.00251832 0.000158521 0.00470843 0.00354584 -0.000376918 -0.0018612 0.00138207 -0.00252442 0.000488022 -0.00181503 -0.00382792 0.000243958 -0.000289125 -0.00218305 -0.000790778 0.00124362 -0.00303355 0.00125362 0.0023401 0.000772671 -0.00620811 -0.00211532 0.00789822 -0.00136488 -0.00189405 -0.00246505 -0.00160915 0.000654648 0.00260668 -0.00501209 -0.00304266 0.00206132 -0.000759831 -0.00454172 -0.00601572
internal_weight=45550.2 23701.3 21848.9 9133.62 13283 3324.93 12715.3 7792.48 4922.8 3062.61 1358.59 9958.04 6070.95 3887.09 10418.3 7240.26 2598.71 1239.22 1359.49 2257.53 4729.86 3870.08 2461.01 1441.87 1656.85 463.899 290.726 408.277 1426.08 1243.43 958.737 724.723 763.426 310.497 8761.46 7465.25 6844.22 621.031 792.346 414.77 377.577 557.996 452.069 3312.08 2868.24 2540.21 443.85 3564.21 3427.99 2447.25 582.538 1864.71 1618.69 1454.35 835.157 419.105 297.627 481.927 982.425 376.868 2143.14 649.52 1546.55 754.162 3248 2766.79 481.215 2342.5 1132.38 6476.84 5526.28 950.554 685.77 1296.21 544.907 443.976 751.302 313.233 619.193 1400.55 1013.61 348.252 1139.66 855.375 1032.59 872.664 1532.02 1373.44 793.513 5253.95 604.426 396.411 294.697 283.905 859.783 665.357 498.714 225.826 980.742 579.924 1019.14 506.65 512.49 228.114 3596.22 1378.38 642.849 2217.83 214.484 1893.36 914.876 1394.31 860.191 951.218 3813.42 3022.65 2542.81 1927.67 790.771 484.338 615.138 430.317 318.255 203.093 605.557 449.846
internal_count=182597 94983 87614 36590 53258 13316 51024 31276 19748 12306 5460 39942 24360 15582 41725 28992 10445 4975 5470 9091 18970 15521 9855 5774 6636 1861 1166 1642 5727 4994 3851 2911 3056 1243 35089 29901 27412 2489 3173 1661 1512 2236 1812 13285 11507 10192 1778 14288 13741 9810 2338 7472 6486 5827 3346 1679 1192 1934 3937 1510 8632 2601 6236 3034 13006 11079 1927 9379 4534 25936 22131 3805 2745 5188 2181 1777 3007 1254 2481 5624 4069 1398 4568 3428 4147 3506 6136 5501 3178 21041 2426 1591 1183 1137 3449 2671 2002 907 3931 2323 4081 2029 2052 915 14406 5521 2575 8885 859 7598 3669 5622 3444 3828 15269 12103 10181 7718 3166 1939 2463 1723 1274 813 2427 1803
is_linear=0
shrinkage=0.02


Tree=40
num_leaves=127
num_cat=0
split_feature=13 229 229 231 231 231 229 13 213 81 33 231 217 99 105 31 231 175 99 24 24 178 211 179 231 231 23 116 220 13 231 150 191 156 211 231 142 128 77 175 193 148 209 112 184 40 231 197 40 81 177 163 191 102 181 60 178 80 220 163 23 23 179 163 115 163 185 102 194 148 150 188 13 99 76 211 217 217 26 223 116 76 177 199 188 13 231 142 26 190 73 223 188 193 31 194 23 213 106 150 178 128 173 125 106 223 231 179 116 209 99 201 77 31 29 65 42 220 133 115 223 209 156 60 181 125
split_gain=125.911 38.9241 33.5856 28.8243 38.3486 55.1315 31.7291 26.3324 20.8471 19.69 20.9172 17.0721 16.8508 16.4695 16.2214 15.1831 19.9363 26.811 22.6865 18.8651 16.5412 19.8011 14.9872 15.3493 15.4395 14.3932 18.6527 18.0845 15.1823 19.2287 15.1688 14.2761 15.5268 14.1701 18.1995 14.0782 15.6208 16.308 14.0614 14.4658 13.8717 13.8227 13.463 14.3256 13.2448 13.2092 13.0933 12.918 12.908 16.2039 17.0014 17.7014 12.7075 12.5934 12.8519 12.5781 15.1577 14.6075 13.5702 12.5741 12.5514 12.4078 12.2228 13.3237 13.2931 12.0309 19.0199 15.4899 12.0128 11.7945 16.4172 11.7363 11.6894 11.6123 11.5886 11.3455 11.2187 22.2968 12.1519 11.1804 11.1421 11.0192 10.9904 10.9691 10.9412 10.9234 10.8512 16.1198 14.4492 11.6294 11.9551 10.8673 12.565 14.5564 10.8139 10.8132 12.0447 10.8586 10.7495 10.7407 13.5818 10.7045 16.247 14.3526 11.9275 11.7558 10.6684 15.4169 15.1479 10.8639 10.8596 10.7176 13.4389 11.2088 11.0596 10.9085 10.7589 10.6427 10.5859 10.5502 10.5305 13.8788 13.7238 10.6245 16.1387 15.7734
threshold=-4.1842315567919277e-06 0.15212328732013705 -0.089056201279163347 -0.93743178248405445 -0.028357730247080323 -0.56099891662597645 0.13548360764980319 1.8203269064542841e-05 0.0026801894418895249 0.00086671215831302117 -0.0001020420058921445 -0.72085186839103688 -0.010922912042587994 0.00041495931509416556 0.1692142188549042 0.00021081054001115265 0.15858851373195651 0.0010605632560327651 0.00029447178530972456 5.1226994401076815e-05 6.7763496190309538e-05 0.77571722865104686 1.0833212137222292 -0.0086916089057922346 -0.85149618983268727 0.58954745531082164 6.859276618342848e-05 -0.0013807222712785003 -0.030150840990245339 3.7785215681651614e-05 0.68039956688880932 0.26531764864921575 -0.0017915820353664456 -0.0023586855968460436 -0.84149637818336476 -0.61737772822380055 0.0027010221965610985 -0.0021338748047128315 -0.00054454407654702653 0.00052180179045535635 -0.00080018118023872365 0.0075079714879393586 -0.00043892287067137653 -0.069134633988142 0.089720632880926146 0.00016452065756311643 -0.77576932311058033 0.005314046749845148 0.00055906377383507799 -0.00043449702206999058 0.0011037141666747632 0.0042491387575864801 0.004134268732741476 0.22420281916856769 0.63444849848747265 0.0010467611718922856 0.23810767382383349 6.0952310377615511e-05 -0.0050743068568408481 0.0078063709661364564 0.00018879538401961329 8.2453869254095493e-05 -0.0042621535249054423 0.0065018264576792726 0.00037708328454755252 -0.0042161862365901462 -0.0092972116544842703 0.084228135645389571 0.017842763103544716 0.00096800029859878134 -0.22929446399211881 -0.17364842444658277 1.4535221453115811e-05 0.00042848254088312393 0.00020439448417164388 0.45375017821788793 -0.0016722973086871205 -0.0021761122625321145 0.87932232022285473 -0.010712591931223868 -0.0012967850780114529 -0.00018151511903852222 0.0014234672416932883 -0.0037132697179913516 0.078835990279912962 2.2332726075546819e-05 -0.70864605903625477 0.0039767026901245126 0.86572173237800609 -0.0010791599634103475 4.6398783126733184e-07 -0.025206524878740307 -0.30301041901111597 0.004206001292914153 0.00062853129929862927 0.012071222532540562 0.00013020924234297129 0.0018679228960536423 -0.0039924171287566415 -0.18122261017560956 0.64214044809341442 0.0013178926892578604 0.46923837065696722 0.0021956533892080192 -0.00078791388659737993 -0.021147686056792733 0.49810825288295751 -0.0015774679486639796 -0.00054785443353466679 0.0012380541884340348 0.00041961476381402468 0.013152522034943106 -4.183108649158384e-05 0.00037681906542275106 0.33118951320648199 -0.0010040309280157087 -0.00046059573651291425 -0.015716645866632458 0.00014755681331735107 -0.0010433862917125223 -0.0018343318952247498 0.00025862241454888141 -0.0030426501762121911 0.00092079557362012576 0.62102100253105175 0.0019369700457900765
decision_type=2 2 2 2 2 2 2 2 10 2 2 2 8 8 8 2 2 10 8 2 2 10 10 10 2 2 2 8 10 2 2 10 10 10 8 2 10 2 2 10 8 10 10 10 10 2 2 10 2 2 2 2 10 10 10 10 8 10 8 2 2 2 10 2 10 2 8 10 8 10 10 10 2 10 2 10 10 8 2 10 10 2 2 10 10 2 2 10 2 10 10 10 10 10 2 10 2 8 10 10 10 2 10 2 10 8 2 8 10 10 10 10 2 2 2 2 10 8 2 10 8 10 10 10 10 2
left_child=1 14 25 31 5 22 7 38 13 12 74 -10 33 41 65 16 18 55 19 -16 21 81 23 -5 42 26 27 98 71 60 44 32 61 34 -6 36 37 -22 -7 -40 -19 -3 43 -25 -27 -36 -26 -42 49 53 51 79 -38 54 -14 58 -57 -58 -18 99 69 -4 64 -64 -37 66 83 -68 -67 73 72 -28 -71 -30 -11 -60 77 86 -78 -51 -32 -20 -59 -1 -81 -47 87 -48 91 -90 -91 -88 -93 -94 -24 96 97 -39 -2 100 -44 103 -103 104 105 -41 107 109 -108 111 -110 112 113 -17 -115 -113 -114 -109 -23 -70 121 122 -34 -124 -125 -126
right_child=2 8 3 4 9 6 -8 -9 11 10 -12 -13 48 -15 15 106 17 40 20 -21 35 118 94 24 46 30 28 -29 29 -31 80 -33 120 -35 45 62 52 95 39 101 47 -43 59 -45 -46 85 76 -49 -50 50 -52 -53 -54 -55 -56 56 57 82 75 -61 -62 -63 63 -65 -66 68 67 -69 119 70 -72 -73 -74 -75 -76 -77 78 -79 -80 84 -82 -83 -84 -85 -86 -87 88 -89 89 90 -92 92 93 -95 -96 -97 -98 -99 -100 -101 -102 102 -104 -105 -106 -107 108 117 110 -111 -112 115 116 114 -116 -117 -118 -119 -120 -121 -122 -123 123 124 125 -127
leaf_value=0.0031943506487483804 0.0014909724880294867 0.00056905426273210608 0.0029441198409465626 0.0052852493127255795 -0.0071290391808285008 0.0026463447905376472 -0.0063454420958283901 -0.006187124610012449 0.00027507463140809192 -0.0057757086940101541 -0.0089850027715204749 -0.0072743331789761213 0.0035816641150473909 0.0020148938162877022 0.00050014252436006066 1.1037131251806205e-05 -0.0068910549752991259 0.00026771331303696499 0.0047140892066307259 0.0051170792970248917 0.0041992961449667764 -0.0011346764669841001 0.0056092028621449576 -0.0030876448342950545 0.0011739413702333197 0.00045139813851757918 -0.0016937888237273427 0.00081219291734272077 -0.0013299076161591527 -0.0054157205886763886 -0.0027272483891225773 -0.0058560943081240801 0.006210625470566211 -0.0073946808112127921 -0.0038513456394141548 -0.0019223410596485419 0.0016268287114253332 0.00065145064528499051 0.0023001500918953094 0.002497072070567651 0.0072500558883846549 -0.0055977299698311209 -0.0049892510534941484 0.0047670587783696355 0.0091346099783042069 0.0082526518166694107 -0.0051805700719220063 -0.00053110988736986822 -0.0013075668569159718 0.0019802908016869885 0.0019193696449198133 0.0058463134977619624 0.0072303862046073685 -0.0068030013288238747 -0.0031249539926005649 0.0048738717098897643 -0.0047755255470701957 0.0035315741368330449 0.0041468209755873252 0.0017450589454275304 0.002446468063546964 -0.0045800678371210627 0.0057013307289971631 -0.0008508389955304682 0.0048565977395986859 0.0039282000095045002 -0.0074845369932457018 0.00093023099165378132 0.003387904537354791 -0.0075157522722357666 -0.0009457473131081794 0.006046537368689763 0.00026977815902126564 0.0025937820997372764 -0.00056022689067047708 -0.0043069058218341508 -0.0063774980767507903 0.0052491224025468033 0.001219219327833528 -0.0054741553162309196 0.0042873353171259381 -0.00089573491737913059 -0.0024256927595703208 -0.0024866413027650998 0.00069755769457976872 -0.0001065708900028703 0.0061483296636101635 0.0023106359200703399 -0.0078597126389759794 -0.005265008219728624 0.0029372873139470487 0.0056223522385446759 -0.002760513913001052 0.0038430741758772669 -0.0019629056488704123 -0.0065737596667709928 0.0036900660609530027 -0.0042560917426948067 0.0090759478130214774 -0.0059630340656066753 0.002493695667402953 -0.0095095945712280455 -0.00073183110428955492 0.0044590996061328499 -0.0046908521502632269 -0.0023524094140748479 0.0053720914096665445 -0.0028763445607563414 -0.0040987688006950173 -0.0054208972360268726 0.0017494518268558767 -3.2083867966291516e-05 0.0046550807755380451 0.0006614734049266985 -0.0059097734650596203 -0.0088888829067586845 0.00014951368880182698 0.0031346668499391455 -0.0095500834769102535 -0.003966709117496775 -0.0017703915658818163 0.00458465548746235 0.0035348523855860048 -0.0056401131534506493 0.0044423811877343251 -0.0036971293175459725
leaf_weight=948.92667010426521 134.023432046175 278.56432130932808 108.92435355484486 122.90172503888607 120.25377769768238 234.80401836335659 1436.4986374527216 704.95370997488499 175.61001501977444 196.42645786702633 166.91213971376419 347.79174414277077 173.38910003006458 654.59071336686611 467.01118437945843 632.35295531153679 276.81681467592716 434.039984151721 184.12939786911011 1505.6588041186333 221.86601369082928 117.54881440103054 210.08995309472084 183.86318464577198 1087.5831346958876 106.78510850667953 108.13847941160202 1139.2203642129898 622.63035349547863 333.13260118663311 196.42000013589859 101.662099391222 138.67101936042309 188.25161893665791 111.18702979385853 275.18536952137947 727.26575644314289 339.13089403510094 231.41112507879734 236.38554310798645 316.65506276488304 276.65416160225868 193.61375580728054 150.88477949798107 198.40999005734921 103.14035302400589 506.0834449082613 110.83956488966942 1509.1414581537247 162.76542654633522 3206.977437838912 100.66314601898193 195.52514269948006 153.15872123837471 259.85365776717663 169.16742566227913 293.4381866902113 247.41195279359818 102.35026450455189 128.15188467502594 474.01754173636436 273.78577646613121 854.05318515002728 139.10197980701923 170.97920541465282 2345.7107728719711 141.71075309813023 182.24855449795723 130.01318883895874 287.50822353363037 1270.7870161086321 208.75000697374344 101.1643590927124 549.9592112749815 827.0931915640831 112.10277752578259 297.48018778860569 197.81099525094032 106.88448782265186 393.82049722969532 135.8288644105196 431.09939336776733 211.96883851289749 142.98058494925499 153.3050541728735 126.0162448734045 118.42239440977573 134.36939650774002 135.31467694044113 109.42963188886642 138.54896965622902 115.15154033899307 491.32498316466808 161.63026383519173 99.856792971491814 128.49807669222355 176.75129097700119 354.28901186585426 180.10929192602634 757.32133202254772 160.85149404406548 194.15095730125904 145.06162811815739 104.79026427865028 672.00753885507584 919.98311194777489 335.32816344499588 126.15175932645798 154.83407229185104 189.55948466062546 444.45080076158047 103.10806329548359 272.32899342477322 139.34316727519035 331.37815883755684 101.15959629416466 776.57904586195946 658.46157915890217 116.12197805941105 142.90055610239506 250.58108070492744 708.70932997763157 198.11219316720963 219.59728619456291 205.34579820930958 145.87817499041557
leaf_count=3815 537 1115 436 492 482 940 5795 2840 703 788 672 1394 694 2621 1874 2535 1109 1740 739 6045 890 471 841 736 4354 428 433 4566 2495 1334 787 407 555 754 445 1105 2913 1360 928 947 1269 1108 775 604 795 413 2026 444 6048 652 12840 403 784 613 1040 679 1176 991 410 513 1899 1096 3429 558 686 9428 569 732 522 1151 5088 836 405 2204 3318 449 1191 792 428 1577 544 1729 849 575 614 505 474 538 542 438 555 461 1967 647 400 515 709 1420 722 3032 644 778 581 420 2698 3688 1346 505 620 759 1780 413 1092 559 1328 405 3110 2637 465 573 1003 2837 793 879 822 584
internal_value=1.27333e-05 0.00127129 -0.000865037 -0.00124632 -0.00151213 -0.00230526 -0.00385565 -0.00278638 -0.00157032 -0.000462977 -0.00281221 -0.00482448 -4.23232e-05 -0.000106896 0.00156288 0.00121443 0.00169373 8.39752e-05 0.00226348 0.00404005 0.00145805 -0.0010333 -0.000947104 -0.00120077 -0.00137457 0.000445737 0.000105731 0.00202758 -0.000606948 -0.000978188 0.00324009 0.000833426 0.00118467 -0.0030566 -0.00104963 0.00205083 0.00100792 -0.000478463 -0.00187246 -0.00231385 0.00282783 -0.00259152 -0.00301394 0.00052195 0.00631104 0.00137487 -0.00064481 0.00529901 0.00028654 0.000812474 0.00126728 -0.0012968 0.00294233 -0.00224253 -0.000401275 -0.00160482 -0.00020505 -0.00144294 -0.00412105 -0.00396166 -0.000501168 -0.00239872 0.00356876 0.00478495 0.000772393 0.0026693 0.00116141 -0.00297184 0.00346962 -0.00100823 -0.00208354 0.0034614 -0.00557529 0.000522989 -0.00165266 -0.000262695 -0.00143516 -0.000829122 -0.00440666 -0.00244214 0.000221035 0.000878768 0.000796236 0.0024191 -0.00378122 0.00401624 -0.0015064 -0.00358651 -0.000417916 -0.00356186 -0.00080508 0.000989968 5.88352e-05 -0.00106025 0.00319856 -0.00157973 -0.00071113 -0.00190498 0.0061228 -0.00463866 -0.00164177 -0.00279969 -0.0060056 -0.00218141 -0.00260613 -0.00133548 0.000235746 -0.00029686 0.0021001 -0.00105268 0.000154904 -0.000658589 -0.000222861 -0.00174874 -0.00401687 -0.00481979 0.00138451 0.00212073 -0.00573992 -0.000470954 0.0019369 0.00252627 0.000854765 -0.00024408 -0.00163088 0.00104465
internal_weight=45549.9 18711.7 26838.1 20791.2 18440 10487.6 4880.05 3443.55 1733.21 7952.36 1190.43 523.402 6761.92 1209.81 16978.5 12944 8679.01 2274.79 6404.22 1972.67 4431.55 848.9 5607.57 5297.62 5174.72 6046.88 5409.44 1453.35 3956.09 3639.2 637.444 2351.27 2249.61 648.849 460.597 3582.65 2143.33 1220.54 2738.59 2503.79 861.535 555.218 1574.69 334.748 305.195 340.344 3600.03 427.495 6113.07 4603.93 4017.53 810.554 922.791 586.401 433.243 1413.26 921.986 752.819 491.27 1239.94 3306.07 382.71 1439.32 993.155 446.165 4034.49 1415.87 323.959 2618.62 2832.05 1659.46 316.888 388.673 1172.59 1023.52 214.453 2512.45 2108.09 404.365 709.891 332.249 615.229 459.381 1091.91 547.126 229.157 1910.28 640.453 1269.82 383.293 247.979 886.529 768.107 652.955 309.947 998.669 870.171 693.42 314.133 1111.79 354.465 2272.38 339.213 1933.17 1828.38 1156.37 4265.04 3330.42 934.613 2545.81 599.285 2356.25 2151.98 1103.07 470.721 204.268 1048.91 784.613 233.671 272.914 1866.89 1616.31 907.604 768.933 570.821 351.224
internal_count=182611 75052 107559 83335 73923 42065 19615 13820 6941 31858 4778 2097 27080 4844 68111 51897 34808 9116 25692 7919 17773 3404 22450 21209 20717 24224 21670 5825 15845 14576 2554 9412 9005 2599 1845 14369 8591 4894 10980 10040 3453 2223 6304 1340 1223 1363 14413 1713 24481 18433 16086 3246 3697 2347 1734 5663 3695 3016 1968 4964 13242 1532 5778 3987 1791 16214 5691 1301 10523 11343 6644 1269 1556 4699 4106 859 10059 8440 1619 2843 1331 2468 1840 4390 2191 918 7648 2564 5084 1535 993 3549 3075 2614 1241 4004 3489 2780 1259 4451 1419 9112 1359 7753 7333 4635 17089 13343 3746 10201 2400 9442 8624 4422 1887 818 4202 3142 936 1095 7473 6470 3633 3078 2285 1406
is_linear=0
shrinkage=0.02


Tree=41
num_leaves=127
num_cat=0
split_feature=7 91 230 71 17 222 137 53 204 91 111 141 230 213 69 7 214 230 7 138 36 236 81 140 41 236 71 186 104 62 104 236 178 7 76 0 213 183 179 214 150 115 178 102 204 125 178 35 117 150 115 223 141 193 185 61 71 112 230 190 178 112 24 217 204 112 224 144 125 125 59 218 224 125 230 188 99 111 133 7 141 230 221 133 224 61 60 133 123 218 188 151 183 72 222 111 62 76 178 26 139 223 150 141 225 72 197 34 214 133 138 188 154 204 236 225 138 72 112 179 30 36 138 150 214 154
split_gain=108.783 43.8839 39.5105 28.4219 26.8511 25.5054 24.6642 23.2222 24.3348 20.8512 19.6994 17.7895 21.6917 17.5467 16.6229 16.461 15.8904 15.2742 15.1698 18.7375 18.301 14.9643 14.9535 14.7334 14.4473 13.739 13.411 14.1028 13.4176 13.2807 17.0511 15.7208 14.0407 13.6027 13.2665 12.9792 12.9395 12.8031 17.244 20.0216 19.0454 12.7996 12.7697 12.6382 12.9303 12.3745 14.8944 11.9246 11.8941 11.7331 14.2979 18.9224 16.8681 13.0071 16.658 11.9745 12.6457 11.6385 11.465 16.1621 14.3574 14.3856 13.3327 11.4221 16.845 13.8427 15.0801 14.6443 11.8957 15.2805 11.4206 11.3661 11.6344 11.3186 11.2592 11.235 14.6101 11.1797 16.3085 14.679 11.5817 11.0861 10.9291 10.8386 10.6797 10.5975 12.6148 13.1014 10.5176 11.3158 19.2966 14.2727 10.5034 10.4941 12.5291 10.4209 10.3538 10.3003 10.2818 12.1269 10.2213 10.2145 10.2124 10.2026 13.1645 14.4414 10.0809 10.0714 13.8567 14.424 12.7918 11.1073 10.3467 9.88282 9.82934 9.84868 11.103 10.5408 9.93513 9.82509 9.8213 9.69939 9.76711 9.69222 9.63316 11.3911
threshold=-2.2776937839807939e-05 0.14373792707920077 -0.88599923253059376 -0.0019920157501474019 1.0000000180025095e-35 0.027157087810337547 0.00096557202050462376 0.36754208803176885 -0.011319752316921948 0.021351826377213005 0.00015396515664178881 -0.0022044542711228128 -0.94762688875198353 0.0028689616592600946 0.0016013309359550478 -0.00030767539283260698 0.0024511584779247646 -0.79202145338058461 -0.00020740294712595639 0.00047197421372402465 -0.15246175974607465 0.05416208133101464 -0.00077189310104586173 0.12176087871193887 0.00074266226147301506 -1.0006654262542722 -0.00020098422828596083 0.0015789569006301465 0.0013275872915983202 0.00015446381439687687 0.0016422091866843405 -0.47154180705547327 0.82244151830673229 0.00013226253213360908 -0.00019032529235118997 -7.1542435762239607e-05 0.0019531098078005018 0.009143200237303974 -0.0025304240407422181 0.0033417927334085111 0.052324399352073676 0.0015278487117029729 0.093688301742076888 0.79117619991302501 0.004484098870307208 0.0021088062785565857 0.79697665572166454 1.0520130672375673e-05 0.0034368190681561832 -0.1106918193399906 0.0018974241102114322 -0.020477328449487683 -0.0014173449017107485 -0.0065868243109434834 -0.011530385352671145 0.00030571455135941511 -0.0020744868088513608 0.21954573690891269 -0.52435624599456776 0.00061193411238491546 0.059972751885652549 -0.11822382360696791 8.3837272541131838e-05 -0.008949703071266411 -0.0043266157153993836 -0.19978530704975125 0.0045852665789425382 -0.00064139251480810333 0.00051871329196728777 0.0024164892965927724 0.6127508580684663 0.00093645122251473378 0.0059315336402505645 0.0005546129250433297 -0.4752392172813415 -0.017579886130988594 0.00038005640089977538 -9.6458035841351361e-05 -0.00021891065262025219 0.00026376971800345933 -0.0014851980376988647 -0.71171790361404408 0.014585356228053572 0.00015354973584180701 0.0061174295842647561 0.00065133662428706895 0.0011729525867849591 -4.9027261411538341e-05 0.0010044567752629521 0.0023985255975276236 -0.027743197977542874 0.55000001192092907 0.0068397971335798511 0.000468835307401605 0.58887457847595226 -2.7207415769225914e-05 0.00018064127652905884 9.2762449639849378e-05 0.19372010976076129 0.73588991165161144 0.0015200810739770534 -0.010504995938390492 -0.068877253681421266 -0.0017672636895440517 6.7650375967787122e-06 0.0027382883708924059 0.00020700370077975097 0.00039144177571870392 0.0018897853442467751 -6.5281808929285021e-05 0.00062590488232672225 -0.038573995232582085 0.0017124120495282116 -0.009174830745905636 0.27780145406723028 0.00042518344707787042 0.0011428378056734803 0.0018672830192372205 -0.036955989897251122 -0.0010201462428085504 -0.00031346348987426603 -0.10158388689160346 0.00052149852854199718 0.0024040675489231948 0.0024784783599898223 0.0028624045662581925
decision_type=2 2 2 8 2 10 10 2 10 2 8 8 2 10 8 2 10 2 2 10 10 10 2 10 10 10 8 8 10 8 10 10 8 2 2 2 10 8 10 8 10 10 10 10 10 2 10 2 10 10 10 10 10 10 10 10 10 10 2 10 10 10 2 10 10 10 10 10 2 2 10 8 10 2 2 10 10 10 2 2 10 2 8 2 10 10 10 2 2 8 10 10 10 10 10 10 10 2 10 2 2 10 10 8 8 10 10 2 8 2 10 8 8 8 10 10 10 10 10 10 2 10 10 10 10 10
left_child=1 10 3 23 5 113 9 8 14 13 18 -10 21 16 -5 103 58 -6 20 88 -1 29 -18 123 43 -22 27 -14 -28 -13 31 33 47 -31 -12 121 -24 -17 -39 40 74 71 -25 44 63 -46 -47 -33 85 53 51 55 -52 83 -55 -51 -57 -53 59 60 61 -7 -60 64 -11 68 -67 73 -65 -70 -26 72 -21 -68 -40 76 -45 81 -79 80 98 -62 -19 120 -61 86 -44 -88 89 90 101 -91 -15 94 -29 -72 -37 -77 99 -80 -59 -20 -38 -3 106 -106 -105 110 109 -109 111 -23 -110 -4 115 116 117 -56 -117 -98 -8 -27 -123 -2 125 -75
right_child=2 15 4 7 17 6 49 -9 11 24 34 12 26 92 -16 37 22 82 19 41 25 107 36 42 70 35 28 93 -30 30 -32 32 -34 -35 -36 96 102 38 39 -41 -42 -43 48 75 45 46 -48 -49 -50 50 52 57 -54 54 114 56 -58 100 62 84 77 -63 -64 65 -66 66 67 -69 69 -71 95 -73 -74 124 -76 97 -78 78 79 -81 -82 -83 -84 -85 -86 -87 87 -89 -90 91 -92 -93 -94 -95 -96 -97 119 -99 -100 -101 -102 -103 -104 104 105 -107 -108 108 112 -111 -112 -113 -114 -115 -116 118 -118 -119 -120 -121 -122 122 -124 -125 -126 -127
leaf_value=0.004127727137555947 0.005559122768235095 0.0064003056647429744 -0.0011614469302629726 0.0069637540874887193 -0.0066011482454702165 0.0029718675299958341 -0.0063854479094918619 -0.005848710342303616 -0.00452486965006757 0.0015929918719005016 -0.0051533816534067387 -0.0041141069434755574 0.00077712407626213834 0.0057721058834312869 -0.0025613734618098851 -0.00052319268572066256 0.0042151702949788025 -0.0027307828222408108 0.0021994517064014936 0.0013435701250449346 0.0054371679659821906 0.0013292562156951727 0.002294841410528531 -0.0060758259197120062 0.0040359785302558166 -0.0013030744062163221 -0.0033070270416401155 -0.0051853575222595176 0.005236978193527914 0.0036384164875896945 -0.004991174621822617 -0.0067789977695204085 0.0038182440831758453 -0.0021248986006588504 0.0024466748220497809 0.0042151981621395178 -0.0019377860516035558 0.0037251967176265429 -0.0066411231129349362 -0.0099942723282755407 0.0017928935064034919 0.0055330537755478434 0.0045274033633927891 -0.0070181039268545718 -0.0088629924938387582 0.0030803389018910776 -0.0053883505133464201 -0.00046609225903526382 -0.0057213920848974663 -0.0069762277697750421 0.001404160708287306 0.00057680977621919316 -0.0079796417473170702 -0.010249795551046834 0.0029631530567071169 -0.0034526910438855093 0.0043717157529675416 0.00068397771785685003 0.0019047295278548022 -0.0063539008189790218 0.0090508485040538163 -0.0068224401500088586 -0.0024655362644662795 0.0076220877151385504 -0.0088143040382738808 -0.0064326607190258881 0.0042204887606089097 0.0067510993840025554 -0.0027553082885503621 0.0050980238569010086 0.0041610591208404704 0.00050533304017485005 0.0067657567430378157 -0.0043972634118423374 0.00072252537011537998 0.0033961020991529994 -0.0008128615927829473 -0.0030218117933080604 0.0062048056433373616 -0.0026562294256983299 0.0016446652241326343 0.0019841761634801923 0.0023015351211491827 0.0040222165960802324 0.00068567948178763899 0.0063043291882184426 -0.0032690164672827954 0.0028308159153680461 -0.0010386770033523462 0.0077364922185482266 0.0058236568691555548 0.00037561566356911192 -0.00063737284235932409 -0.0054915563860145232 0.0037150844649037396 -0.00084704919746108308 -0.00083618931317505207 -0.0026539474950926416 0.0077425737266157103 -0.0023642252821195133 0.0093592259690233378 -0.0053417868341567578 -0.0079700373279741731 0.00063187379926212092 -0.005158281957529715 0.002575728193683709 0.0078218987731736283 0.0016411578910788345 0.0017876994450591458 -0.0054449141448913163 -0.0010624785237601303 0.0084929408397812264 -0.0029197636294079157 0.0043328427044719 -0.0062518951401018888 0.0048055681955298437 -0.0068153534782844439 -0.00414677158423612 -0.0026529928702998811 0.0050471530929392166 0.0013120344882282206 -0.0014051186142571095 0.0035962473791381865 -3.3382184559046356e-05 0.0034487492507147034 0.0023525531151678764
leaf_weight=1865.9692481905222 297.73264065384865 140.23420548439026 151.01703751087189 182.01786462962627 322.61062763631344 103.05861276388168 107.16682788729668 659.3259033113718 1104.0316756516695 113.19648343324661 266.37158980965614 823.8195211738348 198.26311594247818 468.06282356381416 101.76625888049603 2552.4810172170401 115.58026051521301 752.28167420625687 118.20828838646412 518.50101599097252 343.41028767824173 192.9176756888628 124.15431334078312 132.28732652962208 359.81453895568848 221.02504225075245 139.41592378914356 102.86520494520664 116.86611656844616 523.0744349360466 320.76469598710537 241.81877061724663 100.90941917896271 219.05119064450264 120.8607439249754 199.86565220355988 274.779022321105 110.89304360747337 334.67404010891914 168.39198948442936 251.6014269888401 209.57660789787769 172.92746482789516 395.00719501078129 105.17001323401928 146.33679547905922 147.57575508952141 226.30265948176384 101.99035680294037 172.84526281058788 115.36337426304817 935.61332561075687 181.01613406836987 132.15723207592964 141.39005154371262 204.82393062114716 110.91333870589733 99.904113620519638 527.93944643437862 109.40346655249596 227.90418517589569 100.07765537500381 549.85761106014252 167.15040953457355 105.42585507035255 124.14245334267616 142.3894200772047 109.90356940031052 175.83460898697376 182.80049611628056 181.06998884677887 7605.7844300568104 217.01616342365742 395.12529294192791 103.67077028751373 150.53265081346035 248.43469659984112 170.09617021679878 118.51380079984665 132.58965213596821 480.97988866269588 160.10079789161682 205.72374425828457 155.84668609499931 248.29251456260681 106.34481823444366 415.1082000285387 190.25799784064293 169.02272824943066 444.80384346842766 227.67021968960762 138.98608899116516 124.67170804738998 1291.7959873229265 110.82881866395473 938.19106015563011 1518.8897616267204 312.93591372668743 394.78749062120914 110.85565054416656 108.65573686361313 134.94246171414852 193.10541090369225 191.66224946081638 200.86282055079937 155.0063603669405 116.21557177603245 155.56198267638683 787.36397339403629 349.77105201780796 245.12227712571621 151.52015641331673 223.71964503824711 701.40892265737057 253.25134769082069 134.6430551558733 193.51051445305347 153.55368456244469 115.13901673257351 102.69422495365143 126.90155346691608 164.49137130379677 1426.5225584805012 202.86164528131485 102.39312794804573 117.6464569568634
leaf_count=7497 1193 562 605 729 1298 413 429 2659 4427 453 1067 3306 795 1874 408 10218 463 3015 475 2083 1380 773 497 530 1441 888 561 412 471 2096 1289 969 405 880 484 804 1100 444 1341 675 1008 839 693 1583 421 586 591 908 409 692 462 3746 726 529 566 820 444 400 2114 438 913 401 2201 669 422 497 570 440 704 732 725 30489 872 1582 415 603 995 681 475 531 1926 641 824 624 994 426 1663 762 677 1785 915 557 499 5185 444 3760 6101 1254 1581 444 435 542 773 768 805 621 466 624 3159 1404 982 607 898 2810 1014 539 775 615 461 412 508 661 5732 813 410 471
internal_value=1.07163e-05 0.00109833 -0.000866638 -0.00182687 -0.000214229 4.54973e-05 -0.000178083 -0.00228527 -0.00197422 0.000350068 0.00158073 -0.00219071 -0.00178294 0.0012853 0.00360425 -0.00068666 0.00081364 -0.00296094 0.00169214 0.00120648 0.00249855 -0.00101881 -0.00187924 0.000596797 -0.000589353 0.00171731 -0.0035331 -0.00416837 0.000686154 -0.00207308 -0.00100541 3.00224e-05 -0.00242433 0.00192615 -0.00277763 0.00133789 -0.00316788 -0.00127629 -0.00320892 -0.0041692 -0.002506 0.000869331 -0.000685231 -0.00133419 -0.000425461 -0.00357916 -0.00124424 -0.00387131 0.000143897 -0.00162237 -0.000577637 0.000174298 -0.0044692 -0.00292906 -0.00400466 -0.00304624 -0.000607414 0.00157823 0.00137614 0.00215223 0.00284967 -0.00203243 -0.000329139 0.000332035 -0.00374383 0.000960343 -0.000439261 0.000544097 0.00351928 0.00130547 0.00103928 0.000739199 0.00308015 -0.000506883 -0.00494405 -0.00304835 -0.00471897 0.00341822 0.00252538 0.00332364 0.00407555 0.00637515 -0.00162517 0.000214718 -0.00168986 0.000931649 5.79815e-05 -0.0013227 0.00349224 0.00421748 0.00183431 0.00605454 0.00444718 -0.00482131 -0.0006464 2.19696e-05 0.000140775 -0.000629717 0.00583957 0.00220588 0.0056271 -0.00191721 -0.00465208 0.00186443 0.00074692 -0.00183176 0.00365749 0.000218497 -0.000646652 -0.0032841 0.00239196 0.00477374 0.000709662 0.00335515 -0.00298603 -0.00173032 -0.00333681 -0.00076669 0.00142569 -0.000406648 -0.00243744 0.00252655 0.00306814 0.00337859 -0.00169955 -0.00281846
internal_weight=45560.3 20340.3 25220 10188.4 15031.6 13751 12898.6 8568.89 7909.57 9455.89 16014.6 7625.78 6521.75 4734.81 283.784 4325.69 4142.08 1280.62 15627.4 9784.51 5842.87 4561.72 707.619 1619.51 4721.08 3976.9 1960.04 1703.75 256.282 2455.74 1631.92 1311.16 569.031 742.126 387.232 3633.49 592.039 3521.71 969.231 858.338 689.946 8550.88 1118.92 3242 2135.09 399.083 293.913 468.121 986.629 3442.7 1929.14 1632.76 296.38 1513.56 1123.64 488.583 315.737 1144.17 3434.46 2356.66 1998.96 203.136 1077.8 1736.01 218.622 1517.39 991.6 867.458 525.786 358.635 1479.08 8341.3 735.517 757.554 438.345 1106.91 643.442 1795.83 1407.82 1237.73 1105.14 388.005 958.005 389.915 357.696 884.638 778.294 605.366 1233.63 1064.61 480.821 583.79 592.735 1505.49 213.694 1119.26 1821.45 463.469 624.157 229.369 208.56 253.151 467.884 803.981 663.747 355.869 307.878 2105.98 1516.42 505.333 589.56 344.438 1011.08 852.426 991.488 738.236 488.454 294.944 249.782 1621.58 234.068 1812.04 1591.01 500.594 615.165 512.772
internal_count=182668 81583 101085 40880 60205 55068 51653 34391 31732 37868 64260 30595 26168 18959 1137 17323 16586 5137 62709 39234 23475 18300 2833 6489 18909 15978 7868 6836 1032 9853 6547 5258 2282 2976 1551 14598 2370 14101 3883 3439 2764 34283 4483 12983 8548 1598 1177 1877 3953 13785 7725 6537 1188 6060 4499 1956 1264 4581 13753 9438 8006 814 4315 6950 875 6075 3970 3473 2105 1436 5926 33444 2955 3033 1756 4435 2578 7192 5638 4957 4426 1554 3839 1561 1432 3544 3118 2425 4951 4274 1932 2342 2373 6041 856 4485 7317 1857 2500 919 835 1017 1873 3222 2660 1426 1234 8447 6085 2028 2362 1380 4057 3415 3970 2956 1956 1181 1000 6513 937 7281 6393 2006 2463 2053
is_linear=0
shrinkage=0.02


Tree=42
num_leaves=127
num_cat=0
split_feature=15 146 231 231 231 2 70 163 81 100 149 112 193 15 231 146 179 95 139 199 81 220 1 178 59 180 71 76 201 33 214 63 138 100 222 100 218 231 205 199 152 163 201 201 100 136 157 178 222 217 23 231 133 211 193 201 115 213 24 149 115 150 33 15 150 59 201 222 152 199 178 179 180 2 112 112 156 152 149 220 219 214 87 100 211 149 213 100 231 236 214 179 98 140 72 144 63 152 190 1 15 150 71 15 140 99 0 103 220 112 136 175 69 125 217 118 213 99 224 110 112 110 29 219 118 72
split_gain=128.88 37.3026 32.0143 40.1313 51.3564 28.0807 29.003 24.3406 21.4805 21.053 20.6803 25.2812 20.2347 19.9323 19.7154 17.8572 17.7412 26.3062 17.602 17.1806 16.8071 16.61 16.4814 16.1429 15.9983 15.3045 14.6748 14.6601 13.9781 13.5334 17.8519 15.7167 15.5342 20.6518 15.2697 14.5986 18.1642 15.2942 13.5979 16.2691 15.5218 14.8011 13.9637 16.4983 15.933 22.2151 13.729 13.4558 13.4468 23.093 13.4015 13.3603 19.7359 13.338 14.1878 14.316 13.1043 12.8716 12.8353 12.8164 12.7728 12.6754 12.5344 12.917 12.413 12.3104 12.2739 14.7672 12.238 12.1773 12.175 12.1306 17.3594 14.8407 12.0702 13.1636 12.0589 11.824 11.7184 18.348 20.4067 11.9486 11.6511 16.6836 15.9118 15.2709 25.4296 13.0812 13.5592 13.3115 12.5086 12.1067 17.9774 14.7471 15.2696 16.0944 12.1966 15.735 11.9673 11.6486 11.498 12.1541 11.487 13.0683 11.6449 11.4102 11.262 13.6817 11.1883 14.0714 11.3524 14.6453 11.1122 11.0951 19.8971 17.1401 11.0929 11.0903 10.9477 10.8902 10.7748 13.2695 18.0791 10.7471 10.6322 16.5281
threshold=0.045603916049003608 0.84524476528167736 0.48289918899536138 -0.56099891662597645 -0.028357730247080323 0.00036055163946002727 0.73481547832489025 -0.0063225487247109404 0.0006861287693027408 0.00075294362613931309 -7.2713592089712606e-05 -0.2272822484374046 0.0020828777924180035 -0.35296985507011408 0.40474165976047521 0.23039454966783526 -0.0042144849430769673 -0.00026181411521974946 0.0011285273358225825 -0.015211998950690029 0.00035991163167636847 -0.017672545276582238 0.00027810825849883264 0.33666065335273748 -0.54870545864105214 0.00033701120992191141 -0.0019141614902764557 0.0008108023030217738 0.008354957681149246 -0.00042682704224716867 0.0024050497449934487 0.00031118560582399374 0.00061755735077895235 0.00026400884962640708 0.16088107973337176 0.00043212049058638519 0.0019413472036831083 0.45981125533580786 0.27103036642074591 0.0063305124640464791 0.00034728905302472418 0.0027924538590013985 -0.016337240114808079 -0.010366463568061588 0.00063133455114439141 0.0034942199708893899 0.00044672412332147365 0.12006220594048501 0.82789173722267162 -0.001966434763744473 0.00026380732015240943 0.2861058115959168 -2.8451370781112925e-05 0.50543394684791576 0.0013669081381522121 -0.0046005500480532638 -0.00081446400145068754 0.0014932730700820687 0.00018286491103935989 0.00010197307710768656 -0.00024970657250378275 -0.09245866164565085 -4.2775714973686256e-05 0.30739903450012213 -0.028485930524766442 -0.085865255445241914 -0.0081321280449628813 0.68928083777427684 0.00048895043437369179 0.00087866210378706466 0.6630573868751527 -0.0055232879240065804 0.0033505391329526906 -0.00033251299464609469 0.12489213049411775 -0.34643796086311335 0.016537783667445186 -0.00085123625467531372 -6.4573756390018375e-05 -0.0065448430832475415 0.33534345030784612 0.0017222336609847846 -0.0075621912255883208 0.00064724514959380041 -1.1724899411201475 -0.00016884283832041544 0.0032088524894788866 0.00036177215224597609 -0.23132287710905072 -0.73646456003189076 0.0019983394304290418 -0.0029326406074687834 0.0017104349099099638 0.16070935130119327 0.00072278091101907205 -0.0043405350297689429 0.00026005649124272173 -0.00016685340960975734 -1.3296642009663627e-05 -0.00014735052536707369 0.14586384594440463 -0.10560327768325804 -0.00040539671317674214 0.22128270566463473 0.90023502707481395 0.00069421250373125087 -4.7918027121340849e-05 -0.0014809258282184599 -0.0066765497904270879 -0.18846653401851651 0.0087137874215841311 0.00089518239838071178 0.0014507025480270388 0.00073498388519510638 -0.0072484726551920167 0.0045082175638526687 0.0026255456032231454 0.00035216186370234942 0.0053044965025037536 0.00094719394110143196 -0.35809439420700068 0.00055534928105771552 0.11208829283714296 0.59612900018692028 0.0014505708240903916 0.0010102555388584735
decision_type=2 10 2 2 2 2 10 2 2 10 10 10 10 2 2 8 8 2 2 8 2 8 2 10 8 8 10 2 10 2 8 2 8 8 8 10 8 2 10 10 10 2 10 10 10 10 2 10 10 10 2 2 2 8 10 10 10 10 2 10 10 10 2 2 10 10 10 8 10 10 10 10 10 2 10 10 8 10 10 10 10 10 2 10 10 10 8 10 2 10 8 10 10 10 10 10 2 10 10 2 2 10 10 2 10 10 2 10 8 10 10 10 10 2 8 10 10 10 8 10 10 10 2 8 10 10
left_child=1 15 3 22 5 6 7 -5 14 10 11 -4 118 61 19 23 57 24 113 -6 -13 -21 47 28 -18 -19 56 -14 50 31 60 32 -27 -34 -35 36 -33 38 39 41 -41 42 70 64 45 -45 -46 74 49 -28 82 52 -38 54 55 -53 -9 -17 -20 -47 -31 -3 63 77 -44 -16 -59 68 -68 -57 -37 72 -69 -73 75 -2 -15 105 79 80 81 -23 -1 85 -85 87 91 -84 108 -90 -86 92 96 -94 -95 -96 97 -87 -93 -54 -77 -102 -79 -104 -105 -49 107 -25 109 -89 111 -111 -52 114 -12 -115 -36 -91 -10 -81 -92 -122 -123 -11 125 -64
right_child=2 13 9 4 8 -7 -8 26 12 123 18 20 27 76 65 16 17 25 58 21 -22 78 -24 106 -26 29 48 -29 -30 30 -32 35 33 34 116 37 51 -39 -40 40 -42 -43 43 44 46 59 -48 62 -50 -51 112 53 99 -55 -56 69 -58 66 -60 -61 -62 -63 124 -65 -66 -67 67 71 -70 -71 -72 73 -74 -75 -76 100 -78 102 -80 119 -82 -83 83 84 90 86 -88 88 89 117 120 98 93 94 95 -97 -98 -99 -100 -101 101 -103 103 104 -106 -107 -108 -109 -110 110 -112 -113 -114 115 -116 -117 -118 -119 -120 -121 121 122 -124 -125 -126 -127
leaf_value=0.0059730206745685363 -0.0026015061465057181 -0.00062312033699996755 0.0096264592980038061 0.0025574299122794884 0.0070595254599020085 -0.0081641695617442438 -0.0057761518170867093 -0.003569812256114563 -0.0024389215520718545 -0.00088118774895004886 -0.0038550328818953007 0.0038478855606281876 -0.0038305564066958677 -0.0011075297913984877 0.00078057241262465514 0.0058067905618346726 0.0075083279447288225 0.0064591858481597292 0.0049363158917231165 -0.0045601999154381437 -0.0034803713153816434 0.0026557624970054371 -0.0028880467423465536 -0.0034203405369379537 0.00085031050243996209 0.0010959761640681287 -0.003906604997808703 0.0046502234924361806 0.0047815361592416254 0.0027374399329119148 -0.0036909892578662574 -0.0082552617290019472 -0.0036368632855607094 0.011227793550305594 0.0048465988783192686 0.001311917138303502 0.0053453601048954313 0.003760447042641927 -0.002803484268388019 0.0085106271505264366 -0.00062789955402968282 -0.0027385063780697139 0.0089602009522849954 -0.0020503173337799952 -0.0044898969862205915 0.0080189898064011358 0.0013776426154232897 -0.0062955893656099051 -0.0074433600104917529 0.0035670244951372509 0.0066344159962420778 0.0019301278436618333 0.0037831712087095051 -0.0050199854283407277 0.0046638348088071406 -0.008901280796104671 0.0034133879110865187 -0.0029125511933013747 -0.00042723240625730546 0.0015744659925627561 -0.00051245291140020275 0.0058645432387771047 0.0051516694815392809 -0.0034145891276872505 0.0013861674663899824 -0.0058042061110604604 0.00034857138085338338 0.0033133845203767334 0.0053824980204010536 0.00010980938528207624 -0.005597835750838504 0.0022210921475865164 -0.0044727387601074834 -0.006083040048908848 -0.0029286584718918036 0.0081366291219324843 -0.0066401692207125771 0.00051036797448808155 0.001151446641599952 -0.00083660040094363415 0.004950053642124105 -0.0049585476122646511 0.0071919743103888443 -0.0063710683123629243 -0.0044274568734525496 -0.0048724156086537183 -0.0075320519927925371 0.0085743818415304814 -0.006238213404911922 -0.0037352353814584312 0.0062263381424447041 0.0058705487555490432 -0.00069548415759115151 0.0074321041966227252 0.0046007478191814116 -0.0038300444780165963 -0.0053436035288307064 0.0037680933410392508 -0.0017261449425706853 -0.0036707512931551086 0.0056618209581000166 -0.0018364144333179535 -0.0032560744930824333 -0.0017445744550228064 0.0059787028467480491 0.0010316501483749649 0.0064577266179992841 0.0050580948791998656 -0.0017850705332890348 -0.0013288103115240628 -0.0015387217034941675 0.0072404307108642884 -0.00060031248268851707 -0.0045489846244202289 0.0030572786620869253 0.0036397027783256768 -0.00065999091335688822 0.0032796093123303037 -0.0092859883510702443 -0.0089973519582287418 0.0047120962967609446 0.0047079446158195884 -0.0030285004887749619 -0.0072697291709666904 0.0048114231611368899 -0.0025395118119093769
leaf_weight=170.96458576619625 106.65054349601269 212.3521503508091 206.02108234167099 367.69858314096928 118.13188369572163 582.31304731965065 1332.0439595729113 167.49140831828117 167.73590131103992 271.41037236154079 242.22995787858963 379.38217502832413 162.71717768907547 3488.898511365056 153.12864620983601 99.799476638436317 385.14358900487423 177.08586685359478 396.59153182804585 287.88968412578106 164.26949740946293 106.34004206955433 1020.6309789419174 119.85250160098076 233.02960284054279 1574.6771967113018 1075.8143636584282 127.22893524169922 519.57509475946426 646.7136043459177 504.34892778098583 105.80427722632885 111.6776586920023 120.38317188620567 857.6008081138134 195.14643138647079 305.76699230074883 775.03597043454647 380.26940388977528 193.38093981146812 110.11352440714836 423.50549085438251 192.92884992063046 233.15587502717972 278.28248412907124 273.88914918899536 327.8014689385891 232.13655917346478 311.5575665384531 178.62648570537567 305.79838545620441 191.98875124752522 102.92110130190849 325.60143151879311 160.73364445567131 125.79513338208199 232.36085993051529 815.71908886730671 307.05083332955837 233.50907635688782 1746.2065960466862 248.16639599204063 146.41606752574444 670.7258216291666 160.25099729001522 376.13176476955414 738.20770832896233 290.92347794771194 243.16419890522957 101.10291568934917 180.56370766460896 101.96602189540863 161.51067164540291 335.95884127914906 130.15774734318256 210.20184181630611 146.31860414147377 2889.7334714382887 2009.4442137181759 113.38346521556377 219.1368328332901 236.15633323788643 242.80009090900421 170.24808585643768 198.38691909611225 121.49483361840248 127.32208086550236 229.27307145297527 99.879050090909004 107.65687835216522 110.18215996026993 314.28826268017292 502.04691152274609 252.3675741404295 187.39255684614182 141.57167468965054 280.1343711912632 188.70764264464378 100.10179328918457 250.81871676445007 156.89575478434563 154.65561118721962 762.48390826582909 164.03244572877884 118.32891395688057 120.68788409233093 504.0060022175312 149.24781130254269 116.00812721252441 108.30216354131699 167.85758498311043 234.07936230301857 110.63168343901634 529.05627651512623 437.57135933637619 109.79823736846447 170.2806251347065 294.75105033814907 260.54746912419796 150.49034757912159 168.68972817063332 137.41058541834354 510.05468720197678 159.15979129076004 279.91761317849159 320.30976060032845
leaf_count=688 427 852 825 1473 473 2349 5376 671 675 1087 970 1519 654 13972 613 400 1547 711 1588 1153 658 426 4088 482 934 6319 4320 511 2086 2591 2019 424 448 483 3441 782 1227 3105 1524 775 441 1697 773 935 1115 1098 1313 929 1253 718 1232 769 413 1304 644 504 932 3268 1230 936 6993 996 586 2687 642 1508 2959 1166 974 405 723 409 647 1346 521 842 587 11566 8049 454 878 946 976 683 796 488 511 921 401 432 442 1264 2017 1014 752 568 1124 758 402 1005 628 619 3053 657 474 483 2023 599 466 435 674 940 444 2119 1752 440 683 1184 1048 603 678 552 2045 638 1121 1283
internal_value=-3.64422e-05 0.000883247 -0.0012686 -0.00162908 -0.00254839 -0.00411998 -0.00343671 -0.00206357 -0.00104934 0.000555928 0.00120013 0.00399031 -0.00416983 -0.00086563 -0.000436024 0.00121031 0.000818133 0.00114782 0.000136854 0.000156843 0.00158866 -0.000147537 -0.000552001 0.00204382 0.00510379 0.000927388 -0.00294494 -4.92376e-05 0.0016941 0.000829957 -0.000348057 0.00123311 0.00244265 0.00408229 0.00488245 0.000617466 -0.000942652 0.00127739 0.000653043 0.00113859 0.00536117 0.000587291 0.00128557 0.00205511 0.00100734 0.00294099 -0.0013738 -0.000175343 -0.00380852 -0.00280312 0.00139685 -0.000350241 0.00178404 -0.00191014 -5.40141e-05 -0.00199436 0.000457533 -0.000617583 0.00264869 0.00522534 0.000381277 0.00297156 -0.000510316 -0.000875344 0.00578205 -0.00394001 -0.000897287 2.49264e-06 0.00167847 -0.00520241 -0.00212395 -0.00184109 0.0004622 -0.00413695 0.00229222 0.00343057 -0.00136533 -0.000464092 0.000329376 -0.00165161 0.000428287 -0.00257833 0.00111368 0.000928487 -0.00102169 0.00159215 0.000507839 0.00306819 0.00223709 -0.000368378 -0.000114794 0.00106488 0.000289147 0.00180946 0.00392395 0.000960941 -0.00246879 0.000293784 0.00404048 -0.00141563 0.0047141 0.00205341 -0.000140804 -0.00191751 0.00167339 -0.00386833 0.00474289 0.00130656 0.00374026 0.00463121 0.00260278 0.00460607 0.00477296 -0.00122302 0.000554469 -0.00307385 0.00393918 0.00131492 -0.00683281 -0.00579677 0.000882869 2.98194e-05 -0.00129473 -0.00346057 0.00187327 -1.41765e-05
internal_weight=45452.5 26029.6 19422.9 16220.3 8736.37 4247.91 3665.59 2333.55 4488.46 3202.54 2771.97 749.673 718.229 4095.74 3770.23 21933.8 14942.8 12155.5 2022.3 3240.97 543.652 3122.84 7483.96 6991.08 618.173 11537.3 1965.85 289.946 6217.98 11360.3 2897.27 8462.99 2834.62 1259.94 1148.26 5628.37 1670.53 3957.83 3182.8 2802.53 303.494 2499.03 2075.53 1699.82 1346.64 740.554 606.084 6463.33 1566 1254.44 5698.4 1564.73 659.507 905.222 579.62 418.887 399.852 2787.25 703.642 507.398 2392.92 460.519 5704.77 4958.13 353.18 529.26 2687.45 1871.73 981.372 226.898 375.71 890.359 452.434 437.925 758.561 628.404 3635.22 4287.4 2834.95 825.507 561.633 342.496 5281.97 5111.01 1294.97 3816.04 2215.43 1600.61 1357.81 502.287 1124.72 2088.11 1673.72 1083.38 581.332 328.964 590.337 310.202 414.39 353.74 521.753 311.551 3934.58 1044.85 282.361 352.824 773.106 269.1 855.52 739.512 510.239 342.382 416.43 1318.66 679.801 638.855 1027.88 402.408 428.283 263.874 926.337 816.155 647.465 430.57 746.643 466.726
internal_count=182249 104376 77873 65047 35083 17092 14743 9367 17991 12826 11101 3002 2888 16407 15103 87969 59892 48723 8099 12982 2177 12509 29964 28077 2481 46242 7894 1165 24973 45531 11603 33928 11374 5055 4607 22554 6695 15859 12754 11230 1216 10014 8317 6812 5397 2969 2428 25876 6291 5038 22887 6271 2645 3626 2322 1678 1603 11169 2818 2034 9584 1848 22839 19849 1415 2121 10769 7501 3933 909 1505 3568 1813 1755 3037 2516 14559 17162 11356 3307 2250 1372 21211 20523 5196 15327 8898 6429 5453 2017 4513 8387 6721 4351 2334 1320 2370 1246 1666 1418 2089 1247 15750 4184 1131 1412 3104 1081 3436 2970 2049 1375 1676 5281 2722 2559 4124 1616 1723 1057 3717 3275 2597 1725 2990 1869
is_linear=0
shrinkage=0.02


Tree=43
num_leaves=127
num_cat=0
split_feature=11 15 161 5 231 137 60 5 214 171 29 214 231 231 231 100 11 113 199 236 176 231 171 45 113 59 95 204 129 214 155 114 231 176 129 218 101 29 145 142 114 110 67 220 62 214 232 32 118 223 112 114 204 186 192 190 62 218 183 5 220 137 15 27 192 21 106 4 44 142 139 60 204 176 105 177 114 75 79 129 218 129 177 87 35 114 167 192 60 111 177 22 112 178 22 209 192 62 2 75 231 4 190 204 137 213 135 112 29 62 81 153 213 140 79 68 81 180 21 45 180 178 190 192 218 34
split_gain=117.925 28.6915 26.9012 24.6972 21.2263 34.8142 30.362 22.6054 21.4534 19.8179 18.725 18.1223 17.874 32.7312 42.1858 25.1878 21.4621 19.2406 18.8672 17.8642 15.8395 16.3741 14.6689 17.819 14.7081 14.4874 14.4006 15.3188 14.3734 20.4643 13.7869 13.7775 16.9006 14.414 15.2879 19.8101 13.3481 13.2395 15.3116 15.6871 13.637 13.2066 12.5941 12.385 12.3387 14.3929 13.263 14.2924 12.1864 12.0862 12.0551 18.3779 15.5297 15.5327 22.6217 13.7903 13.5318 14.9768 12.9794 11.997 15.7244 11.9664 11.8432 11.9381 11.3677 11.2866 15.6482 11.1563 11.116 11.1398 10.9543 16.36 12.4412 10.9407 10.8639 10.78 13.9282 10.7367 10.6786 12.7268 10.9951 10.5954 10.4993 10.2837 10.2724 10.1975 10.1889 14.1103 10.1376 10.0862 10.5095 12.4619 10.0657 11.4146 10.4408 9.97202 14.3636 12.7669 11.9966 9.85201 9.74929 9.58675 9.55295 9.41855 9.40565 12.565 11.1281 11.9982 10.4779 10.1907 14.2535 24.9856 9.8729 9.37223 9.32291 9.31994 9.31606 13.1685 9.1647 9.0177 9.00534 8.97324 8.96283 9.05605 11.1885 11.074
threshold=-4.5421562390401953e-05 0.13456061482429507 0.0040165632963180551 3.2137442076418669e-06 0.15858851373195651 0.00060845099505968403 0.0028746360912919049 -0.00017086595471482721 0.0029504908015951519 0.00049718079390004288 0.41468140482902532 0.0044602230191230783 0.47523921728134161 -0.57536083459854115 -0.23980389535427091 0.00075294362613931309 0.00056761282030493032 0.65000000596046459 -0.015211998950690029 -0.02157396916300058 0.00075012232991866778 -0.9543684422969817 -0.00027166238578502083 3.9142434616223916e-05 0.45000000298023229 -0.34755046665668482 -0.00011878901204909197 0.0058931692037731418 -0.34944587945938105 0.0033794163027778272 -0.007961321156471966 0.00036854787322226917 0.48289918899536138 0.0010946076363325121 0.0069896171335130939 0.0027644879883155231 0.00055248744320124399 0.32263784110546118 0.00053884246153756987 0.00080952714779414247 -7.3620434704935165e-05 0.00087829228141345095 0.3792239129543305 -0.011842311359941958 0.00065938313491642486 0.0016430389950983228 3.5000000000000004 0.7034190595149995 -0.0070043783634901038 -0.012691303156316279 -0.1836985573172569 0.00035483631654642528 -0.0076770482119172803 0.0064915285911411056 0.0022223888663575058 0.0014980086125433447 0.00012273384345462548 0.0031275961082428698 0.002203653566539288 0.00017464781558373946 -0.015830755233764645 0.00073038754635490488 0.18166366964578631 -4.315285696065984e-05 0.0017182772280648353 0.2551263570785523 -0.00017936464428203178 0.00029692582029383635 1.0000000180025095e-35 0.00052372415666468452 0.0010174263152293863 0.0017658086726441982 -0.00096624428988434363 0.00086336466483771812 0.47383651137351995 0.0017113797366619112 0.00087894577882252644 0.35000000894069677 -0.00098042120225727536 0.083897951990365996 0.0088774892501533049 0.074889037758111968 0.0016230486799031498 -0.0048154250252991906 2.2525478016177661e-05 -0.00030218115716706956 -0.4883380383253097 -0.0051628504879772654 0.00079156245919875811 -1.0883654795179608e-05 0.001152044802438468 0.00039339403156191116 -0.039462270215153687 0.67961731553077709 0.0003471585077932105 -0.00044710015936288977 -0.0071994108147919169 0.00032085625571198767 0.00031890056561678653 0.55000001192092907 0.37258200347423559 -4.3460151573526666e-05 -0.001045080949552357 0.00068193612969480466 0.0004289777134545148 0.0014477104414254429 -0.35979223251342768 -0.088502939790487276 0.56258332729339611 0.00033003716089297091 -0.00058077025460079301 -0.00047047984844539309 0.0016671509947627785 0.32481284439563757 0.00094477299717254948 -0.0016511168796569107 6.3840871007414548e-05 0.0016509858542121949 -0.40342777967452997 -0.00012652191799134013 0.0022662897827103738 0.28258198499679571 0.0030660898191854362 0.0060619032010436067 0.0046233665198087701 0.0014681935426779094
decision_type=2 2 2 2 2 8 10 2 8 2 2 8 2 2 2 10 2 10 10 10 10 2 2 2 8 10 2 10 2 10 8 2 2 8 2 8 2 2 8 10 2 8 10 8 10 8 2 2 10 10 10 2 10 8 10 8 8 10 10 2 10 10 2 2 8 2 10 2 2 10 2 10 10 10 10 2 2 2 10 2 10 2 2 2 2 2 2 8 10 10 2 2 10 10 2 10 10 10 2 2 2 2 10 10 8 8 10 10 2 8 2 10 8 8 8 10 2 10 2 2 10 10 10 10 10 2
left_child=3 2 19 4 5 7 31 -1 26 28 30 12 13 59 16 67 70 18 -16 41 -4 -22 23 103 74 -8 -9 78 84 83 115 32 33 34 35 36 -6 38 -34 102 120 88 -42 -33 45 -23 47 -47 -32 -36 51 56 58 89 61 -53 -43 82 -52 60 -3 81 -62 116 -39 -20 122 -14 69 -12 72 -72 73 -15 113 -69 -77 -11 118 -80 -81 -55 -58 -30 86 -26 -5 -88 -2 121 -91 101 93 -56 -94 96 -61 -98 -97 -93 -37 -92 -40 -21 106 -106 107 108 -85 110 111 -107 -112 -24 -13 -7 -64 -118 -28 -108 -41 -54 123 124 125 -67
right_child=1 11 20 9 6 10 25 8 -10 77 68 114 15 14 17 -17 -18 -19 65 22 21 44 24 -25 85 -27 27 -29 29 -31 48 43 37 -35 49 100 -38 64 39 40 42 50 -44 -45 -46 46 -48 -49 -50 -51 52 55 53 54 92 -57 57 -59 -60 95 62 -63 63 -65 -66 66 -68 75 -70 -71 71 -73 -74 -75 -76 76 -78 -79 79 80 -82 -83 -84 104 -86 -87 87 -89 -90 90 91 99 94 -95 -96 98 97 -99 -100 -101 -102 -103 -104 -105 105 109 119 -109 -110 -111 112 -113 -114 -115 -116 -117 117 -119 -120 -121 -122 -123 -124 -125 -126 -127
leaf_value=0.0067283277184422728 0.00020323326858042438 0.0034196621158260328 0.0039710872005038131 -0.00083930999485337806 -0.0053669369762539337 0.0078425396635295602 0.0050273882974218647 0.0062624876254699629 -0.0028314900414705278 0.00045909683871048435 0.002296441897822099 0.0042602704238084302 0.0039831116066599585 0.00085818935957987757 0.0056650041125927818 -0.0062145262812653423 -0.010249850505809541 -0.0051710443630140334 0.003135041395492197 0.0025889330258897698 0.0022585310151492866 0.0022655448926071605 0.003094969086162538 0.0052518285021914612 0.003499663734725429 -0.00062632016039968917 -0.004041650737657311 -0.0020698912753925052 -0.0052426684024940873 -0.0038399430501863973 -0.0035033072555871853 -0.0017602661369354059 -0.0056434615079660978 -0.0044102170847103188 -0.0091709626140410103 0.0069666956311813522 0.002723360761575918 0.0068446815075322307 0.0087170993829764447 -0.0028089886441954354 -0.0085153979682251312 -0.0060176947309511734 0.00033540601912259766 0.0042406310291451784 0.0017772031171567199 -0.0067181677543377786 -0.0006150469661693102 -0.00092066024834904132 0.0014939537689275708 -0.0012447298392763691 0.00093384841052511318 0.0043523171195422568 -0.0022776257586352615 -0.0041958315110148664 0.00016560449330416365 -0.0019874111489295134 0.0052453131014125595 -0.0017092036591580806 -0.0063287199307907197 -0.004647317136366437 -0.0029419986648904764 0.006031032421519783 -0.0040526752904364314 0.0021206702858524475 -0.00079473746220345195 -0.0017877820593049695 -0.0066627638126768932 -0.0013182622066159899 0.0012768463127917609 -0.0045156651448017846 -0.00091541540714901106 -0.0090114697999207714 -0.0088135993664258446 -0.0069759450180245895 0.0051359973079091363 0.0041649732303387695 -0.0029361102114193079 -0.0059058069425737903 0.004530004990946206 -0.00072423367831598153 0.0054266285229551611 0.0034454754981349109 -0.0010472465427211019 0.0024400108806444227 -0.0011428816793406182 -0.00054868360253311715 0.0085135345755768029 0.0020910797070598512 0.0067034435116362125 -0.0063855019832640952 0.0045691400679577065 -0.0058693883284611191 -0.0046528278259298948 -0.0080325989030163632 0.0023147330415696919 -0.0066956558745962002 -0.0012000657827748265 0.0066607425610995018 -0.001908820894387269 -0.00096336578103912757 -8.4619857466750026e-05 -0.0016912481658664081 0.0014527542101722382 -0.0051907201889007694 0.0039877150610994607 -6.8618946131451559e-05 -0.0047823042281594386 0.005145193789473616 -0.0046948821262777253 0.002409717387962446 0.0048999717664803604 -0.0086928475436619645 0.00014129894147537684 -0.0041159992776516495 -0.00088063543514478571 0.0010542222973164315 0.0044686133012155531 -0.0012823790408754577 0.0033163281736167307 0.0016726270521205963 0.0034092637654573659 0.0019171869630537804 0.003330987783703698 -0.0050476140147554987 0.00015229700653667674 -0.0071974591666236001
leaf_weight=710.92365230619907 220.8353177011013 408.457075715065 129.33242180943489 149.46464668214321 195.26514787971973 206.76126496493816 694.63055624067783 512.58354249596596 236.86517141759396 152.61128295958042 106.89969107508659 287.72445245087147 329.22470578551292 146.86183604598045 126.97883933782578 213.02192981541157 347.92576152086258 623.82884708046913 165.39175985753536 107.37181159853935 208.12527856230736 120.03321079909801 143.59200552105904 606.83019569516182 258.8006688952446 237.43067805469036 134.67827020585537 242.15708830952644 106.53973554074764 498.48319187760353 184.90785193443298 189.7183228880167 164.86103799939156 709.28485657274723 100.38643039762974 203.16505199670792 115.6146065145731 198.6384791135788 99.600985750555992 127.39660237729549 129.47313058376312 160.00294682383537 110.2992867231369 405.6776031255722 148.4003359079361 883.70381240546703 269.27397856116295 218.138626947999 4788.7520187646151 234.95182417333126 123.83666983246803 585.4189972281456 378.11455368995667 102.64465068280697 115.60145865380764 164.57794205844402 254.96500211954117 818.99898791313171 384.9560124874115 145.57469880580902 679.48694638907909 332.91305947303772 298.09889200329781 711.13758833706379 115.12896938621998 977.83097061514854 242.24690766632557 902.23492889106274 345.49782349169254 457.77880285680294 513.21194490790367 105.73401337862015 350.31022088229656 111.89801116287708 407.45591366291046 379.61908769607544 136.42129150032997 307.97905893623829 1459.6901185959578 418.5451648235321 139.02150085568428 158.06614571809769 163.33299224078655 137.98042351007462 216.35251009464264 2300.8187403082848 232.37968336045742 338.53416983783245 151.51817332208157 272.41906794905663 146.61958967149258 342.44071544706821 99.826593980193138 142.05321879684925 285.64874978363514 296.33544443547726 162.23990204930305 138.30182652175426 697.57650178670883 315.6697778403759 120.20180684328079 219.4748882651329 209.7176805138588 103.90072149038315 477.73527549207211 431.71701154112816 357.65057107806206 156.00882379710674 155.09276877343655 775.26825216412544 189.30676794052124 175.30731135606766 1053.3067445009947 108.91705043613911 249.97154602408409 136.6956645399332 181.3447822779417 742.06251460313797 101.25588539242744 101.17211066186428 238.56727753579617 398.37873354554176 127.12686322629452 281.42434851825237 1068.5572595894337 165.17412877082825
leaf_count=2864 885 1635 518 600 783 832 2798 2059 950 611 429 1153 1318 592 509 854 1410 2511 664 430 833 481 575 2430 1036 952 542 971 427 1996 743 761 662 2843 402 815 464 797 400 511 519 641 442 1626 595 3543 1079 875 19217 941 496 2344 1514 411 463 659 1021 3279 1541 583 2720 1333 1193 2847 461 3924 977 3615 1384 1834 2066 425 1413 451 1631 1520 547 1233 5867 1677 557 633 654 553 867 9212 933 1358 607 1091 587 1371 400 569 1144 1187 650 554 2795 1264 482 879 841 416 1914 1729 1432 625 621 3105 758 702 4217 436 1003 549 726 2972 407 405 956 1595 510 1130 4290 664
internal_value=3.60586e-06 -0.00093134 -0.000249608 0.00111239 0.00155145 0.00206007 0.000421463 0.00352353 0.00278445 3.13733e-05 0.00112215 -0.00161375 -0.0017783 -0.0021259 -0.0031776 -3.42004e-05 -0.00591063 -0.00201261 -0.0013594 0.000159217 -0.00237537 -0.00285737 0.00119577 0.00355401 0.000578289 0.00360428 0.00324247 0.00257725 0.000367354 -9.47031e-05 0.00157571 -0.000402481 -0.000944304 -0.00228436 -0.000671527 0.00115686 -0.00237545 0.000679451 -0.000389657 0.000657358 -0.00121718 -0.000502778 -0.00473153 0.00233343 -0.00352617 -0.00407051 -0.00464979 -0.00560727 0.00129488 -0.00400015 -0.000734307 0.000461959 -0.00140589 -0.000891387 0.000873733 0.00294565 -0.000893911 -0.000146137 -0.0045926 -0.000854894 -0.000134475 0.00362984 -0.000711994 9.41438e-05 0.00416194 -0.00168924 -0.00198781 0.000780982 -0.00150443 -0.00319162 -0.00453667 -0.00253724 -0.00642326 -0.00278704 0.00319296 -7.38023e-06 0.00224821 -0.00386553 0.00309051 0.00355789 0.000944205 0.000352413 0.00285259 0.00037513 0.00259844 -0.000115399 0.0037226 0.00490489 0.00305517 -0.00194269 -0.00300893 -0.00200572 -0.00170297 -0.00460735 0.000369844 -0.00234349 0.000142088 0.00260717 -0.00343994 -0.00361398 0.00449333 0.000922823 0.00417923 -0.00135501 0.00054964 0.00107271 -0.00122246 0.000999897 -0.00139445 0.000516031 -0.000294987 -0.00275711 0.000932395 -8.92091e-05 0.00192442 0.00534747 -0.00110082 -8.21713e-05 -0.00087144 -0.00334856 0.00121122 -0.000131383 -0.00150838 -0.00177971 -0.00132235 -0.00267986
internal_weight=45462.3 24666.3 12353 20795.9 14783 10183 4600.01 3955.72 3244.8 6012.89 6227.29 12313.3 11775.6 9815.12 5354.5 1960.52 1575.94 3778.56 3154.73 10376 1977.01 1847.68 4037.69 818.103 3219.58 932.061 3007.93 2495.35 5552.3 4615.57 5317.12 3667.95 3072.55 1678.87 969.585 634.247 310.88 1393.68 1079.92 915.055 605.736 6338.31 239.772 595.396 1639.55 1491.15 1371.12 1101.84 4973.66 335.338 5965.96 2147.3 3818.66 3309.87 1236.75 749.997 1397.3 1237.3 508.793 4460.62 3020.59 593.624 2612.13 1932.64 313.767 3027.75 2862.36 1747.5 910.176 564.678 1228.02 618.946 609.07 258.76 659.965 1418.28 516.04 460.59 2253.19 2017.26 557.567 260.711 418.298 4117.09 936.731 2559.62 720.378 570.914 372.353 2073.12 1296.62 1024.2 643.13 257.655 385.475 1440.03 446.116 300.542 993.912 658.11 323.367 366.094 309.319 211.273 4010.55 3102.64 907.905 449.082 293.073 2624.91 1849.64 607.024 1242.61 252.509 537.696 343.457 1221.51 923.407 235.934 458.823 365.964 776.493 2620.11 2492.99 2211.56 1143.01
internal_count=182303 98879 49471 83424 59338 40882 18456 15894 13030 24086 24988 49408 47252 39398 21536 7854 6357 15179 12668 41547 7924 7406 16166 3276 12890 3750 12080 10021 22242 18484 21341 14706 12319 6730 3887 2544 1247 5589 4331 3669 2428 25381 961 2387 6573 5978 5497 4418 19960 1343 23889 8598 15291 13254 4953 3003 5595 4954 2037 17862 12093 2377 10458 7738 1258 12159 11495 7000 3647 2263 4947 2491 2456 1043 2642 5682 2067 1844 9050 8101 2234 1044 1675 16488 3758 10248 2891 2291 1492 8301 5192 4101 2576 1032 1544 5769 1787 1204 3982 2635 1297 1466 1241 846 16061 12425 3636 1799 1174 10511 7406 2431 4975 1011 2156 1381 4891 3698 949 1837 1467 3109 10518 10008 8878 4588
is_linear=0
shrinkage=0.02


Tree=44
num_leaves=127
num_cat=0
split_feature=11 231 231 223 27 34 110 113 231 152 143 29 224 231 231 222 137 231 194 121 14 185 221 116 215 128 175 34 144 224 215 231 224 211 188 153 209 189 214 231 99 231 32 63 216 100 221 215 11 4 45 97 161 225 144 81 181 91 148 149 175 152 149 110 100 175 188 34 223 113 29 225 15 188 188 154 175 175 143 231 27 112 224 214 153 181 144 91 151 99 161 199 36 188 166 223 101 211 214 14 185 117 100 23 23 166 112 4 128 112 118 212 188 188 153 133 137 152 209 3 175 231 161 32 112 68
split_gain=122.909 40.106 92.8553 34.0878 32.2897 28.0151 25.3871 21.1393 20.09 20.211 17.7955 17.3469 17.0707 16.8187 30.2295 25.9019 23.1045 22.2324 22.0915 19.286 18.8601 17.6927 16.7084 20.4246 16.3923 25.4439 16.0219 15.0016 20.3392 14.8721 14.8191 16.0727 15.6352 14.4499 14.3739 13.9976 15.822 13.7371 14.6352 13.6984 25.2659 18.7474 13.7432 14.082 13.6955 14.9405 16.0514 13.6732 13.406 19.9 13.3892 13.0694 12.8855 12.8816 14.1524 12.8039 12.7203 13.2153 12.676 17.5577 16.8053 12.6484 17.5976 14.4715 22.1437 13.3467 12.428 12.4258 12.4179 12.0134 12.0012 11.7631 11.7535 11.8256 12.1281 16.3356 12.7954 12.4508 11.6628 17.6493 13.0802 11.9738 11.4853 14.215 12.4066 11.3586 11.2685 12.319 11.2339 13.2559 11.2251 11.9555 11.2061 11.0908 11.0592 18.2601 12.5929 12.3114 11.8087 14.3761 11.0468 10.9523 11.3444 16.1947 10.8661 10.8264 10.8086 17.8083 11.7479 14.0148 17.34 12.4885 11.2265 10.7931 10.784 10.7599 10.6604 12.052 10.717 10.6399 10.536 10.5273 10.3595 14.286 10.3525 10.3397
threshold=0.00012573345156852159 0.02835773024708033 -0.56099891662597645 -0.026592012494802472 -0.00040387327317148442 0.00081094322376884531 0.00089554089936427783 0.65000000596046459 -0.23980389535427091 -0.00071475369622930874 0.31867164373397833 0.78993517160415661 0.018304388970136646 -0.26092512905597681 -0.31937207281589503 0.33027967810630804 0.00097264198120683442 -0.041439602151513093 0.00073383111157454561 -0.0012213843292556701 -0.00018667977565200997 -0.011293932329863308 0.042187696322798736 0.0032414132729172711 0.0024111905368044977 0.00069641793379560124 0.00065632699988782417 0.00047203792200889444 -0.0015663717640563843 0.021617334336042408 0.0026536524528637533 0.093673683702945723 0.0022649966413155202 0.85121440887451183 0.30271752178668981 -0.0013882786734029649 0.00061056725098751496 0.45000000298023229 0.0025151305599138145 0.17149884253740313 0.00027126357599627232 -0.53176689147949208 0.41349768638610845 0.00055788402096368383 0.12695543467998507 0.00037344751763157552 0.0020851471927016978 0.0037866253405809407 1.0000000180025095e-35 -4.823295239475555e-05 0.00033762141538318252 -0.49896086752414698 0.0034237238578498368 -0.00075536611257120956 -0.0067862828727811566 -0.00015714400069555265 0.72264510393142711 0.24828930199146274 0.0040741583798080691 -5.9060452258563594e-05 0.0010139612131752076 0.0011428797151893379 -2.7591556317929641e-05 0.0062714896630495795 0.00045466831943485891 0.0011491313343867662 0.17900302261114123 0.0013730155187658968 -0.011142347007989882 0.55000001192092907 0.70058730244636547 0.00016929626872297379 0.12091965600848199 -0.051729196682572358 -0.12558501213788983 -0.0015668926062062381 0.00074890532414428901 0.00096539079095236968 0.49485413730144506 -0.2143086493015289 -0.00049146241508424271 -0.013244702015072106 0.0053044965025037536 0.0021925900364294653 0.0013128750142641368 0.89336898922920238 -0.0077434408012777558 -0.19731249660253522 0.65000000596046459 0.00022255637304624545 0.0017255994607694449 -0.004875386366620659 -0.067773021757602678 -0.038573995232582085 -0.0053853148128837338 -0.015273406170308588 0.00069243370671756576 -0.5191611349582671 0.0023082236293703322 -0.00016849619714776051 -0.0041617206297814837 0.0021214049775153403 0.00037726903974544262 6.0620115618803545e-05 8.4031249571125968e-05 -0.0037796224933117624 -0.1002242937684059 0.00054749115952290605 -0.0014095837832428513 -0.018231942318379876 0.0011123169097118082 0.014849075116217138 0.034215826541185386 -0.13546610623598096 -0.00096831642440520216 0.00012926618364872414 0.00073737598722800623 -0.00020493659394560379 0.00024885070160962647 -0.00030823517590761179 0.00073340072412975143 -0.080633651465177522 0.0049381388816982516 0.53130155801773082 -0.13246813416481015 -0.0014433486503548918
decision_type=2 2 2 10 2 2 10 8 2 10 8 2 8 2 2 10 10 2 8 2 2 10 8 10 10 2 10 2 10 8 10 2 10 8 10 10 10 10 10 2 10 2 2 2 10 10 10 10 2 2 2 10 2 8 8 2 8 2 10 10 10 10 10 10 10 10 10 2 10 10 2 8 2 10 10 10 10 10 10 2 2 10 8 8 10 10 10 2 10 10 2 10 10 10 2 8 2 10 10 2 10 10 10 2 2 2 10 2 2 10 10 10 10 10 10 2 10 10 10 2 10 2 2 2 8 10
left_child=4 2 -2 67 12 24 10 22 11 -10 29 26 35 14 16 -16 19 18 70 71 -20 55 23 44 25 124 -5 28 34 72 32 33 -19 116 -21 36 -1 38 50 40 119 86 43 52 45 -7 -47 -17 122 -50 -11 -29 58 -14 113 -18 66 -58 59 92 -61 62 -9 64 -64 -63 105 69 -34 -4 121 125 73 74 76 -76 -6 -78 79 -43 93 -81 -30 88 -85 -59 -42 -88 89 -84 91 -60 -41 -80 -33 96 97 -96 -98 -100 -99 102 -91 -104 -89 -26 -46 112 -109 110 -110 -111 -108 -55 -22 -107 117 -32 -119 -37 -90 -15 123 -23 -3 -8
right_child=1 5 3 8 6 7 13 61 9 37 -12 -13 53 17 15 47 21 30 20 27 114 48 -24 -25 56 -27 -28 51 82 -31 31 94 68 -35 -36 39 -38 -39 -40 42 41 78 -44 -45 106 46 -48 -49 49 -51 -52 -53 -54 54 -56 -57 57 85 90 60 -62 65 63 -65 -66 -67 -68 -69 -70 -71 -72 -73 -74 -75 75 -77 77 -79 80 81 -82 -83 83 84 -86 -87 87 104 120 101 -92 -93 -94 -95 95 -97 98 100 99 -101 -102 -103 103 -105 -106 115 107 108 109 111 -112 -113 -114 -115 -116 -117 -118 118 -120 -121 -122 -123 -124 -125 -126 -127
leaf_value=0.0048401250664784909 -0.0006263590203503766 -0.0014113002824909903 0.0045103667618062579 0.0019950244680852851 0.0049203605174490805 -0.0090111600720149919 0.0068385921751634221 -0.0091861226258513826 0.0038587955603205976 -0.00068299214032834356 0.0060848663381984419 -0.009186151355384628 -0.0054523857681930575 0.0019707298245364596 -0.0014558161427182508 0.010689039242303114 -0.0027951395304463798 -0.0079006478785046859 0.0014649879780861171 0.0025858604724320338 -0.00013549024539948637 0.0010101569835028724 0.0069474270877215843 -0.0074298138203933474 -0.00055623333030013051 0.005126400137068097 -0.0058159568318397591 -0.0057943184755692009 -0.0038861076461450274 -0.0016939778559764717 0.0062295244572286249 0.0057015669995170819 0.0037011278040034032 0.0094301464050468228 -0.0043862932893450604 0.009098447248059624 -0.00071146589160105622 -0.0058076787771063421 0.003436718598505157 0.00072172795919737606 0.0053078093148053156 0.0059746705384853341 0.0046424510241835472 0.0037179074740617797 0.0015508897166397067 0.0015999012437413087 -0.0069678565373393385 0.0016109167951865425 -0.0033676646852142129 0.0069131318788578904 -0.0091787190297211215 -0.00037788065398683255 0.0051195889979156681 -0.00047353168539476451 0.00018993494944243911 -0.010313162375755152 -0.0021875744464019231 0.0075012417736177945 -0.00095270793482679574 0.00013376521798665438 0.0077316221552288554 0.0038498544649067422 -0.0037388855348501906 -0.0079756154628357386 0.0063690845783186565 -0.0033683889228384059 -0.00099862683544827942 -0.0051563966389279485 -0.0022717265013157515 -0.0015178340186191414 -0.0049295525009032549 0.0088242088370033313 -0.00044470109824722371 0.0036319635091530788 0.0020876628641771327 -0.0052953779706949233 -0.0022288590185962198 0.0026504043354162623 0.011545364927150911 0.0016495694999954125 0.00095448072278594292 -0.0060818746586769092 -0.0014567571041002921 -0.0046363274563809911 0.0027576962139184776 0.00014305261646878434 -0.0048641185982757516 -0.0034027447202659355 0.0026717608650498317 0.0051050563287094366 -3.3900797670230274e-05 -0.0092144376030256492 -0.0061463651715578408 0.0036818867540361309 -0.010113823741745718 0.00071579663492078163 0.0041830764132296198 0.0018387604541494247 0.0017941471600345081 -0.0062389067593279788 -0.0064269333895902205 0.0081555531492326951 -0.0058752107518957163 0.0033045594860188271 0.0015161686720108506 0.0038541649307252544 0.0035505648662556739 0.0021589158435703264 -0.0052005599879394642 -0.002488278971940512 0.0053006421455515478 -0.0093532659517791793 -0.0022003281385120409 0.0060381820533891694 -0.0072343007524657667 0.0090778936208754796 -0.0027280159022546177 0.0031564465606727914 -0.0044993674724779342 0.0020618832301414654 -0.0045975649960136129 -0.0042510399417541016 -0.0052956697355070982 -0.0052162114947919827 -0.0093017557727069159 -0.00042238124513638243
leaf_weight=1352.060345724225 6746.6806478798389 150.77845577895641 218.21042175590992 108.89112982153893 416.41543267667294 109.99042491614819 101.53902359306812 234.27542378008366 119.9495694488287 206.27062511444092 318.21237970888615 743.79510977864265 117.18912342190742 552.86782051622868 152.13712298870087 236.87637419998646 347.13983228802681 142.77730213105679 143.88977085053921 2249.5703162848949 99.813301488757133 596.82469893991947 106.84837558865547 139.71805992722511 119.37622879445553 125.11469128727913 889.50715157389641 224.49521347880363 313.83384807407856 560.06560517847538 241.51769092679024 101.56306955218315 155.80805072188377 102.5977268666029 107.0502758026123 299.73385313153267 235.91808457672596 806.45674435794353 149.42364034056664 156.14290668070316 151.55147905647755 216.2658454477787 273.76942126452923 313.27969332039356 1544.3712520599365 267.52013665437698 106.31742113828659 100.30063480138779 105.17896182835102 180.61015227437019 99.130113214254379 668.75303280353546 114.81483633816242 144.66825710237026 2334.0943646132946 115.92329382896423 340.1894943267107 127.09602351486683 116.05865970253944 439.05809998512268 138.83475883305073 155.01576924324036 230.86074094474316 116.38155518472195 112.50158420205116 227.50708092749119 158.35808049142361 142.02352651953697 664.16356401145458 281.05641132593155 165.19244699180126 156.25029046833515 775.74498884379864 1417.6515923291445 223.3885338306427 219.94302502274513 334.94477485120296 491.6201765537262 177.80865539610386 202.17805209755898 141.56067903339863 106.48349449038506 256.83100919425488 338.3614167124033 106.62608294188976 197.22719843685627 169.80897237360477 200.33515779674053 110.12969616055489 255.13981626927853 186.65504306554794 178.63995124399662 208.52072124183178 154.92954297363758 130.10049630701542 1676.0692903995514 125.34665079414845 114.64185139536858 151.53060263395309 174.3661542236805 110.4141828417778 154.595966771245 112.87481893599033 162.83796602487564 961.88828811049461 501.26943100988865 404.66489614546299 144.44327460229397 100.02823467552662 244.22043992578983 112.22219927608967 199.49878692626953 183.46548452973366 303.00286857783794 615.61861816048622 259.5353659838438 142.30689109861851 167.22491407394409 100.05562274158001 137.09418009221554 195.5603650957346 114.77861128747463 216.00959672033787 173.89583986997604 112.56969559192657 215.25595217943192
leaf_count=5437 27014 604 875 438 1673 441 407 940 482 830 1276 3013 470 2216 610 950 1390 572 577 9018 400 2390 428 561 478 501 3578 899 1257 2245 968 407 624 411 429 1208 948 3250 601 627 608 871 1097 1259 6189 1072 426 402 421 723 400 2678 460 581 9362 464 1362 509 465 1761 557 622 927 467 451 913 634 571 2660 1128 662 626 3106 5693 897 883 1345 1973 715 813 568 428 1029 1355 427 790 682 804 441 1022 748 716 837 623 521 6711 502 459 607 698 442 619 452 652 3857 2007 1621 579 401 980 450 800 735 1217 2468 1039 570 670 401 551 783 460 865 696 451 863
internal_value=6.36072e-05 -0.00126076 -0.00203494 -0.00454257 0.000877317 -6.70855e-05 0.000393704 -0.000917453 -0.00539996 -0.00351512 0.00165189 -0.00683742 0.0018235 -3.72672e-05 0.000564984 0.00527956 0.000242685 -0.000835912 -0.00276335 0.000855249 -0.00497474 -0.00176629 -0.000187187 -0.000439188 0.00185048 -0.00178776 -0.0049416 0.000498492 0.000982642 0.0013083 -6.82223e-05 0.00056432 -0.00222803 0.00309326 0.0022349 0.00238182 0.00401676 -0.00426568 -0.00140208 0.00185341 0.00273849 0.00192471 0.000623615 -1.37147e-05 -0.000111752 -0.00315886 -0.00106683 0.00822997 -0.000520578 0.0031567 -0.00383528 -0.00183625 -0.000811418 0.000538375 0.000827871 -0.00502627 0.00269147 0.000506253 -0.00135394 1.24791e-05 0.00215667 -0.0033537 -0.00492642 -0.0024633 -0.000258766 -0.000397281 0.00405371 -0.000329651 -0.00107568 0.0011891 -0.000418482 0.00463864 0.00174817 0.00229555 0.00114265 -0.00164564 0.00214746 0.000667259 0.00401373 0.00185135 0.0062352 -0.00122545 -0.000495458 0.000171122 -0.00282219 0.0032948 0.000483028 -0.000136305 0.00126613 0.00233694 -0.00392335 -0.00622812 -0.00332094 0.00830033 -0.000191404 -0.000476139 -0.0029109 -0.0056208 -0.000630004 -0.00261604 -0.00241002 0.0037594 0.00222952 -0.000596757 0.000625063 0.0049647 0.000408904 -0.000865225 -0.00277765 -0.00389638 0.000330025 -0.0058451 0.00174323 0.00400361 -0.00627453 0.00582303 0.00184345 0.00317687 0.0001768 0.00707704 -0.00197543 0.000808582 -0.00162719 -0.000491086 -0.00520261 0.0021728
internal_weight=45580.3 17342.8 10511.4 3764.71 28237.6 6831.37 18705.2 4739.85 3123.42 1381.23 4757.99 1742.19 9532.35 13947.2 7954.6 489.314 7465.29 5992.64 1692.16 5729.71 859.322 1735.58 3663.31 3556.46 2091.51 388.463 998.398 5256.66 4363.41 4439.77 4300.48 3337.74 962.749 753.703 2356.62 6633.39 1587.98 1261.28 454.824 5045.41 2919.64 2482.81 2125.77 1852 3416.74 483.828 373.838 337.177 1272.52 285.789 305.401 893.248 1538.72 2898.95 2781.77 463.063 1703.05 664.513 1423.91 942.556 577.893 1076.54 694.019 459.744 343.362 382.523 1038.54 641.29 819.972 499.267 832.839 473.045 3879.71 3103.96 1686.31 443.332 1242.98 826.565 999.226 524.927 474.299 308.662 2006.79 1692.96 444.987 324.323 1483.58 1332.03 1247.97 942.28 481.354 294.699 364.664 332.738 2584.03 2482.47 806.4 355.157 451.243 325.897 225.056 685.449 530.853 275.713 1162.22 880.181 2932.91 1388.54 800.413 655.97 212.25 443.719 588.13 447.671 715.432 760.805 651.105 508.798 267.281 436.828 305.69 667.646 986.73 770.721 263.348 316.795
internal_count=182793 69558 42180 15166 113235 27378 74965 19003 12592 5563 19091 7029 38270 55874 31868 1962 29906 24006 6783 22957 3445 6949 14683 14255 8375 1556 4016 21061 17484 17815 17223 13367 3856 3020 9447 26640 6385 5081 1831 20255 11728 9969 8527 7430 13694 1939 1498 1352 5095 1144 1230 3577 6171 11630 11160 1854 6819 2661 5711 3782 2318 4320 2785 1845 1378 1535 4158 2574 3284 2003 3338 1896 15570 12464 6771 1780 4991 3318 4018 2112 1906 1241 8037 6780 1782 1299 5951 5343 4998 3774 1929 1181 1464 1338 10347 9940 3229 1422 1807 1305 901 2745 2126 1104 4661 3524 11755 5566 3210 2631 851 1780 2356 1798 2868 3046 2609 2039 1071 1759 1224 2676 3951 3086 1055 1270
is_linear=0
shrinkage=0.02


Tree=45
num_leaves=127
num_cat=0
split_feature=9 230 230 111 29 221 153 112 102 111 17 65 189 137 109 29 166 155 166 152 223 138 123 223 135 186 42 99 5 0 186 150 0 77 148 9 114 179 150 223 222 103 229 155 188 114 2 230 146 197 223 212 112 91 97 188 191 137 150 215 90 107 215 74 111 99 112 153 148 103 36 222 91 112 138 144 68 102 60 60 223 3 115 136 4 173 87 43 109 194 188 148 90 114 128 211 144 223 27 139 212 27 179 223 159 116 97 112 188 138 135 91 135 211 222 41 199 222 112 106 175 136 0 0 166 188
split_gain=116.475 43.4412 37.1454 36.3136 26.2768 24.8429 23.6816 23.4748 25.1348 21.3309 20.5026 20.3033 19.3075 18.5327 18.1347 17.8983 18.0696 17.3723 17.2927 16.6167 15.496 15.1499 16.0379 23.5322 18.8373 14.8014 14.5376 14.3823 14.2861 14.7599 14.2418 15.4463 14.0811 15.8271 13.9331 17.3184 13.7512 13.7146 13.5255 17.6638 19.5992 14.9518 13.9844 18.8663 15.9683 15.901 15.1599 15.0765 14.0878 16.0794 15.5824 23.0571 13.8109 13.6232 14.9897 15.4299 16.0764 15.6204 13.5915 13.4183 12.8046 12.6446 18.2622 29.37 27.4677 19.0408 18.4942 17.7956 14.8424 13.6152 12.4574 12.4477 12.3567 12.3473 20.8934 16.0361 24.3364 17.7699 12.9231 15.6326 12.2878 15.8865 14.4608 12.2399 12.2004 12.0562 17.6597 12.0306 11.7603 11.627 11.8777 11.5093 11.7857 19.2252 12.7776 15.017 11.4398 11.4267 11.4088 11.404 11.374 11.3692 11.5746 14.2766 11.3458 11.2549 12.9318 11.1398 15.5253 11.0143 17.8612 14.8355 14.1043 10.9802 12.1577 14.3637 15.8942 13.3693 17.7216 14.4613 11.6884 12.9565 12.5523 14.3134 12.4797 11.1183
threshold=-0.00012561285257106644 -0.87355786561965931 -0.9993099272251128 9.8192856967216371e-05 0.8008386790752412 0.022180264815688137 -0.00074960599886253465 -0.034534966573119157 0.60073599219322216 0.00013423783093458044 1.0000000180025095e-35 -0.0013035017182119189 0.65000000596046459 0.0010018447064794602 -0.0093214339576661569 0.25022768974304205 -0.0030077801784500475 -0.010571572929620741 0.0020194801036268477 -0.00041554514609742904 -0.021371400915086266 0.0011746447416953745 0.0025244409916922454 -0.011243938002735375 0.24442979693412784 0.0056761810556054124 -0.00093640069826506067 0.0020854643080383544 0.00017464781558373946 -9.9259850685484694e-05 0.01098761707544327 0.11866144090890886 0.0001314545806962997 -0.0020435006590560074 0.0041526232380419978 2.3422649974236268e-05 0.0016082433285191657 -0.011577497236430643 -0.17138674110174176 -0.0023028122959658499 0.52010288834571849 -0.00085251533892005671 -0.085307288914918886 0.0015107745421119036 -0.078085239976644502 0.00020616572874132547 0.00010968474452965894 -0.70556074380874623 0.83899343013763439 0.0019473768188618126 -0.0022240366088226433 0.01345289731398225 -0.17653881013393399 0.17457348108291629 -0.59949135780334462 0.070411894470453276 -0.0017529277829453347 0.00064707960700616251 0.027507022954523567 0.004041520645841957 0.0010034552542492749 0.00096306868363171827 0.0028598047792911534 -0.12475489079952239 2.0591014617821205e-05 0.00045743327063973998 0.047119824215769775 -0.0012551223044283686 0.0033023119904100899 -0.00079571746755391348 0.0096901049837470072 0.13753864914178851 0.41675361990928655 -0.11132685467600821 0.00078484808909706782 -0.00092697120271623124 -0.00033339700894430274 0.74575066566467296 0.00085856419173069309 0.0013658535317517819 -0.015612519811838864 1.0000000180025095e-35 0.00066026381682604562 0.0032835621386766438 4.7975436245906174e-05 0.50318163633346569 0.0021759475348517303 -1.5739000446046699e-05 -0.0020733044948428865 0.0074391697999089965 -0.14419540762901303 0.0087914806790649908 -0.0019610321614891286 -0.00023614249948877839 -0.0017671367386355994 -0.57732850313186634 -0.00097875157371163347 -0.0057566377799957982 -0.00021034321252955121 0.0017152491491287949 0.016088726930320266 -0.00010723581726779229 -0.0065209632739424697 -0.03283667936921119 -0.0010735916439443825 0.00086927949450910102 0.38750830292701727 -0.24596594274044034 0.054623628035187728 0.00069435490877367567 0.50683143734931957 0.045451266691088683 -0.3072113692760467 -0.54369005560874928 0.84214338660240184 -0.00045567963388748462 0.0067119637969881305 0.57419365644454967 0.14706690609455111 -0.0037811151705682273 0.0010301887523382904 0.0038954606279730801 6.9534501108137201e-06 3.9488102629547945e-05 -0.00090990678290836502 -0.3683356493711471
decision_type=2 2 2 8 2 10 8 10 8 10 2 2 10 10 10 2 2 8 2 10 10 10 2 8 10 8 10 8 2 2 8 10 2 2 10 2 2 10 10 10 8 10 2 10 8 2 2 2 8 10 8 10 10 2 10 10 10 10 10 10 2 10 10 10 10 10 10 10 10 10 10 8 2 10 10 10 10 10 10 10 10 2 10 10 2 10 2 2 10 10 10 8 2 2 2 8 10 10 2 2 10 2 10 10 2 10 10 10 10 10 8 2 10 8 10 10 10 10 10 10 10 10 2 2 2 10
left_child=2 3 -1 4 5 14 17 8 -5 -9 12 -6 13 38 71 30 101 -4 96 -14 -21 22 23 24 26 -13 -15 32 29 -18 31 87 33 70 35 -22 99 -19 39 40 107 -41 46 44 45 58 47 -40 49 -45 83 -52 -49 54 -46 56 104 88 -44 109 -51 -31 63 84 65 -64 69 -67 -65 -66 -8 -2 73 74 78 77 -77 100 -36 -80 82 -82 -47 -50 -63 86 -39 -16 -58 105 -91 92 93 -35 -94 -96 -11 -25 -54 -23 -75 102 -17 -104 -56 106 -12 -3 -109 110 -42 112 -111 -97 117 -116 -117 119 -119 -115 121 125 -122 -124 -123 -121
right_child=1 10 6 7 11 -7 27 9 -10 18 89 25 19 21 15 16 28 37 -20 20 34 36 -24 97 -26 -27 -28 -29 -30 61 -32 -33 -34 91 72 -37 -38 85 42 41 59 -43 43 48 53 80 -48 52 50 60 51 -53 98 -55 55 -57 57 -59 -60 -61 -62 62 64 68 66 67 -68 -69 -70 -71 -72 -73 -74 75 -76 76 -78 -79 79 -81 81 -83 -84 -85 -86 -87 -88 -89 -90 90 -92 -93 94 -95 95 113 -98 -99 -100 -101 -102 -103 103 -105 -106 -107 -108 108 -110 111 -112 -113 -114 114 115 116 -118 118 -120 120 122 124 123 -125 -126 -127
leaf_value=0.0066843534360025757 -0.00044883513122020568 0.0030966522032233961 0.008012742319594094 -5.6863738323001479e-05 0.0041413706562807512 -0.0054438460173039886 0.008183649087931958 -0.0061203297283743841 -0.0087705026873186147 0.0072944416520947025 -0.0037246088169288899 -0.0040484131474621595 -0.005770283495243219 -3.3169120777482776e-05 -0.00064948591933729205 -0.0036949839964321575 0.0017749517325097934 -0.0037624464062019957 -0.0048018652837661449 0.0027441248311920702 0.00075198598555086785 -0.0015987664463303966 -0.0066398772751645489 0.0036078408881932145 0.0022204056267652868 -0.001427962201608882 -0.0070575016097081302 -0.0062438445604590196 -0.0058876699442249863 -0.00019973569876339294 0.0084420149483986542 -0.0045191883056235095 -0.001988336225381341 -0.006674970191038721 -0.0038338404243518239 -0.008256236329221317 -0.0043279996267955017 0.002281763074810417 0.0063520285083636611 0.0025347088169431066 0.0027665569979407174 -0.0062705418899651434 -0.0034326998710326531 0.0054563733792699302 -0.0077798691541810308 0.0034664528756965518 -0.00053947981006671655 0.0048501684626856703 -0.0082796854569940053 -0.0021498528896459128 0.0090035865573595848 -0.0020262525835444719 -0.0045865148926006669 -0.0062736516825256453 -0.0020955067276372343 0.0013511747848142268 0.0064926804589761 -0.0053490820329938496 0.0015704268568740175 0.0089630769639271607 0.0040690404258851729 0.0023600779405858071 -0.0053839169013800469 -0.011949582113531887 -0.0017836038735562431 -0.0050721880833945222 -0.0039202396672705659 0.0039887708376432325 -0.0036638057889431031 0.0045196132557969015 -0.00014527691958612774 0.008535940159248882 -0.004356337734901532 0.010903656546487214 -0.0055934035977986806 -0.0056801554481579856 0.0051752101293961218 -0.0016934238738043825 0.0085949078342017222 -0.0011332138294078799 0.0082453831501906223 0.0010876754064685502 -0.0062767202554118986 -0.00093544836626914031 -0.0040033471626983444 0.007046135244186803 -0.0034785163870544467 0.0046346416064509963 -0.0016058796977393756 -0.0040719585243359918 0.0036621043791931034 -0.00095600743972087238 0.0033618315620130325 0.0022492637318435749 -0.0018138677087743149 0.0067384775847580593 -0.00099957938278609406 -0.0025182494354019243 0.001936405426654172 0.0022825221425050429 0.0019470776355033734 0.0054140286329204448 0.0074358464701482635 2.2222251898638828e-05 -0.010684566786772732 -0.0065889107736512385 0.002400250852827772 0.0010635412671255136 -0.0040495361582978439 -0.00063770726859642077 0.0099165644911692382 -0.0042105988580744278 0.0083696925048290498 -0.0051806239532534082 0.005272554980329712 0.0049714604112263286 -0.0016760405641758312 -0.0015673477574925045 0.004555314934964372 -0.0034069432629079206 0.0050249120809371653 -0.0071302639579349895 -0.0046712183187482062 0.0041565712225177156 0.00018872292101273776 0.0026909580917768108
leaf_weight=492.94418194890022 100.33907270431519 590.87958671152592 186.48482628166676 168.09626530110836 152.54874332249165 380.79065562784672 187.94547288119793 228.13763000071049 608.4214064925909 154.17102509737015 448.77788092195988 2048.8343098014593 295.96959449350834 159.85041715204716 296.66167029738426 185.66337017714977 608.20108452439308 140.11907732486725 105.47106450796127 377.51829735934734 127.36854806542397 414.35079823434353 263.0700037330389 383.38130667805672 162.82354342937469 1533.4949520379305 430.61047711968422 100.80962455272675 244.66594518721104 1794.6778211146593 102.35381600260735 141.72333805263042 700.87821644544601 179.39621914923191 107.60921061038971 221.00234839320183 191.42560367286205 4465.6598106473684 389.10246324539185 114.90711475908756 617.86278603971004 170.80471761524677 531.6933981180191 493.53315445780754 121.66037632524967 103.15743038058281 645.79190465807915 254.88583253324032 101.10016185045242 302.75167410075665 119.13203792273998 153.76007108390331 170.37823286652565 292.07284788787365 129.63006043434143 615.57634806632996 123.35817678272724 140.39033070206642 342.89593526721001 177.85304988920689 204.84041610360146 200.91363313794136 660.16016381978989 218.6933915913105 173.48067362606525 122.33469188213348 187.72508239746094 202.1596956551075 174.46798057854176 502.29167817533016 108.68563647568226 132.54681447148323 290.25945335626602 142.12693798542023 295.60660623013973 184.76101061701775 119.31358696520329 111.34551367163658 117.39017502963543 119.36950308084488 199.57214213907719 301.64761307835579 102.34679424762726 388.43161602318287 248.40082606673241 182.74224598705769 206.18132993578911 377.29838559031487 130.89449022710323 106.70010890066624 194.4885785728693 1313.8596545606852 965.78680942952633 172.51373162865639 702.57744126021862 123.34818184375763 100.61808562278748 157.88864171504974 227.73689466714859 998.56167958676815 103.15845131874084 219.08108329772949 118.08985315263271 420.15954066812992 122.62475760281086 316.82498414814472 179.3419172167778 943.21181634068489 295.34890711307526 154.57437485456467 172.0149956792593 149.60794158279896 102.66296495497227 103.23148287832737 527.26793587207794 204.98029464483261 380.92663498222828 1452.3857124298811 197.39175225794315 120.42270766198635 661.25087396800518 120.71735389530659 123.75963971018791 130.28653901815414 272.9650890827179 882.74238380789757
leaf_count=1984 402 2367 751 674 611 1527 756 917 2448 619 1799 8238 1185 640 1190 744 2437 563 425 1512 510 1659 1054 1535 652 6168 1724 404 982 7190 410 568 2809 720 431 885 767 17945 1561 460 2475 684 2129 1976 487 413 2586 1022 405 1212 477 616 683 1170 519 2465 494 562 1373 712 820 805 2647 877 695 490 753 810 700 2015 437 531 1164 569 1184 740 478 446 470 478 799 1208 410 1556 997 733 827 1512 524 428 780 5264 3878 693 2820 495 405 632 913 3998 413 878 473 1684 491 1273 720 3778 1183 619 689 599 411 414 2115 822 1527 5827 792 483 2652 484 496 522 1095 3543
internal_value=-2.60236e-05 -0.000749207 0.00138737 -0.00162518 -0.00125559 -0.000593031 0.00120359 -0.00468876 -0.00693301 -0.00159643 -9.12074e-05 -0.00263104 0.000102849 0.000410774 -0.000330551 -0.000514103 -0.000896522 0.00229353 0.00143959 -0.0014629 -0.000867963 -0.000923008 -0.00231512 -0.00134862 -0.00359532 -0.00294083 -0.00521925 0.00061993 -0.00134751 -0.00110725 0.00206572 0.00108272 0.000704545 0.00091981 -0.00159195 -0.00510071 0.000440434 0.00204888 0.000825292 0.00183146 0.00225881 -0.00279511 0.000298035 -0.000232842 -0.00113277 0.000309366 0.00186149 0.00333152 0.00142352 0.0029605 -0.00061876 0.00307487 0.00139642 -0.00248087 -0.00160258 -0.000895254 -0.00300933 -0.000408739 -0.00147989 0.00404665 0.000418915 -0.00150422 -0.00236643 -0.00477452 -0.00122934 -0.00348153 0.00135952 0.000476628 -0.00862806 0.00289673 0.00531552 0.0049355 -0.000769841 8.43705e-05 -0.00186617 0.00197303 -0.00136418 0.00473979 0.00146469 0.00398396 0.00250341 0.00414471 -0.00151224 -0.00271767 -0.00117859 0.00223137 0.0020138 0.00235701 0.00251031 -0.00254104 0.000839264 0.000756889 0.00106602 -0.00241443 0.00124815 0.000898131 0.00418471 0.0017948 -0.000941017 0.00113787 0.00756761 0.00163144 0.000371916 0.00185687 -0.00674895 -0.00361353 -0.00195572 0.000886257 -0.000200706 0.00318066 0.00453008 0.000471302 0.00330159 0.00126299 0.00110714 0.00294042 0.000736931 0.000593189 -0.000788999 0.00153599 0.00187773 0.000707745 0.00360994 -0.000170978 -0.00229176 0.00190666
internal_weight=45540.5 30132.3 15408.3 12912.7 11547.8 7812.88 14915.3 1364.92 776.518 588.398 17219.6 3734.88 15973.5 13360.7 7432.09 7199.2 6281.17 5181.19 360.26 2612.8 2316.83 3161.96 1557.62 1294.55 753.284 3582.33 590.461 9734.13 5338.17 5093.51 918.037 815.683 9633.32 8932.44 1939.31 348.371 1604.34 4994.7 10198.7 3489.73 3204.02 285.712 6708.97 5021.07 3257.52 1581.31 1687.9 1042.1 1763.55 1001.13 762.424 272.892 653.001 1676.21 1384.13 1262.47 646.898 394.643 874.589 1374.58 507.592 4485.31 2690.63 842.476 1848.15 984.655 863.497 324.494 393.161 675.772 296.631 232.886 1590.94 1300.68 639.975 660.706 304.075 356.631 344.369 236.76 706.724 501.22 205.504 489.532 449.314 4854.58 4671.84 673.96 254.253 1246.13 301.189 8635.81 7321.95 351.91 6970.04 6004.25 254.789 541.27 398.115 1412.91 245.285 942.994 723.913 538.249 252.255 944.945 628.12 1829.44 1238.56 1196.72 789.878 406.845 257.237 5301.68 5178.33 1113.17 585.907 4065.15 1649.78 2415.38 2312.14 1396.85 915.297 254.046 393.682 1003.17
internal_count=182647 120796 61851 51822 46334 31317 59867 5488 3122 2366 68974 15017 63974 53509 29790 28857 25177 20819 1449 10465 9280 12661 6237 5183 3016 14406 2364 39048 21398 20416 3680 3270 38644 35835 7768 1395 6424 20068 40848 13977 12833 1144 26871 20106 13044 6332 6765 4179 7062 4008 3054 1093 2618 6712 5542 5055 2590 1580 3502 5505 2032 17979 10789 3379 7410 3947 3463 1300 1577 2710 1193 933 6373 5209 2563 2646 1218 1428 1379 948 2830 2007 823 1961 1802 19505 18772 2702 1018 5000 1208 34642 29378 1413 27965 24087 1024 2167 1596 5657 982 3779 2901 2157 1010 3792 2519 7328 4961 4793 3164 1629 1030 21267 20772 4464 2349 16308 6619 9689 9275 5605 3670 1018 1579 4026
is_linear=0
shrinkage=0.02


Tree=46
num_leaves=127
num_cat=0
split_feature=10 181 231 231 32 224 7 135 194 148 0 231 214 231 185 101 52 31 101 63 27 226 76 159 223 102 25 217 190 23 146 83 23 152 214 80 174 121 29 36 174 80 232 194 66 215 111 62 177 24 70 19 209 194 52 179 121 36 63 231 24 231 176 174 177 177 193 190 176 156 183 111 221 117 45 0 34 193 224 108 190 214 146 138 119 23 66 32 66 220 193 221 102 95 176 221 154 220 213 179 143 214 111 14 197 209 148 194 185 70 184 118 159 182 80 180 174 119 66 215 226 32 209 74 74 31
split_gain=101.334 29.4081 23.2888 70.7018 29.2949 25.0461 21.9257 21.1378 26.2072 20.7759 18.3007 17.5902 17.2854 16.4581 16.9472 15.4607 18.1245 18.3695 17.9065 14.8834 15.213 14.5832 14.3879 14.3471 14.1436 15.6042 20.9804 13.8659 15.2575 13.6287 15.5242 13.5121 12.6333 12.6304 15.5074 13.518 12.955 12.2681 14.1014 13.1312 12.1726 12.111 12.0181 12.8896 12.8507 16.1083 12.5888 13.4405 12.1505 12.0102 11.9357 11.7494 12.0239 15.3774 13.6011 12.5193 13.7799 11.4593 12.7298 16.4168 15.2297 12.3404 14.3693 12.8975 12.431 11.7892 11.5327 13.5162 12.6026 11.457 14.1154 11.3916 11.0221 20.244 12.4246 10.9896 12.884 17.4002 21.135 14.3246 17.4862 12.6893 12.701 11.3573 10.9782 10.8813 10.7595 10.6999 11.0457 10.6139 10.9621 10.6023 20.4115 11.1079 10.4598 12.4535 10.407 10.3895 10.3793 10.3424 17.5718 11.0333 10.268 10.2426 10.219 12.9151 10.1558 10.1232 15.3745 16.0483 15.557 12.7436 10.7384 11.4955 10.049 10.0428 11.3468 10.4361 10.031 10.0142 10.0418 9.82216 9.78681 9.78409 9.77306 9.72759
threshold=1.0000000180025095e-35 0.82983252406120311 -0.0065449222456663838 -0.56099891662597645 0.83352577686309826 0.021229655481874946 -0.00012172568312962538 1.0777711868286135 0.0094964979216456431 0.0065276008099317559 0.00013981499068904671 0.1326885595917702 0.0033794163027778272 -0.23132287710905072 -0.011293932329863308 0.00091398341464810084 0.00016830350796226415 0.00041735915874596691 0.00060349781415425252 0.00015889897622400897 -0.00047396717127412552 -0.32739917933940882 -8.3988448750460507e-05 0.0022106711985543375 -0.031401563435792916 0.31552098691463476 0.00010414397911517882 -0.00020785927335964513 0.0037798719713464384 7.3729239375097691e-05 0.69726714491844188 -3.5378156098886386e-05 9.4165210612118258e-05 0.00048895043437369179 0.002210966777056456 -0.00040168510167859489 0.0040141358040273198 -0.0011585561442188916 0.62198039889335643 0.13484383374452594 0.012362170498818161 2.0653974388551436e-05 1.0000000180025095e-35 0.0023557144450023775 0.001473540789447725 0.0040806597098708161 1.0000000180025095e-35 0.00022774945682613182 0.0017913738847710194 7.9390098107978715e-05 0.43129543960094457 -4.1294182665296823e-05 0.00039126664341893053 -0.0068283588625490657 0.00071588921127840887 -0.0060507673770189277 -0.0024470436619594689 -0.22405456751585004 0.00032508371805306529 0.32350382208824163 0.00013223040150478485 0.47523921728134161 0.0011371421860530975 0.006424791645258666 0.0023148714099079375 0.0017431306769140067 -0.0091945659369230253 0.0020772645948454742 0.00081360529293306183 -0.006194603629410266 0.0035312029067426924 -0.00015276459453161803 0.0080058421008288878 0.0023069424787536268 0.00015111846732907 -0.00012776161020155993 0.00081094322376884531 -0.0055142359342426053 0.0040150624699890622 0.85736680030822765 0.00041211904317606246 0.0020860373042523865 0.30865386128425604 0.00057933037169277679 -0.0004941924416925757 9.2551123088924228e-05 0.00053750356892123829 0.43861414492130285 0.00033882846764754509 -0.021713785827159878 0.0048012959305197009 0.0068809916265308866 0.14524474740028384 -0.00016933121514739466 0.00096266862237826001 0.01265022484585643 0.00024553203547839081 -0.015332498122006653 0.0041274589020758876 -0.0019318218692205844 0.48554226756095892 0.0024115517735481267 -0.00013424381177173925 -3.2636809919495129e-05 0.0003512925904942677 0.00059088473790325235 0.0013875185395590963 0.0083928424865007418 -0.0051886474248021832 0.68462148308753978 0.28334489464759832 0.0019566025584936146 -0.0015643514343537388 -0.0055072065442800513 0.0020043993135914211 0.00038569650496356195 0.0030712394509464507 5.3677433243137791e-05 0.00028201154782436794 0.0030127508798614149 -0.19146900624036786 0.72323074936866771 -0.00074017015867866565 -0.0691084749996662 -0.26778011023998255 0.00056669098557904374
decision_type=2 10 2 2 2 10 2 10 8 10 2 2 8 2 10 2 2 2 2 2 2 8 2 2 10 10 2 8 10 2 8 2 2 10 10 10 10 2 2 10 10 10 2 8 2 10 10 10 2 2 8 2 8 8 2 8 2 10 2 2 2 2 10 10 2 2 8 8 10 8 8 10 8 10 2 2 2 8 10 10 10 10 10 8 2 2 2 2 2 10 8 10 10 2 10 10 10 8 8 8 10 10 10 2 10 10 8 10 10 8 10 10 2 10 10 10 10 2 2 10 8 2 10 10 10 2
left_child=1 10 3 29 5 15 11 22 9 125 19 12 31 49 -15 16 17 -5 -19 50 57 33 23 -4 25 26 -23 28 103 30 -2 -3 -33 34 35 -22 -37 39 71 87 72 -36 97 -44 45 46 -45 -48 -46 -6 -1 -24 55 -54 99 56 -53 66 59 -59 89 63 106 65 -65 -62 -21 68 -68 -28 -71 -39 73 74 -32 -57 77 -77 -79 80 81 82 -80 -78 -40 -41 -27 88 118 -60 102 -12 93 -93 -34 -96 -86 -31 -14 100 101 -55 -91 119 -13 -106 -63 108 109 110 -85 -110 -111 -114 -51 -73 117 -117 -26 -8 -121 -49 -58 -66 -104 -9
right_child=2 6 7 4 13 -7 27 8 -10 -11 91 104 98 14 -16 -17 -18 18 -20 20 21 24 51 -25 37 86 69 -29 -30 42 40 32 94 -35 41 36 -38 38 84 85 -42 -43 43 44 48 -47 47 121 -50 114 -52 52 53 54 -56 75 122 58 60 -61 61 62 -64 64 123 -67 67 -69 -70 70 -72 115 -74 -75 -76 76 83 78 79 -81 -82 -83 -84 107 96 -87 -88 -89 -90 90 -92 92 -94 -95 95 -97 -98 -99 -100 -101 -102 -103 124 -105 105 -107 -108 -109 111 112 -112 -113 113 -115 -116 116 -118 -119 -120 120 -122 -123 -124 -125 -126 -127
leaf_value=0.007724455027508138 0.0019478734774024365 0.008119563896153946 0.0023115569574335302 0.00080158818990334348 -0.0044133651756000213 -0.0060118381415242552 -0.0067794854545441064 0.0013573324544809307 0.0029219562363847601 -0.011224450640659633 0.00089946906514246528 -0.0067379982219415635 -0.0070249442216120065 0.0027345453325154836 -0.0045917992668901625 0.0017065978287218186 -0.0043112910665227761 -0.0083359091249222243 -0.00083123072226535567 -3.738825353367268e-06 0.0075229326496583458 0.0073400193147515006 0.0025491854228541959 -0.0028293074869022695 0.0030175235063776527 -0.0068859843394089076 0.0032148164795743344 0.0041995067422584435 0.0018593981681090707 0.00066455507206374413 0.0024639499563984288 -0.00028370137152164328 -0.00085665481140472432 0.0091882658726103669 -0.0033433662253368659 -0.004026933752905775 0.0045824153578272863 -0.0051057030496628143 -0.0054930581569014114 0.002256779755359681 0.0046561699415912806 0.004329475055154206 -0.0012923937080313002 0.00098095737654905536 0.0078596361206064724 0.0026277301896909309 -0.00027139480884711781 -0.0023316774684005773 0.0014077702984782601 -0.010743177472367171 0.0010623963515090731 0.00087660751173705188 0.0053815090364612997 -0.0010356286297624629 -0.0045590012414862061 0.0027855627599092576 -0.0019778566365067454 0.0055066937648136707 0.0045513901795909808 -0.0011454345126135485 0.0011971071192862187 0.0054134257539213962 0.006324069611615999 0.0038621093228956489 0.0023430736008529401 -0.0051194875217644396 0.00052082148566894178 -0.001524687555150252 0.0068707331930168859 -0.0086650317629918643 0.00093001550853422674 0.0051249443976552154 -0.0037805180352320539 0.0067670706763201275 -0.0061274729586782541 0.0044478766595151993 -0.0048372757458264304 -0.0061428502984246748 -0.001235065971918285 0.0063124231171232678 -0.0051621118531163072 -0.0030090963973932955 0.0065973957212441996 0.0044858133103966172 0.0028704004922254262 -0.0039713592487421838 9.4500254124234995e-05 0.00015565073458741936 0.0056323359120775338 0.0020229036162149189 0.0021674972036164666 0.0044245118670223947 -0.005179889551235559 -0.0033040611234045674 0.0093336550810570046 0.0021645006544342205 -0.0030794566228422582 -0.0039647943905805963 0.001386920293986679 0.0028423478235092888 -0.0048042326829394223 0.0051856525777785427 0.00099717152812972315 -0.00042797038034691646 0.0025352586451454018 -0.0030427233216211731 -0.0013738059721569707 -0.0050816333664344517 0.0071378714290747085 -0.0088955034123447685 -0.0043351458361926094 -0.0011436318645736217 0.0016170050644434483 -0.0051998155508490088 -0.0032867711200945853 -0.0035436269492014794 0.0010700150051029707 0.0020958917931318348 -0.0027618273663405448 0.0021437860099200912 -0.0038391334501122233 -0.0096188638005165524 -0.0080063376235326601 -0.0023157419913584342 -0.0048740691291906391 -0.0056995916960863851
leaf_weight=253.28988496959209 1781.6207100301981 164.36120288074017 1708.2695468515158 1021.8324412852526 441.37953285872936 562.44913460314274 409.41941055655479 136.84631545841694 166.67875120043755 168.21273356676102 677.43142898380756 110.36835472285748 100.04701548814774 148.81999516487122 535.68539859354496 498.36909851431847 911.04255601763725 188.92601549625397 338.04460218548775 236.36056806147099 258.56605157256126 118.70521830022335 513.80241519212723 231.10731773078442 715.80979545414448 250.79827150702477 103.33028329908848 110.12577287852764 246.66210877895355 251.50435784459114 100.9339609593153 463.59329581260681 120.44168396294117 109.02626922726631 238.28552950918674 101.75317288935184 145.60320347547531 107.52309937775135 234.4538282752037 198.01291464269161 107.87677225470543 101.3711998462677 2948.8180878162384 409.17982383072376 145.11407913267612 501.6304188221693 280.71897253394127 160.13860929012299 440.7952174693346 398.20000773668289 189.3956680893898 185.52434216439724 235.80740621685982 254.92231899499893 197.64540594816208 317.33275094628334 208.01863440871239 628.13029682636261 119.09438814222813 184.54408152401447 241.36617922782898 113.9399511963129 468.36045677959919 729.34786872565746 358.62804888188839 200.81686700880527 155.66974884271622 107.44403025507927 695.5301039814949 114.00984840095043 106.60125824809074 202.05311313271523 516.25590568780899 121.34898841381073 141.06219099462032 310.37721310555935 445.12384554743767 212.20898176729679 123.31539753079414 128.85733073949814 203.05926857888699 147.63966278731823 202.04496119916439 222.01519210636616 205.53135651350021 213.34213423728943 130.28100119531155 446.49490441381931 645.88377124071121 148.83674842119217 252.61047351360321 178.62079711258411 433.62197917699814 100.98957182466984 180.80729222297668 218.39247319102287 225.8317713290453 756.92065668106079 104.02900609374046 552.64387840032578 250.10067923367023 178.77718718349934 137.98566301167011 359.88910891115665 280.66631096601486 351.8022530823946 241.51826620101929 198.58124509453773 150.35164612531662 114.29760290682316 100.90488795936108 123.29823742806911 170.39249865710735 193.96223840117455 114.94055281579494 404.96000099182129 5415.5393595993519 174.2245905995369 127.27426758408546 124.39803205430508 578.34379576146603 151.32779631018639 249.30944310128689 324.31525272130966 491.05530232191086 144.59169645607471
leaf_count=1018 7133 661 6839 4095 1785 2263 1639 548 669 676 2718 442 401 599 2166 1999 3665 759 1356 950 1039 476 2058 926 2875 1005 415 441 988 1007 404 1858 483 437 956 408 584 431 939 795 432 406 11808 1638 581 2008 1124 641 1765 1612 760 743 945 1021 793 1271 834 2529 478 740 970 459 1883 2931 1440 806 626 431 2795 457 427 812 2067 486 565 1243 1786 850 494 516 813 591 809 889 823 856 522 1791 2594 598 1014 717 1737 405 725 875 904 3031 417 2214 1002 716 554 1441 1124 1409 969 796 603 459 404 495 684 779 467 1626 21716 698 511 498 2316 606 999 1302 1971 581
internal_value=4.19661e-05 0.000987024 -0.000901739 -0.00140771 -0.00326227 -0.00221287 -0.000585328 -9.19053e-05 -0.00360243 -0.00604236 0.00131606 0.000809144 0.00215678 -0.00546255 -0.00296655 -0.00145504 -0.0021042 -0.000767519 -0.00372818 0.00149276 0.00139409 0.000956439 0.000182422 0.00167632 0.000730209 -0.0017534 0.000802178 -0.00217385 -0.00262583 -0.00031728 0.000840777 0.00310869 0.00212588 0.00329535 0.00234079 0.00449535 0.00100454 0.000953075 0.000528862 0.00219788 -0.00115568 -0.000939978 -0.000848687 -0.00044454 0.000753246 -0.000235002 -0.00169245 -0.00351138 0.00321241 -0.00715486 0.00504333 -0.000289494 -0.000554481 0.000864244 5.76669e-05 -0.00114714 -0.00366146 0.00222008 0.00175674 0.00400488 0.00126112 0.00208299 0.00409356 0.00115568 0.00208329 -0.00176897 0.00396084 0.00491844 0.00574806 -0.00188106 -0.0043367 0.000822889 -0.00195613 0.000698038 -0.00262954 -0.000647825 -0.0010213 0.000456189 -0.000824163 0.000692996 -0.000528671 0.00158919 0.00372919 -0.00215447 -0.00219795 -0.0010077 -0.00461383 0.00288252 0.00368733 -0.000656546 -0.00133362 -0.000881394 -0.00255126 0.00159889 0.00420642 0.00570198 -0.000242959 -0.00281975 -0.00299588 0.000856464 -0.000783681 0.00164442 -0.00249642 -0.00339224 -0.00163527 -0.000565582 0.000974273 -0.00115669 -0.00035224 -0.00175012 0.00163739 0.00358273 -0.00400949 -0.00209364 -0.00925894 0.000941853 0.000784289 -0.00183387 0.00210128 -0.00432695 -0.00275003 -0.00623895 -0.00546201 0.00012776 -0.00359512 -0.00240584
internal_weight=45408.5 22687.5 22721 13974.9 5159.69 3520.66 3923.35 8746.02 616.329 449.651 18764.2 2094.51 1351.67 1639.03 684.505 2958.21 2459.85 1548.8 526.971 17373.5 16930.8 11095.3 8129.69 1939.38 10140.7 823.726 442.647 1828.84 1718.71 8815.25 2769.1 1147.6 983.235 954.605 845.579 505.922 247.356 9316.93 6970.12 2346.82 987.478 339.657 6046.15 5037.72 2088.9 1503 1001.37 592.185 585.909 954.52 442.686 6190.31 5676.51 1669.9 1434.09 4006.62 642.852 5835.55 4640.55 812.674 3827.88 2678.29 823.819 1854.47 1412.29 442.183 1195 958.644 851.2 323.941 220.611 6304.3 879.601 363.345 241.996 3363.76 3046.43 1327.5 1017.13 804.917 676.059 473 325.36 1718.93 665.817 411.355 381.079 1935.46 1488.97 1149.58 1030.49 1390.66 713.232 279.61 519.641 399.2 431.363 1008.43 204.076 1236.44 683.8 433.7 777.878 1472.05 742.837 632.469 355.458 1273.8 1075.22 801.572 322.92 273.65 478.652 364.355 513.141 6196.78 5994.72 579.185 843.084 1112.16 702.742 311.466 457.328 682.943 629.041 281.438
internal_count=182130 91022 91108 56062 20766 14137 15718 35046 2474 1805 75304 8395 5420 6629 2765 11874 9875 6210 2115 69727 67949 44503 32572 7765 40673 3302 1775 7323 6882 35296 11087 4602 3941 3830 3393 2031 992 37371 27949 9422 3954 1362 24209 20171 8363 6017 4009 2371 2346 3864 1778 24807 22749 6691 5746 16058 2576 23446 18644 3269 15375 10760 3311 7449 5673 1776 4802 3852 3421 1299 884 25283 3522 1455 969 13482 12211 5316 4073 3223 2707 1894 1303 6895 2666 1651 1527 7771 5980 4615 4137 5577 2859 1122 2083 1600 1727 4038 818 4953 2739 1737 3123 5894 2975 2533 1428 5109 4313 3215 1293 1098 1922 1463 2079 24852 24040 2324 3386 4453 2814 1247 1833 2742 2525 1129
is_linear=0
shrinkage=0.02


Tree=47
num_leaves=127
num_cat=0
split_feature=11 231 231 231 11 15 231 81 231 90 216 135 60 166 163 113 7 72 62 98 231 190 2 231 190 167 214 76 63 98 31 231 15 188 175 63 187 218 27 193 181 149 113 214 150 213 15 15 2 220 183 204 220 167 167 171 98 137 226 119 193 53 59 78 149 117 53 11 167 146 146 219 231 150 150 112 112 171 190 171 174 184 152 174 110 193 81 110 33 135 27 183 147 212 231 214 216 147 220 193 149 63 201 0 186 24 117 226 175 108 98 98 201 62 175 33 105 190 79 165 193 214 116 213 53 204
split_gain=104.947 32.4553 42.1627 48.3478 36.2666 24.3802 26.3314 39.4678 28.3174 24.9969 24.3983 23.6975 20.7163 20.6525 18.549 17.2975 16.9063 16.0255 15.4285 20.2545 14.9999 22.057 14.8956 16.3068 15.7401 14.6657 14.4193 14.1658 14.0233 19.4338 18.6054 19.2377 17.6824 16.3542 26.0997 13.8707 13.6397 22.9916 16.5473 15.9656 15.6174 13.5505 13.5099 12.9677 12.9021 12.6683 12.3368 12.233 12.031 12.0041 11.9879 15.7459 11.9243 11.9047 16.3501 12.3066 11.8267 14.2487 11.7568 11.7313 12.5077 13.38 12.3702 11.5446 12.593 13.6534 11.2676 13.6102 11.9698 15.3057 14.238 11.1434 11.0419 13.0978 14.2226 13.1484 13.1673 12.7548 13.0052 16.6921 13.6692 12.9768 13.6589 11.3229 11.0396 11.0552 10.9858 19.5455 16.553 13.442 10.9771 10.8384 10.8261 10.7681 10.7475 11.2023 15.3612 13.3003 16.8877 12.4324 12.9578 12.4005 11.4846 10.6889 13.4225 10.6833 10.4732 11.7262 12.3819 10.7321 10.3667 11.7828 11.2554 11.1634 10.3335 11.6824 13.6194 16.4475 16.9364 10.2363 12.8049 13.557 12.8375 10.1561 15.4765 10.0864
threshold=-4.5421562390401953e-05 0.48289918899536138 -0.57536083459854115 -0.0065449222456663838 0.00017802901129471141 -0.12026302516460417 0.10669767111539842 -0.0010559190413914619 -0.56099891662597645 0.0022766799665987496 0.10527428612113 1.119156062602997 0.00089969261898659181 -0.00075742267654277373 -0.0060813974123448125 0.75000000000000011 -0.00019477736350381744 0.00055960484314709913 0.00050217361422255646 0.0027188768144696955 0.31523424386978155 0.0012608309625647964 -6.2463306676363559e-05 0.15858851373195651 0.0026063875993713741 -0.24640762805938718 0.0033794163027778272 0.00015875722601776945 0.00046221738739404833 0.0042005402501672515 0.00043301314872223889 0.59657368063926708 0.13744679093360904 -0.20753405988216397 0.00078152224887162458 0.00037691366742365068 0.00012558790331240746 0.005782968597486616 -0.00021269897843012584 -0.0046649579890072337 0.85139474272727977 2.8549761736940131e-06 0.35000000894069677 0.0034648395376279954 -0.32331840693950648 0.0017192813684232535 -0.15134234726428983 -0.27804756164550776 0.00022009454551152888 -0.0016073049628175793 0.0015753515181131663 0.0046121028717607268 -0.012298630550503729 -0.4883380383253097 -0.44741334021091456 -0.00067228503758087743 0.0019415459828451278 0.00090279296273365628 0.13611681759357455 7.545088010374458e-05 -0.001401226094458252 0.042883262038230903 -0.15353830158710477 0.0010030293487943711 -9.5412124210270108e-05 0.0023564037401229147 0.29094147682189947 -2.4707672309887126e-05 -0.31360462307929987 0.094070676714181914 0.1401508376002312 0.75486111640930187 -0.95037782192230214 -0.30239251255989069 0.13205266743898394 -0.20938486605882642 0.15980387479066852 -0.00044591195182874793 -0.00072468354483135034 0.00010058208499685863 0.0049709265585988769 0.86207842826843273 -0.00014492749323835594 0.0093123083934187906 0.00033994847035501158 -0.0058834643568843594 -9.6848201792454333e-05 0.001917480491101742 -0.00080878991866484274 -0.1607425585389137 -0.0004478859191294759 0.0021774750202894215 -0.0069889738224446765 0.026106774806976322 0.26092512905597692 0.0020209281938150529 0.17833769321441653 -0.002088001230731606 -0.006863176589831709 -0.00023062169930199158 3.4890919778263203e-05 0.00040958635509014135 -0.0051428650040179482 0.00010986902998411098 0.0078390263952314871 0.00017394305905327204 -0.0029564957367256279 -0.17239385098218915 0.0014244230114854874 0.24656485021114352 0.0041272020898759374 0.0030049510532990102 -0.0037421676097437735 0.00022450923279393467 0.00074118489283137034 -0.00055214270832948376 0.76563090085983287 -0.0007999378431122749 -0.00035662087611854071 0.00015299553342629227 -0.0027396094519644971 0.0015638983459211888 -0.00022323626762954515 0.0012364310096018019 0.092330180108547225 0.00099623535061255119
decision_type=2 2 2 2 2 2 2 2 2 2 8 10 10 2 2 8 2 8 10 10 2 10 2 2 10 2 10 2 2 8 2 2 2 10 10 2 10 10 2 8 10 10 8 10 10 8 2 2 2 8 10 10 10 2 2 2 10 10 10 2 10 2 10 10 10 10 2 2 2 10 8 8 2 10 10 10 10 2 10 2 10 10 10 10 10 10 2 10 2 8 2 8 8 10 2 8 10 8 10 10 10 2 10 2 10 2 10 10 10 10 10 10 10 10 10 2 10 10 10 10 8 8 10 8 2 10
left_child=5 2 48 4 13 6 8 84 72 16 25 27 -9 44 41 20 35 -18 19 -13 22 36 23 -5 -24 53 28 63 30 -30 32 106 33 34 -12 -10 37 38 -22 -40 -38 56 -16 -28 -4 -36 94 -11 66 110 -19 -52 -25 55 -55 -7 -6 -58 59 60 -15 125 -61 119 -65 -66 67 -2 69 -69 -70 -39 73 -1 75 -75 -77 -74 79 80 -79 -80 -83 -82 92 -86 -29 89 -89 -88 -50 -68 -8 -56 -14 96 -96 98 102 -98 -101 -99 -97 -44 -105 -23 -32 109 -109 -108 111 -35 -112 -113 -46 -116 117 118 -117 120 122 -122 -3 124 -72 -62
right_child=1 11 3 15 14 10 7 12 9 47 26 18 46 58 42 -17 17 50 -20 -21 21 105 24 52 -26 -27 43 86 29 -31 31 -33 -34 49 45 -37 40 71 39 -41 -42 -43 103 -45 114 -47 -48 -49 90 -51 51 -53 -54 54 93 -57 57 -59 -60 62 61 -63 -64 64 65 -67 91 68 70 -71 123 -73 77 74 -76 76 -78 78 81 -81 83 82 -84 -85 85 -87 87 88 -90 -91 -92 -93 -94 -95 95 97 99 101 -100 100 -102 -103 -104 104 -106 -107 107 108 -110 -111 112 113 -114 -115 115 116 -118 -119 -120 -121 121 -123 -124 -125 -126 -127
leaf_value=-0.0017198111348401479 -0.0035103965031737829 0.0040343716934333777 -0.004455017038813288 0.0056802803081186827 0.0026214825528850395 0.0044004911467883127 0.0050783610716445497 -0.004086495446281895 0.0073980093416651403 0.0017955248823089028 0.0070382740152776062 -0.0070411395245140512 0.0022893815060383814 -0.0074190675362032421 0.0013011817716380453 -0.0056736663521280272 0.0044267164504583189 -0.0041003120414388741 -0.0083803589407216109 0.0028984977043648892 0.001909769935758485 -0.0027675798497036482 -0.0007312601064855159 -0.0045571225156555385 0.0052076310741777853 -0.003351059349194455 -0.0077521068776781514 -0.0040919720017882763 0.0040222463889522551 -0.00023802899113615971 0.0016339220094535032 0.0040244604873797482 0.0067464225871000207 -0.00042503830541237272 0.0036289953630762387 0.0033753550270024342 -0.0069168750229295075 0.0084092194819720047 0.0003872094405733268 -0.007225863782549205 0.00095887923518116994 0.0047580611718102675 -0.0050688805855822992 -0.001384498123510868 0.0047794465734752331 -0.0021374762578714639 0.0037155617324764597 -0.0072306891933977191 0.0040422881812188921 -0.0040597342077661261 0.0032711518698957348 -0.0038359259275845552 0.0023643864778496331 0.011587159213529492 0.0045623386686282196 -0.0041176602672032738 -0.0084042626410311908 -0.00016783766644340101 0.00046291276671610163 -0.00050595062242158651 0.0015777495552687952 0.0041949645018470342 -0.0067507236557070175 -0.00053056933780019347 0.0099291161487433995 0.00097231672865603176 0.0036006019254164706 0.0029046875907200983 0.0060930650861923666 -0.0040793499055134484 0.0020239369760084868 0.00055887929746768663 0.0036684503404876847 0.00095677915072903683 -0.00067241516421484581 0.0082619011192723284 0.00079462794690141059 -0.0048112796119737476 0.0018981606195741267 -0.0078667061856219182 0.0030741323281814449 0.0029078421596859193 -0.0045257285791852637 -0.0027049521084059353 0.001619443832899781 0.0085281657683647354 0.0013631346353403617 0.0045886040940589868 -0.0013301373336630157 0.0095494175366276669 -0.0017639451142853857 -0.0024538281714895104 -0.0029725512638970851 -0.002022292691883398 -0.0040506859129243985 -0.00021704970612603671 0.0055837746223599983 -0.0095560174989496923 0.0028890725766607373 -0.0027611186696475105 0.0040589817874526488 -0.0015984119231121474 -0.0053893298873914095 -0.012362508372440066 -0.0042391853826304719 -0.010095557223535128 -0.0052495893537093845 -0.0063851469916387273 0.00099470599562120378 0.0021971934631153868 0.0013827358633872033 0.0070186773143368301 -0.0065812632328564368 5.8524830144289733e-05 0.0049009707108158031 0.0019204358741529187 -0.0062171548776014732 0.0033222192124393911 -0.00862965504131156 -0.0018087165565495837 -0.00062327104927107832 0.0064685066176724893 -0.0030285403537862483 0.001161431379988941 -0.0047659110183604575 -0.0045989095251174053
leaf_weight=196.34343795478344 291.65619631111622 154.6053110063076 166.64902393519878 381.8427866846323 105.97220520675182 104.8153088092804 110.11183419823647 525.91693723201752 819.87874503433704 105.91214729845524 292.1247380822897 108.55604730546474 494.98482464253902 108.23203752934933 107.31281562149525 235.19297172129154 1010.6885875910521 149.61094976961613 141.93966318666935 207.2522310167551 341.18250042200089 198.04229113459587 2370.7869234085083 131.83384412527084 172.96599654853344 116.71895912289619 137.58310590684414 192.10657206177711 771.88858591020107 928.22875103354454 140.54864729940891 146.75874002277851 145.87750564515591 1511.7498920112848 218.85435707867146 679.75025975704193 229.70176331698895 157.42583213746548 194.20397248864174 228.94428832828999 161.48760052025318 100.5774582028389 2056.6412860155106 755.81781110167503 232.65197353065014 400.98986367881298 324.00476458668709 101.85855822265148 119.87768319249153 359.1478858590126 571.90240466594696 139.99877594411373 269.19646465778351 106.54903620481491 584.21177373826504 128.70803369581699 165.57793936133385 155.03297513723373 319.98349915444851 164.46009975671768 155.6216939240694 155.52983900904655 590.77368304133415 102.61424992978573 223.01236924529076 101.09093484282494 117.84749257564545 164.54529020190239 197.7496350556612 387.83689281344414 226.57238282263279 127.22134014964104 454.13768954575062 237.1258183568716 220.20366188883781 426.2370517551899 125.59994606673717 202.22267962992191 1507.5995727628469 133.64423374831676 359.96648029983044 132.9350665807724 271.79617661237717 192.38390129804611 145.15066447854042 304.28850334882736 191.809111982584 206.75066560506821 1118.0259802937508 128.58814871311188 2159.1897599995136 895.39764030277729 118.53877602517605 106.91964776813984 180.60888677835464 368.97900223731995 250.82324774563313 141.08157108724117 305.16366615891457 247.77082365751266 170.86433134973049 171.55858206748962 304.08065474033356 198.383909329772 179.55919454991817 142.99759149551392 102.61092081665993 613.62490580976009 100.38816061615944 190.82188956439495 103.5752492249012 165.42276211082935 170.75338730216026 183.96992698311806 145.74848341941833 106.78681342303753 135.73477509617805 314.39523731172085 105.30589511990547 248.52436882257462 142.13769482076168 387.45619867742062 230.8295055180788 4523.2184111326933 281.28042425215244 263.8690295368433
leaf_count=788 1168 619 668 1529 426 421 445 2108 3309 425 1171 435 1986 434 433 944 4065 602 570 831 1367 794 9501 528 693 468 551 769 3093 3719 563 588 584 6057 877 2737 921 631 780 919 648 404 8305 3027 933 1606 1299 408 480 1438 2294 561 1078 428 2346 517 665 622 1284 660 624 624 2371 411 893 405 472 659 792 1553 907 510 1825 952 884 1711 504 813 6052 536 1446 533 1089 772 586 1227 768 828 4479 515 8649 3587 477 429 725 1481 1006 565 1224 994 685 687 1220 804 727 574 411 2457 402 764 415 663 684 737 584 428 544 1260 422 995 569 1551 924 18105 1126 1059
internal_value=3.37557e-05 -0.000849268 -0.00116337 -0.00198034 -0.00320419 0.0010795 0.00165332 0.000359989 0.0023206 0.00364203 0.000262196 0.00082506 -0.00050653 -0.00161077 -0.00472358 -0.000591234 0.00405825 0.00274261 -0.00335659 -0.000734023 -0.000335995 -0.00180654 0.000457486 0.00283286 -0.000289962 0.00294973 -0.000159221 0.00139975 0.000168685 0.0017205 -0.000380434 -0.00241341 0.000369881 5.90402e-05 0.00232171 0.00564305 -0.00068825 0.0005128 -0.00130827 -0.00387206 -0.00377717 -0.00125205 -0.00542814 -0.00251338 0.000401856 -5.16602e-05 0.000152714 -0.00287589 -0.000168731 -0.000780022 0.000711279 0.00180688 -1.93649e-05 0.00371309 0.00485066 -0.000248815 -0.00281871 -0.00466521 -0.00298151 -0.00374355 -0.0017681 -0.000490839 -0.00543899 0.00276925 0.00551933 0.00735429 0.000238524 0.000565395 0.000782408 -0.00197012 0.00107959 0.00516759 0.00124854 0.0028681 0.0037768 0.00500453 0.00664956 0.000634818 0.000120359 -0.00185448 -0.000614011 0.00104731 -0.0020622 0.00103709 0.00470137 0.00646098 0.000197309 0.0007413 -0.000351926 0.00501665 -0.00142603 -0.00169359 0.00100117 0.00351545 -0.00030991 -0.000926495 0.00084474 -0.00208799 -0.000893171 0.00224464 8.06315e-05 -0.005548 -0.00264192 -0.00573294 -0.00891017 -0.00622923 -0.00329124 -0.00399678 -0.00534873 -0.000575691 -0.000195882 0.000352077 -0.00368475 0.00355546 0.00124899 0.00014152 -0.00101895 0.000499688 -0.00361003 0.00168448 0.00265163 0.00461173 -0.000136211 0.000859186 -0.00177479 -0.00233998
internal_weight=45420.7 24628.3 20743 11377.8 6034.8 20792.4 12203.7 4163.93 8039.8 3579.6 8588.66 3885.3 3485.84 2965.74 3069.06 5343.03 3371.83 1872.2 457.748 315.808 5107.83 1781.21 3326.63 782.873 2543.75 1147.92 7440.74 3427.55 6547.34 1700.12 4847.22 1294.75 3552.47 3406.59 911.969 1499.63 1440.17 1048.98 764.331 423.148 391.189 527.161 2541.9 893.401 1207.27 619.844 2959.92 207.771 9365.17 2494.62 861.512 711.901 401.03 1031.2 797.68 233.523 426.583 320.611 1758.47 1438.49 683.253 575.021 755.234 1590.27 426.718 324.103 7086.1 6072.86 5781.2 552.382 5228.82 284.647 4460.2 1205.51 1009.17 788.963 551.837 3254.69 2800.55 888.217 754.573 1912.33 404.731 552.35 678.09 449.439 1837.28 1645.17 1324.78 320.397 2279.07 1013.25 228.651 691.131 2635.92 2140.93 850.067 1290.86 978.223 669.458 418.635 312.64 673.06 2434.58 377.943 341.04 1147.99 1007.45 714.013 293.433 2135.47 1861.14 274.329 349.393 1040.62 807.971 662.223 526.488 212.093 1163.55 915.029 529.594 385.435 5031.07 507.853 419.491
internal_count=182195 98758 83196 45698 24281 83437 49021 16715 32306 14401 34416 15562 13980 11895 12386 21417 13568 7522 1836 1266 20473 7144 13329 3135 10194 4609 29807 13726 26229 6812 19417 5185 14232 13648 3654 6046 5776 4207 3066 1699 1569 2117 10269 3578 4839 2483 11872 833 37498 9994 3457 2855 1606 4141 3203 938 1713 1287 7056 5772 2741 2307 3031 6367 1709 1298 28369 24310 23142 2212 20930 1141 17905 4839 4051 3167 2215 13066 11241 3567 3031 7674 1622 2218 2735 1813 7359 6590 5307 1283 9129 4059 922 2775 10573 8587 3410 5177 3925 2685 1679 1252 2701 9836 1531 1368 4597 4034 2859 1175 8556 7457 1099 1400 4171 3238 2654 2110 850 4658 3663 2120 1543 20138 2033 1683
is_linear=0
shrinkage=0.02


Tree=48
num_leaves=127
num_cat=0
split_feature=11 230 231 229 223 7 153 28 224 61 182 106 230 47 72 61 118 39 155 192 161 220 77 128 213 128 223 214 142 188 110 231 80 201 188 224 139 30 223 61 61 61 79 217 78 218 218 222 42 224 211 217 229 230 230 188 150 199 197 153 222 99 214 118 128 190 224 159 229 220 139 117 185 223 57 77 182 30 190 102 80 211 159 190 57 146 61 11 139 72 192 42 57 214 148 22 142 117 99 61 190 39 98 99 183 185 150 47 110 4 192 2 71 231 220 185 97 81 230 150 149 66 142 190 229 231
split_gain=107.896 37.3997 49.4886 37.0191 25.6514 20.4074 20.0374 17.5103 16.523 17.6118 15.7354 16.31 14.7227 15.25 14.3629 13.9234 17.1724 13.8432 13.7675 14.5312 21.6828 14.4815 15.0363 14.0983 18.672 15.077 13.4173 13.3364 13.2691 13.2308 20.7182 12.6455 24.7252 16.4984 15.0526 14.1592 12.6191 12.9815 13.8314 12.3715 12.4621 12.2568 12.5111 14.2143 15.7125 13.7322 13.719 18.642 11.9289 11.9137 11.8871 12.8738 16.2848 11.8195 17.5037 17.2909 14.0515 14.4518 13.9613 13.2942 15.8384 14.0999 15.8802 14.1438 15.8817 12.4598 16.5389 12.3549 16.1807 16.4003 12.22 11.7783 11.656 11.6039 11.5298 14.5672 11.4078 11.2995 11.0896 11.069 10.5787 10.5234 14.0892 10.474 14.3772 10.4563 11.0314 10.4473 13.4449 14.1567 13.8312 12.6994 12.3955 10.3198 10.2944 11.7236 11.9071 14.0933 11.3021 10.2509 13.0144 14.2173 12.4412 12.2285 13.4227 15.8787 14.1379 13.0556 13.4984 10.7551 13.8009 10.5786 11.1387 10.1611 10.1314 10.1633 14.9057 10.1293 10.0865 12.9887 20.05 11.9694 10.662 9.97744 18.3227 10.71
threshold=9.4964754680404453e-05 -0.87355786561965931 -0.0065449222456663838 -0.12779405713081357 -0.019540449604392048 0.00039459315303247427 0.003483655047602952 0.00012524051999207589 0.045517092570662505 7.966627890709789e-05 -0.0039595796260982743 -0.0013075642636977134 -0.90538147091865528 0.0012150519178248944 0.0025123426457867031 0.00015601616905769336 0.00038289683288894599 -2.3904001864138987e-05 0.0030057219555601482 -0.0023776150774210687 -0.0010953355231322346 -0.013002715539187191 -0.00034967712417710567 -0.00053302742890082289 0.0018878112314268949 -0.00098045199410989859 -0.013337026815861462 0.0037879545707255606 0.0013080122298561039 -0.054029235616326325 0.00033994847035501158 0.31523424386978155 0.00010247558748233133 -0.0038340877508744593 0.17900302261114123 0.025387469679117206 0.00077386986231431376 -0.00057821645168587555 -0.0035994789795950051 0.00015823325520614165 0.00026817739126272505 0.0001120713604905177 -2.5747845938894894e-05 -0.011074139736592768 0.00079766628914512705 0.0011892266338691118 0.0076337219215929517 0.84790214896202099 0.0011253131669946017 0.004310254007577897 -0.57732850313186634 -0.012257250957190989 0.080302737653255477 -0.97768935561180104 -0.67074871063232411 0.092178422957658782 -0.030601323582231995 0.0003148911200696603 -0.0032484593102708455 -0.00065204108250327397 0.055476261302828796 0.00053300982108339678 0.0020480249077081685 -0.0030577338766306634 -0.0034509225515648718 -0.0026748894015327092 0.0026509509189054374 -0.001773521304130554 -0.24265112727880475 -0.013002715539187191 0.0010392963886260988 -0.0049610652495175591 -0.0080790631473064405 -0.0087039587087929231 4.9243506509810693e-05 0.00036477901448961353 -0.0015774243511259554 -0.00053541062516160298 -0.0013251277850940821 0.37508915364742285 -0.00087919327779673029 -0.87218797206878651 -0.0043203274253755799 -0.0014593012165278194 -3.2207681215368204e-05 0.23392568528652194 0.00020898300135741013 0.00026355494628660386 0.0010750291985459628 0.0024830516194924717 0.0017793680308386686 0.00027265508833806967 9.8725580755854039e-05 0.0015333189512602987 0.0084984647110104578 0.0028327788459137086 0.0021784671116620307 -6.4512812969041975e-05 0.00064401302370242785 0.00030046416213735943 0.0031418288126587872 -1.4020034541317726e-05 0.0031696187797933821 0.00060639603179879497 0.0090190838091075438 -0.0089313779026269895 -0.31965199112892145 0.00031166464032139635 0.0058003326412290343 -8.1118669186253087e-05 0.0025852913968265061 8.8473701907787486e-05 -0.00057707857922650863 0.15858851373195651 -0.0021357528166845437 -0.008758871350437401 -0.10680271685123442 8.6534801084781083e-06 -0.23980389535427091 0.052324399352073676 4.4686239561997361e-05 0.00028954594745300716 0.0014307746896520259 -0.00017448715516366062 -0.19887319207191465 -0.01963364519178867
decision_type=2 2 2 2 10 2 8 2 8 10 8 10 2 2 8 10 10 2 10 8 2 8 2 2 10 2 10 8 8 10 10 2 10 10 8 10 2 2 10 10 10 8 10 10 10 8 10 8 10 8 10 10 2 2 2 10 10 10 10 10 10 10 10 10 2 10 10 2 2 10 2 10 8 10 2 2 10 2 10 8 10 8 2 10 2 10 10 2 2 10 10 10 2 8 10 2 10 10 10 10 10 2 10 10 10 10 10 2 10 2 10 2 10 2 8 10 10 2 2 10 10 2 10 10 2 2
left_child=3 2 4 18 28 8 27 10 9 -3 -5 36 13 41 -14 16 -13 -18 19 53 21 22 -21 25 -25 26 72 94 80 123 -31 32 -17 -33 35 -34 -12 113 117 -30 -41 -4 79 45 46 -44 49 -48 -10 -45 -9 -52 71 67 55 56 57 -55 70 61 -61 63 -63 64 -56 66 -64 68 69 -1 -57 -53 -23 -51 -73 -76 -40 -69 -62 -43 -2 82 -58 -70 -85 86 -80 91 90 92 -89 -6 -90 -19 95 96 97 -7 -96 102 -101 -102 -11 104 105 -104 -107 -108 109 -109 -111 112 -105 -38 115 116 -81 -39 119 120 122 -121 -54 124 -22 -126
right_child=1 5 12 7 87 6 -8 50 48 99 11 15 14 -15 -16 31 17 93 -20 20 29 23 -24 24 -26 -27 -28 -29 39 30 -32 33 34 -35 -36 -37 37 38 76 40 -42 42 43 44 -46 -47 47 -49 -50 73 51 52 118 54 59 58 81 -59 -60 60 78 62 65 -65 -66 -67 -68 77 83 -71 -72 74 -74 -75 75 -77 -78 -79 85 114 -82 -83 -84 84 -86 -87 -88 88 89 -91 -92 -93 -94 -95 98 -97 -98 -99 -100 100 101 -103 103 111 -106 106 107 108 -110 110 -112 -113 -114 -115 -116 -117 -118 -119 -120 121 -122 -123 -124 -125 125 -127
leaf_value=0.0045089698155453394 -0.0019538549708950797 -0.0072474422680347461 -0.0046367449904191104 -0.0007055113771394447 -0.0058237146858438745 -0.0040084394132964118 -0.0089213968311132961 -0.002583452284968207 0.0065849287526046412 0.00011034201322795668 0.0068148146249722144 0.002054752317657468 -0.0058281537068675896 -0.0034942987573834705 0.00082347879910091575 0.0080301790711087978 -0.0040286796304014562 0.0043991444450210103 0.0077371366744719587 -0.00078171180769031679 0.0046297329610126012 -0.0071080287336756122 0.0049788337096805394 0.0075515824181310847 -0.0029411722567090756 -0.0061809446204057908 0.0010615758856974795 0.0030023174723705142 -0.0078525432790932017 -0.0010648188125511788 0.0070542892255309663 0.0046978670908611481 0.0033123701381305398 -0.0036774215162319601 -0.0045944773984395752 -0.0035097821778552179 0.0054389203167778486 -0.001961998733405382 0.0052516692661186345 0.0015185422775362716 -0.0041247654409382259 0.0016145799258687418 0.0034856592643229879 0.00097531876933419734 -0.000505804546579951 -0.0045431023873000239 -0.0031143888161751028 0.0056242095281016013 -7.5313502798959344e-05 0.0099037531623005302 -0.0040828464676178327 0.0067298698602068913 -0.001266790898325158 0.0045710614232983759 0.00045603765850373847 0.00042485410463169671 0.0032161171820741801 -0.0013014259443478481 0.011079066488271351 -0.0064506229459337216 -0.0028863608237758294 -0.0039274904652419271 0.005916050950350497 0.00014008676299277236 0.0094483165170760382 0.0061496549525318911 -0.0029375266469348015 0.0079026479467483018 -0.0078074376280400362 -0.0035703804207696528 0.0064778240335920927 0.00067668437445213075 0.00047472232996002644 0.003417755986769085 -0.0056180033842560253 0.0012987700571248451 -0.0019223781186508237 0.00029458217350405769 -0.00015640922743185732 -0.0051688691764209043 0.0055346737068303125 0.0022842989881406935 -0.0052195654339720733 -0.0062502336732710552 0.0026704269754323673 -0.0019916811393720971 0.0082872174943189741 -0.011929629640314765 -0.0038790600305553388 -0.0074474663856776563 -0.0047535915986803958 -0.001559412859747848 0.0037702601563566794 -0.0018631177826199758 0.0053906902943968221 0.0020241165740472445 -0.006424246863338757 0.0028999988014952287 -0.0030080976519425806 0.0013617392709793031 0.0017461036555944298 -0.0054047814247832658 -0.0054869379859613108 0.0052050053840507664 -0.0069871530394992418 0.0053409745701705844 0.0021385631826500002 0.0011808554502095454 0.0014325116308834794 -0.0079663130962139214 -0.00030762762057893702 -0.0020419578043443924 -0.0023029851098394362 0.00091935274426808121 0.0021194543134183215 -0.0061001782408579425 0.0046451910704189171 0.0030626172639949142 0.0028844202092766537 0.0037790835198771985 -0.0040234952440506922 -0.0015499935127456263 0.0064266635881854092 0.0038274493878309402 0.00026268848959985379 -0.0070756480345197659
leaf_weight=275.72732235491276 120.84831017255783 122.27202072739601 176.58560395240784 1700.347364410758 560.51730032265186 349.37531457841396 154.65694646537304 820.98453836143017 229.16369192302227 3612.885480388999 251.85042750835419 543.16335619986057 388.34438163042068 501.74812638759613 183.80817207694054 262.17936040461063 648.21240454912186 154.48115108907223 134.66664800047874 427.72055278718472 132.90647831559181 189.10446761548519 288.86191600561142 116.14281457662582 119.19770231842995 342.35815288126469 443.70055331289768 191.18019241094589 132.36460974812508 168.78364722430706 423.71122865378857 115.33239696919918 744.58536270260811 292.92949877679348 130.74862338602543 127.76248402893543 606.0061641484499 619.50606167316437 347.42624071240425 290.86300818622112 300.05620697140694 330.39593732357025 107.23593854904175 194.58703158795834 541.0426849424839 250.00209908187389 218.94788351655006 145.29937486350536 188.49622213840485 243.11151503026485 293.01189792156219 101.38191014528275 162.01434445381165 1323.4940278381109 112.37868909537792 202.99179063737392 107.29661856591702 182.68338730931282 170.77660122513771 144.84106637537479 211.37788693606853 207.06882341206074 106.04462715983391 183.576928794384 258.41366970539093 193.08126540482044 235.42612519860268 122.38967181742191 137.20367112755775 134.46296301484108 386.51079930365086 5922.8387106209993 128.57928138971329 245.53380131721497 250.96039223670959 209.96642962098122 105.2709463685751 176.49411398172379 101.14388544857502 107.62297989428043 150.94085511565208 530.7858492732048 199.2613787651062 104.99427856504917 153.06104256212711 116.76794666051865 136.57489311695099 284.39317415654659 265.34768418967724 319.76174153387547 231.77294531464577 577.1099516004324 102.3624240309 246.61506602168083 112.65569572150707 135.22557790577412 427.90136140584946 156.61877565085888 105.95342664420605 2502.987175911665 181.91564108431339 238.23556496202946 349.60534180700779 235.79911617934704 225.32185117900372 117.61432805657387 274.76451575756073 103.67611473798752 205.90504550933838 306.94491095840931 134.48156154155731 303.81702089309692 100.63522072136402 305.46643644571304 123.07404878735542 319.78841286897659 100.35272470116615 194.95582607388496 183.13723768293858 249.65638951957226 1144.0839325785637 430.83272294700146 102.62283846735954 235.97775268554688 141.59677676856518 157.59746563434601
leaf_count=1109 485 490 708 6817 2258 1400 621 3287 918 14473 1012 2178 1558 2018 738 1052 2598 619 542 1717 535 759 1160 467 479 1375 1783 766 533 679 1706 462 2985 1173 524 512 2437 2485 1394 1170 1206 1323 430 780 2171 1002 877 582 755 974 1173 406 649 5321 451 816 432 735 687 581 848 831 426 737 1038 775 945 493 550 541 1554 23725 516 984 1005 841 422 709 406 431 607 2134 801 421 614 468 548 1154 1074 1295 941 2320 413 988 452 542 1717 628 425 10022 729 955 1400 944 903 471 1100 415 825 1230 539 1217 403 1225 493 1281 402 781 733 1000 4583 1726 411 950 570 633
internal_value=-1.09627e-05 -0.0011826 -0.0022697 0.00079763 -0.00407873 -0.000441831 -0.00249133 0.000242227 -8.24443e-05 -0.000266076 0.000976642 0.00147946 -0.000812375 -0.000330416 -0.00373563 0.000550301 -0.000783902 -0.00226425 0.00178734 0.00168725 0.000613194 -0.000653658 0.00161256 -0.00187226 0.002423 -0.00281492 -0.00118192 -0.00170884 -0.00135325 0.00265704 0.00478216 0.00181414 0.00279109 -0.00120254 0.00129153 0.00225694 0.00271335 0.00218155 0.000848691 -0.0027507 -0.00138823 0.00020018 0.000521479 0.00144534 0.00225321 -0.002076 0.00366107 0.000482766 0.00371298 0.00529357 -0.000308942 -9.73768e-05 4.49698e-05 0.00225655 0.00266068 0.00359889 0.00270805 0.00385107 0.00620505 0.00118835 -0.000992114 0.00238099 0.000543487 0.00473463 0.00688578 0.00235459 -1.28215e-05 0.000372326 -0.000926187 0.00181765 0.00447585 0.000555672 -0.00419264 0.00690721 0.000436906 -0.00254422 0.00357265 0.00371025 0.00057758 -0.00130279 0.00229928 0.000610153 -0.0022509 -0.00372407 -0.0011476 0.00268694 0.00496131 -0.00521582 -0.00654118 -0.00448909 -0.0090049 -0.00372478 -0.00166501 0.000643161 -0.0024435 -0.00324267 -0.00403173 -0.00184113 0.00140911 -0.00015406 0.000812911 -0.00236996 -0.000628545 -0.00175179 -0.00262274 -0.00188041 -0.0007023 -0.00148411 -0.0028306 -0.00443464 -0.00574754 0.00059431 0.00295599 0.00397652 -0.00278776 -0.00396772 -0.000441297 -0.000714691 -0.00140468 -0.00180444 -0.00288804 0.000457204 0.00195857 0.000688134 -0.00111978 -0.00380385
internal_weight=45516 18581.9 7513.82 26934.1 3336.34 11068.1 1633.57 17268.3 9434.52 9016.86 7396.84 5696.49 4177.48 3605.33 572.153 3266.01 1592.47 1049.31 9665.73 9531.07 3316.24 2055.67 716.582 1339.08 235.341 1103.74 761.384 1478.91 995.073 1260.57 592.495 1673.54 1265.28 408.262 1003.1 872.348 2430.48 2178.63 1267.16 723.284 590.919 3103.58 2926.99 1945.76 1588.52 357.238 1047.48 364.247 417.66 683.232 9871.49 9050.51 8757.49 6214.83 5110.5 3103.8 2343.52 1506.18 760.279 2006.7 710.706 1295.99 741.621 554.369 370.792 534.552 341.471 1104.33 805.449 410.19 589.503 6485.15 317.684 488.645 6383.77 460.927 452.697 298.884 565.865 981.234 271.789 837.344 306.558 395.259 258.055 354.487 237.719 2341.27 1203.64 687.472 516.166 1137.63 367.71 401.096 1287.73 1069.12 933.895 505.994 218.609 8894.59 2923.14 420.151 5971.45 2358.57 1718.31 1492.99 1143.39 1025.77 751.008 545.103 441.426 640.251 336.434 911.473 650.838 527.764 207.976 814.462 2272.35 2089.21 1408.72 680.489 264.637 668.078 432.101 299.194
internal_count=182593 74548 30208 108045 13456 44340 6551 69203 37789 36116 29664 22847 16752 14456 2296 13091 6383 4205 38842 38300 13329 8256 2877 5379 946 4433 3058 5930 4001 5073 2385 6708 5073 1635 4021 3497 9756 8744 5082 2909 2376 12438 11730 7800 6368 1432 4197 1459 1673 2738 39539 36252 35079 24971 20534 12480 9423 6056 3057 8054 2851 5203 2977 2226 1489 2146 1371 4437 3235 1650 2370 25977 1275 1958 25571 1846 1816 1202 2270 3930 1092 3367 1233 1585 1035 1422 954 9455 4877 2782 2095 4578 1487 1607 5164 4287 3745 2028 877 35626 11706 1684 23920 9447 6883 5980 4580 4109 3009 2184 1769 2564 1347 3662 2607 2114 833 3266 9102 8369 5643 2726 1060 2688 1738 1203
is_linear=0
shrinkage=0.02


Tree=49
num_leaves=127
num_cat=0
split_feature=9 230 231 32 123 15 113 191 175 5 103 230 53 231 230 79 189 28 153 175 213 156 175 23 148 133 32 152 184 110 157 90 153 118 175 100 104 2 143 216 221 114 152 0 3 110 140 226 25 148 99 14 101 14 180 117 100 28 21 230 153 99 230 26 218 23 172 179 228 184 113 68 218 217 176 173 176 217 199 166 79 5 183 236 32 98 95 180 153 25 217 190 231 230 107 157 101 23 193 101 175 199 179 9 191 156 32 216 100 95 222 217 156 157 177 68 104 119 52 213 191 23 22 219 117 145
split_gain=118.559 30.9677 66.1725 35.3417 35.0796 24.6466 22.9969 20.7153 19.4676 21.8071 17.7164 27.9251 17.6885 20.1268 20.7994 16.7107 16.6572 18.0584 18.6455 16.8362 16.299 17.9182 17.3155 16.0371 15.3543 14.5195 18.1356 15.9687 13.525 14.9391 13.2975 19.9307 17.5703 13.2443 12.9208 15.5006 18.6141 12.7268 12.5932 12.5579 14.2049 12.4307 12.0895 15.9496 15.5016 12.5649 11.9921 11.7302 12.9323 15.3652 11.9355 11.5256 11.4625 11.3805 11.2596 11.2022 11.131 15.1162 11.0797 11.026 12.8486 10.9244 16.3993 12.8641 14.7005 12.8534 13.536 11.4543 11.9458 12.7335 11.1638 16.8103 13.2846 10.917 10.8778 14.5602 10.8 10.7745 10.7602 11.2175 11.2393 11.0733 10.7081 10.6581 10.5454 10.5432 12.6621 13.2922 12.8161 16.2975 14.2005 12.6541 11.0749 17.1883 15.7237 18.2219 14.0476 12.732 13.4191 12.7128 16.3581 12.1423 11.4206 11.1356 10.4647 10.4251 10.3358 10.312 10.1128 10.7649 10.1885 10.0795 10.0723 11.819 10.0523 10.0498 10.0143 16.5252 10.3937 9.81473 11.2302 10.0694 15.0209 9.78679 9.77997 13.4387
threshold=-1.442299026166438e-05 -0.82535797357559193 -0.01963364519178867 0.80089497566223156 0.00081898429198190581 -0.25983348488807673 0.75000000000000011 0.0081246164627373236 0.0013128707651048901 0.00010069136624224485 -0.0013365874765440819 -0.95943480730056752 -0.32818043231964106 0.10669767111539842 -0.85377600789070118 -0.0010693139629438517 0.75000000000000011 0.00022529788111569363 0.00045412627514451748 0.0014086334267631175 0.0020410657161846761 0.012115589343011381 0.0010605632560327651 7.6374002674128874e-05 0.0010193771449849012 1.314991641265806e-05 0.87380170822143566 0.0015371090266853573 0.1436368599534035 0.0060238500591367492 0.00063491644687019299 0.0013865559594705703 -0.00096831642440520216 0.0021942754974588756 0.00052180179045535635 0.00040075868309941148 0.00077610395965166401 0.00026467158750165259 0.88817831873893749 0.41001240909099584 0.011737511493265631 0.00047715047548990702 -0.0017351919668726621 0.00012613068975042554 0.00015359260578406977 0.00091256410814821731 0.87726452946662914 0.12153194844722749 0.00017926965665537867 0.00042702902283053851 0.00054550988716073345 -0.00017932592163560909 0.001509802998043597 -0.00015485745825571937 0.00028901253244839614 -0.0051619641017168752 0.00024632015265524393 0.00031806304468773311 -0.62001678347587574 -0.77576932311058033 0.00063290257821790885 0.00039590179221704608 -0.72986233234405506 0.97506219148635875 0.0037275365320965652 7.4264167778892456e-05 1.0000000180025095e-35 -0.0025796541012823577 0.81666666269302379 0.34537312388420111 0.55000001192092907 -0.00096257601398974646 0.011375599075108768 -0.0044156264048069707 0.0010420444305054846 0.90729895234107982 0.00081750686513260018 -0.0034674040507525201 -0.009281309321522711 0.0032116482034325604 -0.0012492404202930627 1.6608913938398476e-05 0.00018856395035982135 -0.31294460594654078 0.10689423233270647 0.0043536308221519002 0.00015653527225367728 0.0060658606234937915 -0.00074960599886253465 8.954655640991406e-05 -0.00026116379012819374 -0.00097423477564007033 -0.26092512905597681 -0.91618576645851124 0.0013805945636704566 -0.00077394326217472542 0.00068986302358098339 7.741137960692869e-05 0.0029005379183217887 0.00071830145316198479 0.00099170720204710982 0.00039089702477213001 -0.0023253977997228499 -7.3646770033519702e-05 0.0028602094389498238 -0.0024815001524984832 0.79366868734359752 0.31948277354240423 0.00065933054429478954 0.00011873953917529435 0.18571716547012332 -0.0037373272934928532 0.00072201984585262846 -0.00028600050427485252 0.0013632438494823875 -0.00049802218563854684 0.0023878172505646948 0.00057382669183425616 0.00026931201864499604 0.0021655812161043291 0.0020630040671676402 0.00012635944585781547 0.00098631839500740192 0.61946895718574535 -0.00044277193956077093 0.0036910701310262088
decision_type=2 2 2 2 2 2 8 10 10 2 8 2 2 2 2 10 10 2 8 10 10 10 10 2 8 2 2 10 10 10 2 2 10 10 10 10 10 2 10 10 8 2 8 2 2 8 10 8 2 10 10 2 2 2 10 8 10 2 2 2 10 10 2 2 8 2 2 8 2 8 10 10 10 10 10 10 10 8 8 2 10 2 10 10 2 8 2 10 10 2 8 10 2 2 10 2 2 2 10 2 10 10 10 2 10 10 2 10 10 2 10 8 10 2 2 8 10 2 2 10 8 2 2 10 10 10
left_child=5 2 3 4 8 12 20 24 9 34 11 -5 83 14 15 -14 17 18 58 38 22 25 78 33 47 30 27 28 -27 112 32 -32 39 -17 -2 36 77 -24 -18 -22 -41 -15 45 44 55 -26 -16 48 51 -50 -49 -7 53 -47 82 -44 -12 104 -3 60 -9 65 70 -64 -65 -19 -67 -68 69 -69 71 106 73 -72 116 -76 -38 -36 -4 80 -80 111 -53 -1 -85 86 87 88 89 91 92 -57 93 102 95 -95 -94 -96 -99 -98 -101 103 -90 -97 -58 -34 -63 -28 109 110 -59 -82 113 -30 -103 119 117 118 -20 120 -87 -121 -123 -109 -91 -126
right_child=1 16 6 10 -6 7 -8 59 -10 -11 56 -13 13 41 46 23 19 61 74 -21 21 -23 37 -25 42 26 107 -29 29 -31 31 -33 105 -35 35 -37 76 -39 -40 40 -42 -43 43 -45 -46 52 -48 50 49 -51 -52 54 -54 -55 -56 85 57 108 -60 -61 -62 62 63 64 -66 66 67 68 -70 -71 72 -73 -74 -75 75 -77 -78 -79 79 -81 81 -83 -84 84 -86 115 -88 -89 90 124 -92 -93 96 94 97 101 99 98 -100 100 -102 114 -104 -105 -106 -107 -108 123 -110 -111 -112 -113 -114 -115 -116 -117 -118 -119 -120 121 -122 122 -124 -125 125 -127
leaf_value=0.0064877630812471146 0.0044205598323574574 -0.0028671645809912093 -0.0046585244928860712 0.003776400253415301 -0.0047526627747496485 -0.00055435539368052392 -0.0059294636732959592 -0.0021682162207186805 0.0027115212198586618 -0.006749452849510452 -0.011189633517035398 -0.0064129250946356221 -0.0012307730674899857 -0.0012328970035015777 0.0014935355606127926 0.0042663683320509514 -0.009286852847586553 0.00049433737572116985 -0.00061515243274849469 0.0018503544341405512 -0.0043853047783587789 0.0056282532704852511 0.0057329791687988473 0.0069518911174345031 -0.0026000964854843416 -0.0024478269242671695 -0.0066478221034538248 -0.0050122745700562797 0.0078995249806705307 -0.00091580073394695067 0.0053198468108608624 -0.004767423707230687 -0.0011704069971798163 -0.0021281418060348266 0.0016709119799213771 0.001347061024911603 -0.001626960095571931 -0.00033432184909240554 -0.0022103065464454418 0.0069157417059010273 -0.0015203058184953381 0.0034408108043143051 0.0054057533372178258 -0.0019176366301551023 -0.0017203608294881726 0.0084925088935419862 -0.0037088518918185452 0.0017767171982476563 0.0010372253455755906 0.0079137416888989624 -0.004398565626159992 0.0035899807006017277 -0.00068918249165673842 0.00059454128133842909 0.00439322042856897 0.010802182335173452 -0.004445962363039499 -0.00069900705072914199 0.0026904408397720341 7.9516805482146357e-05 -0.010663539273102981 0.00028029266031022107 -0.0011861193024536494 -0.0021860729369944541 0.0045923276794509133 -0.00094917913132162748 -0.010305495550102389 -0.0036445873436896392 -0.0056497591755678258 0.0048500674942362322 0.0027517233028471434 -0.0026481718453355879 -0.0019075951855705897 0.0090960268452923293 0.0026272745132821258 -0.004919677780067553 -0.0093630225977307854 -0.0052440266313546913 0.0067554263467633274 -0.0048001646484379457 -4.0453918741118382e-06 -0.00045775917770335173 -0.0047050788527342961 0.0041590739399446248 2.4693702700837642e-05 -0.00024462084628798145 0.003629571955073825 0.0033586937525526563 1.8158869812037261e-05 0.0022651445153737092 0.0068189392079379763 0.0028602310615601957 -0.0019641557800313377 -0.0051233844592034963 -0.0035879436128592062 0.0082702642762089197 0.0067914172136556141 -0.0016487043541982857 0.0042953320902706805 -0.0047944088067675018 0.0023431751851036172 0.0034532085637362011 0.0070189673491807911 0.00061367384205742999 0.0017490284953069976 -0.0073905128772407992 0.0066676976526574942 0.0031891654208359354 -0.0022862344506340811 -0.012956363151881055 -0.0080188433914696339 0.0051004813933558969 0.0096183531211277481 0.00082061795520868292 -0.0024515427255462651 -0.0057987862220124798 -0.0058072309869743955 0.0028725935531756352 -0.0071483212330585777 -0.0035102744179762858 0.0061343059108956016 0.0040348652125481487 -0.0026201402242221161 -0.0045785170914058714 -0.0036891976455201252 0.0037403302899619031
leaf_weight=464.33824019134045 161.13283810019493 138.60684235394001 147.96797131001949 189.7875908613205 1217.2225700467825 505.03313304483891 255.72110760211945 203.41835327446461 536.72773899137974 255.76727655529976 173.60437820851803 202.69559423625469 193.64874775707722 1245.9415208697319 1697.349719285965 408.20080445706844 179.54331132769585 667.74011646211147 236.33513532578945 159.97459578514099 230.95498743653297 133.80562710762024 438.7401070445776 706.01780964434147 105.29805171489716 178.77347959578037 188.28972962498665 117.4159105271101 127.11384293437004 217.83484157919884 162.87403480708599 117.70394630730152 149.0272935628891 171.27702076733112 304.94387339055538 509.8791751563549 124.03370670974255 194.93916314840317 237.03953312337399 104.61756314337254 207.2406435161829 257.7477053552866 191.82269595563412 1088.4759185612202 1019.4295464605093 252.56121677160263 178.47778394818306 325.58892284333706 210.89324143528938 349.69143223762512 176.59932978451252 99.483505576848984 118.16006255149841 103.99993987381458 689.4996837079525 109.74100497364998 512.97394512593746 101.1731923520565 1967.2647721618414 250.71865181624889 102.43398115038872 243.96877141296864 3719.335305005312 187.49511767923832 327.28606829047203 781.82121957838535 109.14477394521236 146.33119681477547 371.41623482108116 102.62499582767487 341.71966877579689 413.73621664941311 127.23692090809345 161.19687967002392 553.07276800274849 105.33231589198112 193.39952974021435 104.78168138861656 106.37522703409195 124.31418745219707 283.92934128642082 1301.9531412571669 110.71647158265114 737.37032097578049 366.39937706291676 293.48010520637035 671.39560703933239 707.1039706915617 143.95461720228195 719.83510917425156 99.90063139796257 270.13720265030861 1849.1363717913628 104.63688318431377 553.91005133092403 225.43065470457077 119.02668842673302 396.71390271186829 219.47872857749462 170.65418131649494 373.57269093394279 237.11541227996349 244.94751261174679 114.9826548397541 125.48619782924652 470.21055555343628 155.60503107309341 121.40036423504353 140.75609204173088 172.44542674720287 345.60565692186356 319.97346214950085 136.08658617734909 278.19894942641258 190.37493023276329 124.06383489072323 196.29222106933594 269.0040000975132 150.87406732141972 446.64798967540264 155.57062855362892 237.60247275233269 267.17350922524929 100.0687730461359 303.10044577717781 121.00027687847614
leaf_count=1872 646 555 593 763 4901 2029 1027 815 2151 1028 704 816 781 4998 6818 1644 719 2674 946 641 925 537 1758 2846 423 716 757 471 509 873 653 472 597 688 1222 2044 498 782 950 419 830 1034 770 4360 4083 1014 715 1309 849 1407 710 400 474 417 2773 441 2073 409 7877 1004 411 977 14893 751 1311 3131 437 586 1488 411 1369 1657 510 646 2214 422 776 420 426 498 1137 5221 445 2973 1475 1176 2691 2832 578 2889 400 1084 7408 420 2218 905 477 1589 879 684 1497 951 982 461 508 1884 623 488 571 702 1405 1281 545 1114 763 497 786 1077 604 1789 623 952 1071 402 1216 485
internal_value=2.79733e-05 -0.000952754 -0.00169003 -0.00331129 -0.0020599 0.00109122 -0.000282569 0.00065493 -0.000534237 -0.00160735 -0.00543944 -0.00154161 0.00212967 0.0015225 0.00238012 0.00413839 -0.000242119 -7.25741e-05 0.00109324 -0.0035005 -2.12533e-05 -0.00104237 0.0010429 0.00495367 0.000798682 -0.00138568 2.12319e-05 0.00140874 0.00230036 0.00345252 -0.00279533 0.00105253 -0.00372649 0.00236839 -0.000584781 -0.00129672 -0.00313696 0.00391337 -0.00554595 -0.00103794 0.00155593 -0.000397127 0.000509001 0.000367172 0.00060314 0.00327897 0.000964644 0.00223285 0.00292395 0.00545163 -0.000480174 0.00185287 0.00463541 0.0063428 0.0031868 0.000851325 -0.006381 -0.00563469 0.00230111 -0.00306722 -0.00549328 -0.000610665 -0.000146576 -0.00077432 0.00213405 -0.00180752 -0.0028177 -0.00474142 -0.00347122 -4.26429e-05 0.0016802 0.000115517 0.003634 0.00505535 -0.000598331 0.00131046 -0.00661583 -0.000259249 0.000219641 0.000597553 0.000974978 0.000585538 -0.000808375 0.0039681 0.00281152 0.00074788 0.00103991 0.000791611 0.000505869 0.00210037 1.77541e-05 0.00558006 -0.000146596 0.000812247 6.23592e-05 0.00206845 -0.00107367 -0.0014432 0.000536948 0.00139381 1.44192e-05 0.00315361 0.00455521 0.00586164 -0.00321223 -0.00597702 0.00296699 -0.00345184 -0.00753526 -0.00861955 -0.00646224 0.00277735 0.00518015 0.00330777 0.000831593 -0.000767984 -0.00206877 -0.00081181 -0.00338683 -0.00024695 0.00213265 -0.00139085 0.000546817 -0.000409111 0.00086881 -0.00149649
internal_weight=45439.2 23637.9 11587.9 5372.42 3407.89 21801.3 6215.53 15374.5 2190.67 1653.94 1964.53 392.483 6426.77 4858.66 3354.97 1479.14 12050 11473.4 3616.78 576.557 5959.81 3041.62 2918.19 1285.5 14817.9 2907.81 1465.18 1055.42 938.008 759.234 1442.63 280.578 1162.05 579.478 1398.17 1237.04 727.159 633.679 416.583 542.813 311.858 1503.69 12350.4 11770.4 10681.9 580.019 1875.83 2467.51 1965.32 560.585 502.188 1404.73 474.721 356.561 899.7 9662.51 1572.04 1398.44 2105.87 556.571 305.852 7856.66 5677.58 4234.12 514.781 2179.08 1511.34 729.517 620.372 248.956 1443.46 813.31 630.153 502.917 1510.91 658.405 317.433 409.726 2284.51 2136.55 2012.23 1905.86 210.2 1568.11 1103.77 9470.69 7946.15 7274.75 6567.65 1523.81 5043.84 379.878 4943.94 2431.55 2042.64 872.541 2512.39 1170.1 616.193 663.254 544.227 767.904 388.902 340.413 638.46 619.238 399.574 409.759 759.98 619.224 446.779 603.903 541.399 405.313 427.49 1524.54 852.505 656.213 387.209 1400.47 449.051 951.424 504.776 221.469 1143.94 424.101
internal_count=182302 94807 46552 21637 13686 87495 24915 61651 8785 6634 7951 1579 25844 19524 13492 5959 48255 45945 14481 2310 23888 12192 11696 5178 59421 11655 5875 4228 3757 3041 5780 1125 4655 2332 5606 4960 2916 2540 1669 2174 1249 6032 49499 47171 42811 2328 7533 9922 7903 2256 2019 5647 1905 1431 3618 38728 6372 5668 8432 2230 1226 31464 22737 16955 2062 8727 6053 2922 2485 997 5782 3257 2525 2015 6049 2636 1274 1642 9156 8563 8065 7639 845 6320 4448 37958 31850 29159 26327 6115 20212 1525 19812 9746 8186 3500 10066 4686 2468 2658 2181 3080 1560 1366 2581 2481 1600 1647 3087 2516 1814 2418 2168 1623 1714 6108 3413 2627 1550 5611 1799 3812 2023 890 4590 1701
is_linear=0
shrinkage=0.02


Tree=50
num_leaves=127
num_cat=0
split_feature=9 230 231 52 223 24 153 230 0 223 225 33 78 79 185 230 99 212 225 98 232 183 189 193 226 149 183 231 99 230 9 123 215 223 230 230 61 223 152 224 184 173 66 232 136 98 224 73 26 33 230 231 152 224 224 144 225 223 226 230 24 95 0 214 62 61 73 53 66 23 175 149 173 226 99 98 79 112 212 112 153 156 230 114 133 220 152 119 133 35 232 15 78 23 231 66 57 197 231 226 225 2 114 175 114 201 217 213 1 194 24 142 142 193 136 215 215 231 194 232 226 181 230 149 144 112
split_gain=92.7129 27.519 36.2402 23.7234 22.0065 24.3063 21.4602 20.9996 19.8901 18.9017 18.7974 18.9552 18.4681 22.4902 18.7432 17.6238 18.3973 21.4908 17.2476 15.7813 20.796 20.4641 16.4408 15.4337 14.98 14.6143 14.5476 16.3841 28.8625 28.0253 32.6695 32.8505 19.565 20.6723 19.0497 28.4193 25.2317 18.7991 16.5201 14.3303 19.2766 19.8724 14.4558 13.4381 14.9524 13.2979 13.2578 17.2904 13.364 13.088 18.9141 31.8728 13.0689 13.0183 13.6917 12.9643 12.6165 12.5923 12.5691 12.3627 12.339 13.5663 12.2925 12.1857 15.4391 14.43 12.1401 16.5023 11.9417 22.5712 13.475 19.0768 19.4761 16.5954 14.8313 13.4147 12.5998 11.9131 12.6289 11.8726 11.867 11.5618 11.6159 11.4954 11.2783 11.5379 11.2697 11.25 11.0437 14.4558 11.014 10.9753 10.9263 10.8242 11.0979 10.7764 10.7273 13.3298 14.3656 10.6958 10.6216 10.5135 10.6704 12.7364 12.5725 10.4512 17.5493 15.0243 13.6466 11.9971 15.2939 11.758 10.6445 17.7549 11.6593 10.5327 10.4385 10.4312 10.4193 13.2087 15.0025 11.1068 10.3661 12.1505 20.0509 10.2585
threshold=-1.442299026166438e-05 -0.87355786561965931 -0.0065449222456663838 0.0001097150416171644 -0.015842900611460205 4.05176506319549e-05 -0.00073346155113540579 -0.99959546327590931 0.00012613068975042554 -0.056641465052962296 0.00034796092950273311 -0.00015342404367402193 -0.00026725529460236425 -0.00014760672638658431 -0.0046261043753474942 -0.95037782192230214 0.00019588919531088325 0.0098138381727039831 0.00080881093163043271 0.0039547360502183446 5.0000000000000009 0.0009296763746533544 0.75000000000000011 -0.0043878429569303981 -0.11380042135715483 -0.00014334061415866015 0.017465536482632164 -0.10235826298594473 0.00045743327063973998 -0.86493045091629017 -0.00038539386878255749 0.0033952114172279839 0.0036478465190157299 -0.017048617824912068 -0.94336524605751026 -0.87985393404960621 0.00019381233141757551 -0.034777713939547532 -9.1333673481130959e-05 0.020139859057962898 0.63415277004241954 -0.54969772696495045 0.00051783217350021016 2.5000000000000004 0.0048891615588217982 0.0019827489741146569 0.019955972209572796 8.2688529801089334e-06 0.44686794281005865 -0.00016734884411562231 -0.82781365513801564 0.48289918899536138 -0.00021917854610364881 0.013307688757777216 0.0024268246488645677 -0.0070644926745444528 0.00015822556451894346 -0.006881643319502472 -0.049225807189941399 -0.058870663866400712 5.1226994401076815e-05 -3.6980381992179894e-05 -5.870381937711499e-05 0.0021133554400876169 0.00034138107730541384 0.00027726897678803658 -0.00011452405669842845 0.10651842877268793 0.00054759622435085486 0.00010624065544106999 0.0012180277262814345 0.00021927981288172307 0.6632252335548402 0.013310667593032123 0.0006214010063558818 0.0068543504457920798 -0.00060340002528391768 0.094775091856718077 0.015902842395007614 -0.02293402329087257 -0.00029001735674682999 -0.0021755339112132783 -0.96535655856132496 -2.6192495170107574e-05 -8.7875825556693585e-05 -0.0074253941420465699 -2.0333400243544016e-05 1.4129774172033651e-05 0.00030635090661235159 -4.9024968120647819e-06 1.0000000180025095e-35 -0.154189758002758 3.442139859544114e-05 7.220310362754391e-05 -0.98285266757011402 0.00070628817775286745 3.3463627914898104e-05 -0.0045374953188002101 -0.83747833967208851 0.31495842337608343 0.00073487026384100329 0.00027494251844473189 0.00051713758148252975 0.0014410752337425949 0.00087894577882252644 -0.0058937813155353061 -0.0084292148239910585 0.0037432287354022269 -0.00026967203302774573 -0.0061609637923538676 0.00010553775064181538 0.00092490625684149574 0.0012495447299443187 0.0055673543829470882 0.0054321042262017736 0.0030474420636892323 0.0024111905368044977 -0.71477618813514698 0.0010509873973205688 2.5000000000000004 -0.037734063342213624 0.070298232138156905 -0.69622442126274098 -6.6514683567220332e-05 -0.0020795949967578049 0.025639449246227745
decision_type=2 2 2 2 8 2 8 2 2 10 10 2 8 10 8 2 10 8 8 10 2 10 10 8 8 10 8 2 10 2 2 2 10 8 2 2 10 10 10 10 10 10 2 2 10 10 8 10 2 2 2 2 10 8 10 8 10 10 8 2 2 2 2 10 10 10 10 2 2 2 10 10 10 8 10 10 10 10 10 10 10 10 2 2 2 10 10 2 2 2 2 2 10 2 2 2 2 10 2 10 10 2 2 10 2 10 10 10 2 10 2 10 10 10 10 10 10 2 10 2 10 10 2 10 10 8
left_child=6 2 3 4 95 -6 7 -1 26 86 11 56 13 63 -15 16 125 116 59 20 22 25 49 -7 -20 -21 27 29 34 30 -8 32 33 -32 36 92 60 58 -35 40 41 -19 -43 44 -42 -38 47 48 -40 100 51 87 -12 54 -37 -26 101 -41 -31 96 -29 -62 -25 81 65 -65 -30 -68 69 70 71 72 80 -74 76 77 -72 78 -71 -56 -39 -4 -83 -80 -22 -86 -3 -51 89 -10 -63 -49 -36 -52 -95 -2 99 -98 -99 105 -11 102 103 -5 -104 106 -9 109 -108 110 -107 -109 114 115 118 -114 -18 -88 119 120 -111 -120 -82 -124 -125 -14
right_child=1 9 12 10 5 23 8 18 88 19 52 -13 15 14 -16 -17 17 39 24 21 84 -23 -24 62 55 -27 -28 28 66 37 31 -33 -34 38 35 53 45 68 46 57 43 42 -44 -45 -46 -47 -48 91 -50 50 93 -53 -54 -55 79 -57 -58 -59 -60 -61 61 90 -64 64 -66 -67 67 -69 -70 75 74 -73 73 -75 -76 -77 -78 -79 83 -81 122 82 -84 -85 85 -87 117 -89 -90 -91 -92 -93 -94 94 -96 -97 97 98 -100 -101 -102 -103 104 -105 -106 107 108 111 -110 112 -112 -113 113 -115 -116 -117 -118 -119 121 -121 -122 -123 123 124 -126 -127
leaf_value=0.008414484294269978 0.0028420476244346848 0.0075627818617326715 -0.0015481289547082391 -0.0046215703472047114 0.0041097075489619286 -0.0079135097484980682 0.0077680689662440608 0.0033544431620955478 -0.0040634279867487822 0.00040515533508018618 -0.0011773980139543427 -0.0064318526901252192 -0.0017918710238764791 0.010745213739366337 0.00067068849596042411 -0.0028663181442055165 -0.00091895171218886115 -0.0052867033169658748 0.0036267512381378741 0.004259056619572989 -0.0011192019638442607 -0.0018538540479033951 -0.0045267382679992736 0.002585907338028169 0.0025333262350363036 -0.0035817340507259426 -0.0036672039423644998 -0.0056844030762738086 0.0065718715189044168 0.00030237443273033692 0.0089170980749419589 -0.0057129284248673366 -0.00024952714889865576 -8.250347183469674e-05 -0.0080835279787016476 -0.0044587024108991898 0.0045852465401436037 -0.0015739079185545133 0.011337838626143586 -0.0020624841941784184 0.0017773665133139023 0.0073742818100072166 0.00035465153783575438 -0.0090695046443330634 -0.0070723769803918094 -0.00022874113411259332 -0.00094014246420640274 0.0050299881339622822 0.0022078476486129092 -0.003315150571161113 0.00095623004161874998 0.002736858051573518 -0.0095421303313038205 -0.0034438401230923129 0.00073270419029002097 -0.0048474419971909315 0.0028753081668848285 0.0052899750154792669 -0.0078237177377096529 -0.003164005554823106 0.0024071581331784153 0.0018120927516942589 -0.0034297953696540116 -0.00075505387383924065 0.0022934169272408791 -0.0090997476573836163 0.00055921705426262454 0.0060961107937303827 -0.0012332982942022909 0.0064811732186581886 0.0024723762517197007 0.0060602229628009523 -0.0075148141799496453 0.0016678605454186072 0.0033132961165631882 0.00983319215900051 -0.0049265807845650759 -0.0013575973980822248 0.0034929484823507575 0.0075974272735310532 0.0047179816694225473 0.0086211889660021673 0.00027847119758117015 -0.0037720589190574152 0.0021420889748202184 0.0090833021193123618 -0.0031218012360338166 -0.012056912792907626 0.0022434448449557497 0.0026290926081680953 -0.0038358856585149134 -0.0028203599860837938 -0.0023682058070764113 0.0035648741363907082 -0.0020563770754522641 -0.0014127207794475338 0.0032598224778224239 -0.0046523221927448353 0.00074825289781015253 -0.0023229275905186073 0.0039635548030001197 -0.0082237310934365187 0.0060835154603934858 0.002217872393400253 -0.0028614899137423201 0.0012144327398215715 0.005291832068374509 -0.0056017323116093276 -0.0017365201554414564 0.0023607992015339569 0.010499742614526082 0.0031437213947225276 -0.0067061163255075894 0.0058788075344920988 0.0067873001358626592 0.00054109839695712879 0.0059054015653082197 0.0039744436114474025 -0.0015492839434731083 0.0050616238678253466 -0.0058048149321291301 0.0052216231760499679 -0.0023488728195423837 0.0085576322314534197 0.0002927713199034156 -0.0090977211621849335
leaf_weight=171.5260541588068 488.49157837033272 161.45401678979397 158.06552389264107 491.17459309101105 158.63839693367481 275.26301136612892 464.30823469161987 940.18693377077579 754.22186504304409 4441.8492580354214 99.396862357854843 531.41968120634556 252.00806844234467 150.87160782516003 135.10570353269577 1488.6229278296232 111.71665221452713 182.90989355742931 158.97324356436729 375.96052649617195 130.34630790352821 3962.3159487694502 312.3566322773695 139.93169757723808 111.41974714398384 108.36331203579903 275.38170167803764 227.91422191262245 190.87830767035484 133.25452603399754 260.51185990869999 183.07186202704906 616.60076701641083 484.38167898356915 371.81582927703857 108.22373354434967 545.22432105243206 417.68914534151554 229.15764920413494 127.98544543981552 172.40998983383179 127.90598249435425 579.00668941438198 160.37084876000881 109.00059758126736 383.38915738463402 132.18789385259151 149.07466049492359 101.72578132152557 121.29440775513649 1307.8811134248972 136.69408981502056 380.56662431359291 338.00829809904099 323.70135666429996 375.50957845151424 173.74410790205002 253.47603787481785 153.27577333152294 163.80530019104481 351.03795251250267 175.42461846768856 1096.4537600129843 190.58413626253605 202.80877923965454 132.3633426129818 1383.7233397513628 236.16774567961693 895.14806722104549 378.8344928175211 101.67858386039734 257.34430237114429 184.80508328974247 117.87172727286816 147.28017865121365 112.51602560281754 444.23654443025589 199.93943050503731 255.86576195061207 129.70509009063244 427.30597507953644 138.16809839010239 117.89128838479519 108.52670392394066 222.65870274603367 173.48661535978317 119.88405451178551 150.16447146236897 181.52386189997196 140.54804979264736 492.15537403523922 106.05484503507614 236.98489017784595 137.85402922332287 1384.635003477335 430.6496697217226 475.87189546227455 254.36972324550152 684.02260033786297 156.0797011256218 343.66314117610455 104.58746315538883 109.30975048243999 125.34529711306095 105.23695600032806 111.21204470098019 111.29177485406399 108.78162129223347 684.58049134910107 169.00868575274944 208.81526443362236 99.715336889028549 99.630553215742111 157.75219450891018 468.00570128858089 235.46179315447807 351.55337902903557 186.39515233039856 102.11696925759315 158.36462458968163 154.65496084094048 732.78271293640137 283.47739523649216 142.78735706210136 426.67861242592335 100.04366147518158
leaf_count=691 1960 647 633 1975 637 1106 1873 3782 3023 17786 402 2159 1010 604 541 5975 448 733 638 1506 522 15875 1252 562 448 434 1104 914 769 534 1047 734 2472 1945 1490 434 2188 1678 922 513 691 512 2322 643 437 1538 530 599 408 488 5237 548 1541 1354 1297 1506 701 1016 614 658 1409 704 4412 763 812 530 5549 946 3586 1520 408 1031 740 472 590 451 1780 802 1026 520 1716 553 472 435 892 695 480 608 727 563 1975 425 949 552 5547 1729 1914 1021 2747 627 1376 423 440 504 424 447 448 437 2749 680 840 400 400 633 1882 945 1409 747 411 637 622 2946 1138 573 1710 401
internal_value=1.79009e-05 -0.000847352 -0.00164757 -0.00291706 -0.0016132 -0.00296876 0.000957291 0.00185994 0.00052158 -0.000267704 -0.0044791 -0.00338744 -0.0005003 0.00163095 0.0063406 -0.00115554 -0.000133712 0.00056402 0.00167375 -0.000408829 7.95333e-05 -0.00137821 -0.000167841 -0.00375557 -0.00140439 0.00243228 0.0007283 0.000823892 -1.55806e-05 0.00140516 0.00303901 0.00200908 0.00273678 0.00398171 -0.001031 -0.00274219 0.000169867 0.00053803 0.00278418 -0.000481432 -0.00146183 0.000253252 0.0017927 -0.00477765 -0.0018923 0.00263482 0.00466744 0.00592163 0.00881678 1.2674e-05 -0.000965833 -0.00488428 -0.00792625 -0.000451732 0.00140552 -0.00312525 -0.00184105 0.00284327 -0.00427142 0.00199397 -0.00167903 -0.000690624 -0.00271862 9.56895e-05 -0.00189549 -0.00450643 0.00203875 0.00143096 0.000835365 0.00130135 0.00039451 0.0011432 0.000456988 -0.00405707 -0.00200789 0.00378193 -0.00350983 0.00287084 0.00401413 0.00293449 0.00129953 0.00259448 0.0050786 0.00124554 0.00385921 0.00547235 0.00360015 -0.0086464 -0.00207225 -0.00297769 -0.00234219 0.00179887 -0.00600484 -0.000370468 -0.00150778 0.000860909 0.00214206 0.000604341 -0.000782216 0.0026004 0.000676128 -0.00275869 -0.00189383 -0.00320504 0.00182605 0.00277902 0.00153306 0.0035335 -0.000648072 0.00394673 0.00753425 -0.00151008 0.0033815 0.000742807 0.00409377 -0.00187001 0.0042898 0.00117573 0.00304933 0.000667665 -0.0016517 0.0043766 0.0022468 0.000929063 0.00258513 -0.00424545
internal_weight=45585.9 23730.3 9953.08 4710.21 2589.43 1670.29 21855.6 7093.94 14761.6 13777.3 2120.78 1640.82 5242.87 1225.86 285.977 4017.01 2528.39 2176.34 6922.41 13309.5 8862.88 4446.64 8336.39 1511.65 645.903 484.324 13685.3 13409.9 5494.35 7915.59 2727.08 2262.77 2079.7 1463.09 3683.58 1508.44 2175.15 5188.52 1202.58 1713.07 1331.6 889.823 706.913 441.781 281.411 928.613 718.201 586.013 330.883 8024.04 3238.52 408.153 479.963 899.638 561.63 486.929 1109.4 381.461 286.53 6276.51 1246.53 1018.62 1236.39 939.881 525.756 322.947 1810.77 1619.89 4901.99 4006.84 2951.15 2257.96 2000.62 302.677 693.195 1055.68 545.915 943.166 743.227 453.406 1697.94 414.125 256.059 364.392 526.492 396.145 467.733 271.459 1076.29 894.77 667.58 255.13 608.801 2830.37 1522.49 919.141 6112.71 1414.26 938.392 4698.44 4785.51 935.654 831.067 616.52 214.547 4542.36 1736.06 2806.3 795.872 2597.81 320.027 208.497 2277.78 492.845 1784.93 335.092 463.27 306.279 1316.93 482.028 323.664 834.9 1280.25 852.943 569.466 352.052
internal_count=182906 95185 39993 18975 10406 6717 87721 28509 59212 55192 8569 6626 21018 4908 1145 16110 10135 8724 27818 53318 35503 17815 33394 6080 2592 1940 54899 53795 22036 31759 10955 9082 8348 5876 14772 6044 8728 20804 4829 6867 5338 3567 2834 1771 1128 3726 2884 2354 1330 32142 12980 1644 1943 3605 2251 1954 4467 1529 1148 25226 5002 4088 4974 3763 2105 1293 7264 6495 19656 16070 11836 9058 8027 1212 2778 4234 2188 3783 2981 1817 6815 1658 1025 1461 2109 1587 1874 1096 4313 3586 2679 1024 2439 11336 6099 3689 24568 5682 3768 18886 19162 3766 3343 2479 864 18259 6979 11280 3197 10443 1287 837 9156 1978 7178 1345 1857 1227 5296 1939 1302 3357 5137 3421 2283 1411
is_linear=0
shrinkage=0.02


end of trees

feature_importances:
hour_cos=215
hour_sin=150
30m_autocorr_10=85
4h_rv_24=81
1h_ret_1=80
4h_rv_12=79
1m_rsi=75
4h_autocorr_10=75
4h_bb_width=74
4h_dist_hi_48=73
1h_autocorr_10=69
4h_rangepos_48=68
15m_rv_24=67
4h_dist_lo_48=66
4h_ret_24=63
15m_rv_12=61
15m_autocorr_10=60
30m_dist_lo_48=59
4h_ret_1=59
30m_bb_width=58
1m_dist_ema20=54
1m_dist_ema100=54
5m_autocorr_10=54
30m_ret_1=53
4h_slope_20=53
4h_atr_pct=52
1m_dist_ema50=51
5m_rv_24=51
4h_dist_hi_12=51
30m_rv_24=50
4h_ret_12=50
5m_atr_pct=48
15m_bb_pctb=47
1h_rv_24=47
1h_dist_hi_12=46
1h_dist_lo_48=46
4h_dist_lo_12=46
15m_macd_hist=45
1m_ret_1=44
5m_slope_20=44
1h_rv_12=44
4h_ret_6=44
4h_dist_hi_24=44
30m_slope_20=43
1h_bb_width=43
4h_dist_lo_24=43
vol_z=43
1m_dist_lo_48=42
15m_slope_20=42
30m_rv_12=42
30m_rangepos_48=42
1h_ret_3=42
5m_rv_12=41
30m_ret_12=41
1h_rangepos_12=41
1h_slope_20=41
4h_ema_fast_slow=41
mtf_rsi_mean=41
1m_rangepos_48=40
15m_dist_hi_12=40
1m_rv_12=39
15m_ret_6=39
15m_bb_width=39
1m_rv_24=38
1h_dist_hi_48=38
30m_ret_24=37
30m_dist_lo_12=37
1h_ret_12=37
1h_atr_pct=37
1h_rangepos_24=37
15m_ret_1=36
15m_ret_12=36
30m_dist_hi_24=36
1h_bb_pctb=36
4h_ret_3=36
4h_macd_hist=36
15m_atr_pct=35
30m_macd_hist=35
1h_dist_lo_24=35
1m_ret_6=34
1m_rangepos_24=33
5m_bb_width=33
15m_ret_3=33
15m_dist_ema10=33
30m_ret_3=33
30m_ret_6=33
1h_ret_6=33
1h_rangepos_48=33
4h_dist_ema50=33
1m_dist_ema10=32
15m_ret_24=32
15m_dist_lo_12=32
30m_atr_pct=32
15m_dist_lo_48=31
1m_rangepos_12=30
1h_macd_hist=30
4h_dist_ema100=30
dow=30
1h_ret_24=29
1h_dist_hi_24=29
1m_ret_12=28
5m_rsi=28
1m_bb_width=27
1m_dist_hi_48=27
30m_rangepos_12=27
1h_dist_lo_12=27
4h_bb_pctb=27
4h_rangepos_12=27
1m_dist_hi_24=26
30m_dist_lo_24=26
4h_rangepos_24=26
1m_ema20_slope=25
1m_dist_hi_12=25
1m_autocorr_10=25
5m_dist_hi_12=25
30m_rsi=25
30m_rangepos_24=25
1m_ret_24=24
1m_atr_pct=24
5m_dist_lo_24=24
15m_rangepos_12=24
15m_dist_hi_24=24
1h_ema_fast_slow=24
1m_dist_lo_12=23
1m_dist_lo_24=23
5m_macd_hist=23
30m_dist_hi_48=23
4h_dist_ema20=23
4h_rsi=23
1m_ret_3=22
5m_dist_lo_12=22
5m_dist_hi_24=22
5m_dist_lo_48=22
30m_dist_ema50=22
30m_ema_fast_slow=22
1h_dist_ema20=22
15m_rsi=21
15m_rangepos_48=21
30m_dist_hi_12=21
1h_dist_ema10=21
1h_dist_ema100=21
1m_ema_fast_slow=20
5m_dist_hi_48=20
15m_rangepos_24=20
5m_ret_12=19
5m_ema_fast_slow=19
15m_ema_fast_slow=19
15m_upfrac_10=19
5m_rangepos_48=18
15m_dist_hi_48=18
5m_ret_3=17
5m_ret_24=17
5m_dist_ema50=17
5m_dist_ema100=17
30m_dist_ema20=17
1h_rsi=17
5m_bb_pctb=16
30m_bb_pctb=16
1h_dist_ema50=16
4h_dist_ema10=16
1m_bb_pctb=15
5m_rangepos_12=15
30m_dist_ema100=15
1h_upfrac_10=14
4h_upfrac_10=14
1m_slope_20=13
5m_ret_6=13
15m_dist_ema50=13
15m_dist_lo_24=13
30m_dist_ema10=13
30m_ema20_slope=11
1m_macd_hist=10
5m_rangepos_24=10
15m_dist_ema20=10
5m_dist_ema20=9
15m_dist_ema100=9
15m_ema20_slope=9
30m_upfrac_10=8
1h_ema20_slope=8
4h_ema20_slope=8
5m_ret_1=7
5m_upfrac_10=7
sess_london=7
1m_rsi_ob=6
5m_dist_ema10=6
5m_ema20_slope=5
mtf_trend_align=5
1m_above_ema50=3
sess_overlap=3
1m_above_ema100=2
15m_rsi_os=2
30m_rsi_os=2
1m_above_ema10=1
1m_rsi_os=1
1m_upfrac_10=1
5m_above_ema10=1
1h_rsi_rising=1
1h_macd_pos=1

parameters:
[boosting: gbdt]
[objective: binary]
[metric: auc]
[tree_learner: serial]
[device_type: cpu]
[data_sample_strategy: bagging]
[data: ]
[valid: ]
[num_iterations: 3000]
[learning_rate: 0.02]
[num_leaves: 127]
[num_threads: 20]
[seed: 0]
[deterministic: 0]
[force_col_wise: 0]
[force_row_wise: 0]
[histogram_pool_size: -1]
[max_depth: -1]
[min_data_in_leaf: 400]
[min_sum_hessian_in_leaf: 0.001]
[bagging_fraction: 0.8]
[pos_bagging_fraction: 1]
[neg_bagging_fraction: 1]
[bagging_freq: 1]
[bagging_seed: 0]
[bagging_by_query: 0]
[feature_fraction: 0.5]
[feature_fraction_bynode: 1]
[feature_fraction_seed: 0]
[extra_trees: 0]
[extra_seed: 11797]
[early_stopping_round: 0]
[early_stopping_min_delta: 0]
[first_metric_only: 0]
[max_delta_step: 0]
[lambda_l1: 0]
[lambda_l2: 20]
[linear_lambda: 0]
[min_gain_to_split: 0]
[drop_rate: 0.1]
[max_drop: 50]
[skip_drop: 0.5]
[xgboost_dart_mode: 0]
[uniform_drop: 0]
[drop_seed: 21238]
[top_rate: 0.2]
[other_rate: 0.1]
[min_data_per_group: 100]
[max_cat_threshold: 32]
[cat_l2: 10]
[cat_smooth: 10]
[max_cat_to_onehot: 4]
[top_k: 20]
[monotone_constraints: ]
[monotone_constraints_method: basic]
[monotone_penalty: 0]
[feature_contri: ]
[forcedsplits_filename: ]
[refit_decay_rate: 0.9]
[cegb_tradeoff: 1]
[cegb_penalty_split: 0]
[cegb_penalty_feature_lazy: ]
[cegb_penalty_feature_coupled: ]
[path_smooth: 0]
[interaction_constraints: ]
[verbosity: -1]
[saved_feature_importance_type: 0]
[use_quantized_grad: 0]
[num_grad_quant_bins: 4]
[quant_train_renew_leaf: 0]
[stochastic_rounding: 1]
[linear_tree: 0]
[max_bin: 255]
[max_bin_by_feature: ]
[min_data_in_bin: 3]
[bin_construct_sample_cnt: 200000]
[data_random_seed: 38]
[is_enable_sparse: 1]
[enable_bundle: 1]
[use_missing: 1]
[zero_as_missing: 0]
[feature_pre_filter: 1]
[pre_partition: 0]
[two_round: 0]
[header: 0]
[label_column: ]
[weight_column: ]
[group_column: ]
[ignore_column: ]
[categorical_feature: ]
[forcedbins_filename: ]
[precise_float_parser: 0]
[parser_config_file: ]
[objective_seed: 8855]
[num_class: 1]
[is_unbalance: 0]
[scale_pos_weight: 1]
[sigmoid: 1]
[boost_from_average: 1]
[reg_sqrt: 0]
[alpha: 0.9]
[fair_c: 1]
[poisson_max_delta_step: 0.7]
[tweedie_variance_power: 1.5]
[lambdarank_truncation_level: 30]
[lambdarank_norm: 1]
[label_gain: ]
[lambdarank_position_bias_regularization: 0]
[eval_at: ]
[multi_error_top_k: 1]
[auc_mu_weights: ]
[num_machines: 1]
[local_listen_port: 12400]
[time_out: 120]
[machine_list_filename: ]
[machines: ]
[gpu_platform_id: -1]
[gpu_device_id: -1]
[gpu_use_dp: 0]
[num_gpu: 1]

end of parameters

pandas_categorical:[]
