tree
version=v4
num_class=1
num_tree_per_iteration=1
label_index=0
max_feature_idx=38
objective=binary sigmoid:1
feature_names=Column_0 Column_1 Column_2 Column_3 Column_4 Column_5 Column_6 Column_7 Column_8 Column_9 Column_10 Column_11 Column_12 Column_13 Column_14 Column_15 Column_16 Column_17 Column_18 Column_19 Column_20 Column_21 Column_22 Column_23 Column_24 Column_25 Column_26 Column_27 Column_28 Column_29 Column_30 Column_31 Column_32 Column_33 Column_34 Column_35 Column_36 Column_37 Column_38
feature_infos=[2.3855270114836458e-07:0.16291365027427673] [0.33708634972572327:0.65468800067901611] [4.3156706652780485e-08:0.18325434625148773] [0.31806334853172302:0.68325436115264893] [0:1] [0.00027757143834605813:0.024829164147377014] none [0:1] [0:0.0059322030283510685] [0:1] [0:0.0093224067240953445] [0:1] [0:0.010520371608436108] [0:1] [6.1808618738723453e-06:0.011120732873678207] [0:1] [6.1808618738723453e-06:0.012511868961155415] [0:1] [1.5049539797473699e-05:0.013643664307892323] [0:1] [1.1707046724040993e-05:0.0015362059930339456] [-1:1] [-1:1] [-1:1] [-1:1] [-1:1] [-1:1] [-0.79694759845733643:0.83405941724777222] [-1:1] [-0.69600057601928711:0.6680300235748291] [-1:1] [-0.50555223226547241:0.47350722551345825] [-1:0.76071268320083618] [-0.5:0.36666667461395264] [-0.5:0.2222222238779068] [0:5.1020406649504579e-11] [0:3.8226789789153059e-11] [-1.2248297929763794:1.3775012493133545] [-1:1]
tree_sizes=1772 1831 1823 1830 1832 1841 1834 1827 1812 1835 1825 1826 1836 1829 1845 1830 1838 1834 1820 1838 1823 1830 1831 1840 1828 1834 1843 1855 1836 1832 1828 1837 1847 1831 1857 1835 1847 1840 1828 1838 1846 1843 1843 1836 1838 1834 1846 1821 1840 1855 1829 1841 1831 1848 1829 1854 1845 1829 1854 1840 1859 1840 1839 1856 1836 1837 1830 1844 1847 1828 1850 1836 1848 1850 1846 1858 1840 1842 1853 1841 1841 1844 1849 1851 1837 1839 1836 1837 1845 1856 1859 1848 1829 1851 1832 1849 1835 1858 1852 1842 1845 1861 1842 1864 1840 1834 1847 1855 1840 1838 1841 1854 1842 1855 1844 1843 1845 1831 1844 1844 1831 1855 1843 1853 1845 1838 1850 1844 1845 1837 1825 1856 1846 1843 1856 1848 1840 1828 1851 1843 1843 1833 1834 1837 1835 1845 1854 1844 1842 1850 1845 1846 1852 1849 1840 1834 1842 1836 1843 1815 1837 1838 1845 1824 1842 1833 1846 1859 1853 1824 1838 1830 1851 1842 1816 1858 1842 1851 1840 1837 1848 1841 1839 1843 1857 1840 1845 1855 1848 1842 1841 1838 1826 1847 1832 1841 1844 1838 1844 1826 1833 1850 1845 1843 1827 1844 1833 1831 1843 1839 1840 1837 1834 1828 1849 1853 1840 1831 1827 1838 1845 1836 1837 1842 1852 1829 1831 1834 1851 1812 1850 1836 1824 1841 1845 1825 1820 1842 1832 1849 1831 1844 1850 1842 1865 1834 1852 1822 1838 1842 1846 1878 1838 1841 1857 1834 1849 1842 1833 1835 1836 1841 1835 1843 1846 1840 1838 1829 1852 1848 1836 1841 1854 1837 1851 1836 1837 1853 1841 1855 1842 1843 1867 1831 1844 1857 1823 1850 1833 1842 1846 1858 1841 1819 1837 1858 1821 1845 1816 1859 1843 1828 1829 1843 1825 1836 1854 1859 1849 1826 1834 1847 1844 1851 1833 1824 1823 1822 1827 1844 1844 1839 1848 1831 1851 1820 1851 1834 1814 1854 1845 1811 1840 1849 1853 1830 1854 1835 1855 1827 1826 1846 1852 1844 1837 1830 1836 1839 1843 1856 1851 1839 1851 1819 1830 1846 1833 1827 1842 1842 1831 1816 1847 1845 1846 1837 1836 1834 1851 1828 1842 1848 1840 1828 1861 1827 1821 1835 1829 1848 1837 1856 1862 1846 1834 1839 1857 1822 1829 1826 1842 1842 1829 1832 1842 1834 1844 1827 1848 1821

Tree=0
num_leaves=15
num_cat=0
split_feature=4 34 3 3 3 1 1 13 27 10 20 5 20 37
split_gain=171.703 125.383 68.4642 43.9205 39.9922 39.6324 40.1849 21.8742 19.8919 18.7629 17.725 28.6897 15.7686 17.0025
threshold=1.0000000180025095e-35 -0.13222222775220868 0.57740998268127453 0.42253902554512029 0.53512945771217357 0.41956017911434179 0.56794646382331859 0.91666665673255932 -0.078931730240583406 0.00021015902893850583 0.00011193597674719059 0.0038617954123765235 0.0001042738585965708 -0.0053369316738098851
decision_type=2 10 2 2 2 2 2 2 2 8 10 8 8 2
left_child=-1 2 3 -2 9 -3 10 -8 -6 -5 12 -12 -7 -14
right_child=1 5 -4 4 8 6 7 -9 -10 -11 11 -13 13 -15
leaf_value=0.074170313332725335 0.083215472965333701 0.07966255006835346 0.084606252700384341 0.076995174578383105 0.078814376320860122 0.076052707934801067 0.079480389970683046 0.076258214879880062 0.082217457246610406 0.080848817264081968 0.078126764521661465 0.075765739104816626 0.07193602772024181 0.075997998131633882
leaf_weight=8931.8644496798515 748.14974163472652 1597.6504325866699 808.56089861690998 5817.4446376562119 1821.5711260288954 18914.43369166553 2484.0967897921801 1263.1423732638359 1129.3391495347023 533.96473051607609 4240.2641012370586 3964.9190344959497 787.34210380911827 858.23784175515175
leaf_count=35780 2997 6400 3239 23304 7297 75769 9951 5060 4524 2139 16986 15883 3154 3438
internal_value=0.0767 0.0772033 0.0790729 0.0786128 0.0782294 0.076607 0.0764552 0.0783978 0.0801453 0.0773312 0.0762011 0.0769864 0.0758877 0.0740209
internal_weight=53901 44969.1 10859 10050.5 9302.32 34110.1 32512.4 3747.24 2950.91 6351.41 28765.2 8205.18 20560 1645.58
internal_count=215921 180141 43500 40261 37264 136641 130241 15011 11821 25443 115230 32869 82361 6592
is_linear=0
shrinkage=1


Tree=1
num_leaves=15
num_cat=0
split_feature=2 2 2 33 1 9 14 10 18 31 32 27 32 18
split_gain=249.074 66.607 58.0813 32.8001 26.1436 20.5319 14.9467 14.1676 14.2399 15.9235 12.7122 12.7652 12.4326 13.0432
threshold=0.053288420662283904 0.024919435381889347 0.077433113008737578 -0.23000000417232511 0.59087780117988598 0.58333334326744091 0.00010373405530117453 0.00021015902893850583 0.00044973958574701106 -0.016641177237033841 0.1114025041460991 0.021686751395463947 0.032217685133218772 0.00033331148733850574
decision_type=2 2 2 10 2 2 10 8 10 10 10 2 10 8
left_child=1 12 5 -4 7 -2 -5 8 -3 -10 11 -11 -1 -14
right_child=2 4 3 6 -6 -7 -8 -9 9 10 -12 -13 13 -15
leaf_value=-0.00095175025605222967 0.0035682925567945278 0.00028176771420554148 0.0086370873957221581 0.0075268178686427722 0.0047640798628482304 0.001223868322913406 0.0029496871948487095 0.0017101912342662839 0.00034697269992933018 -0.0010907586434802483 0.0004890519210714227 -0.0048862604701049158 -0.0025958792983160799 -0.001002733651520568
leaf_weight=16639.335747778416 2166.4407631158829 12973.403992533684 851.26139315962791 349.67436051368713 490.24659357964993 4841.1851361989975 1556.2389977425337 2108.8540384322405 1561.4442768245935 636.06564749777317 469.30897514522076 823.7910104393959 4702.0044747143984 3709.9152996093035
leaf_count=66653 8679 51970 3411 1401 1964 19394 6235 8448 6255 2548 1880 3300 18835 14861
internal_value=4.70714e-05 -0.00059299 0.00293397 0.00538571 0.000297758 0.00195675 0.00385889 0.000174868 -2.36262e-05 -0.00115381 -0.00235962 -0.00326964 -0.00127051 -0.0018973
internal_weight=53879.2 44114.4 9764.8 2757.17 19063.1 7007.63 1905.91 18572.9 16464 3490.61 1929.17 1459.86 25051.3 8411.92
internal_count=215834 176714 39120 11047 76365 28073 7636 74401 65953 13983 7728 5848 100349 33696
is_linear=0
shrinkage=0.02


Tree=2
num_leaves=15
num_cat=0
split_feature=3 3 3 34 3 9 0 12 32 13 13 0 35 0
split_gain=164.742 111.458 82.8263 39.6075 31.487 19.3197 18.2301 17.014 16.9161 15.9901 15.9012 15.5742 12.8485 19.9786
threshold=0.56676754355430614 0.45526528358459478 0.527519851922989 -0.097777780145406709 0.40566599369049078 0.58333334326744091 0.092629835009574904 0.00026706697826739406 -0.014060961548238991 0.91666665673255932 0.91666665673255932 0.091419890522956862 3.2860414151021649e-13 0.030481653288006786
decision_type=2 2 2 8 2 2 2 8 10 2 2 2 2 2
left_child=1 4 7 5 -1 -4 10 8 -3 11 -2 -5 13 -10
right_child=6 2 3 9 -6 -7 -8 -9 12 -11 -12 -13 -14 -15
leaf_value=0.0064016939639505955 0.0046841834575120289 -0.00073171608514367205 0.0038954759667612533 0.00022506933776656409 0.0017537113420763302 0.0012635483293751541 0.0076870633764704365 0.00015345275086517393 -0.0060543185302447487 -0.0015341268219714074 -9.8009515626721607e-05 0.004823025641705417 -0.0015349876181184514 -0.00088937244032199635
leaf_weight=634.55810669064522 1530.51106120646 13176.62326811254 1760.6700967252254 4556.4171463251114 5724.7529779821634 3072.2111157774925 701.22267910838127 3817.7810857892036 636.87081444263458 2169.7905381023884 337.92867639660835 295.2432811409235 14942.626431927085 565.45063228905201
leaf_count=2543 6133 52781 7054 18253 22935 12308 2810 15293 2551 8692 1354 1183 59854 2265
internal_value=9.99654e-06 -0.000238114 -0.000588656 0.000845078 0.00223612 0.00223449 0.00493187 -0.00110172 -0.00126514 -0.000114888 0.00382739 0.000523525 -0.00169905 -0.00367955
internal_weight=53922.7 51353 44993.7 11854.3 6359.31 4832.88 2569.66 33139.4 29321.6 7021.45 1868.44 4851.66 16144.9 1202.32
internal_count=216009 205712 180234 47490 25478 19362 10297 132744 117451 28128 7487 19436 64670 4816
is_linear=0
shrinkage=0.02


Tree=3
num_leaves=15
num_cat=0
split_feature=2 4 2 34 2 33 0 12 34 29 29 25 33 10
split_gain=255.982 87.6684 56.7439 44.7203 39.6096 20.9043 20.8644 18.2944 23.0365 17.1032 21.1225 16.2055 14.4009 13.5728
threshold=0.061451720073819167 1.0000000180025095e-35 0.02734616864472628 -0.13222222775220868 0.093335133045911803 -0.093333333730697618 0.091419890522956862 0.00028541128267534083 -0.061111113056540482 0.13416474312543872 -0.2231982350349426 -0.22456870973110196 -0.24333333224058148 0.00017404529353370893
decision_type=2 2 2 8 2 10 2 8 10 2 2 2 10 10
left_child=1 11 7 9 12 -6 -5 -3 -9 10 -4 -1 -2 -8
right_child=4 2 3 6 5 -7 13 8 -10 -11 -12 -13 -14 -15
leaf_value=-0.0042620002363104818 0.0053039212616652126 -0.0010616321262847134 9.6679744306393429e-05 -5.0379370350675732e-05 0.0090602646984289676 0.0027759544473377118 0.0012676569946409063 0.0045184134617814202 -0.00039483672002673298 -0.0010427175479351891 0.0036311468414696787 -0.001923486891596826 0.0025193788694781649 0.0065964075360717299
leaf_weight=1417.3872558325529 896.20718842744827 17522.9374602139 865.82729502022266 13792.339616179466 732.83098675310612 327.09293523430824 560.04484471678734 517.97978903353214 1304.6179255247116 495.6967665553093 3088.4121070355177 7424.3345196545124 4646.7988477349281 280.76626229286194
leaf_count=5677 3592 70188 3469 55251 2938 1311 2244 2075 5226 1986 12374 29736 18620 1125
internal_value=1.82134e-06 -0.000513913 -0.000100339 0.000673108 0.00368436 0.00720825 0.000138088 -0.0008632 0.00103539 0.00242398 0.00286161 -0.00230714 0.00298704 0.00315897
internal_weight=53873.3 47270.3 38428.6 19083.1 6602.93 1059.92 14633.2 19345.5 1822.6 4449.94 3954.24 8841.72 5543.01 840.811
internal_count=215812 189351 153938 76449 26461 4249 58620 77489 7301 17829 15843 35413 22212 3369
is_linear=0
shrinkage=0.02


Tree=4
num_leaves=15
num_cat=0
split_feature=2 4 2 34 34 31 0 20 5 1 5 10 16 15
split_gain=218.551 84.8409 52.2755 33.0049 31.8178 24.3094 21.3729 21.0688 15.4621 15.6606 14.8877 13.761 13.2536 13.0483
threshold=0.062100881710648544 1.0000000180025095e-35 0.024435764178633693 -0.18777777999639508 -0.13222222775220868 -0.17293942719697949 0.084433894604444518 3.3761803933884955e-05 0.0027108440408483152 0.50754868984222423 0.000830821431009099 0.00012064405746059494 0.00094087532488629233 0.75000000000000011
decision_type=2 2 2 10 10 10 2 10 8 2 8 8 10 2
left_child=1 -1 8 5 11 -2 12 -7 9 -3 -5 -4 -6 -12
right_child=3 2 4 10 6 7 -8 -9 -10 -11 13 -13 -14 -15
leaf_value=-0.0021904150477422509 4.8990749814204524e-05 -0.0010600813311130459 0.001364522641669528 -0.0013699691995653132 -9.0529280910744942e-05 0.0013956058872350292 0.0025105207643869288 0.0076975382267648685 -0.0016032589169210614 0.00049660538273723525 0.0041433997647868604 0.0037147071853784043 0.0046456537225021402 0.0018617074048899659
leaf_weight=8876.8982433229685 256.64697109162807 5792.0098151415586 3576.1519575715065 341.84898753464222 14825.311594635248 263.89585146307945 1451.2296909689903 1324.6446881145239 6628.365291595459 4639.4571028798819 1867.3440732508898 1387.3175141811371 220.16365040838718 2270.9577920585871
leaf_count=35551 1029 23199 14329 1370 59388 1058 5815 5311 26549 18583 7484 5559 882 9101
internal_value=3.63867e-05 -0.000430102 -2.35134e-05 0.00352221 0.000633148 0.00576897 0.000209808 0.006681 -0.000849326 -0.00036811 0.00257533 0.00203368 -1.51484e-05 0.00290626
internal_weight=53722.2 47396.9 38520 6325.34 21460.2 1845.19 16496.7 1588.54 17059.8 10431.5 4480.15 4963.47 15045.5 4138.3
internal_count=215208 189855 154304 25353 85973 7398 66085 6369 68331 41782 17955 19888 60270 16585
is_linear=0
shrinkage=0.02


Tree=5
num_leaves=15
num_cat=0
split_feature=2 2 4 2 36 10 31 14 4 30 31 19 29 18
split_gain=236.817 78.3662 28.426 25.3254 19.1564 18.1217 16.8588 16.6056 16.2819 13.1698 19.0919 12.9508 13.8568 12.1086
threshold=0.062100881710648544 0.032758157700300224 1.0000000180025095e-35 0.083616543561220183 6.0947365318649037e-13 0.00023954993230290714 0.073890790343284621 0.00020247099018888551 1.0000000180025095e-35 -0.077124640345573411 -0.1927300617098808 0.91666665673255932 -0.141910545527935 0.00044643049477599567
decision_type=2 2 2 2 2 8 10 10 2 2 10 2 2 10
left_child=1 2 -1 -2 7 9 -5 11 -6 10 -4 13 -13 -3
right_child=3 4 5 6 8 -7 -8 -9 -10 -11 -12 12 -14 -15
leaf_value=-0.0020883540924137205 0.0027425562225970456 0.00035482946951027801 -0.0042340846416781342 0.0067544055581948356 -0.0025613352464002948 0.001184015319874193 0.0025590857889330708 0.00097124200484184685 0.0014439086361883874 -0.0012146329933418792 0.00013942080641810776 -0.006262655519829935 -0.001449765319509917 -0.0039767424187954628
leaf_weight=8267.5773229151964 4493.5715028345585 2261.9287070631981 406.66521218419075 1328.7525832951069 408.48978245258331 1819.064406722784 584.29284356534481 3002.5707105100155 8486.1352612376213 14918.950590983033 6199.6679774820805 291.52357870340347 1120.2813045233488 271.09659242630005
leaf_count=33108 18011 9062 1629 5329 1636 7287 2343 12029 34000 59755 24833 1168 4488 1086
internal_value=-1.87686e-05 -0.000506519 -0.00108165 0.00358434 0.00064104 -0.000723634 0.00551278 -0.000145876 0.00125463 -0.000885796 -0.000141766 -0.000996771 -0.00251718 -0.000136278
internal_weight=53860.6 47454 31611.9 6406.62 15842 23344.3 1913.05 6947.4 8894.63 21525.3 6606.33 3944.83 1411.8 2533.03
internal_count=215764 190081 126612 25683 63469 93504 7672 27833 35636 86217 26462 15804 5656 10148
is_linear=0
shrinkage=0.02


Tree=6
num_leaves=15
num_cat=0
split_feature=3 3 3 34 10 31 3 32 34 31 14 31 36 20
split_gain=124.048 97.6586 74.3628 36.765 23.988 16.9109 16.8763 23.1148 14.1903 12.9006 12.671 12.6399 12.5758 14.2418
threshold=0.57526338100433361 0.4390906840562821 0.5314452350139619 -0.12000000104308127 0.00023954993230290714 -0.2361439764499664 0.46751098334789282 0.032217685133218772 -0.27666667103767389 -0.18679363280534741 6.9219728175085051e-05 0.073890790343284621 1.0001404001855343e-12 6.561397094628775e-05
decision_type=2 2 2 8 8 10 2 10 10 10 10 10 2 10
left_child=1 11 4 5 6 -4 -3 9 -2 -8 -11 -1 -5 -14
right_child=8 2 3 12 -6 -7 7 -9 -10 10 -12 -13 13 -15
leaf_value=0.0043933956002703027 0.009858695259517854 -9.0327588822934273e-06 -0.0025020902444012555 -0.0002011629887421006 0.00091683116499655895 0.0030074701745858006 -0.003361845992059524 -0.0019410145948707347 0.0046204865364742175 0.0017050497880919798 -0.00075181978475738389 0.0018160094753621608 0.0064079675163212927 0.0010202629516264494
leaf_weight=1732.384904935956 261.40080228447914 6375.1378666013479 223.07681882381439 5766.5046590268612 3009.8401744365692 3532.0380687862635 702.12933723628521 9680.3659830391407 1234.9374348372221 863.897415548563 17304.816337794065 1427.3568215966225 208.15490633249283 1497.0193041861057
leaf_count=6946 1049 25540 894 23103 12057 14156 2812 38768 4953 3460 69307 5722 834 5998
internal_value=1.42272e-05 -0.000149146 -0.000368705 0.00105987 -0.000791813 0.00266865 -0.000939499 -0.00114711 0.00565353 -0.000738227 -0.000633253 0.00324785 0.000246372 0.00174462
internal_weight=53819.1 52322.7 49163 11226.8 37936.2 3755.11 34926.3 28551.2 1496.34 18870.8 18168.7 3159.74 7471.68 1705.17
internal_count=215599 209597 196929 44985 151944 15050 139887 114347 6002 75579 72767 12668 29935 6832
is_linear=0
shrinkage=0.02


Tree=7
num_leaves=15
num_cat=0
split_feature=0 3 3 3 34 0 34 20 9 31 21 30 29 29
split_gain=158.641 56.4582 39.3421 38.3306 27.0778 23.342 21.5723 19.2352 17.5874 15.7848 16.5948 14.9791 15.8516 14.5082
threshold=0.063240546733140959 0.57740998268127453 0.53512945771217357 0.45526528358459478 -0.13222222775220868 0.086198866367340102 -0.12000000104308127 0.00015987540973583239 0.75000000000000011 -0.034584356471896165 0.38523416221141821 -0.10322787612676619 -0.20163759589195249 -0.19444309175014493
decision_type=2 2 2 2 10 2 8 10 2 10 2 2 2 2
left_child=2 4 3 9 -2 -6 13 -7 -3 -1 -11 12 -5 -4
right_child=1 8 6 11 5 7 -8 -9 -10 10 -12 -13 -14 -15
leaf_value=0.0037383160945497337 0.0032160146450408689 0.0083062526420544947 -8.6699715069234827e-05 -0.0019099662644595818 0.00025350502606010281 0.0019382960164886489 -1.5962047017545297e-05 0.0074544090306645702 0.0023290479114283671 -0.00084823289937347574 0.0023183506493307973 -0.0012629270686960159 0.00024905224293547289 0.0034586500010409921
leaf_weight=739.27548657357693 3055.8792891651392 690.22717422246933 640.18091896176338 1748.7179132252932 5357.3845161944628 2175.4007912576199 3616.5951044410467 271.45010836422443 300.10425037145615 1577.594448313117 1111.6416293233633 25068.918378740549 5875.0932159423828 1627.0868168622255
leaf_count=2963 12250 2770 2566 7004 21464 8719 14489 1088 1204 6322 4455 100399 23531 6523
internal_value=7.81078e-06 0.00204946 -0.00056888 -0.000815928 0.00162528 0.000995767 0.000945383 0.00260572 0.00657692 0.0011909 0.00046818 -0.00102698 -0.000249876 0.00246559
internal_weight=53855.6 11850.4 42005.1 36121.2 10860.1 7804.24 5883.86 2446.85 990.331 3428.51 2689.24 32692.7 7623.81 2267.27
internal_count=215747 47495 168252 144674 43521 31271 23578 9807 3974 13740 10777 130934 30535 9089
is_linear=0
shrinkage=0.02


Tree=8
num_leaves=15
num_cat=0
split_feature=0 3 3 3 33 20 5 3 3 1 5 13 20 18
split_gain=150.826 43.0666 42.2188 36.8352 27.4859 22.5621 19.4523 18.2406 21.6871 17.2662 17.0675 16.673 15.5656 21.032
threshold=0.063240546733140959 0.53354194760322582 0.57740998268127453 0.45094242691993719 -0.18333333730697629 8.0074438301380737e-05 0.00094444295973517012 0.45363299548625952 0.53735357522964489 0.58584019541740429 0.0012000497663393619 0.75000000000000011 0.00016234647773671898 0.00046391025534830993
decision_type=2 2 2 2 10 10 8 2 2 2 8 2 8 8
left_child=1 3 4 -1 7 6 -3 -2 -9 -4 -7 -11 -6 -14
right_child=2 5 9 -5 12 10 -8 8 -10 11 -12 -13 13 -15
leaf_value=0.0014278192599161391 0.0066661338785066375 -0.00070393425716243829 0.0026827515191260665 -0.0009942342306587886 0.00087895407779268564 -0.0047285260589955891 0.0027792237978588709 -0.00021821744858797863 0.0044669331854334379 0.010910901329837869 0.00017084399760031836 0.0035988072797283567 -0.00087650084058552404 0.0063333910926271489
leaf_weight=2701.2541076987982 573.79687428474426 818.68526892364025 426.52035446465015 32965.654675841331 7991.778165102005 302.24061168730259 2827.7260228842497 680.16222831606865 917.39341193437576 338.44544085860252 2412.7405111044645 234.20309267938137 236.06068275868893 465.8500969260931
leaf_count=10827 2302 3281 1712 132023 32026 1211 11333 2725 3678 1359 9667 940 946 1867
internal_value=2.25757e-05 -0.000539713 0.00201201 -0.000810101 0.0016433 0.00097408 0.00199762 0.00364743 0.00249419 0.0059104 -0.00040516 0.00814275 0.00113553 0.00395151
internal_weight=53892.5 42028.3 11864.2 35666.9 10865 6361.39 3646.41 2171.35 1597.56 999.169 2714.98 572.649 8693.69 701.911
internal_count=215897 168342 47555 142850 43544 25492 14614 8705 6403 4011 10878 2299 34839 2813
is_linear=0
shrinkage=0.02


Tree=9
num_leaves=15
num_cat=0
split_feature=0 4 33 33 31 9 0 0 24 36 36 27 25 20
split_gain=121.759 54.3808 43.3359 32.6389 20.9505 20.2586 19.113 18.1345 15.8057 15.7842 18.5263 15.5444 15.5308 13.0761
threshold=0.059224139899015434 1.0000000180025095e-35 -0.18333333730697629 -0.18333333730697629 -0.17293942719697949 0.58333334326744091 0.090308312326669707 0.08043085411190988 -0.30994398891925806 6.2149105848653695e-13 8.7522429082810559e-13 -0.26977977156639094 -0.31171618402004236 6.2947030528448536e-05
decision_type=2 2 10 8 10 2 2 2 2 2 2 2 2 10
left_child=1 11 4 5 -2 -3 -6 9 -9 12 -11 -1 -4 -12
right_child=2 3 7 -5 6 -7 -8 8 -10 10 13 -13 -14 -15
leaf_value=-0.0058601110321154391 -0.00036416883643976749 0.0026556244988522101 -0.005675614337337629 -0.00043841765350663192 0.0033623237782971476 0.00014506851450621507 0.0073657888688456012 0.0049188161520400484 0.001524816269148717 0.0030983492643874501 0.0031124321615613954 -0.001756065049792624 -0.00023648276354089158 -0.00079627478749811319
leaf_weight=371.38669519126415 424.64187553524971 2358.4694859683514 205.91151423752308 26333.466714352369 1964.1066571474075 2803.6134197413921 650.32175682485104 639.0179106593132 3545.2614417821169 1377.6705076694489 420.59746220707893 8222.2642616331577 3011.6663788110018 1515.4714514017105
leaf_count=1487 1703 9451 825 105477 7876 11233 2610 2562 14213 5520 1686 32922 12066 6073
internal_value=1.8738e-05 -0.000538415 0.00164103 -0.000153191 0.0037419 0.00129792 0.00440652 0.00103934 0.00206408 0.000378553 0.00134358 -0.00194662 -0.000617475 7.60058e-05
internal_weight=53843.9 40089.2 13754.7 31495.5 3039.07 5162.08 2614.43 10715.6 4184.28 6531.32 3313.74 8593.65 3217.58 1936.07
internal_count=215704 160570 55134 126161 12189 20684 10486 42945 16775 26170 13279 34409 12891 7759
is_linear=0
shrinkage=0.02


Tree=10
num_leaves=15
num_cat=0
split_feature=2 4 2 2 33 10 33 2 9 25 31 30 26 10
split_gain=192.755 86.5112 41.6724 27.3419 25.8518 24.2804 22.266 14.2114 13.9328 13.8882 13.0036 12.9371 14.7436 11.6295
threshold=0.061451720073819167 1.0000000180025095e-35 0.02734616864472628 0.078768830746412291 -0.19666666537523267 0.00019363874889677393 -0.093333333730697618 0.048100749030709274 0.75000000000000011 -0.22094833105802533 -0.18194096535444257 -0.10506724566221236 0.02478132210671902 0.00017107470193877819
decision_type=2 2 2 2 8 8 10 2 2 2 10 2 2 8
left_child=1 9 -3 10 7 -6 8 -4 -5 -1 -2 12 -11 -12
right_child=3 2 4 6 5 -7 -8 -9 -10 11 13 -13 -14 -15
leaf_value=-0.004009861290485286 -0.001791396996656354 -0.00069547248153183625 0.00124770292652542 0.007218447315107273 -5.3236633746922863e-05 0.0021475358278852043 0.0022218451500041056 0.0039833975216335494 0.0026572148928844298 -0.0014882966565488839 0.001913211738972288 -0.0022706944686537102 0.0028802268305218011 0.0047562693068557496
leaf_weight=1458.7133382409811 295.27266752719879 19362.136137023568 2225.9613799005747 1255.3813098222017 13327.586171030998 2340.1869609802961 898.70137375593185 1157.3463251888752 379.88514670729637 979.77036485075951 3045.5240069031715 6039.2896706610918 427.32019709050655 711.48921985924244
leaf_count=5840 1184 77542 8921 5042 53394 9377 3605 4640 1525 3923 12212 24180 1711 2853
internal_value=-7.93635e-06 -0.000454545 -4.2401e-05 0.00319235 0.000621367 0.000277796 0.00481998 0.00220143 0.00620375 -0.0022283 0.00215588 -0.0018695 -0.000139845 0.00247395
internal_weight=53904.6 47318.3 38413.2 6586.25 19051.1 15667.8 2533.97 3383.31 1635.27 8905.09 4052.29 7446.38 1407.09 3757.01
internal_count=215949 189528 153874 26421 76332 62771 10172 13561 6567 35654 16249 29814 5634 15065
is_linear=0
shrinkage=0.02


Tree=11
num_leaves=15
num_cat=0
split_feature=2 4 2 2 0 36 27 27 26 10 31 1 15 36
split_gain=192.947 73.0754 40.6704 23.7069 18.3148 18.4328 17.9206 17.1903 16.6586 15.8626 13.4898 12.3452 13.0709 11.4105
threshold=0.062100881710648544 1.0000000180025095e-35 0.02734616864472628 0.093335133045911803 0.081963341683149352 1.3341034548787491e-12 -0.27561022341251368 0.2475545331835747 -0.042361706495285027 0.00023954993230290714 0.12698890268802646 0.58584019541740429 0.75000000000000011 8.8435175523739206e-13
decision_type=2 2 2 2 2 2 2 2 2 10 10 2 2 2
left_child=1 6 9 11 5 10 -1 13 -7 -3 -4 12 -2 -8
right_child=3 2 4 -5 -6 8 7 -9 -10 -11 -12 -13 -14 -15
leaf_value=-0.0062258044464031069 0.0033646237174312422 -0.00081021094044671758 -0.00010169479501452198 0.0060452223477313596 0.0023830275276820411 0.003143645368555882 -0.0010720203777248723 -0.0053518606413380399 0.00039113097516644288 0.0013159128642686918 0.0020726743509825443 0.0048304760631793595 0.001163069367349293 -0.0027113934112716958
leaf_weight=367.73412911593914 2221.0513325333595 17833.049968004227 12352.898132622242 1063.434152379632 2155.6990299522877 1684.3343818932772 5625.3003231883049 497.56052216887474 1830.8127379864454 1505.5791812390089 1237.3254093229771 945.5367816388607 2141.7100261002779 2446.7992969453335
leaf_count=1472 8910 71415 49491 4272 8642 6750 22521 1992 7336 6031 4957 3795 8589 9796
internal_value=6.4918e-05 -0.000373597 4.06641e-06 0.00332744 0.00065423 0.00043383 -0.00200105 -0.00180569 0.00172036 -0.000643496 9.90261e-05 0.00276233 0.0022941 -0.00157442
internal_weight=53908.8 47537.1 38599.7 6371.73 19261.1 17105.4 8937.39 8569.66 3515.15 19338.6 13590.2 5308.3 4362.76 8072.1
internal_count=215969 190403 154622 25566 77176 68534 35781 34309 14086 77446 54448 21294 17499 32317
is_linear=0
shrinkage=0.02


Tree=12
num_leaves=15
num_cat=0
split_feature=2 2 3 30 31 0 34 20 0 33 0 34 3 20
split_gain=178.148 67.4868 24.2164 17.0113 17.1305 16.4495 20.8804 17.8917 14.0912 13.6574 13.3361 12.8249 16.9661 13.4409
threshold=0.062100881710648544 0.02734616864472628 0.58675318956375133 -0.10322787612676619 -0.18194096535444257 0.071297910064458861 -0.0055555556900812033 0.00012938192230649295 0.01655178610235453 -0.24333333224058148 0.0099537014029920119 -0.13666667044162747 0.5279904603958131 5.3083211241755641e-05
decision_type=2 2 2 2 10 2 10 10 2 10 2 8 2 10
left_child=1 3 9 4 -1 11 7 -7 10 -2 -6 12 -3 -13
right_child=2 5 -4 -5 8 6 -8 -9 -10 -11 -12 13 -14 -15
leaf_value=-0.0033714839569147304 0.0049962762640989927 -0.00028544646544177168 0.0068866119983988115 -0.0012763611299115676 0.00015718573958703377 0.0018808846793383674 -0.00087024671950138672 0.0064440870759236582 0.00089877177248037028 0.0023386338378866838 -0.0031736004084996273 -0.0017309997978766682 0.0024871749810795431 0.00020112827998835706
leaf_weight=565.19320265948772 933.74089352786541 1535.0833105295897 637.02728922665119 20610.013081103563 1218.9620985835791 2596.1665093004704 957.11702683568001 383.64729472994804 3985.2067010998726 4771.3352733999491 772.1580081731081 1632.5403608232737 2045.6989007890224 11187.73300281167
leaf_count=2263 3750 6151 2561 82525 4881 10407 3836 1538 15960 19141 3092 6540 8201 44817
internal_value=7.85538e-05 -0.000342348 0.00322142 -0.000994563 -0.000105532 0.000528491 0.00168603 0.00250744 0.000213551 0.00278954 -0.00115321 0.000248919 0.00130357 -4.72229e-05
internal_weight=53831.6 47489.5 6342.1 27151.5 6541.52 20338 3936.93 2979.81 5976.33 5705.08 1991.12 16401.1 3580.78 12820.3
internal_count=215663 190211 25452 108721 26196 81490 15781 11945 23933 22891 7973 65709 14352 51357
is_linear=0
shrinkage=0.02


Tree=13
num_leaves=15
num_cat=0
split_feature=0 4 33 34 29 0 29 0 8 25 1 19 36 1
split_gain=119.343 47.9108 44.6124 36.7078 24.3665 21.7287 20.1416 20.0881 14.8467 13.0611 17.5546 12.0142 13.244 18.2086
threshold=0.063240546733140959 1.0000000180025095e-35 -0.18333333730697629 -0.13222222775220868 -0.20163759589195249 0.090308312326669707 0.13896037638187411 0.016266371123492721 3.8646112443530008e-05 0.06084056198596955 0.4744218140840531 0.91666665673255932 4.4175410942107201e-13 0.48059567809104925
decision_type=2 2 10 10 2 2 2 2 10 2 2 2 2 2
left_child=1 -1 5 4 -3 -2 7 -6 -7 11 -11 -5 13 -13
right_child=2 3 -4 9 6 8 -8 -9 -10 10 -12 12 -14 -15
leaf_value=-0.0018132327795726917 0.0028486519033554571 -0.0011763536993054321 0.0011178237503925255 -0.00048170709963947614 -0.00027393899690664208 0.0022601044092005547 -0.0011766421555425221 0.0028104631612704579 0.0086137705080055315 0.0010147071087823851 -0.00062708107006322219 -0.0038261270398156828 -0.0022042469337083428 0.001952887036893655
leaf_weight=8672.330158919096 1874.6557554006577 1484.28229367733 9208.5614401102066 10248.572932168841 1068.061476200819 222.98709104955196 833.84954409301281 3957.4207834750414 545.28371612727642 4340.6310984045267 6450.6287414431572 283.90685601532459 3950.3804486840963 753.07722172141075
leaf_count=34717 7522 5948 36917 41048 4279 896 3342 15863 2191 17387 25834 1137 15822 3016
internal_value=9.132e-06 -0.000490671 0.00178002 -0.000146087 0.00110083 0.00406155 0.00167972 0.00215645 0.00687378 -0.000498481 3.39604e-05 -0.000875148 -0.00167848 0.000328242
internal_weight=53894.6 42043.1 11851.5 33370.8 7343.61 2642.93 5859.33 5025.48 768.271 26027.2 10791.3 15235.9 4987.36 1036.98
internal_count=215919 168393 47526 133676 29432 10609 23484 20142 3087 104244 43221 61023 19975 4153
is_linear=0
shrinkage=0.02


Tree=14
num_leaves=15
num_cat=0
split_feature=2 4 2 34 33 20 12 31 25 32 20 32 31 20
split_gain=152.604 86.1566 45.1326 31.8018 25.7194 24.9769 16.8227 15.687 14.7893 17.757 15.6342 14.695 13.4714 12.92
threshold=0.070678327232599272 1.0000000180025095e-35 0.033031640574336059 -0.12000000104308127 -0.13666667044162747 0.00014066529547562825 0.00050895847380161296 -0.2361439764499664 -0.22094833105802533 -0.0065407324582338324 4.8478717872058048e-05 0.0033406602451577787 -0.1927300617098808 6.2638508097734316e-05
decision_type=2 2 2 10 10 10 8 10 2 10 8 10 10 10
left_child=1 8 6 7 -2 -5 11 -4 -1 10 -10 12 -3 -11
right_child=4 2 3 5 -6 -7 -8 -9 9 13 -12 -13 -14 -15
leaf_value=-0.0039296473962449115 0.0055114768766424916 -0.0032262546972591879 -0.0028515019658363772 -6.7257534095489078e-05 0.0022727266339789744 0.0025364539644794136 0.0037015111877027112 0.0024117002234402096 -0.0036168285445573201 -0.0010374854360497292 -0.00011248217950316834 -0.0011155291239918202 3.1144478402092144e-05 -0.0034918504488961879
leaf_weight=1457.7997300475836 1776.7739142477512 509.93926346302032 221.25306336581707 10591.168528243899 2270.7077175378799 1691.7426812946796 356.19836743175983 4870.7594771832228 593.4785411208868 1322.7517857253551 3005.318227648735 10515.785473272204 12172.313839256763 2544.651676133275
leaf_count=5835 7142 2042 887 42439 9113 6780 1427 19533 2376 5295 12031 42110 48750 10186
internal_value=-1.04058e-05 -0.000314199 7.43536e-05 0.000847097 0.00371459 0.000294896 -0.0004959 0.00217275 -0.00209245 -0.00172419 -0.00070718 -0.000563483 -0.000104706 -0.00266205
internal_weight=53900.6 49853.2 40929.2 17374.9 4047.48 12282.9 23554.2 5092.01 8924 7466.2 3598.8 23198 12682.3 3867.4
internal_count=215946 199691 163968 69639 16255 49219 94329 20420 35723 29888 14407 92902 50792 15481
is_linear=0
shrinkage=0.02


Tree=15
num_leaves=15
num_cat=0
split_feature=2 2 34 34 0 20 27 0 27 30 27 36 12 2
split_gain=163.385 74.4576 21.7973 18.485 16.8288 16.7524 17.3213 17.1785 14.2192 12.8755 14.2167 19.4888 13.2257 11.6013
threshold=0.033031640574336059 0.070678327232599272 -0.13222222775220868 -0.27666667103767389 0.085296649485826506 0.00014066529547562825 -0.11709902435541152 0.083581853657960906 0.22788625955581668 -0.1068296581506729 -0.26977977156639094 4.4628946263385044e-13 0.00014061473484616729 0.018732932396233085
decision_type=2 2 8 10 2 10 2 2 2 2 2 2 10 2
left_child=9 2 -2 -3 -5 6 7 -4 -6 10 12 -12 13 -1
right_child=1 3 5 4 8 -7 -8 -9 -10 -11 11 -13 -14 -15
leaf_value=-0.0064320697692053135 0.0019044572375590081 0.007084305241784588 -0.0020586419430486951 0.0020320479480206255 0.005776981953857745 0.0021427612903418707 0.00047314518022771639 0.0023529274081958572 0.00011481401858255419 -0.0011607587380591592 0.0024807778282703937 -0.00036676167489997977 0.0001752166278942927 -0.00095739263565755464
leaf_weight=354.68646302819252 4766.7622482329607 563.6650322675705 2223.7331389039755 2134.6847897619009 1139.4713173359632 1744.4806017577648 8843.7210799753666 401.70305448770523 210.42340315878391 24346.847291976213 1159.370936691761 5183.7987354546785 504.14460252225399 277.65371592342854
leaf_count=1420 19117 2268 8910 8570 4579 6992 35436 1611 845 97485 4643 20760 2019 1112
internal_value=-2.16783e-05 0.00130176 0.000747987 0.00374559 0.00316818 0.000328548 4.93527e-05 -0.00137097 0.00490892 -0.000937936 -0.000211468 0.000159858 -0.00225091 -0.00413125
internal_weight=53855.1 22028.6 17980.4 4048.24 3484.58 13213.6 11469.2 2625.44 1349.89 31826.5 7479.65 6343.17 1136.48 632.34
internal_count=215767 88328 72066 16262 13994 52949 45957 10521 5424 127439 29954 25403 4551 2532
is_linear=0
shrinkage=0.02


Tree=16
num_leaves=15
num_cat=0
split_feature=2 2 4 34 31 2 32 34 29 34 20 14 25 0
split_gain=145.409 47.7178 35.859 27.101 19.5701 28.9453 22.6737 15.539 15.3595 20.301 22.1597 17.9094 17.1342 13.2328
threshold=0.04467704892158509 0.073833867907524123 1.0000000180025095e-35 -4.4408920985006257e-16 -0.050212485715746873 0.0074436687864363202 -0.13671251386404035 -0.27666667103767389 -0.30993221700191492 -0.15777777880430219 0.00014216658018995079 0.00028433343686629092 -0.086324363946914659 0.091419890522956862
decision_type=2 2 2 10 10 2 10 10 2 10 8 8 2 2
left_child=2 8 -1 7 5 -4 -6 -3 -2 -10 12 -12 -11 -7
right_child=1 3 4 -5 6 13 -8 -9 9 10 11 -13 -14 -15
leaf_value=-0.0017083142665419698 -0.0035207634129666267 0.0076488166551944171 -0.0022125130058176031 -0.0010154496580538951 0.0038538519831484287 0.00078695126181599199 -0.00069417847780565143 0.0037776215359006712 0.0029826461574236846 -0.00080856060990946391 0.00083311271174177988 0.0062988322720668836 0.0011687778115296683 0.0057487244558053529
leaf_weight=8716.4163324981928 258.55850194394588 516.0616992264986 1353.2287161648273 398.20859146118164 428.28020463883877 8227.0273267477751 20756.883486256003 2482.3785360902548 2129.5602367073298 2786.4576438218355 477.13214322924614 476.79314537346363 4656.1590786278248 201.476970911026
leaf_count=34889 1037 2078 5419 1598 1716 32955 83130 9975 8545 11170 1913 1912 18663 808
internal_value=4.46131e-05 0.00178144 -0.000576649 0.00384254 -0.000257216 0.000482051 -0.000598687 0.00449016 0.00112639 0.001247 0.000800754 0.00363825 0.000428295 0.000918887
internal_weight=53864.6 14181.3 39683.3 3396.65 30966.9 9781.73 21185.2 2998.44 10784.7 10526.1 8396.54 953.925 7442.62 8428.5
internal_count=215808 56891 158917 13651 124028 39182 84846 12053 43240 42203 33658 3825 29833 33763
is_linear=0
shrinkage=0.02


Tree=17
num_leaves=15
num_cat=0
split_feature=2 2 4 10 9 10 5 14 29 30 0 8 3 28
split_gain=135.235 61.4345 35.6969 21.7769 20.8828 15.0489 14.7069 16.6546 14.0536 25.6283 13.9225 13.7172 13.6864 12.9958
threshold=0.066369172185659422 0.024435764178633693 1.0000000180025095e-35 0.00019363874889677393 0.41666667163372045 0.00023954993230290714 0.0027315481565892701 6.5730364440241842e-05 -0.19802328199148175 -0.10322787612676619 0.090308312326669707 7.9066870966926231e-05 0.51482048630714428 0.18791586160659793
decision_type=2 2 2 8 2 8 8 8 2 2 2 10 2 2
left_child=1 5 -3 -4 10 6 8 -8 12 -10 -2 -9 -1 -7
right_child=4 2 3 -5 -6 13 7 11 9 -11 -12 -13 -14 -15
leaf_value=-0.0044875141517261375 0.0041999299448947057 -0.0027082551981274508 0.00031680407652271716 0.0020819915363830131 0.0025357941277136952 0.0012312747673992655 0.0032585951662336193 -0.002552550216182154 0.0011301803748518002 -0.0010572469554356897 0.010492742986631873 -0.00076670071651589462 0.0008137194420214886 -0.003903752716372309
leaf_weight=713.88948075473309 531.70947924256325 1390.8728048056364 19483.447209596634 3246.2066894024611 4339.4278641045094 1718.2161030322313 230.54275938868523 5607.1089652776718 2656.0922544896603 10765.017060413957 204.18523895740509 2510.5100171416998 257.72159706056118 202.76900111138821
leaf_count=2858 2137 5568 78075 13012 17432 6881 923 22448 10636 43097 822 10051 1032 812
internal_value=-1.44749e-05 -0.000338179 0.000379361 0.000570514 0.00308598 -0.00103971 -0.00118328 -0.00185073 -0.000794112 -0.000623309 0.00617739 -0.00200349 -0.0030933 0.000654609
internal_weight=53857.7 48782.4 24120.5 22729.7 5075.32 24661.9 22740.9 8348.16 14392.7 13421.1 735.895 8117.62 971.611 1920.99
internal_count=215784 195393 96655 91087 20391 98738 91045 33422 57623 53733 2959 32499 3890 7693
is_linear=0
shrinkage=0.02


Tree=18
num_leaves=15
num_cat=0
split_feature=3 3 3 34 1 3 1 27 1 31 35 31 8 18
split_gain=98.649 69.8084 49.1509 24.4528 32.6369 24.1667 34.5332 19.654 18.7387 15.6351 17.8599 15.5994 14.1585 13.221
threshold=0.56676754355430614 0.4390906840562821 0.51962208747863781 -0.13222222775220868 0.48833946883678442 0.47439362108707434 0.49988761544227606 -0.15777830779552457 0.58584019541740429 -0.046007711440324776 2.9816216769867902e-12 -0.1016608029603958 8.2941805885639055e-05 0.00026112480554729706
decision_type=2 2 2 8 2 2 2 2 2 10 2 10 10 10
left_child=1 -1 5 4 -4 6 9 -6 -2 -3 -11 -10 -5 -13
right_child=8 2 3 12 7 -7 -8 -9 11 10 -12 13 -14 -15
leaf_value=0.0026338852371291378 0.0024185588632034704 0.0020391600997659884 -0.0050870039127738787 -0.00045136370263411797 0.00068285713663088264 -0.0012048354919537063 -0.0047317759048685192 0.0035475572087854657 0.0027702019153816987 -0.00027691102785002661 0.0053265273083722333 0.011119371041235764 0.0010519855879855232 0.0044904021406748981
leaf_weight=3194.3335987478495 1595.493276193738 1643.2956278324127 237.79792580008507 7688.6383347064257 1734.7433439046144 22915.811982288957 563.87912483513355 2151.8252891898155 397.96458826959133 7311.0357576608658 214.82052007317543 282.82647714018822 3692.8073737770319 274.73128120601177
leaf_count=12828 6410 6585 952 30801 6956 91744 2257 8630 1601 29292 861 1139 14796 1105
internal_value=-2.86423e-05 -0.000219979 -0.000410305 0.000516425 0.00183176 -0.00085048 -1.54132e-05 0.00227896 0.0037945 0.000284298 -0.000103271 0.0059953 3.74005e-05 0.00812162
internal_weight=53900 51349 48154.7 15505.8 4124.37 32648.8 9733.03 3886.57 2551.02 9169.15 7525.86 955.522 11381.4 557.558
internal_count=215957 205702 192874 62135 16538 130739 38995 15586 10255 36738 30153 3845 45597 2244
is_linear=0
shrinkage=0.02


Tree=19
num_leaves=15
num_cat=0
split_feature=2 4 34 3 12 27 33 27 12 19 35 27 0 29
split_gain=118.721 51.3734 30.2535 26.9801 19.9348 19.7427 19.7095 16.8906 15.2697 14.6004 16.6787 13.4358 13.1456 13.0902
threshold=0.061451720073819167 1.0000000180025095e-35 -0.13222222775220868 0.53407379984855663 0.00029933077166788285 0.23729889094829562 -0.26000000536441797 0.21116895228624347 0.00055653305025771271 0.91666665673255932 6.5990664538731491e-13 -0.18534033745527265 0.096432235091924681 -0.20556426793336866
decision_type=2 2 10 2 8 2 10 2 8 2 2 2 2 2
left_child=1 5 3 4 13 7 12 -1 9 10 -4 -5 -2 -3
right_child=6 2 8 11 -6 -7 -8 -9 -10 -11 -12 -13 -14 -15
leaf_value=-0.0016435772668468665 0.0037001948174922223 -0.0020552452511112406 -0.00061052944884179572 0.00094720902768274744 0.0051529618028391426 -0.0053742936994424549 0.0019565587292733745 0.0039767044960394831 0.0034566263626020707 -0.00099842829903432876 0.00056379611645657895 0.0041803249290208134 0.0092582965497865349 0.00048597847196903853
leaf_weight=8152.0312838256359 982.40533550083637 967.69192081689835 10623.88106751442 860.11027760803699 301.82883551716805 545.73058505356312 5376.5422930121422 201.1353949457407 395.97512076795101 10613.4693569839 8848.9548032134771 1314.3663825839758 206.7304689437151 4507.6157927364111
leaf_count=32627 3953 3876 42548 3450 1210 2184 21592 805 1587 42510 35443 5275 834 18060
internal_value=-3.08247e-05 -0.000380736 -6.33623e-05 0.00103373 0.000315457 -0.00174824 0.00248522 -0.00149907 -0.00035004 -0.000402403 -7.68549e-05 0.00292176 0.00480362 3.10037e-05
internal_weight=53898.5 47332.8 38433.9 7951.61 5777.14 8898.9 6565.68 8353.17 30482.3 30086.3 19472.8 2174.48 1189.14 5475.31
internal_count=215954 189575 153959 31871 23146 35616 26379 33432 122088 120501 77991 8725 4787 21936
is_linear=0
shrinkage=0.02


Tree=20
num_leaves=15
num_cat=0
split_feature=0 3 4 3 18 12 3 33 16 24 25 3 5 19
split_gain=115.351 46.8638 44.2261 26.8502 20.74 19.1573 19.0392 15.9734 13.5586 12.4625 13.9811 12.454 14.79 16.96
threshold=0.059224139899015434 0.57740998268127453 1.0000000180025095e-35 0.40566599369049078 0.00024913724337238824 0.00050895847380161296 0.4390906840562821 -0.18333333730697629 0.00031270965700969105 0.47680233418941503 -0.22094833105802533 0.5314452350139619 0.0011904862476512792 0.91666665673255932
decision_type=2 2 2 2 10 8 2 10 10 2 2 2 8 2
left_child=2 3 9 -2 -3 6 8 -5 -4 10 -1 -8 -13 -14
right_child=1 4 5 7 -6 -7 11 -9 -10 -11 -12 12 13 -15
leaf_value=-0.0034102419986395617 0.0055488934155280114 0.0083248976089543639 0.0010922986007476253 0.0025016206319259941 0.0026110106103699976 0.003777095052487561 -0.00056609223414666281 0.00066767142241060226 0.0064527540047391151 -0.004625020073227998 -0.0012215799977643095 -0.0012618457807269054 0.0018086303471119157 -0.00099484441411713852
leaf_weight=1412.6723504513502 530.17285092175007 528.46556411683559 857.28224004805088 2345.2237504720688 522.98437568545341 454.79601608216763 24120.027325943112 9795.0745684504509 226.43004490435123 578.68389296531677 6617.0341757535934 1463.538543894887 3165.0675392895937 1169.3141386061907
leaf_count=5653 2134 2130 3442 9413 2106 1823 96590 39267 909 2316 26483 5868 12690 4686
internal_value=-1.62434e-05 0.00156504 -0.000558332 0.0012232 0.00558464 -0.000210262 -0.000271154 0.00102548 0.00230894 -0.0018268 -0.00161415 -0.000366092 0.000465017 0.00105122
internal_weight=53786.8 13721.9 40064.8 12670.5 1051.45 31456.5 31001.7 12140.3 1083.71 8608.39 8029.71 29917.9 5797.92 4334.38
internal_count=215510 55050 160460 50814 4236 126008 124185 48680 4351 34452 32136 119834 23244 17376
is_linear=0
shrinkage=0.02


Tree=21
num_leaves=15
num_cat=0
split_feature=2 2 4 36 0 1 31 20 8 4 36 14 16 1
split_gain=118.185 52.5679 24.6015 17.879 15.2756 14.4307 13.4577 13.3081 12.6649 13.1479 11.3161 11.1923 13.7482 11.7483
threshold=0.066369172185659422 0.02734616864472628 1.0000000180025095e-35 1.3341034548787491e-12 0.091419890522956862 0.58584019541740429 -0.1016608029603958 0.00015987540973583239 0.0001574560010340065 1.0000000180025095e-35 9.123664280671908e-13 0.00058887767954729508 0.00058696302585303794 0.50226989388465892
decision_type=2 2 2 2 2 2 10 8 8 2 2 8 10 2
left_child=1 8 -3 4 11 -2 10 -5 9 -1 -7 12 -4 -14
right_child=5 2 3 7 -6 6 -8 -9 -10 -11 -12 -13 13 -15
leaf_value=-0.0017296973731584838 0.0023343736250708057 -0.0025182459308981139 0.00011699525601041111 0.0013652294643096072 0.0025233649413759817 0.0051456771440078451 0.0070022712104237626 0.0052965782020229979 0.0008029481956529081 -0.0007274656229972734 -0.001247187712344561 0.0032382094667289486 -0.0066315705528345245 -0.00023417499428274977
leaf_weight=7361.9849752634764 4089.5605882704258 1068.5680483877659 14361.885451003909 3833.8915130794048 1098.4059646427631 213.2734315097332 570.30350445210934 362.87135578691959 1612.5114471912384 18234.336632072926 198.8304245620966 421.831189930439 207.12983068823814 235.29540856182575
leaf_count=29462 16437 4277 57553 15372 4407 858 2298 1455 6457 73009 801 1691 830 943
internal_value=-2.16267e-05 -0.000324048 0.000412661 0.00056758 0.000267336 0.00287789 0.00504874 0.00172866 -0.000908492 -0.00101685 0.00214631 0.000101491 7.86553e-06 -0.00338652
internal_weight=53870.7 48798.7 21589.9 20521.3 16324.5 5071.97 982.407 4196.76 27208.8 25596.3 412.104 15226.1 14804.3 442.425
internal_count=215850 195456 86528 82251 65424 20394 3957 16827 108928 102471 1659 61017 59326 1773
is_linear=0
shrinkage=0.02


Tree=22
num_leaves=15
num_cat=0
split_feature=2 4 2 20 33 1 15 20 33 1 18 37 33 0
split_gain=135.161 48.7808 32.3372 20.9447 18.5903 18.1883 14.922 13.444 13.4452 20.1816 13.4167 13.0699 12.9196 12.7269
threshold=0.070678327232599272 1.0000000180025095e-35 0.032758157700300224 0.00015532915131188932 -0.18333333730697629 0.58584019541740429 0.91666665673255932 3.3761803933884955e-05 -0.13666667044162747 0.56705585122108471 0.00059905732632614683 -0.1503840237855911 -0.18333333730697629 0.087188847362995162
decision_type=2 2 2 8 10 2 2 8 10 2 8 2 10 2
left_child=1 12 -3 4 -4 7 10 -2 9 -9 -6 -8 -1 -5
right_child=5 2 3 13 6 -7 11 8 -10 -11 -12 -13 -14 -15
leaf_value=-0.0032429090351294965 -0.0012654932030623568 -0.00049928796149342682 0.001767462627120077 0.0021135304451450777 0.00082073159467407908 0.0061840608618861917 -0.0029121511418485377 0.0062853783567967548 0.0020524465306277369 0.00017734010324126407 -0.0015816719951732845 -0.00025925190011646081 -0.001275399284581142 0.0073873976624745886
leaf_weight=1632.5182025879622 286.82972790300846 23329.377998813987 3321.0260719954967 1107.9619615525007 7942.0104267597198 798.86628265678883 979.62382903695107 896.4741425216198 1765.3911136686802 284.803466334939 1034.1049786806107 2909.8162371516228 7320.5523362755775 207.90910682082176
leaf_count=6533 1154 93417 13327 4442 31833 3221 3926 3610 7092 1147 4145 11662 29296 835
internal_value=-1.95978e-05 -0.000305383 -1.19573e-05 0.000637444 0.000438214 0.0034929 9.28799e-05 0.00279409 0.00319512 0.00484021 0.000541059 -0.000938911 -0.00164059 0.00304493
internal_weight=53817.3 49784.9 40831.8 17502.5 16186.6 4032.36 12865.6 3233.5 2946.67 1181.28 8976.12 3889.44 8953.07 1315.87
internal_count=215640 199416 163587 70170 64893 16224 51566 13003 11849 4757 35978 15588 35829 5277
is_linear=0
shrinkage=0.02


Tree=23
num_leaves=15
num_cat=0
split_feature=2 2 1 18 10 31 25 36 31 5 30 32 36 36
split_gain=126.706 53.8394 20.8008 18.3031 16.3611 17.9608 15.9726 15.7012 14.6069 13.8618 12.4886 12.2104 12.0349 11.6965
threshold=0.070678327232599272 0.019626244902610782 0.59725773334503185 0.00025810164515860384 0.00019363874889677393 -0.042748358100652688 0.06084056198596955 3.237271670349096e-12 -0.25496472418308253 0.0083050956018269079 0.080335423350334181 -0.14372567087411878 5.6191539594095684e-13 6.2743457348093955e-13
decision_type=2 2 2 8 8 10 2 2 10 8 2 10 2 2
left_child=1 9 4 6 5 8 -2 11 -3 -1 -6 -7 -11 -10
right_child=3 2 -4 -5 10 7 -8 -9 13 12 -12 -13 -14 -15
leaf_value=-0.00094754148477402592 0.0063742185621709115 -0.0042484007875952809 0.00390583979523166 0.0020942741120376185 0.0006547905343534902 0.0032556169768499124 0.0026161519285142288 0.0046831550244420851 8.4017142580152646e-05 -0.00057141627530219938 0.0030608755362630368 -0.00055122806471061974 -0.0058616057501089357 0.0015326331758160345
leaf_weight=19460.544257000089 1116.0254269242287 211.08548192679882 602.55829764902592 2094.7945259958506 2919.1564987897873 324.93117369711399 826.11224409937859 220.4648953974247 4225.7144049555063 291.27373440563679 1214.5187118500471 15275.551793456078 417.42259846627712 4705.3479359894991
leaf_count=77901 4496 846 2419 8427 11701 1303 3324 884 16932 1166 4868 61200 1671 18860
internal_value=2.32378e-05 -0.000253178 0.000288358 0.00342224 0.000210813 1.741e-05 0.00481864 -0.00039027 0.000722232 -0.00105009 0.00137306 -0.000467871 -0.0037627 0.000848943
internal_weight=53905.5 49868.6 29699.3 4036.93 29096.8 24963.1 1942.14 15820.9 9142.15 20169.2 4133.68 15600.5 708.696 8931.06
internal_count=215998 199751 119013 16247 116594 100025 7820 63387 36638 80738 16569 62503 2837 35792
is_linear=0
shrinkage=0.02


Tree=24
num_leaves=15
num_cat=0
split_feature=3 3 4 3 34 25 5 10 18 33 13 27 36 30
split_gain=78.6613 64.2782 47.2005 26.799 27.0029 22.6883 20.5015 20.4883 17.0857 16.3358 15.4485 14.3939 12.9857 21.8273
threshold=0.56676754355430614 0.4390906840562821 1.0000000180025095e-35 0.527519851922989 -0.12000000104308127 -0.22456870973110196 0.0026646935148164634 0.00018964760965900498 0.00025220826501026755 -0.13666667044162747 0.75000000000000011 0.24236784875392917 6.3069186917279206e-13 -0.032919451594352715
decision_type=2 2 2 2 8 2 10 8 10 10 2 2 2 2
left_child=1 9 5 7 6 -3 12 -4 -2 -1 -9 -7 13 -5
right_child=8 2 3 4 -6 11 -8 10 -10 -11 -12 -13 -14 -15
leaf_value=0.0047350217560833529 0.005243697488435459 -0.0038977416289296225 -0.00055222692136524935 -0.00035608399970944623 0.00016863692128972504 -0.00090998835779602027 -0.00039958515334405538 -0.00052658290179767673 0.0019238481608541897 0.0016396453217660634 0.0019333991546999494 -0.0043161803267121896 0.0041818924123712018 0.0067623656756740612
leaf_weight=1000.3082241863012 1170.480926990509 1428.6164962649345 23807.191031098366 760.3548354357481 7775.6409555524588 6966.8210680037737 861.72089497745037 1685.0878432393074 1373.016480833292 2173.8919251710176 2544.4033021330833 516.85568262636662 1700.002164170146 202.11542858183384
leaf_count=4028 4716 5716 95337 3050 31160 27880 3458 6751 5524 8731 10193 2068 6823 811
internal_value=6.13282e-05 -0.000109083 -0.00029087 7.15147e-06 0.000828575 -0.00160333 0.00227547 -0.000324268 0.00348059 0.00263865 0.000955443 -0.00115611 0.00313778 0.001246
internal_weight=53966.5 51423 48248.8 39336.5 11299.8 8912.29 3524.19 28036.7 2543.5 3174.2 4229.49 7483.68 2662.47 962.47
internal_count=216246 206006 193247 157583 45302 35664 14142 112281 10240 12759 16944 29948 10684 3861
is_linear=0
shrinkage=0.02


Tree=25
num_leaves=15
num_cat=0
split_feature=2 4 2 9 27 26 31 2 8 29 31 2 33 5
split_gain=108.66 36.2847 25.8437 25.5196 15.2108 14.4903 13.7436 18.6686 13.4027 13.4722 12.2769 16.8861 11.5253 16.4536
threshold=0.061451720073819167 1.0000000180025095e-35 0.033031640574336059 0.58333334326744091 -0.27561022341251368 -0.31694689393043513 0.086690936237573638 0.083616543561220183 9.1333855380071341e-05 -0.20973551273345944 -0.058841954916715615 0.0098886820487678068 -0.18333333730697629 0.00094444295973517012
decision_type=2 2 2 2 2 2 10 2 10 2 10 2 10 8
left_child=1 4 5 6 -1 8 7 -2 9 -3 11 -7 -4 -14
right_child=3 2 12 -5 -6 10 -8 -9 -10 -11 -12 -13 13 -15
leaf_value=-0.0053883909931575699 0.0033256109697150349 -0.0031086020881672888 0.0017584452013856156 0.0014451616137454741 -0.0013055146710851601 -0.0017041380873566076 0.0012472728360088724 0.0076295999006422534 0.0036841422900781881 0.0010617752222355881 -0.00092004880062920402 0.00085451436663318487 -0.0017478316009418204 0.0005848039683244309
leaf_weight=364.19575695693493 1219.6185123920441 375.84589025378227 2726.6013283729553 4125.0944545716047 8505.1319729983807 1374.9956882596016 563.40760849416256 634.61745639145374 549.46639585494995 1406.8325037658215 15904.604646533728 3943.6516593843699 1344.0914776623249 10686.906699612737
leaf_count=1457 4904 1505 10941 16583 34034 5505 2267 2562 2201 5634 63680 15794 5386 42831
internal_value=1.54108e-06 -0.000333715 -6.6581e-05 0.00241286 -0.00148491 -0.000477584 0.00403858 0.00486436 0.00101288 0.000157792 -0.000642165 0.000189136 0.000589202 0.000321736
internal_weight=53725.1 47182.3 38313 6542.74 8869.33 23555.4 2417.64 1854.24 2332.14 1782.68 21223.3 5318.65 14757.6 12031
internal_count=215284 188968 153477 26316 35491 94319 9733 7466 9340 7139 84979 21299 59158 48217
is_linear=0
shrinkage=0.02


Tree=26
num_leaves=15
num_cat=0
split_feature=3 3 3 9 18 3 18 35 34 30 12 20 33 28
split_gain=55.5472 49.7148 30.4648 23.2568 18.9553 18.0515 19.8626 16.3255 14.042 13.6006 14.795 13.3005 11.6209 11.5185
threshold=0.56676754355430614 0.42546963691711431 0.5314452350139619 0.91666665673255932 0.00024764156842138624 0.46124781668186193 0.00019637532386695969 1.6384283795141399e-12 -1.3877787807814454e-16 -0.10870338976383208 0.00037042512849438941 0.00015532915131188932 -0.18333333730697629 0.062677476555109038
decision_type=2 2 2 2 10 2 10 2 10 2 10 10 10 2
left_child=1 8 5 7 -2 6 -3 -4 -1 10 -7 12 -8 -13
right_child=4 2 3 -5 -6 9 11 -9 -10 -11 -12 13 -14 -15
leaf_value=0.0040275752750121799 0.0047341787353786637 -0.0015746694424535852 0.00078719205915676611 -0.0010449475578053807 0.0012502471927920394 -0.00016501570255534112 0.0031407614003971193 0.0032217126623178809 -0.00055001443887058954 -0.00095444097770769581 0.0043282429335052977 0.00061773704928665899 0.0002610363492321048 0.0068795128591480348
leaf_weight=1378.4265283048153 1137.8970478326082 1494.3182796090841 6463.4516252726316 2384.9930267184973 1400.0896689593792 7063.8093810677528 640.77571713924408 1314.472369402647 326.11262801289558 25723.586657077074 285.77761653065681 212.13173173367977 3725.9203137308359 255.97746033966541
leaf_count=5552 4588 5992 25915 9560 5635 28284 2572 5274 1310 102979 1145 851 14936 1027
internal_value=-3.93222e-05 -0.000182761 -0.000298792 0.000676615 0.00283706 -0.000550592 0.000426924 0.00120583 0.00315557 -0.000737802 2.097e-05 0.00104951 0.000696005 0.00418346
internal_weight=53807.7 51269.8 49565.2 10162.9 2537.99 39402.3 6329.12 7777.92 1704.54 33073.2 7349.59 4834.81 4366.7 468.109
internal_count=215620 205397 198535 40749 10223 157786 25378 31189 6862 132408 29429 19386 17508 1878
is_linear=0
shrinkage=0.02


Tree=27
num_leaves=15
num_cat=0
split_feature=2 4 34 29 33 18 34 26 23 18 18 5 20 33
split_gain=93.576 39.4323 32.5388 25.943 23.3014 20.4402 18.1904 17.0761 14.451 13.6532 13.2097 13.0038 13.5442 12.7179
threshold=0.066369172185659422 1.0000000180025095e-35 -0.076666668057441698 -0.20973551273345944 -0.26000000536441797 0.00022635493951383981 0.026666667312383655 -0.1593418940901756 -0.13776537775993344 0.00021220963390078398 0.00024913724337238824 0.00097683217609301231 7.0611135015496998e-05 -0.18333333730697629
decision_type=2 2 10 2 10 10 10 2 2 8 10 10 10 10
left_child=1 13 3 9 -2 -4 -7 8 -5 -3 -6 -8 -13 -1
right_child=4 2 5 7 10 6 11 -9 -10 -11 -12 12 -14 -15
leaf_value=-0.0030797907017119487 0.0053125973733855452 -0.0032780827825256388 -0.0015760297856490199 0.0012584512319685141 0.0032285484389440282 -0.00051124161993653489 -0.0027307140527190721 0.00052858743427053724 0.0036950260012370527 -0.00016067938572620033 0.00091109561948363919 0.0046284348638762794 0.00087066714318195771 -0.001127056196762764
leaf_weight=1629.2557677924633 979.58201833069324 791.25639843940735 5290.6220211982727 3047.5010987222195 1684.3046409189701 14551.655978709459 333.60990029573441 8547.7593921124935 1436.8946124613285 1836.0479552298784 2382.2429169267416 411.75982540845871 3618.4055652171373 7291.850803270936
leaf_count=6519 3956 3171 21187 12216 6781 58283 1336 34255 5760 7359 9580 1649 14493 29178
internal_value=-2.08476e-05 -0.000289391 -2.01565e-05 0.000689742 0.00256635 -0.000479597 -0.000171585 0.00105518 0.00205212 -0.00111721 0.00188205 0.000958216 0.00127556 -0.00148977
internal_weight=53832.7 48786.6 39865.5 15659.5 5046.13 24206.1 18915.4 13032.2 4484.4 2627.3 4066.55 4363.78 4030.17 8921.11
internal_count=215723 195406 159709 62761 20317 96948 75761 52231 17976 10530 16361 17478 16142 35697
is_linear=0
shrinkage=0.02


Tree=28
num_leaves=15
num_cat=0
split_feature=2 2 2 30 30 31 0 14 3 20 20 0 30 14
split_gain=108.459 44.4474 18.2981 16.4045 16.279 19.548 14.5868 14.1965 12.2189 22.2145 21.5818 14.8016 14.332 13.7429
threshold=0.066369172185659422 0.02734616864472628 0.097167816013097777 0.094869066029787077 -0.075523559004068361 -0.18194096535444257 0.092629835009574904 0.00058887767954729508 0.53354194760322582 8.4625811723526581e-05 9.2793798103230088e-05 0.081188820302486434 -0.1918162405490875 0.00020602242148015651
decision_type=2 2 2 2 2 10 2 8 2 10 10 2 2 10
left_child=1 4 3 6 5 -1 -2 8 11 -10 13 -3 -12 -11
right_child=2 7 -4 -5 -6 -7 -8 -9 9 10 12 -13 -14 -15
leaf_value=-0.0034373577518799405 0.0022810732842309159 -0.00026988991900446123 0.0055361063193318464 0.00033999668961145888 -0.0010816712784212329 0.00025002773484679409 0.0055844332247015106 0.0033139173553853513 0.0017840195646545492 -0.0057232486433346861 -0.0023803461145219598 0.0022121662407605823 0.001105788199336805 -6.8286789867439077e-05
leaf_weight=600.88492426276207 2301.9422779679298 10929.652204707265 835.58975555002689 1228.0956750959158 18846.24916729331 7774.4639851003885 704.23156142234802 655.19216588139534 5119.5286575853825 394.88224969804287 555.83358101546764 1033.5265517234802 2600.4332409799099 294.35033170878887
leaf_count=2405 9263 43790 3375 4939 75435 31126 2840 2628 20533 1583 2229 4146 10424 1180
internal_value=7.09237e-05 -0.00021873 0.00284918 0.00229541 -0.000755919 -2.20803e-05 0.00308672 0.000458861 0.0003664 0.000923763 -0.000224804 -5.21251e-05 0.000480741 -0.00337822
internal_weight=53874.9 48805 5069.86 4234.27 27221.6 8375.35 3006.17 21583.4 20928.2 8965.03 3845.5 11963.2 3156.27 689.233
internal_count=215896 195479 20417 17042 108966 33531 12103 86513 83885 35949 15416 47936 12653 2763
is_linear=0
shrinkage=0.02


Tree=29
num_leaves=15
num_cat=0
split_feature=0 0 8 13 35 16 1 33 8 10 29 10 20 20
split_gain=79.7411 20.227 15.1877 14.1057 20.6604 18.6622 14.5732 13.1333 15.6932 12.074 11.5589 13.7636 13.1375 11.5502
threshold=0.063240546733140959 0.091419890522956862 0.00015396647359011697 0.91666665673255932 6.4124096657569584e-13 0.00023333495482802394 0.57352665066719066 -0.18333333730697629 3.8646112443530008e-05 0.00017404529353370893 -0.053848929703235619 0.00010232760541839526 6.3247513025999083e-05 0.00011193597674719059
decision_type=2 2 8 2 2 10 2 10 10 10 2 10 8 10
left_child=2 3 -1 4 5 -2 -5 8 -3 -9 11 -6 -12 -7
right_child=1 7 -4 6 10 13 -8 9 -10 -11 12 -13 -14 -15
leaf_value=-0.00044893761561013898 0.0017509441481718549 0.00056574852605464226 0.0011203026128110752 0.00082627009018351565 0.0018299984569587994 -0.0027426142613672776 -0.0023383252222815001 0.0012055138165588013 0.0070899307852657469 0.0044538436746424407 0.0035423498744007603 0.0057399636649618155 0.000282935590057222 0.0014100898696455034
leaf_weight=39347.402976006269 1459.2213484495878 209.30001457035542 2613.1004243791103 1752.5763328224421 722.20953170955181 900.22988247871399 846.87243685126305 1626.1812366843224 510.89237026870251 630.68426641821861 789.66909880936146 756.8209989964962 1281.2619214504957 363.38839337229729
leaf_count=157589 5855 845 10470 7026 2902 3610 3397 6536 2063 2534 3174 3040 5143 1457
internal_value=5.8527e-05 0.00150591 -0.000350726 0.00102312 0.00153513 0.000221234 -0.000214703 0.00292829 0.00526041 0.00214441 0.00253601 0.00388062 0.00154778 -0.00154503
internal_weight=53809.8 11849.3 41960.5 8872.25 6272.8 2722.84 2599.45 2977.06 720.192 2256.87 3549.96 1479.03 2070.93 1263.62
internal_count=215641 47582 168059 35604 25181 10922 10423 11978 2908 9070 14259 5942 8317 5067
is_linear=0
shrinkage=0.02


Tree=30
num_leaves=15
num_cat=0
split_feature=1 34 15 1 27 36 8 5 34 1 34 1 34 13
split_gain=48.7176 32.9964 30.6448 26.1612 17.6611 17.3037 15.801 16.5406 15.339 26.2054 22.9378 16.7826 14.2525 13.7884
threshold=0.56147757172584545 -0.12000000104308127 0.91666665673255932 0.41956017911434179 -0.30398096144199366 6.3069186917279206e-13 9.8393418738851337e-05 0.0032244798494502906 -0.097777780145406709 0.51526331901550304 -0.32000000774860377 0.4576586782932282 -0.29888889193534846 0.91666665673255932
decision_type=2 10 2 2 2 2 10 8 8 2 10 2 10 2
left_child=3 2 6 -1 5 -5 7 -2 9 10 -6 -12 -11 -3
right_child=1 13 -4 4 8 -7 -8 -9 -10 12 11 -13 -14 -15
leaf_value=0.0017951143072698769 0.0044446332005211708 0.0012351523904399785 -0.00046673747748494075 -0.0051819542944988263 0.003402707336160808 -0.00069895468923993065 0.0080958213315495443 -0.0006071837230038397 -0.00055061065932086102 -0.0019297974726932474 0.00074840819416558345 -0.0013767553942186637 0.0017410718180797553 -0.0010470560441161148
leaf_weight=2315.5758213847876 1379.0930726826191 3039.3743380457163 679.34712134301662 572.19240681827068 552.41310988366604 840.82143047451973 372.8408011496067 312.75030134618282 29934.55444046855 449.8315764516592 2083.0260452777147 5079.0105389505625 4544.5922339856625 1601.2252604961395
leaf_count=9305 5552 12197 2729 2292 2216 3370 1502 1259 119865 1805 8358 20342 18217 6421
internal_value=-2.74695e-05 0.00147903 0.00320922 -0.00026791 -0.000377106 -0.00256131 0.0044116 0.00351458 -0.000303565 0.00027828 -0.000452316 -0.000758304 0.00140407 0.000446569
internal_weight=53756.6 7384.63 2744.03 46372 44056.4 1413.01 2064.68 1691.84 42643.4 12708.9 7714.45 7162.04 4994.42 4640.6
internal_count=215430 29660 11042 185770 176465 5662 8313 6811 170803 50938 30916 28700 20022 18618
is_linear=0
shrinkage=0.02


Tree=31
num_leaves=15
num_cat=0
split_feature=2 2 34 34 0 8 34 1 14 18 27 16 5 35
split_gain=86.7876 34.2263 22.4067 17.5411 15.3223 14.9397 14.588 14.1072 13.2717 14.2806 17.0642 23.9536 15.2049 12.8472
threshold=0.061451720073819167 0.024435764178633693 -0.12000000104308127 -0.13222222775220868 0.091419890522956862 8.7928565335460021e-05 0.026666667312383655 0.55022817850112926 0.00052555053844116639 0.0004829056997550652 0.091528128832578673 0.0002307189424755052 0.0032010605791583662 3.241465798033139e-13
decision_type=2 2 10 8 2 8 10 2 10 10 2 10 10 2
left_child=1 13 5 7 6 -2 -5 -3 9 10 11 -8 -12 -1
right_child=2 3 -4 4 -6 -7 8 -9 -10 -11 12 -13 -14 -15
leaf_value=-0.0024580369702979213 0.0025440711150007895 0.00062197059463336458 0.0010210261603750418 -0.00043980973268336238 0.0025019939254860343 0.0057443052383560648 0.0085813005446067278 0.0028864958569465951 0.0057080944271969995 -0.0015112376455542168 0.0021288074432793567 0.00037901457289516978 -0.0024516038238695487 -0.00067238349996777262
leaf_weight=1717.8713293671608 2406.3939088284969 3876.3644262254238 3374.0168361067772 13676.116666793823 883.27855104207993 786.75850307941437 271.38791850209236 1525.6517380475998 215.01468485593796 771.32562597095966 722.49593967199326 282.35353226959705 455.86548534035683 22954.553913623095
leaf_count=6876 9703 15543 13561 54787 3545 3175 1087 6126 862 3090 2894 1131 1826 91880
internal_value=1.57407e-05 -0.000283362 0.00216672 0.000277356 -3.40506e-05 0.00336342 -0.000173565 0.00126981 0.0011593 0.000726472 0.00172883 0.00455795 0.000345469 -0.000798604
internal_weight=53919.4 47352.3 6567.17 22679.9 17277.8 3193.15 16394.6 5402.02 2718.44 2503.43 1732.1 553.741 1178.36 24672.4
internal_count=216086 189647 26439 90891 69222 12878 65677 21669 10890 10028 6938 2218 4720 98756
is_linear=0
shrinkage=0.02


Tree=32
num_leaves=15
num_cat=0
split_feature=2 2 34 32 5 35 13 25 5 1 10 18 18 3
split_gain=98.869 38.3901 22.2966 21.0088 17.6434 25.2087 15.7682 16.1969 13.9441 13.007 12.5852 12.1287 13.2812 11.7498
threshold=0.038621651008725173 0.078768830746412291 -9.1593399531575395e-16 -0.0065407324582338324 0.00094444295973517012 7.6746801188493096e-13 0.91666665673255932 -0.22094833105802533 0.00098875298863276861 0.57910209894180309 0.00018964760965900498 0.00051307299872860323 0.00024913724337238824 0.50105419754982006
decision_type=2 2 10 10 8 2 2 2 8 2 10 8 10 2
left_child=3 4 8 9 5 -2 -6 -8 -3 -1 11 12 -5 -12
right_child=1 2 -4 10 6 -7 7 -9 -10 -11 13 -13 -14 -15
leaf_value=-0.00020802824876790571 -0.0026086908271914823 0.0004311833960824241 -0.0016339951196293221 -0.0017794944298341669 0.0015051641226363319 0.0021063615733100142 -0.0023353147361630956 0.00074396441876752864 0.004826642477052061 0.0031025196769925317 -0.00087415035175086723 -0.0026691679842902032 -0.0004847226584968175 0.0018558787440662832
leaf_weight=17746.275356650352 1252.0152846127748 344.6380240470171 290.01063475012779 5776.1745663881302 9970.7140260487795 686.79176381230354 900.04521389305592 2635.0835100859404 1901.1625253111124 467.78102017939091 1595.9651354551315 2225.3806438297033 7037.8759067803621 1014.4435366690159
leaf_count=71054 5021 1392 1166 23122 40012 2756 3611 10567 7680 1876 6391 8908 28172 4062
internal_value=1.02898e-05 0.00121987 0.00349143 -0.000596479 0.000842879 -0.000934005 0.00109896 -4.87486e-05 0.00416188 -0.000119696 -0.00108781 -0.00131005 -0.00107023 0.000192824
internal_weight=53844.4 17980.5 2535.81 35863.9 15444.6 1938.81 13505.8 3535.13 2245.8 18214.1 17649.8 15039.4 12814.1 2610.41
internal_count=215790 72205 10238 143585 61967 7777 54190 14178 9072 72930 70655 60202 51294 10453
is_linear=0
shrinkage=0.02


Tree=33
num_leaves=15
num_cat=0
split_feature=2 4 2 1 20 20 29 19 23 13 1 32 5 1
split_gain=83.7488 39.2149 25.1494 19.8909 19.3446 17.7267 17.0155 16.3297 13.3377 13.2599 19.7067 27.4387 21.6242 12.0275
threshold=0.070678327232599272 1.0000000180025095e-35 0.02734616864472628 0.58584019541740429 0.00015532915131188932 0.00027394181233830755 -0.1810343116521835 0.91666665673255932 -0.15139184892177579 0.91666665673255932 0.56978797912597667 -0.030562004074454304 0.0020384268136695032 0.45554032921791082
decision_type=2 2 2 2 8 10 2 2 2 2 2 10 10 2
left_child=1 -1 -3 -2 7 -6 -5 9 -9 10 -4 12 -12 -11
right_child=3 2 4 6 5 -7 -8 8 -10 13 11 -13 -14 -15
leaf_value=-0.0014456435437367077 0.0020190264130472099 -0.00050490433441169834 0.00069023388101984741 0.00073741231209890987 0.0035459725172731133 -0.0015982494799198482 0.0072630112620644151 -0.0018324843289077861 0.00012494922415200353 0.0019597465041300234 0.0082424695243427902 -0.00054670061262868737 0.0019502474960936356 -0.0011660052629166443
leaf_weight=8901.149002790451 3217.0623087584972 19344.849469065666 9366.4313235580921 223.67745757102966 1343.3515447378159 321.02620999515057 586.28789216279984 2082.7150368839502 4115.1236048787832 607.21290996670723 457.34658686816692 492.3580097258091 432.60198491811752 2282.1489840298891
leaf_count=35615 12966 77444 37555 905 5388 1288 2373 8350 16494 2434 1837 1977 1737 9147
internal_value=-1.93645e-05 -0.000244353 1.80164e-05 0.00274742 0.000488545 0.00254656 0.00552212 0.000313472 -0.000536603 0.000700009 0.00102295 0.00323545 0.00529393 -0.000500158
internal_weight=53773.3 49746.3 40845.2 4027.03 21500.3 1664.38 809.965 19835.9 6197.84 13638.1 10748.7 1382.31 889.949 2889.36
internal_count=215510 199266 163651 16244 86207 6676 3278 79531 24844 54687 43106 5551 3574 11581
is_linear=0
shrinkage=0.02


Tree=34
num_leaves=15
num_cat=0
split_feature=0 34 12 5 27 26 20 26 34 20 18 12 18 12
split_gain=65.0352 39.0435 17.1568 16.7097 16.0106 17.5148 13.5204 13.2032 12.6964 10.2449 21.4163 16.0552 13.0122 10.1492
threshold=0.060081493109464652 -0.13222222775220868 0.00026706697826739406 0.0026646935148164634 -0.22617907077074048 -0.32823660969734186 7.9684377851663171e-05 -0.14483415335416791 -0.13222222775220868 0.00016234647773671898 0.00044973958574701106 0.00018418867693981158 0.0004829056997550652 0.00027735631738323724
decision_type=2 10 8 10 2 2 10 2 8 10 10 10 10 10
left_child=2 3 4 7 -1 6 -6 -2 -4 10 -3 -12 -11 -10
right_child=1 9 8 -5 5 -7 -8 -9 13 12 11 -13 -14 -15
leaf_value=-0.001996728637827707 0.004955470906897551 0.00090074528755554328 0.0033786859604615555 0.00055479616072361398 0.0023799872150828401 -0.00060645423638783908 -0.00086674675286769543 0.0022526481084327722 0.0032181449574459494 -0.00078582291789711805 -0.0029419619673868003 0.0001619668097378059 0.0044756713081873399 -8.7655763999870353e-05
leaf_weight=3038.2369323223829 1392.0886704027653 5801.353338778019 595.3475057631731 1017.624913007021 1423.6619629561901 30945.031255468726 782.75769618153572 1610.9994210600853 397.55865779519081 286.79088427126408 1209.0324861854315 1452.2551758140326 498.27496035397053 3358.0502643734217
leaf_count=12171 5607 23276 2388 4098 5705 123921 3135 6486 1592 1151 4849 5826 2001 13450
internal_value=-7.10846e-05 0.00114326 -0.000468891 0.00278349 -0.000611583 -0.000483511 0.00123072 0.00353004 0.000715341 0.000425649 0.000220008 -0.00125959 0.00258183 0.000277481
internal_weight=53809.1 13268.4 40540.6 4020.71 36189.7 33151.5 2206.42 3003.09 4350.96 9247.71 8462.64 2661.29 785.066 3755.61
internal_count=215656 53294 162362 16191 144932 132761 8840 12093 17430 37103 33951 10675 3152 15042
is_linear=0
shrinkage=0.02


Tree=35
num_leaves=15
num_cat=0
split_feature=0 3 34 33 3 31 5 9 37 8 33 35 9 4
split_gain=64.1486 32.3749 31.4937 24.5284 21.075 18.9867 16.375 15.0183 14.6013 14.1178 13.0466 12.1904 11.8667 11.2566
threshold=0.071864869445562377 0.5314452350139619 -0.13222222775220868 -0.13666667044162747 0.44566658139228826 -0.21410486847162244 0.0087129250168800371 0.91666665673255932 0.23605518788099292 0.00010470320921740496 -0.41666667163372034 1.4390318364004841e-12 0.91666665673255932 1.0000000180025095e-35
decision_type=2 2 8 10 2 10 10 2 2 10 8 2 2 2
left_child=1 4 5 9 8 -3 10 11 -1 12 -6 -4 -2 -12
right_child=3 2 7 -5 6 -7 -8 -9 -10 -11 13 -13 -14 -15
leaf_value=0.00012709102011513918 0.0029826059031626733 -0.0029988436817483493 -8.6278879660958814e-06 0.0008060606897394197 0.003621061029557956 0.002956063380860326 -0.0032593540972990793 -0.0018164663058477793 0.0034645216293413632 0.0062117686083998629 -0.0013738505494567267 0.002768291640652616 -0.0015087094825983283 -0.00051573196115798281
leaf_weight=1721.1681303828955 1770.6671916097403 217.67168965935707 3506.6707298755646 5722.3987275958061 259.19826450943947 2554.9159718602896 1003.1374298632145 1510.5778705477715 735.1168432533741 481.24440056085587 8071.5851407200098 751.42266184091568 258.44577080011368 25247.970628753304
leaf_count=6915 7139 874 14054 22978 1038 10269 4016 6053 2954 1941 32294 3014 1039 101093
internal_value=-8.81939e-05 -0.00038182 0.000726964 0.00153441 -0.000637767 0.00247042 -0.000765042 -0.000116633 0.00114583 0.00317519 -0.000688631 0.000492064 0.00240141 -0.000724309
internal_weight=53812.2 45579.4 8541.26 8232.76 37038.2 2772.59 34581.9 5768.67 2456.28 2510.36 33578.8 4258.09 2029.11 33319.6
internal_count=215671 182574 34264 33097 148310 11143 138441 23121 9869 10119 134425 17068 8178 133387
is_linear=0
shrinkage=0.02


Tree=36
num_leaves=15
num_cat=0
split_feature=2 4 34 31 3 36 10 34 3 14 19 31 0 0
split_gain=74.8637 40.8435 29.9533 26.1103 22.1479 25.8911 19.0385 17.0365 14.5405 14.3585 13.4913 12.5963 12.3931 11.8948
threshold=0.067144490778446211 1.0000000180025095e-35 -0.076666668057441698 -0.25496472418308253 0.5135507881641389 6.1234245213488702e-13 0.00018964760965900498 -0.26388889551162714 0.47677694261074072 0.00020017854694742712 0.91666665673255932 0.010814149864017965 0.0093752401880919951 0.06963983923196794
decision_type=2 2 10 8 2 2 10 10 2 10 2 10 2 2
left_child=1 8 3 -3 -5 11 10 -2 -1 13 -4 -6 -10 -9
right_child=7 2 6 4 5 -7 -8 9 12 -11 -12 -13 -14 -15
leaf_value=-0.0041499335514603355 0.0051743584029680361 -0.0052834128568917081 -0.00023125627240371183 9.3811940899674471e-05 -0.00040853406347569232 0.0025131026727002246 0.00085318316134156064 0.0011554243742245476 -2.8335327015382223e-05 0.00043324884950058469 -0.0013109715571968472 0.0030895375366253326 -0.0017023388040139503 0.0040038895414553546
leaf_weight=701.31399327516556 737.09806264936924 261.71658882498741 12794.564328297973 7603.0419009327888 2549.7700938433409 4828.8948160111904 4217.5775524973869 1015.0875795036554 2576.1365348398685 1651.8921481370926 7243.1998267620802 470.38129724562168 5630.8461357951164 1443.0970237106085
leaf_count=2806 2986 1049 51236 30460 10222 19374 16900 4086 10307 6654 29006 1886 22529 5824
internal_value=3.7531e-05 -0.000197941 7.5216e-05 0.000754915 0.000863886 0.00160769 -0.000365386 0.00240301 -0.00142095 0.00188335 -0.000622467 0.000153023 -0.00117822 0.00284646
internal_weight=53724.6 48877.4 39969.1 15713.8 15452.1 7849.05 24255.3 4847.17 8908.3 4110.08 20037.8 3020.15 8206.98 2458.18
internal_count=215325 195775 160133 62991 61942 31482 97142 19550 35642 16564 80242 12108 32836 9910
is_linear=0
shrinkage=0.02


Tree=37
num_leaves=15
num_cat=0
split_feature=2 2 3 37 8 14 13 12 17 27 14 35 21 25
split_gain=88.9307 28.2864 26.1691 14.6836 13.6082 13.291 12.0994 27.4193 11.0184 16.1892 12.5488 12.2346 11.0835 11.0099
threshold=0.04467704892158509 0.085550121963024153 0.51523590087890636 0.17546417564153674 6.3662399043096243e-05 0.00014766679669264707 0.91666665673255932 0.00030971340311225509 0.91666665673255932 0.2325413599610329 0.00023604943271493542 1.8144487648474874e-12 -0.25873671472072596 0.27620050311088568
decision_type=2 2 2 2 8 10 2 10 2 2 10 2 2 2
left_child=2 6 3 -1 5 -5 13 -8 9 11 -10 -4 -12 -2
right_child=1 -3 8 4 -6 -7 7 -9 10 -11 12 -13 -14 -15
leaf_value=-0.0011244366357571907 0.0011130757368443525 0.0037585771423437253 0.00054262528421207198 0.00034675617579333614 0.00086023551483637817 -0.0019398577386312151 -0.0006305878334239472 0.0061993365281966155 -0.0014618032231370219 -0.003571009675378386 0.0031555650383938102 0.0028427689557499383 -0.00053208466641894449 0.0032202849689156416
leaf_weight=19987.062890157104 8246.3132560104132 1693.430956825614 7158.4077414870262 1920.3119144290686 3344.1420645564795 2128.7041364312172 2851.7791642099619 236.08551205694675 2482.634505212307 327.03489224612713 519.36303798854351 1045.3418466597795 812.28274619579315 1117.9567415416241
leaf_count=80007 33126 6851 28676 7687 13388 8521 11443 948 9944 1310 2081 4190 3254 4490
internal_value=-1.35563e-05 0.00134709 -0.000498496 -0.000842989 -8.11275e-05 -0.00085902 0.00101364 -7.18657e-05 0.000265687 0.000664786 -0.000625726 0.000841916 0.000931568 0.00137097
internal_weight=53870.9 14145.6 39725.3 27380.2 7393.16 4049.02 12452.1 3087.86 12345.1 8530.78 3814.28 8203.75 1331.65 9364.27
internal_count=215916 56858 159058 109603 29596 16208 50007 12391 49455 34176 15279 32866 5335 37616
is_linear=0
shrinkage=0.02


Tree=38
num_leaves=15
num_cat=0
split_feature=0 4 1 36 9 13 24 5 27 27 5 31 32 3
split_gain=54.2882 28.3179 23.0583 20.7655 19.056 16.1955 14.6979 13.9587 13.8502 13.0476 13.8367 19.5033 12.8189 12.4914
threshold=0.063240546733140959 1.0000000180025095e-35 0.59278711676597606 6.152506347271992e-13 0.41666667163372045 0.91666665673255932 -0.35758374631404871 0.0010732219670899215 0.23729889094829562 0.076199792325496687 0.0028660439420491461 -0.10323719680309294 0.097650941461324706 0.47485879063606268
decision_type=2 2 2 2 2 2 2 10 2 2 10 10 10 2
left_child=1 8 3 7 6 9 -3 -2 13 10 -5 -12 -11 -1
right_child=2 4 -4 5 -6 -7 -8 -9 -10 12 11 -13 -14 -15
leaf_value=-0.003969768538724449 -0.0026565421986298739 0.0045778162845857276 0.0035605825257577477 0.0040558625758910869 -0.00015807459004218085 -0.00011462976457103881 0.00086128706332078619 0.00036622151808235562 -0.0043168341198133063 -0.0007669007549899713 -0.0031574809335557005 0.0028311070658967037 0.0028439726707731932 -0.0008640631000449776
leaf_weight=538.60380205512047 717.14698745310307 504.77915133535862 1497.5567919611931 1905.978423461318 30521.297961294651 1521.9509560316801 2333.2740947753191 3554.8427408784628 548.6847637295723 903.9122706502676 284.22038221359253 752.52886673808098 667.54415272176266 7596.0730281472206
leaf_count=2155 2878 2025 6040 7670 122266 6108 9353 14261 2195 3636 1143 3024 2685 30391
internal_value=5.96004e-05 -0.000277011 0.00125679 0.000915851 -1.1942e-05 0.00166907 0.00154972 -0.00015123 -0.00129297 0.00226829 0.00305058 0.00116067 0.000783438 -0.00107893
internal_weight=53848.4 42042.7 11805.7 10308.1 33359.4 6036.14 2838.05 4271.99 8683.36 4514.18 2942.73 1036.75 1571.46 8134.68
internal_count=215830 168385 47445 41405 133644 24266 11378 17139 34741 18158 11837 4167 6321 32546
is_linear=0
shrinkage=0.02


Tree=39
num_leaves=15
num_cat=0
split_feature=2 2 10 34 30 20 34 29 34 1 30 18 20 1
split_gain=77.0239 35.4225 27.0805 16.544 13.6592 12.8211 15.5719 11.8502 14.7174 21.0706 15.5215 11.1464 14.3622 16.25
threshold=0.077433113008737578 0.022112675942480568 0.00019363874889677393 -8.0491169285323839e-16 0.15681499242782596 3.3007851016009233e-05 -0.27666667103767389 -0.2231982350349426 -0.13222222775220868 0.52397674322128307 0.21462242305278781 0.00030248648545239126 0.0001366257783956826 0.49175745248794561
decision_type=2 2 10 10 2 8 8 2 10 2 2 8 10 2
left_child=1 11 7 5 -4 -2 -7 -3 9 10 -9 12 13 -1
right_child=3 2 4 -5 -6 6 -8 8 -10 -11 -12 -13 -14 -15
leaf_value=-0.0020791908635404773 -0.00071458798147605465 -0.0016116348126226773 0.0012386405488218509 -0.0011308580823269137 0.0044432851423566802 0.0080613958693671536 0.0034188330614051644 0.00047519132464000859 -0.00017389049187470934 0.0024226059546424042 -0.0036881892115625415 -0.00038919900034331165 -0.0042634609143513552 -0.00045563439658268153
leaf_weight=4079.4193663448095 228.0174917280674 1705.4371780604124 3485.1008987575769 304.78875952959061 615.38098713755608 344.16304294764996 1867.5948866307735 2585.6803076267242 17478.756006613374 2368.8713817745447 395.27745255827904 11609.858214780688 591.95585376024246 6226.5521154999733
leaf_count=16326 923 6842 13981 1226 2469 1399 7550 10371 70038 9523 1586 46467 2369 24920
internal_value=-5.24148e-05 -0.000228098 0.00023853 0.00319924 0.00173881 0.00374498 0.00420701 -1.34305e-05 0.000107271 0.0010231 -9.77772e-05 -0.00082143 -0.00128034 -0.00110107
internal_weight=53886.9 51142.3 28634.5 2744.56 4100.48 2439.78 2211.76 24534 22828.6 5349.83 2980.96 22507.8 10897.9 10306
internal_count=215990 204892 114810 11098 16450 9872 8949 98360 91518 21480 11957 90082 43615 41246
is_linear=0
shrinkage=0.02


Tree=40
num_leaves=15
num_cat=0
split_feature=2 2 33 31 12 5 5 20 20 20 5 0 25 30
split_gain=68.4483 29.1483 16.1388 22.4491 15.3059 14.5973 13.4254 12.8291 12.3836 15.3334 22.9882 11.7289 11.7213 11.0462
threshold=0.062100881710648544 0.019626244902610782 -0.23000000417232511 -0.17293942719697949 0.00029933077166788285 0.0027315481565892701 0.0025251416955143218 3.5722239772439941e-05 0.00027394181233830755 0.00016234647773671898 0.0042508530896157035 0.028372776694595817 -0.13781012594699857 -0.10322787612676619
decision_type=2 2 10 10 8 8 10 10 10 8 8 2 2 2
left_child=1 5 3 -2 8 6 13 -5 9 -3 -11 -6 -7 -1
right_child=2 4 -4 7 11 12 -8 -9 -10 10 -12 -13 -14 -15
leaf_value=0.00051305314139031891 -0.0021409767777145678 -8.6330874927427093e-06 0.0014075394022181114 0.00050129183561510538 -0.00067617058677391074 -0.0028275049327025265 0.0020909931077881458 0.0056450221147895056 -0.0044641067000980531 -0.00098697302320903423 0.0047660753804549963 0.0025645512349367445 -0.0010242797568899814 -0.00090291532728364139
leaf_weight=2909.3011688143015 209.92282393574715 23689.513140305877 4774.1199675053358 240.55469067394733 589.24847701191902 1945.4692841172218 800.81141260266304 1078.6361979693174 220.09231162071228 467.26147264242172 644.76877419650555 1738.3444816917181 5591.5871464908123 8927.6973301768303
leaf_count=11646 849 94924 19224 973 2361 7786 3205 4368 882 1873 2584 6973 22377 35728
internal_value=3.58684e-05 -0.000224143 0.00199077 0.00377001 0.000201261 -0.000800452 -0.000383938 0.00472856 5.63438e-05 0.000100024 0.00237399 0.00174537 -0.00149598 -0.00055462
internal_weight=53827.3 47524.1 6303.23 1529.11 27349.2 20174.9 12637.8 1319.19 25021.6 24801.5 1112.03 2327.59 7537.06 11837
internal_count=215753 190339 25414 6190 109597 80742 50579 5341 100263 99381 4457 9334 30163 47374
is_linear=0
shrinkage=0.02


Tree=41
num_leaves=15
num_cat=0
split_feature=2 33 4 31 0 34 3 29 31 10 24 23 22 35
split_gain=66.4113 24.7794 21.4399 18.0679 19.5852 17.7703 20.6982 25.9483 18.2681 14.8747 13.8255 13.1525 12.8852 13.3049
threshold=0.053288420662283904 -0.18333333730697629 1.0000000180025095e-35 -0.14597114920616147 0.055238869041204459 -0.076666668057441698 0.51482048630714428 -0.19444309175014493 0.10531461238861085 0.00018964760965900498 0.47680233418941503 -0.14802583307027814 0.89612564444541942 1.0413050630098122e-12
decision_type=2 10 2 10 2 10 2 2 10 10 2 2 2 2
left_child=2 3 -1 -2 -5 6 7 -4 -9 11 -11 -7 13 -8
right_child=1 -3 5 4 -6 9 12 8 -10 10 -12 -13 -14 -15
leaf_value=-0.001234262610056523 -0.00036517798689134361 0.00082547906419371073 -0.0033455619248013058 0.0011961379961056011 0.0051408414323901577 -0.0016250062433910174 0.00084624849047328869 0.00064430638825738976 -0.0023878254593855085 0.00033780515521734424 0.0053023590460885327 -0.00040111609189268072 -0.0024045134364754591 0.0028925019923768981
leaf_weight=8876.3503648042679 501.25985543429852 6952.142181918025 944.30567269027233 776.84206169843674 1493.2469359189272 4741.5706517547369 3969.2035262584686 5205.2086719870567 917.48494189977646 3593.5182210057974 219.6214057803154 13467.57270437479 339.48124919831753 1868.7818695157766
leaf_count=35512 2023 27948 3781 3128 6044 18985 15913 20848 3675 14398 880 53921 1362 7498
internal_value=-2.71431e-05 0.00146739 -0.000356862 0.00306022 0.00381317 -0.000135454 0.000443043 -0.000296043 0.000183647 -0.000483454 0.000649917 -0.000721244 0.00128678 0.00150891
internal_weight=53866.6 9723.49 44143.1 2771.35 2270.09 35266.7 13244.5 7067 6122.69 22022.3 3813.14 18209.1 6177.47 5837.99
internal_count=215916 39143 176773 11195 9172 141261 53077 28304 24523 88184 15278 72906 24773 23411
is_linear=0
shrinkage=0.02


Tree=42
num_leaves=15
num_cat=0
split_feature=2 4 34 31 0 34 20 31 0 34 34 29 31 16
split_gain=67.7802 32.9752 24.414 25.4408 18.0983 17.759 16.9499 18.0616 15.9417 17.5045 15.8617 15.7908 15.3965 14.4142
threshold=0.066369172185659422 1.0000000180025095e-35 -0.076666668057441698 -0.19902562350034711 0.0093752401880919951 -0.31722222268581385 0.00011193597674719059 -0.047032555565237992 0.015130868181586267 -0.25444445013999933 0.026666667312383655 0.13652865588665011 0.18490465730428698 0.00018295757763553413
decision_type=2 2 10 8 2 10 8 10 2 8 10 2 10 8
left_child=1 4 3 -3 -1 -2 10 -8 9 -5 12 -10 -4 -13
right_child=5 2 6 8 -6 -7 7 -9 11 -11 -12 13 -14 -15
leaf_value=-2.6660217369182857e-05 0.0063177237753911262 -0.0026336120688589927 -0.0011576322804109547 0.003438320066464226 -0.0019490013152554228 0.0018536088093892859 0.0018867617468364224 -0.00021900883406071516 0.001352782903197485 -0.0013993680651214892 0.00053897543257662331 -0.0029769700996348418 0.0034238338502470857 0.0013240599301941579
leaf_weight=2903.7121850252151 371.48223873972893 878.39371298253536 12795.357052028179 332.11428138613701 6004.9518366903067 4670.0243235379457 2245.9735720604658 5786.3824945837259 11220.035460501909 1987.8054091632366 3077.186967343092 665.0802897810936 281.3912932574749 555.64012169837952
leaf_count=11617 1509 3521 51238 1331 24024 18845 8998 23177 44991 7961 12323 2666 1127 2228
internal_value=3.32116e-06 -0.000225378 2.08933e-05 0.000636248 -0.00132389 0.00220621 -0.000377197 0.000373022 0.000834134 -0.000683347 -0.000750235 0.00111775 -0.00105397 -0.00102947
internal_weight=53775.5 48734 39825.4 15639.1 8908.66 5041.51 24186.3 8032.36 14760.7 2319.92 16153.9 12440.8 13076.7 1220.72
internal_count=215556 195202 159561 62698 35641 20354 96863 32175 59177 9292 64688 49885 52365 4894
is_linear=0
shrinkage=0.02


Tree=43
num_leaves=15
num_cat=0
split_feature=2 2 33 31 31 27 0 31 2 10 25 3 4 35
split_gain=66.5417 28.2236 15.6231 14.4178 13.3329 15.5275 14.693 14.4502 11.6466 10.471 12.6462 10.6981 11.5502 13.7835
threshold=0.066369172185659422 0.022571832872927192 -0.13666667044162747 -0.25496472418308253 -0.049118962138891213 -0.075294464826583848 0.098060984164476409 -0.17293942719697949 0.077433113008737578 0.00019363874889677393 0.26199640333652502 0.53407379984855663 1.0000000180025095e-35 2.9816216769867902e-12
decision_type=2 2 10 10 10 2 2 10 2 8 2 2 2 2
left_child=1 -1 8 -3 5 6 -5 -7 -2 11 -11 12 -6 -14
right_child=2 3 -4 4 9 7 -8 -9 -10 10 -12 -13 13 -15
leaf_value=-0.00073308253798451287 0.0015752616529135608 -0.004666144932072013 0.001225832811960668 2.592405145972487e-05 -0.0029410433408913854 -0.0029183373301397554 0.0051824375933126436 0.0023266464576133742 0.0046621252179266251 0.00046380881327033255 0.004148649317439153 0.00065154241298155105 -0.00052952192886715347 0.0038677715235713155
leaf_weight=22930.425484985113 824.68759030103683 218.3124038875103 2937.7679871767759 5183.357256770134 752.38994961977005 208.47747440636158 210.88927578926086 3113.1649066060781 1294.1255690455437 2033.0479501187801 438.00241436064243 3781.0945523679256 9565.6575604975224 274.04988859593868
leaf_count=91770 3327 875 11835 20784 3010 836 848 12481 5257 8154 1757 15167 38321 1099
internal_value=4.08299e-06 -0.000222934 0.00218315 0.000231069 0.000276512 0.000910549 0.000245918 0.00198196 0.00348662 -5.22551e-05 0.00114502 -0.000259397 -0.000585193 -0.000399454
internal_weight=53765.5 48708.9 5056.58 25778.4 25560.1 8715.89 5394.25 3321.64 2118.81 16844.2 2471.05 14373.2 10592.1 9839.71
internal_count=215521 195102 20419 103332 102457 34949 21632 13317 8584 67508 9911 57597 42430 39420
is_linear=0
shrinkage=0.02


Tree=44
num_leaves=15
num_cat=0
split_feature=2 2 13 1 12 33 4 25 34 12 12 9 3 3
split_gain=53.9258 26.142 17.4036 17.0303 16.2899 15.1799 13.7208 14.8768 13.0237 20.5638 12.4697 12.3264 10.7997 10.6835
threshold=0.038621651008725173 0.083616543561220183 0.91666665673255932 0.5715884566307069 0.00019497795437928292 -0.093333333730697618 1.0000000180025095e-35 -0.22456870973110196 -0.061111113056540482 0.00037042512849438941 0.00015072953101480382 0.75000000000000011 0.50511854887008678 0.51962208747863781
decision_type=2 2 2 2 10 10 2 2 8 8 10 2 2 2
left_child=6 2 3 -2 -4 11 7 10 9 13 12 -3 -1 -8
right_child=1 5 4 -5 -6 -7 8 -9 -10 -11 -12 -13 -14 -15
leaf_value=-0.0027564819292270597 0.00055995897950394437 0.0053337828380787674 -0.0012956126017333138 0.0024699190647752812 0.0015973111516986796 0.00050031013017398326 -0.0003667497394272804 -0.00085941358864739738 -0.00067127759755779412 0.0051491434397492961 -0.00071159058703353106 0.0005089988683152825 -0.0075817859159811917 0.00098227679144521928
leaf_weight=539.22499059140682 9634.5980975329876 971.25628224015236 3093.5937880575657 2302.4896601289511 1019.5837704688311 641.5324350297451 7290.474555850029 7229.6289927512407 16319.775119870901 308.19233232736588 541.71213591098785 275.09644527733326 299.73187692463398 3439.4612463265657
leaf_count=2157 38676 3949 12410 9268 4092 2588 29190 28923 65333 1236 2167 1115 1199 13787
internal_value=-8.56717e-05 0.000809515 0.00054567 0.000931877 -0.000574249 0.00302341 -0.000532323 -0.00122774 -0.000312719 0.000217663 -0.00311661 0.00429371 -0.0046168 6.67012e-05
internal_weight=53906.4 17938.2 16050.3 11937.1 4113.18 1887.89 35968.2 8610.3 27357.9 11038.1 1380.67 1246.35 838.957 10729.9
internal_count=216090 72098 64446 47944 16502 7652 143992 34446 109546 44213 5523 5064 3356 42977
is_linear=0
shrinkage=0.02


Tree=45
num_leaves=15
num_cat=0
split_feature=2 3 34 1 13 29 33 5 33 13 2 5 32 5
split_gain=65.5433 23.6502 18.723 19.2681 18.2074 15.659 13.663 17.8657 13.4737 12.4833 11.5015 12.9462 14.2482 14.373
threshold=0.062100881710648544 0.52327805757522594 -0.13222222775220868 0.49233274161815649 0.91666665673255932 -0.19802328199148175 -0.13666667044162747 0.00087590506882406782 -0.3183333277702331 0.91666665673255932 0.044331002980470664 0.0046609253622591504 0.041532622650265701 0.00060721774934791039
decision_type=2 2 8 2 2 2 10 8 10 2 2 10 10 8
left_child=1 10 3 -3 6 -5 -2 -8 -7 -4 11 12 13 -1
right_child=4 2 9 5 -6 8 7 -9 -10 -11 -12 -13 -14 -15
leaf_value=-0.0035111764554973195 0.0036271895402942662 -0.003805958332339281 0.00050670005945958375 7.5855036033886661e-05 -0.00025932556274453389 -0.00034253698454716141 -0.0032505529643077524 0.0020246003356244749 0.0037759450181263634 -0.0010469514949937441 0.00056744700051296066 -0.0016356754987215086 -0.0011173179832126776 -4.4950939564946273e-05
leaf_weight=472.42000052332878 2192.6639017611742 216.66150750219822 6555.1766898334026 1020.8949318677187 1239.5414467900991 380.05304482579231 266.37795162200928 2631.220886901021 1824.4206005632877 2998.1803010851145 3449.4281915724277 4512.9044426083565 9135.2091579437256 16965.436639130116
leaf_count=1891 8883 867 26271 4097 4990 1528 1072 10599 7331 12012 13832 18064 36565 67909
internal_value=2.70733e-06 -0.000252152 0.000474622 0.00173471 0.00191122 0.00212806 0.00243873 0.00152069 0.00306922 1.79408e-05 -0.000525747 -0.00064734 -0.000478387 -0.000142772
internal_weight=53860.6 47530.8 12995.4 3442.03 6329.8 3225.37 5090.26 2897.6 2204.47 9553.36 34535.4 31086 26573.1 17437.9
internal_count=215911 190367 52106 13823 25544 12956 20554 11671 8859 38283 138261 124429 106365 69800
is_linear=0
shrinkage=0.02


Tree=46
num_leaves=15
num_cat=0
split_feature=2 4 2 20 34 34 20 25 35 29 34 14 20 33
split_gain=66.7003 28.6814 18.7836 17.1327 19.4298 15.2026 14.9118 13.6741 12.236 12.3142 19.4186 11.9424 19.0698 11.707
threshold=0.070678327232599272 1.0000000180025095e-35 0.02734616864472628 0.00015532915131188932 -0.12000000104308127 -0.27666667103767389 5.4112490033730871e-05 -0.22456870973110196 3.605679529906578e-13 0.17563772201538089 -0.076666668057441698 0.00058887767954729508 0.00027394181233830755 2.8310687127941496e-15
decision_type=2 2 2 8 10 10 10 2 2 2 10 8 10 10
left_child=1 7 -3 4 -4 -2 8 -1 -6 10 -10 12 -5 -12
right_child=5 2 3 11 6 -7 -8 -9 9 -11 13 -13 -14 -15
leaf_value=-0.0030085652715048927 0.0055481308825019926 -0.00041710368582436919 0.0012350725712186187 0.0026318383038759501 0.0015759133581854407 0.0019768973438782076 0.00011817740414719208 -0.00087205332114167718 -0.00075794261282054773 0.0011590711094172669 -0.0079488961177681047 0.0063387815496504006 -0.0035176935567561279 -0.0019980825763875288
leaf_weight=1415.9027082920074 545.84968617558479 19365.879307061434 5908.5304603874683 1200.8253006637096 326.91433607041836 3448.3894104510546 12131.997120380402 7463.7852695286274 555.25321425497532 268.44850888848305 387.81894251704216 240.34435218572617 223.62502433359623 220.87229156494141
leaf_count=5664 2223 77520 23736 4818 1310 13932 48623 29860 2226 1076 1554 966 897 885
internal_value=1.02457e-05 -0.000189937 3.42873e-05 0.000441552 0.000276506 0.00249015 -0.000132401 -0.00121872 -0.00184227 -0.00263336 -0.00351284 0.00237791 0.00163108 -0.00592181
internal_weight=53704.4 49710.2 40830.5 21464.6 19799.8 3994.24 13891.3 8879.69 1759.31 1432.39 1163.94 1664.79 1424.45 608.691
internal_count=215290 199135 163611 86091 79410 16155 55674 35524 7051 5741 4665 6681 5715 2439
is_linear=0
shrinkage=0.02


Tree=47
num_leaves=15
num_cat=0
split_feature=31 3 34 3 1 8 10 1 18 9 22 9 30 27
split_gain=38.0764 43.5804 38.8316 33.7073 16.1555 15.8769 14.5385 14.4328 13.7133 13.058 12.6524 12.5363 12.3159 12.308
threshold=-0.25496472418308253 0.5314452350139619 -0.13222222775220868 0.45526528358459478 0.50875720381736766 8.350075222551824e-05 0.00022839931625640022 0.59278711676597606 0.00027954550751019275 0.75000000000000011 -0.31746119260787958 0.91666665673255932 -0.13463491946458814 -0.14298897981643674
decision_type=8 2 8 2 2 10 8 2 8 2 2 2 2 2
left_child=-1 3 4 5 -3 -2 -5 11 -8 10 13 -4 -11 -6
right_child=1 2 7 6 9 -7 8 -9 -10 12 -12 -13 -14 -15
leaf_value=-0.0058096985190649285 0.0004337267682386842 -0.0018414189346658818 0.00054913845608443456 -0.00060982025944825895 0.0033304384509535534 0.0026053039251466258 -0.0025844534985891088 0.002788708200891919 0.0013179043475122455 -0.00038460448880006724 0.0025898319467884848 -0.0012925286528900092 0.0038722864587019119 0.0077103172237998324
leaf_weight=422.84380024671555 4346.9615074396133 274.62547123432159 5566.4729721993208 31496.041284129024 596.53567241132259 1938.1109808683395 395.28460158407688 845.45961554348469 2745.5697627663612 703.50935842096806 1488.8482606112957 1990.5887514650822 419.83306722342968 517.81912295520306
leaf_count=1698 17477 1101 22329 126070 2408 7798 1583 3407 10997 2832 6008 7980 1692 2093
internal_value=3.06451e-05 7.91167e-05 0.00111663 -0.000235751 0.00273306 0.00110951 -0.000480356 0.000342239 0.000813537 0.00307821 0.00385321 6.18978e-05 0.00124625 0.00546574
internal_weight=53748.5 53325.7 12403.7 40922 4001.17 6285.07 34636.9 8402.52 3140.85 3726.55 2603.2 7557.06 1123.34 1114.35
internal_count=215473 213775 49850 163925 16134 25275 138650 33716 12580 15033 10509 30309 4524 4501
is_linear=0
shrinkage=0.02


Tree=48
num_leaves=15
num_cat=0
split_feature=2 4 3 1 31 31 2 25 1 30 12 2 2 8
split_gain=56.9892 26.7926 18.1053 17.7664 16.7403 19.5418 16.5271 14.4431 15.459 15.6342 14.0625 14.0295 13.953 13.5582
threshold=0.066369172185659422 1.0000000180025095e-35 0.47631463408470159 0.58584019541740429 -0.25496472418308253 -0.055580521002411835 0.0074436687864363202 -0.22456870973110196 0.52686902880668651 -0.099514577537775026 0.0001609642349649221 0.032758157700300224 0.10226704180240632 0.00012643478112295273
decision_type=2 2 2 2 8 10 2 2 2 2 10 2 2 10
left_child=1 2 -1 12 -3 6 -6 10 9 -9 -4 -7 -2 -8
right_child=3 4 7 -5 5 11 13 8 -10 -11 -12 -13 -14 -15
leaf_value=-0.0043232737305982406 0.00092730352019035193 -0.0047863819633732693 -0.0043628319441745911 0.0043821938085402941 -0.0014977232374704058 -0.00065886055956388464 0.00066606079556033083 0.0018165140828634179 -0.0031535088806699052 -0.00074998837637884068 -3.0134501618969286e-05 0.00026471286748457534 0.0044437238175518198 0.0028980212491168176
leaf_weight=686.66530679166317 3574.1512972563505 274.60232943296432 860.20940642058849 968.56900529563427 1243.4695827364922 16686.944248944521 9604.3407545983791 1152.9616024494171 822.13394810259342 4967.150075763464 454.7213354408741 10838.151758223772 500.194107234478 1211.821473389864
leaf_count=2747 14421 1100 3441 3933 4977 66798 38500 4613 3289 19871 1819 43468 2031 4861
internal_value=-4.92657e-05 -0.000258695 -0.00124666 0.00197052 -3.64956e-05 -1.14484e-06 0.00066955 -0.000980986 -0.00061263 -0.000262146 -0.00288742 -0.00029527 0.0013786 0.000921013
internal_weight=53846.1 48803.2 8943.84 5042.91 39859.3 39584.7 12059.6 8257.18 6942.25 6120.11 1314.93 27525.1 4074.35 10816.2
internal_count=215869 195484 35780 20385 159704 158604 48338 33033 27773 24484 5260 110266 16452 43361
is_linear=0
shrinkage=0.02


Tree=49
num_leaves=15
num_cat=0
split_feature=3 4 33 10 36 16 3 14 14 10 37 10 36 26
split_gain=44.9774 32.2454 26.8832 16.4447 16.0576 13.3876 12.4109 11.2673 10.6368 9.93847 9.48695 9.34187 9.33536 12.963
threshold=0.57983189821243297 1.0000000180025095e-35 -0.18333333730697629 0.00018964760965900498 2.4668688044984099e-13 0.00018295757763553413 0.47631463408470159 0.00019903263455489653 6.7562730691861375e-05 0.00016391956160077828 0.20266117155551913 9.9422937637427835e-05 6.0947365318649037e-13 -0.16856614500284192
decision_type=2 2 10 8 2 8 2 8 10 10 2 10 2 2
left_child=1 6 5 4 -4 9 -1 -5 -8 12 11 -6 -3 -14
right_child=-2 2 3 7 10 -7 8 -9 -10 -11 -12 -13 13 -15
leaf_value=-0.0036298850912517672 0.0041165741161451651 -0.0007725642803476289 0.0050348755349561205 -0.0010909575314073786 -7.2815145427721691e-05 0.0021436052081935139 0.002453925177007067 0.0013467618093875977 -0.0010461304844746535 -0.0036313412666780826 0.00038192718188079179 -0.00087830324336717557 0.0028152304514092981 -6.1645857765983551e-05
leaf_weight=705.11151039600372 1050.8191294968128 1154.5145452320576 211.79807901382446 885.51549169421196 12402.072653904557 3685.9143380522728 344.7034670561552 4769.3991152048111 7882.1994066983461 204.69314305484295 7233.729130640626 10739.323572397232 1245.41010171175 1239.1892084926367
leaf_count=2821 4274 4633 849 3550 49692 14815 1379 19128 31533 823 28993 43030 5004 4982
internal_value=5.86721e-05 -2.37664e-05 0.000199828 -2.63277e-05 -0.000209658 0.00128554 -0.0011175 0.000962534 -0.000893884 0.00045589 -0.000249516 -0.000447057 0.000704381 0.00139136
internal_weight=53754.4 52703.6 43771.6 36241.8 30586.9 7529.72 8932.01 5654.91 8226.9 3843.81 30375.1 23141.4 3639.11 2484.6
internal_count=215506 211232 175499 145242 122564 30257 35733 22678 32912 15442 121715 92722 14619 9986
is_linear=0
shrinkage=0.02


Tree=50
num_leaves=15
num_cat=0
split_feature=4 34 31 8 3 19 27 1 29 5 34 1 17 25
split_gain=36.9012 33.6903 43.862 23.7363 20.8769 18.8028 12.773 12.3865 12.6043 11.7882 12.0192 11.1463 10.5846 10.5701
threshold=1.0000000180025095e-35 -0.13222222775220868 -0.25496472418308253 0.00010677594764274546 0.53565672039985668 0.75000000000000011 -0.29626072943210596 0.41556376218795782 0.1934844255447388 0.0018093691905960443 -1.6375789613221057e-15 0.59087780117988598 0.91666665673255932 0.092725265771150603
decision_type=2 10 8 8 2 2 2 2 2 10 10 2 2 2
left_child=6 2 -2 4 5 12 -1 8 9 -3 -11 -9 -4 -5
right_child=1 7 3 13 -6 -7 -8 11 -10 10 -12 -13 -14 -15
leaf_value=-0.005253764346209844 -0.0060076263591662821 -0.00025360892385695914 -0.00028578537022611413 0.0047814078529162017 0.0023646593815553263 0.0015880284139279366 -0.001048219116338915 -0.00024319388025185304 -0.001654039824298177 0.0069198254897473686 0.0015132170953738055 0.0018093755178375775 -0.0040322840651553053 0.0010770958673561124
leaf_weight=280.46466009318829 310.07297623157501 322.41901114583015 3081.4067653268576 1061.6630457788706 3007.8342949748039 2640.5734952390194 8716.1262046843767 31674.488260984421 307.85512539744377 337.6401831060648 330.97604881227016 1074.9766517132521 314.87770946323872 450.51499755680561
leaf_count=1122 1246 1296 12372 4278 12142 10595 34869 126886 1238 1358 1330 4331 1263 1816
internal_value=-2.30278e-05 0.000211282 0.00117975 0.00140182 0.00100921 0.00032829 -0.00119069 -9.83287e-05 0.00180211 0.00288721 0.00436515 -0.000174757 -0.000654705 0.00370627
internal_weight=53911.9 44915.3 10866.9 10556.9 9044.69 6036.86 8996.59 34048.4 1298.89 991.035 668.616 32749.5 3396.28 1512.18
internal_count=216142 180151 43712 42466 36372 24230 35991 136439 5222 3984 2688 131217 13635 6094
is_linear=0
shrinkage=0.02


Tree=51
num_leaves=15
num_cat=0
split_feature=2 2 34 4 34 29 20 25 32 29 10 29 36 35
split_gain=57.0833 29.1018 19.3413 15.3364 17.6477 20.5521 19.8609 13.127 12.6489 12.3543 20.6842 13.541 12.1131 13.2956
threshold=0.033305926248431213 0.078768830746412291 -9.1593399531575395e-16 1.0000000180025095e-35 -0.12000000104308127 -0.30993221700191492 0.00014216658018995079 0.25732471048831945 0.070139024406671538 -0.20163759589195249 0.00017263408517464998 -0.16120493412017819 7.2042727144137907e-13 4.179067573766016e-13
decision_type=2 2 10 2 10 2 10 2 10 2 10 2 2 2
left_child=8 3 -3 -2 5 -5 7 -6 9 10 -1 -11 13 -9
right_child=1 2 -4 4 6 -7 -8 12 -10 11 -12 -13 -14 -15
leaf_value=-0.0028249266174433297 -0.0024725362404216505 0.0034384008561520554 -0.0020069370881311932 -0.0027533019477300916 -0.00035173343481978273 0.0019102764553809962 0.00224492515457602 -0.00082001649680283131 -0.0012829801977629045 0.0016892940198788393 0.0025321156770679453 -0.00030559215331278427 -0.00043327155548051081 0.0043720980168274332
leaf_weight=1554.3598085790873 631.45463159680367 2247.8575888872147 281.6530924141407 389.7433702647686 9547.1668293476105 5267.7499883621931 1697.8843991458416 262.65247331559658 6740.2474613636732 1431.0002601742744 336.49584755301476 21978.317717373371 707.02986428141594 709.80329319834709
leaf_count=6222 2527 9129 1134 1566 38284 21194 6817 1053 26975 5730 1348 87972 2836 2846
internal_value=2.2315e-05 0.000812848 0.00282109 0.000545798 0.000650915 0.00158044 0.00024222 -6.4117e-05 -0.000514322 -0.000308691 -0.00185507 -0.000182308 0.00155576 0.00298148
internal_weight=53783.4 21743 2529.51 19213.5 18582 5657.49 12924.5 11226.7 32040.4 25300.2 1890.86 23409.3 1679.49 972.456
internal_count=215633 87386 10263 77123 74596 22760 51836 45019 128247 101272 7570 93702 6735 3899
is_linear=0
shrinkage=0.02


Tree=52
num_leaves=15
num_cat=0
split_feature=2 2 4 34 29 20 34 26 23 32 1 30 29 12
split_gain=40.7329 22.327 16.5428 16.4477 16.3571 15.2802 14.6131 12.866 15.5981 11.7801 11.2612 10.582 22.3656 16.2734
threshold=0.070678327232599272 0.02734616864472628 1.0000000180025095e-35 -0.12000000104308127 -0.30993221700191492 0.00015532915131188932 -0.28777778148651117 -0.1593418940901756 -0.20099309086799619 0.059140037745237357 0.44077210128307348 -0.10322787612676619 -0.19802328199148175 0.00012542213517008352
decision_type=2 2 2 10 2 10 10 2 2 10 2 2 2 10
left_child=1 11 -3 4 -4 -5 -2 8 -6 -9 -7 12 13 -1
right_child=6 2 3 5 7 10 -8 9 -10 -11 -12 -13 -14 -15
leaf_value=-0.0038855342339710621 0.0051053565893685203 -0.0020771909566652809 -0.0025357181257915145 -0.00011756110642557049 0.0014258891977490455 0.0055909558244713956 0.0014733010696254623 3.2809724283542495e-05 0.0048501979308776455 0.0026045219234756083 0.00115036141567971 -0.00075446055607015724 0.00082921807017753506 0.00015020777098191963
leaf_weight=788.37505707144737 494.28081619739532 1078.7273291647434 392.4474483281374 13921.108133375645 1404.5710604935884 262.25392535328865 3505.1392112970352 2363.8537365049124 862.61210051178932 1000.1670688539743 1292.1473825573921 20693.226275444031 4952.3570246547461 787.63241048157215
leaf_count=3155 2018 4316 1575 55795 5648 1054 14178 9500 3469 4018 5185 82809 19826 3153
internal_value=8.60714e-06 -0.000147652 0.000317191 0.000439149 0.00132396 9.34839e-05 0.00194535 0.00160097 0.00275978 0.000808287 0.00196107 -0.000533148 0.000168517 -0.00189201
internal_weight=53798.9 49799.5 22577.9 21499.2 6023.65 15475.5 3999.42 5631.2 2267.18 3364.02 1554.4 27221.6 6528.36 1576.01
internal_count=215699 199503 90560 86244 24210 62034 16196 22635 9117 13518 6239 108943 26134 6308
is_linear=0
shrinkage=0.02


Tree=53
num_leaves=15
num_cat=0
split_feature=3 3 4 19 35 5 5 36 25 37 3 32 20 33
split_gain=38.9817 22.0975 16.2154 16.6528 20.5187 16.382 16.2547 19.0543 14.2271 14.6101 13.5928 12.2913 17.6993 12.2799
threshold=0.56676754355430614 0.44315829873085028 1.0000000180025095e-35 0.91666665673255932 6.5990664538731491e-13 0.001633238105569035 0.0028434002306312327 5.1086776952855028e-13 -0.22456870973110196 0.4498033225536347 0.50632163882255565 -0.0065407324582338324 6.2638508097734316e-05 -0.24333333224058148
decision_type=2 2 2 2 2 8 10 2 2 2 2 10 10 8
left_child=1 -1 8 4 5 -4 -7 -8 10 11 -3 -10 -13 -5
right_child=-2 2 3 13 -6 6 7 -9 9 -11 -12 12 -14 -15
leaf_value=0.0012923836021148042 0.0023493192414567542 -0.0014602620657747586 -0.0012443551690979313 0.0024291085541981354 0.00072320948576103257 0.0011350991663204445 0.00053877728246231726 -0.0022524826928824212 0.00040635852345588259 -0.0040049976994011496 -0.0056101337164354958 0.00067982793508060749 -0.0022463625140272375 -0.00084604202555931712
leaf_weight=3771.5782950222492 2545.1133447885513 957.18907788395882 5330.8874532729387 457.2634347230196 13220.451673358679 3752.3022363036871 2192.193955540657 1737.8437504768372 3335.262932524085 482.4457600414753 467.46039073169231 1233.1387677788734 2442.8567640930414 11899.637535810471
leaf_count=15205 10312 3829 21355 1835 52991 15031 8779 6961 13343 1930 1870 4933 9772 47667
internal_value=-5.67976e-05 -0.000177085 -0.000294236 -0.000116384 0.000168796 -0.000394691 0.000196603 -0.00070066 -0.00106184 -0.000709291 -0.00288075 -0.000471766 -0.00126638 -0.000721117
internal_weight=53825.6 51280.5 47508.9 38590.6 26233.7 13013.2 7682.34 3930.04 8918.35 7493.7 1424.65 7011.26 3676 12356.9
internal_count=215813 205501 190296 154619 105117 52126 30771 15740 35677 29978 5699 28048 14705 49502
is_linear=0
shrinkage=0.02


Tree=54
num_leaves=15
num_cat=0
split_feature=2 34 29 32 30 27 2 20 20 0 1 30 1 25
split_gain=54.0912 29.7954 23.9916 21.0109 17.3821 14.7209 14.3384 12.5189 15.9514 13.1914 12.4768 11.4309 14.0378 10.374
threshold=0.038621651008725173 -0.13222222775220868 -0.30993221700191492 -0.0065407324582338324 -0.36972333490848536 -0.26977977156639094 0.10226704180240632 0.00011193597674719059 0.00010724045569077135 0.068531062453985228 0.55994033813476574 -0.12830281257629392 0.50344723463058483 0.42687666416168218
decision_type=2 10 2 10 2 2 2 10 8 2 2 2 2 2
left_child=3 2 -2 5 -4 -1 -6 8 13 10 -9 12 -5 -3
right_child=1 7 4 11 6 -7 -8 9 -10 -11 -12 -13 -14 -15
leaf_value=-0.0019554303839036547 -0.0024135720005361476 -3.9091862322398494e-05 0.0075689655604862073 -0.0015269601942662595 0.0018328846935326232 0.00019089717251609021 0.0056781587717545405 0.00089591746792129685 -0.0036843392648690343 0.0028303825287867876 -0.0039194723066787217 -0.0010593405202328646 0.003363033546731225 0.0030721294116968778
leaf_weight=1362.9009366780519 431.34132471680641 7915.0507369637489 231.92717619240284 404.69553934037685 4904.9274116754532 16864.587777540088 408.38916900753975 1578.9413576573133 442.98894645273685 1397.6025280207396 228.77800819277763 16703.278334856033 511.33907045423985 433.21363794803619
leaf_count=5458 1738 31771 939 1620 19785 67522 1668 6333 1778 5622 918 66854 2048 1740
internal_value=1.20207e-06 0.000896057 0.00204729 -0.000447717 0.00240171 2.84452e-05 0.00214862 0.000320068 -7.07815e-05 0.00138585 0.00025028 -0.000939789 0.00121621 0.000129314
internal_weight=53820 17973.2 5976.59 35846.8 5545.24 18227.5 5313.32 11996.6 8791.25 3205.32 1807.72 17619.3 916.035 8348.26
internal_count=215794 72292 24130 143502 22392 72980 21453 48162 35289 12873 7251 70522 3668 33511
is_linear=0
shrinkage=0.02


Tree=55
num_leaves=15
num_cat=0
split_feature=2 4 34 35 18 18 2 27 11 32 14 35 25 30
split_gain=50.552 15.2129 12.4689 12.3272 12.8961 20.3878 19.6321 16.6797 15.1949 12.9881 14.3958 12.1619 13.0414 12.3407
threshold=0.066369172185659422 1.0000000180025095e-35 -0.27666667103767389 6.5990664538731491e-13 0.00022635493951383981 0.00035978444793727254 0.010914759244769813 0.04902556166052819 0.75000000000000011 0.094098504632711424 0.00023751406843075531 4.6579173894681368e-13 -0.049408238381147378 0.039212115108966834
decision_type=2 2 10 2 10 10 2 2 2 10 10 2 2 2
left_child=1 -1 -2 4 -3 6 -6 -8 -7 11 -11 13 -13 -10
right_child=2 3 -4 -5 5 8 7 -9 9 10 -12 12 -14 -15
leaf_value=-0.00097545937582556557 0.0044145618129024606 -0.001174683051082635 0.001469998393818795 0.0003058340083764355 -0.0015340154496306332 -0.0018198823304566014 0.00045718542843246809 0.0028238939170493549 0.0015463996480324189 -0.00082772413737241819 0.0044004568215869197 8.5092953570364846e-05 -0.002905712262677902 -0.0018165212771450695
leaf_weight=8947.8447029739618 651.68409402668476 6055.1352039128542 4408.7683109492064 18925.562106385827 1184.2013529092073 3149.3240605890751 3355.442453250289 1835.0996225476265 1518.4754970520735 356.64175580441952 476.16537408530712 1102.9187851548195 1214.9372461140156 590.57858879864216
leaf_count=35795 2660 24256 17820 75860 4739 12616 13444 7350 6083 1428 1908 4419 4866 2365
internal_value=-3.34424e-05 -0.000231354 0.00186508 -6.35088e-05 -0.000398912 -8.00136e-05 0.000771656 0.00130156 -0.000725948 -6.65286e-05 0.00219463 -0.000499864 -0.00149403 0.000596494
internal_weight=53772.8 48712.3 5060.45 39764.5 20838.9 14783.8 6374.74 5190.54 8409.04 5259.72 832.807 4426.91 2317.86 2109.05
internal_count=215609 195129 20480 159334 83474 59218 25533 20794 33685 21069 3336 17733 9285 8448
is_linear=0
shrinkage=0.02


Tree=56
num_leaves=15
num_cat=0
split_feature=4 34 31 1 13 20 5 12 29 31 5 5 30 17
split_gain=39.5422 34.8985 36.1826 21.9021 17.6007 15.9284 15.5054 14.9557 15.9356 16.4327 13.4898 13.4832 13.2307 12.9522
threshold=1.0000000180025095e-35 -0.076666668057441698 -0.25496472418308253 0.55919528007507335 0.91666665673255932 0.00011193597674719059 0.0027535173576325182 0.00034320833219680941 -0.19083674997091291 0.07655739784240724 0.001759233477059752 0.0025648311711847786 0.14051859080791476 0.91666665673255932
decision_type=2 10 8 2 2 10 10 8 2 10 8 10 2 2
left_child=-1 2 -2 7 -5 -3 12 8 10 -10 -4 -12 -7 -11
right_child=1 5 3 4 -6 6 -8 -9 9 13 11 -13 -14 -15
leaf_value=-0.0012485600596848219 -0.0052887695206371901 -0.00062085403667281149 -0.0027940251566952084 0.0029708183028538198 4.0035205955033408e-05 0.0011025906619063182 -0.00013453259177740844 0.0037265459732990403 0.0011629495630392514 -5.6064237233406697e-05 0.0029198344275541072 -0.0013099753984359452 0.0050868559517480228 -0.0040483290861791001
leaf_weight=8928.7791554629803 356.22017125785351 17273.411942958832 987.28005892038345 3209.1404018104076 1099.1919154524803 2248.1984818577766 5914.7847553491592 568.39205351471901 9072.2848134189844 2163.6175848543644 469.73468735814095 764.8310232013464 375.8495035469532 362.65623840689659
leaf_count=35719 1431 69195 3960 12958 4419 9009 23703 2288 36413 8693 1884 3066 1507 1455
internal_value=-3.46181e-05 0.000207419 0.000856206 0.000978807 0.00222672 -0.000271776 0.000434183 0.000602581 0.000468902 0.000766216 -0.00107614 0.000320298 0.00170743 -0.000656466
internal_weight=53794.4 44865.6 19053.3 18697.1 4308.33 25812.2 8538.83 14388.8 13820.4 11598.6 2221.85 1234.57 2624.05 2526.27
internal_count=215700 179981 76567 75136 17377 103414 34219 57759 55471 46561 8910 4950 10516 10148
is_linear=0
shrinkage=0.02


Tree=57
num_leaves=15
num_cat=0
split_feature=2 2 5 36 13 23 30 31 3 0 32 32 1 2
split_gain=49.6803 24.7866 20.8142 21.6088 16.7555 14.0828 13.675 12.7013 15.1093 14.3376 12.0737 11.3208 10.9671 10.3966
threshold=0.032758157700300224 0.087806593626737608 0.00094444295973517012 6.0679648697208054e-13 0.91666665673255932 0.10591484606266023 -0.09594459086656569 -0.0029153525829315181 0.4645885974168778 0.041693987324833877 0.09953233972191812 -0.014060961548238991 0.47612600028514868 0.0074436687864363202
decision_type=2 2 8 2 2 2 2 10 2 2 10 10 2 2
left_child=11 2 3 7 -4 -6 -5 9 -9 -2 -8 12 -1 -14
right_child=1 -3 4 6 5 -7 10 8 -10 -11 -12 -13 13 -15
leaf_value=0.0010363543941053625 -0.00089515848917481032 0.0032153235365759794 0.0011262067457861631 0.0034919718301232826 -0.0010608450983341686 0.0011817800077053701 -0.002234545144572787 -0.003433364575099605 0.0027826186323569573 -0.0071569493961500894 0.0028996502440177606 -0.00089351336978759667 -0.0013679738773156641 -4.4330738916012217e-05
leaf_weight=2617.2267437279224 233.276560947299 1447.17914301157 13325.075837790966 425.96254974603653 3073.4796230345964 1736.350705742836 631.35930603742599 362.14085306227207 246.00071369111538 403.11664192378521 235.84484647214413 16541.050152674317 3171.2365616858006 9269.9571346491575
leaf_count=10477 935 5891 53545 1714 12333 6966 2535 1452 987 1619 947 66196 12690 37114
internal_value=-2.38974e-05 0.000702696 0.000523863 -0.00116634 0.000761405 -0.000249715 0.00064246 -0.00302625 -0.000910384 -0.00495884 -0.00080436 -0.000532639 -0.000135575 -0.000383379
internal_weight=53719.3 22119.8 20672.6 2537.7 18134.9 4809.83 1293.17 1244.53 608.142 636.393 867.204 31599.5 15058.4 12441.2
internal_count=215401 88924 83033 10189 72844 19299 5196 4993 2439 2554 3482 126477 60281 49804
is_linear=0
shrinkage=0.02


Tree=58
num_leaves=15
num_cat=0
split_feature=2 35 12 5 5 19 35 14 5 36 20 25 37 2
split_gain=45.7212 21.4828 16.8551 16.7406 12.0098 11.3731 14.2638 14.4957 13.2115 12.312 15.4515 12.4326 17.6908 12.2936
threshold=0.053288420662283904 7.9026143810258253e-13 0.00026706697826739406 0.0010326058254577222 0.00065834738779813062 0.91666665673255932 6.0315045059128335e-13 0.0003440021828282625 0.00079272311995737265 8.8435175523739206e-13 0.00011576852193684319 0.12167100980877878 0.085853450000286116 0.029337215237319473
decision_type=2 2 8 10 10 2 2 10 8 2 10 2 2 2
left_child=2 3 5 4 -2 6 7 -1 -7 -8 11 -11 -13 -12
right_child=1 -3 -4 -5 -6 8 9 -9 -10 10 13 12 -14 -15
leaf_value=-0.00046435264270378967 0.0017575776546668621 0.0021527362301368429 0.00084676575460985103 0.00086838359952738284 -0.0035124562103212471 0.001678758739586248 0.00091090893841220481 -0.0031348907096273994 -0.0010537580410561651 -8.8516151188758145e-05 0.00022772296308773082 -0.0044994467562331289 -0.00060702542761295153 0.0039224409953662704
leaf_weight=11077.636752679944 218.48710501194 5209.5552473366261 5084.0275667160749 3595.0529381632805 656.67377616465092 737.12476539611816 6582.5306548923254 858.71500505506992 11349.483275905252 4752.9941359460354 1017.9485287666321 692.56971894204617 1377.8358270376921 539.80427496135235
leaf_count=44351 880 21047 20372 14475 2642 2951 26359 3438 45442 19044 4074 2774 5519 2165
internal_value=3.92992e-05 0.00128245 -0.000234207 0.000263156 -0.0021869 -0.000375532 -0.000146307 -0.000661397 -0.000884612 0.000264907 -0.000243421 -0.000654233 -0.00193967 0.00154154
internal_weight=53750.4 9679.77 44070.7 4470.21 875.161 38986.6 26900 11936.4 12086.6 14963.7 8381.15 6823.4 2070.41 1557.75
internal_count=215533 39044 176489 17997 3522 156117 107724 47789 48393 59935 33576 27337 8293 6239
is_linear=0
shrinkage=0.02


Tree=59
num_leaves=15
num_cat=0
split_feature=2 2 34 4 31 2 5 14 36 10 18 31 5 26
split_gain=40.5072 16.1367 14.5137 20.8643 15.1009 12.1553 11.6958 16.4648 11.9093 11.2307 10.7717 13.4314 9.83573 14.3281
threshold=0.066369172185659422 0.022571832872927192 -0.13222222775220868 1.0000000180025095e-35 -0.2361439764499664 0.10855389758944513 0.001644487143494189 0.00058887767954729508 2.799264834686677e-12 0.00021015902893850583 0.00024477412807755178 0.096269365400075926 0.0027315481565892701 -0.13022147119045255
decision_type=2 2 8 2 10 2 8 10 2 8 8 10 8 2
left_child=1 12 3 -3 -5 10 7 -4 -8 -6 11 -2 -1 -14
right_child=5 2 6 4 9 -7 8 -9 -10 -11 -12 -13 13 -15
leaf_value=-0.00022582652794401445 0.0033774662428955587 -0.0023762665319019037 -0.00092998551071157051 -0.003398863214263954 0.0013509357081146289 0.0049723763877924914 0.00036869965839341433 0.0044959585060333485 -0.0036226910858913699 0.0047134013354982931 0.00058485697471310106 -0.00069388930218981099 -0.0023714062261839322 -0.00056248385755782013
leaf_weight=14345.439782127738 1546.5499377995729 631.3670497238636 6653.550805285573 231.80232593417168 4962.6698300242424 404.86877429485321 12426.782141655684 211.86676502227783 286.47674767673016 417.28319336473942 2672.8379283696413 401.00427556037903 2441.8645042032003 6136.6274197995663
leaf_count=57408 6271 2526 26655 929 19942 1654 49801 850 1149 1680 10803 1622 9772 24555
internal_value=1.5707e-05 -0.000160799 0.000182019 0.00102005 0.00140924 0.00172169 -8.59746e-05 -0.000749968 0.00027321 0.00162823 0.00141664 0.00254064 -0.000546776 -0.00108171
internal_weight=53771 48745.7 25821.8 6243.12 5611.76 5025.26 19578.7 6865.42 12713.3 5379.95 4620.39 1947.55 22923.9 8578.49
internal_count=215617 195267 103532 25077 22551 20350 78455 27505 50950 21622 18696 7893 91735 34327
is_linear=0
shrinkage=0.02


Tree=60
num_leaves=15
num_cat=0
split_feature=2 10 36 2 34 36 15 34 32 36 12 28 32 28
split_gain=32.6811 16.8023 14.1976 12.6666 11.7956 11.6205 12.492 16.4715 19.8738 13.9571 11.1157 11.9619 10.5102 20.1517
threshold=0.074957404285669341 0.00030102918390184646 2.1327870838774163e-13 0.033597726374864585 -6.9388939039072274e-16 6.0947365318649037e-13 0.91666665673255932 -0.17555555701255796 -0.061511026695370667 6.8190147538976796e-13 0.00020087067969143393 -0.098966248333454118 -0.0075931774917989961 -0.12172171473503111
decision_type=2 8 2 2 10 2 2 10 10 2 10 2 10 2
left_child=1 2 -1 12 -2 10 -7 -8 -9 -10 11 -5 -4 -14
right_child=4 -3 3 5 -6 6 7 8 9 -11 -12 -13 13 -15
leaf_value=0.0048070071127770623 0.0023866180790559684 0.0016470218947684493 -0.00012445464022554497 -0.0020628276837357509 -0.0013303301216540523 0.0010266813971220455 0.003926018284381657 -0.0037108233991680669 0.0037886718162388473 -0.00080724227675023829 0.0011018815993034557 -0.00016405989787609897 0.0011134599702355833 -0.0011259909776147692
leaf_weight=203.35452458262444 2785.2424804717302 1977.8839716613293 15583.212641090155 1996.9793300181627 375.88095211982727 7596.3164632916451 268.44258426129818 772.86694899201393 317.9715568870306 1193.4466360211372 1507.672464132309 3891.7590416669846 1806.8637406527996 13558.80048969388
leaf_count=815 11324 7935 62380 8013 1514 30518 1080 3102 1275 4787 6049 15605 7232 54258
internal_value=-2.73538e-05 -0.000150735 -0.000224398 -0.000247469 0.00193906 0.000181695 0.000620578 -0.000586475 -0.00114624 0.000196496 -0.000420571 -0.00081277 -0.00049073 -0.000861547
internal_weight=53836.7 50675.6 48697.7 48494.3 3161.12 17545.5 10149 2552.73 2284.29 1511.42 7396.41 5888.74 30948.9 15365.7
internal_count=215887 203049 195114 194299 12838 70429 40762 10244 9164 6062 29667 23618 123870 61490
is_linear=0
shrinkage=0.02


Tree=61
num_leaves=15
num_cat=0
split_feature=2 2 8 31 26 16 23 37 18 29 37 21 10 20
split_gain=42.5513 20.2866 15.5362 19.3467 11.4733 16.3771 12.2859 12.1718 13.0408 11.6544 11.4579 10.9215 11.3167 11.3895
threshold=0.070678327232599272 0.022112675942480568 0.00016492149734403941 -0.081653304398059831 0.26451325416564947 0.00021229365665931257 0.15232742577791217 0.053495923057198531 0.00041108390723820781 -0.021656420081853863 0.17546417564153674 -0.30557410418987269 9.0015841124113663e-05 6.0662930991384208e-05
decision_type=2 2 10 10 2 10 2 2 8 2 2 2 10 8
left_child=1 10 -3 -4 6 -6 7 8 9 -2 11 -1 -13 -14
right_child=4 2 3 -5 5 -7 -8 -9 -10 -11 -12 12 13 -15
leaf_value=-0.00020178041799194537 0.0050067983226325117 8.6854658449219755e-05 0.0062270486104545756 0.0008999689107094766 0.0025703254539326086 -0.0026533274511367222 0.0048002143815883058 -0.00093650304401176004 -0.00050765361281076584 0.0013535572249788682 0.00016032872322255799 -0.00045717446585944214 6.96071786003564e-05 -0.002177774767842095
leaf_weight=6159.7784809023142 815.23493313789368 25764.048849374056 338.99265424907207 1172.9083599746227 469.64691868424416 451.01649723947048 728.120440736413 494.57720969617367 424.99046728014946 634.25869464874268 5773.6937133222818 4231.3234933018684 1086.2479455024004 5263.3942392766476
leaf_count=24650 3316 103312 1362 4709 1903 1825 2951 2007 1722 2575 23105 16931 4347 21062
internal_value=-3.39291e-06 -0.000163464 0.000203272 0.00216009 0.00197124 9.34546e-06 0.00255063 0.00182483 0.00255559 0.00344842 -0.000607546 -0.000872252 -0.00126145 -0.0017943
internal_weight=53808.2 49790.4 27275.9 1511.9 4017.85 920.663 3097.18 2369.06 1874.48 1449.49 22514.4 16740.7 10581 6349.64
internal_count=215777 199478 109383 6071 16299 3728 12571 9620 7613 5891 90095 66990 42340 25409
is_linear=0
shrinkage=0.02


Tree=62
num_leaves=15
num_cat=0
split_feature=2 33 32 12 0 21 32 16 20 5 32 35 32 33
split_gain=33.8998 21.1785 15.6848 18.8149 12.9161 13.227 10.7989 10.9708 18.8308 10.5826 12.4447 10.2757 9.99406 14.231
threshold=0.053288420662283904 -0.18333333730697629 -0.0075931774917989961 0.00050895847380161296 0.091419890522956862 -0.27032527327537531 0.09953233972191812 0.00019954784511355686 8.5502822912530987e-05 0.0010232058702968063 0.080574758350849165 3.6424224639057539e-13 -0.063928481191396699 3.4972025275692435e-15
decision_type=2 10 10 8 2 2 10 8 10 8 10 2 8 10
left_child=2 6 4 -4 12 -6 7 -2 -9 10 -3 -11 -1 -14
right_child=1 9 3 -5 5 -7 -8 8 -10 11 -12 -13 13 -15
leaf_value=-0.00033813873509121672 0.00070691545713692458 -0.0028317846497708308 -0.00073562413261199706 0.0038411741568493908 0.0065235700698807421 0.00024373400158770353 0.005313758299203131 0.0052051888667316764 -0.00078561244929279447 0.0035902853944457186 0.0019910484718769269 0.00051084917673333593 1.6339612006231685e-06 0.001726109096418331
leaf_weight=12908.498550325632 1315.1759761720896 716.6657942533493 21432.647171616554 345.83259691298008 229.75704318284988 293.36548390984535 443.98455658555031 706.98725754022598 288.36779987812042 452.14257489144802 285.16477797925472 5453.2612131386995 6253.478732585907 2738.5990971028805
leaf_count=51709 5336 2883 85810 1387 924 1179 1803 2869 1169 1819 1147 21962 25043 10963
internal_value=-4.27965e-05 0.00102914 -0.00027746 -0.000659489 9.38327e-05 0.00314052 0.00250538 0.00192476 0.00348829 0.0004349 -0.00144689 0.000757946 1.82599e-05 0.0005295
internal_weight=53863.9 9661.75 44202.2 21778.5 22423.7 523.123 2754.52 2310.53 995.355 6907.23 1001.83 5905.4 21900.6 8992.08
internal_count=216003 38988 177015 87197 89818 2103 11177 9374 4038 27811 4030 23781 87715 36006
is_linear=0
shrinkage=0.02


Tree=63
num_leaves=15
num_cat=0
split_feature=0 31 5 5 1 4 12 35 5 37 0 18 20 5
split_gain=41.3301 21.9843 19.9312 17.2862 17.2774 15.0787 14.2284 12.5994 11.7107 12.9812 11.6739 11.4675 26.8327 11.1891
threshold=0.071297910064458861 -0.25496472418308253 0.0083050956018269079 0.00039425591239705687 0.60842645168304454 1.0000000180025095e-35 0.00047554523916915065 1.9841560442183592e-13 0.0067353982012718925 0.4498033225536347 0.010252234525978567 0.00035978444793727254 0.00015987540973583239 0.00058565719518810521
decision_type=2 8 10 10 2 2 10 2 10 2 2 10 10 10
left_child=1 -1 3 -3 11 8 7 -7 9 -5 -4 -2 -13 -9
right_child=4 2 10 5 -6 6 -8 13 -10 -11 -12 12 -14 -15
leaf_value=-0.0057237193633375939 0.0017382013684794878 0.004824580634541064 0.0016364267126398346 -0.00080613873320603438 0.0051560591366969499 0.0037975662381739945 0.0030410967462770415 -0.0027680357792835785 0.0036074086629575485 -0.0042092311436049707 -0.0033089255009475871 -0.00052927133322720017 0.0045975520043434201 1.2308364333133049e-05
leaf_weight=266.83071559667587 4681.5871841907501 264.00032131373882 215.15174859762192 7771.9998126477003 426.42446576058865 326.46088878810406 607.80367060005665 569.15657961368561 206.98188377916813 457.69497786462307 1159.5134906470776 2854.6330748051405 455.99700507521629 33488.032077521086
leaf_count=1069 18880 1058 861 31091 1731 1310 2441 2282 828 1831 4645 11481 1838 134215
internal_value=3.50475e-05 -0.000204096 -0.000168891 -9.37182e-05 0.00132024 -0.000125824 5.7311e-05 2.82908e-06 -0.000883721 -0.00100515 -0.00252255 0.00110322 0.00020025 -3.57535e-05
internal_weight=53752.3 45333.6 45066.8 43692.1 8418.64 43428.1 34991.5 34383.6 8436.68 8229.69 1374.67 7992.22 3310.63 34057.2
internal_count=215561 181631 180562 175056 33930 173998 140248 137807 33750 32922 5506 32199 13319 136497
is_linear=0
shrinkage=0.02


Tree=64
num_leaves=15
num_cat=0
split_feature=2 2 5 8 19 10 1 5 5 29 5 36 29 36
split_gain=37.0536 21.9175 17.9856 13.7168 12.3709 18.3157 13.5007 11.663 10.9873 14.542 10.9159 15.1903 10.8247 14.5878
threshold=0.033031640574336059 0.097167816013097777 0.00094444295973517012 0.00016492149734403941 0.91666665673255932 0.00019166617857990789 0.59087780117988598 0.0019145630649290981 0.0027315481565892701 -0.23360358178615567 0.00067471523652784537 5.0211972166952511e-13 -0.042420890182256692 6.429601859606061e-13
decision_type=2 2 8 8 2 10 2 8 10 2 10 2 2 2
left_child=3 2 10 -1 6 -6 7 12 -9 -10 -2 -12 13 -4
right_child=1 -3 4 -5 5 -7 -8 8 9 -11 11 -13 -14 -15
leaf_value=-0.00047410236318057953 0.00087546182509725084 0.0038686995019815173 -0.00055143326938956376 0.0013786007634129199 -0.00045987692072124302 0.0024911450729683017 0.0037126153379720872 0.0025505291177658237 -0.0038216605126715 0.001171733744710207 -0.004732717102073276 -0.000669324875090543 -0.00050523585724172046 0.0027874179794208005
leaf_weight=30198.721804007888 841.19520796835423 816.04227042198181 909.72954535484314 1668.6493118703365 4989.792549341917 991.06213535368443 749.38817244768143 2552.3814593404531 228.99290886521339 3837.7967279404402 504.9364856928587 1259.1963481456041 3045.3623243123293 1194.8949723392725
leaf_count=120864 3380 3334 3654 6683 20034 3984 3036 10262 921 15418 2026 5060 12239 4812
internal_value=5.90043e-05 0.000691576 0.000565182 -0.000376287 0.000784363 3.57973e-05 0.00114137 0.000971629 0.00152574 0.000873239 -0.00098526 -0.00187238 0.000256288 0.00135259
internal_weight=53788.1 21920.8 21104.7 31867.4 18499.4 5980.85 12518.5 11769.2 6619.17 4066.79 2605.33 1764.13 5149.99 2104.62
internal_count=215707 88160 84826 127547 74360 24018 50342 47306 26601 16339 10466 7086 20705 8466
is_linear=0
shrinkage=0.02


Tree=65
num_leaves=15
num_cat=0
split_feature=31 0 34 5 5 20 20 5 5 30 28 5 20 26
split_gain=29.2694 29.8487 23.3543 16.774 12.0633 13.6575 19.284 11.8359 32.7833 17.5024 18.4984 15.5848 19.5722 14.4009
threshold=-0.28470504283905024 0.063240546733140959 -0.076666668057441698 0.0027535173576325182 0.0054552992805838594 0.00018465882021700966 0.00011422844909247944 0.0027315481565892701 0.0024876405950635676 0.01941673364490271 -0.14747373014688489 0.0017865546396933498 8.7674554379191263e-05 0.13323212414979937
decision_type=8 2 10 10 8 10 10 10 8 2 2 10 10 2
left_child=-1 7 3 -3 -4 6 -6 8 9 11 -11 13 -13 -2
right_child=1 2 4 -5 5 -7 -8 -9 -10 10 -12 12 -14 -15
leaf_value=-0.0069394095663451935 -0.00040603404329923941 0.0025208968805949827 -0.00028734722763143337 0.0001469742238227189 0.0049165298134634097 0.0065464285905673901 -0.002480914409592039 -0.0006368011878589981 0.0025249235505628988 -0.0057223975018206984 -0.00059233914295482842 0.0024898070859791827 -0.0003782814829973099 0.0016548445366049392
leaf_weight=219.37790587544441 8581.7870453745127 4202.4479214251041 5078.2900374531746 1661.7374706119299 223.55734479427338 205.24131698906422 315.47314505279064 14695.633468583226 1990.8624944537878 269.16566680371761 10684.881932899356 2458.7178879678249 1537.2801883071661 1590.1779496669769
leaf_count=881 34389 16974 20391 6707 897 826 1267 58849 7975 1079 42799 9855 6157 6371
internal_value=3.85268e-05 6.97253e-05 0.000962372 0.00185098 6.41368e-05 0.00240713 0.000653232 -0.000180138 6.76687e-05 -0.000128917 -0.000728595 0.000335102 0.00139005 -8.12428e-05
internal_weight=53714.6 53495.3 11686.7 5864.19 5822.56 744.272 539.03 41808.5 27112.9 25122 10954 14168 3996 10172
internal_count=215417 214536 47062 23681 23381 2990 2164 167474 108625 100650 43878 56772 16012 40760
is_linear=0
shrinkage=0.02


Tree=66
num_leaves=15
num_cat=0
split_feature=2 2 31 18 9 2 31 4 21 15 20 7 18 30
split_gain=37.6269 18.0186 14.5225 13.063 12.5897 14.3988 9.22777 10.0251 9.15685 8.60515 8.00243 15.596 11.6602 13.6276
threshold=0.020060267299413684 0.10226704180240632 -0.25496472418308253 0.0015195864834822716 0.58333334326744091 0.053758064284920699 0.077927794307470336 1.0000000180025095e-35 -0.26427398622035975 0.75000000000000011 0.00011193597674719059 1.0000000180025095e-35 0.00040280648681800818 0.037672137841582305
decision_type=2 2 10 8 2 2 10 2 2 2 10 2 10 2
left_child=-1 2 -2 4 5 6 7 9 -7 -4 -6 -12 -13 -14
right_child=1 -3 3 -5 10 8 -8 -9 -10 -11 11 12 13 -15
leaf_value=-0.00069086455617268627 -0.0037268804440683712 0.0037428707843298421 0.00085007801896560533 0.0045267472570823461 -0.00012201252571435803 0.0037211666957260446 -0.0010903776684573353 0.0011111608086120902 0.0013086445987933769 -0.0046134021642163471 0.00173868978892297 0.00092917897421733594 -0.0032226145556644831 0.00095899900437398163
leaf_weight=20562.22040489316 328.90226159989834 612.02303773164749 211.22140623629093 280.62976905703545 17410.901656880975 961.02128219604492 1257.5548813790083 4371.8705384135246 1863.7631343752146 220.72035972774029 2960.4730215519667 1356.3337562382221 829.59054993093014 480.57307904958725
leaf_count=82280 1321 2505 845 1129 69865 3889 5040 17534 7530 883 11881 5437 3327 1927
internal_value=-1.91383e-05 0.00039774 0.00033255 0.000376296 0.000337 0.000975595 0.000423108 0.00082219 0.0021498 -0.00202235 9.00489e-05 0.000744315 -0.000364413 -0.00169743
internal_weight=53707.8 33145.6 32533.6 32204.7 31924 8886.15 6061.37 4803.81 2824.78 431.942 23037.9 5626.97 2666.5 1310.16
internal_count=215393 133113 130608 129287 128158 35721 24302 19262 11419 1728 92437 22572 10691 5254
is_linear=0
shrinkage=0.02


Tree=67
num_leaves=15
num_cat=0
split_feature=2 4 2 8 30 20 14 10 20 33 13 24 3 17
split_gain=31.9951 25.2152 17.5574 11.1803 13.8145 11.1626 12.6104 13.9157 12.3231 11.0202 10.5673 13.9014 12.8934 10.1069
threshold=0.033031640574336059 1.0000000180025095e-35 0.10855389758944513 0.00016492149734403941 -0.13043195754289624 7.3607341619208469e-05 0.00023165110178524631 8.9471723185852184e-05 6.8027555244043483e-05 -0.058333335444331162 0.91666665673255932 0.067995630204677596 0.57740998268127453 0.75000000000000011
decision_type=2 2 2 8 2 10 8 10 10 10 2 2 2 2
left_child=3 9 10 5 -5 6 8 -8 -1 -2 12 -12 -3 -10
right_child=1 2 -4 4 -6 -7 7 -9 13 -11 11 -13 -14 -15
leaf_value=-0.00071063715727080995 -0.0049428771656660261 0.00069304362012865986 0.0046834924052339402 0.0047725618865470274 0.0002313577644530233 -0.00087559729092360724 0.0034014310108189372 0.00023320037901026003 0.0030899094627657104 0.00057791846978380568 -0.0010359901704061736 0.0010266689311792749 0.0030724804164284263 -0.00018463916069908274
leaf_weight=8801.381026700139 452.01070661842823 14592.457487165928 405.93183076381683 314.83239153027534 1352.9708145558834 17052.345818862319 738.08586475253105 2077.7884762883186 644.38922184705734 202.94434651732445 3151.3180832117796 2203.6466565728188 954.33126087486744 866.83314596116543
leaf_count=35227 1809 58662 1664 1262 5418 68245 2954 8317 2579 812 12653 8846 3896 3469
internal_value=-4.52511e-05 0.000541736 0.000661723 -0.00045012 0.001135 -0.000538408 -9.97728e-05 0.00108178 -0.000423866 -0.00326577 0.000579214 -0.000186514 0.000842864 0.00123376
internal_weight=53811.3 21962.6 21307.7 31848.6 1667.8 30180.8 13128.5 2815.87 10312.6 654.955 20901.8 5354.96 15546.8 1511.22
internal_count=215813 88342 85721 127471 6680 120791 52546 11271 41275 2621 84057 21499 62558 6048
is_linear=0
shrinkage=0.02


Tree=68
num_leaves=15
num_cat=0
split_feature=2 2 4 33 20 7 30 12 33 20 20 0 30 0
split_gain=27.9003 13.2766 14.6717 12.9378 14.4879 12.9214 14.4113 10.9507 17.1871 13.7166 14.2178 10.868 10.3879 15.0487
threshold=0.070678327232599272 0.02734616864472628 1.0000000180025095e-35 -0.18333333730697629 0.00015532915131188932 1.0000000180025095e-35 0.059844499453902252 0.00010964847751893104 0.083333335816860213 5.9306517869117677e-05 5.3083211241755641e-05 0.0011855105985887351 -0.11242670938372611 0.01655178610235453
decision_type=2 2 2 10 8 2 2 8 10 10 8 2 2 2
left_child=1 7 -3 -4 -5 -6 -7 8 -1 10 -9 -11 13 -13
right_child=-2 2 3 4 5 6 -8 9 -10 11 -12 12 -14 -15
leaf_value=-0.0012105877739843444 0.0015672353698231879 -0.0020628088113344364 0.0013248674375281031 -0.00011068266676577169 0.0037291539709009194 -0.0017214040054526105 0.0039163469907429454 0.00011099651320882618 0.0020685735943288602 0.0029462922005284824 0.0030175519102298605 -0.0016507997572311115 -0.00079039524378434498 0.0015144666353950958
leaf_weight=9384.182220980525 3983.6652823388577 1080.5175193101168 4021.3358588963747 15970.089768588543 759.81570953130722 542.75624959170818 247.62132765352726 2083.0005102157593 668.07709455490112 353.65313816070557 975.77388651669025 839.81997734308243 10954.477164387703 1981.5505596101284
leaf_count=37552 16180 4323 16177 64038 3054 2178 994 8337 2673 1415 3905 3361 43835 7934
internal_value=-3.9135e-05 -0.000168049 0.000189985 0.000304793 6.9417e-05 0.00190258 9.79384e-05 -0.000465303 -0.000988979 -0.000158248 0.00105179 -0.000421315 -0.000511914 0.000567293
internal_weight=53846.3 49862.7 22622.1 21541.6 17520.3 1550.19 790.378 27240.5 10052.3 17188.3 3058.77 14129.5 13775.8 2821.37
internal_count=215956 199776 90764 86441 70264 6226 3172 109012 40225 68787 12242 56545 55130 11295
is_linear=0
shrinkage=0.02


Tree=69
num_leaves=15
num_cat=0
split_feature=2 2 1 36 26 30 21 13 29 26 36 18 20 13
split_gain=32.6677 16.3021 13.3366 14.5913 10.754 11.1371 10.2396 13.3723 10.1673 10.3664 15.2617 10.6617 10.2193 10.1275
threshold=0.032758157700300224 0.097167816013097777 0.59278711676597606 6.0947365318649037e-13 0.099703010171651854 0.16279571503400805 -0.30557410418987269 0.75000000000000011 0.0922871269285679 -0.047617079690098756 5.8225722420618419e-13 0.00058473082026466738 6.8336688855197294e-05 0.91666665673255932
decision_type=2 2 2 2 2 2 2 2 2 2 2 10 10 2
left_child=-1 2 3 4 5 8 -4 -8 9 10 -2 -11 -10 -5
right_child=1 -3 6 13 -6 -7 7 -9 12 11 -12 -13 -14 -15
leaf_value=-0.00044566993977275429 0.0001684347670390085 0.0032993432155509201 0.004447809369749086 0.0010821077209360287 0.00068363718817399664 -0.0047667222950642466 0.0038387224874654739 -0.0015703894110360665 -0.001058385210464747 -0.0015591518139977023 -0.0043532826277875693 -0.0063708068888400074 0.0048571312763189241 -0.00030123160352641467
leaf_weight=31698.269951060414 2961.3900811821222 813.69668118655682 544.02833516895771 9220.0423785746098 2749.2864547818899 255.95665028691292 304.34931711852551 401.2208791077137 202.79056902229786 1221.3709727972746 311.90459123253822 202.66489312052727 237.65998788177967 2736.3615909516811
leaf_count=126867 11885 3331 2204 37100 11032 1027 1235 1621 814 4900 1252 813 953 10986
internal_value=-3.39227e-05 0.00055485 0.000447257 0.000321338 -0.000331161 -0.000849037 0.00243565 0.000804341 -0.000636137 -0.000910843 -0.00028625 -0.00232269 0.00220586 0.00076554
internal_weight=53861 22162.7 21349 20099.4 8143.02 5393.74 1249.6 705.57 5137.78 4697.33 3273.29 1424.04 440.451 11956.4
internal_count=216020 89153 85822 80762 32676 21644 5060 2856 20617 18850 13137 5713 1767 48086
is_linear=0
shrinkage=0.02


Tree=70
num_leaves=15
num_cat=0
split_feature=0 5 5 5 21 10 19 33 18 32 5 28 0 32
split_gain=29.619 17.1818 16.502 17.2671 14.2605 14.0297 13.5368 21.3852 13.2042 12.2182 19.0284 14.5157 11.9763 13.8204
threshold=0.092629835009574904 0.00039425591239705687 0.0083050956018269079 0.00058565719518810521 -0.27585932612419123 0.00032428724807687109 0.91666665673255932 -0.27666667103767389 0.00084758191951550554 0.059140037745237357 0.0056560111697763213 -0.18496587872505185 0.042031034827232368 -0.051861960440874093
decision_type=2 8 10 8 2 8 2 10 10 10 10 2 2 10
left_child=1 -1 3 12 -2 6 -5 -8 9 11 -11 -9 13 -3
right_child=4 2 -4 5 -6 -7 7 8 -10 10 -12 -13 -14 -15
leaf_value=0.0054105197772283354 0.0040071023368106664 -0.00047665218344868402 -0.0021209499306225287 0.00016518611492907375 0.0009765656164907096 0.0019595288064362493 0.0041516170345494759 -0.0019500499972193086 0.0024033277864153255 -0.0021121489188615297 0.0036371376966505228 -2.7179807509063406e-05 0.00030138902829675225 -0.0071000673292296538
leaf_weight=206.25290632247925 940.69527152180672 204.21790865063667 1566.5036605596542 32819.177873447537 1810.5283446609974 1400.098651394248 353.55424942076206 1967.5078907459974 509.04760260879993 3674.9851323515177 227.693732380867 7484.6561455577612 301.82409413158894 322.41859270632267
leaf_count=827 3813 818 6277 131595 7322 5623 1421 7888 2040 14721 912 29977 1212 1291
internal_value=2.04772e-05 -8.88279e-05 -0.000113261 -4.85871e-05 0.0020342 9.58627e-07 -5.81485e-05 -0.000573196 -0.000699494 -0.000821182 -0.00175988 -0.000430706 -0.00287706 -0.00464307
internal_weight=53789.2 51037.9 50831.7 49265.2 2751.22 48436.7 47036.6 14217.4 13863.9 13354.8 3902.68 9452.16 828.461 526.637
internal_count=215737 204602 203775 197498 11135 194177 188554 56959 55538 53498 15633 37865 3321 2109
is_linear=0
shrinkage=0.02


Tree=71
num_leaves=15
num_cat=0
split_feature=4 5 34 0 29 8 34 18 32 26 9 5 0 28
split_gain=30.5675 28.8961 19.7909 23.303 15.1935 30.0938 15.0023 13.4109 16.2064 12.6093 12.1165 11.7636 13.8479 11.715
threshold=1.0000000180025095e-35 0.00039425591239705687 -0.076666668057441698 0.016266371123492721 -0.19083674997091291 5.6372531616943895e-05 -0.25444445013999933 0.00022914223518455404 -0.0086612715385854227 -0.1593418940901756 0.75000000000000011 0.0044200588017702111 0.06457658484578134 -0.19725304096937177
decision_type=2 10 10 2 2 10 8 10 10 2 2 10 2 2
left_child=-1 -2 3 6 5 -5 -3 8 -4 10 -6 12 13 -7
right_child=1 2 7 4 9 11 -8 -9 -10 -11 -12 -13 -14 -15
leaf_value=-0.0010677383771632736 0.0070149018739896268 0.0023725061937237544 0.0002625765629081431 -0.0020719887506944908 0.0029944697749508587 -0.0010497133060411636 -0.0017157626283342135 5.9489017717655033e-05 -0.0018898472388528985 0.0008260947468073243 0.00076175494785791695 -0.0020038682960992361 0.004541043520196613 0.0036369334494717118
leaf_weight=8952.6021008491516 228.31348894536495 409.06053663790226 2322.5004411935806 1737.1020713597536 2630.3537712693214 568.99416461586952 2231.9092954397202 20005.730176433921 3483.1996512562037 8427.9257148057222 1562.9295981377363 287.74343803524971 622.79773458838463 315.4762429445982
leaf_count=35814 917 1641 9304 6984 10606 2283 8940 80163 13952 33905 6282 1157 2514 1266
internal_value=-2.11833e-06 0.000211049 0.000173096 0.000666442 0.000951222 -0.000207361 -0.00106946 -0.000186367 -0.00103085 0.00127527 0.00216985 0.00160006 0.00230529 0.000665395
internal_weight=53786.6 44834 44605.7 18794.3 16153.3 3532.11 2640.97 25811.4 5805.7 12621.2 4193.28 1795.01 1507.27 884.47
internal_count=215728 179914 178997 75578 64997 14204 10581 103419 23256 50793 16888 7220 6063 3549
is_linear=0
shrinkage=0.02


Tree=72
num_leaves=15
num_cat=0
split_feature=4 5 34 1 32 17 12 37 12 5 36 35 27 36
split_gain=21.9607 23.5938 19.0008 25.3775 18.1932 16.5345 13.1042 12.1243 11.6569 17.0222 11.6328 18.101 13.2644 21.5966
threshold=1.0000000180025095e-35 0.00039425591239705687 -0.076666668057441698 0.55919528007507335 -0.06518977507948874 0.91666665673255932 0.00029933077166788285 0.43947131931781774 0.000165059078426566 0.0025039513129740958 1.2549179902697496e-12 1.8466904437922098e-12 -0.27561022341251368 6.0679648697208054e-13
decision_type=2 10 10 2 10 2 10 2 10 10 2 2 2 2
left_child=-1 -2 3 6 5 -5 10 -4 9 -7 11 12 13 -3
right_child=1 2 7 4 -6 8 -8 -9 -10 -11 -12 -13 -14 -15
leaf_value=-0.00086609129483805603 0.0064277711188113051 -0.0054350730701726267 -0.00025504199108885575 0.0021983371797322368 0.0036806156259553179 -9.093121252760546e-05 0.0026749027501549979 0.0019638124055925193 0.0017224479884678351 -0.0065250216453289238 0.00095655520745525002 0.0051018299124777457 -0.00018323808898539616 0.00074139552216416602
leaf_weight=8939.1189556419849 223.45712387561798 494.46614268422127 24866.671594530344 1776.7027221173048 1595.7311748117208 445.80333372950554 823.93040201067924 1005.772552266717 406.85130906105042 241.17030812799931 4343.4576740115881 222.01127152144909 8081.1273812055588 396.83709321916103
leaf_count=35760 898 1981 99632 7187 6451 1795 3319 4031 1637 970 17474 894 32418 1592
internal_value=3.80934e-05 0.000218316 0.000184415 0.000667433 0.00198058 0.00101659 0.000256884 -0.000167335 -0.000907924 -0.00247039 0.000105992 -0.000297018 -0.000441655 -0.00272919
internal_weight=53863.1 44924 44700.5 18828.1 4466.26 2870.53 14361.8 25872.4 1093.82 686.974 13537.9 9194.44 8972.43 891.303
internal_count=216039 180279 179381 75718 18040 11589 57678 103663 4402 2765 54359 36885 35991 3573
is_linear=0
shrinkage=0.02


Tree=73
num_leaves=15
num_cat=0
split_feature=2 10 31 32 2 5 20 34 18 23 27 1 27 5
split_gain=30.7089 20.5073 19.0955 19.0647 18.9137 16.1891 11.9929 16.6192 14.3761 14.0437 11.9818 11.3757 11.2977 21.8086
threshold=0.078768830746412291 0.00022839931625640022 -0.25496472418308253 -0.0086612715385854227 0.053288420662283904 0.0046609253622591504 3.3007851016009233e-05 -0.26388889551162714 0.00024913724337238824 -0.016911874525249001 -0.037962254136800759 0.56621891260147106 -0.11510190367698668 0.0014644591719843449
decision_type=2 8 10 10 2 10 8 10 10 2 2 2 2 10
left_child=1 2 -1 5 -5 11 -2 -8 9 -9 -7 12 13 -4
right_child=6 -3 3 4 -6 10 7 8 -10 -11 -12 -13 -14 -15
leaf_value=-0.004815377213408154 -0.0023361142923652304 0.0011062225036874993 -0.0020709748445541225 -0.00087694487159712027 0.00082359807730458324 -0.0021901272894946085 0.0060976088131128045 0.0065166743228822236 0.00012222487205602986 0.001278371468141846 0.00032045665661106125 0.0015007682438297021 0.00053884443477769369 0.00041153479821298808
leaf_weight=348.64635491371155 206.7601972669363 4670.3889365494251 2268.1339904218912 19934.770938023925 2994.7933015972376 1860.8292520642281 408.57243816554546 356.80081793665886 1045.9357881993055 475.6812130510807 1268.7696709036827 2983.0280865430832 11270.657821908593 3697.8817796111107
leaf_count=1397 844 18738 9090 79808 12049 7458 1684 1459 4245 1934 5083 12000 45151 14816
internal_value=-4.87623e-05 -0.000154467 -0.000281163 -0.000244939 -0.000654316 0.000157295 0.00210958 0.00252827 0.00169585 0.00362372 -0.00117674 0.000364735 0.000166618 -0.000536021
internal_weight=53791.7 51297.9 46627.5 46278.9 22929.6 23349.3 2493.75 2286.99 1878.42 832.482 3129.6 20219.7 17236.7 5966.02
internal_count=215756 205590 186852 185455 91857 93598 10166 9322 7638 3393 12541 81057 69057 23906
is_linear=0
shrinkage=0.02


Tree=74
num_leaves=15
num_cat=0
split_feature=2 2 34 0 18 20 0 18 16 30 5 12 8 18
split_gain=32.1279 18.3204 12.7507 17.9429 12.4809 10.866 18.0422 12.1433 13.3117 11.7183 9.8504 13.5215 12.8262 10.7769
threshold=0.074957404285669341 0.024435764178633693 -0.22111111134290692 0.051056373864412315 0.00025810164515860384 0.00015532915131188932 0.031391408294439323 0.00036426431324798619 0.00011380522482795642 -0.060959229245781892 0.0035013626329600815 0.00026360448100604122 0.00010098154962179252 0.00015685112157370898
decision_type=2 2 10 2 10 8 2 10 10 2 8 10 8 8
left_child=1 10 -2 -4 -5 7 -7 8 -3 -8 11 -1 13 -12
right_child=2 5 3 4 -6 6 9 -9 -10 -11 12 -13 -14 -15
leaf_value=-0.00051880968676790975 0.0039656521361339991 -0.00082214554031271854 -0.0033925575251271202 0.0035188207581688105 0.00033239638949875778 -0.0015893775810377057 0.0004497553375045796 -0.00054041046940332346 0.00067922223651239902 0.0041023795315793003 0.0013852279643394704 0.001207349025959071 0.00040831505803815471 -0.0020091932199146423
leaf_weight=16349.587718814611 856.61735624074936 2873.6956149339676 289.16565556824207 891.18512719869614 1078.1497171223164 510.5683326870203 573.27401913702488 8277.1605628728867 12884.429286211729 910.19706870615482 394.15741214156151 2022.493661314249 1445.4585534930229 4487.5286808162928
leaf_count=65423 3518 11535 1169 3628 4370 2047 2305 33201 51702 3657 1577 8097 5785 17955
internal_value=-5.14385e-05 -0.000172803 0.00191343 0.00110707 0.00179523 0.000197381 0.0016085 7.90705e-05 0.000404734 0.00271562 -0.000562765 -0.000327679 -0.0012422 -0.00173059
internal_weight=53843.7 50728.6 3115.12 2258.5 1969.33 26029.3 1994.04 24035.3 15758.1 1483.47 24699.2 18372.1 6327.14 4881.69
internal_count=215969 203284 12685 9167 7998 104447 8009 96438 63237 5962 98837 73520 25317 19532
is_linear=0
shrinkage=0.02


Tree=75
num_leaves=15
num_cat=0
split_feature=0 8 29 34 0 10 10 16 34 26 0 26 14 28
split_gain=25.0313 16.3169 13.1447 16.0418 15.7231 15.5022 12.8718 13.3128 12.0367 12.1179 12.3198 13.6962 11.994 11.3567
threshold=0.091419890522956862 0.00016492149734403941 -0.20163759589195249 -0.076666668057441698 0.015977622009813789 0.00023200896976049992 0.00017731539264786991 0.00032381086202804005 0.026666667312383655 0.45366957783699041 0.0093752401880919951 0.02478132210671902 0.00012572074047056961 0.29139849543571478
decision_type=2 8 2 10 2 10 10 10 10 2 2 2 10 2
left_child=1 2 5 4 -4 -1 7 -2 9 10 11 -5 -13 -12
right_child=6 -3 3 8 -6 -7 -8 -9 -10 -11 13 12 -14 -15
leaf_value=-0.0017011268461403363 0.0017461852044020976 0.001360599209174479 -0.00080979012834503806 -0.00078774422125432568 0.00066862341762163164 0.0036927736477838195 0.0039651188784590634 -0.0019986346637012719 0.00035827051953823892 0.0023257504670294452 -0.00085002510228613856 -0.0013684355173204394 0.0028670475891734814 -0.004141652857727619
leaf_weight=3495.1275790482759 1747.9230909496546 2677.3896546065807 3665.6386538296938 1685.5069580078125 13124.585782840848 208.36317905783653 748.89845508337021 465.65224300324917 5953.1073711812496 513.16345839202404 17725.707881987095 338.91699062287807 1090.1670935302973 411.08218720555305
leaf_count=14026 7086 10749 14677 6744 52731 837 3030 1879 23841 2056 70984 1356 4362 1647
internal_value=-4.89748e-05 -0.000153286 -0.000237888 -0.000142321 0.000345277 -0.00137945 0.00173187 0.000947575 -0.000437725 -0.000655577 -0.000729687 0.000430118 0.00185755 -0.000929112
internal_weight=53851.2 50888.8 48211.4 44507.9 16790.2 3703.49 2962.47 2213.58 27717.7 21764.5 21251.4 3114.59 1429.08 18136.8
internal_count=216005 204010 193261 178398 67408 14863 11995 8965 110990 87149 85093 12462 5718 72631
is_linear=0
shrinkage=0.02


Tree=76
num_leaves=15
num_cat=0
split_feature=2 4 33 18 0 31 2 3 33 28 3 18 34 36
split_gain=28.8543 15.7857 13.1957 13.7673 11.9942 11.801 11.7445 11.7414 9.87784 13.9074 16.3575 16.3823 14.2416 13.3594
threshold=0.070678327232599272 1.0000000180025095e-35 -0.13666667044162747 0.00039006175938993698 0.0093752401880919951 -0.25496472418308253 0.0090627083554863947 0.47770187258720404 -0.18333333730697629 -0.19725304096937177 0.50105419754982006 0.00023334800062002617 -0.3322222232818603 2.4668688044984099e-13
decision_type=2 2 10 10 2 8 2 2 10 2 2 8 10 2
left_child=1 4 3 -2 7 -3 -6 -1 9 -7 11 -11 -12 -10
right_child=2 5 -4 -5 6 8 -8 -9 13 10 12 -13 -14 -15
leaf_value=-0.0030838205942387634 0.0037956193788529634 -0.0038552792889763781 0.00064163450333644379 -0.00071959136788543349 -0.00044533808128693057 -0.00044139476017592016 -0.0022122212048204569 0.0006762779281220049 0.0046407358562091548 -0.0017042688334980821 -0.0019473056047907313 0.0019401862235896828 0.0031442522056264548 -6.9851446184163339e-05
leaf_weight=361.19541282951832 1425.6855072379112 283.92434956133366 2243.8801901340485 325.11768126487732 2913.7781341224909 2290.4105885624886 3119.9095450341702 2567.0151923596859 222.55018280446529 962.20579323172569 232.10658647119999 971.39905954897404 2071.8368755429983 33814.642203405499
leaf_count=1445 5836 1137 9081 1329 11656 9202 12481 10269 892 3860 934 3899 8326 135478
internal_value=3.56596e-05 -9.57659e-05 0.00166676 0.0029585 -0.000854908 7.11195e-05 -0.00136325 0.000194695 0.000100487 0.000811869 0.00148815 0.000127741 0.00261897 -3.63444e-05
internal_weight=53805.7 49811 3994.68 1750.8 8961.9 40849.1 6033.69 2928.21 40565.2 6527.96 4237.55 1933.6 2303.94 34037.2
internal_count=215825 199579 16246 7165 35851 163728 24137 11714 162591 26221 17019 7759 9260 136370
is_linear=0
shrinkage=0.02


Tree=77
num_leaves=15
num_cat=0
split_feature=2 33 31 31 27 15 5 14 28 28 34 5 23 31
split_gain=21.4773 12.3586 13.2479 11.9307 15.1568 11.5045 15.1912 13.9657 11.4162 16.1168 11.4057 13.3112 16.3645 10.9591
threshold=0.038621651008725173 -0.19666666537523267 -0.17293942719697949 -0.080306030809879289 0.047241410240530975 0.75000000000000011 0.00094444295973517012 0.00061832138453610252 -0.43589727580547327 -0.21395283192396161 -0.050000000745058053 0.0033722694497555499 0.12252402305603029 0.069960348308086409
decision_type=2 10 10 10 2 2 8 10 2 2 8 10 2 10
left_child=3 2 -2 4 -1 6 -3 -7 -4 -10 -8 12 -12 -11
right_child=1 5 8 -5 -6 7 10 -9 9 13 11 -13 -14 -15
leaf_value=0.00011903830560908526 -0.0014169146374932219 -0.0017365741213421892 0.0059734760777790169 -0.00046505425554412526 0.0030230703681303518 -0.00038458270123177801 0.0021921952069874906 0.0042001792678070622 -0.00064803062668769161 0.0031982133708520354 -0.0025498082138428134 0.0024934244183935517 0.0016146497852750489 0.00027245398615009754
leaf_weight=6585.8041188716888 530.48183016479015 716.64263343811035 241.39101143181324 28566.527546718717 787.25029855966568 7600.9170928001404 2780.4485471397638 255.41428236663342 925.49833109974861 1889.1911377608776 871.50551328063011 707.63596691191196 636.71776837110519 705.2363636046648
leaf_count=26373 2145 2880 981 114346 3152 30538 11204 1029 3749 7655 3499 2843 2558 2857
internal_value=1.71049e-06 0.000568178 0.00150107 -0.000279969 0.000436453 0.00027134 0.000952634 -0.000225242 0.00191793 0.00160763 0.00134374 0.000269027 -0.000793601 0.00241108
internal_weight=53800.7 17861.1 4291.8 35939.6 7373.05 13569.3 5712.95 7856.33 3761.32 3519.93 4996.31 2215.86 1508.22 2594.43
internal_count=215809 71938 17387 143871 29525 54551 22984 31567 15242 14261 20104 8900 6057 10512
is_linear=0
shrinkage=0.02


Tree=78
num_leaves=15
num_cat=0
split_feature=2 14 8 29 8 2 5 5 30 29 34 2 36 5
split_gain=33.1817 14.6512 14.5657 16.1117 14.4519 14.06 18.3555 20.0354 15.9706 14.6128 14.0545 13.047 12.5108 16.7576
threshold=0.078768830746412291 0.00010373405530117453 0.0001574560010340065 -0.2231982350349426 4.5025200961390517e-05 0.032758157700300224 0.0027315481565892701 0.0026646935148164634 -0.10322787612676619 0.14932002127170566 0.016666667070239786 0.016744820401072506 6.0089048537284594e-13 0.0017707877559587362
decision_type=2 10 8 2 10 2 8 10 2 2 8 2 2 10
left_child=2 -2 3 4 -1 6 7 8 -5 10 11 -8 13 -7
right_child=1 -3 -4 5 -6 12 9 -9 -10 -11 -12 -13 -14 -15
leaf_value=-0.0035432467819636344 0.0052146564796740217 0.0013932729827100842 0.0011324786806041337 0.001004951779736487 -0.00057241411699979292 -0.0013862815667808523 -0.0019684479271716189 0.0045247007108043151 -0.00046398408959873725 -0.0033568723125098412 0.00069959070562674057 -0.00030367856381344443 0.00074092387700175539 0.00056977313627928016
leaf_weight=1064.3865364193916 490.99703074991703 1999.081342920661 3186.5760814845562 3750.4416723400354 1678.3175046294928 3323.0102713257074 4253.9279960542917 354.77921169996262 13767.651633486152 1020.1604518592358 1857.4475263208151 3381.3211039304733 9958.860262081027 3663.8771845549345
leaf_count=4269 2008 8155 12788 15017 6733 13331 17020 1420 55095 4082 7432 13536 40026 14701
internal_value=-6.29252e-05 0.00218232 -0.000172801 -0.000259755 -0.00174264 -0.000169307 -0.000441338 -5.0991e-05 -0.000148713 -0.00110361 -0.000854907 -0.00123391 0.000286353 -0.000361841
internal_weight=53750.8 2490.08 51260.8 48074.2 2742.7 45331.5 28385.7 17872.9 17518.1 10512.9 9492.7 7635.25 16945.7 6986.89
internal_count=215613 10163 205450 192662 11002 181660 113602 71532 70112 42070 37988 30556 68058 28032
is_linear=0
shrinkage=0.02


Tree=79
num_leaves=15
num_cat=0
split_feature=31 2 34 10 18 22 28 34 25 25 19 32 36 20
split_gain=25.38 22.1365 20.042 12.8025 12.6118 12.2885 10.7169 10.4553 13.8954 8.84215 8.43929 14.5071 13.6014 20.064
threshold=-0.25496472418308253 0.070678327232599272 -0.27666667103767389 0.00023954993230290714 0.00026112480554729706 -0.27585932612419123 -0.12398000434041022 -0.10888889059424399 -0.18212982267141339 -0.29583747684955591 0.91666665673255932 0.0021858806721866135 4.3494719002661058e-13 6.8964363890700056e-05
decision_type=8 2 10 8 10 2 2 8 2 2 2 10 2 10
left_child=9 3 6 10 5 -4 -3 -5 -9 -1 -2 12 -12 -14
right_child=1 2 4 7 -6 -7 -8 8 -10 -11 11 -13 13 -15
leaf_value=-0.0015376976824225555 2.6959885864085744e-06 0.0081052008274444115 0.0046872833438597874 0.0031351503652443835 -0.00027094043550421006 0.00093993714188437866 0.0022705079680666834 -0.0021188257602597063 0.0011626187638208035 -0.0074431403812191491 0.0017461830143675123 -0.0012704426753441687 0.0014164017391531216 -0.0011140912409613988
leaf_weight=200.04351508617401 31402.668400809169 231.19751058518887 505.52316980063915 730.21454983949661 1769.1163824349642 1089.9861241281033 297.44140602648258 626.9324761480093 2545.4975746870041 217.02051846683025 1441.6664777994156 6583.1578794121742 1728.2282780557871 4413.6952734738588
leaf_count=804 125826 954 2064 2936 7168 4431 1225 2515 10207 871 5774 26360 6927 17681
internal_value=-1.06903e-05 2.86104e-05 0.00147667 -8.58973e-05 0.000892816 0.00217058 0.00502472 0.00101054 0.000504931 -0.00481059 -0.0001802 -0.000585049 1.17036e-05 -0.000399769
internal_weight=53782.4 53365.3 3893.26 49472.1 3364.63 1595.51 528.639 3902.64 3172.43 417.064 45569.4 14166.7 7583.59 6141.92
internal_count=215743 214068 15842 198226 13663 6495 2179 15658 12722 1675 182568 56742 30382 24608
is_linear=0
shrinkage=0.02


Tree=80
num_leaves=15
num_cat=0
split_feature=1 10 21 3 31 32 3 37 18 18 29 31 20 31
split_gain=23.5117 15.5213 13.4335 11.94 13.4406 15.5266 20.6441 13.114 11.701 20.0762 16.0571 11.6744 19.6 10.8254
threshold=0.59278711676597606 0.00023954993230290714 -0.27585932612419123 0.44566658139228826 -0.25496472418308253 -0.0086612715385854227 0.53905704617500316 0.24376472830772403 0.00054799599456600856 0.00024042227596510204 0.169074721634388 0.094684664160013213 7.6270698627922698e-05 0.019654518924653534
decision_type=2 8 2 2 10 10 2 2 8 10 2 10 8 10
left_child=1 3 -2 7 -5 13 8 -1 9 -7 -11 -10 -13 -6
right_child=2 -3 -4 4 5 6 -8 -9 11 10 -12 12 -14 -15
leaf_value=0.00014374864052029321 0.0044393593651204663 0.001098430587745393 0.00065206761883689079 -0.0041697413180561763 -1.8277566824905333e-05 -0.001496204895093873 0.0011459829070369918 0.002722182017382906 -0.0028658537932878202 -0.00041825991321227282 0.0018016004562556192 -0.0048038937149277768 0.0022702413517322285 0.0014732033684242162
leaf_weight=2733.4639241546392 695.43539240956306 4102.2585285604 803.53535015881062 331.24273209273815 20600.710011929274 6593.8363234996796 2321.6932056099176 1090.5760665684938 1944.4282609075308 8307.6598204225302 1525.2733392864466 204.59928040206432 498.01758815348148 2129.6401644200087
leaf_count=11034 2828 16474 3259 1328 82582 26394 9345 4407 7783 33253 6106 819 1994 8542
internal_value=-8.50628e-06 -7.96052e-05 0.00244447 -0.000180112 -0.000272468 -0.000241336 -0.000627768 0.000889428 -0.000844646 -0.000644188 -7.09597e-05 -0.00207446 0.000134337 0.000122634
internal_weight=53882.4 52383.4 1498.97 48281.1 44457.1 44125.9 21395.5 3824.04 19073.8 16426.8 9832.93 2647.05 702.617 22730.4
internal_count=216148 210061 6087 193587 178146 176818 85694 15441 76349 65753 39359 10596 2813 91124
is_linear=0
shrinkage=0.02


Tree=81
num_leaves=15
num_cat=0
split_feature=2 1 18 19 37 18 32 36 36 20 34 36 32 20
split_gain=20.8829 14.0491 14.0526 11.7125 13.4784 11.5814 12.8126 13.0805 18.439 12.221 14.6542 11.7467 11.7312 14.3687
threshold=0.019626244902610782 0.59725773334503185 0.0015195864834822716 0.75000000000000011 -0.079953823238611207 0.00045310180576052522 0.13035184890031817 2.5446966582520773e-12 7.6716321554919097e-13 9.8757558589568375e-05 -1.7486012637846214e-15 3.237271670349096e-12 -0.049447886645793908 0.00011343209189362825
decision_type=2 2 8 2 2 10 10 2 2 10 10 2 10 10
left_child=-1 2 5 -3 -5 11 7 8 9 -7 -11 -2 13 -10
right_child=1 3 -4 4 -6 6 -8 -9 12 10 -12 -13 -14 -15
leaf_value=-0.00053464370694164922 0.00030885122782016536 0.0054453032529299308 0.0045986992967983397 0.0037696922018832057 -0.0016576086901603343 -0.0026006303035101645 0.001676153661225023 -0.0044098939321565505 0.00046613903782929278 0.0010863577882662104 -0.0022159826213700978 0.0032435129219048056 -0.00038914545566346646 0.0054420002421028922
leaf_weight=20170.923550158739 24133.428983926773 346.10411325097084 268.6580311357975 334.93644574284554 360.67694769799709 1852.6503338515759 914.55387623608112 364.36664420366287 574.21069937944412 1191.0510608255863 947.29377409815788 538.53204868733883 1324.1026273816824 374.49285161495209
leaf_count=80712 96923 1416 1082 1360 1461 7426 3674 1471 2307 4776 3798 2179 5314 1504
internal_value=-2.64592e-05 0.000279435 0.000205306 0.00254355 0.000987946 0.000165836 -0.000519091 -0.000826122 -0.000604281 -0.00142058 -0.000383568 0.000375483 0.000829012 0.00250212
internal_weight=53696 33525.1 32483.3 1041.72 695.613 32214.7 7542.72 6628.17 6263.8 3991 2138.34 24672 2272.81 948.704
internal_count=215403 134691 130454 4237 2821 129372 30270 26596 25125 16000 8574 99102 9125 3811
is_linear=0
shrinkage=0.02


Tree=82
num_leaves=15
num_cat=0
split_feature=31 3 13 20 20 32 12 20 17 34 33 35 23 12
split_gain=24.811 22.4079 28.4767 20.8843 16.7981 21.6416 10.9907 10.9384 18.3308 10.2365 12.232 10.0893 9.81021 9.20829
threshold=-0.28470504283905024 0.5314452350139619 0.91666665673255932 8.4229232015786706e-05 9.8203538072993992e-05 0.024218098260462288 0.00026706697826739406 7.7019507443765192e-05 0.75000000000000011 -0.097777780145406709 -0.058333335444331162 3.241465798033139e-13 -0.050891343504190438 0.00019497795437928292
decision_type=8 2 2 10 10 10 8 10 2 10 10 2 2 10
left_child=-1 6 3 9 -5 -6 11 -8 -9 10 -3 -2 -11 -4
right_child=1 2 13 4 5 -7 7 8 -10 12 -12 -13 -14 -15
leaf_value=-0.0065356851011017028 -0.0015086698532683985 0.0023662826016376173 -0.0014210784393448245 -0.0018899026276580097 0.00017501537154687038 0.0049414652561584217 0.0023395811709691398 -0.0018113425664010722 0.0012045906005753752 0.0023176841531751323 0.0065747460300542475 -0.00019136067291245122 -0.00042118293323582231 0.0010980360923753315
leaf_weight=208.93108566105366 2478.2861308306456 3404.9434011876583 2436.9252064824104 1091.5990451127291 2054.2299090772867 448.25310023128986 1237.2062873542309 1210.2370085865259 2318.7975957095623 1033.2516658306122 290.42701365053654 33827.363885879517 1028.9519447535276 743.64466187357903
leaf_count=839 9926 13783 9787 4391 8263 1802 4965 4854 9298 4149 1170 135530 4130 2988
internal_value=3.44703e-05 6.25066e-05 0.000802069 0.00135736 0.000159394 0.00106121 -0.000163436 0.000737583 0.000165936 0.00210204 0.00273065 -0.000282064 0.000960187 -0.000828907
internal_weight=53813 53604.1 12532.2 9351.66 3594.08 2502.48 41071.9 4766.24 3529.03 5757.57 3695.37 36305.7 2062.2 3180.57
internal_count=215875 215036 50463 37688 14456 10065 164573 19117 14152 23232 14953 145456 8279 12775
is_linear=0
shrinkage=0.02


Tree=83
num_leaves=15
num_cat=0
split_feature=0 5 5 4 20 5 20 3 36 5 5 32 5 5
split_gain=20.3627 14.9279 14.8953 13.4589 13.0804 18.7107 16.2496 17.9733 18.0311 15.4656 16.3297 18.5267 14.5128 22.3497
threshold=0.1037161946296692 0.0020660310983657841 0.00039425591239705687 1.0000000180025095e-35 0.00011193597674719059 0.003820929792709649 8.5502822912530987e-05 0.527519851922989 3.0459212626079984e-13 0.0024318315554410224 0.0027108440408483152 -0.063928481191396699 0.0011526856105774643 0.0027535173576325182
decision_type=2 10 8 2 8 10 10 2 2 8 10 10 10 10
left_child=2 -2 -1 -4 6 -6 7 -5 -9 -8 -11 -12 -10 -14
right_child=1 -3 3 4 5 -7 9 8 12 10 11 -13 13 -15
leaf_value=0.0051245801425155516 0.0051372793610394672 0.00072725122266155959 -0.00073058942615672614 -0.00016224158559762736 0.001588625114138746 -0.00014304063528140548 -0.0016882576373790092 0.0061753774021265093 -0.0005387547997236133 0.0027917186290654368 -0.0025474406264042919 0.00038706888200789566 0.0021880049415713061 -0.00078144770897284322
leaf_weight=206.02821910381317 507.25547195971012 754.06379206478596 8851.1776272803545 16989.208101004362 5188.8763888627291 4786.138839662075 4137.6407752931118 241.24652011692524 2191.4930869042873 685.98699167370796 1215.1396121680737 2824.1138114482164 3786.5761870592833 1370.1633323431015
leaf_count=827 2063 3058 35409 68116 20810 19186 16590 971 8821 2751 4873 11315 15260 5518
internal_value=6.22651e-05 0.0025533 1.43772e-06 -2.0709e-05 0.000124281 0.000759126 -6.54219e-05 0.000199389 0.00100721 -0.000798595 -1.57336e-05 -0.000503929 0.00082123 0.00139904
internal_weight=53735.1 1261.32 52473.8 52267.8 43416.6 9975.02 33441.6 24578.7 7589.48 8862.88 4725.24 4039.25 7348.23 5156.74
internal_count=215568 5121 210447 209620 174211 39996 134215 98686 30570 35529 18939 16188 29599 20778
is_linear=0
shrinkage=0.02


Tree=84
num_leaves=15
num_cat=0
split_feature=4 34 31 20 30 0 34 10 3 31 27 5 26 30
split_gain=17.2498 18.5467 22.9443 16.3298 18.2905 15.8621 15.3311 13.843 13.2033 12.8709 12.4808 17.4908 17.9242 11.0658
threshold=1.0000000180025095e-35 -0.076666668057441698 -0.25496472418308253 5.4112490033730871e-05 0.24729088693857196 0.016266371123492721 -0.25444445013999933 0.00018964760965900498 0.4702791571617127 0.07655739784240724 -0.11510190367698668 0.0027315481565892701 0.17324540764093402 -0.13907176256179807
decision_type=2 10 8 10 2 2 8 10 2 10 2 10 2 2
left_child=8 2 -2 4 -3 6 -4 -5 -1 10 -7 -12 -13 -8
right_child=1 3 5 7 -6 9 13 -9 -10 -11 11 12 -14 -15
leaf_value=-0.0042423257333897872 -0.0042036660120385516 -0.0025976841023980608 0.0028472683416302055 -0.00023891101173164432 0.0031287432807034672 0.00060966109942869038 -0.0034122339347878649 0.001005249763166121 -0.00059759727679652413 -0.00031044265352430566 0.002395390728774018 0.0012530358497992178 -0.0033913651104041276 -0.00037363005224649989
leaf_weight=397.84817983210087 359.72855319082737 1751.6375475227833 398.64873743057251 19503.963588386774 238.07699094712734 6470.689991697669 679.53050190210342 4359.5831333249807 8565.8009761720896 2514.7774472981691 5298.5290135145187 1282.65525624156 426.2571946233511 1542.1503770649433
leaf_count=1592 1445 7019 1600 78129 955 26044 2722 17488 34267 10133 21340 5163 1718 6177
internal_value=3.14819e-05 0.000191712 0.000666255 -0.000156788 -0.00188818 0.000764784 -0.000673637 -1.09663e-05 -0.000768452 0.00100101 0.0012458 0.0018298 6.87442e-05 -0.00132518
internal_weight=53789.9 44826.2 18973 25853.3 1989.71 18613.2 2620.33 23863.5 8963.65 15992.9 13478.1 7007.44 1708.91 2221.68
internal_count=215792 179933 76342 103591 7974 74897 10499 95617 35859 64398 54265 28221 6881 8899
is_linear=0
shrinkage=0.02


Tree=85
num_leaves=15
num_cat=0
split_feature=2 30 31 2 5 32 28 36 29 18 32 35 5 36
split_gain=21.1398 19.54 24.1231 16.2345 14.6651 14.5282 20.2675 13.1767 14.9674 14.3655 13.1938 11.9639 10.0538 16.5004
threshold=0.10855389758944513 -0.48918904364109034 -0.25496472418308253 0.031422179192304618 0.00094444295973517012 0.12525193393230441 0.14160636812448504 6.0371277204804296e-13 -0.10960133001208304 0.00033331148733850574 -0.085126925259828554 1.9841560442183592e-13 0.0027108440408483152 1.9653163645105835e-12
decision_type=2 2 8 2 8 10 2 2 2 10 10 2 8 2
left_child=1 -1 -3 12 5 6 7 10 -9 -10 -5 -6 -4 -14
right_child=-2 2 3 4 11 -7 -8 8 9 -11 -12 -13 13 -15
leaf_value=0.0058898103401393868 0.0045481542768367389 -0.0049285520135081686 5.5325695989555542e-06 -0.0052819754575947524 0.0052313498841685194 0.0025102515738861025 -0.0055579511554219238 0.0042142044731379429 0.0013230649171979286 -0.0046096529822695362 -0.00048466032417989943 0.00057115014659484518 -0.0004950604578125089 -0.0030626975408991671
leaf_weight=205.3016632348299 394.19810146093369 376.30194616317749 18963.185305044055 354.54669876396656 203.24745990335941 400.75152368843555 392.89780274033546 338.69615724682808 436.36454270780087 235.10781842470169 603.22216889262199 19431.45006492734 10317.459395930171 1090.537744268775
leaf_count=828 1624 1510 75898 1424 820 1611 1578 1366 1758 944 2420 78170 41289 4365
internal_value=4.72761e-05 1.2327e-05 -1.25857e-05 2.43257e-05 0.000432631 -0.000927388 -0.00152711 -0.000674537 0.000911948 -0.00082745 -0.00233225 0.000624664 -0.000276853 -0.000745442
internal_weight=53743.3 53349.1 53143.8 52767.5 22396.3 2761.59 2360.84 1967.94 1010.17 671.472 957.769 19634.7 30371.2 11408
internal_count=215605 213981 213153 211643 90091 11101 9490 7912 4068 2702 3844 78990 121552 45654
is_linear=0
shrinkage=0.02


Tree=86
num_leaves=15
num_cat=0
split_feature=2 18 20 32 17 15 1 18 3 28 0 5 5 34
split_gain=19.587 11.7973 14.7893 13.0948 15.9113 12.5409 14.8545 14.3095 13.7109 16.0332 12.0246 13.2805 15.1701 11.9521
threshold=0.024435764178633693 0.00036426431324798619 0.00015749743033666166 0.10733103752136232 0.58333334326744091 0.91666665673255932 0.55631941556930553 0.00023045088892104107 0.4359243512153626 0.27808928489685064 0.043041899800300605 0.00094444295973517012 0.0020523519488051538 0.038888890296220786
decision_type=2 10 10 10 2 2 2 8 2 2 2 10 10 8
left_child=-1 5 3 -3 -5 6 7 8 -2 10 -10 -12 -13 -9
right_child=1 2 -4 4 -6 -7 -8 13 9 -11 11 12 -14 -15
leaf_value=-0.00041041302940846632 0.0021867187620497937 -0.00083218773499220259 0.0016026432881837474 0.0056788831380023552 0.00027599856751299315 -0.00023842561456440973 0.0021148308350160371 0.0010809732608790354 0.00065386856957293617 -0.0043990026220575313 -0.0059213674543078347 0.0012539797661152124 -0.0027990803974250857 0.0047897003634020906
leaf_weight=24625.391162738204 855.49976412951946 7515.2634935677052 1576.4177230894566 241.01976701617241 1338.1316324621439 4631.1414675712585 3366.7229625582695 4570.9688858389854 2634.5298314243555 374.44792807102203 215.2192979902029 721.72043584287167 718.7479517608881 359.23036570847034
leaf_count=98541 3475 30179 6342 970 5375 18592 13621 18366 10565 1502 864 2899 2884 1441
internal_value=4.59546e-06 0.0003556 -0.000173525 -0.000484245 0.00116133 0.000661514 0.000963059 0.00058867 -0.000111102 -0.000540059 -0.000184403 -0.00151015 -0.000779005 0.00136946
internal_weight=53744.5 29119.1 10670.8 9094.41 1579.15 18448.2 13817.1 10450.4 5520.17 4664.67 4290.22 1655.69 1440.47 4930.2
internal_count=215616 117075 42866 36524 6345 74209 55617 41996 22189 18714 17212 6647 5783 19807
is_linear=0
shrinkage=0.02


Tree=87
num_leaves=15
num_cat=0
split_feature=0 31 3 36 27 1 31 35 8 37 37 29 36 15
split_gain=24.0418 13.5833 11.4744 14.1807 11.3636 9.5858 13.9085 9.78636 10.3167 9.69075 9.45776 12.118 15.0615 9.14489
threshold=0.071297910064458861 -0.25496472418308253 0.51962208747863781 1.3545472252532444e-12 0.12064433097839357 0.59278711676597606 -0.12481387704610823 6.6384739502364797e-13 0.00012643478112295273 -0.079953823238611207 0.17546417564153674 0.21125415712594989 7.5590973909987768e-13 0.75000000000000011
decision_type=2 8 2 2 2 2 10 2 10 2 2 2 2 2
left_child=1 -1 10 -4 -5 7 9 8 -2 -7 11 13 -13 -3
right_child=5 2 3 4 -6 6 -8 -9 -10 -11 -12 12 -14 -15
leaf_value=-0.0044985444948338034 -0.00058883363361727874 -0.00019905910960030034 3.0545436593297342e-05 0.0021490358758717481 -0.0015754612033879046 0.0025870809762731533 0.0037249865175570901 0.0013682289882986551 0.0027454880191409791 -0.0030228468878354805 0.00022185370371955522 0.0027983958982929569 -0.0011037888560108395 -0.0010317444315244772
leaf_weight=266.39345069229603 2722.9679471701384 9316.3892474472523 10445.375866636634 2368.7509287148714 364.97142992913723 209.66037727892399 1027.4675113707781 3807.2187241911888 409.31580202281475 246.18481381237507 8844.7564281374216 903.43999701738358 677.36831825971603 12178.628434076905
leaf_count=1067 10947 37312 41895 9530 1468 853 4178 15381 1647 999 35433 3618 2716 48754
internal_value=2.57652e-05 -0.000156545 -0.000128915 0.000367197 0.00164396 0.00100575 0.00245545 0.00068971 -0.000138462 -0.000442341 -0.000333847 -0.00054685 0.00113343 -0.000671362
internal_weight=53788.9 45366.1 45099.7 13179.1 2733.72 8422.82 1483.31 6939.5 3132.28 455.845 31920.6 23075.8 1580.81 21495
internal_count=215798 181793 180726 52893 10998 34005 6030 27975 12594 1852 127833 92400 6334 86066
is_linear=0
shrinkage=0.02


Tree=88
num_leaves=15
num_cat=0
split_feature=3 31 31 4 3 32 20 20 25 7 14 1 20 14
split_gain=27.2715 15.8511 14.842 14.1677 12.0855 10.8775 11.292 23.1839 24.486 17.3905 22.8206 18.397 22.2183 13.3613
threshold=0.58283618092536937 -0.25496472418308253 -0.14332521706819532 1.0000000180025095e-35 0.4702791571617127 -0.23914678394794461 0.00011193597674719059 8.379840437555687e-05 -0.22456870973110196 1.0000000180025095e-35 0.00045182975009083753 0.47779801487922674 0.00015532915131188932 0.00016864575445652011
decision_type=2 8 10 2 2 10 8 10 2 2 8 2 8 10
left_child=1 -1 -2 4 -3 -5 7 -7 -9 10 11 12 -8 -10
right_child=2 3 -4 5 -6 6 9 8 13 -11 -12 -13 -14 -15
leaf_value=-0.0039332166136044414 -0.0011185819257088232 -0.0041271650256894492 0.0050114641600691769 0.0022473176690060602 -0.00056865068381892333 0.0002591591972090713 0.0010615672003573358 -0.0031973352732403014 0.00058728905300577464 -0.0001739315188618958 0.0041896931691162986 -0.00017545246357889664 0.0063925528224406929 -0.0010986381857142913
leaf_weight=393.6036012917757 199.40095043182373 380.60764221847057 638.72533951699734 943.31331492960453 8490.3079966008663 23083.211427032948 1145.6229060292244 1548.9718007296324 3007.1349250674248 4913.3206692039967 987.05267867445946 2676.433319747448 415.82635560631752 4953.7049757242203
leaf_count=1578 818 1523 2632 3800 33965 92663 4597 6213 12050 19688 3968 10734 1671 19857
internal_value=2.41085e-05 -3.32103e-05 0.00356097 -2.5111e-06 -0.00073027 0.000145573 9.81467e-05 -8.32679e-05 -0.000913242 0.000680384 0.00148135 0.000833826 0.00254414 -0.000461919
internal_weight=53777.2 52939.1 838.126 52545.5 8870.92 43674.6 42731.3 32593 9509.81 10138.3 5224.94 4237.88 1561.45 7960.84
internal_count=215757 212307 3450 210729 35488 175241 171441 130783 38120 40658 20970 17002 6268 31907
is_linear=0
shrinkage=0.02


Tree=89
num_leaves=15
num_cat=0
split_feature=5 0 5 0 26 36 31 32 4 14 19 36 33 33
split_gain=19.2635 18.3595 14.495 15.623 13.8567 13.25 14.6185 13.1746 12.2596 17.0262 13.0474 15.2223 12.6872 12.4955
threshold=0.00039425591239705687 0.091419890522956862 0.00058565719518810521 0.044069778174161918 -0.67202508449554432 2.4668688044984099e-13 -0.25496472418308253 -0.051861960440874093 1.0000000180025095e-35 6.5730364440241842e-05 0.91666665673255932 3.6684341003269399e-13 -0.18333333730697629 -0.27666667103767389
decision_type=10 2 10 2 2 2 10 10 2 10 2 2 10 10
left_child=-1 2 3 7 -4 -6 -7 -2 9 -8 11 -10 -11 -12
right_child=1 -3 4 -5 5 6 8 -9 10 12 13 -13 -14 -15
leaf_value=0.0049760528449917527 -0.00067831036971483655 0.0015403077430738042 0.0036831757227961726 0.0011917114655228386 0.0034938194164026671 -0.0041910827896730644 0.0036859691169497471 -0.0069635216854283593 -0.0015721013846340854 -0.0026912173950347979 0.0038352279939337102 0.0004329578336655006 -0.00058260204946027842 -0.0005529133181198404
leaf_weight=293.77534857392311 222.41888602077961 2928.2989276498556 376.86070813238621 272.03133279085159 394.06583654880524 326.73287977278233 311.95796762406826 331.92997293174267 1588.0309153646231 1355.9411992132664 245.4131773263216 26182.763179674745 6813.6003607362509 12239.802019894123
leaf_count=1180 891 11875 1518 1093 1581 1310 1248 1329 6366 5425 989 105072 27257 49052
internal_value=3.49908e-05 6.05797e-06 -8.31964e-05 -0.00267857 -3.91019e-05 -6.89421e-05 -9.89688e-05 -0.00455317 -6.98277e-05 -0.000759941 7.58768e-05 0.000317253 -0.000938298 -0.000460663
internal_weight=53883.6 53589.8 50661.5 826.38 49835.2 49458.3 49064.2 554.349 48737.5 8481.5 40256 27770.8 8169.54 12485.2
internal_count=216186 215006 203131 3313 199818 198300 196719 2220 195409 33930 161479 111438 32682 50041
is_linear=0
shrinkage=0.02


Tree=90
num_leaves=15
num_cat=0
split_feature=2 36 10 23 24 36 31 36 21 27 7 18 25 31
split_gain=15.8444 11.5387 9.87302 10.6445 13.4856 12.7057 11.5302 13.2784 11.5247 13.0403 10.6444 12.5363 12.6911 11.4047
threshold=0.070678327232599272 2.1327870838774163e-13 0.00021562109031947332 -0.15139184892177579 -0.38193428516387934 3.237271670349096e-12 0.10921161621809007 3.8751628587876263e-13 -0.31746119260787958 0.013296621385961773 1.0000000180025095e-35 0.00030071919900365179 -0.083794083446264253 -0.043807718902826302
decision_type=2 2 8 2 2 2 10 2 2 2 2 10 2 10
left_child=1 -1 3 8 -5 6 -6 -8 10 -10 -3 12 -12 -13
right_child=-2 2 -4 4 5 -7 7 -9 9 -11 11 13 -14 -15
leaf_value=0.0044118608403198676 0.0011415814042653174 0.00033475272647580574 0.00062972517067036318 0.0039490162471848339 -2.3180745450318524e-06 0.0034994506469935168 0.0025782872327524426 -0.0014841537713903912 -0.00086367478578330587 -0.0030138681012157583 -0.0032376782240083231 0.0022263407746308658 0.0010403277117393046 -0.0016630538874135862
leaf_weight=199.4624700397253 3995.828438654542 4991.8662856668234 5301.1466519534588 310.31176728010178 25441.319363936782 364.19457577168941 333.60743150115013 3766.9830200523138 4877.7775706797838 1459.5178795307875 1277.5010133385658 611.11773565411568 342.35633274912834 558.17533129453659
leaf_count=800 16280 20015 21269 1246 101912 1462 1336 15091 19548 5847 5119 2449 1371 2235
internal_value=-6.69849e-05 -0.000164308 -0.000184467 -0.00028206 -7.0078e-05 -0.000114392 -0.000161281 -0.00114274 -0.00073501 -0.0013668 -0.000218259 -0.00120334 -0.00233186 0.00037295
internal_weight=53831.2 49835.3 49635.9 44334.7 30216.4 29906.1 29541.9 4100.59 14118.3 6337.3 7781.02 2789.15 1619.86 1169.29
internal_count=215980 199700 198900 177631 121047 119801 118339 16427 56584 25395 31189 11174 6490 4684
is_linear=0
shrinkage=0.02


Tree=91
num_leaves=15
num_cat=0
split_feature=1 2 35 18 30 35 22 19 20 34 34 20 36 1
split_gain=19.3544 14.6835 13.1722 11.1938 10.6437 11.4917 9.36157 14.5209 7.79002 18.0079 14.6319 14.1432 15.2106 13.2913
threshold=0.59278711676597606 0.10226704180240632 1.9841560442183592e-13 0.0015195864834822716 -0.42759253084659571 3.1388201770805179e-13 -0.27585932612419123 0.75000000000000011 8.6315812950488193e-05 -0.28388889133930201 0.094444446265697493 9.1387686552479877e-05 4.4845270346597498e-13 0.51935729384422313
decision_type=2 2 2 8 2 2 2 2 10 10 8 10 2 2
left_child=1 2 -1 4 -4 -6 -2 -8 10 -10 -7 13 -13 -11
right_child=6 -3 3 -5 5 8 7 -9 9 11 -12 12 -14 -15
leaf_value=0.0029214914787034493 0.0039163746515050038 0.0032592643235340884 0.0033558555590745983 0.0031007569231190691 -0.0015084318883424503 7.432276497122662e-05 0.0044117137076055161 -0.0012005482261547491 -0.0059692666235376573 -0.000541306378299025 0.0050629006840113271 0.0011652344993643661 -0.00040465655373079828 -0.0037201346237978072
leaf_weight=555.92997597157955 692.45721524953842 510.11201554536819 324.62197031080723 408.02789416909218 2425.8359951078892 27238.06625290215 259.89520055055618 523.34542538225651 209.48600777983665 1287.4697624891996 217.24246048927307 2924.9427935779095 15252.802382439375 879.44465415179729
leaf_count=2233 2821 2097 1307 1640 9720 109254 1062 2119 845 5156 872 11713 61126 3526
internal_value=1.17648e-05 -5.24484e-05 -8.63563e-05 -0.000120165 -0.000147267 -0.000171136 0.00225497 0.000725194 -0.000102964 -0.000397215 0.000117452 -0.000334034 -0.000151046 -0.00185366
internal_weight=53709.7 52234 51723.9 51167.9 50759.9 50435.3 1475.7 783.241 48009.5 20554.1 27455.3 20344.7 18177.7 2166.91
internal_count=215491 209489 207392 205159 203519 202212 6002 3181 192492 82366 110126 81521 72839 8682
is_linear=0
shrinkage=0.02


Tree=92
num_leaves=15
num_cat=0
split_feature=31 2 5 13 1 1 34 26 2 34 5 5 29 30
split_gain=24.3181 18.1456 14.3114 19.132 17.6289 13.6003 14.3115 11.2287 10.8814 11.967 10.8229 16.3439 14.9483 13.9069
threshold=-0.28470504283905024 0.033597726374864585 0.00094444295973517012 0.91666665673255932 0.44077210128307348 0.4277255535125733 -0.27666667103767389 0.067623123526573195 0.078768830746412291 -0.016666667070239779 0.0027108440408483152 0.0026646935148164634 0.14405260235071185 -0.10133925080299376
decision_type=8 2 8 2 2 2 10 2 2 10 8 10 2 2
left_child=-1 10 5 8 -5 -3 -7 -6 -4 -10 11 13 -12 -2
right_child=1 2 3 4 7 6 -8 -9 9 -11 12 -13 -14 -15
leaf_value=-0.0062984108559457422 0.00095316802924010058 -0.0054692048367883774 0.00092953354509770869 0.0020845408135425647 -0.00165973731597043 0.0045137573356248233 -0.00082614879593701852 0.00065773053595677628 0.0031880666700644261 -0.0016898375693927777 -0.00040763719619475779 0.0048724873513369083 -0.0027281368025578001 -0.00026450221072217887
leaf_weight=216.6732602417469 4997.8199481219053 207.68215562403202 12088.075680017471 956.69271411001682 2610.5308729857206 200.46605594456196 2237.1283431947231 1212.9279697388411 1590.8059115111828 217.20154275000095 10844.211337283254 264.29006758332253 1218.7592835277319 14849.148200944066
leaf_count=870 20014 840 48607 3849 10487 814 8990 4867 6529 878 43401 1058 4877 59427
internal_value=9.8483e-05 0.000126736 0.00057894 0.000773968 -0.000316469 -0.000793476 -0.000353839 -0.000924963 0.00114899 0.00258999 -0.000173107 0.000111026 -0.000646212 4.27797e-05
internal_weight=53712.4 53495.7 21321.5 18676.2 4780.15 2645.28 2437.59 3823.46 13896.1 1808.01 32174.2 20111.3 12063 19847
internal_count=215508 214638 85861 75217 19203 10644 9804 15354 56014 7407 128777 80499 48278 79441
is_linear=0
shrinkage=0.02


Tree=93
num_leaves=15
num_cat=0
split_feature=2 5 31 2 5 26 29 5 14 5 5 30 1 14
split_gain=20.5372 13.0874 10.7102 11.1272 12.2849 18.1399 16.1902 14.5745 11.7832 12.4444 11.9781 13.8031 10.6667 10.0003
threshold=0.085550121963024153 0.00039425591239705687 -0.25496472418308253 0.020060267299413684 0.0027315481565892701 -0.13022147119045255 0.12087173014879228 0.0026646935148164634 0.00058887767954729508 0.0013461711350828411 0.0016914033913053574 0.11488774046301843 0.49814632534980779 0.00010373405530117453
decision_type=2 10 10 2 10 2 2 10 10 10 10 2 2 10
left_child=1 -1 -3 4 7 -6 -7 12 10 -10 -5 -12 -4 -2
right_child=13 2 3 8 5 6 -8 -9 9 -11 11 -13 -14 -15
leaf_value=0.004041076161446098 0.0052223034673948071 -0.0033342509810016115 -0.00079274264154290033 -0.00039981285138316475 -0.0026213745974465615 4.0357586035163295e-05 -0.0027886007450780444 0.0045391340161789542 0.0065084279691974322 0.0010357807766846344 0.00068807523179880065 -0.0006974175052604359 0.00037680380257655951 0.0013540484356299005
leaf_weight=285.28978273272514 323.1836072653532 389.39630989730358 5809.6142457276583 12187.499227836728 2168.0259799063206 4524.148871421814 965.32235078513622 248.86474694311619 202.50764667987823 698.70400652289391 14393.248204767704 3576.0922853946686 6691.1666779071093 1327.3717084974051
leaf_count=1145 1329 1561 23246 48926 8675 18101 3862 996 814 2813 57786 14353 26777 5441
internal_value=-1.79428e-05 -8.78476e-05 -0.000112113 -8.6448e-05 -0.000449015 -0.00108107 -0.000465431 -6.83008e-05 0.000151918 0.00238012 8.37963e-05 0.000411878 -0.000167129 0.00216492
internal_weight=53790.4 52139.9 51854.6 51465.2 20407.1 7657.5 5489.47 12749.6 31058.1 901.212 30156.8 17969.3 12500.8 1650.56
internal_count=215825 209055 207910 206349 81657 30638 21963 51019 124692 3627 121065 72139 50023 6770
is_linear=0
shrinkage=0.02


Tree=94
num_leaves=15
num_cat=0
split_feature=1 5 2 4 2 31 16 13 10 37 36 26 36 2
split_gain=27.3 15.805 14.46 11.314 12.429 11.8117 10.8446 10.8309 10.5298 9.59996 9.15636 9.14404 9.47046 9.10664
threshold=0.59278711676597606 0.00039425591239705687 0.10226704180240632 1.0000000180025095e-35 0.0088585014455020445 -0.25496472418308253 0.00020070495520485568 0.75000000000000011 0.00017731539264786991 0.39454062283039099 2.4668688044984099e-13 -0.045031270012259476 1.6974209039212486e-12 0.020060267299413684
decision_type=2 10 2 2 2 10 10 2 10 2 2 2 2 2
left_child=1 -1 3 4 -3 -5 -6 -2 -9 11 -7 -8 13 -13
right_child=7 2 -4 5 6 10 9 8 -10 -11 -12 12 -14 -15
leaf_value=0.0044503476604582405 0.0046016610997015915 6.8697813949973282e-05 0.0031867959486777419 -0.0037027466077212087 -0.0025048768254004776 0.0033026001979954778 -0.0015844212607443531 -0.00019857213865465484 0.0047843331366213548 -0.0044901249831950556 1.8158526067959768e-05 0.00010549911198161032 -0.0029084730212129042 0.0036115907685840705
leaf_weight=289.00403501093388 639.53754436969757 3929.8140828609467 514.37978866696358 319.12743075191975 2133.5959558784962 322.28485636413097 1131.286168307066 628.0946499556303 211.65667767822742 213.71590681374073 41999.081528812647 755.4377521276474 213.9521144926548 468.91993883252144
leaf_count=1161 2617 15721 2117 1279 8536 1295 4526 2546 857 855 168484 3022 856 1876
internal_value=1.67489e-05 -5.95228e-05 -8.62882e-05 -0.000120212 -0.000770244 1.4949e-05 -0.00143833 0.00267767 0.00113943 -0.000608706 4.47183e-05 -0.000253699 0.00080034 0.00148477
internal_weight=53769.9 52290.6 52001.6 51487.2 8846.72 42640.5 4916.91 1479.29 839.751 2783.31 42321.4 2569.6 1438.31 1224.36
internal_count=215748 209728 208567 206450 35392 171058 19671 6020 3403 11135 169779 10280 5754 4898
is_linear=0
shrinkage=0.02


Tree=95
num_leaves=15
num_cat=0
split_feature=26 31 0 34 5 5 28 32 34 16 5 34 34 5
split_gain=16.1746 17.0905 13.6101 17.1159 12.0506 24.4915 12.377 15.1457 17.3713 17.0214 11.8184 26.1761 23.7457 17.4193
threshold=-0.67202508449554432 -0.25496472418308253 0.063240546733140959 -0.027777778916060921 0.0027315481565892701 0.002584213856607676 -0.26830777525901789 -0.17473434656858441 -0.19888889044523236 0.00026491702010389423 0.0029985909350216393 -9.1593399531575395e-16 -0.13222222775220868 0.0046609253622591504
decision_type=2 8 2 10 10 10 2 10 8 10 10 8 8 10
left_child=-1 -2 4 -4 5 6 -3 8 -8 -10 11 -6 13 -12
right_child=1 2 3 -5 10 -7 7 -9 9 -11 12 -13 -14 -15
leaf_value=0.0038366273912044404 -0.0040471940499242874 -0.0015730990071062061 0.0011569883191991889 -0.00051286835074478314 -0.0035232249560341951 0.0029772195021627872 0.0058540695483306846 3.2184552039474534e-06 -0.001553136250588073 0.0048373337737590448 0.0036482121268272163 0.0019403944720879189 -0.00068589066800292607 -0.00090217395053348291
leaf_weight=424.07435356080532 393.34901681542397 1856.2912492156029 7961.4015750437975 3532.3725757002831 1325.4548806101084 1127.5943177342415 361.91797077655792 22769.063897222281 489.13717275857925 228.22288344800472 920.07246749103069 459.85430370271206 11438.404260247946 513.68588562309742
leaf_count=1712 1579 7449 32173 14191 5310 4518 1455 91225 1961 915 3693 1841 45794 2061
internal_value=3.54349e-05 3.80905e-06 3.53995e-05 0.000643793 -0.000133371 0.00011858 -9.03781e-06 0.000113921 0.00240681 0.000556007 -0.000594131 -0.00211002 -0.000380937 0.00202792
internal_weight=53800.9 53376.8 52983.5 11493.8 41489.7 26832.2 25704.6 23848.3 1079.28 717.36 14657.5 1785.31 12872.2 1433.76
internal_count=215877 214165 212586 46364 166222 107523 103005 95556 4331 2876 58699 7151 51548 5754
is_linear=0
shrinkage=0.02


Tree=96
num_leaves=15
num_cat=0
split_feature=31 30 5 16 5 5 5 17 35 5 12 9 29 31
split_gain=14.0627 13.0509 12.9928 12.1221 11.7693 10.5643 10.5986 11.0463 8.89797 15.4375 8.38327 9.26264 8.88078 8.10063
threshold=-0.28470504283905024 -0.36972333490848536 0.0025648311711847786 0.0013909395202063026 0.0016215830110013487 0.00039425591239705687 0.00058565719518810521 0.75000000000000011 1.9841560442183592e-13 0.0016095396713353696 3.2790539989946417e-05 0.25000000745058065 0.0053564230911433705 0.031841270625591285
decision_type=8 2 8 8 10 8 8 2 2 10 10 2 2 10
left_child=-1 2 4 5 -2 -3 7 -7 9 -8 13 12 -12 -10
right_child=1 3 -4 -5 -6 6 8 -9 10 -11 11 -13 -14 -15
leaf_value=-0.0048403267992230261 0.0017548569299878376 0.0043182535752548188 -0.0015148204140112149 0.0046082633669923484 0.0077564713642702563 -0.0047063854170878265 -0.0013746935200292382 -0.00012841689232853169 -0.00043904657000750887 0.0054795570143882956 0.0046389162078720224 -3.0234978385541562e-05 -2.7734324530198151e-05 -0.0052393063382324395
leaf_weight=217.24934364855289 350.58126492798328 203.7468449473381 212.00823371112347 207.50372998416424 204.98770554363728 373.73462438583374 217.7762481123209 456.33400678634644 351.66754457354546 287.99389266967773 315.11613799631596 49851.645181491971 317.3522597849369 218.9426304847002
leaf_count=872 1415 819 855 836 828 1500 875 1829 1413 1158 1270 199993 1278 879
internal_value=1.81957e-05 3.96984e-05 0.00259527 1.57956e-06 0.00416184 -1.83403e-05 -3.68467e-05 -0.00225186 -3.28051e-07 0.0025882 -2.69746e-05 7.3957e-07 0.00236827 -0.00239595
internal_weight=53786.6 53569.4 767.577 52801.8 555.569 52594.3 52390.6 830.069 51560.5 505.77 51054.7 50484.1 632.468 570.61
internal_count=215820 214948 3098 211850 2243 211014 210195 3329 206866 2033 204833 202541 2548 2292
is_linear=0
shrinkage=0.02


Tree=97
num_leaves=15
num_cat=0
split_feature=31 3 10 29 32 14 4 14 36 0 0 34 4 36
split_gain=17.9029 19.5657 11.5918 10.6292 14.9892 16.2188 18.3672 14.5563 12.0437 13.5388 11.2777 9.68903 15.804 14.0327
threshold=-0.28470504283905024 0.57983189821243297 0.00023590172349940988 -0.20163759589195249 -0.14608979225158689 0.00014409431605599823 1.0000000180025095e-35 0.00020247099018888551 2.4668688044984099e-13 0.0011855105985887351 0.031687024980783469 -0.076666668057441698 1.0000000180025095e-35 6.0947365318649037e-13
decision_type=8 2 8 2 10 10 2 10 2 2 2 10 2 2
left_child=-1 2 3 7 5 6 -5 -2 -6 -10 -9 12 -11 -14
right_child=1 -3 -4 4 8 -7 -8 10 9 11 -12 -13 13 -15
leaf_value=-0.0055439710748932235 -0.0021597638224612288 0.0027229035700316725 0.00092927238546584119 -0.0022744355039617022 0.0036336271216865913 6.3486795470981886e-05 0.0037185993955248034 -0.0022804265045886659 0.0025218500995377669 -0.0012398136033492154 0.0017209052356471823 -0.00047844461338532904 -0.00054703810319024077 0.00095963077893884458
leaf_weight=213.99990762770176 2248.5669771879911 1015.2747173458338 4378.7219270467758 229.96628233790398 310.48624587059021 2183.204310208559 1246.4631395190954 387.29939924180508 698.20682701468468 2565.3242359608412 897.29927615821362 25869.079106360674 3576.1450299918652 7916.5570839941502
leaf_count=859 9025 4182 17591 920 1246 8768 5012 1551 2794 10263 3605 103606 14349 31852
internal_value=-2.40066e-05 1.26524e-07 -5.35375e-05 -0.000143302 -5.93963e-05 0.00116338 0.00276721 -0.00119606 -0.000169226 -0.000200064 0.00049806 -0.000248901 0.000173577 0.00049067
internal_weight=53736.6 53522.6 52507.3 48128.6 44595.4 3659.63 1476.43 3533.17 40935.8 40625.3 1284.6 39927.1 14058 11492.7
internal_count=215623 214764 210582 192991 178810 14700 5932 14181 164110 162864 5156 160070 56464 46201
is_linear=0
shrinkage=0.02


Tree=98
num_leaves=15
num_cat=0
split_feature=2 33 4 37 32 20 20 20 5 9 20 5 20 5
split_gain=15.7631 10.8386 10.1198 11.8345 11.051 15.6616 15.0437 12.8963 12.8056 11.4681 10.9181 21.7527 17.1903 17.8607
threshold=0.085550121963024153 -0.093333333730697618 1.0000000180025095e-35 0.43947131931781774 -0.0065407324582338324 6.2638508097734316e-05 4.8896938096731908e-05 7.2260652814293294e-05 0.001316407055128366 0.58333334326744091 0.00011193597674719059 0.003820929792709649 8.5885560110909878e-05 0.0038617954123765235
decision_type=2 10 2 2 10 10 8 10 8 2 10 10 8 8
left_child=2 -2 3 4 6 -6 8 9 -1 -8 12 -12 -4 -14
right_child=1 -3 10 -5 5 -7 7 -9 -10 -11 11 -13 13 -15
leaf_value=5.2317366730031387e-05 0.0030424341033983703 -0.00036064374487923762 0.00016956745288008619 -0.0035170725588363639 0.00046365362836422785 -0.0020984813373248219 0.0053364083265582396 -0.0001101124558901673 -0.0051551498478763927 0.0011307137027415782 0.0015523885352374308 -0.00029974361677807349 -0.0013774045467610824 0.00072489922027318423
leaf_weight=414.15794341266155 1104.993790730834 555.22113285958767 24353.535808637738 526.91566403210163 1454.2404537200928 2721.8407395631075 356.67738679051399 2300.9731186181307 326.66245603561401 882.86480939388275 5165.1759307682514 4954.8020822256804 6592.5921388268471 2125.3906621187925
leaf_count=1657 4562 2256 97736 2108 5818 10889 1427 9205 1307 3532 20716 19868 26426 8517
internal_value=6.88458e-06 0.00191361 -5.44966e-05 -0.000664421 -0.000478817 -0.00120831 0.000235051 0.000779499 -0.00231905 0.00240642 7.26237e-05 0.000646771 -0.000103352 -0.00086439
internal_weight=53836 1660.21 52175.8 8984.33 8457.42 4176.08 4281.34 3540.52 740.82 1239.54 43191.5 10120 33071.5 8717.98
internal_count=216024 6818 209206 35943 33835 16707 17128 14164 2964 4959 173263 40584 132679 34943
is_linear=0
shrinkage=0.02


Tree=99
num_leaves=15
num_cat=0
split_feature=0 30 31 4 36 35 34 8 3 26 29 29 1 14
split_gain=15.2219 14.9065 12.4291 10.3889 17.0377 12.6021 12.3393 13.2744 11.2449 10.8572 10.7589 11.8603 10.6792 10.4574
threshold=0.1037161946296692 -0.42759253084659571 -0.25496472418308253 1.0000000180025095e-35 8.7522429082810559e-13 3.241465798033139e-13 -0.13222222775220868 0.00010188911619479769 0.4733590036630631 -0.40508700907230372 0.13416474312543872 0.070800121873617186 0.45186166465282446 0.0001601880285306834
decision_type=2 2 8 2 2 2 8 10 2 2 2 2 2 8
left_child=1 -1 -3 4 5 -4 7 10 -6 -7 11 -5 -12 -9
right_child=-2 2 3 6 8 9 -8 13 -10 -11 12 -13 -14 -15
leaf_value=0.0037371149129849235 0.002176663873333613 -0.0038528150662262908 -0.0027407265012529343 0.00040241010879331763 -0.0057762673880942588 -0.0039753739467808906 -8.9400703031872604e-05 -0.00039653575778840852 -0.0015102434332906461 0.00043567791488636451 0.0013045153100940559 0.0030414540800098432 -0.0029326080897159913 0.0034727020388933454
leaf_weight=396.77070900797844 1260.6179061233997 323.39812605082989 608.89557294547558 6458.5452215969563 258.62062208354473 213.17995819449425 33234.637537047267 371.05173945426941 2540.0429293513298 5229.3679010570049 347.78641414642334 742.88238477706909 673.83148962259293 1066.040370374918
leaf_count=1601 5129 1297 2436 26019 1035 853 133208 1500 10162 20920 1407 2995 2711 4310
internal_value=2.22992e-05 -3.02751e-05 -6.04072e-05 -3.52258e-05 -0.000658307 -5.98827e-05 9.3576e-05 0.000721971 -0.00194265 0.000248978 0.000409115 0.000682317 -0.00149282 0.00248195
internal_weight=53725.7 52465.1 52068.3 51744.9 8850.11 6051.44 42894.8 9660.14 2798.66 5442.55 8223.05 7201.43 1021.62 1437.09
internal_count=215583 210454 208853 207556 35406 24209 172150 38942 11197 21773 33132 29014 4118 5810
is_linear=0
shrinkage=0.02


Tree=100
num_leaves=15
num_cat=0
split_feature=1 2 31 31 8 2 36 26 14 2 27 35 19 32
split_gain=17.042 14.257 12.2192 11.8314 22.9603 14.3268 13.4935 12.8654 11.8805 12.5488 11.4521 11.104 20.0364 15.2194
threshold=0.59278711676597606 0.10855389758944513 -0.25496472418308253 -0.055580521002411835 7.5363164796726792e-05 0.038621651008725173 8.7522429082810559e-13 -0.46963448822498316 0.00013094637688482183 0.0078533049672842043 -0.10907168313860892 6.5990664538731491e-13 0.91666665673255932 0.034462759271264083
decision_type=2 2 8 10 10 2 2 2 10 2 2 2 2 10
left_child=1 2 -1 4 -4 6 11 -8 9 -9 -11 -5 -13 -14
right_child=-2 -3 3 5 -6 -7 7 8 -10 10 -12 12 13 -15
leaf_value=-0.0036105401446873981 0.0021433894295123622 0.0039456586652460461 -0.00010590884581623133 -0.00046891344901821638 0.0015241041501293582 0.00039939497068272627 0.0032045047450575299 0.0030729117187497557 -0.0018555853991392202 0.0032130777169797585 -0.001669970047183029 0.0015304589664656724 0.00085713140717050946 -0.0032001492311570174
leaf_weight=359.9384573251009 1493.4556971043348 342.04422026872635 10025.148297414184 13614.91884611547 5253.8028203397989 10881.408541187644 236.74233220517635 400.62384007871151 5095.1847610920668 210.96713027358055 1144.8553994894028 3236.6395881325006 690.30428071320057 760.13619251549244
leaf_count=1443 6083 1412 40221 54488 21085 43798 949 1603 20400 845 4584 12956 2763 3042
internal_value=5.11818e-05 -9.41367e-06 -3.69836e-05 -1.06417e-05 0.000455845 -0.000207285 -0.000467397 -0.00120696 -0.00136827 5.03149e-05 -0.000874501 -0.000179957 0.000657823 -0.00128378
internal_weight=53746.2 52252.7 51910.7 51550.7 15279 36271.8 25390.4 7088.37 6851.63 1756.45 1355.82 18302 4687.08 1450.44
internal_count=215672 209589 208177 206734 61306 145428 101630 28381 27432 7032 5429 73249 18761 5805
is_linear=0
shrinkage=0.02


Tree=101
num_leaves=15
num_cat=0
split_feature=4 5 2 20 33 33 20 27 18 20 27 1 15 35
split_gain=17.4273 15.8605 11.4317 10.5469 12.5167 9.91937 9.66424 11.9396 13.2502 11.7192 15.1716 13.6423 14.5031 16.488
threshold=1.0000000180025095e-35 0.00039425591239705687 0.070678327232599272 3.3007851016009233e-05 -0.29666666686534876 -0.18333333730697629 0.00011193597674719059 -0.12734233587980268 0.00076948560308665048 8.5885560110909878e-05 -0.11709902435541152 0.50754868984222423 0.91666665673255932 2.2068092795854426e-12
decision_type=2 10 2 10 10 10 10 2 10 10 2 2 2 2
left_child=5 -2 6 -4 -5 -1 9 8 -8 11 -11 -3 13 -13
right_child=1 2 3 4 -6 -7 7 -9 -10 10 -12 12 -14 -15
leaf_value=-0.0022081295592700492 0.0053182006140785262 -0.00037860370784524334 -0.0023688198480743064 0.0043104495248493776 0.00096885866656790944 -0.00048814957711939628 0.0011861123459113007 0.00020773508032653334 0.0054442659128564816 -0.0022709504643427399 -0.00029021958329918877 0.00074472732902010634 -0.00066342143058007884 0.0039344462496169177
leaf_weight=1627.4302108585835 217.25982427597046 11684.062041386962 295.52314713597298 507.38194307684898 3149.2139806896448 7323.9958414584398 1805.0645968019962 7569.2222408652306 333.62764491140842 2041.6540723443031 6224.6968717724085 7491.3992968946695 2697.8940878212452 691.90563182532787
leaf_count=6512 875 46814 1209 2100 12816 29300 7238 30339 1341 8183 24934 30068 10818 2785
internal_value=-5.90408e-07 0.000160769 0.000133206 0.00115715 0.00145346 -0.000805079 3.28619e-05 0.000582501 0.00189465 -0.000140468 -0.000783728 9.56636e-05 0.000604685 0.00102336
internal_weight=53660.3 44708.9 44491.6 3952.12 3656.6 8951.43 40539.5 9707.91 2138.69 30831.6 8266.35 22565.3 10881.2 8183.3
internal_count=215332 179520 178645 16125 14916 35812 162520 38918 8579 123602 33117 90485 43671 32853
is_linear=0
shrinkage=0.02


Tree=102
num_leaves=15
num_cat=0
split_feature=30 31 1 36 2 14 18 36 36 20 20 35 26 12
split_gain=15.5226 19.417 14.8893 11.3899 11.0241 16.7105 12.3003 15.0606 11.4003 11.0108 11.343 10.3538 10.2206 9.80664
threshold=-0.42759253084659571 -0.25496472418308253 0.60842645168304454 2.4668688044984099e-13 0.02028679754585028 0.00058887767954729508 0.0005082850402686746 7.6161313041812905e-13 2.4962949459264587e-12 0.00013384887279244143 9.188696640194395e-05 3.1388201770805179e-13 0.26451325416564947 0.00016295435489155355
decision_type=2 8 2 2 2 8 10 2 2 8 10 2 2 10
left_child=-1 -2 3 -3 11 6 -6 -8 12 10 -7 13 -9 -5
right_child=1 2 -4 4 5 9 7 8 -10 -11 -12 -13 -14 -15
leaf_value=0.0037849837147565482 -0.004608084680990142 0.0032652600503654382 0.0038228159871033407 -0.0009477835051020046 0.00030429938218126548 0.0038176603487727495 -0.0016322234175091533 0.001807267623750494 -0.002845575367189347 0.0051449465345029003 -0.0020005624660589124 -0.00028084972130056952 -0.0023883726070266561 -0.004947446417427304
leaf_weight=415.71581986546516 344.11339417099953 403.02511397004128 390.00017021596432 785.52348907291889 25594.249690368772 233.90946890413761 3132.2081552445889 1516.2302679270506 314.00048299133778 419.40146178007126 265.3927096426487 19421.834653198719 255.78420419991016 345.330127581954
leaf_count=1680 1381 1619 1596 3143 102876 942 12561 6090 1268 1692 1068 77716 1028 1382
internal_value=2.53352e-05 -5.32749e-06 2.62381e-05 -3.305e-06 -2.97394e-05 0.00020395 0.000123784 -0.000759385 0.00055426 0.00283273 0.000767172 -0.000390379 0.00118174 -0.00223392
internal_weight=53836.7 53421 53076.9 52686.9 52283.9 31731.2 30812.5 5218.22 2086.01 918.704 499.302 20552.7 1772.01 1130.85
internal_count=216042 214362 212981 211385 209766 127525 123823 20947 8386 3702 2010 82241 7118 4525
is_linear=0
shrinkage=0.02


Tree=103
num_leaves=15
num_cat=0
split_feature=4 31 34 1 19 12 36 20 16 34 36 36 36 34
split_gain=14.0201 13.7808 15.6616 12.342 12.7258 12.1696 10.2691 10.485 22.0841 14.5075 20.3109 19.1135 13.1535 12.9248
threshold=1.0000000180025095e-35 -0.25496472418308253 -0.13222222775220868 0.55157259106636058 0.58333334326744091 0.00055653305025771271 2.4668688044984099e-13 0.00011193597674719059 0.00058696302585303794 0.026666667312383655 4.1256314499676238e-13 1.0804067059402846e-12 6.2743457348093955e-13 -1.804112415015879e-15
decision_type=2 8 10 2 2 8 2 10 8 10 2 2 2 10
left_child=-1 -2 3 4 -3 6 -4 8 9 10 -8 12 -11 -12
right_child=1 2 5 -5 -6 -7 7 -9 -10 11 13 -13 -14 -15
leaf_value=-0.00077539966848150861 -0.0036392037088094674 -0.001018092118253216 0.0040606186159964589 0.0018705871680250448 0.00084881811547129257 0.0031579437665103099 -0.0021301516081107586 0.00040609851612243919 -0.0037552816016024398 0.00075666946771341408 2.0127624631935262e-05 -0.0028433393683886653 0.0038930547776661185 -0.001433772833158089
leaf_weight=8927.3330197185278 372.57008311152458 1960.1336478590965 212.41779907047749 3028.6911065876484 5556.0821769684553 436.71215631067753 2547.9459286481142 9421.3690639287233 731.6805797368288 1967.5558470785618 14524.505264475942 428.23118941485882 721.75793319940567 2920.8675147145987
leaf_count=35716 1496 7896 853 12301 22366 1758 10209 37777 2934 7880 58237 1717 2892 11697
internal_value=-5.25458e-05 9.16813e-05 0.00012457 0.000796975 0.000360542 -8.48543e-05 -0.000129018 -0.000158196 -0.000381331 -0.000271358 -0.000469383 0.000993501 0.00162094 -0.000224661
internal_weight=53757.9 44830.5 44458 10544.9 7516.22 33913 33476.3 33263.9 23842.5 23110.9 19993.3 3117.54 2689.31 17445.4
internal_count=215729 180013 178517 42563 30262 135954 134196 133343 95566 92632 80143 12489 10772 69934
is_linear=0
shrinkage=0.02


Tree=104
num_leaves=15
num_cat=0
split_feature=26 2 25 16 14 28 20 30 13 26 9 20 35 14
split_gain=15.3905 12.1669 10.6326 9.31309 11.014 8.93759 8.91796 13.6654 10.5573 10.3022 9.70189 9.45974 9.40746 10.7708
threshold=-0.62117654085159291 0.032758157700300224 -0.51898491382598866 7.0002726715756594e-05 6.7562730691861375e-05 -0.39747546613216395 0.00015532915131188932 -0.054585015401244157 0.91666665673255932 0.019835621118545536 0.41666667163372045 0.00019018566672457385 6.30467737478685e-13 0.00029596236709039664
decision_type=2 2 2 8 10 2 8 2 2 2 2 10 2 10
left_child=2 3 -1 -2 -5 -6 8 11 10 -10 -3 -8 13 -9
right_child=1 6 -4 4 5 -7 7 12 9 -11 -12 -13 -14 -15
leaf_value=0.00050246683391333565 -0.0025297648629580083 0.0018519748027314928 0.0056818932933076181 0.0017894089245702341 -0.0032684051430363244 -0.0002388968314755377 0.0019157949236593755 -0.0022635708682466208 -0.0014030395335712987 0.00042103198280937673 0.00031421027851898992 -0.0029875105844762834 0.0049711978368760677 0.0040095687031685657
leaf_weight=321.69051165878773 687.06531402468681 1853.2257495522499 300.995290979743 1046.5901432484388 374.94371654093266 29307.099981412292 294.71303755044937 200.81412167847157 2651.1725037097931 2295.7298946976662 13364.713391676545 295.82872150838375 539.25095425546169 198.68856383860111
leaf_count=1297 2750 7501 1218 4189 1502 117300 1188 807 10649 9217 53841 1194 2175 800
internal_value=2.85937e-05 -8.631e-06 0.00310502 -0.000260122 -0.000207763 -0.000279341 0.000355463 0.00181796 0.000242856 -0.000558248 0.000503663 -0.000557891 0.00329299 0.000898727
internal_weight=53732.5 53109.8 622.686 31415.7 30728.6 29682 21694.1 1529.3 20164.8 4946.9 15217.9 590.542 938.754 399.503
internal_count=215628 213113 2515 125741 122991 118802 87372 6164 81208 19866 61342 2382 3782 1607
is_linear=0
shrinkage=0.02


Tree=105
num_leaves=15
num_cat=0
split_feature=5 5 0 10 30 29 5 3 22 32 32 3 34 5
split_gain=14.8103 13.7239 15.8576 12.6903 13.0744 14.5776 20.4602 17.1203 14.847 10.3413 10.2653 14.4819 15.1446 18.7329
threshold=0.00039425591239705687 0.00058565719518810521 0.052167221903800971 0.00029238103888928896 -0.42759253084659571 -0.20163759589195249 0.0049555820878595122 0.51482048630714428 0.28235867619514471 -0.033813746646046632 -0.015184985008090733 0.53735357522964489 -0.097777780145406709 0.004300781525671483
decision_type=8 8 2 8 2 2 8 2 2 10 10 2 8 10
left_child=-1 2 9 4 -3 6 7 -6 -9 -2 -7 -12 -13 -14
right_child=1 3 -4 -5 5 10 -8 8 -10 -11 11 12 13 -15
leaf_value=0.0050613247692586141 -0.0011687315063184146 0.003570195934508909 0.0020895531107261952 0.0014892302458522255 -0.0026924622009491589 0.00038019383844411451 -0.005591425524406426 0.00097713197716395067 -0.0036883950642451276 -0.0062924472160459646 -0.00038650305422939518 0.0029315161929059294 -0.0010406267041655269 0.0042095791328372271
leaf_weight=212.99670878052711 297.77097608149052 383.03013463318348 214.57242970168591 2319.2816785722971 1147.857164606452 20766.312882363796 369.63386845588684 1874.127305328846 298.86265285313129 343.34497839212418 22734.326163560152 1104.6534100472927 1417.4683363586664 315.2386082559824
leaf_count=857 1193 1548 864 9332 4600 83350 1485 7544 1202 1375 91111 4481 5694 1266
internal_value=2.98503e-05 7.97024e-06 -0.00247527 4.91902e-05 -1.7626e-05 -4.6511e-05 -0.00125275 -0.000739241 0.000307672 -0.00402005 5.0056e-05 -0.000218131 0.00112421 -4.82993e-05
internal_weight=53799.5 53586.5 855.688 52730.8 50411.5 50028.5 3690.48 3320.85 2172.99 641.116 46338 25571.7 2837.36 1732.71
internal_count=215902 215045 3432 211613 202281 200733 14831 13346 8746 2568 185902 102552 11441 6960
is_linear=0
shrinkage=0.02


Tree=106
num_leaves=15
num_cat=0
split_feature=10 2 18 9 29 5 3 30 32 5 17 14 12 20
split_gain=15.3961 10.7718 16.7079 13.8198 9.16586 17.0529 13.4622 11.7448 11.2464 10.4699 10.3412 10.1862 9.01862 8.70762
threshold=0.00023954993230290714 0.085550121963024153 0.00024183484492823484 0.58333334326744091 -0.2231982350349426 0.0049555820878595122 0.50789999961853038 -0.29019676148891443 -0.14608979225158689 0.00039425591239705687 0.91666665673255932 0.00030873359355609869 0.00015799735410837459 8.1674392276909216e-05
decision_type=8 2 10 2 2 8 2 2 10 10 2 10 10 10
left_child=1 4 -3 -4 5 6 7 -1 10 -10 11 -6 -8 -12
right_child=-2 2 3 -5 8 -7 12 -9 9 -11 13 -13 -14 -15
leaf_value=0.00053363185228859952 0.0011503052273143196 0.0036413096258421634 0.0025782902696887718 -0.0027932270664926713 0.0019567340875726374 -0.0059814313805104657 -0.00071866179627449794 -0.0047478713246900065 0.0040420509631213502 -0.00020647172565954941 -0.0023793210761221401 -0.0016675263281390024 0.0023341707353262907 0.0012038138945145826
leaf_weight=247.48543845117092 4253.6080015301704 744.44415581226349 310.67125461995602 436.66625945270061 2603.1877713501453 256.35012310743332 1284.9889821261168 483.42665973305702 213.3793713003397 40972.639532923698 577.04565927386284 336.37653906643391 530.45247203111649 480.19318227469921
leaf_count=992 17103 3072 1279 1782 10462 1029 5164 1936 857 164227 2316 1351 2132 1927
internal_value=-1.43636e-06 -0.000100877 0.00156145 -0.000551265 -0.000153185 -0.00125888 -0.00074053 -0.00299298 -8.40722e-05 -0.000182509 0.000926157 0.00153354 0.000189058 -0.000759742
internal_weight=53730.9 49477.3 1491.78 747.338 47985.5 2802.7 2546.35 730.912 45182.8 41186 3996.8 2939.56 1815.44 1057.24
internal_count=215629 198526 6133 3061 192393 11253 10224 2928 181140 165084 16056 11813 7296 4243
is_linear=0
shrinkage=0.02


Tree=107
num_leaves=15
num_cat=0
split_feature=0 5 5 12 5 18 20 0 5 18 20 37 20 27
split_gain=13.3842 11.6656 13.3432 14.7681 13.1202 15.7703 12.2184 14.9881 10.7271 14.8627 10.517 11.6009 10.496 10.2754
threshold=0.063240546733140959 0.0083050956018269079 0.0065836044959723958 0.00050895847380161296 0.0046609253622591504 0.00054799599456600856 9.2793798103230088e-05 0.025667715817689899 0.0048879447858780631 0.00036865916626993572 0.00010662708882591688 -0.11697947606444357 0.00014066529547562825 -0.088317800313234315
decision_type=2 10 10 8 10 10 10 2 10 10 10 2 10 2
left_child=1 2 3 4 -1 6 7 -6 -8 10 -10 -12 -7 -4
right_child=-2 -3 13 -5 5 12 8 -9 9 -11 11 -13 -14 -15
leaf_value=-6.2424084245886103e-05 0.00063605080206377356 -0.0019813304230526779 -0.00082177399630805822 0.0032345568875591468 0.0004595019148419173 -0.0011658676498468297 -0.0030784057041880692 -0.0048144542236465519 0.0029355818653761423 0.0034725554387935787 -0.0053966270757668097 -3.3808446765652433e-05 -0.0069023486837918651 0.0032556426043344167
leaf_weight=35941.856802836061 11817.987806007266 1292.1820827573538 343.36245661973953 495.87253995239735 358.21924199163914 231.80182252824306 309.0096836835146 509.20487676560879 228.80805465579033 544.78230658173561 223.03114418685436 480.82532335817814 292.62702196836472 803.90835285186768
leaf_count=144016 47700 5175 1375 1994 1434 928 1237 2041 916 2181 893 1925 1172 3219
internal_value=4.19724e-05 -0.000125192 -6.54105e-05 -0.000127445 -0.000171691 -0.00139922 -0.000756844 -0.0026752 0.000193931 0.000910319 -0.000627801 -0.00183528 -0.00450275 0.00204216
internal_weight=53873.5 42055.5 40763.3 39616 39120.2 3178.31 2653.88 867.424 1786.46 1477.45 932.665 703.856 524.429 1147.27
internal_count=216206 168506 163331 158737 156743 12727 10627 3475 7152 5915 3734 2818 2100 4594
is_linear=0
shrinkage=0.02


Tree=108
num_leaves=15
num_cat=0
split_feature=31 26 11 4 36 36 0 8 2 5 30 30 31 2
split_gain=17.8981 15.3845 14.4171 12.6452 12.2398 11.3679 12.5868 11.2629 16.3018 12.5556 13.4121 11.0959 18.6123 10.9734
threshold=-0.28470504283905024 -0.58537012338638295 0.58333334326744091 1.0000000180025095e-35 2.4668688044984099e-13 8.5893315029950134e-13 0.0049896682612597951 9.918087016558276e-05 0.050623988732695586 0.0083050956018269079 0.051988516002893455 -0.082137070596218095 -0.0097137931734323484 0.04891361482441426
decision_type=8 2 2 2 2 2 2 8 2 10 2 2 8 2
left_child=-1 2 -2 5 -5 6 -3 9 -9 -6 -11 -8 -13 -4
right_child=1 3 13 4 7 -7 11 8 -10 10 -12 12 -14 -15
leaf_value=-0.0055519266216834378 0.006374551510734741 0.0017332552423623556 -0.0013466237869001689 0.0038635372816780383 1.8799018902894242e-05 -0.0017123273597361112 0.00094491343538625453 0.00026700255372131307 0.0022535858243282756 -0.0039931582822260369 0.0013559667644548964 -0.0030637339485614745 -8.3072663664488701e-05 0.0043132141064859885
leaf_weight=208.73583808541298 268.01569822430611 1099.8293235450983 345.68021692335606 332.35802763700485 33809.012253761292 2850.7769896686077 1312.7319605797529 6769.7796533554792 2168.6723995655775 602.7344111353159 256.41480338573456 1316.3482987433672 2250.1244647949934 200.14117974042892
leaf_count=838 1085 4400 1387 1337 135719 11406 5252 27140 8786 2416 1028 5266 9002 816
internal_value=3.07661e-05 5.45774e-05 0.00275 1.19805e-05 0.000150838 -0.000677782 -0.000180451 0.000120783 0.000752948 -4.25481e-05 -0.00240217 -0.000617138 -0.00119415 0.000807821
internal_weight=53791.4 53582.6 813.837 52768.8 43939 8829.81 5979.03 43606.6 8938.45 34668.2 859.149 4879.2 3566.47 545.821
internal_count=215878 215040 3288 211752 176426 35326 23920 175089 35926 139163 3444 19520 14268 2203
is_linear=0
shrinkage=0.02


Tree=109
num_leaves=15
num_cat=0
split_feature=3 26 31 31 12 3 9 29 36 26 26 13 2 16
split_gain=11.016 9.55255 12.3978 9.77803 14.7384 10.1874 10.2137 12.5063 10.317 9.53751 9.51546 12.9984 13.0515 19.9504
threshold=0.59215223789215099 -0.67202508449554432 -0.25496472418308253 -0.08700899779796599 0.0003041504387510941 0.47439362108707434 0.41666667163372045 0.0013861058396287265 5.1966560937234684e-13 0.047184277325868614 0.11042011529207231 0.91666665673255932 0.048514837399125106 0.00054805076797492813
decision_type=2 2 8 10 8 2 2 2 2 2 2 2 2 10
left_child=1 -1 -3 4 5 9 -7 -8 -9 -4 11 12 -5 -14
right_child=-2 2 3 10 -6 6 7 8 -10 -11 -12 -13 13 -15
leaf_value=0.0029533701877336228 0.0032109725470220109 -0.0035674992346909871 0.0034806643506345588 -0.00039532606169586986 0.0031166038917263368 0.00230827336890905 -0.00040517038852207844 -0.0011314099068836295 0.0042277264796653233 -0.00026513131281954364 0.00021707726249250495 -0.0011252548059594481 0.0012592982581047074 -0.0046305704257610311
leaf_weight=400.62117816507816 397.92745441198349 382.92324738204479 692.06294067203999 15708.099541768432 777.38764061033726 710.08971902728081 7144.7884747087955 202.60210368037224 420.98377953469753 435.54172377288342 15296.919794276357 7319.3849504888058 3666.4496643096209 225.8717135488987
leaf_count=1617 1656 1536 2783 62909 3128 2856 28679 812 1688 1754 61367 29324 14820 913
internal_value=-2.34799e-05 -4.87833e-05 -7.25893e-05 -4.58005e-05 0.000503449 0.000285939 4.64544e-05 -0.00016569 0.0025055 0.00205443 -0.000181066 -0.0004073 -0.000138321 0.000895584
internal_weight=53781.7 53383.7 52983.1 52600.2 10383.5 9606.07 8478.46 7768.37 623.586 1127.6 42216.7 26919.8 19600.4 3892.32
internal_count=215842 214186 212569 211033 41700 38572 34035 31179 2500 4537 169333 107966 78642 15733
is_linear=0
shrinkage=0.02


Tree=110
num_leaves=15
num_cat=0
split_feature=5 1 21 5 0 17 30 10 18 10 25 0 34 25
split_gain=13.1959 11.454 10.9974 9.95259 11.9549 12.6498 11.0885 9.43515 8.39143 9.15792 9.3794 8.48268 15.922 11.1616
threshold=0.00039425591239705687 0.59278711676597606 -0.27585932612419123 0.00058565719518810521 0.052900552749633796 0.75000000000000011 -0.39414808154106135 8.6244977865135311e-05 0.0009287523280363531 9.2151087301317616e-05 -0.40391109883785242 0.021109270863235 -0.038888890296220772 0.27620050311088568
decision_type=10 2 2 10 2 2 2 10 10 8 2 2 10 2
left_child=-1 3 -3 4 5 -2 7 -5 9 10 -8 -11 -13 -14
right_child=1 2 -4 6 -6 -7 8 -9 -10 11 -12 12 13 -15
leaf_value=0.0040747358539369397 -0.0064000975224577988 0.0034661302447213881 2.7840344014795814e-05 0.0054948996618225145 0.0018930001214162147 -0.00082119601805287381 -0.0017372400916962261 0.00028093051334841129 0.0012199693553565697 -0.00095661052451342422 0.00023881518665455848 0.00035583147628340055 -0.0010866104890912549 0.00084993444927577977
leaf_weight=289.03050388395786 301.75013419985771 687.35092505812645 785.80446143448353 240.86930447816849 199.23148636519909 342.37573418021202 988.41371296346188 301.62811867892742 1796.9474660605192 7935.025881677866 20381.82509149611 10338.499964296818 7721.9549527466297 1391.4831918030977
leaf_count=1163 1209 2809 3198 971 802 1371 3972 1218 7216 31765 81748 41564 30941 5581
internal_value=-4.62445e-05 -7.00608e-05 0.00165703 -0.000119665 -0.00224914 -0.00354875 -8.36512e-05 0.002709 -0.000114679 -0.000164347 0.00014588 -0.000406349 -0.000181129 -0.000789716
internal_weight=53702.2 53413.2 1473.16 51940 843.357 644.126 51096.6 542.497 50554.2 48757.2 21370.2 27387 19451.9 9113.44
internal_count=215528 214365 6007 208358 3382 2580 204976 2189 202787 195571 85720 109851 78086 36522
is_linear=0
shrinkage=0.02


Tree=111
num_leaves=15
num_cat=0
split_feature=31 2 25 27 18 4 19 5 5 36 2 18 18 16
split_gain=15.9907 13.6686 12.6922 11.6072 10.1603 10.1041 12.5713 14.877 11.5168 12.3895 10.6646 10.7149 9.97369 9.8393
threshold=-0.25496472418308253 0.070678327232599272 -0.29583747684955591 0.23729889094829562 0.00044643049477599567 1.0000000180025095e-35 0.91666665673255932 0.00065834738779813062 0.00060721774934791039 8.7522429082810559e-13 0.009482774883508684 0.00047499003994744276 0.0010574989137239756 0.00045661200419999664
decision_type=8 2 2 2 8 2 2 8 8 2 2 10 10 10
left_child=2 5 -1 4 -3 8 -7 -8 -2 13 11 -11 -9 -10
right_child=1 3 -4 -5 -6 6 7 12 9 10 -12 -13 -14 -15
leaf_value=-0.00015636274739182229 -0.0045948215295801608 0.0020725346532817555 -0.00695468248373455 -0.0015584555165178596 -0.00072943922800398041 0.00025527541124941111 0.0034254063741456058 -0.00071477207064984494 -0.0003493814894890867 0.0008414932443345397 -0.0027360595671686071 -0.0036562915810900306 0.0024835730761322596 0.0023395156060037163
leaf_weight=204.08405892550945 278.64616878330708 2725.8421895503998 220.29503068327904 544.93682540953159 627.1487103998661 27604.246645480394 355.8298217356205 12266.812293380499 5243.677319675684 887.56208814680576 1607.8185720443726 256.45281282067299 383.57078459858894 587.15182369947433
leaf_count=820 1115 11153 884 2216 2553 110695 1426 49158 20978 3551 6433 1026 1542 2349
internal_value=-6.13291e-05 -2.98588e-05 -0.00383955 0.00110731 0.00154723 -0.000119869 1.37628e-05 -0.000498426 -0.000730941 -0.000595105 -0.00169595 -0.000212269 -0.000614028 -7.15437e-05
internal_weight=53794.1 53369.7 424.379 3897.93 3352.99 49471.8 40610.5 13006.2 8861.31 8582.66 2751.83 1144.01 12650.4 5830.83
internal_count=215899 214195 1704 15922 13706 198273 162821 52126 35452 34337 11010 4577 50700 23327
is_linear=0
shrinkage=0.02


Tree=112
num_leaves=15
num_cat=0
split_feature=4 10 31 30 27 27 25 13 29 30 20 20 16 36
split_gain=15.3138 16.6942 13.3346 14.3871 12.6703 15.6206 13.0918 12.2151 16.504 14.0512 11.7912 10.1721 10.1601 9.86188
threshold=1.0000000180025095e-35 0.00018964760965900498 -0.25496472418308253 -0.36972333490848536 0.2475545331835747 0.21511425822973254 -0.23574688285589215 0.75000000000000011 0.0080423299223184603 0.20552325248718264 5.7618542996351614e-05 0.00027394181233830755 0.0001607209269423038 8.1941438768821938e-13
decision_type=2 8 10 2 2 2 2 2 2 2 10 10 8 2
left_child=4 2 -2 -4 5 6 -1 8 -3 -9 -10 -5 -8 -14
right_child=1 7 3 11 -6 -7 12 9 10 -11 -12 -13 13 -15
leaf_value=-0.0025598698494543443 -0.0038858422308277914 0.0014303142172356364 0.0032141197390360842 -1.744960739346373e-05 -0.0037940409994733594 0.0042393486518188944 -0.0016423059341260698 0.0013904113334120114 0.0022462161493872045 0.0056347999576284282 -0.002524439693738514 -0.00375363745419378 0.00070251661039447686 -0.0011592463836185326
leaf_weight=1308.058496594429 336.49154256284237 1551.6782832741737 529.12785387039185 36897.266798913479 505.31398497521877 240.20440211892128 1868.189234405756 3520.3869111537933 240.7062304764986 326.34542569518089 1046.1615346372128 273.8045849353075 3363.817392796278 1694.8935456722975
leaf_count=5235 1351 6251 2143 148122 2022 961 7474 14143 973 1313 4207 1099 13457 6781
internal_value=-2.51742e-05 0.000126257 -3.59289e-05 4.75474e-07 -0.000777892 -0.000589552 -0.000740335 0.00104639 4.97231e-05 0.00177778 -0.00161138 -4.69744e-05 -0.000390358 7.66344e-05
internal_weight=53702.4 44722 38036.7 37700.2 8980.48 8475.16 8234.96 6685.28 2838.55 3846.73 1286.87 37171.1 6926.9 5058.71
internal_count=215532 179602 152715 151364 35930 33908 32947 26887 11431 15456 5180 149221 27712 20238
is_linear=0
shrinkage=0.02


Tree=113
num_leaves=15
num_cat=0
split_feature=26 0 4 3 0 34 31 34 14 27 20 30 27 31
split_gain=17.1166 14.6201 10.2872 11.8755 12.0168 11.8566 15.2644 15.0431 12.3539 14.4549 17.2227 11.004 13.389 12.9942
threshold=-0.67202508449554432 0.092629835009574904 1.0000000180025095e-35 0.48128910362720495 0.0096632093191146868 -0.076666668057441698 -0.25496472418308253 0.026666667312383655 0.00058887767954729508 0.091528128832578673 7.5921307143289609e-05 0.063236650079488768 -0.011577340774238108 0.18490465730428698
decision_type=2 2 2 2 2 8 8 10 10 2 10 2 2 10
left_child=-1 2 3 -2 -5 6 -4 11 9 -9 -11 12 -7 -13
right_child=1 -3 5 4 -6 7 -8 8 -10 10 -12 13 -14 -15
leaf_value=0.0040077204431910058 -0.0026235349826406501 0.001430807954923243 -0.0039610133139309986 0.00073127365117316135 -0.00095381668511740445 -0.00070956057230850964 0.00054236402429244212 0.0018905041057792199 0.004781789248240507 0.0022029617067408514 -0.001113752709206722 -0.0014989522324010051 0.00054360953802726089 0.0029595405475131217
leaf_weight=410.35565792024136 1095.0879101157188 2702.2934388071299 286.77243222296238 2475.0455693155527 5256.3259149044752 8254.2239461541176 16796.711251020432 1845.4513293206692 261.92221717536449 809.14417533576488 2541.9637985527515 4956.7167770713568 5782.7120572775602 257.77198901772499
leaf_count=1660 4382 10985 1150 9902 21030 33068 67554 7391 1053 3241 10186 19857 23163 1033
internal_value=3.50755e-05 3.01165e-06 -7.37449e-05 -0.000693335 -0.000413873 5.7377e-05 0.000462225 -0.000222667 0.000702369 0.000479209 -0.000304595 -0.000485405 -0.000193261 -0.00126809
internal_weight=53732.5 53322.1 50619.8 8826.46 7731.37 41793.4 17083.5 24709.9 5458.48 5196.56 3351.11 19251.4 14036.9 5214.49
internal_count=215655 213995 203010 35314 30932 167696 68704 98992 21871 20818 13427 77121 56231 20890
is_linear=0
shrinkage=0.02


Tree=114
num_leaves=15
num_cat=0
split_feature=0 5 18 30 27 26 31 5 25 2 27 25 5 36
split_gain=13.8078 13.2201 10.1839 11.6283 10.525 11.6121 10.4875 9.41164 11.3998 8.48125 12.2788 12.1735 10.6076 11.4203
threshold=0.091419890522956862 0.00039425591239705687 0.00096390143153257679 -0.42759253084659571 -0.22617907077074048 -0.58537012338638295 -0.10323719680309294 0.0049555820878595122 -0.37799596786499018 0.032758157700300224 0.25296635925769811 0.19610343873500827 0.0087129250168800371 5.3093708357772339e-13
decision_type=2 8 8 2 2 2 10 10 2 2 2 2 10 2
left_child=1 -1 3 -3 -5 -6 -4 8 -2 10 12 -12 -7 -14
right_child=7 2 6 4 5 9 -8 -9 -10 -11 11 -13 13 -15
leaf_value=0.0048550518044613838 0.0061398268914790322 0.0033939544912381116 0.0052981265052773939 -0.0010297310875759789 0.0038764373810430642 -7.1550529280968233e-05 0.00083839768484106076 -0.0013476261739077029 0.0014295646871579437 0.00033038267416646728 0.001043474899642106 -0.0030205145850590804 0.00074303198687427892 -0.0043619188244873076
leaf_weight=203.86345009505749 208.95696628093719 365.33886075019836 233.49876801669598 4357.1309714913368 286.69200904667377 25371.244471177459 1327.0380724519491 411.47547446191311 2329.7248764634132 16458.985569521785 385.56449203193188 1125.6956066191196 269.6531977057457 455.02410426735878
leaf_count=820 857 1475 939 17496 1157 101541 5326 1668 9469 66196 1543 4505 1079 1821
internal_value=8.29869e-05 5.54748e-06 -1.58861e-05 -6.67507e-05 -9.40893e-05 -1.75112e-06 0.00156429 0.00140847 0.00186222 -2.87295e-05 -0.000242911 -0.00198359 -0.000140663 -0.00249342
internal_weight=53789.9 50839.7 50635.9 49075.3 48710 44352.9 1560.54 2950.16 2538.68 44066.2 27607.2 1511.26 26095.9 724.677
internal_count=215892 203898 203078 196813 195338 177842 6265 11994 10326 176685 110489 6048 104441 2900
is_linear=0
shrinkage=0.02


Tree=115
num_leaves=15
num_cat=0
split_feature=4 33 0 8 25 24 2 36 19 31 31 12 31 31
split_gain=11.6651 12.7633 12.6654 15.8108 11.6543 12.2095 16.5895 9.87868 9.53805 13.0755 12.0369 11.4924 8.07195 7.3771
threshold=1.0000000180025095e-35 -0.18333333730697629 0.090308312326669707 3.8646112443530008e-05 -0.22094833105802533 0.47680233418941503 0.013983393087983133 2.4668688044984099e-13 0.75000000000000011 0.13239511847496035 -0.19902562350034711 0.00016923333896556872 0.10160091891884805 -0.011671635787934063
decision_type=2 10 2 10 2 2 2 2 2 10 10 8 10 10
left_child=4 2 8 -4 -1 12 -7 -3 9 10 -2 -12 -6 -13
right_child=1 7 3 -5 5 6 -8 -9 -10 -11 11 13 -14 -15
leaf_value=-0.0023374341243871935 -0.0039119556824976165 0.0036845425390264618 -0.0011629602724924019 0.0050768249737665021 0.00010452433365758542 -0.00019685710336378624 -0.0068225856057151004 -0.00011099361698578633 0.001346799146515743 -0.0037219745178666986 -9.0562465833725006e-05 0.0041919023717209717 -0.0019885972313502445 0.00038748775394048095
leaf_weight=1460.166841045022 239.62988887727261 256.37345439195633 222.13399063050747 525.43603724241257 6045.0114082545042 348.42535164952278 248.65506391227245 36560.113400951028 3223.4663980007172 344.46103151142597 2675.2916395962238 465.84485526382923 819.03999127447605 358.94872032105923
leaf_count=5844 965 1031 914 2167 24184 1394 995 146648 12980 1390 10784 1882 3277 1451
internal_value=-5.60959e-05 7.53174e-05 0.000795394 0.00324074 -0.000715759 -0.000392991 -0.00308785 -8.25771e-05 0.000537073 -0.000105457 0.000245683 0.000550941 -0.000150285 0.0025846
internal_weight=53793 44871.7 8055.21 747.57 8921.3 7461.13 597.08 36816.5 7307.64 4084.18 3739.72 3500.09 6864.05 824.794
internal_count=215906 180212 32533 3081 35694 29850 2389 147679 29452 16472 15082 14117 27461 3333
is_linear=0
shrinkage=0.02


Tree=116
num_leaves=15
num_cat=0
split_feature=0 10 18 13 12 9 31 0 34 34 5 10 19 18
split_gain=15.0024 10.3093 16.4061 9.12824 11.055 8.96214 11.1153 10.975 11.1662 14.2408 10.2099 9.95619 9.92569 15.3202
threshold=0.08043085411190988 0.00017404529353370893 0.00047130574239417916 0.91666665673255932 8.9607583504403024e-05 0.58333334326744091 0.079323109239339842 0.040126288309693343 -0.33833332359790796 -0.076666668057441698 0.0013962357188574972 9.6553441835567369e-05 0.91666665673255932 0.00087077496573328983
decision_type=2 10 10 2 10 2 10 2 10 10 10 10 2 10
left_child=5 2 3 4 -2 6 7 -1 -9 -10 -8 -11 -7 -14
right_child=1 -3 -4 -5 -6 12 10 8 9 11 -12 -13 13 -15
leaf_value=9.8849647106607951e-05 0.0036533310698849898 0.0025202566578339703 -0.0020026450606882048 -0.00064678177905460644 0.00079996840576105472 -4.0420126930099707e-05 0.00089000821735883934 -0.0027389633795630365 0.00264802411167487 0.0020890094930152052 -0.0017524348342263922 -0.0011834095128057871 -0.00091739689916160965 0.002417293449835533
leaf_weight=6020.1348622888327 792.30296520888805 1318.5544785708189 821.02506867051125 856.31583996117115 1687.6245016753674 24073.231390178204 883.75899222493172 223.86522690951824 2379.497032597661 610.37761613726616 1653.5940928757191 887.21913820505142 11039.021769687533 561.10424064099789
leaf_count=24124 3230 5344 3310 3452 6856 96494 3547 909 9597 2446 6637 3557 44215 2251
internal_value=2.58657e-06 0.000992772 0.000498555 0.00112235 0.00173351 -0.000109962 0.000346872 0.000643551 0.0014388 0.00169285 -0.00083231 0.000160288 -0.00027217 -0.000752213
internal_weight=53807.6 5475.82 4157.27 3336.24 2479.93 48331.8 12658.4 10121.1 4100.96 3877.09 2537.35 1497.6 35673.4 11600.1
internal_count=215969 22192 16848 13538 10086 193777 50817 40633 16509 15600 10184 6003 142960 46466
is_linear=0
shrinkage=0.02


Tree=117
num_leaves=15
num_cat=0
split_feature=26 2 5 5 14 27 16 31 5 17 1 27 28 0
split_gain=12.6843 11.0701 9.62595 16.0036 9.56554 16.1707 13.7933 17.5577 10.655 11.2216 18.4968 11.2205 13.8735 10.0552
threshold=-0.67202508449554432 0.024435764178633693 0.0027315481565892701 0.0026646935148164634 0.00058887767954729508 0.054239414632320411 0.00055946942302398394 -0.075341850519180284 0.00094444295973517012 0.75000000000000011 0.56621891260147106 -0.049713589251041405 0.11253446713089944 0.045435907319188125
decision_type=2 2 8 10 8 2 10 10 8 2 2 2 2 2
left_child=-1 2 3 -2 6 -6 8 -8 9 11 -11 -3 13 -13
right_child=1 4 -4 -5 5 -7 7 -9 -10 10 -12 12 -14 -15
leaf_value=0.0033395815982691741 -0.00013141453560474369 -0.003976967794567075 -0.00085615055466305894 0.004379676661372415 6.8598597238776348e-05 0.0056313312738052457 0.0022887417072030205 -0.0036171967531698104 0.00040766090874504965 -0.00056713799003683236 0.00499129266765427 0.0036666905618489292 -0.0032710478714889353 -0.0017564064721476305
leaf_weight=430.26681005954742 15059.982894062996 651.2535100877285 9154.6550776064396 301.27155110239983 522.39938719570637 329.02427631616592 256.74671195447445 753.65062782168388 23541.969927892089 1524.3114809691906 263.4999175965786 321.6327840834856 408.39105665683746 212.323640152812
leaf_count=1742 60271 2624 36632 1206 2110 1328 1034 3028 94717 6116 1065 1290 1643 859
internal_value=-3.16195e-06 -3.13884e-05 -0.00034356 -3.73613e-05 0.000234537 0.00229817 0.000170038 -0.00210117 0.00025677 -0.000789978 0.000298258 -0.0019994 -0.000578461 0.00152468
internal_weight=53731.4 53301.1 24515.9 15361.3 28785.2 851.424 27933.8 1010.4 26923.4 3381.41 1787.81 1593.6 942.347 533.956
internal_count=215665 213923 98109 61477 115814 3438 112376 4062 108314 13597 7181 6416 3792 2149
is_linear=0
shrinkage=0.02


Tree=118
num_leaves=15
num_cat=0
split_feature=31 5 5 30 17 2 3 5 36 2 31 10 20 10
split_gain=11.4673 11.6092 14.023 11.1237 10.9869 10.0807 9.93182 9.34556 12.5786 16.5086 10.6121 13.7271 13.4492 11.6078
threshold=-0.28470504283905024 0.00039425591239705687 0.00058565719518810521 -0.42759253084659571 0.75000000000000011 0.10855389758944513 0.50632163882255565 0.00978628918528557 5.7191699835180975e-13 0.03389453329145909 -0.07900697365403174 0.00027685907843988394 0.00015987540973583239 6.3505205616820617e-05
decision_type=8 10 10 2 2 2 2 10 2 2 10 10 10 10
left_child=-1 -2 4 -4 -3 7 -6 10 -9 -10 11 -5 13 -12
right_child=1 2 3 5 6 -7 -8 8 9 -11 12 -13 -14 -15
leaf_value=-0.0044653191612941774 0.0038733682600157085 -0.0049468382323331339 0.0034769913537717784 0.00041562190791721181 -0.0029283252390610824 0.0031671470811176607 0.00270466604995445 0.00085801550998732315 -0.006014821965647248 0.00064018880313022441 0.0004503219008778336 0.0036503103464757343 0.0012707663624830219 -0.00040741698031581801
leaf_weight=208.40278914570808 291.82170680165291 381.13680936396122 355.01505814492702 10732.066854611039 258.81455060839653 383.96662038564682 207.58798764646053 401.15531596541405 391.95891760289669 228.10236722230911 8069.9721717536449 532.39777275919914 2574.7852802425623 28707.23255199194
leaf_count=837 1175 1530 1439 43105 1037 1595 833 1607 1569 919 32379 2145 10333 115138
internal_value=6.51285e-06 2.55888e-05 3.04485e-06 4.48004e-05 -0.00251893 2.00506e-05 -0.000413053 -4.56769e-06 -0.00188017 -0.00362313 3.40015e-05 0.000574703 -0.000120987 -0.000219062
internal_weight=53724.4 53516 53224.2 52376.7 847.539 52021.6 466.403 51637.7 1021.22 620.061 50616.5 11264.5 39352 36777.2
internal_count=215641 214804 213629 210229 3400 208790 1870 207195 4095 2488 203100 45250 157850 147517
is_linear=0
shrinkage=0.02


Tree=119
num_leaves=15
num_cat=0
split_feature=5 5 36 36 35 30 29 30 1 5 36 36 30 36
split_gain=13.6128 29.4739 19.9393 15.7023 18.8299 14.1512 17.9261 14.0706 14.0299 23.4396 22.852 16.7068 19.9637 13.4083
threshold=0.0027315481565892701 0.0026185089955106382 5.3564615308358831e-13 4.4845270346597498e-13 5.6267401220104495e-13 -0.05930082127451896 -0.02847360540181398 -0.36972333490848536 0.50285628437995922 0.0023958752863109116 4.8665585450358161e-13 3.1348549786851953e-13 0.073391411453485503 1.5149316263257664e-12
decision_type=10 8 2 2 2 2 2 2 2 10 2 2 2 2
left_child=1 7 -3 -2 -5 -6 -7 -1 11 -10 -11 12 -9 -4
right_child=3 2 13 4 5 6 -8 8 9 10 -12 -13 -14 -15
leaf_value=0.0029856596312209205 0.00077567917988433327 -0.00081923227996821347 0.006768323996440043 -0.00194602690327248 -0.0012208450302717794 0.0023078695278030592 -0.00025451502372220299 -0.0068561722207892174 0.0002426340039100471 -0.0014839742194241749 0.0047458982637054595 -0.00025213999036956687 0.0010282578667765343 0.0013057397997677574
leaf_weight=642.21383544802666 3370.0586518347263 325.7134547829628 537.74144768714905 3804.033100605011 4418.1147077977657 1313.4720566868782 6017.1208579838276 313.17236202955246 15175.110530436039 307.95030622184277 881.95897080004215 16102.919918432832 201.49569886922836 281.90495613217354
leaf_count=2598 13504 1306 2159 15246 17748 5275 24137 1256 60968 1235 3545 64596 808 1134
internal_value=-2.73165e-05 0.000207591 0.00333456 -0.000458717 -0.000726846 -0.000329459 0.000209635 9.91584e-05 4.11792e-05 0.000456563 0.00313572 -0.000367948 -0.00384637 0.0049654
internal_weight=53693 34770.2 1145.36 18922.8 15552.7 11748.7 7330.59 33624.8 32982.6 16365 1189.91 16617.6 514.668 819.646
internal_count=215515 139605 4599 75910 62406 47160 29412 135006 132408 65748 4780 66660 2064 3293
is_linear=0
shrinkage=0.02


Tree=120
num_leaves=15
num_cat=0
split_feature=5 8 29 5 21 1 28 28 26 26 1 24 29 8
split_gain=17.6585 12.4409 9.62511 17.8864 10.4798 7.72456 7.24603 7.10708 7.02864 11.6452 6.71521 10.258 7.58059 6.47279
threshold=0.00039425591239705687 0.00016492149734403941 -0.23941587656736371 0.0047166261356323966 -0.58549940586090077 0.60366845130920421 -0.29766047000885004 -0.11326727271080016 -0.22201343625783918 -0.063141744583845125 0.56539130210876476 -0.22954980283975598 -0.051072794944047921 4.7194051148835576e-05
decision_type=8 8 2 10 2 2 2 2 2 2 2 2 2 10
left_child=-1 2 3 4 6 -4 -2 -7 13 -10 11 -3 -13 -6
right_child=1 10 5 -5 8 7 -8 -9 9 -11 -12 12 -14 -15
leaf_value=0.0055040488283512271 0.002901026570611804 -0.0015161279399709562 -9.406044772501798e-05 -0.0062481839027235114 -0.0050175646056232889 0.0045441049178816259 -0.0010107182282164783 -0.00011501037244708572 0.0021452614096932106 -0.0031753555826784345 0.0035977863890201403 0.0035038795714056677 0.00073199632136690504 -0.0013183453709485382
leaf_weight=209.51282335817814 405.35540390014648 569.30941225588322 47712.824357792735 246.93403461575508 334.92987079918385 257.35887835919857 327.22531786561012 246.28983540832996 360.72445721924305 269.84189641475677 385.73615336418152 526.22906769812107 1479.0568916350603 448.36428546905518
leaf_count=844 1634 2290 191413 992 1347 1056 1317 1007 1449 1084 1565 2116 5944 1805
internal_value=-3.17115e-05 -5.54079e-05 -0.000129308 -0.0013619 -0.000747275 -6.75847e-05 0.00117332 0.00234837 -0.0017449 -0.000159242 0.00120037 0.000816218 0.00148681 -0.00298564
internal_weight=53779.7 53570.2 50609.8 2393.38 2146.44 48216.5 732.581 503.649 1413.86 630.566 2960.33 2574.6 2005.29 783.294
internal_count=215863 215019 203104 9628 8636 193476 2951 2063 5685 2533 11915 10350 8060 3152
is_linear=0
shrinkage=0.02


Tree=121
num_leaves=15
num_cat=0
split_feature=10 19 33 31 1 5 31 32 27 32 5 20 20 36
split_gain=11.0451 9.86695 13.3986 9.66187 11.2043 10.4528 9.37484 13.9339 9.3703 15.6878 17.3388 12.5779 13.6435 12.5034
threshold=0.00029238103888928896 0.91666665673255932 -0.27666667103767389 -0.25496472418308253 0.59087780117988598 0.00058565719518810521 -0.084319207817316041 -0.063928481191396699 -0.18246337026357648 0.0021858806721866135 0.0043567973189055928 5.8289655498811051e-05 6.8653738708235337e-05 4.6440279464869682e-13
decision_type=8 2 10 10 2 8 10 10 2 10 8 10 10 2
left_child=1 3 -3 -1 5 -5 -2 -8 13 10 11 -10 -13 -4
right_child=6 2 8 4 -6 -7 7 -9 9 -11 -12 12 -14 -15
leaf_value=-0.0035001540317459198 0.0037876410509306668 0.0030242764534531485 0.0010300960682934218 -0.0022065438349979914 0.0023133974295932867 0.000143943946636355 -0.0030632614168208195 0.0014565994810901289 -0.0011852949939554496 -0.0010286942062835184 -0.0017530702338925056 0.0039380391056291252 0.00083188307256413293 -0.0025867676702622574
leaf_weight=272.51393741369247 474.16402998566628 405.18220889568329 479.98846617341042 754.20544701814651 912.23588998615742 33688.14646884799 310.78514313697815 1551.6373737305403 949.20722202956676 6939.7507680058479 1238.4100640267134 662.01111429929733 3428.6982641518116 1695.5592102855444
leaf_count=1095 1912 1635 1925 3028 3738 135182 1254 6242 3811 27807 4963 2654 13743 6808
internal_value=-3.20266e-06 -6.45324e-05 -0.000480218 0.000119969 0.000149836 9.12232e-05 0.00133569 0.000677831 -0.000576266 -0.000374649 0.000349271 0.000870746 0.00135128 -0.00178667
internal_weight=53762.5 51425.9 15798.8 35627.1 35354.6 34442.4 2336.59 1862.42 15393.6 13218.1 6278.33 5039.92 4090.71 2175.55
internal_count=215797 206389 63346 143043 141948 138210 9408 7496 61711 52978 25171 20208 16397 8733
is_linear=0
shrinkage=0.02


Tree=122
num_leaves=15
num_cat=0
split_feature=2 34 14 5 9 36 26 36 20 5 14 20 25 33
split_gain=12.2297 11.3066 10.2592 9.34781 8.88341 11.0753 9.18929 8.22116 7.35024 18.2463 19.8003 17.8541 15.6551 13.1459
threshold=0.085550121963024153 -0.27666667103767389 0.0001978287837118842 0.0020218061981722717 0.25000000745058065 2.4668688044984099e-13 -1.0000000180025095e-35 8.121046695362678e-13 0.00011193597674719059 0.0027535173576325182 0.000461807954707183 8.5885560110909878e-05 -0.22456870973110196 0.14333333820104602
decision_type=2 10 10 8 2 2 2 2 8 10 8 10 2 10
left_child=4 -2 7 -4 -1 6 -6 -3 11 10 -10 13 -13 -7
right_child=1 2 3 -5 5 8 -8 -9 9 -11 -12 12 -14 -15
leaf_value=0.0022344830970724323 0.0050061876260765479 0.0050781716307139561 0.0015052859370490506 -0.0037858473919710946 7.0873657518932419e-05 2.9960653335233231e-06 0.005906751842969433 0.0008440063211843324 0.00085402905314522712 -0.00016877435931227905 0.0047111721055781023 -0.0026596676877012611 -0.00056427501118273891 0.0035608360471113066
leaf_weight=676.55284439027309 317.12905488908291 255.0728607326746 234.86449454724789 266.14120668172836 205.75934711098671 28530.96474647522 208.13619554042816 582.0664419978857 3220.2822365760803 8175.816016048193 621.31622885167599 1697.8750725239515 8514.6632634997368 401.54953230917454
leaf_count=2721 1328 1047 962 1089 827 114461 836 2393 12911 32779 2497 6810 34114 1609
internal_value=4.48786e-05 0.00172694 0.000887514 -0.00134287 -9.04641e-06 -3.93306e-05 0.00314256 0.00222253 -6.62895e-05 0.000365976 0.00149903 -0.000199113 -0.00091716 5.48004e-05
internal_weight=53908.2 1655.27 1338.15 501.006 52252.9 51576.4 413.896 837.139 51162.5 12017.4 3841.6 39145.1 10212.5 28932.5
internal_count=216384 6819 5491 2051 209565 206844 1663 3440 205181 48187 15408 156994 40924 116070
is_linear=0
shrinkage=0.02


Tree=123
num_leaves=15
num_cat=0
split_feature=0 20 36 10 10 29 29 25 8 22 10 2 29 28
split_gain=12.7051 11.9161 8.86269 8.12362 7.82388 11.9367 9.15449 12.6983 9.3551 8.4324 8.29651 9.6385 12.8949 12.1251
threshold=0.1037161946296692 4.6746261432417675e-05 2.1327870838774163e-13 0.00014642996393376964 0.00023954993230290714 -0.18421088159084317 -0.20163759589195249 -0.037830116227269166 0.00010008213939727285 -0.24749182164669034 9.2714635684387772e-05 0.019843135960400108 -0.089066103100776658 -0.17911183089017865
decision_type=2 10 2 10 8 2 2 2 10 2 10 2 2 2
left_child=2 -2 -1 -3 6 -6 7 8 -4 -10 -8 -12 -13 -14
right_child=1 3 4 -5 5 -7 10 -9 9 -11 11 12 13 -15
leaf_value=0.0038034579357945054 0.0059776106640931905 -0.00047892025736590634 -0.0010465163309806048 0.003077033569914552 0.0041260477608904477 0.00043780897996785446 0.00025278172847350167 -0.0039625069248136417 0.0040463069100101163 -0.0011390462097875813 -0.00078647576106186806 0.0011761420555471539 -0.0026628218854091428 -9.9143445061249149e-05
leaf_weight=219.89472936093807 223.77442792057991 599.00496876239777 2775.2600483000278 424.18962094187737 368.80676133930683 3688.8444674760103 20642.154440566897 502.31070293486118 281.43383197486401 202.68773519992828 9530.8485889434814 3079.5210752785206 774.94762849807739 10316.724145814776
leaf_count=885 922 2439 11152 1726 1487 14826 82811 2017 1133 815 38136 12381 3122 41416
internal_value=1.59255e-05 0.00199494 -3.19276e-05 0.00102601 -4.95471e-05 0.000791632 -0.000120799 -0.00106537 -0.000597443 0.00191629 -4.02271e-05 -0.000295407 3.55047e-05 -0.000282732
internal_weight=53630.4 1246.97 52383.4 1023.19 52163.5 4057.65 48105.9 3761.69 3259.38 484.122 44344.2 23702 14171.2 11091.7
internal_count=215268 5087 210181 4165 209296 16313 192983 15117 13100 1948 177866 95055 56919 44538
is_linear=0
shrinkage=0.02


Tree=124
num_leaves=15
num_cat=0
split_feature=2 32 35 5 16 3 5 5 36 37 5 5 36 35
split_gain=9.31938 11.8301 8.24586 13.0124 6.95038 7.41432 13.5938 18.0014 21.5523 13.2595 12.5419 12.3064 10.7812 11.928
threshold=0.10226704180240632 0.053949335590004928 1.9841560442183592e-13 0.0016095396713353696 0.0013909395202063026 0.51652032136917125 0.0027315481565892701 0.0022612486500293021 8.121046695362678e-13 0.17546417564153674 0.00058565719518810521 0.0030212181154638533 1.5149316263257664e-12 1.0293772128092129e-12
decision_type=2 10 2 10 8 2 8 10 2 2 8 10 2 2
left_child=2 -2 3 -1 5 9 7 12 -9 10 -4 -8 13 -7
right_child=1 -3 4 -5 -6 6 11 8 -10 -11 -12 -13 -14 -15
leaf_value=-0.00096179069219085999 7.6823523201812217e-05 0.0057419964968589681 -0.0035991375051962096 0.0050305564512541246 0.0034668944492993424 0.00037786295064825897 -0.0025624629109349917 0.00070970580421688312 0.00518347294632923 0.00043161947859623887 -0.00038822498606664202 -8.9750380483225506e-05 0.0018338234729310665 -0.001763758313767602
leaf_weight=250.96926647424698 343.34014840424061 239.14329668879509 477.27410519123077 306.28240078687668 208.78279009461403 7620.3780433684587 914.24555465579033 1068.521538451314 710.32612916827202 9362.9442503452301 23536.11108545959 5835.4110967218876 1662.7918698489666 1184.265667706728
leaf_count=1009 1430 988 1913 1233 843 30615 3674 4293 2865 37537 94298 23444 6718 4776
internal_value=4.26578e-05 0.00251611 1.46083e-05 0.00239197 -1.14868e-05 -2.66715e-05 0.000288578 0.000685381 0.00253393 -0.000206159 -0.000454985 -0.000431262 0.000367003 8.64604e-05
internal_weight=53720.8 582.483 53138.3 557.252 52581.1 52372.3 18995.9 12246.3 1778.85 33376.3 24013.4 6749.66 10467.4 8804.64
internal_count=215636 2418 213218 2242 210976 210133 76385 49267 7158 133748 96211 27118 42109 35391
is_linear=0
shrinkage=0.02


Tree=125
num_leaves=15
num_cat=0
split_feature=8 37 25 1 12 29 30 28 5 5 31 37 8 31
split_gain=11.4494 10.8467 9.50044 9.26372 8.93747 8.37782 15.8694 18.8327 12.5858 13.9954 11.7848 11.4774 12.8039 11.528
threshold=0.00015396647359011697 0.1257453188300133 -0.014210208319127558 0.60842645168304454 0.00024384434072999286 -0.19444309175014493 -0.1068296581506729 -0.17911183089017865 0.0067353982012718925 0.0017305210931226613 -0.10323719680309294 -0.21797941625118253 3.4187825804110623e-05 -0.014655372127890585
decision_type=8 2 2 2 8 2 2 2 8 10 10 2 10 10
left_child=3 4 -3 5 -2 8 -7 11 9 -1 -9 -8 -13 -14
right_child=1 2 -4 -5 -6 6 7 10 -10 -11 -12 12 13 -15
leaf_value=-0.0019138770161044496 -0.0010922072618015654 0.0060504681762617333 0.001667583949597401 0.0029926664714799906 0.0013481682994571792 0.00073646273385713826 -0.004203257645046545 0.0012399587287120829 -0.0055593338513642652 0.00042315568516290919 -0.00019847094596294303 -0.0047022399609023104 -0.0017326597790929662 0.002884996607893492
leaf_weight=1920.4232585579157 1015.6502506881952 241.82202699780464 926.27147789299488 371.94622498750687 1409.9927597790956 9006.6934883743525 680.17621572315693 2431.3949183821678 203.83506089448929 2160.1958083957434 32257.916704893112 247.98795208334923 469.83893091976643 367.4886858612299
leaf_count=7722 4084 974 3728 1527 5678 36190 2731 9761 818 8681 129351 996 1886 1475
internal_value=8.25432e-06 0.0010955 0.00266152 -7.01134e-05 0.000325774 -9.42071e-05 -1.43523e-05 -0.000200154 -0.000937527 -0.00068067 -9.69941e-05 -0.00220331 -0.000896544 0.000313975
internal_weight=53711.6 3593.74 1168.09 50117.9 2425.64 49746 45461.5 36454.8 4284.45 4080.62 34689.3 1765.49 1085.32 837.328
internal_count=215602 14464 4702 201138 9762 199611 182390 146200 17221 16403 139112 7088 4357 3361
is_linear=0
shrinkage=0.02


Tree=126
num_leaves=15
num_cat=0
split_feature=31 5 5 30 8 35 34 4 31 35 34 35 5 5
split_gain=14.3977 14.5658 26.1741 21.1594 19.6255 15.3987 14.7327 17.3231 15.2107 16.6142 13.9395 15.459 12.8976 11.5688
threshold=-0.25496472418308253 0.0027315481565892701 0.0026185089955106382 -0.1068296581506729 0.00020629296341212469 5.7203113773551816e-13 -0.097777780145406709 1.0000000180025095e-35 0.069960348308086409 4.2087896210719905e-13 -0.076666668057441698 7.1587801333573852e-13 0.0017035087221302094 0.0017305210931226613
decision_type=8 10 8 2 10 2 10 2 10 2 8 2 10 10
left_child=-1 2 3 4 10 -4 7 -5 9 -9 11 13 -10 -2
right_child=1 -3 5 6 -6 -7 -8 8 12 -11 -12 -13 -14 -15
leaf_value=-0.0035160902563210416 -0.0012323326045538656 -0.00035839056205383033 -2.5693788306791337e-05 -0.0013219815976998881 0.0067176377417916301 0.0048994647282720521 -0.00039724371928138904 0.0047117057646215302 0.00072729155369094804 0.0012335699560096108 0.0024457882228118683 0.0014476516698179451 -0.0028546553590946318 0.0013278675056510592
leaf_weight=427.0196944475174 2357.5734421461821 18855.114694923162 376.58135870099068 1415.2813371121883 220.31319522857666 758.26929938793182 17006.347490862012 630.36376813054085 1242.1711046099663 3737.9395348727703 1838.6368281394243 3318.8888709247112 570.6648128926754 985.54474827647209
leaf_count=1715 9471 75637 1510 5663 891 3048 68136 2535 5008 15080 7371 13390 2303 3963
internal_value=5.83377e-05 8.82751e-05 0.000332749 0.000230022 0.00107528 0.00329299 -7.02277e-05 0.000660994 0.00111783 0.00175467 0.000913622 0.000484707 -0.00041912 -0.000474182
internal_weight=53740.7 53313.7 34458.6 33323.7 8720.96 1134.85 24602.8 7596.42 6181.14 4368.3 8500.64 6662.01 1812.84 3343.12
internal_count=215721 214006 138369 133811 35086 4558 98725 30589 24926 17615 34195 26824 7311 13434
is_linear=0
shrinkage=0.02


Tree=127
num_leaves=15
num_cat=0
split_feature=10 23 24 16 14 1 3 19 10 34 36 23 18 34
split_gain=10.4808 10.2381 14.8592 12.4013 12.2659 11.1721 12.3891 10.0447 10.5635 8.9558 10.6457 9.37592 8.34494 11.8084
threshold=0.00023954993230290714 -0.15139184892177579 -0.31469903886318201 7.3162358603440239e-05 0.00010373405530117453 0.50577306747436535 0.5260610580444337 0.91666665673255932 0.00018964760965900498 -2.2204460492503127e-15 8.5004450852375911e-13 -0.24006250500679013 0.0009287523280363531 -0.061111113056540482
decision_type=8 2 2 8 8 2 2 2 10 10 2 2 8 8
left_child=1 4 -3 5 -1 -4 -7 -6 9 10 -9 -12 -2 -14
right_child=12 2 3 -5 7 6 -8 8 -10 -11 11 -13 13 -15
leaf_value=0.00071434247774895755 0.00052007343581711234 0.0031256014119133177 -0.0001566215159152759 0.00013978757114797085 -0.0003682608750451613 -0.007803715111024523 -0.0010286774942415429 -0.00067446152699207314 0.0014122641805455998 -0.0040410349579363455 -0.0019267886166759599 -0.0066505954908805207 0.0065696356232652318 0.0012486277048557092
leaf_weight=2788.4779372066259 3421.179850846529 630.30988067388535 516.99067141115665 32050.400065556169 8944.5706947445869 204.3726140409708 221.64537139236927 2147.1885667443275 412.32897461950779 636.38626134395599 621.91775466501713 225.64789274334908 214.48066654801369 625.04288056492805
leaf_count=11211 13761 2542 2074 128570 35932 818 895 8608 1655 2548 2501 906 867 2516
internal_value=1.67348e-05 -6.55035e-05 0.000131734 7.26803e-05 -0.000485501 -0.00216366 -0.00448304 -0.000743805 -0.00156865 -0.00191302 -0.00143701 -0.00330873 0.000966088 0.00272927
internal_weight=53660.9 49400.2 33623.7 32993.4 15776.5 943.009 426.018 12988 4043.47 3631.14 2994.75 847.566 4260.7 839.524
internal_count=215404 198260 134899 132357 63361 3787 1713 52150 16218 14563 12015 3407 17144 3383
is_linear=0
shrinkage=0.02


Tree=128
num_leaves=15
num_cat=0
split_feature=26 29 0 29 1 19 18 32 0 29 1 18 35 32
split_gain=10.3771 12.0111 12.2673 18.01 11.668 8.54428 10.8733 12.0266 13.3446 11.2957 11.7463 11.3594 12.2604 12.9419
threshold=-0.67202508449554432 -0.23941587656736371 0.083581853657960906 -0.090607024729251848 0.50226989388465892 0.91666665673255932 0.00087077496573328983 0.0021858806721866135 0.0052661371883004912 -0.16393186897039411 0.54952362179756176 0.00025511039712000644 7.4039065893830035e-13 -0.067802403122186647
decision_type=2 2 2 2 2 2 10 10 2 2 2 10 2 10
left_child=-1 4 5 -4 -2 -3 7 8 -7 10 -10 -11 13 -13
right_child=1 2 3 -5 -6 6 -8 -9 9 11 -12 12 -14 -15
leaf_value=0.0030572940573796409 -0.0041341696586932927 0.00012496459041293575 0.0031382062788411274 0.00024861277839391676 -0.00068758158322200068 0.0032734305735086415 0.0019607889299293481 -0.0011995015441549296 -0.0001510941507584578 0.0011879515873612822 -0.0044835588855665458 -0.0013046111907026032 -0.0023892889853843625 0.001779332825168784
leaf_weight=420.35911022126675 477.78648200631142 32480.318390652537 1184.9256631135941 3052.4332740455866 1921.0035906732082 443.2892549932003 684.64715807139874 6580.0692356675863 535.16838352382183 2286.771036401391 452.69091755151749 1079.8240500837564 1059.0474886447191 1058.0514358878136
leaf_count=1703 1918 130273 4815 12375 7732 1774 2748 26354 2144 9167 1817 4325 4245 4236
internal_value=-2.96684e-07 -2.55505e-05 3.98742e-05 0.0010676 -0.00140257 -5.38748e-05 -0.000463131 -0.000588825 -5.93084e-06 -0.000239954 -0.00218604 0.000117293 -0.000651177 0.000224003
internal_weight=53716.4 53296 50897.2 4237.36 2398.79 46659.9 14179.6 13494.9 6914.84 6471.55 987.859 5483.69 3196.92 2137.88
internal_count=215626 213923 204273 17190 9650 187083 56810 54062 27708 25934 3961 21973 12806 8561
is_linear=0
shrinkage=0.02


Tree=129
num_leaves=15
num_cat=0
split_feature=5 5 5 30 12 30 3 30 12 8 23 26 30 30
split_gain=16.8948 12.5007 17.9876 14.2065 12.5863 12.1797 17.4562 12.1652 11.5483 11.2073 14.2086 10.8559 10.4304 16.5006
threshold=0.00039425591239705687 0.0027315481565892701 0.0026185089955106382 -0.33430701494216913 0.00055653305025771271 0.26951947808265692 0.46919411420822149 -0.099514577537775026 0.00016396855789935219 7.9066870966926231e-05 -0.39217726886272425 -0.53400567173957814 0.11488774046301843 0.0043084349017590293
decision_type=8 10 10 2 8 2 2 2 10 10 2 2 2 2
left_child=-1 2 3 11 -5 6 7 -3 -7 -8 -11 -2 13 -4
right_child=1 5 12 4 -6 8 9 -9 -10 10 -12 -13 -14 -15
leaf_value=0.0054022987541148251 0.0057695020382134881 -0.0021538349496009464 0.0036862482964668281 3.3274238773085315e-05 0.003919496036884941 -0.0053648139965824706 -0.0010023463668147497 0.0015040554608838127 0.00041969374642623772 -0.0028065115191012739 0.00049211152999747499 0.0010963324742506028 0.0066143817782852027 -0.0019765671782212748
leaf_weight=212.59064872562885 272.0948443710804 400.68208810687065 563.60419316589832 32235.417296782136 316.8409860432148 354.45398710668087 9845.0805457532406 2752.0094037353992 214.34661146998405 566.08688718080521 4784.5396385490894 663.71107298135757 205.29927045106888 302.23461252450943
leaf_count=857 1104 1614 2265 129410 1279 1424 39460 11063 863 2276 19187 2679 824 1213
internal_value=2.37093e-05 3.15551e-07 0.000226522 0.000144095 7.34834e-05 -0.000412736 -0.000321506 0.00102852 -0.00324477 -0.000602582 0.000133971 0.0025474 0.00275365 0.00170956
internal_weight=53689 53476.4 34559.2 33488.1 32552.3 18917.2 18348.4 3152.69 568.801 15195.7 5350.63 935.806 1071.14 865.839
internal_count=215518 214661 138774 134472 130689 75887 73600 12677 2287 60923 21463 3783 4302 3478
is_linear=0
shrinkage=0.02


Tree=130
num_leaves=15
num_cat=0
split_feature=0 5 32 10 20 26 9 16 29 5 14 22 0 0
split_gain=9.6335 8.65924 8.42949 8.401 12.5524 8.22235 8.16138 9.09209 7.51781 10.2777 10.2329 8.35238 7.51414 6.13718
threshold=0.1037161946296692 0.0020218061981722717 -0.37761780619621271 0.00015509305376326668 7.2926854045363157e-05 -0.022651054896414276 0.25000000745058065 0.00019616725330706688 -0.2231982350349426 0.0057590364012867221 0.00020134963415330279 -0.21831185370683667 0.048867272213101394 0.036287657916545875
decision_type=2 10 10 10 10 2 2 8 2 8 10 2 2 2
left_child=2 5 -1 4 -3 -2 7 -4 9 10 13 -12 -13 -8
right_child=1 3 6 -5 -6 -7 8 -9 -10 -11 11 12 -14 -15
leaf_value=0.0038060719576167631 0.0063703101347433438 0.0023697966597257224 -0.00018435032602812408 0.002910195603732364 -0.0039924866542683261 0.0011579137109726969 -0.00013726191416196359 0.0042914919294304386 -5.0096268907486586e-05 -0.0052560467399098091 0.0023264505455677991 0.0011790390217772887 -0.0037679840045669374 -0.0026254729607963971
leaf_weight=204.22890411317348 225.25092807412148 199.49822501838207 364.51318039000034 289.98176740109921 269.49349866807461 260.77417673170567 631.90889024734497 338.57060803472996 48683.475410416722 199.74290405213833 592.43461434543133 242.1140593290329 215.19092218577862 1054.9217263460159
leaf_count=826 927 819 1469 1181 1093 1062 2532 1365 195308 802 2384 971 867 4249
internal_value=-2.20031e-05 0.0017027 -6.35146e-05 0.000342085 -0.00129988 0.00372993 -8.0067e-05 0.00203008 -0.000109583 -0.00108885 -0.000748762 0.000792385 -0.00120919 -0.00170589
internal_weight=53772.1 1245 52527.1 758.973 468.992 486.025 52322.9 703.084 51619.8 2936.31 2736.57 1049.74 457.305 1686.83
internal_count=215855 5082 210773 3093 1912 1989 209947 2834 207113 11805 11003 4222 1838 6781
is_linear=0
shrinkage=0.02


Tree=131
num_leaves=15
num_cat=0
split_feature=10 32 31 4 3 28 34 16 33 18 20 18 18 31
split_gain=12.4353 11.6416 10.8912 10.3164 13.0723 11.8023 10.5553 12.0889 13.3174 14.9368 11.3364 9.50917 8.75326 9.48946
threshold=0.00032428724807687109 0.059140037745237357 -0.084319207817316041 1.0000000180025095e-35 0.4733590036630631 -0.31141000986099238 0.050000000745058067 0.00042909124749712651 0.083333335816860213 0.00030248648545239126 7.0937978307483731e-05 0.00030071919900365179 0.00058473082026466738 -0.062286803498864167
decision_type=8 8 10 2 2 2 8 10 10 10 8 8 10 10
left_child=3 2 -2 4 11 -6 7 8 10 -10 -7 -1 13 -12
right_child=1 -3 -4 -5 5 6 -8 -9 9 -11 12 -13 -14 -15
leaf_value=-0.0058185415066697287 0.0036271008191385646 0.0042901522713179336 -0.00051820644831432252 8.1537099717719517e-05 -0.0040126304427115728 0.00019990624788334188 -0.0033004340968976792 0.0022237505785212097 0.0066096480972981262 -0.00054503584996953456 -0.0038110493348550286 -0.00026237557358163691 0.0016016132713452238 -0.0011479822630381627
leaf_weight=308.28324964642525 330.57452574372292 470.60252334177494 901.84821964800358 43287.35837893188 340.71184423565865 3124.6552773565054 425.63947059214115 761.08791446685791 202.21366150677204 239.96189299225807 720.571195140481 200.38328908383846 310.16786240041256 2043.2124837189913
leaf_count=1234 1335 1898 3631 173852 1364 12502 1703 3045 809 960 2883 802 1241 8175
internal_value=1.06949e-05 0.00168229 0.000633861 -4.47143e-05 -0.000673298 -0.000474785 -0.000310957 -0.000130619 -0.000406316 0.00287135 -0.000648609 -0.00372248 -0.00150684 -0.00186469
internal_weight=53667.3 1703.03 1232.42 51964.2 8676.89 8168.22 7827.51 7401.87 6640.78 442.176 6198.61 508.667 3073.95 2763.78
internal_count=215434 6864 4966 208570 34718 32682 31318 29615 26570 1769 24801 2036 12299 11058
is_linear=0
shrinkage=0.02


Tree=132
num_leaves=15
num_cat=0
split_feature=36 0 25 29 35 0 0 31 36 20 8 18 37 20
split_gain=11.0803 9.80102 10.3495 9.04518 7.70475 9.33957 13.5999 9.38966 16.3012 10.4044 8.89105 7.63562 6.97612 7.66031
threshold=2.4668688044984099e-13 0.090308312326669707 -0.32866205275058741 -0.20556426793336866 3.1388201770805179e-13 0.03380855172872544 0.0061387217137962588 -0.038632372394204133 3.4527784277538225e-13 7.3939878348028301e-05 2.9031645681243393e-05 0.00030071919900365179 0.22065534442663196 9.7679949249140932e-05
decision_type=2 2 2 2 2 2 2 10 2 10 10 10 2 8
left_child=-1 4 -3 -4 5 6 -2 8 -7 -9 -8 -12 -6 -14
right_child=1 2 3 -5 12 7 10 9 -10 -11 11 -13 13 -15
leaf_value=0.0031207751653098536 0.0020525746884952983 0.0041060889310905544 -0.0032910600768679393 0.00096567415925725574 -0.00013883660469917123 -0.0059943084751032964 0.00041260462401627161 0.0031797547947504242 0.0008494245493815138 -0.0012892132353103665 -0.0060101354519477334 -0.0020438751659413606 9.1662322800887573e-05 0.0013006570365300129
leaf_weight=437.4992790222168 216.12886007130146 375.72674110531807 197.06502231955528 2543.7327130883932 37681.640560269356 215.96153499186039 202.48353014886379 485.39877730607986 329.30727081000805 339.79607807099819 433.00173799693584 393.63154712319374 6957.6452476233244 2982.4126948267221
leaf_count=1760 865 1540 802 10340 151125 867 811 1949 1323 1362 1734 1576 27923 11958
internal_value=2.15244e-05 -5.04918e-06 0.00107962 0.000637988 -7.27403e-05 -0.00112534 -0.0023644 1.83207e-05 -0.00197732 0.00135258 -0.00331347 -0.00421435 -1.44762e-05 0.000456292
internal_weight=53791.4 53353.9 3116.52 2740.8 50237.4 2615.71 1245.25 1370.46 545.269 825.195 1029.12 826.633 47621.7 9940.06
internal_count=215935 214175 12682 11142 201493 10487 4986 5501 2190 3311 4121 3310 191006 39881
is_linear=0
shrinkage=0.02


Tree=133
num_leaves=15
num_cat=0
split_feature=31 16 0 32 10 29 26 20 9 10 30 26 5 31
split_gain=12.5961 9.64955 9.12256 10.4945 10.0273 13.2276 11.0174 11.6812 10.3759 9.20913 9.19457 8.81718 8.57338 11.8039
threshold=-0.28470504283905024 0.0013909395202063026 0.08043085411190988 -0.22329618036746976 9.2151087301317616e-05 -0.19444309175014493 -0.53400567173957814 6.0662930991384208e-05 0.91666665673255932 8.7296575657092048e-05 -0.35046379268169398 -0.29152420163154596 0.0011526856105774643 -0.16889861226081845
decision_type=8 8 2 10 10 2 2 10 2 10 2 2 8 10
left_child=-1 2 4 -4 5 8 7 -6 10 -7 -2 -12 -5 -14
right_child=1 -3 3 12 6 9 -8 -9 -10 -11 11 -13 13 -15
leaf_value=-0.0046724564543379346 0.0028143508402157587 0.0039874856135609562 0.0042564685463629265 -0.0014204953804530466 0.0057067365159830076 0.00024221230616973088 -0.00041922578296860798 -0.0001401075856860504 -0.0044100819911953148 0.0018196757133228411 -0.0035066237442138411 -4.2188978485646518e-06 -0.0033974664948662639 0.0011297256296184386
leaf_weight=212.102428779006 236.7728583663702 221.27405183017254 303.24537199735641 745.16931441426277 223.85863888263702 17395.898109734058 26640.775255829096 308.8641716837883 349.1081295311451 1599.2131443917751 448.25854778289795 744.98360058665276 224.94304804503918 4075.293705329299
leaf_count=852 953 895 1239 3025 903 69746 106806 1244 1399 6410 1800 2989 914 16514
internal_value=-2.33674e-05 -3.20344e-06 -2.12614e-05 0.000760589 -0.000108759 0.000221908 -0.000361532 0.00243442 -0.00141757 0.000376794 -0.000636259 -0.00135606 0.000534499 0.000878279
internal_weight=53729.8 53517.7 53296.4 5348.65 47947.7 20774.2 27173.5 532.723 1779.12 18995.1 1430.02 1193.24 5045.41 4300.24
internal_count=215689 214837 213942 21692 192250 83297 108953 2147 7141 76156 5742 4789 20453 17428
is_linear=0
shrinkage=0.02


Tree=134
num_leaves=15
num_cat=0
split_feature=10 13 3 1 21 36 20 21 24 27 18 35 16 10
split_gain=8.26347 8.81526 18.4104 14.5181 10.8943 11.6473 9.78653 9.38531 8.73652 8.34321 8.32514 8.78615 8.00856 11.5488
threshold=0.00023954993230290714 0.91666665673255932 0.54598054289817821 0.57251775264740001 -0.27585932612419123 4.508272417489898e-13 4.9722870244295343e-05 -0.16827037185430524 0.081425867974758162 -0.22245374321937558 0.00076948560308665048 3.5706821614051037e-13 0.00034076666634064173 0.00022138404165161776
decision_type=8 2 2 2 2 2 10 2 2 2 10 2 8 10
left_child=1 3 8 9 5 -5 -4 -6 -3 -1 11 -10 -11 -14
right_child=-2 2 6 4 7 -7 -8 -9 10 12 -12 -13 13 -15
leaf_value=-0.0010836670963969243 0.00081195973369521028 -0.00072309593959513866 -0.0064417938981551391 -0.0014694528163390647 -0.0033204291155353944 0.0036301618156761779 -0.0018836851093221058 0.00093356963971417994 -0.0025107999437157 0.00019212615407289746 0.0037654479639303751 0.00043364917006047908 -0.00089150182722924078 0.0030155490344802574
leaf_weight=2886.2888643145561 4241.7246446758509 7108.9461507499218 206.13237123191357 203.57593247294426 221.62649556994438 1054.2738071829081 1375.6812381148338 1452.9299668371677 425.81132824718952 24492.936244428158 251.73138375580311 4456.3752267807722 5051.6641857177019 302.46633183956146
leaf_count=11590 17072 28467 833 824 898 4297 5536 5893 1705 98257 1009 17853 20251 1214
internal_value=-3.31166e-05 -0.000105845 -0.000534184 6.03931e-05 0.00140361 0.00279474 -0.00255069 0.000338011 -0.000269912 -6.07223e-05 0.000357985 0.000167646 3.88586e-05 -0.000660383
internal_weight=53732.2 49490.4 13824.7 35665.8 2932.41 1257.85 1581.81 1674.56 12242.9 32733.4 5133.92 4882.19 29847.1 5354.13
internal_count=215699 198627 55403 143224 11912 5121 6369 6791 49034 131312 20567 19558 119722 21465
is_linear=0
shrinkage=0.02


Tree=135
num_leaves=15
num_cat=0
split_feature=30 5 2 8 3 13 2 37 5 8 30 20 20 5
split_gain=10.1066 9.6548 9.13782 12.2944 7.44378 12.5034 12.6678 11.0228 12.203 9.00629 8.91029 8.63502 15.4551 15.23
threshold=-0.42759253084659571 0.00039425591239705687 0.10226704180240632 7.4886615038849427e-05 0.51652032136917125 0.91666665673255932 0.045062836259603507 0.23605518788099292 0.00058565719518810521 6.6829372372012599e-05 0.40319368243217474 8.4229232015786706e-05 0.00011263497435720639 0.0018388219177722933
decision_type=2 8 2 8 2 2 2 2 8 10 2 10 10 10
left_child=-1 -2 4 -4 7 11 -7 8 -3 -9 -10 -6 -13 -14
right_child=1 2 3 -5 5 6 -8 9 10 -11 -12 12 13 -15
leaf_value=0.0029839821043371067 0.004035734908552949 -0.0038308879823156666 -7.3924530713027811e-05 0.0057399126477882647 0.0009141894145756423 4.3858407452319171e-05 -0.0020471161243582545 -0.00021955382572429741 -0.00040789609717174671 0.0012223273656543454 -0.0041996111199286909 -0.0011029085098460949 0.004564532427383688 0.00035422835628374361
leaf_weight=411.62986341118813 206.06449998915195 413.18641690909863 347.56535495817661 229.62963417172432 8134.9475683420897 3488.6489352881908 1714.8742549866438 4108.0146676152945 25850.154422312975 2970.6418492645025 230.58087410032749 2934.3096982389688 385.85121485590935 2270.950064226985
leaf_count=1669 831 1655 1442 956 32774 13978 6902 16469 103575 11917 927 11786 1551 9128
internal_value=-6.41451e-05 -8.88026e-05 -0.000106329 0.0023538 -0.000134261 0.000182762 -0.000650443 -0.000313014 -0.000500272 0.000387288 -0.000444611 0.000499116 -0.000105914 0.000995233
internal_weight=53697 53285.4 53079.4 577.195 52502.2 18929.6 5203.52 33572.6 26493.9 7078.66 26080.7 13726.1 5591.11 2656.8
internal_count=215560 213891 213060 2398 210662 76119 20880 134543 106157 28386 104502 55239 22465 10679
is_linear=0
shrinkage=0.02


Tree=136
num_leaves=15
num_cat=0
split_feature=9 16 30 5 31 2 26 37 2 30 16 5 26 30
split_gain=13.0977 11.3124 10.6694 10.1894 9.39133 8.10509 7.99955 7.75488 12.881 10.8834 10.2588 9.46608 10.1247 9.07471
threshold=0.25000000745058065 0.0013909395202063026 -0.42759253084659571 0.00039425591239705687 -0.25496472418308253 0.10855389758944513 0.075561035424470915 0.17220889031887057 0.003408703021705151 0.17874343693256381 0.00022185628768056634 0.00058565719518810521 -0.073150508105754838 0.40319368243217474
decision_type=2 8 2 8 8 2 2 2 2 2 10 8 2 2
left_child=6 2 -2 -4 -5 7 -1 11 10 -10 -9 12 -6 -13
right_child=1 -3 3 4 5 -7 -8 8 9 -11 -12 13 -14 -15
leaf_value=0.0042056168980739482 0.0031199191907696024 0.0043354246669866136 0.0041153553366462658 -0.0033207066396713004 -0.005261485835406106 0.0027903559070720806 -6.6174900723830273e-05 0.0045012199652960634 0.0003451808295411228 -0.0014800158799860639 0.00035762935603504453 -0.00019079770480492239 -0.00010575069328653026 -0.0039444876660658865
leaf_weight=450.24600121378899 396.48905049264431 214.33950594067574 209.04651865363121 342.41939064860344 290.29609279334545 367.91501285135746 278.64019154012203 483.84804035723209 11007.25670979917 1462.591921210289 461.80403283238411 37215.427047714591 300.97284203767776 239.48034210503101
leaf_count=1818 1608 867 843 1375 1165 1532 1124 1936 44173 5877 1848 149323 1206 964
internal_value=-1.20451e-05 -4.91441e-05 -6.85862e-05 -9.39026e-05 -0.000112339 -8.98699e-05 0.00261443 -0.000111537 0.000301617 0.000129076 0.00252704 -0.000257302 -0.0027264 -0.00021689
internal_weight=53720.8 52991.9 52777.5 52381.1 52172 51829.6 728.886 51461.7 13415.5 12469.8 945.652 38046.2 591.269 37454.9
internal_count=215659 212717 211850 210242 209399 208024 2942 206492 53834 50050 3784 152658 2371 150287
is_linear=0
shrinkage=0.02


Tree=137
num_leaves=15
num_cat=0
split_feature=31 1 31 2 28 28 29 20 34 20 34 4 29 3
split_gain=12.6584 10.8736 11.3172 8.25745 12.4453 14.401 15.0858 13.4104 12.71 12.3396 11.8244 15.0878 16.306 11.7914
threshold=-0.25496472418308253 0.60366845130920421 -0.2361439764499664 0.032758157700300224 -0.43589727580547327 -0.20698968321084973 -0.099073778837919221 8.4229232015786706e-05 -0.076666668057441698 0.00015532915131188932 -0.13222222775220868 1.0000000180025095e-35 0.13652865588665011 0.42794953286647802
decision_type=8 2 10 2 2 2 2 10 8 8 10 2 2 2
left_child=-1 2 -2 -4 -5 6 7 -6 -8 10 11 -7 -13 -14
right_child=1 -3 3 4 5 9 8 -9 -10 -11 -12 12 13 -15
leaf_value=-0.0033249480736381397 0.0045156742469578603 0.0026874472350211964 -0.00019075573358917703 0.0038048089427627518 0.0012430328687058193 -0.0034895702012734597 -0.0015101235886632348 -0.0018984742407743616 -0.0066452403096394844 0.0023342887353066688 -3.6478483820106091e-06 0.002096078966705316 0.0026388066046438138 -0.0025870004146008817
leaf_weight=424.18079496920109 204.45048326253891 605.21186004579067 31375.415562927723 382.30599425733089 1255.060268625617 239.57821182906628 633.94626112282276 927.43526610732079 268.44664105772972 1298.6025070250034 11991.030865222216 3372.6436115950346 226.35760182142258 566.96231943368912
leaf_count=1704 823 2486 125591 1558 5068 959 2570 3733 1078 5236 48153 13687 929 2289
internal_value=3.74016e-05 6.53726e-05 3.42773e-05 1.51262e-05 0.00032026 0.000252555 -0.00100425 -9.70443e-05 -0.0031487 0.000472546 0.000322432 0.00120597 0.00149138 -0.0010677
internal_weight=53771.6 53347.4 52742.2 52537.8 21162.4 20780.1 3084.89 2182.5 902.393 17695.2 16396.6 4405.54 4165.96 793.32
internal_count=215864 214160 211674 210851 85260 83702 12449 8801 3648 71253 66017 17864 16905 3218
is_linear=0
shrinkage=0.02


Tree=138
num_leaves=15
num_cat=0
split_feature=31 30 20 20 35 35 16 28 28 27 27 29 20 34
split_gain=10.2591 9.61069 12.2958 16.0217 15.3487 12.0906 11.275 10.7656 12.4603 9.66344 8.98412 9.82455 11.2409 8.7099
threshold=-0.28470504283905024 -0.10506724566221236 3.5722239772439941e-05 9.625268648960629e-05 6.5990664538731491e-13 1.9841560442183592e-13 0.00046306877629831439 -0.17911183089017865 -0.16791681945323941 -0.14298897981643674 -0.14534597843885419 -0.085966873914003358 9.1387686552479877e-05 -0.061111113056540482
decision_type=8 2 8 10 2 2 8 2 2 2 2 2 10 8
left_child=-1 2 9 4 13 -3 -6 10 -9 -2 11 -7 -13 -4
right_child=1 5 3 -5 6 7 -8 8 -10 -11 -12 12 -14 -15
leaf_value=-0.0042329132445631523 -0.0037989770432327219 0.0032361617679204421 -0.00027529561337796252 -0.00042595739794358848 0.0015912531871859412 -0.00064732569429580946 0.0058702112948921846 0.0035236310368734021 -0.00019329839247055817 0.00024056203815938837 0.00041134380953183983 -0.0061270878544337163 -0.0010307648270206843 0.00202811117736648
leaf_weight=214.0271278321743 456.72917844355106 386.29081806540489 3374.1333856582642 4338.6875092983246 4436.1925207078457 593.74807754158974 244.85867965221405 344.36425973474979 36828.089223235846 466.37684951722622 560.69110596179962 428.09600013494492 297.57340231537819 794.3273636251688
leaf_count=860 1842 1554 13553 17424 17879 2385 987 1382 147743 1881 2255 1719 1193 3182
internal_value=-5.4546e-05 -3.6272e-05 0.000411297 0.000568302 0.00105562 -0.000196541 0.0018391 -0.000232134 -0.000156989 -0.00179628 -0.00170059 -0.0025908 -0.00412095 0.000171222
internal_weight=53764.2 53550.2 14111.3 13188.2 8849.51 39438.9 4681.05 39052.6 37172.5 923.106 1880.11 1319.42 725.669 4168.46
internal_count=215839 214979 56748 53025 35601 158231 18866 156677 149125 3723 7552 5297 2912 16735
is_linear=0
shrinkage=0.02


Tree=139
num_leaves=15
num_cat=0
split_feature=31 0 18 8 3 28 12 5 5 3 5 1 28 30
split_gain=11.4073 11.9359 9.87237 9.11978 12.6111 10.7053 9.94665 8.6509 25.5374 28.227 14.4312 17.167 14.0276 14.7544
threshold=-0.28470504283905024 0.063240546733140959 0.00035978444793727254 5.5370590416714556e-05 0.55682358145713817 -0.14037133008241651 7.81321359681897e-05 0.0027108440408483152 0.0022612486500293021 0.5314452350139619 0.0029985909350216393 0.5228063464164735 -0.26830777525901789 -0.078838285058736787
decision_type=8 2 10 10 2 2 10 10 10 2 10 2 2 2
left_child=-1 7 3 4 -3 6 -6 8 12 -10 11 -9 -2 -14
right_child=1 2 -4 -5 5 -7 -8 10 9 -11 -12 -13 13 -15
leaf_value=-0.004476794177002183 -0.0018697813954612469 -0.00040776221632607483 -0.00013296907028102962 0.001810745674564484 0.0034182849232129719 0.0041428969565789073 -0.0020904885517059801 -0.00082720476572446279 0.00081213135240804763 0.0054965429458016957 -0.00030089452846465963 -0.0048122530430202001 0.00083017259732545657 -0.0003639592250788507
leaf_weight=208.78640687465668 1823.5273567587137 2548.1856546998024 4773.4223596006632 3271.2632798850536 197.45522944629192 523.8567790389061 310.21613858640194 1339.4982184022665 3255.2998408824205 593.53598183393478 12957.944730579853 626.34476436674595 5586.2114123106003 15793.004148960114
leaf_count=839 7323 10271 19243 13236 811 2139 1268 5365 13039 2389 51898 2511 22403 63280
internal_value=-2.04135e-05 -1.39129e-06 0.000565182 0.00105059 0.000349735 0.00219314 0.000100462 -0.000158489 5.48229e-05 0.0015592 -0.000544705 -0.00213257 -0.000195849 -5.14582e-05
internal_weight=53808.6 53599.8 11624.4 6850.98 3579.71 1031.53 507.671 41975.4 27051.6 3848.84 14923.8 1965.84 23202.7 21379.2
internal_count=216015 215176 46968 27725 14489 4218 2079 168208 108434 15428 59774 7876 93006 85683
is_linear=0
shrinkage=0.02


Tree=140
num_leaves=15
num_cat=0
split_feature=3 1 18 5 5 30 26 34 26 11 34 16 5 5
split_gain=9.59151 13.7687 13.0743 14.9502 13.1612 17.9407 14.1051 13.9919 10.3452 11.1426 10.2159 11.684 17.5756 13.2873
threshold=0.51694953441619884 0.49118937551975256 0.00035978444793727254 0.0079190307296812552 0.0056560111697763213 -0.14809396117925641 -0.12462816759943961 -1.2490009027033009e-15 -0.39708170294761652 0.91666665673255932 -0.097777780145406709 0.00021943288447801026 0.0011526856105774643 0.0026021389057859783
decision_type=2 2 10 8 10 2 2 10 2 2 10 10 10 10
left_child=-1 -2 3 10 7 -6 -7 8 -4 -10 11 -3 -13 -14
right_child=1 2 4 -5 5 6 -8 -9 9 -11 -12 12 13 -15
leaf_value=-0.00026709453915925072 -0.0020449228434054785 0.00099099807511665301 -0.0025724039683798191 -0.0039057650815814437 -0.0028154854399498352 0.0076318622118355167 0.0014130152714328784 -0.0027037945990059436 -0.00044943883622713927 0.0017743518276856303 0.00032295426069191334 -0.00086986206102172446 0.0058884306328105488 0.0012708342404040803
leaf_weight=34517.732739031315 940.17348237335682 4187.0946217477322 604.51166911423206 241.46583399176598 211.63313855230808 215.13506998121738 416.06571772694588 1028.3507903814316 3183.6846081912518 1234.3334760516882 5500.9404377043247 339.3320399671793 708.5469890832901 399.26850301027298
leaf_count=138388 3762 16942 2441 971 851 864 1670 4124 12809 4956 22068 1370 2869 1613
internal_value=-6.77936e-05 0.000290218 0.000412487 0.000828424 -0.000274343 0.00203808 0.00370191 -0.000602096 -0.000162761 0.000177054 0.000937903 0.00153504 0.00307416 0.00427625
internal_weight=53728.3 19210.5 18270.4 11376.6 6893.71 842.834 631.201 6050.88 5022.53 4418.02 11135.2 5634.24 1447.15 1107.82
internal_count=215698 77310 73548 45833 27715 3385 2534 24330 20206 17765 44862 22794 5852 4482
is_linear=0
shrinkage=0.02


Tree=141
num_leaves=15
num_cat=0
split_feature=9 18 5 1 36 31 36 0 30 3 20 5 9 5
split_gain=12.1672 8.39224 9.31809 15.0883 15.8005 15.7716 10.7177 9.58077 8.24415 7.47714 12.6919 17.2287 12.5943 12.5506
threshold=0.25000000745058065 0.0018698624335229399 0.0083050956018269079 0.43975248932838445 5.3093708357772339e-13 -0.023509507998824116 9.5352897669723234e-13 0.035962982103228576 -0.037560446187853806 0.53300619125366222 7.1588714490644647e-05 0.00094444295973517012 0.58333334326744091 0.00064421899151057016
decision_type=2 8 10 2 2 10 2 2 2 2 10 10 2 10
left_child=8 2 9 -4 5 -5 -6 -8 -1 -2 11 12 -11 -14
right_child=1 -3 3 4 6 -7 7 -9 -10 10 -12 -13 13 -15
leaf_value=0.0048686879536351674 -4.3976919802409464e-05 0.0038228866288870988 0.0033509228342327438 -0.0024923689018033247 -0.0059756524013341939 0.0044867924837598298 -0.0039526739282261421 0.0016570465783822879 0.00063822136849952583 0.0020872335435985728 -6.6293051214277228e-05 0.0018822616530108397 0.0016433202097880118 -0.0038771904878830352
leaf_weight=329.25607910752296 39717.041369333863 215.51147200167179 207.32009756565094 268.55090267956257 432.06070065498352 215.58304551243782 260.23036153614521 199.99052572250366 404.93943299353123 367.13418404757977 6318.8444095253944 4020.7241272032261 217.6543153822422 555.22833935916424
leaf_count=1332 159199 870 835 1076 1731 863 1042 804 1632 1487 25442 16281 878 2236
internal_value=9.17826e-05 5.58644e-05 3.90407e-05 -0.00146216 -0.00222473 0.000670133 -0.00377568 -0.00154746 0.00261421 8.60322e-05 0.000535132 0.00126893 -0.000889374 -0.0023203
internal_weight=53730.1 52995.9 52780.4 1583.74 1376.42 484.134 892.282 460.221 734.196 51196.6 11479.6 5160.74 1140.02 772.883
internal_count=215708 212744 211874 6351 5516 1939 3577 1846 2964 205523 46324 20882 4601 3114
is_linear=0
shrinkage=0.02


Tree=142
num_leaves=15
num_cat=0
split_feature=9 29 14 16 26 25 34 17 28 25 1 1 8 23
split_gain=9.40546 13.8483 7.62675 8.34223 8.24774 8.57433 7.89588 8.39397 8.49285 10.1348 9.19445 7.76309 6.64454 7.74509
threshold=0.25000000745058065 0.017573588527739051 0.00010373405530117453 6.2749728385824724e-05 -0.62117654085159291 -0.51898491382598866 -0.25222222506999964 0.75000000000000011 0.016185361891984943 -0.20049318671226499 0.52109965682029735 0.51995638012886058 0.00011731147606042215 0.40621705353260046
decision_type=2 2 10 8 2 2 8 2 2 2 2 2 10 2
left_child=1 -1 3 -2 5 -4 7 8 9 -6 -10 -9 -8 -14
right_child=2 -3 4 -5 6 -7 12 11 10 -11 -12 -13 13 -15
leaf_value=0.004612747001346419 -0.001660771970424691 -0.00081980904945893175 -7.0991760805818219e-05 0.00072958360704192639 -0.00064702595718068797 0.0052316643304649527 -0.00018347446985779461 -0.0013884319047731963 0.0015115629555637518 -0.0050449627115965135 -0.0035672686614309653 0.0027947481073947937 0.00029610776731162194 0.0027375690892708403
leaf_weight=408.1240905970335 612.84992435574532 324.9316700398922 252.77725364267826 7728.1355081647635 346.85486468672752 214.77394114434719 35532.76058216393 372.80488370358944 388.3003544062376 536.39824309945107 199.21558693051338 304.67148214578629 6007.9485452920198 549.81818968057632
leaf_count=1650 2464 1310 1021 31044 1405 873 142507 1504 1570 2173 808 1235 24136 2211
internal_value=2.74616e-05 0.00224691 -4.04407e-06 0.000550401 -0.000107688 0.00247952 -0.00013614 -0.00131314 -0.00215272 -0.00337045 -0.000271317 0.000519003 -7.54725e-05 0.000508507
internal_weight=53780.4 733.056 53047.3 8340.99 44706.3 467.551 44238.8 2148.25 1470.77 883.253 587.516 677.476 42090.5 6557.77
internal_count=215911 2960 212951 33508 179443 1894 177549 8695 5956 3578 2378 2739 168854 26347
is_linear=0
shrinkage=0.02


Tree=143
num_leaves=15
num_cat=0
split_feature=2 20 34 32 36 33 36 23 37 0 22 34 32 0
split_gain=8.46511 10.9689 10.4428 11.8528 13.6557 12.2565 9.19887 9.23793 17.6689 8.39081 7.43281 7.3906 13.7005 8.10612
threshold=0.077433113008737578 3.3007851016009233e-05 -9.1593399531575395e-16 0.055222077295184142 8.4198235406410259e-13 -0.093333333730697618 2.4668688044984099e-13 0.35727231204509741 0.43947131931781774 0.063687659800052657 -0.10189530998468398 -0.34333333373069758 0.0065465595107525596 0.038860032334923751
decision_type=2 8 10 10 2 10 2 2 2 2 2 10 10 2
left_child=6 -2 3 4 -3 9 -1 8 11 -6 -9 12 13 -8
right_child=1 2 -4 -5 5 -7 7 10 -10 -11 -12 -13 -14 -15
leaf_value=0.0029209512219507574 -0.0028920714158546389 0.0037525132182199402 -0.0018161757737086624 0.0042836467598647947 0.0040512179398365499 -0.0040565014612008159 -0.0012190397120882797 0.0032036245404768464 -0.0044836529766303567 -0.00035752817184746331 0.00052357244076507129 -4.5633206043462113e-05 0.0014173712822777734 -0.0063081094148120078
leaf_weight=408.82119454443455 226.8480626642704 483.68510176241398 308.16929146647453 636.72498033940792 224.32698886096478 237.72831378877163 253.59084372222424 430.89514148235321 347.60243083536625 579.31240013241768 5262.7057923227549 43861.96990776062 293.35180234909058 252.4962138235569
leaf_count=1643 934 1987 1245 2616 921 970 1019 1728 1395 2410 21102 175854 1181 1021
internal_value=6.18146e-05 0.00114967 0.00154113 0.00203198 0.00104861 -0.000254318 3.98872e-06 -2.06736e-05 -0.000116791 0.000941615 0.000736904 -8.0812e-05 -0.00196271 -0.00390136
internal_weight=53808.2 2696.8 2469.95 2161.78 1525.05 1041.37 51111.4 50702.6 45009 803.639 5693.6 44661.4 799.439 506.087
internal_count=216026 11083 10149 8904 6288 4301 204943 203300 180470 3331 22830 179075 3221 2040
is_linear=0
shrinkage=0.02


Tree=144
num_leaves=15
num_cat=0
split_feature=31 1 31 35 23 36 20 0 28 31 3 10 26 3
split_gain=9.79278 10.6565 9.80669 23.5164 15.157 12.2789 10.9056 16.1049 12.1193 13.3705 11.6903 11.3304 10.8704 9.53438
threshold=-0.28470504283905024 0.60366845130920421 -0.055580521002411835 1.878275204640623e-12 -0.038241675123572343 2.4962949459264587e-12 0.00011343209189362825 0.027147252112627033 -0.08117388933897017 -0.2361439764499664 0.48931327462196356 0.0002438922747387551 -0.25582051277160639 0.5135507881641389
decision_type=8 2 10 2 2 2 8 2 2 10 2 10 2 2
left_child=-1 2 3 6 5 -5 8 -8 9 -2 -11 12 -10 -6
right_child=1 -3 -4 4 13 -7 7 -9 11 10 -12 -13 -14 -15
leaf_value=-0.0041735166009770489 0.0035384450001795082 0.0025481004908855108 -0.00024398846004945998 0.0024456331955009002 0.0023392079650296476 -0.0015359474652501279 -0.00088573923368924989 0.0021920391648293691 0.003489620056645353 0.00091593319315794121 -0.0013971498534884861 0.0048182178846916 -3.8108360664868836e-06 0.0066941366756812747
leaf_weight=209.51423095166683 251.87526068091393 612.07366989552975 36813.797453075647 763.52284029126167 488.47594632208347 495.09201663732529 1030.8760696947575 1928.5466847121716 370.98069958388805 1041.4933246970177 5049.3949794918299 214.77649053931236 4014.9807303994894 368.88891983032227
leaf_count=842 1012 2516 147701 3078 1966 2000 4128 7743 1490 4179 20289 863 16110 1489
internal_value=-5.11287e-05 -3.34129e-05 -6.4273e-05 0.000348529 0.00230234 0.000879902 4.82843e-05 0.00112119 -0.000243374 -0.00080915 -0.000999928 0.000536754 0.000306175 0.00432284
internal_weight=53654.3 53444.8 52832.7 16018.9 2115.98 1258.61 13902.9 2959.42 10943.5 6342.76 6090.89 4600.74 4385.96 857.365
internal_count=215406 214564 212048 64347 8533 5078 55814 11871 43943 25480 24468 18463 17600 3455
is_linear=0
shrinkage=0.02


Tree=145
num_leaves=15
num_cat=0
split_feature=2 26 14 4 27 36 10 2 10 33 27 30 2 36
split_gain=9.78417 9.28348 12.1541 8.15196 12.45 7.82868 12.3331 10.7911 7.8038 8.07052 11.0055 7.71786 9.39557 7.26715
threshold=0.12042322382330896 -0.62117654085159291 0.00017644763283897194 1.0000000180025095e-35 -0.27561022341251368 8.8435175523739206e-13 3.850882239930798e-05 0.0092787598259747046 4.920627725368832e-05 -0.12666666880249974 -0.16039312630891797 -0.12428526207804678 0.0009791064076125624 6.5298233400262761e-13
decision_type=2 2 10 2 2 2 10 2 10 10 2 2 2 2
left_child=1 2 -1 4 -3 6 -6 -7 -8 10 -10 -11 -13 -12
right_child=-2 3 -4 -5 5 7 8 -9 9 11 13 12 -14 -15
leaf_value=-0.00017928288008060646 0.0041694654878720481 -0.0042961887518335844 0.0053433690191415631 3.383446668266145e-05 -0.003949101737290509 0.00016939344268310436 0.0030704320579959944 -0.0024250351846240295 0.0019411511553291917 0.0027089999403262744 -0.003649130012679623 -0.0035728562698684953 0.00034186456933946776 0.00013149876956766488
leaf_weight=346.56490413844585 200.85778604447842 335.97627693414688 273.19278983771801 44054.087117627263 290.66308188438416 1072.4032330960035 322.40785479545593 1566.0294188857079 276.36067098379135 480.37831719219685 643.01859611272812 244.45181798934937 3355.5320978760719 291.40370440483093
leaf_count=1403 840 1346 1107 176933 1163 4291 1290 6267 1106 1922 2573 978 13425 1166
internal_value=-3.14567e-05 -4.87637e-05 0.00234607 -7.76789e-05 -0.00062982 -0.000475926 -6.98927e-05 -0.00137718 0.000144275 -4.49168e-05 -0.00146509 0.000381589 5.777e-05 -0.00249207
internal_weight=53753.3 53552.5 619.758 52932.7 8878.63 8542.65 5904.22 2638.43 5613.55 5291.15 1210.78 4080.36 3599.98 934.422
internal_count=215810 214970 2510 212460 35527 34181 23623 10558 22460 21170 4845 16325 14403 3739
is_linear=0
shrinkage=0.02


Tree=146
num_leaves=15
num_cat=0
split_feature=8 24 31 0 30 20 14 2 30 33 18 34 20 27
split_gain=11.6586 10.7885 11.6057 8.79452 8.7472 8.73379 8.39166 15.8878 10.6135 13.662 9.30079 14.9302 13.4245 14.5486
threshold=0.00016110686556203294 -0.69209828972816456 -0.25496472418308253 0.066491048783063902 -0.16524218022823331 7.1923033829079954e-05 0.00010373405530117453 0.071700509637594237 0.029911458492279056 0.083333335816860213 0.00022635493951383981 -2.0816681711721681e-15 8.379840437555687e-05 0.19294076412916186
decision_type=8 2 8 2 2 10 10 2 2 10 10 10 10 2
left_child=1 5 -3 4 -2 -1 7 8 -4 -10 11 -8 13 -13
right_child=3 2 6 -5 -6 -7 10 -9 9 -11 -12 12 -14 -15
leaf_value=0.003202403593563431 0.0033540965433108195 -0.0036398171923367971 0.00081835554852119938 0.0029139902355774868 -4.884165035043624e-06 -0.00074779727291706289 -0.00039005611885277274 0.0034286807710780134 -0.0011608891563734398 0.0032473587448175458 -6.2227391226869164e-05 -0.0022032104655368527 -0.0038406675064554976 0.0031522706505504729
leaf_weight=672.07406197488308 346.52700589597225 358.18251349031925 4462.3923544585705 807.89743846654892 2014.2783034592867 321.33341556787491 8582.0354059785604 644.18383495509624 2724.1597539186478 293.97160062193871 30638.240382224321 616.9392549097538 1047.3612815290689 278.12943767011166
leaf_count=2716 1396 1439 17896 3281 8087 1296 34496 2646 10917 1177 122903 2470 4194 1114
internal_value=-3.39998e-05 -0.00010782 -0.000149462 0.00113899 0.000512193 0.00193511 -0.00012263 0.000464029 0.000200267 -0.000712967 -0.000238594 -0.000750933 -0.00232513 -0.000506548
internal_weight=53807.7 50639 49645.6 3168.7 2360.81 993.407 49287.4 8124.71 7480.52 3018.13 41162.7 10524.5 1942.43 895.069
internal_count=216028 203264 199252 12764 9483 4012 197813 32636 29990 12094 165177 42274 7778 3584
is_linear=0
shrinkage=0.02


Tree=147
num_leaves=15
num_cat=0
split_feature=5 5 30 36 5 36 34 28 5 28 5 20 32 16
split_gain=11.7555 18.6295 18.5201 17.7987 16.5443 23.9954 22.2483 14.7517 14.5527 14.73 14.37 18.0959 14.3144 13.9087
threshold=0.0027315481565892701 0.0025251416955143218 -0.10322787612676619 3.2121653698469898e-13 0.0017707877559587362 6.0371277204804296e-13 -0.083333335816860185 -0.26340672373771662 0.0010123686515726151 -0.17630929499864575 0.0019775172695517544 8.7215299572562812e-05 -0.095462553203105913 0.00018400121916783976
decision_type=10 10 2 2 10 2 8 2 8 2 10 10 10 8
left_child=1 2 4 -2 5 6 -1 -4 -7 -10 -6 -12 -5 -11
right_child=3 -3 7 12 10 8 -8 -9 9 13 11 -13 -14 -15
leaf_value=-0.0022454904602981448 0.0035362719445261883 0.00210052385965376 -0.0041005990991471166 -0.0015061075898129507 0.0044869636042539195 0.0033492677687761386 0.0014697576237619079 -5.2367873695550581e-05 -0.00075808448717964647 -0.00036464892778931225 0.0027680067490082655 -0.0012712074724895318 -0.0001334198064112516 0.0042948215609580872
leaf_weight=1862.7940084785223 446.96070943772793 2132.0074522942305 345.71913780272007 3813.8925588876009 795.79518419504166 1121.5389014482498 963.66925185918808 23307.776251554489 1369.2586047202349 430.95648670196533 1181.1628822535276 688.52684900164604 14673.804601788521 601.74525062739849
leaf_count=7484 1794 8566 1392 15323 3203 4517 3862 93536 5529 1737 4762 2767 58850 2422
internal_value=7.98834e-05 0.000298027 0.000179181 -0.000320945 0.000949431 0.000391517 -0.000977367 -0.000114951 0.00148892 0.00059979 0.00226573 0.00128283 -0.000417918 0.00238039
internal_weight=53735.6 34801 32668.9 18934.7 9015.45 6349.96 2826.46 23653.5 3523.5 2401.96 2665.48 1869.69 18487.7 1032.7
internal_count=215744 139777 131211 75967 36283 25551 11346 94928 14205 9688 10732 7529 74173 4159
is_linear=0
shrinkage=0.02


Tree=148
num_leaves=15
num_cat=0
split_feature=16 30 5 19 33 5 24 0 32 1 13 10 16 5
split_gain=9.58442 10.5385 9.27981 8.03974 12.1505 11.5592 10.9007 9.17542 9.70434 8.99886 10.9944 8.98901 11.6363 15.4095
threshold=0.0013909395202063026 -0.42759253084659571 0.00039425591239705687 0.91666665673255932 -0.27666667103767389 0.00058565719518810521 -0.47928923368453974 0.044744445011019714 -0.026156376115977761 0.59087780117988598 0.91666665673255932 0.00018767965957522395 0.00031927108648233121 0.0079190307296812552
decision_type=8 2 8 2 10 8 2 2 10 2 2 10 10 8
left_child=1 -1 -3 5 -5 7 -6 8 -4 -7 -11 12 13 -8
right_child=-2 2 3 4 6 9 11 -9 -10 10 -12 -13 -14 -15
leaf_value=0.0030829702991213266 0.0040013745095072023 0.003985255865607073 -0.00084460299845447303 0.0029588305575380548 -0.00265575718755913 0.00010642303716759429 -0.00012843076059051981 0.00092269613883484616 -0.0068692279993691242 0.0031713852358967783 -0.0019271186471496108 0.00069899071074251045 -0.0017332065867318948 -0.0046305533010237215
leaf_weight=416.77605448663235 219.20503282546997 208.51572158932686 203.70145317912102 394.9428631067276 873.81129994988441 34887.670947253704 9462.3767197430134 200.99874772131443 221.01388512551785 744.01414920389652 202.61548978090286 2543.404711291194 2798.1374123245478 294.25306935608387
leaf_count=1691 888 841 816 1595 3509 140033 37930 810 885 3064 821 10211 11212 1179
internal_value=6.91266e-06 -1.09589e-05 -3.64254e-05 -5.38018e-05 -0.000421776 0.000111523 -0.000508965 -0.00254076 -0.00414764 0.000159227 0.00206281 -0.00038137 -0.000600998 -0.000273407
internal_weight=53671.4 53452.2 53035.5 52826.9 16366.9 36460 15972 625.714 424.715 35834.3 946.63 15098.2 12554.8 9756.63
internal_count=215485 214597 212906 212065 65636 146429 64041 2511 1701 143918 3885 60532 50321 39109
is_linear=0
shrinkage=0.02


Tree=149
num_leaves=15
num_cat=0
split_feature=30 31 0 34 8 20 30 17 26 20 37 0 20 20
split_gain=12.3874 16.2639 10.5755 9.93515 11.1413 9.37184 17.6812 14.5388 15.9888 13.8568 9.44588 8.46481 7.95314 9.68666
threshold=-0.48918904364109034 -0.25496472418308253 0.1037161946296692 -0.061111113056540482 0.00010188911619479769 5.4112490033730871e-05 0.24729088693857196 0.75000000000000011 -0.0023496563080698247 5.6925133321783512e-05 0.47253634035587316 0.023374733515083793 0.00011193597674719059 8.5885560110909878e-05
decision_type=2 8 2 8 8 10 2 2 2 10 2 2 10 10
left_child=-1 -2 3 4 -3 6 7 8 -5 -7 12 -6 13 -11
right_child=1 2 -4 5 11 9 -8 -9 -10 10 -12 -13 -14 -15
leaf_value=0.0046642244000287408 -0.0040587186937955247 4.4747994713084217e-05 0.0018052168362164337 -0.0074940231976371964 -0.000328522899018132 0.0028058709247535964 0.0032111792572167932 -0.00060917332054541645 -0.0018369509140525441 -0.00018770114844979699 0.0019608794429291252 0.0018050194284891337 0.00010611538304036051 -0.0011963473928150474
leaf_weight=203.41088663041592 382.79765920341015 20228.951429948211 1214.0188783556223 332.95015494525433 1011.749361127615 571.55243003368378 247.40279057621956 955.6755256652832 502.7017317712307 8612.4029874056578 704.4865455776453 2732.3862570375204 9278.31028175354 6820.7505088448524
leaf_count=827 1538 81307 4966 1334 4057 2289 992 3828 2014 34492 2824 11028 37188 27316
internal_value=-3.54486e-05 -5.50183e-05 -2.4703e-05 -6.81035e-05 0.000230702 -0.000323678 -0.00162278 -0.00231849 -0.00421339 -0.000220593 -0.000290805 0.00122981 -0.000356531 -0.000634448
internal_weight=53799.5 53596.1 53213.3 51999.3 23973.1 28026.2 2038.73 1791.33 835.652 25987.5 25416 3744.14 24711.5 15433.2
internal_count=216000 215173 213635 208669 96392 112277 8168 7176 3348 104109 101820 15085 98996 61808
is_linear=0
shrinkage=0.02


Tree=150
num_leaves=15
num_cat=0
split_feature=22 1 3 33 2 29 5 25 13 20 8 36 20 22
split_gain=10.5103 13.2104 16.4082 13.1073 11.8481 11.0884 10.5809 11.8248 9.54254 12.8293 12.1272 11.571 11.3975 9.49608
threshold=-0.26427398622035975 0.49522367119789129 0.5067199468612672 3.4972025275692435e-15 0.034432772547006614 -0.20163759589195249 0.0049555820878595122 -0.037830116227269166 0.91666665673255932 7.5921307143289609e-05 2.7132317882205829e-05 4.2768535295310139e-13 6.4143689087359248e-05 -0.43463803827762598
decision_type=2 2 2 8 2 2 8 2 2 10 10 2 10 2
left_child=1 2 3 -1 -5 6 7 -2 9 11 -11 -3 -10 -14
right_child=5 8 -4 4 -6 -7 -8 -9 12 10 -12 -13 13 -15
leaf_value=-0.00044696980098221466 -0.00025873374851455576 -0.00045425184117504967 -0.0029284221287201686 0.0032560931208018666 -0.00082510419807063965 -8.580923979592764e-05 -0.0057211394986090352 -0.0042289855934167404 -0.0020967373834287328 -0.0038478940898816695 0.00066224652476254127 0.0024238834053841992 -0.00023257026864443616 0.0023732854844623614
leaf_weight=4211.3076032400131 1448.8964861035347 656.95717123150826 812.3366339802742 817.33116875588894 420.62696127593517 34165.065803334117 203.72688369452953 359.44039237499237 812.78378289937973 235.46490804851055 3595.4532278031111 3511.6349073648453 1754.1766313016415 799.15999466180801
leaf_count=16902 5827 2641 3251 3271 1689 137117 818 1444 3264 946 14445 14167 7037 3204
internal_value=2.38838e-05 0.000424066 -0.000312951 8.6227e-05 0.00187833 -0.000171231 -0.00160658 -0.00108552 0.000829944 0.00120507 0.000366489 0.0019703 -6.33909e-05 0.000595134
internal_weight=53804.4 17627.2 6261.6 5449.27 1237.96 36177.1 2012.06 1808.34 11365.6 7999.51 3830.92 4168.59 3366.12 2553.34
internal_count=216023 70817 25113 21862 4960 145206 8089 7271 45704 32199 15391 16808 13505 10241
is_linear=0
shrinkage=0.02


Tree=151
num_leaves=15
num_cat=0
split_feature=36 35 5 5 18 29 36 0 18 27 35 0 26 26
split_gain=11.462 9.05856 12.6947 18.2337 17.1788 15.1226 19.5437 13.5216 11.0749 10.7653 10.7098 11.5228 11.0234 13.1007
threshold=2.4668688044984099e-13 6.5990664538731491e-13 0.001644487143494189 0.0019775172695517544 9.7537791589275016e-05 0.16295150667428973 3.3995558917834101e-13 0.093813717365264906 0.00021362382540246474 0.23729889094829562 6.6384739502364797e-13 0.0058471909724175939 0.41861705482006079 0.29460433125495916
decision_type=2 2 10 10 10 2 2 2 10 2 2 2 2 2
left_child=-1 2 4 8 -2 6 -6 -8 -4 10 -3 -12 13 -13
right_child=1 9 3 -5 5 -7 7 -9 -10 -11 11 12 -14 -15
leaf_value=0.0031717939391210886 -0.0050053031369442606 0.00473657160078296 -0.00050571139085824773 -0.00020891965955773512 -0.0041692819960058372 0.0015027408517204373 -0.00079234889755527827 0.0039406706426703469 0.0024658664830081133 -0.0010820098350700748 -0.0011632423074104043 0.00048646149833402426 0.0026408151944763464 -0.001595053137418715
leaf_weight=435.62597078084946 356.06894458830357 202.3969663977623 683.89492945373058 13240.057532921433 665.7907782047987 1142.876103579998 8403.8438090384007 228.97425477206707 1802.8113732635975 2220.1436995267868 1895.7229336649179 20312.644066244364 865.4385063201189 1266.6480939388275
leaf_count=1754 1430 812 2745 53074 2670 4581 33680 929 7228 8930 7590 81692 3489 5094
internal_value=1.31043e-05 -1.38984e-05 -0.000275729 8.69102e-05 -0.000803101 -0.000650505 -0.000917814 -0.000657993 0.00165111 0.000245609 0.000366489 0.000326291 0.000453024 0.000362918
internal_weight=53722.9 53287.3 26524.3 15726.8 10797.6 10441.5 9298.61 8632.82 2486.71 26763 24542.9 24340.5 22444.7 21579.3
internal_count=215698 213944 106337 63047 43290 41860 37279 34609 9973 107607 98677 97865 90275 86786
is_linear=0
shrinkage=0.02


Tree=152
num_leaves=15
num_cat=0
split_feature=10 29 32 14 36 28 29 15 37 20 36 36 31 36
split_gain=9.23819 9.5411 11.267 18.3225 12.4877 10.1964 9.39548 8.61515 8.27538 8.11896 8.91309 8.08419 11.7171 8.07487
threshold=0.00023954993230290714 -0.20163759589195249 -0.14608979225158689 0.00014409431605599823 3.237271670349096e-12 -0.26830777525901789 -0.18421088159084317 0.75000000000000011 0.47253634035587316 8.7674554379191263e-05 5.4535401802086058e-13 2.7272914829290511e-12 -0.0058737543877214185 5.9024058427295533e-13
decision_type=8 2 10 10 2 2 2 2 2 10 2 2 10 2
left_child=1 8 3 5 11 -3 -2 -7 9 13 -11 -4 -13 -1
right_child=6 2 4 -5 -6 7 -8 -9 -10 10 -12 12 -14 -15
leaf_value=-0.001596034702818025 0.0036520929245605102 -0.000439059581818487 -0.00018474529722455234 -0.00019926987676483523 0.0026047342615495594 0.0051326673763322185 0.00049072435597395366 0.0017184075287943734 -0.0048670199428133103 0.00045144764647231844 -0.0034362228900716094 0.00075647254021802223 -0.0042253573116491508 0.0006601033542594899
leaf_weight=1052.9224343746901 397.91556018590927 341.02235668897629 40319.627016082406 2276.2770722061396 614.05636830627918 597.14814724028111 3863.8335466384888 625.95376466214657 202.67021164298058 328.31576858460903 781.02701732516289 306.24620842933655 451.35158912837505 1534.6729927808046
leaf_count=4227 1608 1381 161729 9163 2485 2408 15550 2517 815 1317 3139 1232 1820 6187
internal_value=-8.96863e-05 -0.00016682 -8.52724e-05 0.000948487 -0.000180906 0.00260025 0.000801579 0.00344109 -0.00111368 -0.000882834 -0.00229803 -0.000223796 -0.00224388 -0.000263145
internal_weight=53693 49431.3 45531.7 3840.4 41691.3 1564.12 4261.75 1223.1 3899.61 3696.94 1109.34 41077.2 757.598 2587.6
internal_count=215578 198420 182735 15469 167266 6306 17158 4925 15685 14870 4456 164781 3052 10414
is_linear=0
shrinkage=0.02


Tree=153
num_leaves=15
num_cat=0
split_feature=30 29 37 3 21 17 30 9 28 35 35 18 20 35
split_gain=9.14342 10.1151 14.5663 10.9474 12.3927 10.4994 9.51737 14.9509 10.5921 14.0037 12.1586 10.4357 18.2918 14.9909
threshold=-0.42759253084659571 -0.20163759589195249 0.46066512167453771 0.51482048630714428 0.32407245039939886 0.75000000000000011 -0.07049261778593062 0.58333334326744091 -0.20698968321084973 1.2722002813193858e-12 1.9841560442183592e-13 0.00022914223518455404 8.379840437555687e-05 5.5140682059424971e-13
decision_type=2 2 2 2 2 2 2 2 2 2 2 8 10 2
left_child=-1 2 3 5 -5 -2 7 -3 9 -8 -10 12 -12 -14
right_child=1 6 -4 4 -6 -7 8 -9 10 -11 11 -13 13 -15
leaf_value=0.0028699542510395859 -0.004308017634987533 0.0015343384350476018 -0.0059593588124235812 0.00056973346372802137 -0.003872558110362067 -0.00062603214661722812 -0.0043343700415348812 8.8465292002831109e-05 0.003666042919423193 0.0013362713661052303 -0.00015239754519778481 0.0001167983310554384 -0.0041566148586644983 -0.00095908666635128139
leaf_weight=419.41784301400185 524.49520973861217 3918.5191809237003 203.68636748194695 2229.5273094028234 262.77958062291145 737.64033181965351 497.74748918414116 10462.803174778819 324.09367217123508 250.8646604269743 7574.8321957141161 23758.80780684948 897.9828167706728 1671.4963641613722
leaf_count=1704 2104 15788 819 8983 1057 2956 1998 42010 1304 1012 30430 95286 3595 6701
internal_value=-3.23291e-06 -2.69033e-05 -0.000997072 -0.000697706 7.42547e-05 -0.00219946 5.12704e-05 0.00048401 -0.000126838 -0.00244878 -7.46525e-05 -0.000112552 -0.000648881 -0.00210003
internal_weight=53734.7 53315.3 3958.13 3754.44 2492.31 1262.14 49357.1 14381.3 34975.8 748.612 34227.2 33903.1 10144.3 2569.48
internal_count=215747 214043 15919 15100 10040 5060 198124 57798 140326 3010 137316 136012 40726 10296
is_linear=0
shrinkage=0.02


Tree=154
num_leaves=15
num_cat=0
split_feature=5 5 0 31 34 0 18 5 27 20 25 12 31 28
split_gain=11.9947 10.9643 11.6534 7.50912 8.86102 18.1824 16.908 16.5213 14.1059 13.6812 11.6929 11.2384 10.198 17.9967
threshold=0.00039425591239705687 0.00058565719518810521 0.04783922620117665 -0.25496472418308253 -0.13222222775220868 0.046129694208502776 0.00013555475015891719 0.0026646935148164634 -0.15777830779552457 3.2265894333249896e-05 -0.071222763508558259 5.7047112932195894e-05 0.2001432999968529 0.23955763876438144
decision_type=8 8 2 8 10 2 10 10 2 10 2 10 10 2
left_child=-1 2 -2 -3 5 8 -7 9 11 -8 -10 -5 -6 -14
right_child=1 3 -4 4 12 6 7 -9 10 -11 -12 -13 13 -15
leaf_value=0.0046018223059673784 -0.0037018779759767908 -0.0025442557868428058 0.0012427195799676082 0.0020986497959062001 -9.2483355976799418e-05 0.0041689728850347269 -0.0016129164565007114 -0.0010012032026792319 0.0018721531461001132 0.0021150102788407071 -0.00025007564881694417 -0.0021717280722086106 0.0053230077751343753 -0.0010080511056279554
leaf_weight=211.05613368749619 592.95334956049919 415.2180268317461 264.82480463385582 271.92231634259224 39416.366413503885 746.30800960958004 435.08773052692413 1253.6106316745281 1534.6411020904779 3133.2146752327681 3116.1503843069077 1680.8130541741848 356.97730629146099 332.72353705763817
leaf_count=852 2375 1669 1067 1091 157996 3037 1764 5089 6163 12731 12508 6746 1432 1336
internal_value=5.47501e-05 3.51177e-05 -0.00218178 7.20202e-05 9.37651e-05 0.000565942 0.00140557 0.000962413 -0.000144154 0.001654 0.000455223 -0.00156182 -4.97462e-05 0.00232646
internal_weight=53761.9 53550.8 857.778 52693 52277.8 12171.7 5568.22 4821.91 6603.53 3568.3 4650.79 1952.74 40106.1 689.701
internal_count=215856 215004 3442 211562 209893 49129 22621 19584 26508 14495 18671 7837 160764 2768
is_linear=0
shrinkage=0.02


Tree=155
num_leaves=15
num_cat=0
split_feature=1 21 31 36 36 32 18 20 30 36 31 17 21 34
split_gain=8.25722 9.16722 7.71889 5.95183 12.0631 5.47101 14.0958 12.3014 10.2124 12.2983 10.2039 12.3674 19.1363 13.3867
threshold=0.59087780117988598 -0.27585932612419123 -0.11708845570683478 9.7662860871344812e-13 5.5013047069174547e-13 0.11801603063941003 0.00026576677919365471 6.2947030528448536e-05 0.32737322151660925 4.0207729723809598e-13 0.07655739784240724 0.75000000000000011 -0.51256221532821644 0.072222225368022933
decision_type=2 2 10 2 2 8 10 8 2 2 10 2 2 10
left_child=5 -2 -3 4 -4 10 7 -7 9 -8 -1 12 -12 -13
right_child=1 2 3 -5 -6 6 8 -9 -10 -11 11 13 -14 -15
leaf_value=2.9019494426774751e-05 0.0029616103705092092 -0.0027623352834610071 0.0032274565638457028 0.0038817144480016086 -0.003139718116387098 0.00054918324173509176 0.0056233508333601327 -0.0021563559718938397 -0.0017482424909646571 0.0013037644076446171 0.004267797392652292 -0.0021738949005951497 -0.00059013378089434263 0.0023290926579476122
leaf_weight=40061.118429273367 784.8426618874073 259.65476807951927 205.4298662096262 200.72393809258938 232.19181068241596 1651.6767396777868 271.63736572861671 1106.5749905705452 370.19202826917171 3094.2532485872507 364.36283688247204 2725.7284646481276 2058.4191134274006 275.84694884717464
leaf_count=160730 3220 1058 833 828 946 6641 1089 4440 1491 12422 1465 10930 8267 1106
internal_value=4.11234e-05 0.00141156 2.18311e-05 0.00120384 -0.000140391 -3.77035e-06 0.000538327 -0.000543954 0.00133599 0.00168353 -8.13726e-05 -0.000893775 0.000169412 -0.00174739
internal_weight=53662.7 1682.84 898 638.346 437.622 51979.8 6494.33 2758.25 3736.08 3365.89 45485.5 5424.36 2422.78 3001.58
internal_count=215466 6885 3665 2607 1779 208581 26083 11081 15002 13511 182498 21768 9732 12036
is_linear=0
shrinkage=0.02


Tree=156
num_leaves=15
num_cat=0
split_feature=9 4 27 25 29 25 29 27 34 27 24 20 12 10
split_gain=8.52844 7.98619 10.2174 10.8541 9.35647 9.35046 10.674 11.8526 10.5855 9.29318 9.05007 9.2279 8.76757 9.97285
threshold=0.25000000745058065 1.0000000180025095e-35 0.23729889094829562 -0.22456870973110196 -0.16120493412017819 0.26199640333652502 0.21125415712594989 0.097609050571918501 0.026666667312383655 0.20741462707519534 0.13883961737155917 6.3859308284008889e-05 0.00015072953101480382 0.00018231185094919058
decision_type=2 2 2 2 2 2 2 2 8 2 2 8 10 10
left_child=-1 2 3 12 -5 6 7 8 -3 -6 -8 -12 -2 -14
right_child=1 5 -4 4 9 -7 10 -9 -10 -11 11 -13 13 -15
leaf_value=0.0020485869973016764 -0.0033022959473570095 -9.1516156699327636e-05 -0.0032342627876686533 0.0024567391427970605 -0.00049055844028924667 0.0007720628614441015 0.0031888477285378011 -0.0009438122125763989 0.0013969775924008083 0.003481264385225591 0.0026561883687472522 -0.0024000457353743078 0.001990601187720814 -0.0033340559669871989
leaf_weight=736.2689720839262 849.32100632786751 28927.565376147628 548.66388113796711 497.70579677820206 6124.9764316231012 5722.4557128995657 698.72355958819389 6297.8189102262259 2026.1577785760164 225.19095540046692 234.9063678830862 313.17231518030167 342.72043435275555 209.87782081961632
leaf_count=2975 3401 116245 2196 1992 24506 22996 2807 25279 8127 901 945 1257 1372 840
internal_value=-6.03394e-05 -9.03871e-05 -0.000639952 -0.000460009 -0.000129447 1.91976e-05 -9.30522e-05 -0.000154369 6.75626e-06 -0.000339221 0.00171246 -0.000215726 -0.00205015 -7.75304e-05
internal_weight=53755.5 53019.3 8798.46 8249.79 6847.87 44220.8 38498.3 37251.5 30953.7 6350.17 1246.8 548.079 1401.92 552.598
internal_count=215839 212864 35208 33012 27399 177656 154660 149651 124372 25407 5009 2202 5613 2212
is_linear=0
shrinkage=0.02


Tree=157
num_leaves=15
num_cat=0
split_feature=37 29 37 18 16 14 26 25 21 0 29 1 4 28
split_gain=9.76087 8.26524 12.9358 10.1579 8.12171 15.3543 7.57779 13.8958 7.55994 8.25188 7.29106 14.1611 7.73711 9.73103
threshold=-0.73851168155670155 -0.19444309175014493 0.48454919457435613 0.00076948560308665048 0.00028496888990048325 0.00018795175128616395 -0.58537012338638295 -0.46214331686496729 -0.24749182164669034 0.041693987324833877 -0.18421088159084317 0.51995638012886058 1.0000000180025095e-35 -0.29766047000885004
decision_type=2 2 2 8 10 10 2 2 2 2 2 2 2 2
left_child=-1 2 3 4 5 -2 7 -3 9 -6 11 -8 13 -12
right_child=1 6 -4 -5 8 -7 10 -9 -10 -11 12 -13 -14 -15
leaf_value=0.0040545733911237919 -0.001138445847258201 -0.0011559573989336671 -0.0055364737351435989 0.0033410162872478844 -0.0035295713499628356 0.0020090703441459526 0.0058764154883808742 0.0057353998487788419 -0.0039401367978679127 0.0010764095212183811 -0.0046665048633138693 -0.00023468055291715758 0.00011144513062066363 -0.00044661939014200474
leaf_weight=215.23096798360348 2245.7267988622189 206.19660796225071 202.86548526585102 228.7705372273922 231.92154665291309 833.76991979777813 228.63914661109447 234.56063030660152 532.85017336905003 389.91827872395515 205.11086742579937 385.19818915426731 39669.698105469346 7966.33504524827
leaf_count=869 9036 833 816 923 930 3356 917 955 2141 1573 821 1552 159327 31876
internal_value=-1.05751e-05 -2.84178e-05 -0.000830827 -0.000593184 -0.000820454 -0.000278795 4.84596e-05 0.00260123 -0.00223569 -0.000697892 2.41755e-05 0.00215515 -4.05568e-06 -0.000563677
internal_weight=53776.8 53561.6 4665.82 4462.96 4234.19 3079.5 48895.7 440.757 1154.69 621.84 48455 613.837 47841.1 8171.45
internal_count=215925 215056 18775 17959 17036 12392 196281 1788 4644 2503 194493 2469 192024 32697
is_linear=0
shrinkage=0.02


Tree=158
num_leaves=15
num_cat=0
split_feature=8 29 38 5 5 24 5 12 5 30 24 1 30 28
split_gain=9.29606 9.97916 13.0208 12.3336 13.6748 12.3978 9.25135 9.07019 9.24108 8.95082 10.1161 10.8682 8.71372 14.5887
threshold=0.00016492149734403941 -0.19802328199148175 1.0000000180025095e-35 0.0049555820878595122 0.0017305210931226613 -0.47017545998096461 0.00039425591239705687 0.00015428801270900297 0.0025648311711847786 -0.1602029353380203 -0.068272408097982393 0.56705585122108471 -0.1068296581506729 -0.17911183089017865
decision_type=8 2 2 8 10 2 10 10 10 2 2 2 2 2
left_child=1 2 -1 4 5 -4 -3 8 -6 10 11 -7 -8 -14
right_child=-2 6 3 -5 7 9 12 -9 -10 -11 -12 -13 13 -15
leaf_value=-0.0042760440293114349 0.0010573776773195281 0.0036648012111877562 0.0011281212053003361 -0.0040565125439616127 0.0018453034508163478 -0.0044342073334871389 0.00051158649555907638 0.0029362178781457459 -0.0016881695973632236 -0.0060655775666793492 0.0015480021094621474 0.00092693936646977976 -0.0019188749060396111 -8.1148245005295094e-05
leaf_weight=422.233682051301 2935.1202996373177 252.13975448906422 485.25118051469326 361.32618154585361 525.92635141313076 512.21551211178303 9341.1646842956543 593.82340326905251 626.89019905030727 224.44622273743153 263.71949870884418 202.8263732790947 1797.2564659267664 35184.428714632988
leaf_count=1696 11828 1017 1957 1451 2117 2055 37567 2391 2519 903 1060 821 7218 141132
internal_value=-3.3116e-05 -9.65217e-05 -0.00102559 -0.000643568 -0.000263169 -0.0015376 -1.19644e-05 0.000972274 -7.21857e-05 -0.00261355 -0.00171633 -0.00292964 -3.35504e-05 -0.000171448
internal_weight=53728.8 50793.6 4218.66 3796.42 3435.1 1688.46 46575 1746.64 1152.82 1203.21 978.761 715.042 46322.8 36981.7
internal_count=215732 203904 16970 15274 13823 6796 186934 7027 4636 4839 3936 2876 185917 148350
is_linear=0
shrinkage=0.02


Tree=159
num_leaves=15
num_cat=0
split_feature=31 32 35 31 37 1 20 20 17 31 1 1 2 12
split_gain=7.97609 7.54678 10.1633 11.1115 9.51408 8.32222 7.76991 7.23279 7.029 12.2691 7.0149 10.308 9.04988 8.87204
threshold=-0.28470504283905024 -0.14608979225158689 5.6871711116499034e-13 -0.057761315256357186 0.11406205222010614 0.58042055368423473 8.5885560110909878e-05 0.00010039225162472577 0.91666665673255932 -0.16515394300222394 0.50226989388465892 0.4795027375221253 0.040534200146794326 0.00013908304390497508
decision_type=8 10 2 10 2 2 10 10 2 10 2 2 2 10
left_child=-1 2 3 5 8 7 -6 -2 10 -10 11 -4 13 -12
right_child=1 -3 4 -5 6 -7 -8 -9 9 -11 12 -13 -14 -15
leaf_value=-0.0037049122244201022 -0.0022838622382357525 -7.0085446064974323e-05 0.0015909821064993368 0.0033982807374835166 0.0036747430942939076 0.0021754365262257954 0.00051145133581472532 0.0011292131176722615 -0.0041885562603085971 0.0010391150965874541 0.005527034452789111 -0.0041318326583139201 0.00033933065620373923 0.00088443397229171915
leaf_weight=211.66055653989315 1209.0047278255224 47583.803792744875 275.06677542626858 239.44385515153408 898.9343523234129 257.29047356545925 480.16672857105732 298.12190103530884 286.0968933403492 419.89319808781147 369.20303572714329 201.02361597120762 744.799097687006 300.87855832278728
leaf_count=851 4852 190976 1111 966 3625 1042 1931 1195 1152 1691 1481 806 3034 1208
internal_value=-1.8413e-06 1.4169e-05 0.000682603 -0.000475704 0.00126583 -0.00103363 0.00259642 -0.00160278 0.000544778 -0.00113639 0.00117776 -0.000894568 0.00187782 0.00352847
internal_weight=53775.4 53563.7 5979.92 2003.86 3976.06 1764.42 1379.1 1507.13 2596.96 705.99 1890.97 476.09 1414.88 670.082
internal_count=215921 215070 24094 8055 16039 7089 5556 6047 10483 2843 7640 1917 5723 2689
is_linear=0
shrinkage=0.02


Tree=160
num_leaves=15
num_cat=0
split_feature=31 9 29 4 35 12 37 37 27 16 20 25 20 0
split_gain=8.61168 7.64432 11.9211 7.17758 9.62767 10.3751 8.98685 7.99633 11.4601 9.55232 9.28585 9.07732 8.5358 11.1214
threshold=-0.28470504283905024 0.25000000745058065 0.017573588527739051 1.0000000180025095e-35 3.241465798033139e-13 0.0001011240456136875 0.4498033225536347 0.17873211205005649 0.23729889094829562 0.00030406449513975536 6.6487325966591029e-05 0.1494373753666878 8.379840437555687e-05 0.022240680642426017
decision_type=8 2 2 2 2 10 2 2 2 10 10 2 10 2
left_child=-1 2 -2 4 5 -3 7 8 9 -6 -11 -9 -12 -14
right_child=1 3 -4 -5 6 -7 -8 11 -10 10 12 -13 13 -15
leaf_value=-0.0038012987113151004 0.0042260051045872726 -0.0057592123302319422 -0.0008028889330072965 9.2782751902417831e-05 -0.00083875539242649641 -0.00067743254949055218 -0.0030483343992726794 -0.00037285086456280078 -0.0041564339555445256 0.0036565144629036629 -0.0027696493748094065 0.0025246725660142879 0.0024515009726445787 -0.001910455698276648
leaf_weight=217.3230367153883 406.10326097905636 262.11473062634468 328.41837139427662 43990.244250178337 4025.7308383435011 387.81417152285576 443.06136344373226 890.46082006394863 308.27034673094749 370.35470612347126 290.90555910766125 812.77254737913609 681.26161624491215 333.12060286104679
leaf_count=874 1643 1049 1325 176731 16110 1552 1773 3563 1234 1482 1164 3252 2726 1333
internal_value=1.04111e-07 1.69509e-05 0.00201581 -1.16108e-05 -0.000532144 -0.00283765 -0.000341931 -0.000178981 -0.00052193 -0.000311572 0.000949941 0.00102308 0.000138402 0.0010098
internal_weight=53748 53530.6 734.522 52796.1 8805.87 649.929 8155.94 7712.88 6009.64 5701.37 1675.64 1703.23 1305.29 1014.38
internal_count=215811 214937 2968 211969 35238 2601 32637 30864 24049 22815 6705 6815 5223 4059
is_linear=0
shrinkage=0.02


Tree=161
num_leaves=15
num_cat=0
split_feature=5 1 27 37 5 16 1 9 24 16 14 14 5 16
split_gain=8.14535 8.33362 6.73293 9.74677 10.2447 9.68368 9.74902 8.65583 9.5297 8.70824 9.25877 8.36412 8.72866 9.35721
threshold=0.00039425591239705687 0.60842645168304454 0.25296635925769811 0.14723192155361178 0.00978628918528557 7.3162358603440239e-05 0.50285628437995922 0.41666667163372045 -0.33022938668727869 0.00020307584782131019 0.00011231075040996076 7.5570140324998661e-05 0.0027535173576325182 0.00031270965700969105
decision_type=10 2 2 2 10 10 2 2 2 10 10 10 10 10
left_child=-1 2 3 7 5 6 -5 8 -2 10 -10 -4 -13 -14
right_child=1 -3 11 4 -6 -7 -8 -9 9 -11 -12 12 13 -15
leaf_value=0.0032669143598753176 0.0026593219359297808 0.0027664273000298466 -0.0043767149259358214 0.00071925348226850746 -0.003227091595451544 0.00067388278955848955 -0.0053034368846891769 -0.0002098714110450103 0.0010624563006341769 0.0014651334918765713 -0.0026175171510678299 0.00011755772256677232 -0.00076570397337637913 -0.0050871973324071564
leaf_weight=292.06400150060654 861.5118200480938 420.30992259085178 231.89234152436256 200.82525438070297 268.72606718540192 13499.428506940603 201.3826899677515 32591.119990751147 460.55544185638428 1056.2120717912912 623.5556807667017 2155.5800988227129 616.34690265357494 283.58471189439297
leaf_count=1179 3480 1733 932 806 1078 54195 810 130776 1853 4248 2509 8661 2473 1140
internal_value=4.51006e-05 2.62879e-05 3.54393e-06 6.15956e-05 0.000504815 0.000581487 -0.00240464 -0.000115044 0.000909073 0.000186475 -0.00106325 -0.000870276 -0.00057743 -0.00220848
internal_weight=53763.1 53471 53050.7 49763.3 14170.4 13901.6 402.208 35593 3001.84 2140.32 1084.11 3287.4 3055.51 899.932
internal_count=215873 214694 212961 199755 56889 55811 1616 142866 12090 8610 4362 13206 12274 3613
is_linear=0
shrinkage=0.02


Tree=162
num_leaves=15
num_cat=0
split_feature=31 5 36 5 36 14 14 10 32 1 5 31 5 19
split_gain=7.9335 12.4039 15.6485 19.3266 12.8547 12.3314 21.8107 11.978 11.9539 11.5791 11.4756 11.3998 11.3416 15.7956
threshold=-0.056682258844375603 0.0040497789159417161 6.0089048537284594e-13 0.0014544978621415796 4.3494719002661058e-13 0.00012136673103668728 0.00022222603729460391 0.00032428724807687109 -0.090873748064041124 0.52749028801918041 0.0033722694497555499 -0.18194096535444257 0.0027777699287980799 0.41666667163372045
decision_type=10 10 2 10 2 10 10 8 10 2 8 10 10 2
left_child=1 2 3 5 -3 -1 8 10 9 -7 12 -6 13 -4
right_child=-2 4 7 -5 11 6 -8 -9 -10 -11 -12 -13 -14 -15
leaf_value=0.00064212036259101606 -0.00013187235845796543 0.0021779777838481979 -0.0036942071405494663 0.00083395934214713333 -0.0052053308630671223 -0.0021704582909492123 0.00012790903579694226 0.0055570721952207646 -0.0015010725808960632 -0.0083483990247405788 0.0035355975267617559 -0.00087196992861612844 -0.0012294573617028987 0.0013877561631928503
leaf_weight=739.24585518240929 37308.011721760035 474.0368819385767 237.05058471858501 3444.6896752417088 254.95752862095833 205.65080371499062 738.52485120296478 231.14660055935383 360.86714766919613 356.42531244456768 682.92763234674931 2210.4492780864239 897.59252381324768 5541.744116589427
leaf_count=2969 149730 1901 956 13825 1027 824 2962 937 1447 1431 2745 8874 3609 22317
internal_value=2.92122e-05 0.000395926 0.000653355 -0.00012447 -0.000777216 -0.00149521 -0.00244251 0.00125111 -0.00445841 -0.00624027 0.00110117 -0.00135838 0.000842336 0.00116727
internal_weight=53683.3 16375.3 13435.9 5845.4 2939.44 2400.71 1661.47 7590.46 922.943 562.076 7359.31 2465.41 6676.39 5778.79
internal_count=215554 65824 54022 23458 11802 9633 6664 30564 3702 2255 29627 9901 26882 23273
is_linear=0
shrinkage=0.02


Tree=163
num_leaves=15
num_cat=0
split_feature=8 34 31 20 3 4 3 27 31 3 32 4 27 32
split_gain=10.1497 11.9473 14.2386 12.3338 10.4032 15.4487 10.7736 10.5621 9.98362 9.05198 8.9496 11.8518 9.75864 7.97225
threshold=0.00010098154962179252 -0.061111113056540482 0.12698890268802646 0.00012839704140787947 0.50105419754982006 1.0000000180025095e-35 0.4702791571617127 -0.15275890380144116 -0.07900697365403174 0.45526528358459478 -0.074291612952947603 1.0000000180025095e-35 0.10358145087957384 0.020881695672869686
decision_type=8 10 10 10 2 2 2 2 10 2 8 2 2 10
left_child=-1 10 3 4 6 -6 -3 -7 -9 -5 -2 13 -13 -12
right_child=1 2 -4 9 5 7 -8 8 -10 -11 11 12 -14 -15
leaf_value=-0.00018303453781483907 0.00026630625704224432 -0.00018148648565898697 0.0028103431189261639 0.0043737061045478753 0.0037815870803228385 -0.0049274031959548178 -0.0033662665533841798 0.0033178513043909457 -0.0011150637969301058 0.00034308773825419834 0.0018588320128290481 0.0035979654396275035 0.00023377028424002093 -0.0031225982040119383
leaf_weight=43131.522598028183 1817.6470108181238 689.03626090288162 612.9739678055048 230.12341690063477 329.91256982088089 201.32106541097164 1098.3539995253086 239.60192988812923 916.23412702977657 2089.5994439721107 235.64456760883331 1473.990206360817 452.19263848662376 239.8514102846384
leaf_count=173132 7341 2766 2461 929 1320 808 4396 962 3673 8381 943 5954 1830 960
internal_value=-4.65997e-05 0.000506475 -3.8383e-05 -0.000348384 -0.00109983 2.93172e-05 -0.00215413 -0.000924497 -0.000155328 0.000776906 0.00133013 0.00212642 0.0028187 -0.000678535
internal_weight=53758 10626.5 6407.16 5794.18 3474.46 1687.07 1787.39 1357.16 1155.84 2319.72 4219.33 2401.68 1926.18 475.496
internal_count=215856 42724 25696 23235 13925 6763 7162 5443 4635 9310 17028 9687 7784 1903
is_linear=0
shrinkage=0.02


Tree=164
num_leaves=15
num_cat=0
split_feature=5 3 36 18 29 1 20 20 34 34 5 3 30 27
split_gain=7.70879 14.3671 15.2689 16.8613 12.5682 15.3517 12.5021 22.6159 22.3277 22.5839 19.42 16.618 14.6384 14.0367
threshold=0.0028434002306312327 0.46696852147579199 4.3254684773189061e-13 0.00016713651712052527 0.15460998564958575 0.46362473070621496 0.00011193597674719059 8.5502822912530987e-05 -2.4702462297909729e-15 0.026666667312383655 0.0018388219177722933 0.53793814778327953 -0.1068296581506729 0.12511980533599856
decision_type=10 2 2 10 2 2 8 10 8 10 10 2 2 2
left_child=6 -2 3 -3 -4 -6 7 10 11 -10 -1 -9 -12 -11
right_child=1 2 4 -5 5 -7 -8 8 9 13 12 -13 -14 -15
leaf_value=-6.0098003405552654e-05 0.00090875216566697003 0.005995561855457735 -0.00070712318746301694 0.0003000806941016255 -0.0077261527430329425 -0.0016652734027948429 0.0011749153280175106 0.00055643969672862547 -0.0046905825438647878 0.0018419517175761368 0.0026945998732989811 -0.0024057833779412459 0.00061564048975928758 -0.0027022848105984145
leaf_weight=18708.671405017376 2957.2876095175743 210.07118327915668 11596.666575759649 2187.2829566299915 201.36723044514656 755.36557087302208 4161.8689405322075 3001.0157412290573 1097.1272152662277 489.63700751960278 1849.0049283951521 991.20632268488407 4990.2970732152462 564.40705436468124
leaf_count=75168 11901 842 46510 8763 806 3027 16708 12027 4395 1961 7456 3994 20049 2262
internal_value=-2.21677e-05 -0.000360806 -0.000612805 0.00084463 -0.000892036 -0.00307301 0.000147083 1.14467e-05 -0.00107607 -0.00270844 0.000273593 -0.00018736 0.00118391 -0.000596351
internal_weight=53761.3 17908 14950.8 2397.35 12553.4 956.733 35853.2 31691.4 6143.39 2151.17 25548 3992.22 6839.3 1054.04
internal_count=215869 71849 59948 9605 50343 3833 144020 127312 24639 8618 102673 16021 27505 4223
is_linear=0
shrinkage=0.02


Tree=165
num_leaves=15
num_cat=0
split_feature=1 10 17 34 36 1 5 25 36 27 5 34 26 5
split_gain=8.08785 7.87305 9.50521 7.7178 18.109 11.21 11.8104 9.70502 9.36857 9.25538 8.92536 8.75841 12.221 9.19694
threshold=0.59278711676597606 0.00017731539264786991 0.91666665673255932 0.026666667312383655 4.1256314499676238e-13 0.49175745248794561 0.0021283305250108246 0.5150514841079713 3.6684341003269399e-13 0.25296635925769811 0.0083050956018269079 -1.6375789613221057e-15 0.41861705482006079 0.0027108440408483152
decision_type=2 10 2 10 2 2 10 2 2 2 10 8 2 10
left_child=3 2 -2 7 5 6 -5 11 -7 -9 -6 13 -13 -1
right_child=1 -3 -4 4 10 8 -8 9 -10 -11 -12 12 -14 -15
leaf_value=0.00011141355930381634 0.0018813579858623008 0.0039854397011271948 -0.0018801591062964996 0.0013927074381101063 0.00029739029156739162 -0.0025036528263953275 0.0070242259613873528 0.0049124717562784763 0.0032374548477400091 0.00019820192151276739 -0.0030503253417749525 -0.0010643636215319017 0.0035906446533978389 -0.00054999015860136466
leaf_weight=26104.747998952866 751.62787003815174 339.48776051402092 393.39667157828808 274.73690912127495 5336.2857184261084 207.53242360055447 340.0677864998579 267.95276933908463 207.59059417247772 399.40629041194916 318.72141480445862 6212.9462818205357 214.8647383749485 12382.552484512329
leaf_count=104855 3094 1389 1597 1101 21385 831 1363 1078 831 1608 1278 24890 862 49673
internal_value=-4.51917e-05 0.00140057 0.000578921 -8.67746e-05 0.00054684 0.00295909 0.00463084 -0.000179897 0.000384149 0.0021789 9.86249e-05 -0.000215899 -0.000898104 -0.000101556
internal_weight=53751.9 1484.51 1145.02 52267.4 6684.93 1029.93 614.805 45582.5 415.123 667.359 5655.01 44915.1 6427.81 38487.3
internal_count=215835 6080 4691 209755 26789 4126 2464 182966 1662 2686 22663 180280 25752 154528
is_linear=0
shrinkage=0.02


Tree=166
num_leaves=15
num_cat=0
split_feature=35 16 35 30 24 36 35 4 2 10 12 35 2 28
split_gain=7.46899 8.01429 7.59118 11.5348 10.5147 9.79399 14.8199 12.2801 14.1793 11.9168 10.5673 11.5285 16.4628 12.792
threshold=1.9841560442183592e-13 0.0013909395202063026 6.5990664538731491e-13 0.32737322151660925 0.37383608520030981 8.5004450852375911e-13 1.0807194440569381e-12 1.0000000180025095e-35 0.008440592326223852 0.00023954993230290714 0.00024134439445333558 8.2933028391733731e-13 0.062758199870586409 0.12145288288593294
decision_type=2 8 2 2 2 2 2 2 2 10 10 2 2 2
left_child=-1 2 -2 5 -5 6 9 8 -7 10 11 -4 13 -13
right_child=1 -3 3 4 -6 7 -8 -9 -10 -11 -12 12 -14 -15
leaf_value=0.0022590087052734935 -0.00028463993606515415 0.0036239914907037086 0.0010950662542862988 -0.0049118100434881054 0.00016762029168523374 0.00058871754264655171 0.0031740907406109411 0.00021206137174345727 -0.0023602523050904804 0.0032467540785402734 -0.0020463626177921186 -0.002110482530158803 0.0040395731383979713 0.0016796353853515203
leaf_weight=558.3931735008955 26164.098439350724 219.53456582129002 4714.7267635017633 314.03660756349564 315.90299127995968 1039.499267205596 915.23096230626106 14238.71683602035 1700.65492169559 572.66964568197727 677.88656497001648 1547.0025591850281 246.22441601753235 444.63701115548611
leaf_count=2250 104892 890 18909 1265 1276 4160 3686 57369 6807 2302 2719 6199 1002 1781
internal_value=-1.45861e-06 -2.6066e-05 -4.25803e-05 0.000194415 -0.0024378 0.00025977 0.000787688 -2.43376e-05 -0.00124538 0.000514363 0.000301345 0.000535463 -0.000642766 -0.00125605
internal_weight=53669.2 53110.8 52891.3 26727.2 629.94 26097.2 9118.38 16978.9 2740.15 8203.15 7630.48 6952.59 2237.86 1991.64
internal_count=215507 213257 212367 107475 2541 104934 36598 68336 10967 32912 30610 27891 8982 7980
is_linear=0
shrinkage=0.02


Tree=167
num_leaves=15
num_cat=0
split_feature=1 35 36 20 18 36 18 20 18 32 32 18 1 18
split_gain=10.4822 7.78888 12.2837 12.2361 12.4145 18.3247 16.7198 14.5556 12.3898 11.7468 14.0868 11.6383 10.0659 13.7638
threshold=0.60842645168304454 6.5990664538731491e-13 8.5004450852375911e-13 0.00010542674135649578 0.00022074429580243307 6.429601859606061e-13 0.00016203933773795145 4.5901186240371323e-05 0.00080515691661275934 0.027653954923152927 -0.099999461323022829 0.00057838243083097051 0.51412495970726024 0.00035978444793727254
decision_type=2 2 2 10 10 2 10 10 10 10 10 10 2 10
left_child=1 -1 3 4 5 6 -3 -7 11 10 -9 -5 -4 -14
right_child=-2 2 12 8 -6 7 -8 9 -10 -11 -12 -13 13 -15
leaf_value=-0.00023395640822010348 0.0030826644227040347 0.00082016803576137566 -0.00048535075793955753 -0.00029749298399633385 0.0018673761820462995 0.0047406372586460003 -0.0040630253028225332 -0.0022437846852668719 0.003376517761179627 -0.0023591501877214065 0.0037926198570508518 -0.0042816482756548677 0.001158711482804006 -0.00060918258813101437
leaf_weight=26823.931110575795 426.74407482147217 511.98519437015057 9838.2489651590586 1562.4268657416105 4515.8118023127317 398.5770892649889 585.43841859698296 210.69520151615143 271.47625543177128 390.20001673698425 467.35189154744148 342.06875658035278 4619.917445525527 2823.4774046987295
leaf_count=107536 1761 2056 39543 6263 18119 1606 2350 848 1091 1565 1875 1372 18641 11362
internal_value=3.18392e-05 6.29532e-06 0.000249132 0.000836235 0.00123855 0.000125264 -0.00181095 0.00157874 -0.000472154 0.000333552 0.00190633 -0.00105015 -6.59232e-05 0.000488267
internal_weight=53788.4 53361.6 26537.7 9256.03 7080.06 2564.25 1097.42 1466.82 2175.97 1068.25 678.047 1904.5 17281.6 7443.39
internal_count=215988 214227 106691 37145 28419 10300 4406 5894 8726 4288 2723 7635 69546 30003
is_linear=0
shrinkage=0.02


Tree=168
num_leaves=15
num_cat=0
split_feature=31 9 26 21 29 25 31 14 0 12 0 21 29 10
split_gain=9.5117 6.34959 6.78505 5.64796 9.26592 14.3245 8.30624 20.5128 18.6574 15.2223 15.2697 12.4408 11.1551 9.18313
threshold=-0.28470504283905024 0.25000000745058065 0.097049742937088027 -0.15226225554943082 -0.19802328199148175 -0.037830116227269166 0.030799362808465961 7.5570140324998661e-05 0.035310829058289535 7.81321359681897e-05 0.01655178610235453 -0.096200637519359575 0.079003185033798232 6.5620090026641278e-05
decision_type=8 2 2 2 2 2 10 10 2 10 2 2 2 10
left_child=-1 2 -2 -3 5 -5 7 -6 13 -8 -11 -10 -13 -9
right_child=1 3 -4 4 6 -7 9 8 11 10 -12 12 -14 -15
leaf_value=-0.0040463252117432123 0.0032971337695742965 0.00024180517523567148 -0.00066002579546449241 -0.00059551627547125413 0.0028654695154298111 -0.0049457785980101705 -0.0019344058794713462 0.00068229133706148605 -0.0021452945404775319 0.0013102104722360597 -0.00056034383702431242 0.00059144312807439547 0.0027812399087862095 -0.00097452774592049084
leaf_weight=211.86797434091568 451.97640796005726 21015.715896189213 264.76692868769169 1307.8330689370632 1050.2381273657084 376.7768217921257 2351.6150645464659 1651.1057890951633 554.37008884549141 2207.4203187227249 8053.2699929028749 6416.0075431466103 1072.5174941569567 6773.6679625958204
leaf_count=852 1828 84418 1069 5259 4220 1513 9439 6612 2228 8836 32344 25810 4313 27127
internal_value=-4.28535e-06 1.32124e-05 0.00185711 -1.24968e-05 -0.000180526 -0.0016151 -9.92992e-05 0.000182416 8.03363e-06 -0.000490258 -0.000156159 0.000696139 0.000911642 -0.000648974
internal_weight=53759.1 53547.3 716.743 52830.5 31814.8 1684.61 30130.2 17517.9 16467.7 12612.3 10260.7 8042.9 7488.53 8424.77
internal_count=215868 215016 2897 212119 127701 6772 120929 70310 66090 50619 41180 32351 30123 33739
is_linear=0
shrinkage=0.02


Tree=169
num_leaves=15
num_cat=0
split_feature=4 27 8 3 21 12 24 27 27 29 21 37 0 29
split_gain=8.15451 8.61891 8.3318 10.0838 11.7042 10.3969 10.2667 7.63577 14.5215 6.68508 6.80557 7.50196 8.5913 7.16247
threshold=1.0000000180025095e-35 -0.22617907077074048 0.00016911479906411844 0.50551870465278637 0.41176682710647589 0.00028964226657990372 0.064590770751237883 0.23729889094829562 0.21116895228624347 -0.17514259368181226 0.60365191102027904 0.056181939318776138 0.022240680642426017 0.15460998564958575
decision_type=2 2 8 2 2 8 2 2 2 2 2 2 2 2
left_child=1 -1 -2 4 5 -4 -5 8 9 -3 13 -12 -13 -11
right_child=2 7 3 6 -6 -7 -8 -9 -10 10 11 12 -14 -15
leaf_value=-0.002686685179603414 6.3602125635451388e-05 0.0021640230052169316 -0.0035431465984101678 0.0038340041981424883 0.0028439982502705403 0.00083591307668751905 -0.00056884470004978603 -0.0025650884717780169 0.0048385660060067809 -0.00040251428325307413 -0.0047363175453159099 0.00072805592683045865 -0.0037701905691721821 0.002410740531446947
leaf_weight=667.51695841550827 42501.603559315205 385.49395111203194 397.40700113773346 791.36500942707062 385.84680366516113 438.70323152840137 280.3332190066576 561.05527038872242 203.44556264579296 5752.7860114127398 268.4016171246767 465.61790949106216 242.9283015280962 366.36253929138184
leaf_count=2674 170735 1543 1599 3201 1558 1770 1132 2246 814 23019 1074 1863 972 1466
internal_value=1.72771e-05 -0.000534482 0.000127259 0.00129607 4.72878e-05 -0.00127962 0.00269299 -0.000354183 -0.000186534 -0.000335716 -0.000477214 -0.00200983 -0.00087535 -0.000226776
internal_weight=53708.9 8913.61 44795.3 2293.66 1221.96 836.11 1071.7 8246.09 7685.04 7481.59 7096.1 976.948 708.546 6119.15
internal_count=215666 35671 179995 9260 4927 3369 4333 32997 30751 29937 28394 3909 2835 24485
is_linear=0
shrinkage=0.02


Tree=170
num_leaves=15
num_cat=0
split_feature=10 31 31 3 29 30 23 23 16 17 36 36 29 37
split_gain=6.8195 9.70224 8.94448 8.63329 8.32177 11.7939 8.04515 7.55719 6.71799 7.43088 7.30361 12.1734 7.89789 7.82226
threshold=0.00029238103888928896 -0.084319207817316041 0.028709894977509979 0.48263551294803625 -0.19444309175014493 -0.12830281257629392 -0.16805458068847653 -0.74275970458984364 0.00028145669784862554 0.75000000000000011 1.4200865960586897e-12 1.0384704706399574e-12 -0.25200921297073359 -0.1229586899280548
decision_type=8 10 10 2 2 2 2 2 10 2 2 2 2 2
left_child=4 -2 -3 -4 5 8 -7 -6 10 -10 11 13 -12 -1
right_child=1 2 3 -5 7 6 -8 -9 9 -11 12 -13 -14 -15
leaf_value=-0.0017349783191337243 0.0035992834682827585 -0.00081342396034717295 0.0038009451074872999 -0.00021792488388628638 0.0035619092716915124 -0.0013512554859214851 -0.0065856524574102442 4.1821692023490973e-05 -0.0040832083520760147 -0.00067167359779084896 -0.00014005586572903513 -0.0043958675942163752 0.0043270540667369826 0.00094467302020285874
leaf_weight=623.96501716971397 466.24656081199646 1036.6656872332096 440.29829327762127 395.43288373947144 225.24433724582195 277.11706846952438 202.58518840372562 46667.02488695085 349.98798897862434 858.39695380628109 335.39711222052574 257.65607643127441 277.80946470797062 1327.8289851844311
leaf_count=2510 1886 4177 1779 1590 910 1116 815 187315 1409 3449 1356 1038 1121 5333
internal_value=2.94254e-05 0.00108098 0.00042249 0.00193873 -1.88184e-05 -0.000837339 -0.00373692 6.02416e-05 -0.000475537 -0.00171016 6.13212e-05 -0.000477493 0.00195649 7.91119e-05
internal_weight=53741.7 2338.64 1872.4 835.731 51403 4510.74 479.702 46892.3 4031.04 1208.38 2822.66 2209.45 613.207 1951.79
internal_count=215804 9432 7546 3369 206372 18147 1931 188225 16216 4858 11358 8881 2477 7843
is_linear=0
shrinkage=0.02


Tree=171
num_leaves=15
num_cat=0
split_feature=30 5 18 5 0 17 20 35 36 20 3 5 1 31
split_gain=8.05805 8.82349 6.54115 6.68744 10.8358 11.2993 6.34138 11.3791 11.3302 6.31267 12.1666 9.93838 18.6898 9.47869
threshold=-0.42759253084659571 0.00039425591239705687 0.0018698624335229399 0.00058565719518810521 0.044069778174161918 0.75000000000000011 0.00027394181233830755 5.4025048865959112e-13 1.0254775002251084e-12 0.00020615132234524938 0.49221731722354894 0.00978628918528557 0.51054736971855175 -0.031576041132211678
decision_type=2 8 8 8 2 2 10 2 2 10 2 10 2 10
left_child=-1 -2 3 4 5 -3 9 -8 -9 11 -11 -5 -13 -12
right_child=1 2 -4 6 -6 -7 7 8 -10 10 13 12 -14 -15
leaf_value=0.0026902143060087 0.00392366400123185 -0.0063363262536047004 0.003234100419461042 -6.9734329364805676e-06 0.0012641022820764842 -0.0006473405480835558 0.0011597718187105056 -0.0070583976264741331 -0.00077868476829464695 0.0045395307320442134 0.0024791379690547832 0.00092308864036039261 -0.0056278445414327249 -0.0028084023534630754
leaf_weight=417.46626462042332 204.24239300191402 255.6354968547821 221.21120336651802 49813.042892456055 288.39435297250748 293.41056871414185 296.56959943473339 202.80942243337631 249.00048017501831 332.9177170842886 239.84926268458366 332.97879041731358 334.52144475281239 263.90145072340965
leaf_count=1697 825 1024 894 200002 1161 1175 1189 814 1003 1338 964 1335 1342 1058
internal_value=-1.31239e-05 -3.52868e-05 -5.19783e-05 -6.69359e-05 -0.00181885 -0.00342573 -3.80698e-05 -0.00184153 -0.00377725 -1.1062e-05 0.00169141 -3.99376e-05 -0.00242816 -0.000292329
internal_weight=53746 53328.5 53124.2 52903 837.44 549.046 52065.6 748.38 451.81 51317.2 836.668 50480.5 667.5 503.751
internal_count=215821 214124 213299 212405 3360 2199 209045 3006 1817 206039 3360 202679 2677 2022
is_linear=0
shrinkage=0.02


Tree=172
num_leaves=15
num_cat=0
split_feature=3 31 20 20 16 34 16 25 25 16 34 3 13 3
split_gain=12.2214 7.78823 7.14455 13.3632 20.145 16.1886 14.4962 12.6451 14.2718 11.2362 11.0794 11.0279 14.4362 12.0207
threshold=0.58675318956375133 -0.072888117283582674 0.00011193597674719059 8.5885560110909878e-05 8.3139588241465403e-05 -0.26388889551162714 0.0007489709823857994 -0.22456870973110196 -0.19486010819673535 0.00046306877629831439 0.094444446265697493 0.527519851922989 0.91666665673255932 0.54398977756500255
decision_type=2 10 8 10 10 10 10 2 2 10 8 2 2 2
left_child=2 -2 3 10 -5 -6 7 -7 -9 -10 11 -1 -13 -14
right_child=1 -3 -4 4 5 6 -8 8 9 -11 -12 12 13 -15
leaf_value=-0.00024491634206476337 0.00014475876986295318 0.0046208884721267553 0.00035877964223012134 -0.0065482651553527066 -0.0060154387742135428 -0.0020460287821928045 -0.0051613857487678248 0.0038213072715940471 -0.0005322418617514634 0.0020108639480385399 0.0040904621141872755 0.0010718923236060895 0.00066530804998129708 -0.0026056600715260152
leaf_weight=22227.988908544183 272.28774771094322 346.65124402940273 12240.069829568267 219.30541495978832 202.17151306569576 1591.2694870233536 245.99680578708649 334.03795447945595 7077.9374641180038 750.67839452624321 245.1441805511713 6232.0276077389717 888.961351364851 875.68823067843914
leaf_count=89149 1134 1453 49105 879 818 6382 988 1339 28360 3009 987 25149 3565 3525
internal_value=-3.17097e-05 0.00271789 -6.47511e-05 -0.000191641 -0.000809117 -0.000673177 -0.000553379 -0.00042684 -0.000106958 -0.000283883 1.99426e-05 -1.57554e-05 0.000620255 -0.000968885
internal_weight=53750.2 618.939 53131.3 40891.2 10421.4 10202.1 9999.92 9753.92 8162.65 7828.62 30469.8 30224.7 7996.68 1764.65
internal_count=215842 2587 213255 164150 41775 40896 40078 39090 32708 31369 122375 121388 32239 7090
is_linear=0
shrinkage=0.02


Tree=173
num_leaves=15
num_cat=0
split_feature=31 5 5 0 17 12 31 9 31 5 12 36 5 20
split_gain=8.95568 8.69461 7.5754 8.92808 8.97767 7.37175 11.6806 9.13722 7.06883 11.5668 14.0153 12.3162 13.0835 14.0213
threshold=-0.28470504283905024 0.00039425591239705687 0.00058565719518810521 0.047500768676400192 0.75000000000000011 3.2790539989946417e-05 0.020680557936429981 0.25000000745058065 -0.07900697365403174 0.0040497789159417161 0.00030971340311225509 5.1086776952855028e-13 0.0054552992805838594 0.00011972944412264043
decision_type=8 8 8 2 2 8 10 2 10 10 8 2 10 10
left_child=-1 -2 3 4 -3 6 -4 -7 9 10 -9 -11 -13 -14
right_child=1 2 5 -5 -6 7 -8 8 -10 11 -12 12 13 -15
leaf_value=-0.0039205168908314778 0.0039271549186590347 -0.0056505028546246809 0.00026896630554031097 0.0011822345065729857 -0.00075807884806863455 0.0023598769734026392 -0.005260224796324443 0.00058422568116326811 -6.7267201849237118e-05 0.001592488618263747 0.0036503998874308726 -0.0035603098327402398 -0.0026998104465524005 0.0026074848036586151
leaf_weight=208.05050499737263 210.51641255617142 275.58030954003334 353.22574925422668 265.7221652418375 319.35497444868088 680.58712495863438 246.93513032793999 8868.2957451343536 39542.22116458416 586.91009031236172 620.71926067769527 777.36281636357307 357.06114168465137 401.94863697886467
leaf_count=837 851 1104 1422 1071 1279 2753 992 35657 158700 2354 2505 3125 1434 1614
internal_value=3.44542e-05 5.12916e-05 3.45147e-05 -0.00180507 -0.00313437 6.53858e-05 -0.00210228 9.12848e-05 6.01917e-05 0.000493585 0.000792054 -0.000835228 -0.00177119 0.000105558
internal_weight=53714.5 53506.4 53295.9 860.657 594.935 52435.3 600.161 51835.1 51154.5 11612.3 9489.02 2123.28 1536.37 759.01
internal_count=215698 214861 214010 3454 2383 210556 2414 208142 205389 46689 38162 8527 6173 3048
is_linear=0
shrinkage=0.02


Tree=174
num_leaves=15
num_cat=0
split_feature=30 5 5 29 3 5 14 0 5 1 33 13 29 5
split_gain=9.313 13.5707 13.6187 7.35027 14.0689 13.4851 10.8907 7.9765 7.82951 6.67517 6.34331 10.0795 8.57626 11.6564
threshold=-0.36972333490848536 0.0025648311711847786 0.0016095396713353696 -0.2231982350349426 0.51523590087890636 0.0046107158996164807 0.00020247099018888551 0.041047802194952972 0.00039425591239705687 0.60842645168304454 0.11666667088866235 0.58333334326744091 0.20203875005245212 0.0021597642917186026
decision_type=2 8 10 2 2 8 10 2 10 2 8 2 2 10
left_child=1 2 -1 4 7 6 -6 -2 -5 10 -10 -12 -13 -14
right_child=3 -3 -4 8 5 -7 -8 -9 9 -11 11 12 13 -15
leaf_value=0.001123618009446723 -0.0042719084455200189 -0.0020311722072356873 0.0072000574350352346 0.0033597477115139356 -0.00068288880235275161 -0.0044783882814384184 0.0027369877185294462 -0.00018815388937892463 -4.9809246754368468e-05 0.0027375309118074492 -0.002788594279720686 0.0019744446415931273 0.0021771743691292745 -0.0037696659837360763
leaf_weight=375.26244358718395 619.23200988769531 219.47497235238552 233.29431506991386 262.93014048039913 907.87067532539368 211.33544963598251 604.5905247181654 275.75226356089115 47007.839721098542 339.82068841159344 240.76249349117279 1873.9019073694944 233.6238067150116 256.7650740146637
leaf_count=1522 2481 888 947 1062 3658 850 2438 1108 188685 1403 966 7513 938 1031
internal_value=2.14073e-05 0.00210068 0.00360804 -1.1962e-05 -0.00104083 2.28548e-05 0.00070205 -0.00304528 4.20874e-05 2.3287e-05 3.60031e-06 0.000960405 0.00136237 -0.000962264
internal_weight=53662.5 828.032 608.557 52834.4 2618.78 1723.8 1512.46 894.984 50215.6 49952.7 49612.9 2605.05 2364.29 490.389
internal_count=215490 3357 2469 212133 10535 6946 6096 3589 201598 200536 199133 10448 9482 1969
is_linear=0
shrinkage=0.02


Tree=175
num_leaves=15
num_cat=0
split_feature=10 10 29 1 33 30 18 20 10 20 35 30 30 24
split_gain=8.98352 7.15269 9.82985 9.16777 9.12126 12.7249 14.0122 8.43804 13.1564 10.3286 23.1942 17.4027 11.8196 9.5251
threshold=0.00022839931625640022 9.2151087301317616e-05 -0.19802328199148175 0.42142081260681158 0.083333335816860213 -0.025488267652690407 0.00043680790986400103 0.00011193597674719059 9.7112224466400235e-05 7.0937978307483731e-05 3.2860414151021649e-13 -0.1068296581506729 -0.29019676148891443 -0.52112081646919239
decision_type=8 10 2 2 10 2 10 10 10 8 2 2 2 2
left_child=1 2 -1 -3 -4 -6 -7 9 -9 12 -11 -12 -5 -14
right_child=-2 3 4 7 5 6 -8 8 -10 10 11 -13 13 -15
leaf_value=-0.0011539771407166519 0.00080265997165581034 0.0013530755862976957 0.00017532096600829272 -0.0031344285391692673 0.0056721792567246132 0.0019801852664767818 -0.003009992715413769 -0.0034328396536417232 0.0004011651587090428 -0.0054295650331088584 0.00060864828705208191 -0.0013845818248942807 0.0026078338406828232 -0.00012507240031144138
leaf_weight=2039.2125702351332 4916.5882839560509 1228.2708165347576 19347.042950078845 471.14631724357605 255.34389416873455 1023.537900224328 268.05091777443886 358.84302887320518 6506.0313541144133 448.35834282636642 2368.1980285644531 6610.8395134061575 527.69083315134048 7420.4967640191317
leaf_count=8203 19798 4966 77687 1906 1023 4101 1074 1438 26080 1797 9512 26488 2129 29800
internal_value=-1.04606e-05 -9.25547e-05 0.000164697 -0.00031994 0.000294378 0.00176215 0.000914438 -0.000404123 0.000191363 -0.000633139 -0.00108711 -0.000858688 -0.000123443 6.24591e-05
internal_weight=53789.7 48873.1 22933.2 25939.9 20894 1546.93 1291.59 24711.6 6864.87 17846.7 9427.4 8979.04 8419.33 7948.19
internal_count=216002 196204 92088 104116 83885 6198 5175 99150 27518 71632 37797 36000 33835 31929
is_linear=0
shrinkage=0.02


Tree=176
num_leaves=15
num_cat=0
split_feature=8 5 1 0 31 35 5 25 0 24 36 20 36 20
split_gain=8.14656 9.1962 20.9956 10.5402 9.23614 9.75387 12.1261 8.7861 9.43796 10.2174 8.07257 17.5837 19.5141 15.6164
threshold=0.00010008213939727285 0.0083050956018269079 0.46489290893077856 0.017986624501645569 0.10921161621809007 6.131874250980136e-13 0.0039147629868239173 0.26199640333652502 0.1037161946296692 0.61222708225250255 3.8751628587876263e-13 9.5738312666071592e-05 2.4668688044984099e-13 7.3607341619208469e-05
decision_type=8 8 2 2 10 2 10 2 2 2 2 10 2 10
left_child=1 4 -3 -4 7 6 -6 8 9 10 11 12 -1 -14
right_child=-2 2 3 -5 5 -7 -8 -9 -10 -11 -12 -13 13 -15
leaf_value=0.0034096469546071309 0.00062231991508987516 0.0030957377091955242 0.00010044961495369825 -0.0047340460300893889 -0.00029580231883626079 -0.0014976643446623697 0.0041831306152538671 0.0010741144156258934 0.0024867648765321028 -0.0034213303639434602 0.00015543547558659687 0.0014883950172362107 -0.0014893974863745719 -0.0056603838652542846
leaf_weight=235.10615816712379 10863.285335272551 253.14792731404305 256.01771895587444 584.0958815664053 1848.4956451058388 2891.9701346606016 257.83260926604271 3807.4382386505604 609.7521279156208 322.52294401824474 28973.185683399439 863.17564335465431 1552.9391994029284 457.13049592077732
leaf_count=947 43684 1016 1025 2342 7411 11624 1033 15284 2504 1299 116268 3457 6228 1831
internal_value=0.000133605 9.65587e-06 -0.00178439 -0.0032927 5.73871e-05 -0.000747594 0.000286647 0.000167006 6.18031e-05 1.46665e-05 5.13194e-05 -0.000913944 -0.00184253 -0.00248438
internal_weight=53776.1 42912.8 1093.26 840.114 41819.5 4998.3 2106.33 36821.3 33013.8 32404.1 32081.5 3108.35 2245.18 2010.07
internal_count=215953 172269 4383 3367 167886 20068 8444 147818 132534 130030 128731 12463 9006 8059
is_linear=0
shrinkage=0.02


Tree=177
num_leaves=15
num_cat=0
split_feature=36 30 29 3 5 18 1 28 18 18 36 30 31 36
split_gain=9.14767 7.81746 8.58847 7.62401 7.21893 7.01112 6.41278 6.88699 6.72269 9.35207 14.5028 14.5511 12.4525 16.4698
threshold=2.4668688044984099e-13 -0.42759253084659571 -0.30993221700191492 0.52006125450134288 0.00039425591239705687 0.00028436158027034258 0.60842645168304454 -0.12398000434041022 0.0015195864834822716 0.0005082850402686746 2.4527196679918765e-12 -0.05930082127451896 -0.019543115980923172 7.7302072620626116e-13
decision_type=2 2 2 2 10 10 2 2 10 8 2 2 10 2
left_child=-1 -2 3 -3 -4 -5 8 -8 9 -6 12 -12 13 -11
right_child=1 2 4 5 6 -7 7 -9 -10 10 11 -13 -14 -15
leaf_value=0.002826361915995826 0.0026816005393888349 -0.0051969755150842664 0.0031115062701435143 -0.0029518281065695298 5.0806378066042598e-05 0.0019575938938486636 0.004872424682526401 -0.00026349336120649186 0.0024390678774455512 -0.00052935356437669489 -0.0075692096778247056 -0.00076999588731215874 -0.0010978510159002054 0.002223217077089936
leaf_weight=433.29943650960922 402.91416199505329 216.19680635631084 272.87157596647739 229.40334649384022 41788.952430129051 199.41970783472061 199.39223344624043 195.59963497519493 408.00038149952888 2551.695927798748 215.91722579300404 280.95887462794781 5142.2209001481533 1294.6330176442862
leaf_count=1746 1638 868 1102 926 167755 804 825 807 1648 10232 872 1134 20617 5201
internal_value=-2.80015e-06 -2.6807e-05 -4.84024e-05 -0.00230695 -1.97039e-05 -0.000683256 -3.72988e-05 0.00243899 -5.71605e-05 -7.79667e-05 -0.000644202 -0.00390315 -0.000455786 0.00040384
internal_weight=53831.5 53398.2 52995.3 645.02 52350.2 428.823 52077.4 394.992 51682.4 51274.4 9485.43 496.876 8988.55 3846.33
internal_count=216175 214429 212791 2598 210193 1730 209091 1632 207459 205811 38056 2006 36050 15433
is_linear=0
shrinkage=0.02


Tree=178
num_leaves=15
num_cat=0
split_feature=30 28 0 5 30 35 35 2 18 2 18 10 5 14
split_gain=6.91928 8.26589 17.5171 11.7374 9.18527 8.69062 9.18316 11.0485 8.66702 10.0348 8.11435 8.37034 8.00013 9.39244
threshold=-0.42759253084659571 -0.27966001629829401 0.016266371123492721 0.0017707877559587362 -0.11242670938372611 1.6383866241779721e-13 3.1388201770805179e-13 0.026864585466682914 0.00026418863853905355 0.037028068676590926 0.00051794745377264928 9.8249085567658781e-05 0.0028232084587216382 0.00014053870836505669
decision_type=2 2 2 8 2 2 2 2 10 2 10 10 8 10
left_child=-1 2 3 -2 12 -3 7 10 -9 -10 11 -7 -4 -14
right_child=1 5 4 -5 -6 6 -8 8 9 -11 -12 -13 13 -15
leaf_value=0.0025311954654306068 -0.0068364584456350333 0.0034732728905839572 0.00082735161558656711 -0.0012571587652175089 -0.0031704195965565852 -0.0014794262646792018 0.00010910792749656449 0.0020517777229200158 0.0019521383087191381 -0.0032481300058589302 0.0011426343456379421 -0.0049561730202145058 -0.0049786716694553736 -0.00019774690514167141
leaf_weight=414.90696290135384 279.17172262072563 277.64948384463787 1900.2438109219074 326.76609481871128 367.47362489998341 679.11357416212559 46929.78149355948 565.64061035215855 219.33282285928726 379.87131175398827 217.0711465626955 479.72024381160736 208.29656699299812 593.32278716564178
leaf_count=1688 1119 1120 7673 1310 1482 2718 188393 2275 879 1528 869 1920 839 2390
internal_value=1.87209e-05 -1.73188e-06 -0.00091437 -0.003964 -0.000290559 6.6032e-05 4.55132e-05 -0.00112081 0.000312261 -0.00134305 -0.00232115 -0.00297836 0.000121542 -0.001531
internal_weight=53838.4 53423.5 3675.27 605.938 3069.34 49748.2 49470.5 2540.75 1164.84 599.204 1375.9 1158.83 2701.86 801.619
internal_count=216203 214515 14813 2429 12384 199702 198582 10189 4682 2407 5507 4638 10902 3229
is_linear=0
shrinkage=0.02


Tree=179
num_leaves=15
num_cat=0
split_feature=2 5 35 0 5 10 34 20 30 31 37 22 2 2
split_gain=7.26118 11.4918 10.9585 9.11427 7.75884 7.6914 10.2576 16.8493 13.0117 11.1625 10.235 11.8107 9.46507 14.0478
threshold=0.020060267299413684 0.0087129250168800371 3.241465798033139e-13 0.014579588081687691 0.013000640086829664 9.2714635684387772e-05 -0.13222222775220868 7.555818228865975e-05 0.013302959967404606 -0.050212485715746873 0.14723192155361178 -0.59467646479606617 0.008440592326223852 0.007044695084914566
decision_type=2 8 2 2 8 10 10 10 2 10 2 2 2 2
left_child=1 2 -1 -3 -2 6 -4 8 -8 -9 11 -7 13 -12
right_child=4 3 5 -5 -6 10 7 9 -10 -11 12 -13 -14 -15
leaf_value=-0.0018638659970451853 0.00017886795831465241 0.00052135291656347507 -0.00085393886966710173 -0.0044840750742284972 0.0034225729508209879 0.00086087299128516522 0.0034133397593665159 -0.002072958196142268 0.00065675236300154444 0.00056053801228346902 0.00084305707409329002 -0.0011729198970243889 -0.0004108020230139873 0.0061344704108857694
leaf_weight=1421.2253042310476 32868.656812757254 209.85426600277424 1896.5747836381197 427.87857891619205 277.72060915827751 1384.819224268198 1295.890865445137 864.38120266795158 1453.3716602772474 2347.6766652911901 1132.5748278349638 6177.6126871556044 1751.8291203081608 226.35737578570843
leaf_count=5689 132271 840 7594 1713 1118 5544 5186 3459 5815 9393 4533 24724 7013 906
internal_value=2.4901e-05 -0.000269922 -0.000183986 -0.00287121 0.000208093 -5.32784e-05 0.000420985 0.000828096 0.00197136 -0.000156591 -0.000402578 -0.000799207 0.000560594 0.00180064
internal_weight=53736.4 20590 19952.3 637.733 33146.4 18531.1 7857.9 5961.32 2749.26 3212.06 10673.2 7562.43 3110.76 1358.93
internal_count=215798 82409 79856 2553 133389 74167 31447 23853 11001 12852 42720 30268 12452 5439
is_linear=0
shrinkage=0.02


Tree=180
num_leaves=15
num_cat=0
split_feature=9 30 26 20 12 32 18 3 0 21 32 5 30 18
split_gain=9.58948 8.77252 8.00046 12.0734 11.4264 5.82351 14.0341 11.5699 10.6319 11.2459 10.2773 11.1954 17.7166 16.258
threshold=0.25000000745058065 -0.077124640345573411 -0.58537012338638295 7.3939878348028301e-05 0.00010901581481448376 -0.015184985008090733 0.0015195864834822716 0.53407379984855663 0.077459271997213378 -0.43463803827762598 -0.063928481191396699 0.0027315481565892701 -0.099514577537775026 0.00052744866115972411
decision_type=2 2 2 10 10 10 10 2 2 2 10 8 2 10
left_child=1 -1 3 4 -2 10 7 -7 -9 -10 11 -4 13 -13
right_child=2 -3 5 -5 -6 6 -8 8 9 -11 -12 12 -14 -15
leaf_value=0.0051059388216886182 0.00052078913318863082 0.00057468648637607552 0.00029146818558680463 -0.0018467304266875898 0.0060517473415694937 -0.0004230443580012007 0.0045209638882178502 0.0013629321215524251 0.0024705877725347885 -0.0029540911509033847 0.00074382010089782196 -0.0010092516538072597 0.00050264135948147406 -0.0044104109885265003
leaf_weight=259.26957988739014 289.24896796047688 455.74142430722713 10289.375036641955 227.20127105712891 298.40312840044498 23587.608834981918 227.44032749533653 2778.2320359796286 199.66919341683388 496.365458086133 8941.0796137452126 2610.9563613831997 2378.5784239917994 703.50956746935844
leaf_count=1052 1174 1840 41394 920 1211 94560 918 11181 817 2020 35877 10488 9543 2829
internal_value=4.32109e-05 0.00231199 1.17592e-05 0.00195416 0.00343609 -1.92912e-05 -0.00022107 -0.000264234 0.000810219 -0.00137239 0.000201641 -0.000102222 -0.00081229 -0.00175329
internal_weight=53742.7 715.011 53027.7 814.853 587.652 52212.8 27289.3 27061.9 3474.27 696.035 24923.5 15982.4 5693.04 3314.47
internal_count=215824 2892 212932 3305 2385 209627 109496 108578 14018 2837 100131 64254 22860 13317
is_linear=0
shrinkage=0.02


Tree=181
num_leaves=15
num_cat=0
split_feature=31 5 2 5 19 0 19 18 34 35 26 20 5 8
split_gain=9.2646 9.2497 8.87092 6.30514 12.1848 11.1735 8.04924 12.9332 12.9979 8.19549 8.82069 11.4383 16.3396 14.8987
threshold=-0.28470504283905024 0.00039425591239705687 0.10855389758944513 0.00058565719518810521 0.91666665673255932 0.044407734647393234 0.91666665673255932 0.00084758191951550554 -0.26388889551162714 5.0709735889553639e-12 -0.33995680510997767 8.5885560110909878e-05 0.0021748989820480351 8.7928565335460021e-05
decision_type=8 8 2 8 2 2 2 10 10 2 2 10 10 10
left_child=-1 -2 3 4 5 -3 9 8 -8 10 11 13 -13 -5
right_child=1 2 -4 6 -6 -7 7 -9 -10 -11 -12 12 -14 -15
leaf_value=-0.0040361524072448154 0.0039585399444381159 -0.0049996177680588453 0.0028651718463735608 0.0010400130533836317 0.0021426719051025177 0.00059750165592280854 0.0036151423806655152 0.0019289275728842307 -0.0006236051666685216 -0.0030449500513537236 5.1876581403659303e-05 -0.0040171039562890637 0.0011413443805662672 0.0048668613940211327
leaf_weight=211.5010394603014 211.97419960796833 413.6781942397356 396.05020514130592 2035.4060172140598 220.00229752063751 206.7600821852684 275.36263646185398 876.46688762307167 15095.37588891387 302.53068813681602 31907.965706005692 355.63249799609184 692.26110881567001 494.38903257250786
leaf_count=851 858 1657 1659 8209 882 833 1114 3526 60528 1227 128079 1432 2782 2001
internal_value=-4.37909e-05 -2.65003e-05 -4.38369e-05 -6.6701e-05 -0.00176478 -0.00317398 -3.86072e-05 -0.000407509 -0.00054307 0.000129002 0.000157761 0.00109656 -0.000651769 0.00182019
internal_weight=53695.4 53483.9 53271.9 52875.8 840.441 620.438 52035.4 16247.2 15370.7 35788.2 35485.7 3577.69 1047.89 2529.8
internal_count=215638 214787 213929 212270 3372 2490 208898 65168 61642 143730 142503 14424 4214 10210
is_linear=0
shrinkage=0.02


Tree=182
num_leaves=15
num_cat=0
split_feature=9 5 37 5 30 0 25 20 14 16 34 20 17 0
split_gain=10.183 7.54143 7.35685 10.2189 9.16604 8.91918 9.23759 9.19286 7.86929 14.8816 7.63056 11.8239 7.45174 7.11886
threshold=0.25000000745058065 0.00039425591239705687 0.17546417564153674 0.00058565719518810521 0.40319368243217474 0.0381989423185587 -0.18512935191392896 0.00019018566672457385 0.00012745433923555541 7.8489094448741539e-05 0.072222225368022933 8.4625811723526581e-05 0.75000000000000011 0.026845808140933517
decision_type=2 8 2 8 2 2 2 10 8 10 8 10 2 2
left_child=-1 -2 3 12 10 6 -4 8 9 -7 -5 -12 -3 -13
right_child=1 2 5 4 -6 7 -8 -9 -10 -11 11 13 -14 -15
leaf_value=0.0023174366251447068 0.0036367847538242952 -0.0050539080593366035 0.0034301423941996297 -0.00017247860755301825 -0.0037972535313356304 -0.0029201485011963531 -0.00027486566735506097 0.0047363328228416284 0.00030663401677802062 0.002612374760579848 0.004461961276881728 -0.0019714134875901627 -0.00064251588271293408 0.0014630016514493127
leaf_weight=729.11319521069527 203.31842336058617 272.38345189392567 260.07046175003052 36932.251328513026 252.8387702703476 206.7551898509264 6918.1827105730772 220.30553720891476 4552.2158211767673 1470.6199666112661 339.71198436617851 356.89728942513466 335.89583145081997 652.29756054282188
leaf_count=2950 823 1094 1043 148287 1019 834 27713 889 18324 5927 1365 1429 1347 2622
internal_value=1.92793e-06 -3.08045e-05 -4.63078e-05 -0.000185645 -0.000144315 0.000353577 -0.000131474 0.000892141 0.000741472 0.00190406 -0.000118218 0.00134821 -0.00271591 0.000233728
internal_weight=53702.9 52973.7 52770.4 39142.3 38534 13628.1 7178.25 6449.9 6229.59 1677.38 38281.2 1348.91 608.279 1009.19
internal_count=215666 212716 211893 157163 154722 54730 28756 25974 25085 6761 153703 5416 2441 4051
is_linear=0
shrinkage=0.02


Tree=183
num_leaves=15
num_cat=0
split_feature=5 2 0 28 36 5 33 28 2 37 36 5 5 34
split_gain=10.8151 12.255 16.1004 13.6555 9.77094 8.95027 9.92191 15.5195 8.90577 8.89855 8.09433 8.5802 17.4454 18.0992
threshold=0.0083050956018269079 0.016744820401072506 0.014579588081687691 0.045350389555096633 2.4668688044984099e-13 0.0071215650532394656 0.050000002607703216 -0.085113357752561555 0.038933390751481063 -0.73851168155670155 2.6709286637862517e-13 0.0046609253622591504 0.0047772824764251718 -0.097777780145406709
decision_type=10 2 2 2 2 10 10 2 2 2 2 10 10 10
left_child=4 2 -2 8 -1 9 7 -7 -3 -6 -11 -12 -13 -14
right_child=1 3 -4 -5 5 6 -8 -9 -10 10 11 12 13 -15
leaf_value=0.0030140039771769547 0.00066819287618154254 -4.529675186985838e-05 -0.0062370865995855342 0.0026485984902136018 0.003967813178611195 -0.00064554869720221428 -0.0016715280841729692 0.005699652525522435 -0.0045802195140333471 -0.0038003786102062298 7.9105675821524078e-05 -0.0046018960503129867 -0.0030591518351230406 0.00020161872164041375
leaf_weight=422.44760811328888 200.13310505449772 410.39043474197388 373.74566102027893 382.53793965280056 204.53812055289745 243.94528587162495 201.51447783410549 382.33965057134628 280.23726542294025 205.83974443376064 45597.694354847074 420.90575797855854 822.45792627334595 3539.6173241436481
leaf_count=1703 801 1644 1496 1537 827 979 808 1533 1129 826 183139 1690 3313 14186
internal_value=3.75362e-06 -0.00158197 -0.00388755 -0.000300491 5.45284e-05 2.91502e-05 0.00206716 0.00328463 -0.00196256 -4.86619e-06 -2.24908e-05 -5.5536e-06 -0.000809606 -0.000424347
internal_weight=53688.3 1647.04 573.879 1073.17 52041.3 51618.9 827.799 626.285 690.628 50791.1 50586.5 50380.7 4782.98 4362.08
internal_count=215611 6607 2297 4310 209004 207301 3320 2512 2773 203981 203154 202328 19189 17499
is_linear=0
shrinkage=0.02


Tree=184
num_leaves=15
num_cat=0
split_feature=5 16 30 5 36 13 18 14 25 16 7 5 17 30
split_gain=8.6245 8.20471 8.36267 7.12967 12.1856 14.0242 12.7593 13.9017 12.6284 15.8675 14.4872 16.3728 15.0573 11.4593
threshold=0.00039425591239705687 0.0013909395202063026 -0.42759253084659571 0.0017035087221302094 6.1234245213488702e-13 0.75000000000000011 0.00015685112157370898 8.2620135799516006e-05 -0.063836518675088869 7.0002726715756594e-05 1.0000000180025095e-35 0.0013962357188574972 0.58333334326744091 -0.14358790218830106
decision_type=8 8 2 10 2 2 8 10 2 10 2 8 2 2
left_child=-1 2 -2 4 8 -6 -7 -8 10 -10 11 12 -4 -11
right_child=1 -3 3 -5 5 6 7 -9 9 13 -12 -13 -14 -15
leaf_value=0.0038806084569995214 0.0027633535988580179 0.0036687750234033136 -0.0045081389185514928 0.00012601631620367201 0.00083333784800634133 0.0018609968918501332 -0.004802395851003693 -0.0006669486549681227 -0.0054712886847307421 -0.0028617539354266835 0.0016230470700896924 -0.0045892872597029042 -0.00070122610162553871 0.0002063897703685029
leaf_weight=207.19957131147385 402.0269593000412 219.55404826998711 487.55929870903492 31803.963723063469 5453.7513521760702 712.62336058914661 332.31096236407757 4392.3148172646761 205.69282495975494 514.75423021614552 452.62538035213947 812.45888768136501 2355.3380424827337 5425.7232791632414
leaf_count=839 1636 891 1956 127685 21974 2868 1336 17635 825 2066 1815 3260 9445 21740
internal_value=-7.8267e-06 -2.43089e-05 -4.08761e-05 -6.32031e-05 -0.000347654 0.000118245 -0.000599444 -0.000976837 -0.000841755 -0.000266166 -0.00169746 -0.00211522 -0.00138105 -6.81814e-05
internal_weight=53777.9 53570.7 53351.1 52949.1 21145.2 10891 5437.25 4724.63 10254.2 6146.17 4107.98 3655.36 2842.9 5940.48
internal_count=215971 215132 214241 212605 84920 43813 21839 18971 41107 24631 16476 14661 11401 23806
is_linear=0
shrinkage=0.02


Tree=185
num_leaves=15
num_cat=0
split_feature=9 32 24 16 3 20 5 35 1 20 5 35 34 19
split_gain=8.55287 9.84525 11.691 10.4748 8.75286 7.84502 12.0914 8.07308 13.3787 12.0872 11.8024 11.0727 11.0309 9.42019
threshold=0.41666667163372045 -0.083719704300165163 -0.33022938668727869 0.0001438530380255543 0.51027584075927745 0.00011193597674719059 0.0027777699287980799 4.6327660674708181e-13 0.51995638012886058 0.00013521018991013992 0.0053549730218946942 4.9704584523767314e-13 -0.038888890296220772 0.75000000000000011
decision_type=2 10 2 10 2 8 8 2 2 8 10 2 10 2
left_child=1 -1 -3 -4 -5 -2 -7 8 10 -10 -8 -9 -11 -13
right_child=5 2 3 4 -6 6 7 11 9 12 -12 13 -14 -15
leaf_value=0.0023250328565506189 -0.00011794261286020458 0.0029690188595752594 -0.0021304663016040704 0.0014750776708249284 -0.0012441608206634016 0.0014099031209433865 0.00073651257914538403 -0.0032816938090366862 0.0024009487444820229 0.00090335739818751966 0.0047373345090964266 0.0011133681685759193 -0.0047927165854025683 -0.00065720709954664679
leaf_weight=1373.850470662117 37271.887163206935 540.01853533089161 783.36641144752502 1375.5028194487095 698.55711613595486 3740.3464392870665 704.81438834965229 451.37814249098301 283.41211758553982 215.9008092135191 498.5424680262804 1754.2299941778183 323.80106249451637 3706.9638583958149
leaf_count=5555 149654 2181 3153 5531 2816 15016 2823 1809 1136 867 1997 7039 1298 14875
internal_value=0.000102769 0.000909229 0.000326453 -0.000190125 0.000556085 2.38235e-05 0.000475663 3.30753e-05 0.00111616 -0.000837563 0.00244438 -0.000340651 -0.00256322 -8.64804e-05
internal_weight=53722.6 4771.3 3397.44 2857.43 2074.06 48951.3 11679.4 7939.04 2026.47 823.114 1203.36 5912.57 539.702 5461.19
internal_count=215750 19236 13681 11500 8347 196514 46860 31844 8121 3301 4820 23723 2165 21914
is_linear=0
shrinkage=0.02


Tree=186
num_leaves=15
num_cat=0
split_feature=36 36 9 12 18 36 14 36 20 3 20 35 2 35
split_gain=9.36584 8.29757 6.32083 6.74007 5.34294 11.6328 10.3799 8.17298 10.2349 8.23073 8.28987 7.81286 9.03036 9.99053
threshold=2.4668688044984099e-13 2.6709286637862517e-13 0.25000000745058065 0.0001713387973723002 0.00020360220514703545 6.24385769866856e-13 0.0001414274156559259 8.2678585115389401e-13 5.0130478484788916e-05 0.50826838612556469 7.3267685365863158e-05 1.723604332176665e-12 0.017175307497382167 2.67445289005297e-12
decision_type=2 2 2 8 8 2 10 2 10 2 10 2 2 2
left_child=-1 -2 3 -3 5 -4 11 8 -8 -9 -11 -7 -13 -14
right_child=1 2 4 -5 -6 6 7 9 -10 10 -12 12 13 -15
leaf_value=0.0028073929941483246 -0.0038916493746743376 0.00050532599486122611 -0.0011105289449662415 0.0046868990260694092 3.4141446648430437e-05 0.0013300723571391057 0.0042805405897692588 -0.0025979943698873431 -0.00044991099841081798 -0.0017455401977920075 0.0020324091770583673 -0.0040904805395503884 -0.001625539455302779 0.0030767960872042388
leaf_weight=436.87016376852989 206.10646426677704 515.11531296372414 5626.8532359153032 203.6622776389122 40060.515551477671 2847.08501085639 227.15411305427551 1124.1200657486916 692.36987245082855 494.07726207375526 403.89943940937519 223.55817884206772 408.1282267421484 293.10894297063351
leaf_count=1761 827 2083 22567 826 160807 11459 915 4521 2777 2004 1626 895 1651 1193
internal_value=-4.40177e-05 -6.84216e-05 -5.21282e-05 0.00178496 -7.79988e-05 -0.000441506 0.000120861 -0.000766733 0.000784919 -0.0014731 -3.90047e-05 0.000813473 -0.000771423 0.000370798
internal_weight=53762.6 53325.8 53119.6 718.778 52400.9 12340.4 6713.5 2941.62 919.524 2022.1 897.977 3771.88 924.795 701.237
internal_count=215912 214151 213324 2909 210415 49608 27041 11843 3692 8151 3630 15198 3739 2844
is_linear=0
shrinkage=0.02


Tree=187
num_leaves=15
num_cat=0
split_feature=9 29 3 9 14 35 29 21 35 34 18 33 36 5
split_gain=6.96159 10.0429 6.30542 10.6003 13.1258 11.2823 11.9403 10.4244 10.3174 12.8413 10.1529 10.1874 9.81705 21.2194
threshold=0.25000000745058065 0.017573588527739051 0.51652032136917125 0.91666665673255932 0.00023165110178524631 2.5958716513146967e-13 -0.30993221700191492 0.62253993749618541 3.8675604331541579e-13 -1.4155343563970744e-15 0.00020218853751430291 0.083333335816860213 8.7522429082810559e-13 0.0065836044959723958
decision_type=2 2 2 2 10 2 2 2 2 10 8 8 2 8
left_child=1 -1 10 5 -5 -4 -7 8 9 -8 11 -2 -12 -14
right_child=2 -3 3 4 -6 6 7 -9 -10 -11 12 -13 13 -15
leaf_value=0.0039045370765299933 -0.0010664112562613068 -0.00074990803532681502 0.0036280437619519109 -0.0014593751719491183 0.00073477961618426265 -0.0027648549275814545 -4.3592507508804925e-05 -0.0012220043457517407 0.00087817003426955643 -0.0050219738867219145 0.00023501081017698023 0.0016139075510674945 -0.00090845167865134259 0.0026207808082961306
leaf_weight=405.4446759968996 7157.3611419647932 318.92156568169594 425.87527027726173 2788.0193921625614 1767.1545020490885 443.14311629533768 1141.2100034505129 1257.048605889082 11122.484136819839 233.33668048679829 17658.398511007428 598.29055517911911 7642.1036511063576 728.65632770955563
leaf_count=1645 28715 1287 1718 11192 7098 1791 4586 5068 44823 935 70738 2397 30693 2925
internal_value=-3.05212e-05 0.0018902 -5.74942e-05 0.000231995 -0.000608674 0.000494342 0.000395369 0.000501055 0.000676049 -0.000948602 -0.000221866 -0.000856025 -3.23992e-05 -0.000595725
internal_weight=53687.4 724.366 52963.1 19178.3 4555.17 14623.1 14197.2 13754.1 12497 1374.55 33784.8 7755.65 26029.2 8370.76
internal_count=215611 2932 212679 77211 18290 58921 57203 55412 50344 5521 135468 31112 104356 33618
is_linear=0
shrinkage=0.02


Tree=188
num_leaves=15
num_cat=0
split_feature=26 5 31 31 37 3 34 8 32 32 31 31 31 5
split_gain=9.74582 10.7382 10.3641 6.08146 5.65714 10.161 8.91728 8.8731 10.4815 9.5894 9.73004 8.40684 8.18189 12.1697
threshold=-0.62117654085159291 0.0014644591719843449 -0.25496472418308253 -0.2361439764499664 0.22430635243654254 0.44992251694202429 -0.34333333373069758 6.4070456573972492e-05 -0.14608979225158689 -0.09239154681563376 0.12698890268802646 0.0069762219209223994 -0.076582316309213624 0.0039626939687877902
decision_type=2 10 8 10 2 2 8 10 10 10 10 10 10 10
left_child=1 -1 -2 -4 6 -6 11 8 -7 -10 -11 -5 13 -8
right_child=2 -3 3 4 5 7 12 -9 9 10 -12 -13 -14 -15
leaf_value=-0.00084339090348917319 -0.0032326909796435307 0.0043549274453016209 0.0032524173349167368 -0.0045164774532811388 0.0018604637765208341 0.0018942813318040719 0.00075630335684685388 0.00079717830904232456 -0.0029688686285178666 -5.8302170287024165e-05 -0.00333398684350188 0.0003951822788314635 -0.00027625567819210847 -0.0010778081978581641
leaf_weight=249.0320376008749 389.8718139976263 393.62525609135628 203.46221049129963 338.55777451395988 1515.5362846702337 650.18796129524708 7418.9793718606234 4104.2467538118362 664.52624827623367 3497.7801452726126 384.78471441566944 223.13577200472355 31937.400287881494 1777.9994240999222
leaf_count=1011 1568 1600 820 1374 6139 2615 29835 16469 2667 14022 1542 904 128154 7139
internal_value=-3.45947e-05 0.0023759 -6.46483e-05 -4.00015e-05 -5.39914e-05 0.000353157 -0.000159735 0.0001041 -0.000444175 -0.000785382 -0.000398364 -0.00261879 -0.0001249 0.000400156
internal_weight=53749.1 642.657 53106.5 52716.6 52513.1 10817.1 41696.1 9301.53 5197.28 4547.09 3882.56 561.694 41134.4 9196.98
internal_count=215859 2611 213248 211680 210860 43454 167406 37315 20846 18231 15564 2278 165128 36974
is_linear=0
shrinkage=0.02


Tree=189
num_leaves=15
num_cat=0
split_feature=9 27 26 20 20 36 0 16 36 36 21 36 32 36
split_gain=6.9 5.50968 10.968 9.64088 20.2941 14.7794 14.183 11.766 11.2815 11.8153 11.1337 10.6691 11.1345 9.86215
threshold=0.25000000745058065 -0.11305910348892211 -0.29152420163154596 0.00011193597674719059 8.7215299572562812e-05 4.508272417489898e-13 0.087188847362995162 0.00033823505509644752 6.0089048537284594e-13 8.5004450852375911e-13 0.28860688209533697 1.1440903020971951e-12 -0.041639603674411767 2.4962949459264587e-12
decision_type=2 2 2 10 10 2 2 10 2 2 2 2 10 2
left_child=-1 3 -3 4 8 7 13 -5 -2 10 -10 12 -11 -7
right_child=1 2 -4 5 -6 6 -8 -9 9 11 -12 -13 -14 -15
leaf_value=0.0018993433334073865 -0.0010216205336141533 0.0014091414380189378 -7.3220242573708644e-07 0.0058116076176399582 -0.0022619954667846944 -0.00013669528189344949 0.0043272369093191806 2.2796271382242287e-05 0.0023707324982992191 -0.0041481513736538059 -0.0015831314577255068 0.00039679077758638374 0.00067393073436153663 -0.0045698889167789776
leaf_weight=726.11077623069286 3663.0347942113876 2327.7805264294147 36842.626862883568 328.3443441092968 2425.5106306523085 1998.9380124509335 243.12238743901253 235.5903862118721 1562.4426391422749 481.32189716398716 332.66921968758106 2055.0159787982702 301.96182586252689 203.30596446990967
leaf_count=2940 14705 9377 147847 1316 9733 8018 988 946 6285 1942 1337 8304 1216 819
internal_value=-1.05962e-05 -3.74685e-05 8.37288e-05 -0.000380327 -0.00065859 0.000618095 -6.4035e-05 0.00347687 -0.000191134 0.000453147 0.00166738 -0.000363584 -0.00231871 -0.000583403
internal_weight=53727.8 53001.7 39170.4 13831.3 10822 3009.3 2445.37 563.935 8396.45 4733.41 1895.11 2838.3 783.284 2202.24
internal_count=215773 212833 157224 55609 43522 12087 9825 2262 33789 19084 7622 11462 3158 8837
is_linear=0
shrinkage=0.02


Tree=190
num_leaves=15
num_cat=0
split_feature=23 24 11 30 9 2 36 8 36 32 1 14 7 15
split_gain=5.6826 17.0089 10.3475 16.1152 11.9273 11.2884 12.0517 9.77044 9.43128 8.02441 9.22286 7.63436 7.27846 7.14519
threshold=-0.15139184892177579 -0.33509786427021021 0.91666665673255932 -0.048361999914050095 0.58333334326744091 0.053288420662283904 1.0384704706399574e-12 3.1500039767706774e-05 3.9345409525923252e-13 -0.061511026695370667 0.48059567809104925 0.00010373405530117453 1.0000000180025095e-35 0.75000000000000011
decision_type=2 2 2 2 2 2 2 10 2 10 2 8 2 2
left_child=2 -2 4 7 5 9 -7 -4 -5 -1 -11 -12 -10 -6
right_child=1 -3 3 8 13 6 -8 -9 12 10 11 -13 -14 -15
leaf_value=-0.0008928250566236581 0.0035466285011391129 0.00014726343550854748 -0.0030258914273055037 -0.0062887290440706151 -0.00098839436870250979 0.0049431580705789494 0.00054145192404517217 0.00034858424987853343 -0.00088315439641992015 -0.00085269907213470874 0.0053905554806965121 0.0013714543110205167 -0.0035396008338948828 0.00019277114930485806
leaf_weight=1201.8513961732388 578.60464790463448 36056.23570650816 373.34812372922897 204.73585411906242 3796.0899160057306 496.87662923336029 490.39266926050186 2673.386185079813 1131.4783484190702 565.88448496162891 225.1192027926445 936.01967036724091 647.27237485349178 4411.2986628711224
leaf_count=4827 2340 144727 1499 820 15264 2026 2018 10732 4537 2268 903 3754 2592 17712
internal_value=6.22211e-05 0.000202858 -0.000238021 -0.000998663 7.87056e-05 0.000984044 0.00281092 -8.19623e-05 -0.00239189 0.000353349 0.00122087 0.00222875 -0.00187842 -0.000354617
internal_weight=53788.6 36634.8 17153.8 5030.22 12123.5 3916.14 987.269 3046.73 1983.49 2928.87 1727.02 1161.14 1778.75 8207.39
internal_count=216019 147067 68952 20180 48772 15796 4044 12231 7949 11752 6925 4657 7129 32976
is_linear=0
shrinkage=0.02


Tree=191
num_leaves=15
num_cat=0
split_feature=5 20 20 1 20 28 0 20 38 31 1 14 5 5
split_gain=5.75417 15.7453 14.9098 19.3102 14.8936 14.1428 12.539 13.7285 14.0214 12.7113 17.6712 12.5023 11.9735 12.4111
threshold=0.00094444295973517012 6.6185602918267264e-05 4.5407923607854179e-05 0.55428799986839306 6.4143689087359248e-05 0.019814116880297664 0.088239517062902464 4.4959342631045736e-05 1.0000000180025095e-35 -0.012682114727795122 0.50285628437995922 0.00015481451555388051 0.0011003128602169456 0.0028434002306312327
decision_type=8 10 10 2 10 2 2 10 2 10 2 10 8 8
left_child=1 4 3 5 6 -2 7 8 -1 -9 -11 -3 -7 -14
right_child=2 11 -4 -5 -6 12 -8 9 -10 10 -12 -13 13 -15
leaf_value=0.00079907481180321578 -0.0005526939351813623 0.0035318105124767874 4.5582083910596019e-05 0.0039568141406353197 -0.0058700914892779125 -0.0016315833503723447 -0.0053193356300156296 -0.0011188701020911095 -0.0029414552306444787 0.00013418744176042709 0.0053296192375175836 9.2855047590362838e-06 0.0032078349176186526 -0.0019473095152780502
leaf_weight=564.09301488101482 1987.6319797039032 543.86620788276196 42587.890081450343 831.38437765836716 230.92103759944439 316.53559558093548 216.7736357152462 992.42213973402977 1306.4263639897108 749.68452107906342 383.32859818637371 1413.3843186944723 1399.6504610925913 201.50992251932621
leaf_count=2267 7991 2181 170972 3392 926 1272 887 3982 5251 3004 1538 5666 5629 810
internal_value=8.80534e-05 -0.000473831 0.000164219 0.00122621 -0.00113073 0.000627709 -0.000844436 -0.000576398 -0.0018169 0.000522086 0.0019539 0.00101392 0.00184424 0.00254303
internal_weight=53725.5 6400.9 47324.6 4736.71 4443.65 3905.33 4212.73 3995.95 1870.52 2125.44 1133.01 1957.25 1917.7 1601.16
internal_count=215768 25702 190066 19094 17855 15702 16929 16042 7518 8524 4542 7847 7711 6439
is_linear=0
shrinkage=0.02


Tree=192
num_leaves=15
num_cat=0
split_feature=16 8 1 8 32 25 13 15 2 27 1 19 15 32
split_gain=5.77419 7.79712 5.95311 7.92316 5.43034 5.45917 10.4808 9.75229 9.66734 12.5994 9.59715 9.74181 8.87307 8.6541
threshold=7.3162358603440239e-05 5.8446552429813898e-05 0.52813526988029491 2.1754927729489285e-05 -0.37761780619621271 -0.23198662698268888 0.91666665673255932 0.75000000000000011 0.020519274286925796 -0.29626072943210596 0.49175745248794561 0.75000000000000011 0.91666665673255932 -0.1065368428826332
decision_type=8 10 2 10 10 2 2 2 2 2 2 2 2 10
left_child=1 2 3 -1 -2 6 7 10 12 -10 -6 -12 -9 -8
right_child=4 -3 -4 -5 5 -7 13 8 9 -11 11 -13 -14 -15
leaf_value=0.002308830554757931 0.003135810185575582 0.0013853369737738006 -0.0039966626151166692 -0.0021415191318164819 -0.0024376535383072795 9.9590880713781608e-05 4.0729809737722663e-05 0.00085930623935824297 -0.0011331402419641782 0.0027152175458560047 -0.0011791459480053712 0.00148713760774776 -0.0030333050257038618 -0.0022127380376097973
leaf_weight=201.01721891760826 202.88539430499077 336.36651293933392 380.17002733051777 571.76312094926834 898.10734567046165 43267.304680883884 1056.0917713940144 563.63750328123569 439.97123156487942 1351.8925487846136 1219.8251081109047 962.50696024298668 373.14822086691856 1899.1227871179581
leaf_count=807 825 1352 1536 2293 3611 173688 4245 2257 1777 5452 4929 3882 1494 7615
internal_value=-1.45404e-05 -0.00123409 -0.00200889 -0.000954843 2.06907e-05 7.34375e-06 -0.000447249 4.6992e-05 0.00091418 0.00176822 -0.000722104 -3.68565e-07 -0.000722226 -0.00141257
internal_weight=53723.8 1489.32 1152.95 772.78 52234.5 52031.6 8764.3 5809.09 2728.65 1791.86 3080.44 2182.33 936.786 2955.21
internal_count=215763 5988 4636 3100 209775 208950 35262 23402 10980 7229 12422 8811 3751 11860
is_linear=0
shrinkage=0.02


Tree=193
num_leaves=15
num_cat=0
split_feature=5 5 17 3 14 2 8 2 8 26 18 24 27 2
split_gain=7.91753 6.77616 13.9257 9.13981 7.02754 8.78625 7.39248 7.83247 7.59156 7.62603 6.95089 6.33059 8.1641 7.96629
threshold=0.00039425591239705687 0.00058565719518810521 0.75000000000000011 0.50551870465278637 5.7186683989129967e-05 0.042921861633658416 2.5550050850142728e-05 0.080245535820722594 3.5155699151800952e-05 -0.62117654085159291 0.00011809621355496348 -0.0097895106300711614 -0.19462428987026212 0.018957725726068023
decision_type=8 8 2 2 10 2 10 2 10 2 10 2 2 2
left_child=-1 2 -2 -4 5 -3 7 10 -8 -10 -6 12 -12 -14
right_child=1 4 3 -5 6 -7 8 -9 9 -11 11 -13 13 -15
leaf_value=0.0036275995057773471 -0.0045283659470222596 0.0025909449294608216 -0.0018916451603743709 0.0035374154708333839 -0.0034567034457355038 -0.00094804946241777981 0.00071965850099599455 0.0025268289626930824 0.0024996822103947524 -0.0001072204209329155 -0.0022831398599792892 -0.0015644836883542705 0.0025631734636214565 -0.00039694109912247536
leaf_weight=214.60645516216755 383.17336785793304 841.39031918346882 260.47051613032818 202.98178714513779 408.07129715383053 403.47319734096527 5360.273239582777 243.50076870620251 433.83256852626801 41079.126306816936 441.70709016919136 1937.2093551456928 573.68746937811375 927.16994625329971
leaf_count=869 1539 3371 1044 815 1639 1636 21521 1007 1764 164939 1775 7770 2296 3727
internal_value=-3.85378e-05 -5.45952e-05 -0.00180873 0.000534134 -2.57119e-05 0.00144707 -6.19271e-05 -0.000831469 1.27893e-05 -7.87863e-05 -0.00103303 -0.000761688 4.66794e-05 0.00075336
internal_weight=53710.7 53496.1 846.626 463.452 52649.4 1244.86 51404.6 4531.35 46873.2 41513 4287.85 3879.77 1942.56 1500.86
internal_count=215712 214843 3398 1859 211445 5007 206438 18214 188224 166703 17207 15568 7798 6023
is_linear=0
shrinkage=0.02


Tree=194
num_leaves=15
num_cat=0
split_feature=5 18 16 30 5 27 26 18 5 7 5 5 34 32
split_gain=7.73641 13.0589 8.54401 13.7271 8.23384 9.99598 17.1635 7.35174 11.4392 22.7529 21.5895 17.2348 13.548 16.9254
threshold=0.0083050956018269079 0.00075417611515149485 0.0002041837578872219 0.064958840608596816 0.0071215650532394656 -0.05970687419176101 0.14832767844200137 0.0005082850402686746 0.0028896805597469215 1.0000000180025095e-35 0.00378637423273176 0.0044642481952905664 -1.2490009027033009e-15 0.13581005483865741
decision_type=10 10 10 2 8 2 2 10 10 2 10 10 8 8
left_child=4 2 -2 -4 7 -6 -7 -1 12 -10 -11 -12 -9 -14
right_child=1 -3 3 -5 5 6 -8 8 9 10 11 -13 13 -15
leaf_value=0.00017667265982403764 0.00045665413658251323 0.0023726469466562408 -0.0045404820624828628 0.00073862496070167057 -0.00082537750181674795 0.0059040487242895644 -0.0010114175906033751 0.00074808328393535881 0.00029091266525088031 -0.0070761654750739365 0.0019907252182646776 -0.0032673987352653485 -0.0020110789571900832 0.0025142422601478333
leaf_weight=41850.680428698659 363.12297016382217 298.88102266192436 700.8017073571682 264.18357428908348 328.31969678401947 380.8194817006588 215.60670478641987 3966.7669080942869 1527.680641412735 392.6321904361248 341.55324395000935 805.03609754145145 1812.4993114769459 385.45287348330021
leaf_count=168103 1456 1201 2810 1060 1318 1528 865 15931 6143 1574 1369 3228 7269 1548
internal_value=5.5498e-05 -0.00129408 -0.00214221 -0.00310957 9.81994e-05 0.00194832 0.00345242 6.39572e-05 -0.000446305 -0.00144014 -0.00313991 -0.0016938 5.11809e-05 -0.00120196
internal_weight=53634 1626.99 1328.11 964.985 52007 924.746 596.426 51082.3 9231.62 3066.9 1539.22 1146.59 6164.72 2197.95
internal_count=215403 6527 5326 3870 208876 3711 2393 205165 37062 12314 6171 4597 24748 8817
is_linear=0
shrinkage=0.02


Tree=195
num_leaves=15
num_cat=0
split_feature=2 29 10 25 21 2 35 14 29 20 32 12 14 36
split_gain=9.03286 5.81354 12.5142 8.25488 6.77654 6.49366 10.2315 6.17212 11.5465 9.02829 5.71235 5.70145 6.74563 12.4248
threshold=0.097167816013097777 -0.20163759589195249 0.00019166617857990789 -0.037830116227269166 -0.25299200415611262 0.010082398075610401 6.9756009237094417e-13 5.7186683989129967e-05 0.08063486218452455 4.2059795305249288e-05 0.053949335590004928 7.6101157901575802e-05 0.00020247099018888551 1.0254775002251084e-12
decision_type=2 2 10 2 2 2 2 10 2 8 10 10 10 2
left_child=1 2 3 5 -4 6 -1 8 9 -3 -2 -7 -13 -14
right_child=10 7 4 -5 -6 11 -8 -9 -10 -11 -12 12 13 -15
leaf_value=-0.005634413176523155 0.00071065719388639658 -0.00064861919479788466 0.0040195289857490983 -0.0035079704769821651 -0.00025517639867531636 0.0013509878109661808 0.00034134036823001916 8.1762027893027278e-05 -0.0014904611566697616 0.0040788913581595639 0.0041215306062723483 -0.0017622943501425983 0.002219648058290221 -0.0028067571373027421
leaf_weight=230.71080431342125 476.04125902056694 212.99210628867149 299.12554286420345 473.04260072112083 272.97457909584045 601.35046032071114 207.13661053776741 47715.425996303558 336.4935545027256 590.48758208751678 327.30959168076515 1233.9859481751919 565.60105839371681 276.73332941532135
leaf_count=924 1991 858 1210 1899 1100 2421 830 191480 1351 2372 1355 4966 2273 1116
internal_value=8.79354e-05 5.56306e-05 -0.000660223 -0.00109965 0.00204015 -0.000713937 -0.00291599 0.00011684 0.00155835 0.00284037 0.00216671 -0.000334913 -0.00083142 0.000541518
internal_weight=53819.4 53016.1 4160.66 3588.56 572.1 3115.52 437.847 48855.4 1139.97 803.48 803.351 2677.67 2076.32 842.334
internal_count=216146 212800 16739 14429 2310 12530 1754 196061 4581 3230 3346 10776 8355 3389
is_linear=0
shrinkage=0.02


Tree=196
num_leaves=15
num_cat=0
split_feature=30 5 37 0 33 28 0 5 8 5 25 35 35 5
split_gain=10.3791 10.6743 9.41111 7.30567 12.1253 7.84285 12.2331 18.8111 5.32734 6.64232 7.07031 6.4082 5.86414 11.6491
threshold=-0.42759253084659571 0.00039425591239705687 0.630597084760666 0.10891913622617723 -0.093333333730697618 -0.27370159327983851 0.016266371123492721 0.0020816279575228695 0.00010098154962179252 0.0045576961711049089 -0.12985603511333463 1.2365811499770454e-12 4.7870735153665588e-13 0.0010123686515726151
decision_type=2 8 2 2 10 2 2 8 10 8 2 2 2 10
left_child=-1 -2 3 5 -5 6 7 -3 9 10 12 -10 -8 -14
right_child=1 2 -4 4 -6 -7 8 -9 11 -11 -12 -13 13 -15
leaf_value=0.0030369152273979332 0.0042223709174451273 -0.0065088205784109244 -0.0025764626848827472 0.0042900173097924037 -0.00058852441328792774 -2.6693330598994781e-05 0.0021065279276487837 0.00031047900071680043 -0.00028407503455457226 -0.0037661699635945767 -0.0024317181441133478 0.0039464544624564181 0.0034291760495868758 -0.001409197238596822
leaf_weight=411.80055487155914 210.07011879980564 341.74809244275093 584.38275244832039 381.07865409553051 405.68736939132214 48023.648949176073 432.30855636298656 289.59411576390266 399.05118517577648 259.21769550442696 545.32544100284576 201.30215352773666 223.80511224269867 1071.3546548336744
leaf_count=1677 851 1370 2353 1581 1648 192722 1738 1161 1609 1042 2199 818 902 4321
internal_value=-5.14163e-05 -7.63751e-05 -9.49443e-05 -6.6392e-05 0.00182222 -9.57767e-05 -0.000972456 -0.00346735 -0.000450791 -0.000852416 -0.000490142 0.00121595 0.000143589 -0.000533687
internal_weight=53780.4 53368.6 53158.5 52574.1 786.766 51787.4 3763.71 631.342 3132.36 2532.01 2272.79 600.353 1727.47 1295.16
internal_count=215992 214315 213464 211111 3229 207882 15160 2531 12629 10202 9160 2427 6961 5223
is_linear=0
shrinkage=0.02


Tree=197
num_leaves=15
num_cat=0
split_feature=31 24 32 1 0 35 35 27 24 32 27 24 35 35
split_gain=5.30202 8.72921 6.64546 13.3146 8.52978 16.7761 17.4564 11.5285 8.2201 7.12679 14.9528 14.4326 11.8801 9.16963
threshold=-0.25496472418308253 -0.31469903886318201 -0.14608979225158689 0.48282660543918615 0.074822161346673979 9.6247402409099812e-13 4.6835845206490155e-13 -0.17406240850687024 0.11765369027853013 -0.066454764455556856 0.095591202378273024 -0.52112081646919239 4.942554612114015e-13 1.8466904437922098e-12
decision_type=8 2 10 2 2 2 2 2 2 10 2 2 2 2
left_child=1 -1 3 -2 8 6 -6 -7 -5 10 12 -11 -4 -14
right_child=2 -3 9 4 5 7 -8 -9 -10 11 -12 -13 13 -15
leaf_value=0.00085771674711030853 0.0028852115315565162 -0.0046808211724604747 0.00087672215825515488 -0.0006377860423159371 -0.0007329800796356036 -0.0046168880240962567 0.0060655826122769617 0.0019582292427657486 0.0017194450528402621 0.0019579283688213279 -0.0025559033480918193 -1.1918597074357897e-05 -0.0010637104404988028 0.00093951493562691374
leaf_weight=200.75328047573566 887.2531333565712 227.80532245337963 2666.7967669963837 3115.4495027512312 223.09018321335316 195.25256095826626 423.61871406435966 194.85552796721458 709.60437239706516 1532.2869107723236 1251.4991938769817 35798.859460651875 5172.6379228979349 1092.9831157922745
leaf_count=808 3580 916 10699 12525 905 800 1721 802 2850 6174 5026 143649 20779 4408
internal_value=1.5204e-06 -0.00216379 1.97479e-05 0.00066075 0.000244647 0.00183529 0.0037687 -0.00139734 -0.000193816 -5.8056e-05 -0.00052647 6.99405e-05 -0.000237056 -0.000712388
internal_weight=53692.7 428.559 53264.2 5749.12 4861.87 1036.82 646.709 390.108 3825.05 47515.1 10183.9 37331.1 8932.42 6265.62
internal_count=215642 1724 213918 23183 19603 4228 2626 1602 15375 190735 40912 149823 35886 25187
is_linear=0
shrinkage=0.02


Tree=198
num_leaves=15
num_cat=0
split_feature=26 1 35 28 29 28 30 28 36 0 16 20 2 34
split_gain=9.3786 8.27407 6.9555 7.9489 7.01659 9.58766 8.29823 13.9735 10.1136 8.6551 8.98299 15.3191 12.7621 13.9157
threshold=-0.67202508449554432 0.53613561391830455 1.9841560442183592e-13 -0.073883578181266771 -0.30993221700191492 -0.29766047000885004 -0.1068296581506729 -0.20698968321084973 6.9021017742344769e-13 0.083581853657960906 0.00031927108648233121 6.2312919908436029e-05 0.040534200146794326 -0.17555555701255796
decision_type=2 2 2 2 2 2 2 2 2 2 10 8 2 10
left_child=1 -1 3 -2 5 -4 9 8 -8 10 11 -6 -13 -14
right_child=2 -3 4 -5 6 -7 7 -9 -10 -11 -12 12 13 -15
leaf_value=0.00013237541059310404 -0.00089893159165568631 0.0056824504763522497 -0.00017648045897217617 0.0039985684618484771 -0.00052740379418402038 -0.0047674512299497301 -0.0041692990768318807 -0.0001151897844445766 -0.00050895960529868359 0.0018909329313291999 -0.00075187152809270854 0.001824659385990555 0.0036630557397027063 -0.0011718819284246426
leaf_weight=215.60656681656837 202.17846384644508 196.12727934122086 470.44985982775688 333.29206757247448 3312.9020420014858 278.38525025546551 571.06219099462032 37988.869364932179 630.30457209050655 1372.7750832736492 2839.7715746164322 3792.4912268519402 270.17260731756687 1309.7145194709301
leaf_count=871 816 805 1898 1343 13326 1121 2290 152438 2538 5604 11404 15191 1099 5265
internal_value=-1.90233e-05 0.00291689 -4.27562e-05 0.00218362 -6.61369e-05 -0.00196283 -3.81266e-05 -0.00018295 -0.00228866 0.000401525 0.000221149 0.000540288 0.0011982 -0.000309616
internal_weight=53784.1 411.734 53372.4 535.471 52836.9 748.835 52088.1 39190.2 1201.37 12897.8 11525.1 8685.28 5372.38 1579.89
internal_count=216009 1676 214333 2159 212174 3019 209155 157266 4828 51889 46285 34881 21555 6364
is_linear=0
shrinkage=0.02


Tree=199
num_leaves=15
num_cat=0
split_feature=4 3 18 3 33 26 16 19 14 22 29 31 31 1
split_gain=6.69136 10.3165 12.9922 9.88023 8.51733 11.3538 7.61172 8.20896 7.46015 8.02054 6.20864 8.96068 7.50409 11.5855
threshold=1.0000000180025095e-35 0.4733590036630631 0.00031302793649956589 0.5098865032196046 2.386979502944087e-15 0.14523664861917499 8.7420936324633671e-05 0.41666667163372045 8.6472864495590343e-05 0.1715006232261658 0.07407522946596147 0.07655739784240724 -0.033593589439988129 0.49064473807811743
decision_type=2 2 8 2 10 2 8 2 10 2 2 10 10 2
left_child=1 2 -1 6 10 -6 -3 -8 -9 -10 12 -12 13 -5
right_child=-2 3 -4 4 5 -7 7 8 9 -11 11 -13 -14 -15
leaf_value=-0.005454284141783108 0.00018200839005521222 -0.002829208460509517 0.00081901689676044584 -0.0050270568849988019 0.003085830769866803 -0.0019499214811181571 -0.0033579215531631484 0.0030924942639685847 0.00089526245728623109 -0.00071813485362331357 -0.006965585008675123 -0.0010376248651593673 6.5722272148667892e-05 0.00080563133693645509
leaf_weight=323.86362108588219 44699.464965254068 298.80242668092251 206.82307913899422 370.69667473435402 331.88412274420261 345.61806321144104 210.3931922018528 390.31470249593258 3259.704921528697 1956.1225311607122 204.65426751971245 201.87062145769596 677.09685979783535 201.57020683586597
leaf_count=1297 179654 1196 828 1484 1328 1383 842 1562 13046 7828 819 808 2710 807
internal_value=8.19022e-05 -0.000415723 -0.00306846 -0.000242245 -0.00134354 0.000534663 0.000180979 0.000344781 0.000495183 0.000289749 -0.00210921 -0.00420859 -0.00137056 -0.00301477
internal_weight=53678.9 8979.42 530.687 8448.73 2333.39 677.502 6115.34 5816.54 5606.14 5215.83 1655.89 406.525 1249.36 572.267
internal_count=215592 35938 2125 33813 9339 2711 24474 23278 22436 20874 6628 1627 5001 2291
is_linear=0
shrinkage=0.02


Tree=200
num_leaves=15
num_cat=0
split_feature=2 34 5 36 33 18 36 1 32 16 36 36 1 1
split_gain=7.21067 11.5331 10.2985 9.51134 7.66654 13.5401 7.52292 8.93188 7.30247 6.87867 14.2746 14.5084 16.7442 19.3442
threshold=0.078768830746412291 0.016666667070239786 0.00098875298863276861 5.2630260718132548e-13 0.11666667088866235 0.00034512864658609038 6.7051399155193546e-13 0.47381539642810827 0.056478850543499 0.00021110494708409536 6.0947365318649037e-13 4.9104313280465283e-13 0.45331588387489324 0.43188047409057623
decision_type=2 10 8 2 8 10 2 2 10 8 2 2 2 2
left_child=4 2 -2 -4 9 -6 7 -7 -5 10 11 -1 13 -13
right_child=1 -3 3 8 5 6 -8 -9 -10 -11 -12 12 -14 -15
leaf_value=-0.00022441974436567924 -0.0016092839301906057 -0.0029748466508179704 0.0060414125711510816 0.00066019304581465903 0.0026707283940192016 0.002793525226057659 -0.0021519751432591068 -0.0012171077218776959 0.0034627912666784165 0.00014869027426291383 0.00013540298381045166 -0.0035365118966768712 -0.0021987595215827945 0.0037763244374481807
leaf_weight=6070.8681187480688 339.4081352353096 234.32622319459915 199.74817515909672 1165.2145376652479 1118.4449032098055 439.62297570705414 511.55334138870239 413.26656100153923 535.23996697366238 25864.277429386973 12340.81693738699 200.09287464618683 3912.8365726172924 407.87830394506454
leaf_count=24332 1399 947 824 4826 4481 1765 2053 1655 2207 103742 49543 803 15680 1634
internal_value=3.15508e-05 0.00108173 0.00152874 0.00210016 -1.95161e-05 0.00106007 -0.000279718 0.000866818 0.00157235 -7.48594e-05 -0.000326898 -0.000864786 -0.00171994 0.00133357
internal_weight=53753.6 2473.94 2239.61 1900.2 51279.7 2482.89 1364.44 852.89 1700.45 48796.8 22932.5 10591.7 4520.81 607.971
internal_count=215891 10203 9256 7857 205688 9954 5473 3420 7033 195734 91992 42449 18117 2437
is_linear=0
shrinkage=0.02


Tree=201
num_leaves=15
num_cat=0
split_feature=19 33 25 10 16 10 23 5 10 5 20 19 20 21
split_gain=7.04474 16.6056 8.3122 8.9139 8.28009 8.13242 9.26603 8.15404 8.52601 7.58794 12.6665 7.65994 7.40107 7.10626
threshold=0.91666665673255932 -0.27666667103767389 -0.42446681857109064 0.00019166617857990789 0.00020880880765616896 0.00010844158896361479 -0.063459243625402437 0.0011626814375631513 0.00011298929166514428 0.00058565719518810521 5.8289655498811051e-05 0.75000000000000011 0.00022940483904676515 0.52825358510017406
decision_type=2 10 2 10 8 10 2 8 10 8 10 2 10 2
left_child=9 -2 -3 5 -5 -4 -7 -8 -9 10 11 -1 -11 -6
right_child=1 2 3 4 13 6 7 8 -10 12 -12 -13 -14 -15
leaf_value=0.0015217817097607066 0.0034275957278584361 -0.0030646131057665811 -0.0001888379872865499 -0.0021332935808343625 0.0016057184920636981 -0.0022083458059169647 0.001682662227924303 -0.0045180057959235669 -0.00060332005568946429 0.00021150763598938341 -0.0058468970294338653 -0.0030497061656078995 -0.0019669919666178001 -0.0014149182737425625
leaf_weight=364.49009791016579 430.00938954949379 458.99182468652725 7852.6326657086611 343.64834327995777 1900.6048613935709 2151.5262241214514 542.5622568577528 226.29189226031303 2425.5937949120998 35697.451255187392 202.70875599980354 217.10152369737625 615.0107557028532 355.74720431864262
leaf_count=1469 1740 1846 31483 1379 7638 8627 2174 907 9723 143439 814 873 2474 1431
internal_value=-2.24402e-05 -0.000363469 -0.00046783 -0.000388607 0.000678065 -0.000599439 -0.00119961 -0.000510701 -0.000968688 0.000131081 -0.00179054 -0.000229358 0.000173549 0.00112122
internal_weight=53784.4 16687.6 16257.6 15798.6 2600 13198.6 5345.97 3194.45 2651.89 37096.8 784.3 581.592 36312.5 2256.35
internal_count=216017 66948 65208 63362 10448 52914 21431 12804 10630 149069 3156 2342 145913 9069
is_linear=0
shrinkage=0.02


Tree=202
num_leaves=15
num_cat=0
split_feature=5 5 17 19 33 18 23 18 5 29 34 28 30 1
split_gain=13.029 13.4237 9.96281 7.01245 14.2629 10.1924 8.2589 8.08763 11.1033 9.79671 11.8684 10.1746 8.27833 8.05939
threshold=0.00039425591239705687 0.00058565719518810521 0.75000000000000011 0.91666665673255932 -0.27666667103767389 0.00084758191951550554 -0.42089471220970148 0.00062134020845405768 0.0079190307296812552 0.020290766842663292 0.026666667312383655 -0.036234904080629342 0.32737322151660925 0.60366845130920421
decision_type=10 10 2 2 10 10 2 10 10 2 10 2 2 2
left_child=-1 2 -2 13 -5 6 -6 8 12 11 -11 -9 -8 -3
right_child=1 3 -4 4 5 -7 7 9 -10 10 -12 -13 -14 -15
leaf_value=0.0040651109352997797 -0.004801546257452171 0.00012542531278798564 -0.00050576514481510666 0.0032563580136529789 -0.0022055601549324237 0.0016315956156859131 -9.9913344047020572e-05 -0.002169210867477784 -0.0032377725105666158 -0.0074366034928905764 -0.001246613961527184 0.0031758656501636269 -0.0039861093572927568 0.0030551326120903033
leaf_weight=291.03979921340942 383.99106897413731 35855.721433311701 475.40543562173843 409.34485332667828 1111.0650229603052 879.50936134159565 12236.630586951971 381.79879939556122 470.58817079663277 212.79253052175045 286.11455617845058 200.82778757810593 203.29004184901714 359.62132887542248
leaf_count=1178 1542 144028 1907 1658 4462 3539 49061 1532 1886 853 1148 805 816 1496
internal_value=-1.63904e-05 -4.01193e-05 -0.00249073 8.45369e-07 -0.00034213 -0.000438249 -0.000560782 -0.000427213 -0.000286383 -0.00207262 -0.00407162 -0.000282541 -0.000169717 0.000156188
internal_weight=53757.7 53466.7 859.397 52607.3 16392 15982.6 15103.1 13992 12910.5 1081.53 498.907 582.627 12439.9 36215.3
internal_count=215911 214733 3449 211284 65760 64102 60563 56101 51763 4338 2001 2337 49877 145524
is_linear=0
shrinkage=0.02


Tree=203
num_leaves=15
num_cat=0
split_feature=5 1 14 10 36 36 3 28 30 27 36 36 5 23
split_gain=7.44135 7.13069 8.80312 12.4097 6.80442 13.2438 10.7102 6.17266 4.94989 4.77174 10.282 12.5244 13.9274 12.815
threshold=0.00039425591239705687 0.59278711676597606 0.00010277554247295485 0.00017731539264786991 1.3140286385035507e-12 7.9171597663213477e-13 0.56185436248779308 0.54947867989540111 -0.42759253084659571 -0.080836329609155641 6.1234245213488702e-13 5.1086776952855028e-13 0.0017179641872644427 -0.035214662551879876
decision_type=8 2 10 10 2 2 2 2 2 2 2 2 10 2
left_child=-1 7 -3 4 5 6 -4 8 -2 10 11 12 -10 -14
right_child=1 2 3 -5 -6 -7 -8 -9 9 -11 -12 -13 13 -15
leaf_value=0.0035854027609359203 0.0021887335572945026 0.0049162523714194068 -0.0023800813131587416 0.0038879850987085557 0.0025070665242240327 -0.0055054482869253876 0.0031725552504578759 -0.0033235143241543432 -0.0015203897393480229 6.9838697757811549e-05 0.00011205859381635843 -0.0019599098238620434 0.0015320055538223358 -0.0015060785034990366
leaf_weight=209.91912798583508 373.87803418934345 213.27360472083092 268.81375598907471 328.91197417676449 208.17922939360142 204.3200898617506 247.99613066017628 210.71508479118347 1995.3526903092861 35087.47871118784 8994.8892696499825 2745.193908020854 1939.2466025203466 756.96960192918777
leaf_count=851 1519 885 1085 1349 863 839 1018 852 8000 140780 36168 11006 7774 3034
internal_value=-4.96659e-06 -2.03671e-05 0.00134315 0.000670052 -0.000526793 -0.00144664 0.000303333 -5.93758e-05 -4.48462e-05 -6.18985e-05 -0.000342948 -0.00089211 -0.000261637 0.000674247
internal_weight=53785.1 53575.2 1471.49 1258.22 929.309 721.13 516.81 52103.7 51893 51519.1 16431.7 7436.76 4691.57 2696.22
internal_count=216023 215172 6039 5154 3805 2942 2103 209133 208281 206762 65982 29814 18808 10808
is_linear=0
shrinkage=0.02


Tree=204
num_leaves=15
num_cat=0
split_feature=37 28 28 30 20 25 18 3 3 20 13 14 14 25
split_gain=6.30403 6.34332 7.43033 8.69464 12.5054 7.24168 9.11954 9.7736 10.8965 11.6882 8.90308 20.4217 8.70553 8.64024
threshold=-0.73851168155670155 0.54947867989540111 0.443626418709755 0.34489683806896215 6.3247513025999083e-05 0.28108148276805883 0.00038035688339732593 0.49382278323173529 0.48174056410789495 9.8203538072993992e-05 0.91666665673255932 0.00027178469463251537 0.00026989291654899722 0.49203108251094824
decision_type=2 2 2 2 10 2 10 2 2 8 2 10 10 2
left_child=-1 2 3 5 -5 -2 7 8 9 13 12 -12 -8 -7
right_child=1 -3 -4 4 -6 6 10 -9 -10 -11 11 -13 -14 -15
leaf_value=0.0032295445340972478 -0.00010834868202530723 -0.0033504273142285603 0.002601682151070735 0.00033986994971495779 -0.005965715665313091 -0.00038102266045660598 7.6044801798415645e-05 0.0024951546192525905 -0.0021933077931081007 0.004446312263632902 -0.0021408501047854057 0.0044017643988863535 -0.0036564650703446474 0.0034194048059730336
leaf_weight=216.00584834814072 46978.678935006261 211.42360237240791 405.07419829070568 259.66640609502792 220.40223488211632 1235.5123580247164 501.66241778433323 1433.4156681448221 490.01159924268723 322.41584473848343 368.46799278259277 357.27131000161171 476.57619628310204 275.88556227087975
leaf_count=873 188665 855 1633 1046 887 4970 2013 5756 1961 1295 1477 1435 1917 1112
internal_value=-3.20224e-05 -4.63831e-05 -3.2032e-05 -5.31669e-05 -0.00267787 -2.81269e-05 0.000659837 0.00120822 0.00039988 0.00110899 -0.000549332 0.00111166 -0.00177918 0.000348292
internal_weight=53752.5 53536.5 53325 52920 480.069 52439.9 5461.22 3757.24 2323.83 1833.81 1703.98 725.739 978.239 1511.4
internal_count=215895 215022 214167 212534 1933 210601 21936 15094 9338 7377 6842 2912 3930 6082
is_linear=0
shrinkage=0.02


Tree=205
num_leaves=15
num_cat=0
split_feature=5 3 13 18 18 5 1 1 37 10 32 25 5 21
split_gain=8.99163 6.53102 16.7863 14.2342 13.4013 13.331 12.7532 11.9241 11.8769 13.3851 11.7838 11.3807 9.83317 9.61255
threshold=0.00039425591239705687 0.50710061192512523 0.91666665673255932 0.00034718900860752916 0.00020218853751430291 0.00069680908927693974 0.49064473807811743 0.52876117825508129 -0.02437664475291967 6.4085586927831186e-05 0.12782315164804461 -0.023882439360022541 0.0032010605791583662 -0.10189530998468398
decision_type=8 2 2 10 8 10 2 2 2 10 8 2 8 2
left_child=-1 4 3 6 5 -2 -3 -6 9 -7 -8 12 -9 -12
right_child=1 2 -4 -5 7 8 10 11 -10 -11 13 -13 -14 -15
leaf_value=0.0039553159437136247 -0.0044749599169079746 -0.0014676146567959231 -0.00063763637430117872 -0.00018363661121049185 0.00011928047585931045 3.6312203567967266e-05 0.0010026099650500093 0.0011630630724251665 -3.3457031870795121e-05 -0.0028368337568252973 0.0067018229023027452 -0.0037305406555709552 -0.0037582763671312725 0.0015288508394081435
leaf_weight=206.84163978695869 398.32390704751015 767.70965427160263 6746.9066509008408 6743.8744024634361 21148.418638348579 1031.4646540880203 9343.0373396575451 590.2158464640379 3651.6102324128151 1724.9862213879824 251.42651945352554 626.8639901727438 201.32867383956909 339.05583053827286
leaf_count=839 1598 3073 27069 27113 84832 4137 37667 2363 14661 6920 1016 2509 806 1368
internal_value=-1.81704e-05 -3.49845e-05 0.000208264 0.000535772 -0.000235331 -0.00101179 0.000988638 -4.54609e-07 -0.000783268 -0.00176918 0.00118104 -0.00176254 -0.000150447 0.00387889
internal_weight=53772.1 53565.2 24192 17445.1 29373.2 6806.39 10701.2 22566.8 6408.06 2756.45 9933.52 1418.41 791.545 590.482
internal_count=215971 215132 97306 70237 117826 27316 43124 90510 25718 11057 40051 5678 3169 2384
is_linear=0
shrinkage=0.02


Tree=206
num_leaves=15
num_cat=0
split_feature=29 29 31 2 13 17 29 30 30 1 1 35 32 18
split_gain=6.04429 8.88533 10.561 5.87169 5.85769 6.37254 5.27025 4.49259 11.0356 9.10591 10.2391 7.93378 5.95434 10.6529
threshold=-0.30993221700191492 -0.32742069661617274 -0.15812543779611585 0.093335133045911803 0.58333334326744091 0.75000000000000011 -0.29616221785545344 -0.26737269759178156 -0.33430701494216913 0.54754504561424266 0.50226989388465892 1.6383866241779721e-13 -0.0086612715385854227 0.0002348001362406649
decision_type=2 2 10 2 2 2 2 2 2 2 2 2 10 8
left_child=1 2 -1 6 -5 -6 -2 8 9 10 -8 -9 -13 -14
right_child=3 -3 -4 4 5 -7 7 11 -10 -11 -12 12 13 -15
leaf_value=-0.0022586534457722479 0.0030290978827568495 -0.0050698447771140688 0.0030079960722553247 0.0036207430899472077 -0.0013456780644218623 0.0025164641783750196 0.0022776348205078485 0.003187544643059721 -0.0021785360608541494 0.0036405541591560918 -0.0037093624399160397 0.00018407775080119868 -0.00085427840214127209 2.259667618206996e-05
leaf_weight=424.82598778605461 202.00113064050674 210.20803786814213 211.94464011490345 323.25059361755848 365.33896279335022 287.6754247546196 198.96009914577007 286.05201125144958 1181.1529561430216 278.30778330564499 220.85143961012363 23959.221357882023 8079.6106215715408 17546.081386193633
leaf_count=1713 813 847 856 1351 1522 1189 803 1154 4758 1136 890 96182 32415 70358
internal_value=-4.38954e-05 -0.00170032 -0.000467468 -1.67566e-05 0.00150415 0.00037995 -4.59047e-05 -5.90732e-05 -0.00101378 0.000962669 -0.000897417 -2.27053e-05 -4.25028e-05 -0.000254327
internal_weight=53775.5 846.979 636.771 52928.5 976.265 653.014 51952.2 51750.2 1879.27 698.119 419.812 49871 49584.9 25625.7
internal_count=215987 3416 2569 212571 4062 2711 208509 207696 7587 2829 1693 200109 198955 102773
is_linear=0
shrinkage=0.02


Tree=207
num_leaves=15
num_cat=0
split_feature=5 8 30 5 30 30 0 5 27 31 1 35 32 29
split_gain=8.65386 13.0114 10.503 7.08698 19.3826 6.61169 7.50633 7.14634 6.44726 6.4765 6.11889 14.0147 5.76721 6.00127
threshold=0.0083050956018269079 8.9973411377286552e-05 -0.01513064745813608 0.0073397257365286359 -0.05930082127451896 -0.42759253084659571 0.10891913622617723 0.00039425591239705687 0.076199792325496687 -0.064543496817350374 0.46489290893077856 5.5961691444034188e-13 0.2932868897914887 -0.30993221700191492
decision_type=10 10 2 10 2 2 2 8 2 10 2 2 10 2
left_child=3 10 -3 5 -5 -1 7 -7 9 -8 -2 -12 13 -9
right_child=1 2 -4 4 -6 6 8 12 -10 -11 11 -13 -14 -15
leaf_value=0.0025092975309120046 -2.6994992613704196e-05 -0.0018362042320922375 0.0028716705837458279 -0.0026235795012216723 0.0045800268792828844 0.0034879801402863102 0.00061809983270725514 -0.0019501185387594648 -0.00052433217314654329 0.0052112936891145125 -0.00039531797549056301 -0.006132649459074632 -0.0024276590103092343 3.5417870914103394e-07
leaf_weight=404.30860133469105 216.52849541604519 351.2888058423996 368.50946098566055 212.01734521985054 413.31127271056175 210.19287919998169 221.70201666653156 619.20561899244785 269.91761057078838 273.14513354003429 285.43896088004112 413.19268462061882 382.76077146828175 49098.315670087934
leaf_count=1649 869 1411 1480 851 1657 852 914 2493 1104 1126 1143 1656 1543 197099
internal_value=3.93971e-06 -0.00141988 0.000586524 4.91443e-05 0.00213203 2.3025e-05 2.36931e-06 -2.78954e-05 0.00194332 0.0032574 -0.00297676 -0.0038648 -4.4032e-05 -2.47123e-05
internal_weight=53739.8 1634.96 719.798 52104.9 625.329 51479.5 51075.2 50310.5 764.765 494.847 915.16 698.632 50100.3 49717.5
internal_count=215847 6559 2891 209288 2508 206780 205131 201987 3144 2040 3668 2799 201135 199592
is_linear=0
shrinkage=0.02


Tree=208
num_leaves=15
num_cat=0
split_feature=23 24 1 13 31 29 23 23 0 0 38 16 36 11
split_gain=8.75428 14.5936 11.3536 11.454 10.1878 12.2041 9.56852 13.4461 9.49682 11.0318 9.70628 9.43152 9.30581 8.54389
threshold=-0.15139184892177579 -0.33509786427021021 0.50226989388465892 0.91666665673255932 -0.00093360347091220308 -0.099073778837919221 -0.59209260344505299 -0.49372936785221094 0.034397870302200324 0.065509796142578139 1.0000000180025095e-35 8.3139588241465403e-05 6.3680416734039634e-13 0.91666665673255932
decision_type=2 2 2 2 10 2 2 2 2 2 2 8 2 2
left_child=2 -2 -1 4 -4 -6 -5 -8 -7 10 -10 12 -3 -13
right_child=1 11 3 6 5 8 7 -9 9 -11 -12 13 -14 -15
leaf_value=-0.0010154619459094465 0.0033164236080705312 -0.0028215605730248865 7.3335512776424066e-05 0.0021393381752277192 0.0054000855074427976 0.0026071824550835438 -0.0046265955762267372 -0.00072522723165802084 0.00050361895473580197 0.0024626167872509571 -0.0048001569140632512 5.5037906699884168e-05 0.00029989892883052329 0.00076714158142652091
leaf_weight=6037.4329332411289 582.20607879757881 794.84473253786564 5668.8215365558863 360.46460475027561 290.12315854430199 777.1964108645916 386.11177626252174 2820.3295895159245 268.17231227457523 309.82371652126312 257.08107110857964 25297.927702531219 712.66240763664246 9168.7413930892944
leaf_count=24218 2356 3188 22854 1450 1172 3115 1551 11315 1078 1265 1034 101595 2868 36756
internal_value=5.36161e-05 0.00022857 -0.000318588 6.02959e-05 0.000500268 0.00175846 -0.000871184 -0.00122079 0.00104502 -0.000435837 -0.00217312 0.000176781 -0.00136131 0.000244805
internal_weight=53731.9 36556.4 17175.6 11138.1 7571.22 1902.4 3566.91 3206.44 1612.27 835.077 525.253 35974.2 1507.51 34466.7
internal_count=215815 146763 69052 44834 30518 7664 14316 12866 6492 3377 2112 144407 6056 138351
is_linear=0
shrinkage=0.02


Tree=209
num_leaves=15
num_cat=0
split_feature=31 35 0 1 22 27 9 36 31 30 1 31 36 14
split_gain=10.2421 6.00647 6.10042 5.65213 9.75368 11.301 12.7473 10.9074 10.5295 13.8302 10.2865 9.25998 11.8952 14.0921
threshold=-0.28470504283905024 1.9841560442183592e-13 0.047500768676400192 0.49873161315917974 -0.67341405153274525 -0.20460313558578488 0.75000000000000011 2.7272914829290511e-12 0.022675535641610626 -0.09260415285825728 0.54952362179756176 -1.0000000180025095e-35 1.3341034548787491e-12 6.9219728175085051e-05
decision_type=8 2 2 2 2 2 2 2 10 2 2 8 2 10
left_child=-1 2 -2 -3 5 10 -7 11 9 -9 -5 12 13 -6
right_child=1 3 -4 4 7 6 -8 8 -10 -11 -12 -13 -14 -15
leaf_value=-0.0041769117775730001 0.00036641987751261242 -0.00021998855230586866 0.0045966375270099424 -0.002510309375216842 0.0026351646711764926 0.0032621987220623318 0.00058489265875434854 -0.0033330409818135539 -0.0052239200313776366 0.0026198096640696589 0.001098397297839032 0.00066766299900787769 0.0010865077136110648 -0.00056218826667610495
leaf_weight=213.23968483507633 348.36141507327557 24669.799786627293 208.22556656599045 545.0526710152626 557.98887240886688 1264.9375198930502 1617.9872071743011 314.83561706542969 275.45196488499641 273.10674180090427 698.64220848679543 8108.4127911329269 2501.1390608549118 12121.628395363688
leaf_count=859 1400 98995 846 2188 2244 5118 6498 1276 1114 1102 2835 32544 10078 48669
internal_value=5.04206e-06 2.32632e-05 0.00205354 1.15408e-06 0.000194091 0.00109021 0.00177399 4.02083e-05 -0.00214123 -0.000572648 -0.000497828 0.000122848 -0.000168646 -0.000417555
internal_weight=53718.8 53505.6 556.587 52949 28279.2 4126.62 2882.92 24152.6 863.394 587.942 1243.69 23289.2 15180.8 12679.6
internal_count=215766 214907 2246 212661 113666 16639 11616 97027 3492 2378 5023 93535 60991 50913
is_linear=0
shrinkage=0.02


Tree=210
num_leaves=15
num_cat=0
split_feature=3 35 18 37 36 36 36 36 31 32 32 32 18 34
split_gain=7.37534 6.20172 5.30601 16.4938 15.5913 12.311 11.1731 19.2226 12.844 13.9925 10.9087 11.4948 10.6727 13.2025
threshold=0.58675318956375133 2.3853809552609743e-12 0.0005082850402686746 0.14723192155361178 2.4962949459264587e-12 3.237271670349096e-12 7.6161313041812905e-13 8.7522429082810559e-13 -0.032600875943899148 -0.13046605139970777 0.10733103752136232 0.065877832472324385 0.0009287523280363531 -0.083333335816860185
decision_type=2 2 10 2 2 2 2 2 10 10 10 10 10 10
left_child=2 -2 5 4 6 -1 12 -8 9 -9 11 -5 13 -4
right_child=1 -3 3 10 -6 -7 7 8 -10 -11 -12 -13 -14 -15
leaf_value=8.6282732555938719e-06 0.00341970139616686 -0.0008063792937663851 -0.0046998231785916394 0.00083652890763418668 -0.0049108845625901575 0.0026177277987979113 0.0041635856655541682 -0.0020738157043698256 -0.0017625009509153126 0.0035826077128865018 0.00376726228205788 -0.0032937951819637778 0.00066443297334505295 -0.001275716616230756
leaf_weight=42295.546288326383 425.37844209372997 192.31872428953648 508.84544828534126 2101.2434568405151 358.2510676831007 715.97702349722385 420.32233889400959 255.65693275630474 1165.026553824544 470.43517374992371 413.09349012374878 288.90019044280052 887.73523230850697 3273.27811832726
leaf_count=169779 1781 811 2043 8434 1446 2896 1688 1031 4676 1890 1663 1160 3567 13116
internal_value=-1.81988e-05 0.0021199 -4.38332e-05 -0.000454846 -0.000952654 5.32563e-05 -0.000736086 0.000398931 -0.000472621 0.00158878 0.000846052 0.000314101 -0.00129719 -0.00175869
internal_weight=53772 617.697 53154.3 10142.8 7339.55 43011.5 6981.3 2311.44 1891.12 726.092 2803.24 2390.14 4669.86 3782.12
internal_count=215981 2592 213389 40714 29457 172675 28011 9285 7597 2921 11257 9594 18726 15159
is_linear=0
shrinkage=0.02


Tree=211
num_leaves=15
num_cat=0
split_feature=29 8 34 0 20 34 25 27 31 18 16 32 27 30
split_gain=7.25869 10.7684 10.1311 10.0546 10.581 10.1883 14.0006 9.66075 9.26945 7.96506 9.49164 7.93534 7.51977 8.15193
threshold=-0.23941587656736371 3.7684447306673981e-05 -0.15777777880430219 0.087188847362995162 0.00016234647773671898 -0.016666667070239779 0.26199640333652502 0.083952575922012343 -0.17711907625198361 0.00034718900860752916 0.00045063055586069828 0.085432682186365141 -0.30398096144199366 -0.11242670938372611
decision_type=2 10 10 2 10 10 2 2 10 10 10 10 2 2
left_child=1 2 8 12 5 7 -7 -5 -1 -3 -11 -9 -2 -14
right_child=3 9 -4 4 -6 6 -8 11 -10 10 -12 -13 13 -15
leaf_value=-0.004412254071635347 -0.0019088191005693759 0.00080469659201343267 -0.0065802811395926294 0.0021270031720183867 0.0047078416250226794 -0.0026148613804719235 0.0032368830805170508 -0.0026811014920779148 0.001060949689537865 -0.0032562952460311045 0.0015641005739183522 0.0017571311739801776 0.00048815112605335659 -0.0001669535669310468
leaf_weight=204.11257642507553 851.38200582563877 1093.554403796792 216.6105780005455 1750.7093869745731 269.79550193250179 634.85846292972565 199.38173638284206 348.99406008422375 262.93779776990414 529.18392556905746 218.41916498541832 267.86018435657024 9518.9693055897951 37321.879882022738
leaf_count=823 3423 4408 869 7162 1100 2559 804 1429 1060 2130 882 1093 38246 149654
internal_value=-4.39649e-05 -0.0010865 -0.00319134 7.88628e-06 0.00104389 0.000707849 -0.00117327 0.00137496 -0.00141394 -0.000279031 -0.00184391 -0.000759204 -6.79325e-05 -3.36721e-05
internal_weight=53688.6 2524.82 683.661 51163.8 3471.6 3201.8 834.24 2367.56 467.05 1841.16 747.603 616.854 47692.2 46840.8
internal_count=215642 10172 2752 205470 14147 13047 3363 9684 1883 7420 3012 2522 191323 187900
is_linear=0
shrinkage=0.02


Tree=212
num_leaves=15
num_cat=0
split_feature=31 31 30 31 5 5 31 14 34 30 0 1 34 31
split_gain=8.28473 9.17284 8.41111 9.77878 7.25106 13.819 17.6596 18.802 17.6656 16.0542 13.4776 12.2516 15.8731 15.5021
threshold=-0.25496472418308253 -0.2361439764499664 -0.39414808154106135 -0.13106415420770642 0.0016914033913053574 0.0019775172695517544 0.011803469620645048 0.00031163402309175586 0.038888890296220786 0.26951947808265692 0.1037161946296692 0.49175745248794561 -0.3322222232818603 0.086690936237573638
decision_type=8 10 2 10 8 10 10 8 10 2 2 2 8 10
left_child=-1 -2 3 -3 10 6 -6 8 -8 -7 11 13 -13 -4
right_child=1 2 4 -5 5 9 7 -9 -10 -11 -12 12 -14 -15
leaf_value=-0.0027116836474688046 0.0039928647151957356 -0.00067532308815930475 -0.0015000798247431393 0.0048713161969498112 0.0023729696240454867 9.4016567754077966e-05 -0.0019671099606422249 0.0041105532844725162 0.0041212496804826611 -0.0025809548095583092 0.0035444041946732022 -0.0044342935824325308 0.00016045434077865313 0.00034519276166048422
leaf_weight=427.86409060657024 211.44232213497162 212.56455343961716 6076.5177427977324 281.05920046567917 2357.8622213602066 26647.988011822104 1352.5354432910681 311.1338769197464 202.29740381240845 908.7011527121067 336.36567910015583 288.81218342483044 11495.167307928205 2587.5038291662931
leaf_count=1722 853 864 24381 1149 9480 106976 5436 1250 811 3658 1387 1170 46164 10384
internal_value=-2.87377e-06 1.98929e-05 2.56178e-06 0.00254953 -2.23167e-05 0.000167615 0.00123001 -0.000224098 -0.00113268 3.99965e-06 -0.000312616 -0.000379464 4.05198e-05 -0.000949465
internal_weight=53697.8 53270 53058.5 493.624 52564.9 31780.5 4223.83 1865.97 1554.83 27556.7 20784.4 20448 11784 8664.02
internal_count=215685 213963 213110 2013 211097 127611 16977 7497 6247 110634 83486 82099 47334 34765
is_linear=0
shrinkage=0.02


Tree=213
num_leaves=15
num_cat=0
split_feature=31 32 32 1 22 19 17 37 16 1 5 22 25 31
split_gain=7.12421 10.1934 7.67935 6.93473 10.3036 6.85001 6.18493 6.10525 9.608 7.71272 18.8127 7.94055 6.53708 6.26595
threshold=0.2001432999968529 0.15102539956569674 -0.37761780619621271 0.59278711676597606 -0.27585932612419123 0.75000000000000011 0.91666665673255932 0.22430635243654254 7.6051270298194154e-05 0.41956017911434179 0.0017865546396933498 -0.037463428452610963 0.27620050311088568 -0.08700899779796599
decision_type=8 8 10 2 2 2 2 2 10 2 8 2 2 10
left_child=2 -2 -1 7 -5 -6 -3 13 -9 10 -10 12 -11 -4
right_child=1 6 3 4 5 -7 -8 8 9 11 -12 -13 -14 -15
leaf_value=0.0036024174236368159 -0.0020805611705096492 0.0037936828333786682 0.00029416531829271368 0.0030805696303218611 0.0023531896627055579 -0.0015876345395048109 5.9176859285425174e-05 -0.0027338642524065279 -0.0017750443239486007 0.00093209809147016794 0.0055003324562865816 4.3344923088725558e-05 0.0040743740508258275 -0.00032664173093431309
leaf_weight=210.98073364794254 217.74886484444141 556.84485968947411 8115.4809632450342 670.25102144479752 243.8564205467701 513.45787730813026 257.09058284759521 372.57953085005283 220.86090537905693 1466.2375860661268 343.11273790895939 7812.1956000328064 309.10600377619267 32448.081706464291
leaf_count=859 878 2239 32609 2764 1010 2091 1032 1497 898 5887 1394 31351 1241 130180
internal_value=-3.85975e-06 0.00162607 -3.63568e-05 -5.23415e-05 0.00131278 -0.000290786 0.00264381 -9.09865e-05 0.000337834 0.000455725 0.00268797 0.000319094 0.00151849 -0.000202354
internal_weight=53757.9 1031.68 52726.2 52515.2 1427.57 757.314 813.935 51087.7 10524.1 10151.5 563.974 9587.54 1775.34 40563.6
internal_count=215930 4149 211781 210922 5865 3101 3271 205057 42268 40771 2292 38479 7128 162789
is_linear=0
shrinkage=0.02


Tree=214
num_leaves=15
num_cat=0
split_feature=26 34 35 31 10 32 35 33 32 32 23 12 26 31
split_gain=6.7625 8.18224 9.15025 7.83423 6.81677 9.85663 9.91503 9.22091 10.8402 9.79876 9.74773 9.01384 8.47373 11.1626
threshold=-0.58537012338638295 -0.2322222217917442 1.1399844826801011e-12 -0.25496472418308253 9.2151087301317616e-05 -0.14608979225158689 5.4559639141651971e-13 4.8294701571194317e-15 -0.063928481191396699 -0.027227044105529782 0.080387685447931304 9.0882287622662275e-05 0.57143697142601024 0.18490465730428698
decision_type=2 10 2 8 10 10 2 10 10 10 2 10 2 10
left_child=1 2 -1 -2 5 6 11 -7 10 -10 -9 -5 13 -6
right_child=3 -3 -4 4 12 7 -8 8 9 -11 -12 -13 -14 -15
leaf_value=0.00055213646163293376 -0.0028665273835270411 -0.00026866265871991658 0.0062763145292327772 0.0014597226511589895 -0.00023662037900770949 -0.0001383915618097593 0.0023193251063845476 0.0014190702606259699 0.0037256403955317576 0.00086570378589381433 -0.0035146468193574987 -0.0026501980647241135 -0.0029792158042627336 0.0023168877515525607
leaf_weight=216.99262307584286 370.05986393988132 422.24325630068779 219.84354251623154 466.684475928545 29114.29197922349 15391.277944147587 1643.4694435894489 256.82334612309933 545.18307264149189 3312.6043274998665 370.61018832027912 360.66285257041454 418.02335733175278 681.36295108497143
leaf_count=883 1489 1709 900 1878 116911 61813 6630 1029 2184 13272 1485 1449 1689 2739
internal_value=-1.36941e-05 0.00172609 0.00358156 -4.25724e-05 -2.16073e-05 0.000243106 0.00142914 9.43835e-05 0.000890232 0.001287 -0.00151371 -0.000352167 -0.000217432 -0.000176712
internal_weight=53790.1 859.079 436.836 52931.1 52561 22347.3 2470.82 19876.5 4485.22 3857.79 627.434 827.347 30213.7 29795.7
internal_count=216060 3492 1783 212568 211079 89740 9957 79783 17970 15456 2514 3327 121339 119650
is_linear=0
shrinkage=0.02


Tree=215
num_leaves=15
num_cat=0
split_feature=31 12 10 8 29 32 8 18 2 29 10 34 18 32
split_gain=7.67858 6.52847 5.29117 5.21802 9.57193 9.13536 7.55725 7.10658 8.40849 6.02408 5.5633 9.76315 11.8879 10.118
threshold=-0.28470504283905024 3.2790539989946417e-05 4.7865296437521472e-05 0.0001574560010340065 -0.035318309441208832 -0.013036913704127072 0.00021683648810721937 0.00039006175938993698 0.034168474376201637 0.029957360588014129 9.2151087301317616e-05 -1.804112415015879e-15 0.0002150071304640733 0.11801603063941003
decision_type=8 8 10 10 2 10 10 10 2 2 10 10 10 10
left_child=-1 2 -2 10 7 6 -6 -5 -9 -7 -3 -12 -13 -14
right_child=1 3 -4 4 5 9 -8 8 -10 -11 11 12 13 -15
leaf_value=-0.0036109499129509275 -0.0031447559761489424 0.00028852075758572967 0.00062923948976356973 0.0040896023209922895 -0.00028337177358503537 -0.0013820998024596063 -0.0048176406466099494 0.0025998127619082561 -0.0012451279194141639 0.0016109846287935929 0.00010320112741934473 -0.0027696501055236127 -0.00080457522792926344 0.0011186075762982246
leaf_weight=206.47920514643192 424.91149313747883 22051.979670584202 214.37582106888294 467.29624119400978 384.86823016405106 342.21368555724621 220.66763657331467 544.01769170165062 365.53215879201889 1050.2993722259998 19499.470608994365 978.07844384014606 5644.4495072960854 1337.7953538745642
leaf_count=832 1710 88565 862 1889 1550 1377 891 2185 1486 4231 78354 3917 22612 5366
internal_value=6.39752e-05 7.94948e-05 -0.0018985 0.000104113 0.000862646 -2.50529e-05 -0.00203694 0.00213277 0.00106106 0.000866272 5.20816e-05 -0.000137866 -0.000727159 -0.000433952
internal_weight=53732.4 53526 639.287 52886.7 3374.9 1998.05 605.536 1376.85 909.55 1392.51 49511.8 27459.8 7960.32 6982.24
internal_count=215827 214995 2572 212423 13609 8049 2441 5560 3671 5608 198814 110249 31895 27978
is_linear=0
shrinkage=0.02


Tree=216
num_leaves=15
num_cat=0
split_feature=5 30 5 5 24 5 1 27 28 0 30 31 28 36
split_gain=6.40507 15.7316 13.4199 14.4316 10.7501 10.2642 13.1899 9.72439 18.5568 8.86391 8.66371 9.64155 12.1175 9.69455
threshold=0.0046609253622591504 -0.23901686817407605 0.0053549730218946942 0.0052836686372756967 0.28406825661659246 0.0048207712825387725 0.51054736971855175 -0.1502457186579704 -0.098966248333454118 0.02898301184177399 -0.10322787612676619 -0.10323719680309294 -0.28543543815612787 1.2149866616267826e-12
decision_type=10 2 10 10 2 10 2 2 2 2 2 10 2 2
left_child=10 -2 3 4 5 -3 -7 9 -9 -4 -1 13 -13 -12
right_child=1 2 7 -5 -6 6 -8 8 -10 -11 11 12 -14 -15
leaf_value=0.00049785826577035614 -0.0043716074363363512 -0.0041524470908717555 -0.00064924500919104084 -0.0065870073097059672 0.0021631483785339383 -0.0026873460771150263 0.00191999712844309 -0.0033079212401826131 0.00038058463898094498 0.0038529965585832725 0.00033979017040726488 -0.004256008862356748 -0.00017574586614709488 0.0031222024966342425
leaf_weight=12681.79106079042 393.84366607666016 488.01747266948223 261.91767755150795 200.06570027768612 308.61118459701538 532.48688721656799 432.97386847436428 622.16964377462864 3609.4383529722691 477.32871304452419 2022.3979739546776 273.97387786209583 30752.404018208385 648.46813996136189
leaf_count=51067 1585 1958 1049 803 1239 2134 1739 2496 14475 1918 8124 1104 123414 2617
internal_value=-3.41866e-05 -0.000582862 -0.000355679 -0.00174722 -0.00112996 -0.00184905 -0.000624089 0.00019841 -0.000174743 0.00228275 5.27057e-05 -0.000115021 -0.000214495 0.00103353
internal_weight=53705.9 7326.85 6933.01 1962.16 1762.09 1453.48 965.461 4970.85 4231.61 739.246 46379 33697.2 31026.4 2670.87
internal_count=215722 29396 27811 7873 7070 5831 3873 19938 16971 2967 186326 135259 124518 10741
is_linear=0
shrinkage=0.02


Tree=217
num_leaves=15
num_cat=0
split_feature=29 29 34 30 34 28 36 18 32 35 18 36 1 32
split_gain=5.68883 7.33528 9.04624 6.8064 14.1273 7.26403 6.72285 14.6124 5.78674 10.6185 10.1246 8.82642 20.6817 11.1784
threshold=-0.30993221700191492 -0.32742069661617274 -0.28388889133930201 -0.36972333490848536 -0.29888889193534846 -0.35663564503192896 3.237271670349096e-12 0.00047130574239417916 -0.23089396208524701 5.025555980479186e-13 0.00023192934895632791 2.7272914829290511e-12 0.49175745248794561 0.028735430911183361
decision_type=2 2 10 2 8 2 2 10 10 2 10 2 2 10
left_child=1 2 -1 4 -2 -5 8 -8 9 -7 -11 -10 13 -13
right_child=3 -3 -4 5 -6 6 7 -9 11 10 -12 12 -14 -15
leaf_value=0.002851861195377023 -0.0016820536120483753 -0.0046382438739307327 -0.0020870867024143022 -0.0015763496327103933 0.0050299271718449922 -0.0023273126334688431 0.0032307452321441344 -0.0021705971287821831 -5.7304891002552346e-07 0.005488716018835123 0.00064885618461754202 0.0045725201228836434 -0.0045175870835056442 -0.0018243345530195791
leaf_weight=200.72515733540058 199.07643349468708 215.41214260458946 434.09058286249638 1141.6456408500671 286.35073687136173 200.86749513447285 670.78070338070393 265.97806006669998 48590.351847738028 284.24614907801151 414.89399434626102 199.36458314955235 520.03685545921326 201.51083894073963
leaf_count=813 816 868 1749 4609 1165 809 2722 1082 195036 1149 1674 803 2095 815
internal_value=-1.6499e-05 -0.00162044 -0.000486013 9.84531e-06 0.00231967 -1.23914e-05 2.2981e-05 0.0016838 -8.53645e-06 0.00156311 0.0027145 -3.77253e-05 -0.00195632 0.00142308
internal_weight=53825.3 850.228 634.816 52975.1 485.427 52489.7 51348 936.759 50411.3 900.008 699.14 49511.3 920.912 400.875
internal_count=216205 3430 2562 212775 1981 210794 206185 3804 202381 3632 2823 198749 3713 1618
is_linear=0
shrinkage=0.02


Tree=218
num_leaves=15
num_cat=0
split_feature=5 28 1 36 29 36 24 1 26 21 32 29 2 29
split_gain=7.20084 5.68682 10.9779 9.15124 8.82377 9.04989 7.91601 7.03729 6.5292 6.30243 5.91391 7.47617 5.8311 5.73735
threshold=0.00039425591239705687 -0.27966001629829401 0.58584019541740429 8.3443072330241518e-13 -0.13313937187194821 6.4643220789271937e-13 -0.64139407873153675 0.47264498472213751 -0.18768679350614545 -0.9989713430404662 -0.26008790731430048 -0.2587976455688476 0.042219223454594619 -0.30993221700191492
decision_type=10 2 2 2 2 2 2 2 2 2 10 2 2 2
left_child=-1 2 4 -4 7 -6 9 -2 -7 -3 -9 -12 -11 -8
right_child=1 6 3 -5 5 8 13 10 -10 12 11 -13 -14 -15
leaf_value=0.0029326698942935938 0.002914069442051811 -0.00062442386550631661 0.0050708635538975937 -0.00067215294989434393 -0.0049708386494947002 -0.00010226735259856175 -0.0030361715448452521 -0.0031379424406124158 -0.0041293546746481828 0.0014294521214059531 0.0013743647138967018 -0.0012590399253433072 0.0055907855404418519 -3.3744624823177675e-05
leaf_weight=300.5327066630125 205.40323349833488 274.75034399330616 200.74928154051304 214.92207065224648 393.5913747549057 565.04862761497498 235.93355831503868 341.82929471135139 205.82797588407993 393.42169803380966 645.20663492381573 1208.5993338674307 202.42620053887367 48350.62402510643
leaf_count=1218 828 1111 821 891 1582 2283 950 1381 830 1578 2596 4859 824 194102
internal_value=-5.61169e-05 -7.40164e-05 -0.00079925 0.00220691 -0.00116007 -0.00257352 -1.53374e-05 -0.000458967 -0.00125475 0.0018532 -0.000797974 -0.000337612 0.00297883 -4.95675e-05
internal_weight=53738.9 53438.3 3981.18 415.671 3565.51 1164.47 49457.2 2401.04 770.877 870.598 2195.64 1853.81 595.848 48586.6
internal_count=215854 214636 16071 1712 14359 4695 198565 9664 3113 3513 8836 7455 2402 195052
is_linear=0
shrinkage=0.02


Tree=219
num_leaves=15
num_cat=0
split_feature=31 24 30 16 10 36 30 30 35 24 23 20 24 13
split_gain=6.68343 5.37476 5.16184 13.3675 10.0284 7.27542 6.92688 7.42684 7.16432 5.46565 14.3683 9.72721 10.588 8.37511
threshold=-0.25496472418308253 -0.31469903886318201 -0.33430701494216913 0.00011380522482795642 9.1619622253347202e-05 1.4912768285871294e-12 -0.26737269759178156 -0.27438896894454951 1.6383866241779721e-13 -0.36940725147724146 -0.18251620978116986 7.7750355558237074e-05 -0.53245171904563893 0.91666665673255932
decision_type=8 2 2 10 10 2 2 2 2 2 2 10 2 2
left_child=1 -1 3 -2 -5 -6 7 -4 -8 10 11 -10 13 -13
right_child=2 -3 6 4 5 -7 8 -9 9 -11 -12 12 -14 -15
leaf_value=-2.9424938616820536e-05 -0.0030500495567394961 -0.0044500907826752825 -0.00070451978255889368 0.0048498296298051871 0.002400829921337349 -0.0021983136213247407 0.0030950930621878826 -0.0046517040585829722 0.0011178674233827002 -2.9824136210356346e-05 0.004077674093940992 -0.0006770372189470402 0.00034016965558528129 -0.0047001418382006657
leaf_weight=204.59488210082054 202.96328061819077 218.65043576061726 1206.6939429938793 373.61032052338123 332.69393004477024 206.53536243736744 290.18556839227676 208.97778610885143 2940.2567054480314 44583.030412748456 423.82807116210461 505.83689364790916 1729.8069738149643 340.11863228678703
leaf_count=824 826 880 4867 1514 1348 843 1172 842 11844 178957 1713 2036 6943 1365
internal_value=3.486e-05 -0.00241091 5.51615e-05 0.00138902 0.00242025 0.000623648 2.61444e-05 -0.00134388 6.48275e-05 4.62048e-05 0.000615045 0.00033522 -0.000559908 -0.00236573
internal_weight=53767.8 423.245 53344.5 1115.8 912.84 539.229 52228.7 1415.67 50813.1 50522.9 5939.85 5516.02 2575.76 845.956
internal_count=215974 1704 214270 4531 3705 2191 209739 5709 204030 202858 23901 22188 10344 3401
is_linear=0
shrinkage=0.02


Tree=220
num_leaves=15
num_cat=0
split_feature=26 12 25 20 18 35 23 3 29 18 20 10 27 1
split_gain=6.75094 16.6863 7.70412 6.90319 10.2526 11.6667 14.8631 12.2734 11.9529 9.84324 11.3737 9.85884 8.93007 11.8708
threshold=-0.58537012338638295 0.00019497795437928292 -0.46214331686496729 0.00011193597674719059 0.00050398547318764042 1.1851793418199421e-12 -0.20844699442386624 0.54952362179756176 -0.012166544795036314 0.00069954886566847574 8.8135486294049783e-05 0.00016391956160077828 -0.12534879893064496 0.47779801487922674
decision_type=2 10 2 8 10 2 2 2 2 10 10 10 2 2
left_child=1 2 -1 4 -2 7 -7 8 -6 -10 11 -11 -5 -14
right_child=3 -3 -4 12 5 6 -8 -9 9 10 -12 -13 13 -15
leaf_value=-0.0016264215326231013 -8.6620273530665627e-05 0.0064856893364826284 0.0026659321272211674 0.00134989261696782 0.0010676375755059439 -0.0064966627950958401 -0.0013970081884349178 -0.0036840857384244394 -8.994624858795527e-05 -0.0034486561179451142 -0.0054541016779958689 0.002143865127028007 0.0010243370561932674 -0.00046086943870265367
leaf_weight=398.43179407715797 35144.905895873904 197.52694751322269 258.66638211905956 2658.393833860755 1728.9566101580858 295.42740324139595 891.5686489790678 421.81541594862938 1346.7356377840042 237.50805832445621 353.49109920859337 228.32377864420414 3238.2448164969683 6323.7907360494137
leaf_count=1614 141202 804 1057 10679 6929 1190 3584 1701 5394 951 1417 916 13009 25353
internal_value=-5.84663e-05 0.00168435 9.20977e-05 -8.7265e-05 -0.000212566 -0.00101357 -0.00275286 -0.000524832 -0.000165625 -0.00115078 -0.0028508 -0.000732114 0.00032919 4.31935e-05
internal_weight=53723.8 854.625 657.098 52869.2 40648.7 5503.83 1187 4316.83 3895.02 2166.06 819.323 465.832 12220.4 9562.04
internal_count=215800 3475 2671 212325 163284 22082 4774 17308 15607 8678 3284 1867 49041 38362
is_linear=0
shrinkage=0.02


Tree=221
num_leaves=15
num_cat=0
split_feature=14 26 29 31 28 12 35 5 35 34 28 20 29 16
split_gain=8.5201 7.33284 7.32929 6.61583 7.46878 5.48748 6.10404 17.5387 8.63896 16.4858 9.77533 8.65376 8.05645 7.24855
threshold=5.7186683989129967e-05 -0.67202508449554432 0.13189949095249179 -0.093973569571971879 -0.10701069608330725 3.2790539989946417e-05 1.9841560442183592e-13 0.0016914033913053574 2.9715870064096766e-13 -0.12000000104308127 -0.094872232526540742 0.00011731905760825613 0.099485363811254515 0.00015022706793388355
decision_type=10 2 2 8 2 10 2 10 2 8 2 10 2 10
left_child=2 -2 3 -1 -5 -3 7 -7 9 10 -8 12 13 -11
right_child=1 5 -4 4 -6 6 8 -9 -10 11 -12 -13 -14 -15
leaf_value=-0.00049231227657936267 0.0025936004554244184 -0.002113650561795492 -0.0015764857923929721 0.0059793021008004944 0.0017944142287466003 -0.0017498008563362991 -0.0011174321588275683 0.0055701298925476391 6.5594471251803223e-06 -0.0010541551636077213 0.0046558932826131598 0.0004051367221734209 -0.00020007570676078252 -0.0055069551801319077
leaf_weight=253.35739409923553 405.84442181885242 486.26890555024147 222.9509548842907 243.27562016248703 566.97426068782806 233.97023929655552 214.82433761656284 257.45312981307507 49279.526756435633 209.60565899312496 222.83033822476864 309.13975119590759 245.80093005299568 565.58649177849293
leaf_count=1022 1655 1955 896 981 2278 943 865 1040 197913 840 896 1239 985 2266
internal_value=1.95439e-05 -2.02028e-05 0.00161485 0.00230056 0.00316469 -4.15818e-05 -2.12195e-05 0.00215292 -4.29845e-05 -0.00140871 0.00189705 -0.0025084 -0.0033814 -0.00435975
internal_weight=53717.4 52430.9 1286.56 1063.61 810.25 52025 51538.7 491.423 51047.3 1767.79 437.655 1330.13 1020.99 775.192
internal_count=215774 210597 5177 4281 3259 208942 206987 1983 205004 7091 1761 5330 4091 3106
is_linear=0
shrinkage=0.02


Tree=222
num_leaves=15
num_cat=0
split_feature=26 14 5 31 33 30 35 1 32 8 18 14 14 1
split_gain=5.49703 8.35278 8.76014 7.78197 7.18601 11.11 10.1486 8.73751 6.37282 10.373 9.78013 9.48112 6.36459 12.7439
threshold=-0.58537012338638295 0.00017845830006990584 0.0014644591719843449 -0.25496472418308253 -0.39000000059604639 -0.15038347244262693 1.6383866241779721e-13 0.50460290908813488 -0.23089396208524701 5.0716758778435185e-05 0.00035978444793727254 0.00014409431605599823 0.00010373405530117453 0.57791084051132213
decision_type=2 10 8 8 8 2 2 2 10 10 10 10 10 2
left_child=1 2 -1 -2 5 -5 -6 -7 9 11 -11 -8 13 -10
right_child=3 -3 -4 4 6 7 8 -9 12 10 -12 -13 -14 -15
leaf_value=-0.0032542914420895415 -0.0028903831884096497 0.0036869599306667013 0.002069016738250913 -0.0058022437720038457 0.0042074979769899483 0.0021750048577389648 0.0017084968474104368 -0.003228873849837134 0.00027907310577558568 0.005095790809252685 -2.733503490950274e-05 -0.003604064836458466 -0.00014041654601797934 0.003736792803070006
leaf_weight=198.27181774377823 360.25834345817566 380.01209458708763 265.47473154962063 196.87888531386852 209.10594594478607 246.22793626785278 287.17526526749134 197.58534617722034 7377.6164456307888 376.57722079753876 238.46326816082001 219.75876781344414 42768.360646650195 432.87653909623623
leaf_count=806 1450 1546 1079 800 844 996 1161 802 29609 1525 964 887 171678 1772
internal_value=-1.37381e-05 0.00156891 -0.000247378 -3.95596e-05 -1.89237e-05 -0.00209158 7.45354e-06 -0.000266289 -1.11541e-05 0.00146633 0.00317115 -0.00064391 -4.44953e-05 0.000479763
internal_weight=53754.6 843.759 463.747 52910.9 52550.6 640.692 51909.9 443.813 51700.8 1121.97 615.04 506.934 50578.9 7810.49
internal_count=215919 3431 1885 212488 211038 2598 208440 1798 207596 4537 2489 2048 203059 31381
is_linear=0
shrinkage=0.02


Tree=223
num_leaves=15
num_cat=0
split_feature=25 8 10 18 20 32 1 20 32 36 21 16 13 16
split_gain=6.0122 8.98664 8.29845 7.76481 9.7685 6.6516 6.49121 15.2288 17.8698 17.6076 16.4716 16.0602 12.6333 21.8174
threshold=0.28108148276805883 3.6449979234021164e-05 9.4886363513069241e-05 0.00029902062669862067 4.1136689105769626e-05 0.0033406602451577787 0.49873161315917974 7.555818228865975e-05 -0.29386541247367853 4.9104313280465283e-13 -0.58549940586090077 0.00011380522482795642 0.91666665673255932 0.00042909124749712651
decision_type=2 10 10 8 10 10 2 10 8 2 2 8 2 8
left_child=6 2 3 4 -2 -6 -1 8 -8 -9 -10 -11 13 -12
right_child=1 -3 -4 -5 5 -7 7 9 10 11 12 -13 -14 -15
leaf_value=-0.0003318758818181191 -0.002189444715348811 0.0010371100473121914 -0.0034169858912373634 -0.0028275789919129679 0.005061155466386631 0.00075632694175536194 -0.0036960717722808569 0.00086757147583554147 0.0021763226856319159 -0.0035562050732233777 0.0005066480288393407 -0.00049400784632969434 -0.0010097502708703405 0.0052007629253745446
leaf_weight=20785.73989495635 254.1397263109684 4579.430547773838 335.95343613624573 259.16621826589108 210.04305925965309 405.33761529624462 345.00495254993439 3860.0343454778194 2664.7380053251982 715.3374328315258 6657.698354408145 10232.83494232595 1989.3046629428864 401.66096062958241
leaf_count=83392 1023 18402 1350 1040 844 1628 1402 15471 10760 2874 26813 41093 7981 1616
internal_value=8.798e-06 0.000601943 -0.000754316 8.39216e-05 0.000995777 0.00233872 -6.66556e-05 0.00013863 0.00066574 -0.000290917 0.000800293 -0.000700207 0.000391161 0.00078767
internal_weight=53696.4 6044.07 1464.64 1128.69 869.52 615.381 47652.4 26866.6 12058.4 14808.2 11713.4 10948.2 9048.66 7059.36
internal_count=215689 24287 5885 4535 3495 2472 191402 108010 48572 59438 47170 43967 36410 28429
is_linear=0
shrinkage=0.02


Tree=224
num_leaves=15
num_cat=0
split_feature=9 31 0 20 33 35 35 27 3 5 5 26 36 36
split_gain=9.25155 7.80374 9.45773 12.2687 13.8293 8.95159 9.88541 13.2329 9.57431 9.25157 12.9043 13.1312 11.4228 17.7269
threshold=0.25000000745058065 -0.25496472418308253 0.086198866367340102 0.00015749743033666166 -0.13666667044162747 3.0903045693166797e-13 2.7698406990326474e-13 -0.070071097463369356 0.52467328310012828 0.0083050956018269079 0.0071215650532394656 0.13611332327127459 9.5352897669723234e-13 5.7191699835180975e-13
decision_type=2 8 2 10 10 2 2 2 2 10 10 2 2 2
left_child=-1 -2 5 4 -4 6 7 -3 -9 10 -7 -12 13 -11
right_child=1 2 3 -5 -6 9 -8 8 -10 12 11 -13 -14 -15
leaf_value=0.0021604461981005255 -0.0027476052624566278 -0.0027390425894434378 0.0023867802848560227 0.0045122439182867279 -0.00030428770811914799 -5.8074060888816375e-05 -0.0028508877285096314 -6.6741249496948997e-05 0.0042907016709073549 -0.00055023923650425021 0.0040837506887322385 -0.0017127301580294411 0.00080201061784302655 -0.0060242888613016143
leaf_weight=730.47913502156734 413.70931217074394 565.25707446038723 1094.8467725515366 323.07584458589554 2414.4114094823599 43920.02921885252 963.54417553544044 835.33865514397621 245.65514765679836 562.49375946819782 557.05677737295628 201.51701787114143 502.27474753558636 394.19914481043816
leaf_count=2960 1666 2271 4525 1317 9777 176195 3861 3350 990 2253 2233 808 2015 1580
internal_value=-4.4617e-05 -7.58159e-05 -5.37569e-05 0.000900279 0.000544061 -0.000129098 -0.00126407 -0.000312248 0.000983439 -6.43776e-05 -1.28554e-05 0.00253946 -0.00162066 -0.00288296
internal_weight=53723.9 52993.4 52579.7 3832.33 3509.26 48747.4 2609.8 1646.25 1080.99 46137.6 44678.6 758.574 1458.97 956.693
internal_count=215801 212841 211175 15619 14302 195556 10472 6611 4340 185084 179236 3041 5848 3833
is_linear=0
shrinkage=0.02


Tree=225
num_leaves=15
num_cat=0
split_feature=36 5 9 26 20 36 36 5 29 32 5 14 31 12
split_gain=6.20864 8.359 6.42459 10.1761 5.76217 15.4435 11.1752 16.8263 13.5165 12.7992 11.1597 17.9531 21.477 13.7487
threshold=2.4668688044984099e-13 0.0020523519488051538 0.25000000745058065 0.067623123526573195 0.00011193597674719059 4.4845270346597498e-13 3.7054806109344118e-13 0.0036884031724184756 0.15995067358016971 -0.13462111353874204 0.0027777699287980799 0.000461807954707183 -0.034584356471896165 0.00023661950399400669
decision_type=2 10 2 2 8 2 2 8 2 10 10 8 10 10
left_child=1 -1 3 -2 6 -6 7 8 9 -4 11 13 -13 -7
right_child=2 -3 4 -5 5 10 -8 -9 -10 -11 -12 12 -14 -15
leaf_value=-0.00033556576204990724 0.003684639826959918 0.005062147703209007 0.0010957037606415701 -0.0010878809226598186 0.0017415257292803044 0.0010482895119674469 -6.567631823981422e-05 0.0036003074435971443 0.0023664725647104495 -0.003149368042177191 -0.00049720318542037696 0.0086171826011153495 0.000796213698175607 -0.002279987392835674
leaf_weight=228.21886701881886 438.00965847074986 206.2058430314064 328.40336298942566 280.92510142922401 2491.2892070859671 2020.5274965167046 37870.333164095879 223.16867315769196 243.83087541162968 1739.3999986797571 6466.6482249349356 225.8273978382349 338.31556662917137 636.26132613420486
leaf_count=921 1777 832 1321 1136 9985 8109 152149 894 978 6975 25950 913 1362 2557
internal_value=8.72121e-06 0.00233657 -1.11202e-05 0.0018408 -3.71301e-05 0.000343862 -0.000152082 -0.00143237 -0.00194495 -0.00247114 -1.84135e-05 0.000939986 0.00411481 0.000240137
internal_weight=53737.4 434.425 53302.9 718.935 52584 12178.9 40405.1 2534.8 2311.63 2067.8 9687.58 3220.93 564.143 2656.79
internal_count=215859 1753 214106 2913 211193 48876 162317 10168 9274 8296 38891 12941 2275 10666
is_linear=0
shrinkage=0.02


Tree=226
num_leaves=15
num_cat=0
split_feature=29 8 5 5 1 34 36 2 1 18 29 32 36 5
split_gain=7.2798 13.9235 12.1937 7.43071 13.4611 12.5005 7.28068 6.21322 6.19251 6.06751 18.3407 18.813 11.6875 10.8496
threshold=-0.2231982350349426 0.00013162376126274469 0.0049555820878595122 0.002099594566971064 0.5606922209262849 -0.22111111134290692 1.1440903020971951e-12 0.063448216766119017 0.55287128686904918 0.0005082850402686746 0.018898452632129196 0.13035184890031817 2.2446662584219017e-12 0.0065836044959723958
decision_type=2 10 8 10 2 8 2 2 2 10 2 10 2 8
left_child=1 2 3 4 6 -5 -1 -6 -7 -2 12 13 -11 -12
right_child=9 -3 -4 5 7 8 -8 -9 -10 10 11 -13 -14 -15
leaf_value=-0.0040656103232420415 0.00013612031998181667 0.0029257720950941991 -0.0053301763521432632 0.0042266805191618758 0.0024324515436668624 0.00075304480524802789 -0.00036778762028003725 -0.0018520194890715156 -0.0028048316837364059 0.00062144797177878137 -0.0024480448658122946 0.0012083909851359242 -0.0029674945108705657 0.0010147542359570361
leaf_weight=773.85044813156128 40839.775102972984 313.4338947981596 265.32080838084221 235.73957724869251 328.95571206510067 416.28696267306805 296.88665106892586 202.97271075844765 338.71037048101425 4987.4679165035486 3060.8697888553143 879.10562705993652 371.5503496825695 399.03232878446579
leaf_count=3105 164037 1269 1066 953 1324 1669 1195 833 1366 20019 12275 3534 1502 1602
internal_value=-2.91959e-05 -0.00095549 -0.00139841 -0.00095845 -0.00179222 0.000399066 -0.00306585 0.000789718 -0.000874298 2.93007e-05 -0.000419886 -0.00138344 0.000362512 -0.00204514
internal_weight=53710 3172.16 2858.72 2593.4 1602.67 990.737 1070.74 531.928 754.997 50537.8 9698.03 4339.01 5359.02 3459.9
internal_count=215749 12780 11511 10445 6457 3988 4300 2157 3035 202969 38932 17411 21521 13877
is_linear=0
shrinkage=0.02


Tree=227
num_leaves=15
num_cat=0
split_feature=5 36 2 32 14 3 2 1 26 25 14 2 31 5
split_gain=7.15357 18.0045 8.82556 13.6307 8.16534 8.14417 10.6925 10.7484 10.4901 8.57464 12.2566 8.33854 8.03362 16.0076
threshold=0.00094444295973517012 5.7440128499973441e-13 0.040534200146794326 -0.06518977507948874 6.3803465309320031e-05 0.47080282866954809 0.060822697356343276 0.56147757172584545 -0.37335075438022608 0.013515721075236799 0.00015569344395771625 0.061451720073819167 -0.07900697365403174 0.0039995061233639726
decision_type=8 2 2 10 10 2 2 2 2 2 10 2 10 10
left_child=1 2 -1 -4 -2 11 7 8 -7 10 -10 -3 13 -6
right_child=4 5 3 -5 12 6 -8 -9 9 -11 -12 -13 -14 -15
leaf_value=-0.0010284059309127978 0.0015404989185460985 -0.0025543159046238747 -0.0066642748882468229 -0.001438842934207594 0.00094890615799054308 0.0049422573997626486 -0.0026661046536633425 0.0053452137751862716 0.0016252429219218759 0.0017690032641317836 -0.0027945370493646401 0.0016304598575856387 -8.1770213111157219e-05 -0.00097489166186629547
leaf_weight=2067.8186496943235 1525.4906757622957 605.3501069098711 309.74016627669334 544.59963411092758 8286.1781843155622 209.43631026148796 277.25414201617241 224.43287174403667 426.62331004440784 929.84916771948338 557.01061481237411 257.76826092600822 35333.309309974313 2167.8436150550842
leaf_count=8281 6138 2427 1247 2189 33354 841 1138 905 1710 3725 2232 1048 141855 8708
internal_value=2.56607e-05 -0.000600287 -0.00175279 -0.00344243 0.000110681 0.000369812 0.000923256 0.00136615 0.000899527 0.000410492 -0.000883396 -0.00129592 6.23923e-05 0.00054887
internal_weight=53722.7 6409.88 2922.16 854.34 47312.8 3487.72 2624.61 2347.35 2122.92 1913.48 983.634 863.118 45787.3 10454
internal_count=215798 25743 11717 3436 190055 14026 10551 9413 8508 7667 3942 3475 183917 42062
is_linear=0
shrinkage=0.02


Tree=228
num_leaves=15
num_cat=0
split_feature=18 18 20 34 1 18 20 34 32 1 0 31 31 30
split_gain=5.92982 13.2595 12.7142 18.0964 11.4164 8.9525 13.0655 14.5052 24.3701 12.2577 12.2361 12.149 12.9995 11.7655
threshold=0.00020360220514703545 0.00014763867511646825 8.6315812950488193e-05 -0.027777778916060921 0.50226989388465892 0.0005082850402686746 0.00015301542589440945 -1.2490009027033009e-15 0.10935534909367563 0.44955570995807653 0.083581853657960906 0.094684664160013213 0.050538785755634315 -0.20893239229917523
decision_type=8 10 10 10 2 10 10 8 10 2 2 10 10 2
left_child=1 2 -1 -4 -3 -2 7 13 9 -9 11 12 -8 -7
right_child=5 4 3 -5 -6 6 10 8 -10 -11 -12 -13 -14 -15
leaf_value=0.0007956212120302093 0.00027256181587650063 -0.0017283232643717224 0.0010024346996423278 -0.0048277346579067102 -0.0001614412177878474 -0.0026649728132435357 0.00056776208710433501 -0.0062118023538051846 0.001090554408981173 -0.0022832723928346253 0.004920391474808306 0.0046851333021243995 -0.0038687314702788153 0.00020374175737053677
leaf_weight=4464.1343027800322 30827.631232172251 3655.7171628475189 420.71666622161865 399.78785023093224 3774.6632196158171 636.57563138008118 1613.5810526758432 393.74370853602886 748.84292431175709 1612.5978758782148 247.0940884500742 212.97872242331505 295.18389317393303 4416.5198273211718
leaf_count=17977 123791 14675 1690 1601 15197 2565 6478 1581 3006 6460 1008 856 1185 17723
internal_value=-1.42538e-05 -0.000391252 0.000373793 -0.00188558 -0.000934911 0.000102782 -0.000411026 -0.000805432 -0.00196718 -0.00310795 0.000884894 0.000373369 -0.000151328 -0.000166733
internal_weight=53719.8 12715 5284.64 820.505 7430.38 41004.7 10177.1 7808.28 2755.18 2006.34 2368.84 2121.74 1908.76 5053.1
internal_count=215793 51140 21268 3291 29872 164653 40862 31335 11047 8041 9527 8519 7663 20288
is_linear=0
shrinkage=0.02


Tree=229
num_leaves=15
num_cat=0
split_feature=37 23 9 37 1 17 34 3 8 36 26 21 32 13
split_gain=5.44358 5.54036 13.5265 9.3954 8.59962 15.2196 7.84351 7.39255 7.17854 7.79327 6.95963 6.17386 5.69948 5.6736
threshold=-0.73851168155670155 -0.38549055159091944 0.91666665673255932 -0.17291949689388272 0.49118937551975256 0.58333334326744091 -0.038888890296220772 0.4733590036630631 0.00010098154962179252 4.508272417489898e-13 -0.16254565864801404 -0.5204574167728423 0.004479913506656886 0.91666665673255932
decision_type=2 2 2 2 2 2 8 2 10 2 2 2 10 2
left_child=-1 2 3 4 5 -2 -4 -7 9 11 12 -6 13 -11
right_child=1 -3 6 -5 8 7 -8 -9 -10 10 -12 -13 -14 -15
leaf_value=0.0030077812873671407 -0.0056720376679307858 3.4678017142925997e-05 -0.001371775318502212 -0.003724091917921789 -0.003613505183536047 0.0021608781841667064 -0.0047772627400473307 -0.001669440484697931 -0.0012817146643700162 0.0024667602019959379 -0.00060872193352768083 0.0011484185168151339 0.0045506313045529786 -0.00045947872759575647
leaf_weight=216.25192213058472 232.36881147325039 47979.703549951315 983.19055169820786 244.00955457985401 201.9297568500042 333.58493255078793 368.33650448918343 448.74871708452702 565.42265203595161 894.36772830784321 408.16100142896175 199.44497607648373 335.60792326927185 365.35115231573582
leaf_count=875 935 192670 3950 985 812 1345 1476 1797 2286 3619 1644 801 1353 1469
internal_value=-2.14427e-05 -3.47915e-05 -0.000630061 -6.99777e-05 0.000171252 -0.00140131 -0.00235601 -2.30504e-05 0.000714246 0.00119023 0.0016981 -0.00130508 0.00228852 0.00162416
internal_weight=53776.5 53560.2 5580.52 4229 3984.99 1014.7 1351.53 782.334 2970.29 2404.86 2003.49 401.375 1595.33 1259.72
internal_count=216017 215142 22472 17046 16061 4077 5426 3142 11984 9698 8085 1613 6441 5088
is_linear=0
shrinkage=0.02


Tree=230
num_leaves=15
num_cat=0
split_feature=33 1 1 1 20 12 21 20 5 5 36 30 5 5
split_gain=5.75881 15.4427 12.3336 19.4059 15.5142 13.2987 12.9013 13.0127 12.9747 14.6113 14.5202 12.4777 12.1786 14.7579
threshold=4.7184478546569161e-15 0.50693494081497203 0.49464875459671026 0.47264498472213751 0.0001797406002879143 0.0001275696049560793 0.89612564444541942 7.555818228865975e-05 0.00097683217609301231 0.0011626814375631513 5.217872303935751e-13 -0.22931775450706479 0.0015991535619832577 0.0026394118322059516
decision_type=8 2 2 2 10 10 2 10 8 10 2 2 10 10
left_child=2 -2 3 5 -5 11 7 12 -9 10 -10 -1 -4 -14
right_child=1 -3 6 4 -6 -7 -8 8 9 -11 -12 -13 13 -15
leaf_value=0.0035757777652399691 0.00079862814542264865 -0.00062425724100010759 0.00012909464731446996 -0.0012993658595264088 -0.0065459714998781574 0.00070965365019234233 -0.0020391236193418988 0.0025431465353518237 0.00099378884358487514 -0.00022098986110128362 -0.005456678992193419 -0.00097268937072952217 0.0023107992900709114 0.00010002601386291676
leaf_weight=234.15027375519276 9092.0955971032381 4569.1167353242636 6493.4032045006752 5460.548298612237 216.93686756491661 4719.0431260764599 1032.2253495454788 614.84214885532856 199.5454810410738 10663.321469947696 405.90413615107536 4954.740968734026 3042.0709477216005 1997.6262538433075
leaf_count=945 36449 18316 26143 21870 869 18988 4158 2466 800 42819 1631 19917 12272 8050
internal_value=-3.1764e-05 0.000322514 -0.000152758 -0.000592053 -0.00152211 -5.71129e-05 0.000127534 0.000224701 -0.000239612 -0.00039568 -0.00336692 -0.000754497 0.000702711 0.00143836
internal_weight=53695.6 13661.2 40034.4 15585.4 5677.49 9907.93 24448.9 23416.7 11883.6 11268.8 605.45 5188.89 11533.1 5039.7
internal_count=215693 54765 160928 62589 22739 39850 98339 94181 47716 45250 2431 20862 46465 20322
is_linear=0
shrinkage=0.02


Tree=231
num_leaves=15
num_cat=0
split_feature=26 37 26 8 18 8 18 37 18 18 3 26 34 33
split_gain=5.70691 5.7745 8.90873 10.4204 9.54605 10.9059 9.5235 7.78723 7.77929 10.1184 9.99465 11.2798 9.13313 8.76534
threshold=-0.67202508449554432 0.17220889031887057 0.28424765169620519 1.6585385310463611e-05 0.00015511866513406861 3.8967218642937958e-05 0.00017346722597721967 0.630597084760666 0.00020508756279014054 0.00013112638407619673 0.49261665344238287 0.3293010294437409 -0.18277777731418607 -0.13666667044162747
decision_type=2 2 2 10 10 10 8 2 8 10 2 2 10 10
left_child=-1 2 3 6 -4 -6 -2 8 9 12 -11 -12 -3 -10
right_child=1 7 4 -5 5 -7 -8 -9 13 10 11 -13 -14 -15
leaf_value=0.0022202473678543102 -0.00063918691937045382 -0.0015362286567885037 0.0015532187406731624 -0.00019721371626137051 -0.0040770267975182599 -0.00096262009350556502 0.0032741626638005334 -0.0019051820266028599 0.002127431267847907 -0.0024749167855814842 -0.00076706264428004695 0.0041488993563971741 0.0025793850442515785 0.00039809597937762886
leaf_weight=409.07336659729481 388.07442337274551 302.96490018069744 375.40843380987644 35543.175146877766 607.9994560033083 1652.7696570903063 645.7447988986969 620.27096520364285 1336.2399474382401 1165.844963863492 1074.4826454073191 205.10493804514408 646.24027916789055 8774.751748919487
leaf_count=1669 1564 1225 1511 142729 2442 6642 2598 2498 5401 4687 4319 824 2594 35203
internal_value=-7.71819e-05 -9.56271e-05 -0.000220504 -0.000139209 -0.00133894 -0.0018286 0.00182092 0.00025085 0.000352541 -0.000473879 -0.00115212 7.26392e-05 0.00126118 0.000630389
internal_weight=53748.1 53339.1 39213.2 36577 2636.18 2260.77 1033.82 14125.9 13505.6 3394.64 2445.43 1279.59 949.205 10111
internal_count=215906 214237 157486 146891 10595 9084 4162 56751 54253 13649 9830 5143 3819 40604
is_linear=0
shrinkage=0.02


Tree=232
num_leaves=15
num_cat=0
split_feature=2 18 23 32 16 36 27 36 1 2 1 18 32 22
split_gain=9.282 12.4773 14.7944 12.464 10.874 7.69152 6.9813 9.33137 10.074 7.29306 7.88987 7.0942 6.90356 13.1348
threshold=0.078768830746412291 0.00024477412807755178 -0.0077026674989610902 0.079050537198781981 7.3162358603440239e-05 2.4668688044984099e-13 -0.30398096144199366 6.3069186917279206e-13 0.56225091218948375 0.060211071744561202 0.50875720381736766 0.00038279812724795198 -0.17824872583150861 -0.67341405153274525
decision_type=2 10 2 10 8 2 2 2 2 2 2 10 10 2
left_child=4 2 -2 -4 -1 -6 7 8 -7 10 -9 -12 13 -8
right_child=1 -3 3 -5 5 6 12 9 -10 -11 11 -13 -14 -15
leaf_value=-0.0017788515751303424 0.0051361319921469266 -0.00011268515478311728 -0.0016612978725254832 0.0039886724663901812 0.0027213585462695635 -0.0043911773641187894 0.0039159282395979014 -0.0020052086992150418 0.000481794782888284 -0.0032909293021142062 0.0034411153791843868 -0.0010125588127146 -3.4722238550935567e-05 0.00033204920490257451
leaf_weight=1394.1283526569605 520.90785171091557 1339.1336314082146 377.3029723316431 237.89613823592663 391.89716608822346 524.13771909475327 485.18632580339909 266.11898230016232 241.2762885093689 199.15237434208393 415.75767436623573 201.77201050519943 44952.539809763432 2173.8240692466497
leaf_count=5596 2177 5506 1561 978 1579 2102 1957 1068 972 808 1672 812 180266 8746
internal_value=8.57244e-06 0.00119974 0.00272189 0.000580329 -4.94082e-05 -3.4946e-07 -2.30063e-05 -0.00122231 -0.00288195 -1.81429e-05 0.000775973 0.00199981 2.40425e-05 0.00101035
internal_weight=53721 2475.24 1136.11 615.199 51245.8 49851.7 49459.8 1848.22 765.414 1082.8 883.649 617.53 47611.6 2659.01
internal_count=215800 10222 4716 2539 205578 199982 198403 7434 3074 4360 3552 2484 190969 10703
is_linear=0
shrinkage=0.02


Tree=233
num_leaves=15
num_cat=0
split_feature=5 2 5 17 1 5 24 0 27 5 2 1 14 18
split_gain=6.813 6.59821 12.7171 15.0739 11.6937 9.81347 10.6528 9.56711 8.86417 13.1687 11.2893 10.4079 9.36303 12.0091
threshold=0.00039425591239705687 0.024435764178633693 0.00094444295973517012 0.75000000000000011 0.56306624412536632 0.00082038194523192953 -0.071440465748310075 0.071864869445562377 -0.075294464826583848 0.00099926278926432154 0.077433113008737578 0.59725773334503185 0.00058887767954729508 0.00057198264403268706
decision_type=8 2 8 2 2 10 2 2 2 10 2 2 8 10
left_child=-1 -2 3 7 5 6 -5 -3 9 -4 11 -11 13 -10
right_child=1 2 8 4 -6 -7 -8 -9 12 10 -12 -13 -14 -15
leaf_value=0.0034868786334796478 -0.00022584221037908036 -0.0016369277730896084 0.0046277747148572961 -0.0018741757687212488 0.0035909681893913528 -0.0025275546458971409 0.0023505172624716333 -0.0059306218186774232 0.00077811799391167447 -0.00063405498260812041 0.0020155886794972501 0.0026103528923134794 0.0032901826362808713 -0.00085015192358598379
leaf_weight=207.11846007406712 24504.304872095585 1366.5632212311029 207.39247718453407 365.85787044465542 333.2394357919693 551.40478660166264 610.60445336997509 232.18240040540695 13801.392187491059 7718.2045799791813 783.86670967936516 397.27226786315441 502.08502086997032 2068.368598267436
leaf_count=841 98090 5491 837 1469 1349 2212 2450 949 55571 31032 3256 1620 2033 8314
internal_value=3.02529e-05 1.55573e-05 0.000219983 -0.000914408 0.000310081 -0.000442658 0.000761776 -0.00232606 0.000374623 -0.000125415 -0.000246313 -0.000469207 0.00065258 0.000565096
internal_weight=53649.9 53442.7 28938.4 3459.85 1861.11 1527.87 976.462 1598.75 25478.6 9106.74 8899.34 8115.48 16371.8 15869.8
internal_count=215514 214673 116583 13920 7480 6131 3919 6440 102663 36745 35908 32652 65918 63885
is_linear=0
shrinkage=0.02


Tree=234
num_leaves=15
num_cat=0
split_feature=16 30 29 31 31 16 30 8 19 8 28 28 29 0
split_gain=6.73086 8.94518 8.15009 8.69159 7.89183 8.77581 11.4647 17.0746 8.55188 13.8346 7.9874 7.58465 14.7516 10.4991
threshold=7.3162358603440239e-05 -0.42759253084659571 -0.30993221700191492 -0.07900697365403174 0.17348817735910418 0.00010537125490373002 0.14303191751241687 3.9310258216573864e-05 0.91666665673255932 5.8089288359042264e-05 0.054846324026584632 -0.21395283192396161 -0.090607024729251848 0.082813467830419554
decision_type=8 2 2 10 10 10 2 10 2 10 2 2 2 2
left_child=-1 -2 -3 11 5 6 7 10 9 -9 -5 12 13 -4
right_child=1 2 3 4 -6 -7 -8 8 -10 -11 -12 -13 -14 -15
leaf_value=-0.0013876364335870092 0.0029249630157363866 -0.0022849002877035128 -0.0004198619257704836 0.0048128454933646144 0.0011180753968735864 -0.00030529820008041715 -0.0017785115484938512 -0.0016007451943059598 -0.0025873919461607874 0.0034792178332339451 0.00076829060087349617 0.00078751857413302689 -0.004293587485874318 0.0030229274839846205
leaf_weight=1482.3841664195061 386.64131535589695 626.27589260041714 2276.6524700522423 622.30898757278919 1818.5038449019194 35641.833448171616 498.68473689258099 395.44070175290108 351.2408708781004 426.83965885639191 293.10829789936543 8100.6656887382269 322.82907898724079 398.97976942360401
leaf_count=5962 1579 2524 9148 2502 7312 143065 2003 1589 1409 1717 1177 32567 1302 1628
internal_value=-6.78308e-05 -2.98045e-05 -5.29915e-05 -2.47803e-05 -0.00016206 -0.000223506 0.000896793 0.00154627 -5.94106e-05 0.00105623 0.00356193 0.000469954 -0.000387515 0.000112133
internal_weight=53642.4 52160 51773.4 51147.1 40048 38229.5 2587.62 2088.94 1173.52 822.28 915.417 11099.1 2998.46 2675.63
internal_count=215484 209522 207943 205419 160774 153462 10397 8394 4715 3306 3679 44645 12078 10776
is_linear=0
shrinkage=0.02


Tree=235
num_leaves=15
num_cat=0
split_feature=28 36 36 9 29 26 0 29 5 21 5 15 26 36
split_gain=5.54668 5.06072 6.85081 5.81772 12.1449 6.02275 17.1783 11.3312 9.78525 6.21814 6.06728 5.79001 5.64389 8.62784
threshold=0.54947867989540111 2.4668688044984099e-13 2.6709286637862517e-13 0.25000000745058065 0.017573588527739051 0.45366957783699041 0.045435907319188125 0.22679825127124789 0.001296763133723289 0.47552444040775305 0.0033471034839749341 0.75000000000000011 0.38040645420551306 1.1783564033383822e-12
decision_type=2 2 2 2 2 2 2 2 8 2 8 2 2 2
left_child=1 -1 -3 4 -4 12 8 9 -7 -8 11 -10 -5 -14
right_child=-2 2 3 5 -6 6 7 -9 10 -11 -12 -13 13 -15
leaf_value=0.0020957654970416325 -0.0031196178943650177 -0.0034963547195359726 0.0039504410907212732 -5.6580770342778177e-05 -0.0012307692390215732 0.0020975782756387385 0.0020539774893262681 -0.00050089534292929575 -0.00085835280610984473 0.0063974815259643129 0.00086060545631883782 -0.0052314839308288431 -0.0022978694946032469 0.0011802507629094664
leaf_weight=426.83299498260021 212.50457835197449 208.61372590065002 402.59463575482368 49050.21588717401 303.35716645419598 325.62144528329372 254.78091311454773 235.02085441350937 240.32641917467117 329.74175526201725 199.59664416313171 244.95702293515205 1007.3778021335602 380.59053009748459
leaf_count=1723 859 837 1636 196991 1225 1306 1031 948 964 1335 800 982 4042 1534
internal_value=-3.71946e-05 -2.38172e-05 -4.161e-05 -2.66907e-05 0.00175143 -5.13674e-05 0.00106944 0.00318521 -0.000675027 0.00463483 -0.00201536 -0.00318548 -9.24412e-05 -0.00134093
internal_weight=53822.1 53609.6 53182.8 52974.2 705.952 52268.2 1830.05 819.544 1010.5 584.523 684.88 485.283 50438.2 1387.97
internal_count=216213 215354 213631 212794 2861 209933 7366 3314 4052 2366 2746 1946 202567 5576
is_linear=0
shrinkage=0.02


Tree=236
num_leaves=15
num_cat=0
split_feature=28 9 8 18 34 19 5 30 12 5 7 34 34 0
split_gain=8.26059 5.41034 6.9499 5.85673 6.07082 8.84708 7.16365 6.95035 6.1553 5.65371 17.8095 31.0015 27.8941 17.2129
threshold=0.54947867989540111 0.25000000745058065 6.1356833612080677e-05 0.001005771919153631 -8.6042284408449622e-16 0.91666665673255932 0.0023281435715034608 -0.090830098837614046 0.00029933077166788285 0.0016546372789889576 1.0000000180025095e-35 -0.21666666120290753 -0.050000000745058053 0.037239331752061851
decision_type=2 2 8 8 8 2 10 2 8 10 2 10 10 2
left_child=1 2 -1 9 6 -6 8 -8 -5 10 -3 -12 13 -13
right_child=-2 3 -4 4 5 -7 7 -9 -10 -11 11 12 -14 -15
leaf_value=9.6041616324736402e-05 -0.0037126439142205233 -0.00044245405178508171 0.0040404661249188378 0.0016303016333213364 -0.0022848356511285333 0.0025515142882559759 -0.0019660977720385663 0.0027522509548040552 0.0064797265005926072 0.00018479957253375614 -0.0045708954436832058 0.002184242266638103 -0.00087068424910938832 0.0073441162189114033
leaf_weight=418.85509093105793 211.02722263336182 17987.483783468604 292.91035693883896 231.3299415409565 346.67523628473282 237.78566168248653 219.28827530145645 242.21167261898518 203.45729058980942 31420.615080669522 264.51722890138626 618.38574129343033 597.90531076490879 458.10893115401268
leaf_count=1697 853 72270 1189 930 1395 959 885 976 822 126168 1066 2477 2394 1842
internal_value=6.11391e-05 7.73943e-05 0.00178534 5.37156e-05 0.00128526 -0.000297867 0.00230156 0.00052172 0.00408474 1.77138e-05 -0.000245674 0.00156575 0.00257771 0.00447396
internal_weight=53750.6 53539.5 711.765 52827.8 1480.75 584.461 896.287 461.5 434.787 51347 19926.4 1938.92 1674.4 1076.49
internal_count=215923 215070 2886 212184 5967 2354 3613 1861 1752 206217 80049 7779 6713 4319
is_linear=0
shrinkage=0.02


Tree=237
num_leaves=15
num_cat=0
split_feature=31 37 14 5 25 36 36 5 24 28 33 28 5 5
split_gain=9.49067 6.18992 6.25592 9.80078 13.9982 11.8983 11.8386 11.606 12.7719 11.5773 10.8732 10.2913 14.8376 13.7075
threshold=-0.28470504283905024 -0.73851168155670155 0.00023165110178524631 0.0020218061981722717 0.022771158255636696 4.9326517805210756e-13 3.2121653698469898e-13 0.0041542444378137597 0.10440468043088914 0.070432029664516463 4.8294701571194317e-15 -0.083155628293752656 0.0054552992805838594 0.0067353982012718925
decision_type=8 2 8 10 2 2 2 10 2 2 10 2 10 10
left_child=-1 -2 -3 6 11 -6 -4 -7 9 -9 -10 13 -13 -5
right_child=1 2 3 4 5 7 -8 8 10 -11 -12 12 -14 -15
leaf_value=-0.0040268906419017713 0.0032871653232750264 -0.00015451029517009299 -0.0035635568361924194 0.00032244921228568961 0.00074828707190853353 -0.0025014681930611523 0.00094438181884486593 -0.0051069187931639306 0.0049156263848039077 0.00091218856022831933 -6.0910983915552966e-05 0.00058243185695232345 0.004028145063394206 -0.0034578399904999402
leaf_weight=213.28566309809685 210.37460766732693 35052.500434577465 220.71752737462521 2422.4040844291449 1210.4589041471481 2011.821625456214 7970.4574698954821 278.75222413241863 232.8057167083025 214.24209742248058 573.58971221745014 2000.4814602583647 650.44245989620686 435.33157835900784
leaf_count=860 852 140805 886 9744 4854 8086 32017 1119 937 860 2303 8032 2610 1748
internal_value=-1.6705e-06 1.58806e-05 1.73379e-06 0.000302139 -0.000117088 -0.000939586 0.000814528 -0.0015574 -7.99522e-05 -0.00255759 0.00146001 0.000559 0.00145172 -0.000273448
internal_weight=53697.7 53484.4 53274 18221.5 10030.3 4521.67 8191.17 3311.21 1299.39 492.994 806.395 5508.66 2650.92 2857.74
internal_count=215713 214853 214001 73196 40293 18159 32903 13305 5219 1979 3240 22134 10642 11492
is_linear=0
shrinkage=0.02


Tree=238
num_leaves=15
num_cat=0
split_feature=3 31 28 2 8 21 37 10 28 13 18 29 31 3
split_gain=7.26451 6.07421 5.43389 6.17978 7.81812 7.96957 10.3362 8.34183 7.65163 7.29162 7.05885 10.6265 12.8706 8.09229
threshold=0.38547967374324804 -0.28470504283905024 0.54947867989540111 0.053288420662283904 0.00010282656512572431 -0.28166832029819483 0.27393276989459997 8.1534752098377808e-05 -0.01449602749198675 0.75000000000000011 0.00021939510043011981 -0.20973551273345944 0.097987260669469847 0.47134633362293249
decision_type=2 8 2 2 8 2 2 10 2 2 8 2 10 2
left_child=-1 -2 3 10 5 -5 -7 9 -9 -8 11 -3 13 -13
right_child=1 2 -4 4 -6 6 7 8 -10 -11 -12 12 -14 -15
leaf_value=0.003657872902197276 -0.0032371338982639139 -0.0026140620620896068 -0.0030712622256012091 0.0011553480575934249 0.0016914277238521552 -0.00073215048687679852 0.0053207526924126834 0.0028387017634696281 -0.0015986859672949079 0.00059158693408376158 0.00010210499988774509 -0.0013619717630111397 -0.0019009640867287919 0.00024696647000881528
leaf_weight=200.47757409512997 208.04677130281925 837.60278674960136 204.47430039942265 2463.8656084984541 1799.1330998539925 3838.9699967205524 279.6648805141449 213.81658992171288 443.82017067074776 240.78965286910534 31972.49830289185 1466.9976703375578 1681.290463835001 7839.0942766368389
leaf_count=837 839 3360 825 10029 7330 15542 1137 868 1796 974 128121 5881 6734 31415
internal_value=3.49553e-05 2.00148e-05 3.39426e-05 4.70573e-05 0.000515295 0.000228683 -0.00022918 0.00139468 -0.000114762 0.00323565 -5.23453e-05 -0.000469417 -0.000301471 -9.04088e-06
internal_weight=53690.5 53490.1 53282 53077.5 9280.06 7480.93 5017.06 1178.09 657.637 520.455 43797.5 11825 10987.4 9306.09
internal_count=215688 214851 214012 213187 37676 30346 20317 4775 2664 2111 175511 47390 44030 37296
is_linear=0
shrinkage=0.02


Tree=239
num_leaves=15
num_cat=0
split_feature=18 31 14 5 37 36 26 36 19 27 11 31 11 36
split_gain=7.05927 23.6041 12.4161 11.8966 14.6731 11.7058 16.2171 13.3486 12.1034 11.5521 10.6256 10.4646 11.2698 11.1161
threshold=0.00022914223518455404 0.096269365400075926 0.00013353792746784168 0.0047772824764251718 -0.0053369316738098851 6.4972414384398279e-13 -0.17832443863153455 7.7890076116346473e-13 0.91666665673255932 0.21924985945224765 0.75000000000000011 0.0040658223442733296 0.91666665673255932 8.5893315029950134e-13
decision_type=8 10 10 8 2 2 2 2 2 2 2 8 2 2
left_child=1 3 -3 5 -5 -1 10 -8 -9 -4 -7 12 -2 -13
right_child=11 2 9 4 -6 6 7 8 -10 -11 -12 13 -14 -15
leaf_value=-0.00040535141461777488 -0.00042524443948025148 -0.00071813511267890403 -0.0048511832602289905 -0.0042804601309602936 0.00035235119772357182 0.0035781229907271943 0.0019814444337410142 -0.0012738410597247804 0.0014726555487421058 -0.00072493241048742797 0.0006100746664243319 0.0009118842184619154 0.00061246125284358831 -0.00017644384953324153
leaf_weight=6606.6916112601757 14322.489921152592 1347.2626084238291 817.24414056539536 532.9066805690527 535.49559661746025 1103.0031761676073 1112.9024512767792 2372.8366612792015 858.49698360264301 413.35619714856148 862.94023230671883 11309.111769765615 5892.3810153156519 5605.8441666066647
leaf_count=26513 57567 5417 3285 2139 2149 4473 4469 9570 3452 1662 3481 45333 23637 22546
internal_value=3.15154e-05 -0.000311608 -0.00206233 1.35814e-05 -0.00199464 0.000182515 0.000797342 0.000112371 -0.000539585 -0.00349894 0.00229458 0.000184664 -0.00012246 0.000551415
internal_weight=53693 16563.1 2577.86 13985.3 1068.4 12916.9 6310.18 4344.24 3231.33 1230.6 1965.94 37129.8 20214.9 16915
internal_count=215693 66610 10364 56246 4288 51958 25445 17491 13022 4947 7954 149083 81204 67879
is_linear=0
shrinkage=0.02


Tree=240
num_leaves=15
num_cat=0
split_feature=31 1 28 30 37 34 30 32 31 3 25 31 28 3
split_gain=5.96391 5.54147 5.49226 12.2945 9.41323 13.557 9.86821 9.25173 12.5942 12.0873 9.50449 8.25562 10.2883 8.15706
threshold=-0.28470504283905024 0.60842645168304454 -0.21041798591613767 -0.082137070596218095 0.28814934194087988 -0.3322222232818603 -0.33430701494216913 -0.072918917983770357 -0.041754916310310357 0.49424253404140478 -0.0020025568082928653 -0.16889861226081845 -0.4156374037265777 0.52233329415321361
decision_type=8 2 2 2 2 8 2 10 10 2 2 10 2 2
left_child=-1 2 3 4 5 -2 11 10 -9 -10 -8 -7 -13 -5
right_child=1 -3 -4 13 -6 6 7 8 9 -11 -12 12 -14 -15
leaf_value=-0.0032276822003394407 -0.0043268880617284376 0.0022572567980089367 6.0325867088755203e-05 -0.001093102002077617 0.002008967260228969 -0.00098486564566878658 -0.0008420578746223793 0.0029454577392108096 -0.0043802458280720134 0.00066053591788320138 -0.0047518283006817335 0.0063177492763907871 0.00030990201399610693 -0.005078444691100038
leaf_weight=210.2289029955864 326.10172429680824 410.84414464235306 45861.266975149512 513.61832240223885 654.36564666032791 237.35711546242237 2888.608549118042 588.20108187198639 244.43936917185783 664.2014375180006 254.14965490996838 227.41044522821903 215.48755638301373 339.52069562673569
leaf_count=848 1329 1707 184090 2060 2636 959 11626 2364 981 2671 1024 927 871 1370
internal_value=-1.56348e-05 -1.79233e-06 -2.01437e-05 -0.000534769 -0.000225786 -0.000490971 -0.000240507 -0.000572338 0.000715342 -0.000760649 -0.00118628 0.00197441 0.00353438 -0.00275913
internal_weight=53635.8 53425.6 53014.7 7153.46 6300.32 5645.96 5319.86 4639.6 1496.84 908.641 3142.76 680.255 442.898 853.139
internal_count=215463 214615 212908 28818 25388 22752 21423 18666 6016 3652 12650 2757 1798 3430
is_linear=0
shrinkage=0.02


Tree=241
num_leaves=15
num_cat=0
split_feature=16 20 9 30 20 36 35 35 20 20 27 35 20 34
split_gain=9.75773 10.0137 8.48985 15.2995 8.30373 6.76448 6.74157 7.766 13.8486 11.062 8.54924 8.90118 7.4509 6.79178
threshold=7.3162358603440239e-05 7.8899611253291382e-05 0.25000000745058065 -0.078838285058736787 5.7936105804401457e-05 2.4668688044984099e-13 3.1388201770805179e-13 2.7698406990326474e-13 7.2260652814293294e-05 0.00011731905760825613 -0.10335895419120787 2.2024335886950896e-13 9.3284841568674906e-05 -0.3877777755260467
decision_type=8 10 2 2 10 2 2 2 10 10 2 2 10 8
left_child=1 4 3 -2 -1 -4 7 8 10 -10 -7 -12 -9 -8
right_child=2 -3 5 -5 -6 6 13 12 9 -11 11 -13 -14 -15
leaf_value=-0.0018871909354957568 0.0059887210329920872 -0.0049368256019574888 0.0025682363979604608 -6.6670744239971446e-05 0.001605670866817753 -0.0015646882825696756 0.0030997121146317864 -0.0033268182998274867 -0.0046289653580317168 0.0011572827141284494 -2.3071978907611245e-05 0.0047155050536446669 2.5481250132573866e-05 2.2194493462766896e-05
leaf_weight=835.41751106083393 247.2641379982233 270.36221781373024 389.4966237694025 443.27848759293556 381.48976849019527 242.42347759008408 268.55799187719822 767.11404678225517 332.56780709326267 200.68817147612572 271.73674027621746 360.08812911808491 399.51356360316277 48309.320747539401
leaf_count=3365 1007 1084 1572 1793 1533 975 1093 3076 1334 805 1095 1445 1601 194028
internal_value=-7.89441e-06 -0.00159437 3.78723e-05 0.00220913 -0.000783952 7.93654e-06 -1.2555e-05 -0.00100595 -1.16283e-06 -0.00248823 0.00153757 0.00273935 -0.00219774 4.04769e-05
internal_weight=53719.3 1487.27 52232 690.543 1216.91 51541.5 51152 2574.13 1407.5 533.256 874.248 631.825 1166.63 48577.9
internal_count=215806 5982 209824 2800 4898 207024 205452 10331 5654 2139 3515 2540 4677 195121
is_linear=0
shrinkage=0.02


Tree=242
num_leaves=15
num_cat=0
split_feature=16 16 38 30 36 29 18 26 20 12 34 16 2 20
split_gain=8.94004 7.79297 19.0759 6.80554 7.49207 7.75877 5.77311 5.19759 13.7544 8.34309 5.60042 11.5286 17.1615 16.0653
threshold=0.0013909395202063026 0.00079368398291990172 -1.0000000180025095e-35 -0.48918904364109034 2.4668688044984099e-13 -0.30993221700191492 0.00028278034005779778 -0.58537012338638295 7.0937978307483731e-05 0.00011562963481992484 0.026666667312383655 0.00021816823573317381 0.032758157700300224 0.00013521018991013992
decision_type=8 10 2 2 2 2 10 2 10 10 8 10 2 10
left_child=1 3 -3 -1 -5 6 -6 8 9 -7 -9 12 13 -12
right_child=-2 2 -4 4 5 7 -8 10 -10 -11 11 -13 -14 -15
leaf_value=0.0035142526600458958 0.0039105406354904646 -0.0062284765745882729 0.00014491129456778342 0.002630042352425845 -0.0035189699867499359 0.00099320383455226671 3.4179768840726773e-05 -6.1648961747057796e-05 -0.0023773653597603632 0.0065284096459667642 0.0013032337477745216 -3.4319915150288931e-05 0.0041217592360609807 -0.0045411138239140302
leaf_weight=205.85049933195114 217.16955107450485 253.82103691995144 595.49321354925632 421.25778937339783 410.32270841300488 229.53621223568916 317.47654411196709 44039.973341614008 198.82804255187511 203.08738265931606 1237.0220079272985 4347.356077209115 762.18492846190929 201.40287387371063
leaf_count=843 883 1021 2400 1700 1656 934 1279 176890 806 829 4950 17433 3059 806
internal_value=3.61019e-05 1.88946e-05 -0.00185928 4.99311e-05 3.49771e-05 1.29288e-05 -0.00200957 4.24406e-05 0.0018175 0.00376526 1.95743e-05 0.000564386 0.0017368 0.000433878
internal_weight=53640.8 53423.6 849.314 52574.3 52368.4 51947.2 727.799 51219.4 631.452 432.624 50587.9 6547.97 2200.61 1438.42
internal_count=215489 214606 3421 211185 210342 208642 2935 205707 2569 1763 203138 26248 8815 5756
is_linear=0
shrinkage=0.02


Tree=243
num_leaves=15
num_cat=0
split_feature=5 0 20 5 37 36 31 35 27 20 5 24 23 32
split_gain=7.67845 12.3343 9.65272 12.4232 14.8915 14.6315 21.3929 19.0377 17.8767 22.3697 14.0231 11.0861 13.1514 12.1734
threshold=0.00978628918528557 0.066011156886816039 0.00011193597674719059 0.0034608350833877925 0.37239721417427069 1.9653163645105835e-12 -0.023509507998824116 1.2197595906406069e-12 0.1391318961977959 0.00019018566672457385 0.0056560111697763213 -0.36340053379535669 -0.134448766708374 -0.037156840786337846
decision_type=8 2 10 10 2 2 10 2 2 10 10 2 2 10
left_child=2 -2 11 4 -4 7 -7 8 9 -5 -11 12 13 -1
right_child=1 -3 3 5 -6 6 -8 -9 -10 10 -12 -13 -14 -15
leaf_value=-0.0003149250840350939 -0.0026299169260904482 0.002586640581602029 0.0015163460568937599 0.001074304216669921 -0.0025003387537814283 0.0012891226252761568 -0.005885630935224863 0.0032091922442273385 -0.0031798080668260162 -0.0052146382244981603 0.00016855300846576858 -0.00022909855709681847 0.0041894578624852774 0.0015583402830649687
leaf_weight=3406.5039986819029 897.90380784869194 208.86911252140999 5219.8404090255499 3080.5978607237339 379.37173539400101 278.62428826093674 371.05115641653538 738.08798110485077 669.99865871667862 397.48303808271885 358.62131044268608 34983.957492470741 382.40275913476944 2315.2282545417547
leaf_count=13746 3600 843 20957 12348 1525 1121 1494 2965 2687 1596 1440 140492 1551 9316
internal_value=1.65945e-05 -0.00161701 5.15815e-05 0.000563399 0.00123627 -7.77843e-05 -0.00286201 0.000276662 -0.000215672 0.000315757 -0.00272284 -9.1795e-05 0.000693296 0.000445856
internal_weight=53688.5 1106.77 52581.8 11493.7 5599.21 5894.46 649.675 5244.79 4506.7 3836.7 756.104 41088.1 6104.14 5721.73
internal_count=215681 4443 211238 46133 22482 23651 2615 21036 18071 15384 3036 165105 24613 23062
is_linear=0
shrinkage=0.02


Tree=244
num_leaves=15
num_cat=0
split_feature=32 28 14 18 5 32 0 20 5 14 18 29 36 35
split_gain=5.01785 4.90172 5.04452 9.47718 16.1808 10.9208 11.995 10.2863 9.25622 8.67283 9.211 12.7524 12.3863 30.4069
threshold=-0.37761780619621271 0.54947867989540111 0.00010373405530117453 0.00022914223518455404 0.0065836044959723958 -0.23089396208524701 0.0079151126556098478 2.7485407372296326e-05 0.002584213856607676 0.00010773691974463874 0.0005082850402686746 0.036939119920134551 7.9171597663213477e-13 1.3312354690819819e-12
decision_type=10 2 10 8 8 10 2 10 10 10 10 2 2 2
left_child=-1 2 -2 4 5 -4 -7 -5 -8 -9 11 12 -11 -14
right_child=1 -3 3 7 -6 6 8 9 -10 10 -12 -13 13 -15
leaf_value=0.0029130665553366475 0.0004502577108122981 -0.0029286987880866918 0.002888029969522189 -0.0041770889432994496 -0.0045829697685259305 0.0013666088401673732 -0.0012140549375672127 -0.0027101256779819274 0.00013013160504715007 0.00045883944658021687 -0.00036040753156300182 0.00098635077310634087 -0.0023870609849601806 0.0006118840744565485
leaf_weight=215.74631427228451 8409.5482126325369 209.36665233969688 361.51156382262707 204.8805103302002 370.68450027704239 1137.8922754228115 6486.941910892725 409.17254464328289 2985.8545399010181 9189.5495342314243 9837.8266722112894 8469.7523701190948 2447.0722721219063 2979.0967540293932
leaf_count=880 33815 846 1464 827 1487 4556 26102 1643 11992 36854 39502 33984 9837 12002
internal_value=1.59823e-06 -1.12271e-05 1.32962e-06 -8.29525e-05 -0.000582152 -0.000438895 -0.000557466 8.61312e-05 -0.000790982 0.000114824 0.000151557 0.000369853 1.17351e-05 -0.000744368
internal_weight=53714.9 53499.2 53289.8 44880.2 11342.9 10972.2 10610.7 33537.4 9472.8 33332.5 32923.3 23085.5 14615.7 5426.17
internal_count=215791 214911 214065 180250 45601 44114 42650 134649 38094 133822 132179 92677 58693 21839
is_linear=0
shrinkage=0.02


Tree=245
num_leaves=15
num_cat=0
split_feature=31 37 12 2 0 35 21 23 4 0 36 16 33 31
split_gain=7.14179 13.5094 11.5149 10.9723 11.4223 10.6481 10.6472 10.2023 8.47493 10.182 17.6609 13.302 10.8162 11.4202
threshold=-0.055580521002411835 -0.46631428599357599 0.00033567826903890824 0.0074436687864363202 0.036595599725842483 7.0214317758436627e-13 -0.9989713430404662 -0.13776537775993344 1.0000000180025095e-35 0.043395206332206733 1.3545472252532444e-12 7.6051270298194154e-05 -0.18333333730697629 -0.099983874708414064
decision_type=10 2 8 2 2 2 2 2 2 2 2 10 10 10
left_child=1 6 3 4 -3 -4 -1 -7 -5 10 -10 -11 13 -13
right_child=-2 2 5 8 -6 7 -8 -9 9 11 -12 12 -14 -15
leaf_value=-0.0057138586434789381 -8.1484951408028824e-05 -0.0018139196530794603 0.00051354515457427007 -0.00080532244444147302 0.0016420889739886017 0.0013537677105074214 -0.00053121536323002703 0.0074432154654006759 0.00086508328478153039 -0.0043328909228318871 0.0038217825239585282 0.00070333033498925395 -5.5489422007291761e-06 0.0043301087320931344
leaf_weight=219.0057023614645 37167.319732114673 1524.0526696443558 461.79665538668633 1471.8344304710627 491.23194716870785 207.73529848456383 485.20378541946411 242.94613446295261 3839.9543817341328 220.15788158774376 1010.2040880173445 1080.368718072772 4893.5692565739155 498.96434876322746
leaf_count=887 149220 6101 1861 5893 1967 843 1957 982 15395 892 4062 4394 19699 2033
internal_value=7.27344e-05 0.00041674 0.000537489 0.00040311 -0.000963649 0.00269485 -0.00225628 0.00481316 0.000615896 0.00079819 0.00149408 0.000290963 0.000461093 0.00188897
internal_weight=53814.3 16647 15942.8 15030.3 2015.28 912.478 704.209 450.681 13015.1 11543.2 4850.16 6693.06 6472.9 1579.33
internal_count=216186 66966 64122 60436 8068 3686 2844 1825 52368 46475 19457 27018 26126 6427
is_linear=0
shrinkage=0.02


Tree=246
num_leaves=15
num_cat=0
split_feature=36 8 20 8 30 36 16 5 16 20 32 20 16 16
split_gain=6.88051 5.90163 6.93819 7.27922 9.19402 6.70928 12.3316 10.1494 6.08908 11.5694 5.78859 8.21413 8.33498 5.97201
threshold=5.2700701875380015e-12 0.00016492149734403941 5.7936105804401457e-05 0.00017866450798464942 -0.13043195754289624 3.237271670349096e-12 0.00026013181195594376 0.0020523519488051538 0.00085438319365493964 0.00011576852193684319 0.011015254072844984 0.00010259271948598327 0.00045661200419999664 0.00057261416804976772
decision_type=2 8 10 10 2 2 10 8 10 10 10 10 10 10
left_child=1 5 -3 -4 -5 8 7 -7 -1 -10 11 -6 -13 -12
right_child=-2 2 3 4 10 6 -8 -9 9 -11 13 12 -14 -15
leaf_value=-3.9160609707256489e-05 -0.003500884969207941 0.0031871798767989213 0.0024977789709250335 0.0025213796664635803 -0.0047876999291496993 0.00037116353642524346 -0.0013458944670766179 0.006318734075486868 -0.005656828463483519 0.00076034567490648622 -0.00098672858996711019 0.0023187207130095653 -0.002812896636379238 0.0024816497124419243
leaf_weight=49487.43076364696 203.09542895853519 427.59543764591217 532.64531750977039 399.86092203855515 260.48566974699497 201.8291108161211 289.93069650232792 254.37014125287533 199.61794865131378 221.64412868022919 494.86510519683361 217.22977738082409 252.15729865431786 303.80996243655682
leaf_count=198711 830 1734 2143 1620 1049 823 1175 1029 802 893 1992 873 1016 1226
internal_value=4.15245e-06 1.87496e-05 0.000894838 0.000474074 -0.000104794 -3.15438e-05 0.00182589 0.00381354 -6.00326e-05 -0.00239905 -0.000815481 -0.00207817 -0.000440307 0.000361011
internal_weight=53746.6 53543.5 2888.65 2461.05 1928.41 50654.8 746.13 456.199 49908.7 421.262 1528.55 729.873 469.387 798.675
internal_count=215916 215086 11653 9919 7776 203433 3027 1852 200406 1695 6156 2938 1889 3218
is_linear=0
shrinkage=0.02


Tree=247
num_leaves=15
num_cat=0
split_feature=5 29 3 30 34 30 17 5 34 0 5 24 27 32
split_gain=8.52434 6.36367 12.4589 8.369 10.8726 5.52462 6.54048 9.51926 5.55379 6.27338 11.0079 9.14777 7.19773 7.00761
threshold=0.00039425591239705687 -0.30993221700191492 0.54398977756500255 -0.36972333490848536 -0.27666667103767389 -0.29019676148891443 0.91666665673255932 0.0021748989820480351 -0.3877777755260467 0.1037161946296692 0.0020660310983657841 0.012571254745125772 -0.08267411962151526 0.2932868897914887
decision_type=8 2 2 2 8 2 2 10 8 2 10 2 2 10
left_child=-1 2 -2 4 -3 6 7 -5 -7 13 11 -11 -12 -10
right_child=1 3 -4 5 -6 8 -8 -9 9 10 12 -13 -14 -15
leaf_value=0.0038448487268623183 0.00030138551363176639 -0.000542644909423811 -0.0045346707570788798 -0.0043452465207509247 0.0053462034944933142 0.0029015188711153032 0.00079570544954104053 0.00042036883560560479 -4.8306038089474345e-05 0.0066666655374573759 0.0025458816094879001 0.00098220813388890413 -0.0016375527274969804 -0.0027404831244347496
leaf_weight=205.30670958757401 497.66362136602402 233.07466146349907 349.6458838135004 428.69409018754959 243.29078431427479 238.8221223950386 329.11894647777081 262.45025703310966 49434.517655819654 207.67674985527992 232.23250803351402 241.59663724899292 453.34143196046352 369.80507223308086
leaf_count=834 2001 957 1418 1736 990 969 1325 1061 198403 860 956 989 1851 1490
internal_value=-3.7234e-05 -5.35561e-05 -0.00175278 -2.55679e-05 0.00255916 -5.01274e-05 -0.00149304 -0.00257466 -2.07901e-05 -3.56243e-05 0.00142168 0.00378199 -0.000188453 -6.93879e-05
internal_weight=53727.2 53521.9 847.31 52674.6 476.365 52198.3 1020.26 691.144 51178 50939.2 1134.85 449.273 685.574 49804.3
internal_count=215840 215006 3419 211587 1947 209640 4122 2797 205518 204549 4656 1849 2807 199893
is_linear=0
shrinkage=0.02


Tree=248
num_leaves=15
num_cat=0
split_feature=4 34 0 5 20 16 29 20 18 3 14 5 5 35
split_gain=7.59696 8.33794 11.7844 9.97657 11.2941 10.0834 16.6609 15.9961 13.553 13.6219 12.7179 10.2317 11.0002 10.5026
threshold=1.0000000180025095e-35 0.026666667312383655 0.0064226624090224513 0.00097683217609301231 7.0611135015496998e-05 0.00021816823573317381 0.13652865588665011 0.00012214886373840275 0.00026418863853905355 0.42794953286647802 0.00016483051149407404 0.0015650531277060511 0.0028896805597469215 4.1227795916781723e-13
decision_type=2 8 2 10 10 10 2 10 10 2 10 10 10 2
left_child=-1 -2 -3 -4 -5 6 7 -6 -7 -10 -8 -11 -13 -14
right_child=1 2 3 4 5 8 10 -9 9 11 -12 12 13 -15
leaf_value=-0.00045237997950852121 8.0077361326456899e-05 -0.0025465001394794264 -0.0018374191827439574 0.0037584090458706717 0.0062951954480038631 -0.0030655479336773373 -0.0024536128039715655 -2.7500554129617071e-05 -0.0038681100287957623 -0.001505225861796803 0.0033865720716109689 0.0035926930574827895 0.0044026735300283807 -0.00018058203571904053
leaf_weight=8906.2150774151087 38913.124861180782 356.73614074289799 406.76667284965515 661.35163740813732 510.51396109163761 383.26655806601048 350.94166448712349 228.95784096419811 205.6497755497694 429.054358959198 229.46911676228046 833.95554222166538 224.86726966500282 1083.5742741674185
leaf_count=35650 156490 1428 1630 2654 2045 1536 1406 918 834 1722 920 3348 902 4348
internal_value=8.04965e-05 0.000186543 0.000885489 0.00111451 0.00135425 0.00098424 0.00243868 0.00438837 0.000365299 0.000857323 -0.000108762 0.00126217 0.00182519 0.000661516
internal_weight=53724.4 44818.2 5905.1 5548.37 5141.6 4480.25 1319.88 739.472 3160.37 2777.1 580.411 2571.45 2142.4 1308.44
internal_count=215831 180181 23691 22263 20633 17979 5289 2963 12690 11154 2326 10320 8598 5250
is_linear=0
shrinkage=0.02


Tree=249
num_leaves=15
num_cat=0
split_feature=20 20 34 34 12 5 34 12 1 28 37 20 26 20
split_gain=5.48036 11.1742 10.2263 9.11261 6.32558 6.55844 5.57472 8.81731 11.5999 15.1142 12.613 10.7629 9.33495 7.65208
threshold=2.6147035896428864e-05 2.7485407372296326e-05 -0.27666667103767389 -0.19444444030523297 3.2790539989946417e-05 0.0012672850862145426 -0.13222222775220868 0.00015799735410837459 0.54559078812599193 -0.17359852045774457 0.216959223151207 8.0891175457509248e-05 -0.24045270681381223 8.0891175457509248e-05
decision_type=10 8 10 10 10 8 10 10 2 2 2 10 2 10
left_child=2 -2 -1 -4 5 -3 7 -6 9 11 13 12 -9 -11
right_child=1 4 3 -5 6 -7 -8 8 -10 10 -12 -13 -14 -15
leaf_value=0.0051602796698302167 -0.0044976149859302502 -0.0047997970730831721 -0.0029256683433020779 0.0025992551102295238 -7.1133940168597849e-06 -0.00047906320122717013 -0.00015456080612857477 0.0019668630666150209 0.0029216659829629332 0.0034752536691434045 -0.0011664494241834717 -0.0056132304910690546 -0.0034161432606329744 -0.00025832684962845068
leaf_weight=209.3581303358078 208.55140940845013 205.55800022184849 209.20888620615005 229.29063226282597 8561.4180720448494 386.32868897914886 40349.24236510694 282.77108608186245 1049.2781967222691 878.70075139403343 507.06420269608498 208.64708657562733 204.57334341108799 287.08062428236008
leaf_count=847 841 827 845 923 34573 1555 161785 1142 4282 3545 2050 842 825 1160
internal_value=-6.22113e-05 -8.48125e-05 0.00173829 -4.93332e-05 -6.57299e-05 -0.00208746 -4.20735e-05 0.00033643 0.00119195 0.000407721 0.00143492 -0.00203231 -0.000338361 0.00256699
internal_weight=53777.1 53129.2 647.858 438.5 52920.7 591.887 52328.8 11979.5 3418.12 2368.84 1672.85 695.992 487.344 1165.78
internal_count=216042 213427 2615 1768 212586 2382 210204 48419 13846 9564 6755 2809 1967 4705
is_linear=0
shrinkage=0.02


Tree=250
num_leaves=15
num_cat=0
split_feature=32 18 16 36 2 36 16 18 34 16 2 7 15 1
split_gain=5.92807 13.598 12.6468 13.2439 13.0632 9.68226 9.34535 10.0575 11.5585 11.27 10.9808 8.56948 12.493 11.9813
threshold=0.13035184890031817 0.00024042227596510204 0.00018620285118231553 5.1514933811780416e-13 0.027113968506455425 3.9066138019829005e-13 7.3162358603440239e-05 0.0005082850402686746 -1.4155343563970744e-15 0.00026171418721787637 0.022112675942480568 1.0000000180025095e-35 0.58333334326744091 0.54493898153305065
decision_type=8 10 10 2 2 2 8 10 8 10 2 2 2 2
left_child=6 2 3 -2 -5 -3 -1 -8 11 10 -10 12 -9 -13
right_child=1 5 -4 4 -6 -7 7 8 9 -11 -12 13 -14 -15
leaf_value=-0.0017969401581144854 -0.0028289455325062759 0.0050392721464672672 -0.00310632456769828 -0.0012944682526309765 0.0032788387231651407 0.0010031477910737892 5.1679914647449309e-05 -0.0019422579221723851 -0.0010498913719850238 -0.0010975368938407261 -0.0067460454453238203 -0.0001714571418499668 0.00075555029514677336 -0.0038900581557748306
leaf_weight=1303.9451698809862 371.47053098678589 238.96523013710976 609.93228115141392 397.72229151427746 614.69621469080448 3226.4606399983168 37728.423874884844 821.03025658428669 254.16094380617142 2596.4201766252518 292.3886611610651 998.18327130377293 3724.9289182424545 512.53555388748646
leaf_count=5244 1490 960 2453 1592 2484 12970 151568 3303 1017 10416 1172 3999 14967 2060
internal_value=-6.90256e-05 0.000554418 -0.000756713 0.00030835 0.00149197 0.00130879 -0.000139792 -9.30005e-05 -0.00068517 -0.00166516 -0.00422775 -0.000172822 0.000261935 -0.00146739
internal_weight=53691.3 5459.25 1993.82 1383.89 1012.42 3465.43 48232 46928.1 9199.65 3142.97 546.55 6056.68 4545.96 1510.72
internal_count=215695 21949 8019 5566 4076 13930 193746 188502 36934 12605 2189 24329 18270 6059
is_linear=0
shrinkage=0.02


Tree=251
num_leaves=15
num_cat=0
split_feature=18 18 35 36 36 20 12 33 36 20 20 20 20 18
split_gain=5.53379 9.76788 9.58393 9.51728 12.1872 7.84717 7.44421 7.40579 10.888 12.9692 19.9831 14.3622 14.3821 14.4774
threshold=0.00020360220514703545 0.00014763867511646825 4.8632167628896727e-13 2.2057041523110281e-12 1.5896526716491224e-12 2.7485407372296326e-05 0.00013586064596893269 -0.18333333730697629 4.8887727633478716e-13 9.5738312666071592e-05 4.5901186240371323e-05 5.4112490033730871e-05 8.5502822912530987e-05 0.00042758752533700323
decision_type=8 8 2 2 2 8 10 10 2 10 10 10 10 10
left_child=1 2 -1 4 -3 -2 -6 -7 9 10 -9 -12 13 -13
right_child=5 3 -4 -5 6 7 -8 8 -10 -11 11 12 -14 -15
leaf_value=-0.0010210370629354338 -0.0028302246900982976 -0.00089027379063065471 0.00082857828009906716 -0.003191055021326434 0.0036327569809670142 0.00077731343481987614 -0.00098706693491547206 0.0033129671399864525 -0.00021236023431165749 0.0013921094030944021 -0.0033792255319498822 0.0014086047765433036 -0.0024327510444288399 -0.0014085664417886499
leaf_weight=1584.7671851813793 344.65026648342609 6281.8293351531029 3698.683746278286 616.82775950431824 387.97429533302784 5798.3576537370682 201.17611625790596 593.16327491402626 25150.882173597813 4299.716763868928 593.53158161044121 2226.8226787596941 821.28099209070206 1061.9493823796511
leaf_count=6363 1391 25231 14902 2494 1566 23439 812 2381 100917 17232 2380 8924 3290 4256
internal_value=-2.2816e-05 -0.000385893 0.000272029 -0.000849616 -0.000630766 9.07168e-05 0.00207462 0.000116929 6.34539e-06 0.000578789 -8.4189e-05 -0.000524814 -9.82408e-05 0.00049592
internal_weight=53661.6 12771.3 5283.45 7487.81 6870.98 40890.4 589.15 40545.7 34747.3 9596.46 5296.75 4703.58 4110.05 3288.77
internal_count=215578 51368 21265 30103 27609 164210 2378 162819 139380 38463 21231 18850 16470 13180
is_linear=0
shrinkage=0.02


Tree=252
num_leaves=15
num_cat=0
split_feature=5 5 24 0 30 5 30 5 5 3 2 35 34 34
split_gain=5.85774 8.35102 12.5544 12.2041 5.76103 11.0664 6.78688 10.3699 7.12302 24.8023 13.4753 5.52812 5.57488 9.01451
threshold=0.00039425591239705687 0.00058565719518810521 -0.20938622951507566 0.038860032334923751 -0.36972333490848536 0.0025648311711847786 -0.26737269759178156 0.00098875298863276861 0.0021138062002137308 0.53354194760322582 0.024919435381889347 1.6383866241779721e-13 -0.37666666507720942 -0.34333333373069758
decision_type=8 8 2 2 2 8 2 8 10 2 2 2 8 8
left_child=-1 2 -2 -4 5 -3 7 -6 10 -10 -9 -8 -13 -14
right_child=1 4 3 -5 6 -7 11 8 9 -11 -12 12 13 -15
leaf_value=0.0031190619118202107 -0.0055113908356378199 0.0030486547519831216 -0.0026646863736175409 0.0029761102546722261 0.0025548879137477858 -0.0020532467347769883 0.0026983599417164539 -0.0067130896566796865 0.0029628197359933208 -0.003846500497366072 -0.0012275187480283525 0.0027856195707518269 -0.0033520067896442287 -1.3326311092733304e-05
leaf_weight=213.90719218552113 257.11511187255383 585.19126231968403 351.01348324120045 241.80346375703812 233.88974869251251 220.42977701127529 281.20134352147579 258.12122395634651 405.6302588135004 410.6378366202116 536.82023420929909 261.83008714020252 305.62517461180687 49222.109414249659
leaf_count=869 1034 2385 1406 972 943 894 1137 1035 1629 1663 2176 1063 1240 197633
internal_value=-3.90856e-05 -5.28552e-05 -0.00199644 -0.000341829 -2.07772e-05 0.00163678 -4.71192e-05 -0.00123172 -0.00180599 -0.000472794 -0.00312975 -2.99242e-06 -1.93264e-05 -3.52733e-05
internal_weight=53785.3 53571.4 849.932 592.817 52721.5 805.621 51915.9 1845.1 1611.21 816.268 794.941 50070.8 49789.6 49527.7
internal_count=216079 215210 3412 2378 211798 3279 208519 7446 6503 3292 3211 201073 199936 198873
is_linear=0
shrinkage=0.02


Tree=253
num_leaves=15
num_cat=0
split_feature=31 25 36 20 32 16 20 16 27 8 14 3 20 20
split_gain=6.27899 12.7605 9.16571 8.85499 8.74592 9.62566 15.1285 14.648 8.16578 10.6828 16.7926 5.92873 18.1853 17.1071
threshold=-0.17293942719697949 -0.063836518675088869 2.0304014546057573e-12 6.8964363890700056e-05 -0.21630679816007611 0.00032834301237016922 5.9306517869117677e-05 0.00013963349920231852 -0.30398096144199366 4.4381247789715424e-05 0.00015840808919165286 0.49342565238475805 7.0937978307483731e-05 0.00015532915131188932
decision_type=8 2 2 10 10 10 8 10 2 10 10 2 8 8
left_child=1 2 8 -3 5 6 7 -2 -1 -10 -11 13 -13 -6
right_child=4 3 -4 -5 11 -7 -8 -9 9 10 -12 12 -14 -15
leaf_value=-0.0015341927371086859 -0.0034537862592096424 -0.0010855378933906181 -0.0033735421271291824 -0.0058090948946932968 -0.0003902135907337695 -0.0019096510930907903 0.0059369792074058661 0.0034158134580621548 -0.0011555263845776582 0.006867128651135165 0.0005244538789008163 0.00084269608952371059 -0.00018816873158665378 0.0016711664352528296
leaf_weight=530.20914542675018 199.29857404530048 347.8372063934803 273.01109053194523 290.93304266035557 19749.022147148848 198.30003923177719 339.86776679754257 266.63733430206776 393.26921837031841 247.97200611233711 452.76019528508186 11252.60191257298 17413.411014005542 1733.4347674399614
leaf_count=2138 811 1403 1106 1170 79268 806 1378 1083 1584 999 1824 45286 69865 6968
internal_value=1.76672e-05 -0.000949752 -0.000115801 -0.00334797 6.59813e-05 0.00189565 0.00285566 0.000456211 0.000466162 0.00144578 0.00289725 2.86055e-05 0.000216794 -0.00022248
internal_weight=53688.6 2535.99 1897.22 638.77 51152.6 1004.1 805.804 465.936 1624.21 1094 700.732 50148.5 28666 21482.5
internal_count=215689 10224 7651 2573 205465 4078 3272 1894 6545 4407 2823 201387 115151 86236
is_linear=0
shrinkage=0.02


Tree=254
num_leaves=15
num_cat=0
split_feature=10 33 12 26 20 5 20 20 2 2 17 10 29 16
split_gain=6.97761 11.3033 9.47873 10.0306 11.0461 9.18988 8.65543 8.83031 9.58064 8.91619 8.86573 8.70368 8.42699 9.41981
threshold=9.2151087301317616e-05 0.14333333820104602 0.00018681660731090235 -0.58537012338638295 3.5091263271169744e-05 0.00082038194523192953 3.8231151847867302e-05 0.00011576852193684319 0.022112675942480568 0.0028077586321160202 0.91666665673255932 0.00012361109111225235 0.14658071100711825 8.5376439528772621e-05
decision_type=10 10 8 2 8 8 8 10 2 2 2 10 2 10
left_child=1 12 5 -4 -5 -2 -7 8 9 -8 -9 -12 -1 -14
right_child=2 -3 3 4 -6 6 7 10 -10 -11 11 -13 13 -15
leaf_value=0.00032125725741557809 0.0011066897790888821 0.0037977446836636843 0.0044814521274689576 -0.0041838605299386582 0.00017307450384338263 0.0014616508478070586 0.0004567397587828908 0.00084739562571480617 -0.00055439915560351186 -0.0020469118535654069 -0.0028853282894545419 0.00016824848043471354 -0.0040934739727774942 -0.00042983969275202046
leaf_weight=19498.556208118796 1237.9596964120865 328.7399637401104 191.90869650244713 217.02268852293491 12951.42606061697 710.9835479259491 649.14920052886009 2300.5378784835339 6866.8019861578941 4239.9114205688238 623.10116884112358 885.32268151640892 293.95294708013535 2721.8946681022644
leaf_count=78337 4970 1318 784 877 52053 2871 2598 9226 27644 16970 2497 3550 1181 10929
internal_value=-4.0458e-05 0.00022443 -0.000236462 0.000164645 9.50342e-05 -0.000542284 -0.000668912 -0.000767984 -0.00103874 -0.00171398 6.87327e-05 -0.00111438 0.00016893 -0.000811547
internal_weight=53717.3 22843.1 30874.1 13360.4 13168.4 17513.8 16275.8 15564.8 11755.9 4889.06 3808.96 1508.42 22514.4 3015.85
internal_count=215805 91765 124040 53714 52930 70326 65356 62485 47212 19568 15273 6047 90447 12110
is_linear=0
shrinkage=0.02


Tree=255
num_leaves=15
num_cat=0
split_feature=2 14 29 14 34 8 26 28 34 35 16 36 36 0
split_gain=7.48161 5.86119 10.5184 10.5573 11.2481 9.54781 8.55415 8.51771 12.9911 11.8794 9.19696 7.88557 8.25688 7.76766
threshold=0.12042322382330896 0.00010373405530117453 0.13652865588665011 9.3383339844876914e-05 -0.17555555701255796 2.3764247089275162e-05 0.062350289896130569 -0.26340672373771662 -0.22833333164453504 1.1094187092434984e-12 9.7778549388749539e-05 7.0262632517748013e-13 5.0865019661505705e-13 0.088239517062902464
decision_type=2 10 2 8 8 10 2 2 10 2 10 2 2 2
left_child=1 2 7 4 -4 -3 -6 11 9 10 -9 12 -1 -10
right_child=-2 5 3 -5 6 -7 -8 8 13 -11 -12 -13 -14 -15
leaf_value=-0.00012058364574130925 0.0037014985866340882 -0.0012591084400427578 -0.0057091964063276813 0.0019409010966717317 0.0023083857463025883 -2.0395913826046345e-05 -0.0022067540821488589 0.002084512872825562 0.00052264540208709915 0.00032227351587526675 0.0079760330766674124 0.00087765091146740849 -0.0054909345382890776 0.0039288994852620428
leaf_weight=224.3331835269928 199.05913177132607 2624.3585419803858 243.35510794818401 319.81717462837696 219.87262523174286 42374.687006831169 547.34763480722904 209.39309561252594 5283.924526616931 297.22584921121597 242.44357468187809 420.71277530491352 215.91002467274666 262.95794235169888
leaf_count=904 840 10549 982 1284 882 170164 2195 845 21196 1206 979 1706 870 1075
internal_value=1.29182e-05 -2.18801e-06 0.000479252 -0.00114209 -0.0021365 -9.31653e-05 -0.000887018 0.000782986 0.00103824 0.00347652 0.00544983 -0.00106479 -0.00287854 0.000697659
internal_weight=53685.4 53486.3 8487.29 1330.39 1010.58 44999 767.22 7156.9 6295.94 749.063 451.837 860.956 440.243 5546.88
internal_count=215677 214837 34124 5343 4059 180713 3077 28781 25301 3030 1824 3480 1774 22271
is_linear=0
shrinkage=0.02


Tree=256
num_leaves=15
num_cat=0
split_feature=5 18 14 36 18 5 30 18 34 32 34 36 5 5
split_gain=7.84275 8.6538 9.11092 12.6785 9.73043 7.77942 10.7128 6.17951 5.5458 6.33053 11.0903 9.74255 24.5184 12.5413
threshold=0.0083050956018269079 0.00067693734308704745 0.00013700323324883359 9.6453303243676534e-13 0.0003183126100338996 0.0073397257365286359 -0.064144570380449281 0.00043362205906305468 0.11666666716337205 -0.0086612715385854227 -0.34333333373069758 4.508272417489898e-13 0.0017453533946536484 0.0027315481565892701
decision_type=10 10 10 2 10 10 2 10 10 10 10 2 10 8
left_child=5 2 -2 4 -4 8 -7 -6 9 10 -1 12 -12 -13
right_child=1 -3 3 -5 7 6 -8 -9 -10 -11 11 13 -14 -15
leaf_value=-0.0023735920423025229 0.001540135134697403 0.0011922868149126077 -0.0077899782272530631 0.00010853908179266688 2.6862527087264376e-05 -0.0014709716003764085 0.0039374955088249666 -0.0045251582018640832 0.0030887884895951781 -0.00025675925791756687 -0.00051744239649874021 0.00041569848076257769 0.0023293751984831321 -0.00062869208351437904
leaf_weight=639.38014936447144 207.9185426980257 386.709626480937 221.84868450462818 365.246771261096 202.36525140702724 205.50592716038227 424.9279813170433 269.76547755300999 208.86909560859203 25274.284671753645 2179.4725147038698 13583.416116312146 2683.9210426211357 6928.432183355093
leaf_count=2605 834 1554 889 1467 811 825 1704 1081 839 101458 8746 54659 10772 27822
internal_value=-3.34037e-05 -0.00138095 -0.00217257 -0.00291639 -0.00446688 9.86261e-06 0.00218345 -0.00265227 -1.75837e-05 -3.14331e-05 0.00018751 0.00025386 0.00105671 6.26585e-05
internal_weight=53782.1 1653.85 1267.14 1059.23 693.979 52128.2 630.434 472.131 51497.8 51288.9 26014.6 25375.2 4863.39 20511.8
internal_count=216066 6636 5082 4248 2781 209430 2529 1892 206901 206062 104604 101999 19518 82481
is_linear=0
shrinkage=0.02


Tree=257
num_leaves=15
num_cat=0
split_feature=1 29 29 35 5 5 29 5 20 35 31 5 20 35
split_gain=8.04015 12.1093 8.58174 6.91253 9.89594 25.0888 17.2461 14.4726 15.0644 14.8592 16.9398 11.4841 11.2254 11.0484
threshold=0.59278711676597606 -0.1810343116521835 -0.13093612343072888 6.5603308918062163e-13 0.001644487143494189 0.0019625674467533831 0.16295150667428973 0.0013962357188574972 0.00010916648534475827 3.0903045693166797e-13 0.038319313898682601 0.0013666501617990436 0.00011576852193684319 1.9841560442183592e-13
decision_type=2 2 2 2 10 10 2 10 10 2 10 10 10 2
left_child=3 -2 -3 4 6 12 7 8 11 -9 -11 -1 -6 -7
right_child=1 2 -4 -5 5 13 -8 9 -10 10 -12 -13 -14 -15
leaf_value=-0.00093857173182332581 -0.0015771382210072974 0.0059645338608709129 0.0015931125339019381 0.00023499810683326076 0.0014101845600264585 0.0038654320275705108 0.0015396705087651441 -0.006831942381649349 0.003122588626085207 -0.00061296987067807954 -0.0050452959857050419 0.0032832590507459476 0.0053678236032887903 -0.00032637799825607127
leaf_weight=6860.0760358124971 368.08034980297089 214.99685128033161 878.77461266517639 26160.143106609583 2051.2374145835638 236.61117333173752 1212.6435038894415 253.05944968760014 398.8676353096962 1330.8375696092844 448.90565520524979 248.49335984885693 319.46069876849651 12806.332336425781
leaf_count=27507 1513 885 3617 105170 8228 957 4863 1016 1599 5335 1799 996 1281 51325
internal_value=4.63306e-05 0.0014991 0.00254405 5.18742e-06 -0.000224571 0.000100344 -0.00068964 -0.000975632 -0.000566987 -0.00246459 -0.00177458 -0.000782192 0.00198394 -0.000244533
internal_weight=53788.5 1461.85 1093.77 52326.7 26166.5 15413.6 10752.9 9540.24 7507.44 2032.8 1779.74 7108.57 2370.7 13042.9
internal_count=216091 6015 4502 210076 104906 61791 43115 38252 30102 8150 7134 28503 9509 52282
is_linear=0
shrinkage=0.02


Tree=258
num_leaves=15
num_cat=0
split_feature=30 31 30 20 20 36 0 5 20 19 36 5 32 31
split_gain=9.58591 9.2965 6.40436 14.6084 16.6536 9.05305 7.20802 17.9231 9.62544 14.9492 14.3114 13.5898 10.1379 9.35368
threshold=-0.48918904364109034 -0.25496472418308253 0.32737322151660925 6.3247513025999083e-05 4.9722870244295343e-05 1.0126264518746377e-12 0.087188847362995162 0.00094444295973517012 0.00015749743033666166 0.75000000000000011 8.7522429082810559e-13 0.0022789175854995851 0.083808775991201415 -0.037626488134264939
decision_type=2 8 2 10 8 2 2 8 10 2 2 10 10 10
left_child=-1 -2 6 4 -4 -5 -3 -8 9 10 -9 12 -11 -12
right_child=1 2 3 5 -6 -7 7 8 -10 11 13 -13 -14 -15
leaf_value=0.0040740361989789111 -0.0030829218299921503 -6.7725775410055751e-05 -0.0020178990526792976 -0.0011040371679845705 0.00476748971305678 -0.0067331075470876793 -0.0041719144963164173 0.0053639241420336955 0.0045500597378575151 0.00038105163463989075 -0.0027173675004331949 -0.0016931974856709273 0.0050089698425405393 0.002608686431398788
leaf_weight=205.48013992607594 383.44717536866665 48579.824630886316 365.6569591909647 223.15479250252247 211.87682673335075 236.23947383463383 242.76380006968975 464.92951384186745 302.49506822228432 746.74207809567451 196.43942674994469 1023.0306174606085 235.40946434438229 319.03299431502819
leaf_count=843 1545 194912 1474 896 854 954 995 1902 1236 3041 814 4152 954 1316
internal_value=-4.1095e-05 -5.84067e-05 -3.5434e-05 -0.00157673 0.000547674 -0.00415887 -4.17138e-06 0.000865711 0.00126062 0.00089928 0.00289625 -9.60655e-05 0.00156813 0.000553316
internal_weight=53736.5 53531 53147.6 1036.93 577.534 459.394 52110.7 3530.84 3288.08 2985.58 980.402 2005.18 982.152 515.472
internal_count=215888 215045 213500 4178 2328 1850 209322 14410 13415 12179 4032 8147 3995 2130
is_linear=0
shrinkage=0.02


Tree=259
num_leaves=15
num_cat=0
split_feature=8 1 29 32 3 8 18 2 21 25 34 25 29 32
split_gain=6.31066 10.0683 7.27434 11.1204 10.8411 9.86284 7.88472 7.80945 9.06394 7.51739 7.38273 7.12015 9.82383 7.90335
threshold=0.00016492149734403941 0.56539130210876476 -0.23941587656736371 -0.14608979225158689 0.51482048630714428 6.2476279708789675e-05 0.00054799599456600856 0.040534200146794326 -0.54378429055213917 -0.093869715929031358 -0.29888889193534846 -0.31721930205821985 -0.067233223468065248 0.0021858806721866135
decision_type=8 2 2 10 2 10 10 2 2 2 10 2 2 10
left_child=2 11 4 6 5 -1 10 -6 -9 -8 -4 -2 -13 -14
right_child=1 -3 3 -5 7 -7 9 8 -10 -11 -12 12 13 -15
leaf_value=-0.004730977115830733 -0.0029588863703894205 0.0038263634248253599 -0.0013575968014244183 -6.6291257008730317e-05 0.0015546898743090552 -0.00013775450039152782 0.00081062728189698857 0.0010513582590168198 -0.0028092792081715503 -0.0037333295778964547 0.001556544328899211 0.0029701322812602988 -0.0016652411018306644 0.0010536321034264127
leaf_weight=477.08815625309944 204.10639849305153 392.65750814974308 369.15020270645618 43834.321115255356 632.87084467709064 301.72539637982845 314.77591390907764 394.24515657126904 581.71447426080704 242.20664936304092 3622.7430357336998 586.55391453206539 669.31244547665119 1106.6247327923775
leaf_count=1916 825 1605 1505 175947 2540 1212 1269 1602 2351 974 14600 2365 2693 4457
internal_value=3.06569e-05 0.000925263 -2.18304e-05 3.15495e-05 -0.0010948 -0.00299949 0.000970536 -0.000147254 -0.00125995 -0.00122625 0.00128163 0.000455276 0.000772604 2.1814e-05
internal_weight=53730.1 2959.25 50770.8 48383.2 2387.64 778.814 4548.88 1608.83 975.96 556.983 3991.89 2566.6 2362.49 1775.94
internal_count=215861 11945 203916 194295 9621 3128 18348 6493 3953 2243 16105 10340 9515 7150
is_linear=0
shrinkage=0.02


Tree=260
num_leaves=15
num_cat=0
split_feature=22 22 8 31 1 20 20 0 8 8 20 31 5 2
split_gain=6.12792 7.38153 7.70898 9.26376 13.8529 11.8004 10.6137 8.6132 7.61128 11.7067 7.54282 7.33768 8.05884 7.47545
threshold=-0.15760520100593564 -0.080545492470264421 6.9386282120831324e-05 -0.032600875943899148 0.49064473807811743 5.9306517869117677e-05 8.0074438301380737e-05 0.035310829058289535 7.3422936111455797e-05 8.350075222551824e-05 0.00012055465776938946 -0.063362114131450639 0.0029380415799096231 0.03389453329145909
decision_type=2 2 10 10 2 8 10 2 10 10 10 10 10 2
left_child=-1 8 -3 4 5 -4 -7 10 -2 -10 -6 12 13 -9
right_child=1 2 3 -5 7 6 -8 11 9 -11 -12 -13 -14 -15
leaf_value=0.00027751947092058231 -0.00033957463168417696 -0.00033220378354448975 0.0063275923154948767 -7.8914548379269373e-05 -0.0018627580360511076 -0.0017934164188746768 0.0029357728462712381 0.0057594138826339812 -0.0065325116754112776 -0.0013317874053529375 0.0012932441604100614 -0.00095763215007602109 -0.00013339907911957087 0.001634441310890702
leaf_weight=21296.987507134676 1721.7746357917786 17743.364429652691 280.42974890768528 7889.1498564779758 908.31489983201027 242.13272248208523 703.16473235189915 289.5001257956028 208.13963143527508 785.08682957291603 432.71682451665401 403.89139780402184 409.42421659827232 461.84811492264271
leaf_count=85616 6908 71237 1132 31688 3641 973 2825 1162 835 3153 1734 1626 1650 1869
internal_value=1.4011e-05 -0.00015884 -6.74239e-05 0.000323316 0.00108807 0.0028529 0.00171236 0.000329194 -0.0011532 -0.00252908 -0.000840357 0.00132954 0.0021281 0.00333195
internal_weight=53775.9 32478.9 29763.9 12020.6 4131.42 1225.73 945.297 2905.7 2715 993.226 1341.03 1564.66 1160.77 751.348
internal_count=216049 130433 119537 48300 16612 4930 3798 11682 10896 3988 5375 6307 4681 3031
is_linear=0
shrinkage=0.02


Tree=261
num_leaves=15
num_cat=0
split_feature=36 18 28 30 33 18 36 36 30 36 33 23 15 36
split_gain=6.06507 5.77353 8.90965 11.3579 8.54297 8.28248 14.3869 9.73216 13.2427 12.0793 12.6913 12.0311 11.4304 10.846
threshold=2.1327870838774163e-13 0.00087077496573328983 0.20991685986518863 0.034566149115562446 -0.13666667044162747 0.0005082850402686746 2.6615976133140266e-12 7.6161313041812905e-13 0.082044035196304335 8.7522429082810559e-13 -0.13666667044162747 0.31501071155071264 0.75000000000000011 4.9104313280465283e-13
decision_type=2 8 2 2 10 10 2 2 2 2 10 2 2 2
left_child=-1 5 3 4 -3 -2 7 11 9 -9 -11 13 -10 -7
right_child=1 2 -4 -5 -6 6 -8 8 12 10 -12 -13 -14 -15
leaf_value=0.003166900847280722 3.9716305933213811e-05 0.0050243213834325574 0.0046105158826429942 -0.0015676296451268355 0.00084191815409525499 -0.00021200785419761561 -0.0047538711208667426 0.0046037058610199988 0.0012132788311761207 -0.0029440044282482321 0.001462929054566274 0.0016095887805884757 -0.0037875010032049701 -0.0022421722829078896
leaf_weight=219.3196485042572 43351.438972726464 215.11200840771198 218.39523620903492 684.69943831861019 1233.1049862205982 1832.1474638134241 310.04637905955315 350.11514461040497 293.96020130813122 307.92001897096634 1276.790602222085 597.01149727404118 432.24380569159985 2468.5213919878006
leaf_count=888 174182 873 881 2753 4959 7343 1253 1406 1181 1243 5123 2394 1735 9896
internal_value=-9.91252e-06 -2.40953e-05 0.000940706 0.000525604 0.00152313 -6.87353e-05 -0.000664815 -0.000484986 0.000486255 0.00134826 0.000580612 -0.00101252 -0.00178497 -0.00138228
internal_weight=53790.8 53571.5 2351.31 2132.92 1448.22 51220.2 7868.76 7558.71 2661.03 1934.83 1584.71 4897.68 726.204 4300.67
internal_count=216110 215222 9466 8585 5832 205756 31574 30321 10688 7772 6366 19633 2916 17239
is_linear=0
shrinkage=0.02


Tree=262
num_leaves=15
num_cat=0
split_feature=31 36 29 18 19 30 18 18 1 24 11 21 10 31
split_gain=7.31116 9.55292 12.1938 10.7429 11.738 7.32573 6.643 9.08208 11.7214 9.75252 9.0704 8.71185 9.1605 9.69897
threshold=0.18490465730428698 8.8435175523739206e-13 0.26270844042301184 0.00019200445967726412 0.91666665673255932 0.32737322151660925 0.00014763867511646825 0.00020360220514703545 0.50344723463058483 0.019264230504632 0.91666665673255932 -0.76837387681007374 7.3328232247149585e-05 0.0060107524041086444
decision_type=8 2 2 10 2 2 10 10 2 2 2 2 10 10
left_child=5 3 -3 -2 -5 6 -1 8 11 10 -10 -8 -13 -14
right_child=1 2 -4 4 -6 -7 7 -9 9 -11 -12 12 13 -15
leaf_value=0.0006927118938010728 -0.0011620988086086729 0.0017611535713721157 -0.0038283085596550978 0.006392674473132012 0.00090442881490780181 -0.0019794025143173057 -0.0046298042312087175 4.4963013664754573e-05 4.4030458228225035e-05 0.0014178867223949448 -0.0027585580233028847 6.0102909293391967e-05 -0.00050851964604509429 -0.0034361490346030065
leaf_weight=4992.8755326122046 201.32011218369007 370.95224545896053 240.32114347815514 347.21412521600723 284.03145912289619 738.16159605979919 317.5790997594595 39406.524973258376 1686.5605524778366 1323.727458640933 615.83562859892845 1299.7944198399782 827.98149071633816 1000.3923612087965
leaf_count=20096 808 1496 969 1395 1140 2976 1275 158248 6807 5322 2473 5215 3324 4014
internal_value=1.13105e-05 0.00140534 -0.000488002 0.00277428 0.00402683 -2.77645e-05 9.82327e-07 -7.35917e-05 -0.000732477 6.20946e-05 -0.000722895 -0.00156418 -0.00122551 -0.00213022
internal_weight=53653.3 1443.84 611.273 832.566 631.246 52209.4 51471.3 46478.4 7071.87 3626.12 2302.4 3445.75 3128.17 1828.37
internal_count=215558 5808 2465 3343 2535 209750 206774 186678 28430 14602 9280 13828 12553 7338
is_linear=0
shrinkage=0.02


Tree=263
num_leaves=15
num_cat=0
split_feature=14 3 38 26 36 14 21 36 8 14 5 31 14 19
split_gain=6.33788 8.29005 7.31175 7.4028 7.95019 5.86349 13.0232 8.05954 12.9583 9.90656 8.66058 8.24849 8.23287 7.92103
threshold=5.7186683989129967e-05 0.54598054289817821 1.0000000180025095e-35 0.11042011529207231 5.7440128499973441e-13 0.00023165110178524631 -0.25873671472072596 6.5974827055496909e-13 8.4087543655186905e-05 0.0002586308255558834 0.0018978642183355989 -0.043807718902826302 0.00032032867602538323 0.91666665673255932
decision_type=10 2 2 2 2 10 2 2 10 10 10 10 10 2
left_child=1 2 -1 4 -4 13 7 12 -9 -10 -11 -12 -7 -2
right_child=5 -3 3 -5 -6 6 -8 8 9 10 11 -13 -14 -15
leaf_value=0.0044190025368150776 -7.5060851868531366e-05 -0.0022745597835879278 -0.00051860722853369872 -0.0015465691624538362 0.0046361205565805374 0.0026906468209951353 -0.00019545147844376591 -0.0010870968737538966 0.0054503923030919579 0.0029231395399748721 0.0018499546416430555 -0.002302274581052941 0.00056805416645469542 -0.000742178572811848
leaf_weight=323.01430386304855 24000.810322448611 201.09996452927589 205.49081249535084 294.68568183481693 254.8926637172699 1528.1213138699532 12430.450631931424 1501.0012749880552 202.57202476263046 461.8163039535284 318.94017416238785 421.09615680575371 1410.2178107053041 10104.85377047956
leaf_count=1297 96476 821 824 1183 1024 6129 49923 6037 817 1866 1288 1697 5662 40537
internal_value=-8.40143e-05 0.00129596 0.00199128 0.000865486 0.00240952 -0.000118197 0.000170763 0.000947759 0.000198106 0.00156766 0.000834729 -0.00051116 0.00168266 -0.000273034
internal_weight=53659.1 1279.18 1078.08 755.069 460.383 52379.9 18274.2 5843.77 2905.43 1404.42 1201.85 740.036 2938.34 34105.7
internal_count=215581 5149 4328 3031 1848 210432 73419 23496 11705 5668 4851 2985 11791 137013
is_linear=0
shrinkage=0.02


Tree=264
num_leaves=15
num_cat=0
split_feature=4 2 33 25 25 29 31 18 3 31 25 29 14 31
split_gain=6.15927 10.1478 14.605 7.7822 11.1055 7.8528 10.0503 13.9022 9.25902 9.11712 13.4011 11.9401 8.57176 8.13242
threshold=1.0000000180025095e-35 0.0090627083554863947 -0.12666666880249974 0.26199640333652502 0.21663566678762439 0.25425726175308233 0.10921161621809007 0.00024042227596510204 0.42794953286647802 -0.17293942719697949 -0.063836518675088869 -0.30993221700191492 0.00011415318294893952 0.050538785755634315
decision_type=2 2 10 2 2 2 10 8 2 8 2 2 10 10
left_child=1 -1 -3 4 5 6 8 12 13 10 11 -10 -8 -2
right_child=3 2 -4 -5 -6 -7 7 -9 9 -11 -12 -13 -14 -15
leaf_value=0.00021276652419239311 0.0032998419869763526 -0.002583193850007708 -0.00031756077489323735 0.0007230653346762862 -0.0015402709750070736 0.0025932501156813764 -0.00066995066810251883 -0.00011678473656026013 -0.0033967449303271549 0.00011593453504671533 -0.0041349340383770245 0.00056142246338868333 -0.0044485591731561079 -0.0010205576354634109
leaf_weight=4017.6728839427233 613.25601786375046 1769.0467677563429 3146.3745479136705 5817.8380369991064 1906.9121951013803 447.31922519207001 398.99753098189831 1880.8552616089582 378.09591592848301 30728.189529016614 470.77777880430222 1284.5350433588028 615.71422140300274 229.5549870878458
leaf_count=16081 2520 7085 12593 23396 7659 1799 1606 7553 1526 123459 1896 5181 2476 937
internal_value=-5.36618e-05 -0.000532541 -0.00114012 4.20812e-05 -5.99431e-05 1.70429e-05 -1.58423e-05 -0.00114239 8.15601e-05 2.78456e-05 -0.00123022 -0.000368373 -0.00300443 0.00212672
internal_weight=53705.1 8933.09 4915.42 44772 38954.2 37047.3 36600 2895.57 33704.4 32861.6 2133.41 1662.63 1014.71 842.811
internal_count=215767 35759 19678 180008 156612 148953 147154 11635 135519 132062 8603 6707 4082 3457
is_linear=0
shrinkage=0.02


Tree=265
num_leaves=15
num_cat=0
split_feature=34 16 27 2 0 5 34 22 0 5 26 16 5 5
split_gain=5.05427 9.90479 10.4231 10.236 9.02644 8.70305 8.25129 13.8997 9.95769 12.2479 10.3555 9.32556 7.9922 22.078
threshold=0.026666667312383655 0.0002256726584164426 0.097609050571918501 0.027113968506455425 0.067012365907430663 0.0049555820878595122 -1.804112415015879e-15 0.79983168840408336 0.073051214218139662 0.0029133602511137728 -0.16560314595699308 0.00021346662833821031 0.0027315481565892701 0.0026021389057859783
decision_type=8 10 2 2 2 10 8 2 2 10 2 10 10 10
left_child=6 2 3 -2 5 -4 12 8 10 -10 11 -8 13 -1
right_child=1 -3 4 -5 -6 -7 7 -9 9 -11 -12 -13 -14 -15
leaf_value=0.00012615910244016845 0.0014856647249508362 -3.6853252152911718e-05 0.00064603765844648041 0.0059525290911721096 0.0042537231012345546 -0.0035672739443196977 -0.0055322044272423298 0.0029022424988798434 -0.0052317912040802704 0.00017185193282370144 -0.00030727631110563219 -0.0010429878373346157 -0.0003721793037076513 0.00322020521955789
leaf_weight=26438.807394206524 543.52643297612667 4513.5233479589224 1061.8259264081717 329.37191142141819 201.1977377384901 219.54479184746742 283.52675721049309 381.06203942000866 420.10361251235008 269.15603785216808 4863.2542376816273 505.75174094736576 12715.671943351626 935.94661805033684
leaf_count=106354 2175 18112 4252 1322 809 879 1135 1527 1689 1084 19471 2025 51074 3767
internal_value=7.34779e-06 0.000513149 0.00155849 0.00326673 0.000522633 -0.000119583 -6.70566e-05 -0.00071437 -0.000940124 -0.00317632 -0.000657208 -0.00275248 4.17949e-05 0.000234219
internal_weight=53682.3 6868.99 2355.47 872.898 1482.57 1281.37 46813.3 6722.85 6341.79 689.26 5652.53 789.278 40090.4 27374.8
internal_count=215675 27549 9437 3497 5940 5131 188126 26931 25404 2773 22631 3160 161195 110121
is_linear=0
shrinkage=0.02


Tree=266
num_leaves=15
num_cat=0
split_feature=20 20 34 34 36 26 5 5 9 19 13 36 30 26
split_gain=6.6173 9.92995 8.87103 8.36582 5.89684 6.01102 30.3161 15.8924 12.8777 13.7909 10.0067 14.2675 10.0467 9.77209
threshold=2.6147035896428864e-05 2.7485407372296326e-05 -0.27666667103767389 -0.18277777731418607 2.4668688044984099e-13 -0.17500827461481092 0.0027777699287980799 0.0024876405950635676 0.91666665673255932 0.58333334326744091 0.91666665673255932 3.990978825630515e-13 -0.29019676148891443 -0.35243657231330866
decision_type=10 10 10 10 2 2 8 10 2 2 2 2 2 2
left_child=2 -2 -1 -4 -3 6 7 8 9 -6 11 -8 -13 -10
right_child=1 4 3 -5 5 -7 10 -9 13 -11 -12 12 -14 -15
leaf_value=0.0051928048034752721 -0.0042103418688266428 0.0023343886866356669 -0.0022382939969606522 0.003109548741353621 -0.00069739894627338518 -0.00017515791213516918 0.0043403506071255579 0.003800538104638779 -0.0027585448607148513 0.0016356043768097663 -0.0022593281083790047 -0.0042025208447214911 -0.0002929309683726387 0.00030338262062352045
leaf_weight=204.95965461432934 208.34471419453621 398.37805783748627 230.00956146419048 200.12372735142708 1255.6023891121149 38971.051045373082 223.0393110960722 722.47479663789272 607.59127829968929 5033.3769108653069 1619.0392775684595 275.21066641807556 2440.6086237132549 1231.9961556196213
leaf_count=829 840 1610 929 805 5072 156438 896 2912 2444 20290 6495 1115 9815 4943
internal_value=-2.3952e-05 -4.86333e-05 0.00197386 0.000277452 -3.06161e-05 -4.94874e-05 0.000315472 0.000997191 0.00073931 0.00116908 -0.00100694 -0.000306382 -0.00071694 -0.000726723
internal_weight=53621.8 52986.7 635.093 430.133 52778.4 52380 13408.9 8851.04 8128.57 6288.98 4557.9 2938.86 2715.82 1839.59
internal_count=215433 212870 2563 1734 212030 210420 53982 35661 32749 25362 18321 11826 10930 7387
is_linear=0
shrinkage=0.02


Tree=267
num_leaves=15
num_cat=0
split_feature=32 27 1 37 1 35 36 26 32 27 16 34 24 24
split_gain=7.80396 5.3754 7.74325 11.35 12.1095 7.92423 12.0039 11.7602 10.0786 14.7621 16.7804 9.25232 7.37137 11.1653
threshold=-0.37761780619621271 0.2587630450725556 0.47264498472213751 0.15663876384496692 0.40455874800682073 4.3427028195274641e-13 4.7554684799375201e-13 0.11315323039889337 -0.083719704300165163 -0.080836329609155641 0.00030833139317110186 -0.027777778916060921 0.37383608520030981 0.19861422479152682
decision_type=10 2 2 2 2 2 2 2 10 2 10 10 2 2
left_child=-1 2 3 5 -5 8 7 -7 -2 -10 11 -11 13 -8
right_child=1 -3 -4 4 -6 6 12 -9 9 10 -12 -13 -14 -15
leaf_value=0.003688179721116301 0.0052667887077667971 -0.00078264438281849401 -8.1686436018910393e-05 0.005137283273527686 0.0010262611861832391 -0.0042100163207681998 0.00024365762915694284 0.00098880257931148918 -0.003511147785495532 0.00075581064269020671 -0.0016476340015067195 0.0047991949864673242 0.0035045746904451081 -0.0023495317613126542
leaf_weight=212.69716863334179 201.07631021738052 3139.3777986615896 36899.553451478481 291.28029702603817 3958.5076884478331 518.56976100802422 5601.5694280713797 247.50561887025833 258.56360387802124 410.51571761071682 434.22544801235199 509.80788095295429 220.45131605863571 733.13003735244274
leaf_count=868 808 12617 148218 1188 15910 2079 22505 993 1037 1648 1742 2042 890 2949
internal_value=3.35059e-05 1.75808e-05 6.78318e-05 0.000479522 0.00133077 8.14779e-05 -0.000212493 -0.00254795 0.00125719 0.000699011 0.00154206 0.00305006 6.73619e-05 -6.29085e-05
internal_weight=53636.8 53424.1 50284.8 13385.2 4249.79 9135.42 7321.23 766.075 1814.19 1613.11 1354.55 920.324 6555.15 6334.7
internal_count=215494 214626 202009 53791 17098 36693 29416 3072 7277 6469 5432 3690 26344 25454
is_linear=0
shrinkage=0.02


Tree=268
num_leaves=15
num_cat=0
split_feature=27 24 19 37 18 18 36 10 2 29 36 30 18 36
split_gain=6.92871 9.67313 14.4059 6.88049 10.3022 11.5607 11.5586 10.3803 9.61489 8.73553 11.3066 11.0603 21.2054 9.98449
threshold=0.2587630450725556 0.45834019780159002 0.58333334326744091 0.14723192155361178 0.0005082850402686746 0.0004829056997550652 2.5446966582520773e-12 2.4458895495627079e-05 0.0036108900094404821 0.012177527882158758 1.6974209039212486e-12 -0.053061446174979203 0.00080515691661275934 1.4912768285871294e-12
decision_type=2 2 2 2 10 8 2 10 2 2 2 2 10 2
left_child=3 -2 -3 4 5 7 9 -1 -5 11 -11 12 13 -6
right_child=1 2 -4 8 6 -7 -8 -9 -10 10 -12 -13 -14 -15
leaf_value=0.0032059937678123904 -0.0001117650901178229 0.0021731566827156179 -0.0036268758036560405 0.0022323345952888181 -0.0012955399075462429 0.0023295723528811096 -0.0043078150725825168 -2.1878541471880099e-05 0.00029524182130817757 -0.001783322678207017 0.0024805332697743769 0.0014765900216649147 0.0021141652951440874 -0.0056762793836589087
leaf_weight=384.30325911939144 2112.2461470067501 200.72406920790672 821.18096077442169 1091.7293095886707 1558.6397733837366 877.98107653856277 328.31982477009296 27792.401655107737 13286.196325168014 2653.7113696932793 256.86243245005608 1383.0168945193291 722.49135254323483 224.68231146037579
leaf_count=1548 8485 809 3303 4370 6257 3523 1329 111672 53396 10639 1031 5547 2911 904
internal_value=1.87275e-05 -0.000890731 -0.00246778 7.54333e-05 -7.16763e-05 9.56024e-05 -0.000751913 2.43893e-05 0.000445224 -0.00056808 -0.00139267 5.30476e-05 -0.000738109 -0.00190431
internal_weight=53694.5 3134.15 1021.91 50560.3 36182.4 29054.7 7127.72 28176.7 14377.9 6799.4 2910.57 3888.83 2505.81 1783.32
internal_count=215724 12597 4112 203127 145361 116743 28618 113220 57766 27289 11670 15619 10072 7161
is_linear=0
shrinkage=0.02


Tree=269
num_leaves=15
num_cat=0
split_feature=5 3 36 31 20 1 5 5 20 5 14 5 5 20
split_gain=6.11146 12.4942 10.8622 9.74121 6.37056 11.9679 14.2614 10.8604 14.902 11.1543 12.6179 12.973 12.087 13.8918
threshold=0.0083050956018269079 0.46576286852359777 5.3093708357772339e-13 -0.019543115980923172 0.00011193597674719059 0.47779801487922674 0.0013567237765528264 0.0017179641872644427 0.00012655658792937177 0.0027994174743071203 0.00047251532669179147 0.0018978642183355989 0.0071215650532394656 0.00019018566672457385
decision_type=10 2 2 10 8 2 8 10 10 10 10 10 10 10
left_child=4 -2 3 -3 -1 -6 -7 8 -8 10 11 -9 13 -11
right_child=1 2 -4 -5 5 6 7 9 -10 12 -12 -13 -14 -15
leaf_value=-0.00012186130774727297 0.0025724642001646548 -0.0019972995911883723 -0.0033060001091603708 0.0034741092604806821 0.0014414188635406497 0.0033863824043704463 0.00069867510321145409 0.0048720463761134864 -0.0053068853489537573 -0.00030230846781055553 0.0053654675078730662 -0.00014319993422043709 0.0025698071613820244 -0.0033574232156864839
leaf_weight=40923.387744754553 269.27601496875286 282.44503007829189 886.53273259103298 208.76777623593807 3218.9947081208229 446.79405383765697 289.34964576363564 225.55210770666599 352.91134062409401 3834.3311502784491 250.19935892522335 1284.3841001689434 456.92969031631947 685.90201833844185
leaf_count=164466 1085 1132 3556 836 12935 1793 1161 906 1417 15373 1010 5155 1833 2756
internal_value=-4.50303e-05 -0.00123703 -0.00200774 0.000373017 -6.79144e-06 0.000418996 -4.1308e-06 -0.000218007 -0.00266189 2.2155e-05 0.00138152 0.000659866 -0.000462181 -0.00077864
internal_weight=53615.8 1647.02 1377.75 491.213 51968.7 11045.3 7826.35 7379.56 642.261 6737.3 1760.14 1509.94 4977.16 4520.23
internal_count=215414 6609 5524 1968 208805 44339 31404 29611 2578 27033 7071 6061 19962 18129
is_linear=0
shrinkage=0.02


Tree=270
num_leaves=15
num_cat=0
split_feature=34 20 26 0 30 34 26 23 21 0 20 3 21 14
split_gain=6.92896 10.1312 11.4747 8.76924 10.3872 7.83264 13.6171 8.60452 8.98277 9.51505 12.0121 11.3866 9.03073 7.68957
threshold=0.026666667312383655 7.0611135015496998e-05 0.33559350669384008 0.031087926588952545 0.14303191751241687 -1.0269562977782696e-15 0.44077871739864355 -0.38549055159091944 -0.44864502549171442 0.021948896348476413 0.00017499763634987178 0.51482048630714428 0.79983168840408336 0.00030610196699853992
decision_type=10 10 2 2 2 8 2 2 2 2 10 2 2 10
left_child=5 3 13 4 -2 -1 7 -7 -9 11 12 -10 -11 -3
right_child=1 2 -4 -5 -6 6 -8 8 9 10 -12 -13 -14 -15
leaf_value=5.1123745709368988e-05 -0.0028598732833011392 0.0011882138052643747 -0.0018471696809902042 0.004054204115173465 0.0030511810220861454 -0.0041637585561265138 0.0039719399243508214 0.0012387526649944238 0.00096226791757230508 -0.0023356886667163916 0.0021933741152570024 -0.0032607831984820001 0.0018323776333009584 -0.0005378171966574837
leaf_weight=40768.557050511241 203.13299004733562 3442.3002555072308 826.14566241204739 570.47158591449261 234.82006089389324 286.2725752145052 219.74256208539009 792.67958015203476 1378.5007359236479 2772.3125794678926 279.36470600962639 292.50945538282394 210.17808260023594 1457.3075233250856
leaf_count=163912 813 13791 3316 2288 940 1149 882 3177 5517 11111 1124 1171 844 5848
internal_value=3.61239e-05 0.000635121 0.000305697 0.00246325 0.000304333 -4.9934e-05 -0.00070913 -0.000892834 -0.000715366 -0.00103311 -0.00165869 0.000193202 -0.00203171 0.000674735
internal_weight=53734.3 6734.18 5725.75 1008.42 437.953 47000.1 6231.56 6011.82 5725.55 4932.87 3261.86 1671.01 2982.49 4899.61
internal_count=215883 26996 22955 4041 1753 188887 24975 24093 22944 19767 13079 6688 11955 19639
is_linear=0
shrinkage=0.02


Tree=271
num_leaves=15
num_cat=0
split_feature=28 10 8 10 30 33 1 18 20 8 25 18 33 34
split_gain=4.83276 4.80173 9.04394 8.99436 7.51735 7.30529 11.4682 7.24439 6.67808 6.33839 6.97096 6.0679 7.46681 7.53543
threshold=0.54947867989540111 9.2151087301317616e-05 3.009249212482246e-05 8.7296575657092048e-05 0.10483768209815027 -0.3299999982118606 0.52051270008087169 0.00017346722597721967 5.0130478484788916e-05 2.1754927729489285e-05 -0.11178708449006079 0.00057838243083097051 0.083333335816860213 0.026666667312383655
decision_type=2 10 10 8 2 10 2 10 10 10 2 8 10 8
left_child=1 3 4 5 9 6 7 -1 -8 10 -3 12 13 -7
right_child=-2 2 -4 -5 -6 11 8 -9 -10 -11 -12 -13 -14 -15
leaf_value=-0.0022923512459143923 -0.0028787758465933389 -0.0017877290599588186 -8.7515445024394673e-05 0.0015152833287044891 -0.003851522804614523 4.2584367044126705e-05 -0.0054855618917885795 0.002068702207238848 -0.00093303503056148111 -0.0017947251349251759 0.0028075439110622595 -0.0013141876014587778 0.0017361246102180505 0.0017235208522067415
leaf_weight=226.28609350323677 216.12826225161552 205.81570208072662 28857.81962607801 1908.1724941581488 409.84411470592022 16424.678344011307 291.75269645452499 380.77529121935368 236.31255027651787 917.86758463084698 302.82862596213818 1014.2517760396004 1256.992113918066 1120.9441757947206
leaf_count=912 873 829 115941 7663 1646 65979 1190 1535 964 3688 1217 4066 5038 4490
internal_value=-2.38264e-05 -1.12343e-05 -0.000174622 0.000208106 -0.00152778 8.7725e-05 -0.00145852 0.000421826 -0.00355667 -0.00081614 0.000950844 0.000177676 0.000259462 0.000151815
internal_weight=53770.5 53554.3 30694.2 22860.2 1836.36 20952 1135.13 607.061 528.065 1426.51 508.644 19816.9 18802.6 17545.6
internal_count=216031 215158 123321 91837 7380 84174 4601 2447 2154 5734 2046 79573 75507 70469
is_linear=0
shrinkage=0.02


Tree=272
num_leaves=15
num_cat=0
split_feature=14 33 28 14 20 20 1 5 1 20 5 0 29 20
split_gain=6.62772 8.74498 12.6182 8.89318 11.8331 7.30505 13.4656 13.6765 15.3004 11.2278 11.3681 11.8492 10.6155 10.4934
threshold=0.00010074194506159985 0.050000002607703216 0.095140781253576293 7.0895919634494944e-05 4.5901186240371323e-05 0.00011193597674719059 0.47322426736354833 0.0013567237765528264 0.51642954349517833 0.00013048118853475901 0.0016546372789889576 0.06963983923196794 -0.020314217545092102 8.6315812950488193e-05
decision_type=10 10 2 8 10 8 2 8 2 8 10 2 2 10
left_child=1 2 -1 -4 -5 13 -7 8 -8 -9 -11 -12 -13 -2
right_child=5 -3 3 4 -6 6 7 9 -10 10 11 12 -14 -15
leaf_value=0.00084552416664423536 7.2929565470316226e-06 0.0026131702859664048 -0.0029074627060735937 0.0028057868876004161 -0.0013964371568785366 0.0014918786384234418 -0.00078306697765373814 0.00076178211158731666 0.0064547645230728559 -0.0047543309840926253 -0.00094662956930017075 0.0035151019688945875 -0.0018184296745356184 -0.00077797821019395569
leaf_weight=5276.6512009501457 24852.010405957699 736.47721703350544 652.86581768095493 377.89122770726681 801.33496743440628 3117.9331838190556 202.00715655088425 2915.4594042301178 244.94123868644238 253.67543578147888 4308.4407623559237 461.78354074060917 201.43377168476582 9353.9505894780159
leaf_count=21236 99920 2952 2625 1522 3218 12535 809 11691 985 1019 17266 1872 814 37512
internal_value=3.16716e-05 0.000568118 0.00034951 -0.00107277 -2.54703e-05 -6.02019e-05 0.000370654 -3.89475e-05 0.00329006 -0.000229333 -0.000783118 -0.000562253 0.00188938 -0.000207776
internal_weight=53756.9 7845.22 7108.74 1832.09 1179.23 45911.6 11705.7 8587.74 446.948 8140.79 5225.33 4971.66 663.217 34206
internal_count=215976 31553 28601 7365 4740 184423 46991 34456 1794 32662 20971 19952 2686 137432
is_linear=0
shrinkage=0.02


Tree=273
num_leaves=15
num_cat=0
split_feature=20 20 16 16 20 1 1 30 21 31 1 34 34 23
split_gain=6.61857 10.3119 14.4374 12.5472 14.5995 20.4853 16.2508 14.7453 15.3708 14.4928 13.7472 11.2876 10.6441 10.4646
threshold=0.00011193597674719059 8.6315812950488193e-05 8.3139588241465403e-05 0.0007489709823857994 9.2793798103230088e-05 0.51995638012886058 0.48393483459949499 0.11717478558421136 0.1715006232261658 0.056300969794392593 0.4795027375221253 0.026666667312383655 0.094444446265697493 0.13553143292665484
decision_type=8 10 10 10 10 2 2 2 2 10 2 10 8 2
left_child=1 12 -3 4 5 6 11 9 -9 -6 -11 -4 -1 -7
right_child=-2 2 3 -5 7 13 -8 8 -10 10 -12 -13 -14 -15
leaf_value=2.4077719809979054e-05 0.00040612167689756465 -0.0055622216400725375 -0.0030950395017706901 -0.0047888183457047836 3.8925350904733768e-05 -0.0025980172350581238 0.0020812966542686261 -0.0041661258017599307 0.00030751478385300849 0.00013885022416586408 0.0049701622534450611 0.0017090964087178005 0.0040091816951924077 -0.0073218282489594215
leaf_weight=30921.668194785714 12277.892389550805 216.2326857894659 727.81905715167522 252.73365350067616 4761.9080425202847 951.71549049019814 703.26165369153023 593.4253870844841 610.2938901335001 438.57909661531448 491.96514886617661 250.32914640009403 250.44232021272182 230.52483697235584
leaf_count=124347 49287 867 2919 1016 19096 3823 2815 2379 2448 1758 1971 1003 1011 925
internal_value=-1.29978e-06 -0.000122263 -0.000672616 -0.000556141 -0.000436965 -0.00163197 -0.00020406 6.25459e-05 -0.00193 0.00048917 0.00274393 -0.00185595 5.86449e-05 -0.00362559
internal_weight=53678.8 41400.9 10228.8 10012.6 9759.82 2863.65 1681.41 6896.17 1203.72 5692.45 930.544 978.148 31172.1 1182.24
internal_count=215665 166378 41020 40153 39137 11485 6737 27652 4827 22825 3729 3922 125358 4748
is_linear=0
shrinkage=0.02


Tree=274
num_leaves=15
num_cat=0
split_feature=19 18 1 37 1 18 35 18 16 30 16 16 14 14
split_gain=7.32352 11.1979 9.6685 11.492 8.97329 9.87599 11.3039 9.23736 8.75474 10.4419 8.43066 7.4904 9.52839 9.42233
threshold=0.91666665673255932 0.00084758191951550554 0.40759821236133581 0.077733796089887633 0.55354666709899913 0.00024042227596510204 5.0709735889553639e-12 0.00030934695678297436 0.00018951669335365298 -0.062559463083744035 0.0007489709823857994 0.00020998707623220983 0.00013094637688482183 0.00020017854694742712
decision_type=2 10 2 2 2 8 2 10 10 2 10 10 10 10
left_child=4 2 3 -2 5 -1 -7 11 9 -9 -3 12 -6 -13
right_child=1 10 -4 -5 7 6 -8 8 -10 -11 -12 13 -14 -15
leaf_value=-0.00049916973606392947 -0.00057353399675326487 0.0033414213643711776 -0.00057148121242067923 0.0057007281644226417 0.0021390396395011024 0.00030570223126536193 -0.0042460493480169928 -0.0045475172280623191 0.000555458290089547 0.00093885429668659514 -0.00058985321178757944 0.0052869269017592939 -0.00051160613162403151 0.0011782462585599866
leaf_weight=10390.568680465221 243.86997924745083 533.62795659899712 15344.434580385685 198.39886166155338 1192.3521756082773 20307.448410838842 200.67238630354404 302.78944164514542 2549.2741315960884 233.21951524913311 351.47807247936726 411.93607975542545 970.24062915146351 493.32232259213924
leaf_count=41726 984 2144 61550 802 4860 81459 816 1226 10297 941 1421 1672 3946 2001
internal_value=-1.49492e-05 -0.000362813 -0.000486299 0.00236593 0.000141687 2.60424e-06 0.00025707 0.000837834 6.34307e-05 -0.00221247 0.00180176 0.00161118 0.000956045 0.00312176
internal_weight=53723.6 16671.8 15786.7 442.269 37051.8 30898.7 20508.1 6153.13 3085.28 536.009 885.106 3067.85 2162.59 905.258
internal_count=215845 66901 63336 1786 148944 124001 82275 24943 12464 2167 3565 12479 8806 3673
is_linear=0
shrinkage=0.02


Tree=275
num_leaves=15
num_cat=0
split_feature=5 5 38 17 5 5 32 12 5 30 30 32 3 27
split_gain=6.77274 5.063 9.74013 11.0731 6.09458 22.2992 13.3674 11.927 10.8156 10.182 18.3999 14.0505 13.25 10.4093
threshold=0.00039425591239705687 0.00058565719518810521 1.0000000180025095e-35 0.75000000000000011 0.0027315481565892701 0.0026646935148164634 -0.0086612715385854227 0.00050895847380161296 0.0014306888333521786 -0.049875037744641297 0.14554642885923388 0.046351743862032897 0.46696852147579199 0.16532967239618304
decision_type=8 8 2 2 10 10 10 8 10 2 2 10 2 2
left_child=-1 2 -2 -4 5 7 -7 -3 -9 -6 12 13 -11 -12
right_child=1 4 3 -5 9 6 -8 8 -10 10 11 -13 -14 -15
leaf_value=0.0034574294951049593 0.0016457153679334496 4.4603762148482705e-05 -0.0058021072073875584 -0.00038483964250986529 -0.00085621857884048082 0.0065126117289312762 0.00074258559552482914 0.0064322216137578337 0.0002671350991094658 0.0021724101275618873 -0.0013284277289076561 -0.00051117587209237628 0.00015762144409495703 -0.0064032659102623551
leaf_weight=204.45012977719307 254.21836879849434 32631.032527193427 264.78605970740318 327.62143842875957 7522.3866725414991 326.72005055844784 309.97980430722237 204.29670351743698 234.78033274412155 1569.0844717770815 338.19941279292107 1847.7375159561634 7340.7680081278086 314.99500228464603
leaf_count=831 1020 131151 1064 1315 30219 1316 1245 827 952 6315 1358 7423 29418 1264
internal_value=-9.4918e-06 -2.40313e-05 -0.00154029 -0.00291658 9.30823e-07 0.000162193 0.00381162 8.96687e-05 0.00329092 -0.000286032 9.06947e-05 -0.00141838 0.00051651 -0.00389324
internal_weight=53691.1 53486.6 846.626 592.407 52640 33706.8 636.7 33070.1 439.077 18933.2 11410.8 2500.93 8909.85 653.194
internal_count=215718 214887 3399 2379 211488 135491 2561 132930 1779 75997 45778 10045 35733 2622
is_linear=0
shrinkage=0.02


Tree=276
num_leaves=15
num_cat=0
split_feature=5 18 35 16 5 5 18 35 32 27 30 35 1 1
split_gain=6.22339 11.8258 10.8208 9.95757 8.96089 18.5036 9.37032 11.4453 9.45854 13.505 11.6393 9.43542 15.8742 12.33
threshold=0.0083050956018269079 0.00067693734308704745 1.0949038442391314e-12 0.00019733449153136465 0.0053549730218946942 0.0052836686372756967 0.00022778376296628269 7.4039065893830035e-13 0.0099467872641980665 0.0065106390975415715 -0.099514577537775026 2.0140632868079215e-12 0.5228063464164735 0.47030174732208258
decision_type=10 10 2 10 8 10 8 2 10 2 2 2 2 2
left_child=4 2 3 -2 5 -1 -6 8 9 10 -8 12 13 -9
right_child=1 -3 -4 -5 6 -7 7 11 -10 -11 -12 -13 -14 -15
leaf_value=7.5479646626213346e-06 0.00027059378118394014 0.0018243477112228651 0.00071280476259789557 -0.0045113340091423619 -0.0012049515119161691 -0.0055683737350358453 -0.0020889210751834984 0.0050013568865002146 0.0020633089334567284 -0.0044479280545452211 0.0030136707053164437 0.00028264607162285061 0.0071512651109646545 -0.00064194396741097215
leaf_weight=48246.168375536799 231.24521969258785 382.90937308967113 374.65187375247478 659.96081563830376 622.26117600500584 219.23839174211025 320.99643959105015 252.09578001499176 707.2475987970829 284.48823699355125 357.19052232801914 421.39922274649143 350.95518396794796 350.30829039216042
leaf_count=193872 927 1539 1505 2645 2497 880 1288 1014 2834 1140 1432 1697 1410 1403
internal_value=1.38725e-05 -0.00118842 -0.00211395 -0.00329184 5.23379e-05 -1.99618e-05 0.00100284 0.00145898 0.000337653 -0.000946323 0.000607879 0.00279668 0.00387928 0.0018045
internal_weight=53781.1 1648.77 1265.86 891.206 52132.3 48465.4 3666.94 3044.68 1669.92 962.675 678.187 1374.76 953.359 602.404
internal_count=216083 6616 5077 3572 209467 194752 14715 12218 6694 3860 2720 5524 3827 2417
is_linear=0
shrinkage=0.02


Tree=277
num_leaves=15
num_cat=0
split_feature=9 31 5 21 15 29 14 35 36 14 20 5 17 20
split_gain=9.16176 13.6996 13.2444 9.49436 9.46492 8.1906 7.75171 21.4069 7.52987 7.17818 11.1139 13.3434 13.4853 11.4038
threshold=0.58333334326744091 0.080741137266159071 0.0014644591719843449 -0.38329921662807459 0.91666665673255932 -0.30993221700191492 0.0003440021828282625 6.4864774792713919e-13 3.4253909387757524e-12 0.00023165110178524631 7.0611135015496998e-05 0.0010232058702968063 0.75000000000000011 0.00011422844909247944
decision_type=2 10 10 2 2 2 10 2 2 10 10 8 2 10
left_child=1 4 -3 -4 6 -2 -1 -8 9 -7 11 12 -11 -12
right_child=5 2 3 -5 -6 8 7 -9 -10 10 13 -13 -14 -15
leaf_value=0.0013246400355291889 -0.0024704101715449138 0.0010299235954892971 0.0011936371135068458 -0.0024537609685343011 -0.00029153060002658953 -0.0002764708492723494 -0.004251028437594848 0.0016511553177521788 0.0028543663900884122 -0.0033151687772945506 -0.00065828686980606637 0.0022364047163703359 0.0014141177844379795 0.00064592912464544268
leaf_weight=8011.8133291453123 545.68575346469879 1069.3805187791586 340.56748616695404 1463.7091459929943 2413.8609228730202 24744.152158603072 367.81662012636662 652.3774941265583 334.71324257552624 399.75499145686626 5385.6851184517145 2101.1409263163805 548.65609103441238 5301.7665703892708
leaf_count=32301 2199 4305 1373 5890 9695 99300 1479 2640 1359 1604 21597 8447 2200 21289
internal_value=7.64741e-05 0.000509291 -0.000721683 -0.00175976 0.000819065 -8.11611e-05 0.00111587 -0.000517615 -4.63173e-05 -7.30174e-05 0.000293328 0.00135405 -0.000606573 -1.13012e-05
internal_weight=53681.1 14319.5 2873.66 1804.28 11445.9 39361.6 9032.01 1020.19 38815.9 38481.2 13737 3049.55 948.411 10687.5
internal_count=215678 57683 11568 7263 46115 157995 36420 4119 155796 154437 55137 12251 3804 42886
is_linear=0
shrinkage=0.02


Tree=278
num_leaves=15
num_cat=0
split_feature=5 18 5 29 33 5 37 5 27 0 5 33 27 34
split_gain=6.5175 7.43629 11.9164 8.78581 14.9446 10.2789 15.0369 14.28 11.5055 10.7952 9.46756 8.45459 12.0474 9.60839
threshold=0.00039425591239705687 0.00020067312289029363 0.00071375729748979222 0.13416474312543872 -0.23000000417232511 0.0047772824764251718 0.0079759052023291605 0.00378637423273176 -0.11104306578636168 0.078887917101383223 0.0016215830110013487 -0.18333333730697629 -0.14534597843885419 -0.33833332359790796
decision_type=8 8 10 2 8 10 2 10 2 2 10 10 2 10
left_child=-1 2 -2 5 -5 7 -7 9 -9 -4 -11 12 13 -3
right_child=1 11 3 4 -6 6 -8 8 -10 10 -12 -13 -14 -15
leaf_value=0.0034320540282650538 -0.0028149753117541359 -0.0038197796575449184 -0.0002996723990887112 -0.0053842449756590525 -0.00067918786652331213 -0.0051020016243026028 0.00064039231010591658 -0.00098982435054034983 0.0045996593963523657 -0.00031192385740758805 0.0038850815817019387 2.5887527397944359e-05 0.0015629685395706376 0.00018626634613473837
leaf_weight=204.48352962732315 755.648183837533 247.84070149064064 7367.9529034346342 307.13802893459797 1594.159160271287 352.06161086261272 350.05096228420734 201.81780271232128 469.89966127276421 376.96344488859177 471.92888626456261 35193.098346188664 3626.4405985921621 2248.4411032050848
leaf_count=832 3038 1008 29588 1241 6399 1413 1405 812 1885 1546 1938 141179 14668 9079
internal_value=3.13364e-05 1.70777e-05 -0.000415338 -0.000252935 -0.00148738 -5.62648e-06 -0.00230058 0.000180411 0.00294023 -5.17922e-05 0.00205706 0.000145402 0.000830041 -0.000238669
internal_weight=53767.9 53563.4 12247.6 11492 1901.3 9590.68 702.113 8888.56 671.717 8216.85 848.892 41315.8 6122.72 2496.28
internal_count=216031 215199 49265 46227 7640 38587 2818 35769 2697 33072 3484 165934 24755 10087
is_linear=0
shrinkage=0.02


Tree=279
num_leaves=15
num_cat=0
split_feature=16 33 36 35 35 37 18 18 34 26 5 12 12 21
split_gain=7.34678 11.0033 6.66919 6.21876 10.8914 6.12823 5.85452 10.7954 10.3744 13.7156 9.46609 9.20553 9.12444 9.81059
threshold=0.00020070495520485568 0.11666667088866235 3.237271670349096e-12 2.9715870064096766e-13 2.7698406990326474e-13 0.67390772700309765 0.00038754935667384421 0.00023617988335900011 -0.26388889551162714 -0.020041472278535363 0.0047772824764251718 0.00011698687376338059 0.00011029696543118918 0.45368602871894842
decision_type=8 10 2 2 2 2 10 8 10 2 8 10 8 2
left_child=1 2 5 4 -2 -1 7 10 9 -8 -5 12 13 -9
right_child=3 -3 -4 6 -6 -7 8 11 -10 -11 -12 -13 -14 -15
leaf_value=-0.00035595227020970269 2.8205603040554902e-05 0.0020608705823681739 0.0022625186110130299 7.5547520113231943e-05 -0.0041671426668929206 -0.0036679530601920478 -0.0061358823938967742 0.00073002082413223084 8.1294127969266746e-05 0.00083559853772488979 -0.0027754364621741384 0.00050817155952782422 0.0045475046844790897 0.0036356500852019629
leaf_weight=21767.102355271578 838.83184288442135 767.50914977490902 366.06091509759426 4037.8210993409157 330.97166721522808 206.06636393070221 229.38007535040379 2114.392625272274 14550.946143642068 198.45834881067276 506.46009519696236 6792.0645566433668 408.49906940758228 581.53909991681576
leaf_count=87484 3374 3077 1488 16233 1327 830 936 8488 58404 809 2032 27287 1640 2335
internal_value=5.79857e-06 -0.000263243 -0.000344864 0.000209067 -0.00120888 -0.00039032 0.000266232 0.000553279 -1.08736e-05 -0.00300917 -0.000252964 0.000923253 0.00182233 0.00137895
internal_weight=53696.1 23106.7 22339.2 30589.4 1169.8 21973.2 29419.6 14440.8 14978.8 427.838 4544.28 9896.5 3104.43 2695.93
internal_count=215744 92879 89802 122865 4701 88314 118164 58015 60149 1745 18265 39750 12463 10823
is_linear=0
shrinkage=0.02


Tree=280
num_leaves=15
num_cat=0
split_feature=3 20 20 20 14 30 1 18 30 30 30 29 35 20
split_gain=5.98161 8.65538 4.86367 10.4743 8.44948 10.0837 8.68973 8.35553 12.9491 11.4153 8.36242 13.1501 9.04895 9.17487
threshold=0.58675318956375133 5.4112490033730871e-05 0.00011193597674719059 0.00011731905760825613 0.00026591273490339523 -0.060959229245781892 0.47723448276519781 0.00021796704095322641 -0.08056821301579474 -0.0046143713407218448 -0.040482629090547555 -0.042420890182256692 3.4569076117277336e-13 0.00016498098557349297
decision_type=2 10 8 10 10 2 2 10 2 2 2 2 2 10
left_child=2 -2 -1 4 5 -4 -7 8 -5 -10 -9 -12 -13 -14
right_child=1 -3 3 7 -6 6 -8 10 9 -11 11 12 13 -15
leaf_value=-6.8647906151219471e-05 0.0045640774270991223 -0.00012412532171674943 0.00024550121573805591 0.0017741266197792132 -0.00015766753002489765 0.0077477398129697983 0.0026525261647713893 -0.0003546770681101233 -0.0067859138803312256 -0.0012281939169665329 0.0039242609797196419 0.0032707700057162349 -0.00032161444821054221 0.0015234712346878284
leaf_weight=40916.87763518095 266.48894841969013 347.62632547318935 345.56714509427547 299.80821697413921 501.3585407435894 203.69497294723988 425.76789477467537 4034.6661695986986 208.37781271338463 452.68498326838017 482.32669714093208 423.0915315747261 3275.7148467153311 1583.0823719054461
leaf_count=164330 1130 1456 1387 1203 2013 818 1706 16207 835 1814 1938 1696 13136 6361
internal_value=5.90583e-05 0.00199006 3.60079e-05 0.000385511 0.00195343 0.0030203 0.00448916 0.000167146 -0.0015934 -0.00312791 0.000342678 0.000830331 0.000534065 0.000283328
internal_weight=53767.1 614.115 53153 12236.1 1476.39 975.03 629.463 10759.8 960.871 661.063 9798.88 5764.22 5281.89 4858.8
internal_count=216030 2586 213444 49114 5924 3911 2524 43190 3852 2649 39338 23131 21193 19497
is_linear=0
shrinkage=0.02


Tree=281
num_leaves=15
num_cat=0
split_feature=31 20 34 30 16 14 20 25 21 21 3 31 0 30
split_gain=6.53375 8.19842 15.2234 6.26861 5.86253 6.71772 5.75844 5.48933 7.31345 6.58977 7.98426 10.9799 8.30233 8.21214
threshold=-0.19902562350034711 8.9470719103701426e-05 -0.13222222775220868 -0.42759253084659571 0.0013909395202063026 0.00088219615281559538 4.7614119466743439e-05 -0.51898491382598866 -0.79100960493087757 -0.8811180293560027 0.49261665344238287 0.036104753613471992 0.078887917101383223 0.0255041066557169
decision_type=8 10 8 2 8 10 10 2 2 2 2 10 2 2
left_child=1 2 6 -2 5 7 -1 8 -5 10 13 12 -12 -9
right_child=3 -3 -4 4 -6 -7 -8 9 -10 -11 11 -13 -14 -15
leaf_value=9.6114815115959737e-05 0.0028436067633370921 -0.0039565938586429471 0.0033198146365984887 -0.0042702572783213065 0.0030977304611143879 -0.0032003415149330699 -0.0032430565290396513 0.001137394402742875 -5.2439516124274596e-05 -8.9951899796195947e-05 0.00018138112783537677 0.0044767701992255602 0.0043681849939978092 -0.0027111757047986024
leaf_weight=346.80982901155949 278.77066516876221 353.17433531582355 285.61521410942078 267.19374381005764 213.87556524574757 253.8196187466383 486.84398552775383 455.88851936161518 385.90139669179916 48099.58000394702 1267.5720790028572 405.00962881743908 203.15195296704769 397.45708188414574
leaf_count=1402 1146 1423 1148 1081 870 1025 1966 1833 1560 193144 5099 1634 836 1598
internal_value=-8.24319e-05 -0.00138724 -0.000521283 -4.51291e-05 -6.1719e-05 -7.59722e-05 -0.00188422 -5.93314e-05 -0.00185364 -3.55564e-05 0.000916836 0.00164104 0.000810553 -0.000676166
internal_weight=53700.7 1472.44 1119.27 52228.2 51949.4 51735.6 833.654 51481.8 653.095 50828.7 2729.08 1875.73 1470.72 853.346
internal_count=215765 5939 4516 209826 208680 207810 3368 206785 2641 204144 11000 7569 5935 3431
is_linear=0
shrinkage=0.02


Tree=282
num_leaves=15
num_cat=0
split_feature=12 18 35 28 14 25 25 12 19 20 20 20 20 18
split_gain=5.27038 7.68255 10.9729 16.4036 10.0757 7.80191 12.0144 7.00695 15.3724 9.89401 8.80874 23.1057 17.0729 11.3158
threshold=0.00018681660731090235 0.00014763867511646825 5.6871711116499034e-13 -0.1911136135458946 7.5570140324998661e-05 -0.42446681857109064 -0.33511455357074732 5.9733156376751147e-05 0.75000000000000011 6.2001749029150246e-05 4.7614119466743439e-05 5.2717432481586009e-05 5.1252356570330455e-05 0.00016035975568229335
decision_type=8 8 2 2 10 2 2 10 2 10 8 10 8 10
left_child=1 2 3 -1 -5 -3 -7 8 -8 -10 13 12 -12 -9
right_child=-2 5 -4 4 -6 6 7 10 9 -11 11 -13 -14 -15
leaf_value=-0.0041477660551290764 0.00030099657186682586 -0.0017401446003666692 0.0013841889164206667 -0.0023915938976797253 0.0012260593185558918 0.0015801525828163774 0.000276721465858854 -0.0031386292108106706 -0.0041922972270813322 -0.0011202688263317949 -0.001200355064122348 -0.00014888597917380741 -0.0058500836335931422 0.0010758994424422037
leaf_weight=382.84747232496738 14641.218437463045 1329.8866957575083 2880.4876930862665 386.70257106423378 1251.4892442822456 1448.2364701330662 1606.7363546639681 256.649787530303 719.89798127114773 1016.3916797488928 971.21482549607754 23082.794364541769 458.65194107592106 3317.1569851636887
leaf_count=1543 58865 5364 11615 1553 5021 5829 6464 1034 2894 4075 3907 92593 1844 13360
internal_value=-2.24302e-05 -0.000143603 0.000595376 -0.000531427 0.00035355 -0.000249775 -0.00018847 -0.000270919 -0.00113373 -0.00242722 -0.000167488 -0.000302847 -0.00275195 0.000757454
internal_weight=53750.4 39109.1 4901.53 2021.04 1638.19 34207.6 32877.7 31429.5 3343.03 1736.29 28086.5 24512.7 1429.87 3573.81
internal_count=215961 157096 19732 8117 6574 137364 132000 126171 13433 6969 112738 98344 5751 14394
is_linear=0
shrinkage=0.02


Tree=283
num_leaves=15
num_cat=0
split_feature=29 28 20 20 1 25 35 21 21 29 27 12 26 8
split_gain=6.90504 6.20202 5.29351 10.9896 25.4002 14.7069 14.6835 10.1216 14.1187 9.62989 10.7205 9.57262 9.18519 12.9817
threshold=-0.30993221700191492 0.54947867989540111 8.5502822912530987e-05 9.2793798103230088e-05 0.51935729384422313 0.13258831948041919 5.4288355495063511e-13 -0.63702538609504689 -0.14136141538619992 -0.073409233242273317 0.14175587147474292 0.00047554523916915065 -0.26883554458618159 0.00011473233462311329
decision_type=2 2 10 10 2 2 2 2 2 2 2 8 2 10
left_child=-1 2 11 4 7 6 -6 -4 -9 -10 -11 12 13 -2
right_child=1 -3 3 -5 5 -7 -8 8 9 10 -12 -13 -14 -15
leaf_value=-0.0016827237410437909 0.00071003644499339407 -0.0031818757975730391 -0.0037039677255772548 7.9803620317845587e-05 -0.005400343924250795 -0.0079835857964208994 -0.00071352828484064614 0.0036451266175990919 0.003416710944511423 -0.0025330937104441433 0.0016280180671283016 0.0042956784679697496 0.00011251332603345842 0.0041203110522648103
leaf_weight=851.43563681840897 4402.4684558659792 207.66279670596123 202.60030570626259 19349.360436499119 383.1495294123888 200.41164764761925 816.283088773489 486.16018661856651 209.89752487838268 690.43686933815479 363.40703323483467 218.1585009098053 24798.49467292428 479.01319207251072
leaf_count=3436 17765 839 812 77644 1536 804 3281 1947 841 2766 1457 884 99640 1944
internal_value=8.31554e-05 0.000112254 0.000126463 -0.000103742 -0.00115734 -0.00319298 -0.00227471 0.000319694 0.000822137 -0.000303734 -0.00109458 0.000301211 0.000268977 0.00106013
internal_weight=53658.9 52807.5 52599.8 22701.7 3352.35 1399.84 1199.43 1952.5 1749.9 1263.74 1053.84 29898.1 29680 4881.48
internal_count=215596 212160 211321 91088 13444 5621 4817 7823 7011 5064 4223 120233 119349 19709
is_linear=0
shrinkage=0.02


Tree=284
num_leaves=15
num_cat=0
split_feature=0 20 18 5 36 5 18 5 34 20 36 31 18 37
split_gain=5.53076 11.4583 8.77445 8.94825 6.3476 5.34031 5.10458 10.8341 12.2556 9.78742 10.1794 10.7968 7.53844 9.09328
threshold=0.1037161946296692 4.6746261432417675e-05 0.00027954550751019275 0.0021748989820480351 7.5590973909987768e-13 0.00039425591239705687 0.0009287523280363531 0.0016215830110013487 -0.0055555556900812033 0.00011888106382684784 6.6345832907405155e-13 0.0030653704889118676 0.0006382602732628585 0.18201388418674472
decision_type=2 10 10 10 2 8 8 10 8 10 2 10 10 2
left_child=5 -2 -3 -4 -5 -1 12 8 -8 -9 11 -11 -7 -14
right_child=1 2 3 4 -6 6 7 9 -10 10 -12 -13 13 -15
leaf_value=0.0030013801469900322 0.0051854181231314658 -0.002308753217234779 0.0045252000901133769 -0.0023958428747613788 0.0021483063596168541 -5.4390549942754637e-05 0.0052685302084507059 -0.0029894229490730912 -0.00054206110956635798 -0.00017127622825833505 -0.0012191992747088557 0.0057887375791089843 -0.0015434628838769462 0.00080695730252681574
leaf_weight=205.21651081740856 221.66351257264614 322.03445887565613 242.46081611514091 224.29372879862785 227.61696526408195 46791.914581477642 369.09803523123264 327.99040943384171 226.13122816383839 230.57596960663795 437.0978809595108 234.58510571718216 2797.3557056933641 845.28600171208382
leaf_count=834 927 1331 993 912 933 187887 1486 1318 908 927 1765 944 11220 3393
internal_value=-4.04445e-05 0.00127005 0.000332575 0.00158791 -0.000113014 -7.18415e-05 -8.50531e-05 0.000948145 0.00311519 -0.000133394 0.000947147 0.00294914 -0.000122811 -0.000996613
internal_weight=53703.3 1238.07 1016.41 694.372 451.911 52465.3 52260 1825.48 595.229 1230.25 902.259 465.161 50434.6 3642.64
internal_count=215778 5096 4169 2838 1845 210682 209848 7348 2394 4954 3636 1871 202500 14613
is_linear=0
shrinkage=0.02


Tree=285
num_leaves=15
num_cat=0
split_feature=21 14 36 18 29 14 1 14 27 36 18 25 31 16
split_gain=6.10611 8.73852 12.5631 17.645 12.2751 10.1935 10.6171 10.0863 11.4602 9.70423 9.2335 11.4 11.5999 9.20688
threshold=-0.28166832029819483 0.00022086950775701555 6.5974827055496909e-13 0.00054253460257314156 -0.039556225761771195 0.00015300724044209349 0.58042055368423473 8.1296027929056449e-05 -0.26977977156639094 6.3069186917279206e-13 0.00023334800062002617 -0.018961327150464054 -0.049118962138891213 0.00036315590841695672
decision_type=2 8 2 10 2 10 2 10 2 2 8 2 10 10
left_child=1 5 3 -3 -4 6 7 -1 9 -9 11 12 -7 -12
right_child=-2 2 4 -5 -6 10 -8 8 -10 -11 13 -13 -14 -15
leaf_value=-0.0012996428626171567 -0.00014392360873681764 0.0029211107187293488 0.0011968643516458404 -0.00029211513524844538 -0.0013320352689807631 -0.00098886440412319638 0.0032291752324336634 -0.0052910600390364071 0.0010017497210943985 0.00024533921860895929 0.00023535184359625802 0.00059727025052329883 -0.0053981570771836742 -0.0034145476050418608
leaf_weight=1314.9853335171938 36643.908687368035 1991.6783194988966 1620.3945283442736 1030.3314411789179 1423.2178632766008 470.71962168812752 495.47196483612061 203.90003813803196 4270.232202321291 287.66169466078281 2680.6478321403265 425.87869271636009 488.07106304168701 288.00702214241028
leaf_count=5285 147163 7991 6540 4137 5724 1898 2042 819 17143 1160 10768 1712 1964 1156
internal_value=1.37974e-06 0.000314548 0.000921916 0.00183087 1.33544e-05 -2.37171e-05 0.000472994 0.000238412 0.000666811 -0.00216824 -0.00077234 -0.00210839 -0.00329785 -0.000139227
internal_weight=53635.1 16991.2 6065.62 3022.01 3043.61 10925.6 6572.25 6076.78 4761.79 491.562 4353.32 1384.67 958.791 2968.65
internal_count=215502 68339 24392 12128 12264 43947 26449 24407 19122 1979 17498 5574 3862 11924
is_linear=0
shrinkage=0.02


Tree=286
num_leaves=15
num_cat=0
split_feature=16 5 14 34 25 26 36 5 26 23 26 5 34 21
split_gain=4.46067 11.7675 5.5383 6.62837 7.8897 5.1097 10.6677 16.2662 10.1729 10.2533 8.81192 11.3187 10.8202 9.48202
threshold=5.8120622270507745e-05 0.0019145630649290981 5.7186683989129967e-05 -0.10888889059424399 -0.026218098588287827 0.11042011529207231 1.8395276621396843e-12 0.0021283305250108246 0.40857908129692083 0.24798607081174853 0.15134485065937045 0.0026394118322059516 -0.31722222268581385 0.61312416195869457
decision_type=8 10 10 10 2 2 2 10 2 2 2 10 10 2
left_child=1 -1 3 4 -2 -4 10 8 9 -8 11 13 -12 -7
right_child=2 -3 5 -5 -6 6 7 -9 -10 -11 12 -13 -14 -15
leaf_value=-0.0036858706509171487 0.0021242797689999204 0.001813560360042683 -0.00013172709370890188 0.0031315254395150468 -0.0023274406402189747 -0.00017876323868571412 0.0015203783447253012 -0.0026960155299409904 0.0037413752960644133 -0.0030565713360376535 0.0046258425013050077 0.0032171475710158293 0.00017271411551373416 0.0039402936416226267
leaf_weight=392.70378009974957 315.99570482969284 234.32783606648445 35563.99867092073 481.9495095461607 282.71724992990494 1355.0900292247534 427.0994148850441 1095.9969498813152 300.75227020680904 329.02966052293777 202.57467418909073 979.96093688905239 11410.424295857549 247.35268238186836
leaf_count=1580 1278 943 142913 1932 1140 5435 1723 4417 1219 1328 820 3930 45791 993
internal_value=1.24241e-05 -0.00163815 3.2565e-05 0.00143646 1.48574e-05 2.79796e-06 0.000295247 -0.00101053 0.00075494 -0.000498723 0.000494425 0.00154651 0.000258213 0.000497788
internal_weight=53620 627.032 52992.9 1080.66 598.713 51912.3 16348.3 2152.88 1056.88 756.129 14195.4 2582.4 11613 1602.44
internal_count=215442 2523 212919 4350 2418 208569 65656 8687 4270 3051 56969 10358 46611 6428
is_linear=0
shrinkage=0.02


Tree=287
num_leaves=15
num_cat=0
split_feature=19 10 32 36 30 14 32 14 10 30 23 32 22 32
split_gain=7.02245 12.2536 9.69647 11.2822 9.21501 8.8135 8.64195 10.3028 8.31259 10.5818 9.95611 7.83099 8.11488 7.15929
threshold=0.91666665673255932 0.00019166617857990789 0.0021858806721866135 4.508272417489898e-13 -0.20553676784038541 6.7562730691861375e-05 -0.098498828709125505 0.00014053870836505669 0.0001117048777814489 -0.057705627754330628 -0.016911874525249001 -0.016276043839752671 0.66059109568595897 0.11801603063941003
decision_type=2 10 10 2 2 10 10 10 10 2 2 10 2 8
left_child=13 2 3 6 -5 -4 7 -2 11 10 -10 12 -6 -1
right_child=1 -3 5 4 8 -7 -8 -9 9 -11 -12 -13 -14 -15
leaf_value=0.00011413798288566391 0.0029371769257241316 0.00093992909190829331 0.0021922625267207611 -0.0020673683891774992 0.00058691938780424606 -0.001251599686130531 0.0026511572117509843 -0.0020553699662922433 -0.0039377728177718155 0.00053000588244284162 0.00023023282367999392 0.0031770113062395944 -0.0029690997143188044 0.00099058349993719035
leaf_weight=32964.441785663366 236.99878321588039 2731.7434685230255 294.48318871855736 1105.7089469134808 2273.6203789263964 6152.2219048440456 944.69972372055054 444.06097196042538 638.62455117702484 848.61725182831287 348.38673828542233 388.004988104105 269.11354674398899 4184.5922150313854
leaf_count=132504 952 10988 1181 4452 9124 24657 3785 1782 2564 3402 1398 1556 1080 16840
internal_value=6.03121e-05 -0.000280437 -0.000520511 -3.099e-05 -0.000439842 -0.00108799 0.00143314 -0.000283808 -5.5225e-05 -0.00110385 -0.00249123 0.000604594 0.000190329 0.000213344
internal_weight=53825.3 16676.3 13944.5 7497.84 5872.08 6446.71 1625.76 681.06 4766.37 1835.63 987.011 2930.74 2542.73 37149
internal_count=216265 66921 55933 30095 23576 25838 6519 2734 19124 7364 3962 11760 10204 149344
is_linear=0
shrinkage=0.02


Tree=288
num_leaves=15
num_cat=0
split_feature=35 19 36 1 21 1 25 32 29 36 26 15 29 32
split_gain=6.51911 14.2507 14.1748 19.4688 13.3232 12.3853 11.3569 9.81257 10.4729 9.59159 9.39449 9.74892 9.366 9.35462
threshold=6.5990664538731491e-13 0.91666665673255932 8.7522429082810559e-13 0.44538010656833654 0.70945221185684215 0.41956017911434179 0.20215824991464618 -0.0010744774481281636 0.22121480107307437 9.2277487734326889e-13 0.11904126033186914 0.75000000000000011 0.29855290055274969 -0.040545936673879616
decision_type=2 2 2 2 2 2 2 10 2 2 2 2 2 8
left_child=12 2 10 4 6 -3 13 -7 -9 -5 11 -2 -1 -4
right_child=1 5 3 9 -6 7 -8 8 -10 -11 -12 -13 -14 -15
leaf_value=-0.0001782397621205307 -0.00013390139613828837 0.0026974828044461232 -0.0043858717656973184 -0.0020011444190466145 0.0014926538500073488 1.0896625902783324e-05 -0.0053198313078398505 -0.0019172031815246615 0.0020160357159027184 0.00064328986631650596 0.0024371939434278478 0.0016990855178706126 0.0032277882998332824 -0.00016377671746738243
leaf_weight=26658.817348018289 2231.4730594158173 444.38831578195095 277.8009280860424 559.50664420425892 389.61929665505886 3674.6222597360611 416.98427267372608 2695.0245267897844 284.50148740410805 10544.018603339791 2080.2603652924299 2392.5053730905056 306.92721545696259 716.83200681209564
leaf_count=106937 8979 1798 1130 2249 1589 14772 1690 10807 1141 42464 8353 9609 1232 2904
internal_value=8.2206e-05 0.000303578 0.000581401 0.000193117 -0.00172413 -0.000463358 -0.00262045 -0.000681901 -0.0015307 0.000506678 0.001326 0.000817742 -0.000137108 -0.00140622
internal_weight=53673.3 26707.5 19609 12904.8 1801.24 7098.54 1411.62 6654.15 2979.53 11103.5 6704.24 4623.98 26965.7 994.633
internal_count=215654 107485 78967 52026 7313 28518 5724 26720 11948 44713 26941 18588 108169 4034
is_linear=0
shrinkage=0.02


Tree=289
num_leaves=15
num_cat=0
split_feature=9 20 20 1 2 1 21 27 2 36 36 36 27 34
split_gain=5.48929 5.36416 8.83885 19.5629 8.44664 15.6932 7.42759 7.40054 7.32142 7.2032 6.99607 18.5066 14.6857 13.8133
threshold=0.25000000745058065 0.00027394181233830755 0.00016234647773671898 0.4811666756868363 0.021879257634282116 0.52051270008087169 0.083491615951061263 0.12735149264335635 0.018957725726068023 5.2630260718132548e-13 8.7522429082810559e-13 6.4972414384398279e-13 -0.013165283482521771 -1.4710455076283322e-15
decision_type=2 10 8 2 2 2 2 2 2 2 2 2 2 10
left_child=-1 2 10 7 5 9 8 -4 -3 -5 11 12 -2 -12
right_child=1 6 3 4 -6 -7 -8 -9 -10 -11 13 -13 -14 -15
leaf_value=0.0016945899965092116 -0.00065805044317476704 -0.00015877319425169919 0.0022897709159945359 0.0031906410359271126 0.0012250465806506535 -0.0046162538892668128 0.00069037876800544002 0.0064274409580647165 -0.0050280628001356477 -0.0013003905610137298 -0.00015003789429922967 0.0009263993232019388 0.00031023849038622453 -0.0017933828322864375
leaf_weight=739.68449287116528 12167.769379392266 206.76055245101452 705.16093523800373 233.89546446502209 919.01199555397034 355.85051628947258 335.86601823568344 230.73439095914364 291.80996650457382 308.95549583435059 13664.560756728053 8338.1997461616993 12875.720757052302 2387.2411354631186
leaf_count=3001 48823 828 2835 936 3702 1425 1352 931 1177 1237 55096 33490 51612 9569
internal_value=6.54877e-06 -1.76306e-05 8.10174e-06 0.00110674 -0.00011012 -0.00147241 -0.00158949 0.003423 -0.00309274 0.000679254 -5.35189e-05 0.00011148 -0.000160369 -0.000396365
internal_weight=53761.2 53021.5 52187.1 2753.61 1817.71 898.701 834.437 935.895 498.571 542.851 49433.5 33381.7 25043.5 16051.8
internal_count=216014 213013 209656 11066 7300 3598 3357 3766 2005 2173 198590 133925 100435 64665
is_linear=0
shrinkage=0.02


Tree=290
num_leaves=15
num_cat=0
split_feature=16 16 21 10 35 3 28 16 30 2 29 10 34 27
split_gain=5.92618 5.67858 8.19962 7.50747 7.34274 8.79299 11.7248 8.03614 12.7593 8.93195 9.44676 11.4509 13.611 10.3898
threshold=0.0013909395202063026 0.00034076666634064173 0.46102239191532141 0.00018964760965900498 2.7698406990326474e-13 0.44566658139228826 0.16629491746425631 0.00019954784511355686 0.08752917125821115 0.014203441794961693 0.070800121873617186 0.00010907127216341907 -0.097777780145406709 -0.10335895419120787
decision_type=8 10 2 10 2 2 2 10 2 2 2 10 10 2
left_child=1 2 -1 4 -4 6 -6 9 -9 -7 13 12 -12 -11
right_child=-2 -3 3 -5 5 7 -8 8 -10 10 11 -13 -14 -15
leaf_value=-6.1085654260511195e-05 0.003156930144720317 -0.00040977992499898283 0.0034508365440617372 0.0025037313698152287 0.0039947475934629176 0.0009234508043840183 -0.00017191678959468424 -7.1495579072653007e-05 0.0028158896045698055 -0.0026632341862254235 -0.0044448376782537068 -0.0061560065623143135 0.00063309117173275954 0.00077668820267929933
leaf_weight=32675.959198489785 215.12719275057316 11911.225740104914 292.37907767295837 756.96437688171864 542.82504335045815 1189.4116305559874 516.42472548782825 1850.1940432190895 894.18729823827744 468.10205982625484 328.84093597531319 250.5208165794611 524.2856806665659 1233.0848818123341
leaf_count=131287 876 47846 1176 3047 2204 4761 2093 7421 3583 1884 1322 1005 2100 4955
internal_value=-1.1279e-05 -2.52106e-05 8.52501e-05 0.000624639 0.000443081 0.000321767 0.0019978 5.31782e-05 0.000882852 -0.000518436 -0.00113209 -0.00255533 -0.0013812 -0.000189796
internal_weight=53649.5 53434.4 41523.2 8847.22 8090.26 7797.88 1059.25 6738.63 2744.38 3994.25 2804.83 1103.65 853.127 1701.19
internal_count=215560 214684 166838 35551 32504 31328 4297 27031 11004 16027 11266 4427 3422 6839
is_linear=0
shrinkage=0.02


Tree=291
num_leaves=15
num_cat=0
split_feature=10 0 20 20 20 27 34 11 16 16 28 14 0 20
split_gain=5.14119 7.83242 10.4267 12.1915 12.7532 11.5445 10.1856 10.0183 11.8514 11.2341 12.2879 10.6347 10.3213 9.85392
threshold=9.2151087301317616e-05 0.024785554036498073 0.00012938192230649295 7.0937978307483731e-05 6.6185602918267264e-05 -0.25850753486156458 -0.061111113056540482 0.91666665673255932 0.00034076666634064173 0.00017339093028567734 -0.10701069608330725 0.00017056954675354066 0.039184192195534713 9.188696640194395e-05
decision_type=10 2 8 10 10 2 10 2 10 10 2 10 2 10
left_child=-1 -2 3 4 -3 -4 -6 8 9 -5 -11 13 -10 -12
right_child=1 2 5 7 6 -7 -8 -9 12 10 11 -13 -14 -15
leaf_value=0.0002218491084983607 -0.00062709793252061841 9.5913886673341386e-05 0.0052511274505847366 -0.0020001831637263883 0.00056117729854194892 0.00068618495097060874 0.0044301646084139983 0.00036591927136142967 0.00019078158285696617 0.0019596769801903504 -0.0010589707272438988 -0.0015201673220639929 -0.002960157517006894 0.0037178290611408855
leaf_weight=22983.192991673946 10165.729214817286 5710.3844680637121 215.9002602994442 1315.9161049127579 568.53423215448856 3884.6662496328354 514.20225356519222 2868.9253028184175 542.24340309202671 1033.0520513951778 316.5224454253912 1613.4056064635515 1731.4452870041132 342.68499886989594
leaf_count=92343 40719 23052 872 5290 2296 15631 2062 11510 2173 4159 1271 6479 6969 1375
internal_value=-4.44524e-06 -0.000173213 5.05341e-05 -0.000173317 0.000476507 0.000950856 0.00244562 -0.00062546 -0.00103781 -0.000452314 0.000172184 -0.000650357 -0.00221359 0.00146057
internal_weight=53806.8 30823.6 20657.9 16557.3 6793.12 4100.57 1082.74 9764.2 6895.27 4621.58 3305.67 2272.61 2273.69 659.207
internal_count=216201 123858 83139 66636 27410 16503 4358 39226 27716 18574 13284 9125 9142 2646
is_linear=0
shrinkage=0.02


Tree=292
num_leaves=15
num_cat=0
split_feature=18 36 20 36 36 30 32 37 23 20 20 1 1 28
split_gain=6.12276 8.81446 12.3451 11.3299 18.971 16.1783 15.5599 14.5532 14.0235 11.1053 16.4591 16.3273 23.7259 16.2306
threshold=0.00044973958574701106 2.3633373903708681e-12 9.9299464636715143e-05 7.6161313041812905e-13 8.7522429082810559e-13 0.091246347874403014 -0.15091519057750699 -0.27639284729957575 0.04598327353596688 9.1387686552479877e-05 0.00010482306970516221 0.54235088825225841 0.56978797912597667 0.078532859683036818
decision_type=10 2 10 2 2 2 10 2 2 10 10 2 2 2
left_child=-1 3 -3 9 8 6 -6 -8 -5 -2 13 -12 -13 -11
right_child=1 2 -4 4 5 -7 7 -9 -10 10 11 12 -14 -15
leaf_value=7.8928645946316212e-05 -0.0016063679084877519 0.00063136032774514133 -0.0042217326820987566 0.0056013107521609828 -0.0028675043034424026 -0.002415705671361026 -0.0024962068461723496 0.0020582410386275505 0.00028072121283343143 0.0038057218525176201 4.3985155529087608e-05 -0.0056662927692067312 0.00050655373263275543 -0.0016780305731143
leaf_weight=40362.171228393912 3285.6659283041954 334.51837003231049 521.57886797189713 441.93781378865242 389.89864517748356 867.22302746772766 312.72720600664616 1849.9236649721861 350.87051309645176 695.66026127338409 3054.6426451653242 533.857247620821 447.0769979506731 295.49163684248924
leaf_count=162209 13174 1350 2109 1777 1574 3486 1257 7430 1409 2788 12247 2141 1806 1184
internal_value=-4.40179e-05 -0.000414434 -0.00235427 -0.000278301 0.00056493 -8.73483e-05 0.000716337 0.00138281 0.00331144 -0.000705967 -0.000113396 -0.000682142 -0.00289901 0.00217
internal_weight=53743.2 13381.1 856.097 12525 4212.58 3419.77 2552.55 2162.65 792.808 8312.39 5026.73 4035.58 980.934 991.152
internal_count=215941 53732 3459 50273 16933 13747 10261 8687 3186 33340 20166 16194 3947 3972
is_linear=0
shrinkage=0.02


Tree=293
num_leaves=15
num_cat=0
split_feature=9 37 1 26 5 3 35 30 9 21 32 5 5 26
split_gain=7.2103 6.61284 5.81302 5.42601 5.60673 4.90821 11.1965 15.8674 11.6706 10.8523 11.1157 11.5484 11.3244 11.9942
threshold=0.25000000745058065 0.67390772700309765 0.48613071441650396 0.075561035424470915 0.0017305210931226613 0.5135507881641389 4.8137410941020985e-13 0.039212115108966834 0.91666665673255932 0.94429662823677074 0.050125198438763625 0.0021748989820480351 0.0017453533946536484 0.10505359992384912
decision_type=2 2 2 2 8 2 2 2 2 2 10 10 8 2
left_child=3 5 -3 4 -1 -2 7 -7 9 10 -8 12 13 -12
right_child=1 2 -4 -5 -6 6 8 -9 -10 -11 11 -13 -14 -15
leaf_value=0.0054166641202078539 -0.00020477161721154874 -7.0462644491270929e-05 -0.0047796654562053805 -0.00032050624606372037 0.00098629787560309515 -7.7365556399641288e-07 0.00061354764202831331 -0.0025660706031918053 -0.00053678212869357779 -0.0023018323416967804 9.955024572192895e-05 0.0039927948578511565 -0.0028160122963492803 0.0051729235362194658
leaf_weight=213.29584191739559 32059.082448422909 198.91596412658691 203.16014422476292 274.21326316893101 245.53828601539135 4273.8849549591541 9250.1150513589382 1225.5586842745543 3495.195397272706 421.28958363831043 498.76122204959393 851.14541451632977 239.54483407735825 278.39368540048599
leaf_count=867 128592 803 817 1110 998 17178 37324 4919 14041 1704 2014 3428 967 1123
internal_value=-4.26349e-05 -7.02222e-05 -0.00256365 0.00190066 0.00318604 -5.01925e-05 0.000191113 -0.00057968 0.000473456 0.000779853 0.00090055 0.00230031 0.000833731 0.00200113
internal_weight=53728.1 52995 402.076 733.047 458.834 52593 20533.9 5499.44 15034.4 11539.2 11118 1867.85 1016.7 777.155
internal_count=215885 212910 1620 2975 1865 211290 82698 22097 60601 46560 44856 7532 4104 3137
is_linear=0
shrinkage=0.02


Tree=294
num_leaves=15
num_cat=0
split_feature=31 25 4 33 14 19 26 0 25 24 31 3 35 26
split_gain=6.00738 11.1007 5.4921 13.1042 10.647 8.08921 7.51319 9.38072 7.05768 11.7232 9.11015 13.6248 12.3286 9.09042
threshold=-0.25496472418308253 -0.29583747684955591 1.0000000180025095e-35 -0.18333333730697629 0.00023456605413230139 0.41666667163372045 0.20757807791233066 0.0090870745480060595 0.28108148276805883 0.032199081033468253 -0.046007711440324776 0.47389401495456701 4.2626328627861509e-13 -0.12173789739608763
decision_type=8 2 2 10 10 2 2 2 2 2 10 2 2 2
left_child=1 -1 3 4 -2 -5 -7 -8 10 -10 11 12 -4 -14
right_child=2 -3 8 5 -6 6 7 -9 9 -11 -12 -13 13 -15
leaf_value=0.00097188276509603717 -0.0029371777851996423 -0.0053180497205131258 0.0056960460544142255 -0.0035554024499779746 0.00089382684541834581 0.00035979676070164123 0.0011163344233451711 -0.0023578021094411579 0.0041155652214950175 0.00050505851993189166 -0.00024173707728468295 0.0001509253152081604 0.003268502001770732 0.00014941161202204254
leaf_weight=204.2572376281023 1256.3264869451523 215.66859218478203 279.77731022238731 240.59902197122574 365.31786632537842 5631.5303534716368 440.51427806913853 962.09296980500221 370.15031419694424 4750.8917692303658 24650.658330023289 12767.264782726765 558.49782752990723 1061.8321383595467
leaf_count=824 5032 869 1126 963 1463 22540 1763 3851 1493 19106 99029 51394 2255 4284
internal_value=-2.59036e-05 -0.00235345 -6.70283e-06 -0.000459717 -0.00207377 -9.52228e-05 3.28757e-05 -0.00126633 8.41534e-05 0.000781022 -6.96237e-06 0.000387403 0.00195823 0.00125125
internal_weight=53755.4 419.926 53335.5 8896.38 1621.64 7274.74 7034.14 1402.61 44439.1 5121.04 39318 14667.4 1900.11 1620.33
internal_count=215992 1693 214299 35612 6495 29117 28154 5614 178687 20599 158088 59059 7665 6539
is_linear=0
shrinkage=0.02


Tree=295
num_leaves=15
num_cat=0
split_feature=12 20 36 5 19 10 5 12 20 16 20 16 2 12
split_gain=5.73051 14.7276 6.60361 8.36072 5.52735 9.55281 11.1707 9.35851 8.93331 8.53848 9.15146 8.31637 9.36219 8.57943
threshold=0.00047554523916915065 8.3381390140857561e-05 8.121046695362678e-13 0.0024159785825759177 0.91666665673255932 0.00018964760965900498 0.00077800793224014353 9.7313466540072127e-05 6.7092816607328145e-05 0.00079368398291990172 0.00011422844909247944 0.00014606706827180463 0.029860507696866993 0.00015072953101480382
decision_type=8 10 2 10 2 10 8 10 10 8 10 10 2 10
left_child=4 -2 3 -3 9 6 8 -8 -6 -1 -11 12 13 -9
right_child=1 2 -4 -5 5 -7 7 11 -10 10 -12 -13 -14 -15
leaf_value=0.00011841542699222918 0.0059392635115137205 0.0043557454246307597 -0.0018543597507316451 -0.00070719306432447191 0.000413265833506316 0.00079308080276074226 9.3484096130875072e-05 0.00039719736948529296 0.0051722840906264535 -0.0055776332892311185 0.00030568825155922872 -0.00079189070783721339 -0.0042202016336275608 -0.0040252791548870325
leaf_weight=36046.834729462862 207.80029964447021 223.19841796159744 346.68174667656422 271.25292600691319 571.14227965474129 2431.9068201035261 4070.2606587857008 563.31290778517723 200.14041610062122 199.09145775437355 200.63160508871078 7512.0668266415596 637.59783862531185 232.84966775774956
leaf_count=144900 843 900 1407 1094 2292 9774 16332 2255 802 800 808 30124 2566 932
internal_value=-2.18361e-05 0.00142791 0.000201338 0.00165873 -5.12416e-05 -0.000358144 -0.00056206 -0.000701399 0.0017477 8.54564e-05 -0.00275078 -0.00106246 -0.00244971 -0.000963166
internal_weight=53714.8 1048.93 841.133 494.451 52665.8 16219.3 13787.4 13016.1 771.283 36446.6 399.723 8945.83 1433.76 796.163
internal_count=215829 4244 3401 1994 211585 65077 55303 52209 3094 146508 1608 35877 5753 3187
is_linear=0
shrinkage=0.02


Tree=296
num_leaves=15
num_cat=0
split_feature=2 8 29 12 29 30 10 28 29 21 1 36 30 2
split_gain=7.23429 6.13455 6.40967 7.58431 13.0506 8.60247 6.4354 7.02218 7.52981 6.83839 9.05987 5.55476 9.63923 6.16884
threshold=0.10855389758944513 0.00016492149734403941 -0.16642945259809491 0.00021601123444270345 -0.11144541203975676 -0.013626344036310909 0.00029238103888928896 0.062677476555109038 -0.02847360540181398 0.43944407999515539 0.47835776209831243 3.237271670349096e-12 -0.034491812810301774 0.040201446041464813
decision_type=2 8 2 8 2 2 10 2 2 2 2 2 2 2
left_child=1 11 -3 5 -5 -4 9 8 -8 10 -6 -1 13 -13
right_child=-2 2 3 4 6 -7 7 -9 -10 -11 -12 12 -14 -15
leaf_value=-0.00012191098852453628 0.0026044598793067662 0.0033357036537316797 0.0012773815975517739 -0.0034300638494515752 -0.0012692564457852734 -0.0029532498084103328 0.0017307010671611014 0.0025405271155645253 -0.0031458252198391825 0.0061105843773089927 0.0037833249497157074 -0.0029811263201241721 0.0036012825544970511 0.0017583197798610548
leaf_weight=49556.205673769116 396.0835894793272 343.11580771207809 317.94570560753345 198.56895680725574 219.16675773262978 434.16298641264439 208.58218604326248 377.64105801284313 268.38314022123814 201.47600437700748 345.29414112865925 203.7303452193737 411.81605677306652 197.32683773338795
leaf_count=198973 1669 1392 1281 803 882 1747 843 1526 1082 812 1390 818 1664 808
internal_value=-2.24873e-05 -4.29846e-05 0.000845984 0.000490563 0.00118575 -0.00117804 0.00178626 0.000570111 -0.00102944 0.00309415 0.00184523 -9.47354e-05 0.00152515 -0.000676484
internal_weight=53679.5 53283.4 2914.34 2571.22 1819.11 752.109 1620.54 854.606 476.965 765.937 564.461 50369.1 812.873 401.057
internal_count=215690 214021 11758 10366 7338 3028 6535 3451 1925 3084 2272 202263 3290 1626
is_linear=0
shrinkage=0.02


Tree=297
num_leaves=15
num_cat=0
split_feature=20 20 0 36 28 36 33 36 26 27 14 31 5 5
split_gain=4.42092 21.7079 22.3314 13.5051 13.084 11.193 11.9657 10.5661 10.2909 12.3481 10.1734 9.51405 9.18273 15.4772
threshold=8.6315812950488193e-05 9.2793798103230088e-05 0.01542789861559868 2.5446966582520773e-12 0.017909528687596325 2.4076994738220229e-12 0.14333333820104602 5.0211972166952511e-13 0.070184517651796355 -0.1684305518865585 0.00016961968503892424 0.044888341799378402 0.0018388219177722933 0.0019775172695517544
decision_type=10 10 2 2 2 2 10 2 2 2 10 10 8 10
left_child=5 2 -2 10 -5 6 12 -4 9 -7 -3 -11 -1 -14
right_child=1 3 7 4 -6 8 -8 -9 -10 11 -12 -13 13 -15
leaf_value=-0.00027215275516997062 0.0015789598062734564 0.00091889482224454075 -0.0049255371547408276 -0.0038003780557543079 0.00054625268528871597 -0.00029123701029755455 0.0033266133056092445 -0.0018495366367073361 -0.00020970796464270328 0.0057590101143377851 -0.00012714867234089414 0.00088246023643566787 0.002658703824170397 0.00020966508236611997
leaf_weight=17566.015378683805 614.03862185776234 5152.7894459068775 598.8741363286972 672.83870907127857 454.05621148645878 338.57243068516254 423.02583007514477 1794.0565471947193 700.708182528615 514.79882252216339 13219.098824948072 240.08172455430031 1127.9979203939438 10280.803100243211
leaf_count=70598 2458 20657 2399 2716 1833 1375 1697 7202 2837 2089 53045 973 4536 41350
internal_value=4.59708e-06 -0.000208939 -0.00178473 3.56488e-05 -0.00207002 0.000158703 6.4573e-05 -0.00265381 0.00168334 0.00287843 0.000166917 0.00427088 1.46862e-05 0.000456033
internal_weight=53697.8 22505.8 3006.97 19498.8 1126.89 31192 29397.8 2392.93 1794.16 1093.45 18371.9 754.881 28974.8 11408.8
internal_count=215765 90310 12059 78251 4549 125455 118181 9601 7274 4437 73702 3062 116484 45886
is_linear=0
shrinkage=0.02


Tree=298
num_leaves=15
num_cat=0
split_feature=27 31 34 27 36 2 5 3 25 2 5 5 34 35
split_gain=6.76035 9.23139 8.71012 7.29077 10.9821 12.7083 9.96252 8.69111 6.10231 7.84955 5.78069 10.4503 11.8121 8.74454
threshold=0.25296635925769811 0.2001432999968529 -0.097777780145406709 0.21116895228624347 1.5644656251902202e-12 0.015053157694637777 0.0032896912889555101 0.49706235527992254 0.16088080406188968 0.041881682351231582 0.0013761312584392729 0.0010326058254577222 -0.038888890296220772 8.8869737306998552e-13
decision_type=2 8 10 2 2 2 10 2 2 2 10 8 8 2
left_child=1 3 -3 -1 5 7 8 -5 -7 -10 11 12 -2 -13
right_child=10 2 -4 4 -6 6 -8 -9 9 -11 -12 13 -14 -15
leaf_value=-2.7119903733469213e-05 -0.0041160551404257331 -0.00061732246336074984 0.0045108078734431073 0.0015940524703578387 -0.002013864772497815 -0.0027030810333437188 0.0041303029810711295 0.0073123453536926763 0.0029318423754566888 -0.0018825151806908741 -0.0014599286769577903 0.0042170863949123425 0.0014456808751664805 -0.00086032335057329465
leaf_weight=47988.340710386634 307.64863778650761 205.01199294626713 333.34584529697895 210.14233709871769 317.57175455987453 269.64882770180702 241.00858297944069 229.11318373680115 297.80108149349689 218.1713282763958 2234.2748871743679 326.85212060809135 271.44503946602345 213.29811081290245
leaf_count=192821 1238 828 1338 841 1280 1083 968 917 1193 880 8981 1312 1088 860
internal_value=-9.61676e-06 4.8482e-05 0.0026058 1.97851e-05 0.00126819 0.00199675 0.000743799 0.00476524 -0.000371841 0.000901878 -0.000876346 0.0002938 -0.00154781 0.00225296
internal_weight=53663.7 50310.2 538.358 49771.8 1783.46 1465.89 1026.63 439.256 785.621 515.972 3353.52 1119.24 579.094 540.15
internal_count=215628 202149 2166 199983 7162 5882 4124 1758 3156 2073 13479 4498 2326 2172
is_linear=0
shrinkage=0.02


Tree=299
num_leaves=15
num_cat=0
split_feature=32 5 36 31 32 5 35 31 31 36 31 10 36 5
split_gain=5.68774 13.9981 14.4346 12.5312 10.7026 11.9635 10.322 10.1411 11.9432 11.8296 10.0599 13.8962 9.94218 11.5646
threshold=-0.063928481191396699 0.0040497789159417161 4.5533748212894808e-13 -0.07900697365403174 -0.015184985008090733 0.0065836044959723958 3.3216803873442617e-12 -0.18194096535444257 -0.025434732437133786 9.0288334534532898e-13 -0.015697420574724671 0.00019166617857990789 4.4845270346597498e-13 0.0012000497663393619
decision_type=8 8 2 10 10 10 2 10 10 2 10 10 2 10
left_child=1 3 -3 -1 12 6 -6 -4 9 -9 -5 -12 13 -2
right_child=4 2 7 10 5 -7 -8 8 -10 -11 11 -13 -14 -15
leaf_value=0.00048596393717776075 -0.00096436041713770506 0.0013402283365275284 -0.0058018220328740011 -0.0013165668093448077 -0.00018884959550989901 0.0016610080826233756 0.0022971736777742157 -0.0025804390036542695 -0.0058280799735138172 0.00053549312523143368 0.0012546024116746718 -0.0039245202498488811 0.00043100333770537035 0.0028701502960878874
leaf_weight=8345.9198627471924 388.33344912528992 562.93265734612942 257.46511141955853 3770.892224252224 25541.002995222807 1573.1904924958944 666.04015961289406 1039.1809079200029 229.15037122368813 892.05095548927784 1462.5924103856087 221.1834512501955 7294.034194663167 1466.8115537762642
leaf_count=33610 1557 2259 1038 15170 102510 6314 2706 4168 921 3587 5903 897 29296 5881
internal_value=3.50596e-05 -0.000270053 -0.00150806 -8.60517e-07 0.000173779 -2.17599e-05 -0.000123965 -0.00217677 -0.00169549 -0.00115043 -0.000744781 0.000536182 0.000766259 0.00206576
internal_weight=53710.8 16781.4 2980.78 13800.6 36929.4 27780.2 26207 2417.85 2160.38 1931.23 5454.67 1683.78 9149.18 1855.15
internal_count=215817 67553 11973 55580 148264 111530 105216 9714 8676 7755 21970 6800 36734 7438
is_linear=0
shrinkage=0.02


Tree=300
num_leaves=15
num_cat=0
split_feature=36 34 4 20 30 33 21 25 1 33 34 32 33 20
split_gain=5.66719 12.5412 11.0654 10.3026 9.66201 9.38311 9.14775 10.0019 8.83982 26.806 24.4524 16.6266 15.4974 12.1667
threshold=8.7522429082810559e-13 -0.28388889133930201 1.0000000180025095e-35 0.00016498098557349297 -0.11430446803569792 0.11666667088866235 0.067139584571123137 0.24873512983322146 0.50226989388465892 -0.3299999982118606 -0.076666668057441698 -0.066454764455556856 -0.23000000417232511 7.4598658102331697e-05
decision_type=2 10 2 8 2 10 2 2 2 8 10 10 10 10
left_child=1 -1 -2 8 -5 -3 -7 -8 12 -10 11 -11 -4 -14
right_child=2 5 3 4 -6 6 7 -9 9 10 -12 -13 13 -15
leaf_value=0.0028950999306511776 -0.0014409320527978516 3.6604004178397216e-06 0.0011184793051108334 -0.0014213878764345374 0.002914158025655048 0.003668517671720461 -0.00272790479654443 0.0013747670378438204 -0.0033076231553286449 0.00042176872256706742 -0.00089994741924346829 0.0030238096300343738 -0.002336125987657037 -0.00040856544031857457
leaf_weight=626.40665654838085 2843.2436146587133 33388.790064692497 1397.6307864487171 263.00409643352032 779.93810077011585 508.83191153407097 274.37560470402241 1225.7251541167498 731.4041116386652 2084.9506660848856 2398.1252492964268 1850.2086798101664 2276.9018333107233 3072.6476964205503
leaf_count=2538 11385 133950 5669 1063 3144 2040 1100 4918 2993 8450 9622 7485 9168 12334
internal_value=-9.60081e-06 0.000134371 -0.000302474 -8.29263e-05 0.00181467 8.39092e-05 0.00140447 0.000598351 -0.000228631 0.00026556 0.000687325 0.00165428 -0.000745334 -0.00123463
internal_weight=53722.2 36024.1 17698.1 14854.8 1042.94 35397.7 2008.93 1500.1 13811.9 7064.69 6333.28 3935.16 6747.18 5349.55
internal_count=215859 144546 71313 59928 4207 142008 8058 6018 55721 28550 25557 15935 27171 21502
is_linear=0
shrinkage=0.02


Tree=301
num_leaves=15
num_cat=0
split_feature=30 10 10 33 5 3 18 5 1 31 30 32 36 35
split_gain=5.33337 4.8442 12.8291 9.03788 9.00578 13.908 12.4714 11.4684 10.5202 10.5355 14.4362 12.1445 9.94079 8.9235
threshold=-0.42759253084659571 9.0015841124113663e-05 8.8403401605319245e-05 -0.3299999982118606 0.0028434002306312327 0.46919411420822149 0.00025364343309775 0.0023958752863109116 0.53677058219909679 0.079323109239339842 -0.049875037744641297 -0.016276043839752671 4.575583889641217e-13 4.6055498824360007e-13
decision_type=2 10 8 10 8 2 8 10 2 10 2 10 2 2
left_child=-1 2 3 -2 7 -6 12 -5 9 10 -9 -12 -7 -14
right_child=1 -3 -4 4 5 6 -8 8 -10 -11 11 -13 13 -15
leaf_value=0.002232792454337564 -0.0016230141605742395 -0.00016060861502949556 0.0029635582212902026 0.00029075704790957496 0.001676409816113006 0.0029844876909076259 -0.0017458984032003866 -0.0010732863862080917 0.0045267298100126812 -0.002132429563654884 0.0071839043972249522 0.0016237140380361769 -0.0040963816906195603 0.00015034711314218524
leaf_weight=410.81771120429039 1081.6052394360304 31388.400296881795 644.50452788174152 12338.537801325321 1031.6266981214285 414.79250611364841 2753.5816637575626 384.18457722663879 462.24215137958527 302.31952054798603 237.08729417622089 446.52540357410908 206.72165507078171 1548.3026849329472
leaf_count=1681 4382 126107 2589 49573 4147 1662 11036 1542 1865 1213 951 1790 829 6213
internal_value=1.64645e-05 -1.46931e-06 0.000227057 0.00014118 0.000237508 -0.000414182 -0.000857246 0.000511566 0.00197923 0.00106701 0.0019954 0.00370146 0.000276135 -0.000390388
internal_weight=53651.2 53240.4 21852 21207.5 20125.9 5955.03 4923.4 14170.9 1832.36 1370.12 1067.8 683.613 2169.82 1755.02
internal_count=215580 213899 87792 85203 80821 23887 19740 56934 7361 5496 4283 2741 8704 7042
is_linear=0
shrinkage=0.02


Tree=302
num_leaves=15
num_cat=0
split_feature=5 23 24 9 11 0 5 28 3 20 14 26 19 36
split_gain=7.7986 8.05891 13.1631 9.18039 14.2004 10.4481 11.9624 10.1186 9.02376 8.93318 9.18015 9.97286 8.93198 11.0451
threshold=0.00039425591239705687 -0.15139184892177579 -0.33509786427021021 0.58333334326744091 0.91666665673255932 0.057168748229742057 0.0026185089955106382 -0.11547758057713507 0.49545891582965856 5.3083211241755641e-05 0.00020134963415330279 -0.2734683603048324 0.91666665673255932 3.7054806109344118e-13
decision_type=8 2 2 2 2 2 10 2 2 10 10 2 2 2
left_child=-1 3 8 4 5 -2 -7 -6 -3 10 -5 -12 13 -11
right_child=1 2 -4 9 7 6 -8 -9 -10 12 11 -13 -14 -15
leaf_value=0.0037420506600733352 0.00022305804533944657 -0.00020875169315472177 0.000157445482315399 -0.0024983037242822239 0.00021590445287487145 0.0038212023573309844 -0.00037374912039566689 -0.0043782076269207552 0.0049939765847766731 -0.0032005030597631562 0.0037425191382364602 -0.0017397964502902034 -0.0011378435842520451 0.00028565841768324318
leaf_weight=208.30930261313915 2692.2560500949621 202.51669064164162 35831.572683557868 1628.352616339922 384.35808178782463 809.06453002989292 399.66065165400505 359.19820621609688 361.84360361099243 365.88330125808716 207.45680676400661 299.83699889481068 3724.8851361125708 6257.1540643572807
leaf_count=848 10816 818 143875 6560 1546 3314 1626 1441 1470 1468 839 1206 14949 25129
internal_value=5.35134e-05 3.77657e-05 0.000206095 -0.000319744 0.000438041 0.00092226 0.00245065 -0.00205997 0.00318377 -0.00060193 -0.00177361 0.0005591 -0.000357159 8.4013e-05
internal_weight=53732.3 53524 36395.9 17128.1 4644.54 3900.98 1208.73 743.556 564.36 12483.6 2135.65 507.294 10347.9 6623.04
internal_count=215905 215057 146163 68894 18743 15756 4940 2987 2288 50151 8605 2045 41546 26597
is_linear=0
shrinkage=0.02


Tree=303
num_leaves=15
num_cat=0
split_feature=32 33 34 31 32 14 34 18 17 36 32 26 21 34
split_gain=8.41335 12.0318 10.8139 9.03998 15.1771 17.1786 10.126 12.4405 11.8399 16.3876 11.8267 13.6473 9.00144 8.81665
threshold=-0.066454764455556856 3.6082248300317595e-15 -0.34333333373069758 -0.076582316309213624 -0.13671251386404035 0.000148538027133327 -0.027777778916060921 0.00080515691661275934 0.91666665673255932 5.2404350932462606e-13 -0.1859878525137901 -0.14777860790491101 -0.10189530998468398 -0.13222222775220868
decision_type=8 10 10 10 10 10 10 10 2 2 10 2 2 10
left_child=1 2 -1 6 5 -5 7 8 13 10 -10 -12 -6 -4
right_child=-2 -3 3 4 12 -7 -8 -9 9 -11 11 -13 -14 -15
leaf_value=-0.002858275823943956 0.00018241160560854449 -0.0016003966919512116 -0.00033324044869129918 0.003939458051832179 -0.0023882350559756922 -0.00088069021521239093 0.0026241777501575859 0.0037366140135717016 -0.0027567997736560939 -0.0023248412947793982 0.0047858493751158767 -0.00113995807415253 -0.00034765249195987876 0.0013346277438416893
leaf_weight=535.08063009381294 37350.958172097802 2611.3564608097076 2408.3177307546139 505.71314232051373 1741.5548676997423 662.9187014400959 713.17413678765297 351.80625493824482 216.66675233840942 1602.7388155311346 376.5782695710659 245.06117476522923 1714.0307496637106 2641.859323233366
leaf_count=2181 149963 10472 9742 2048 7005 2683 2860 1423 871 6448 1512 983 6889 10610
internal_value=1.68769e-05 -0.000361577 -0.000123725 -8.54947e-06 -0.00071923 0.00123637 0.000376321 0.000165766 -1.14323e-05 -0.00114961 0.0010991 0.00248707 -0.0013839 0.000541081
internal_weight=53677.8 16326.9 13715.5 13180.4 4624.22 1168.63 8556.2 7843.03 7491.22 2441.05 838.306 621.639 3455.59 5050.18
internal_count=215690 65727 55255 53074 18625 4731 34449 31589 30166 9814 3366 2495 13894 20352
is_linear=0
shrinkage=0.02


Tree=304
num_leaves=15
num_cat=0
split_feature=32 26 37 14 35 35 29 37 32 35 7 35 21 28
split_gain=6.48706 11.7925 7.07791 6.81177 5.43319 7.36179 6.25543 10.8606 9.594 8.91323 8.61459 8.07543 7.8864 6.68186
threshold=0.2343760281801224 0.38916787505149847 0.048088135197758682 0.00015660710778320211 1.9841560442183592e-13 2.2024335886950896e-13 0.19753610342741015 0.1504202485084534 0.065877832472324385 4.5542478750888748e-13 1.0000000180025095e-35 5.6553530304939713e-13 -0.021511356346309182 0.16629491746425631
decision_type=10 2 2 10 2 2 2 2 10 2 2 2 2 2
left_child=4 2 3 -2 -1 -6 -7 8 12 -10 11 -9 -8 -11
right_child=1 -3 -4 -5 5 6 7 10 9 13 -12 -13 -14 -15
leaf_value=0.0020287150065983538 0.0012078904124999607 0.0013541563977411638 -0.0056625108343700027 -0.0036001374774573738 -0.0035095181414432648 -1.8910240372825587e-05 0.0022255716564022121 0.0034798496638199978 0.0055112403988817451 0.0039568322246751999 -0.0038697942368720638 -0.0011308938367119675 -0.0017140827700071598 0.00068938586648323405
leaf_weight=525.07980951666832 203.68258231878281 358.08110328018665 242.99408914148808 236.7488943785429 215.11394253373146 48782.570019617677 320.88242037594318 200.02623710036278 308.96274437010288 349.14233841001987 259.10633315145969 471.92312680184841 483.50228370726109 813.14677482843399
leaf_count=2123 820 1445 980 954 864 195995 1291 803 1239 1403 1039 1902 1942 3266
internal_value=1.11412e-05 -0.00153685 -0.00304702 -0.00142073 4.2288e-05 2.15389e-05 3.74932e-05 0.000890343 0.00163075 0.00258037 -0.00091555 0.000302544 -0.000126623 0.00172123
internal_weight=53771 1041.51 683.426 440.431 52729.5 52204.4 51989.3 3206.69 2275.64 1471.25 931.056 671.949 804.385 1162.29
internal_count=216066 4199 2754 1774 211867 209744 208880 12885 9141 5908 3744 2705 3233 4669
is_linear=0
shrinkage=0.02


Tree=305
num_leaves=15
num_cat=0
split_feature=32 30 0 3 34 0 0 32 0 14 30 34 14 27
split_gain=5.42955 13.254 7.74913 7.12792 6.9815 9.82883 6.37759 6.15803 8.46841 5.9093 9.09293 8.51904 7.67467 8.21294
threshold=-0.19457482546567914 -0.15038347244262693 0.082813467830419554 0.51482048630714428 -0.29888889193534846 0.056007947772741325 0.065021824091672911 -0.21630679816007611 0.024240076541900638 0.00010373405530117453 0.069965444505214705 0.016666667070239786 0.0001857495590229519 -0.013165283482521771
decision_type=10 2 2 2 10 2 2 10 2 10 2 8 10 2
left_child=1 2 4 -3 -1 7 -7 8 -6 10 -2 -12 13 -11
right_child=9 3 -4 -5 5 6 -8 -9 -10 12 11 -13 -14 -15
leaf_value=-0.0030266801449323854 0.00091874367727080408 0.0010276943713687129 0.0025729858865520617 0.0051954929408809612 -0.00047072768940845632 -0.0045350986095365232 -0.00030558657024681477 -0.0010493064129568834 0.0040373733452889323 -0.00091904237222604687 -0.0011323688566924439 0.0016626143710789202 8.2126358882798404e-05 -5.847579650432449e-05
leaf_weight=322.71625076234341 5343.5867311805487 321.60318794846535 395.56845900416374 343.44220215082169 260.0234182626009 205.90510366857052 395.38073618710041 288.16405606269836 426.02740865945816 8310.4339838325977 1998.6514189392328 537.6169970780611 25057.177395910025 9495.0238120555878
leaf_count=1311 21490 1296 1627 1389 1045 830 1600 1157 1716 33388 8035 2154 100633 38113
internal_value=-2.20516e-06 0.000827658 9.7731e-05 0.00326887 -0.000439535 0.000121698 -0.00185331 0.00135344 0.0023638 -5.09021e-05 0.000451781 -0.000531539 -0.000143483 -0.000460713
internal_weight=53701.3 2958.83 2293.79 665.045 1898.22 1575.5 601.286 974.215 686.051 50742.5 7879.86 2536.27 42862.6 17805.5
internal_count=215784 11971 9286 2685 7659 6348 2430 3918 2761 203813 31679 10189 172134 71501
is_linear=0
shrinkage=0.02


Tree=306
num_leaves=15
num_cat=0
split_feature=18 18 28 0 14 31 29 31 18 14 25 31 28 29
split_gain=6.00271 7.13682 9.29628 12.7252 15.0538 9.67577 9.65648 9.07105 18.939 13.5733 8.8624 8.45985 9.47046 13.0128
threshold=0.0018698624335229399 0.00044973958574701106 0.028958180919289592 0.017986624501645569 0.00038381521881092345 0.09301322698593141 -0.021656420081853863 0.096269365400075926 0.00023334800062002617 0.00013353792746784168 0.31360441446304327 0.08973060175776483 0.28453835844993597 0.079003185033798232
decision_type=8 10 2 2 10 10 2 10 10 10 2 10 2 2
left_child=1 7 -3 -4 5 6 -5 11 9 -9 -8 12 13 -1
right_child=-2 2 3 4 -6 -7 10 8 -10 -11 -12 -13 -14 -15
leaf_value=0.00013398263244116489 0.0031447294907125389 7.2846480296926363e-05 0.00069585190288778314 -0.00017547801515727617 0.0002423522806623354 -0.00054955128991626776 -0.0043874776466671763 -0.00041195531046660304 0.00046553632655729516 -0.0032592933958438684 -0.00018467563696282851 0.0025389496745373188 -0.0014353510227825884 0.0012217095693150735
leaf_weight=27192.885209456086 228.73426331579685 7682.1561413705349 1315.0400891304016 365.45072294771671 1278.9072398543358 838.42546960711479 1377.7234744429588 1383.8305598497391 3253.5000117123127 1289.8572684973478 236.44755175709724 634.91167040169239 1273.4100648164749 5230.0721723437309
leaf_count=109312 928 30853 5265 1468 5148 3366 5524 5565 13066 5185 949 2550 5127 20995
internal_value=4.49737e-05 3.05109e-05 -0.000374738 -0.001008 -0.00155562 -0.00236755 -0.00312433 0.00016244 -0.000558851 -0.00179959 -0.00378164 0.000287221 0.000243313 0.000310086
internal_weight=53581.4 53352.6 13094.2 5411.99 4096.95 2818.05 1979.62 40258.5 5927.19 2673.69 1614.17 34331.3 33696.4 32423
internal_count=215301 214373 52573 21720 16455 11307 7941 161800 23816 10750 6473 137984 135434 130307
is_linear=0
shrinkage=0.02


Tree=307
num_leaves=15
num_cat=0
split_feature=35 5 5 36 5 36 35 36 16 16 36 5 19 20
split_gain=7.36006 7.57065 5.78454 14.7746 14.4649 18.6642 14.286 11.8926 15.7339 12.9546 12.5435 15.8238 12.4983 11.7812
threshold=1.9841560442183592e-13 0.0016095396713353696 0.0027315481565892701 4.4845270346597498e-13 0.0026185089955106382 5.3334970446204676e-13 6.2702799766625749e-13 1.8694473052915943e-12 0.00033320931834168738 0.00017978194227907809 1.3758047435682987e-12 0.0033207229571416978 0.58333334326744091 0.00011343209189362825
decision_type=2 10 8 2 10 2 2 2 10 8 2 8 2 10
left_child=1 -1 4 -4 13 -6 -5 10 9 -9 12 -12 -8 -2
right_child=2 -3 3 6 5 -7 7 8 -10 -11 11 -13 -14 -15
leaf_value=-0.00034498124426607716 -7.4280976505040607e-05 0.0042206158929852262 0.00091112202457990646 -0.0014247497402163814 -0.0015930043774139615 0.0041224760761583235 0.0018675190465951509 -0.0024413671714265694 -0.0038516178799742162 0.00096928877378270177 -0.0017394233760475353 0.0029735482183798874 -0.00053162334324888413 0.0011614002098286589
leaf_weight=253.76135781407356 29751.385221377015 311.23507203161716 3268.6209993958473 5145.110636010766 314.61490352451801 737.00810903310776 1014.2683795541525 704.42180450260639 692.18639570474625 1138.1730086058378 359.99754257500172 1169.970297023654 5403.9948977679014 3423.2711125463247
leaf_count=1024 119608 1260 13105 20627 1263 2967 4074 2836 2789 4579 1448 4704 21692 13756
internal_value=-2.74452e-06 0.00222834 -2.73032e-05 -0.000307994 0.000127759 0.00241475 -0.000563811 -0.00013935 -0.00132655 -0.000346815 0.000241641 0.00185646 -0.000147867 5.38511e-05
internal_weight=53688 564.996 53123 18896.7 34226.3 1051.62 15628.1 10483 2534.78 1842.59 7948.23 1529.97 6418.26 33174.7
internal_count=215732 2284 213448 75854 137594 4230 62749 42122 10204 7415 31918 6152 25766 133364
is_linear=0
shrinkage=0.02


Tree=308
num_leaves=15
num_cat=0
split_feature=31 31 25 35 18 10 19 10 37 33 18 14 35 16
split_gain=9.43657 7.81913 6.12042 5.2664 10.084 11.419 11.1739 10.8267 10 8.85091 8.71597 8.59288 8.50256 7.85921
threshold=-0.25496472418308253 -0.2361439764499664 -0.29583747684955591 6.5990664538731491e-13 0.00013112638407619673 5.2327401135698899e-05 0.91666665673255932 0.00022839931625640022 0.13174875080585483 -0.39000000059604639 0.00010867394667002374 8.8866701844381182e-05 1.6383866241779721e-13 0.00030406449513975536
decision_type=8 10 2 2 10 10 2 10 2 10 8 8 2 10
left_child=2 -2 -1 9 5 -5 11 13 -9 -3 -7 -6 -11 -8
right_child=1 3 -4 4 6 10 7 8 -10 12 -12 -13 -14 -15
leaf_value=-0.00032792629438944851 0.0036862358135823477 -0.0036584605594857352 -0.0050874994450035042 0.0043208576531569374 -0.00099240638564977333 -0.00097454242458055508 -0.00043305471202240912 3.9248307828374215e-05 0.0050268856452527618 0.0036570499199332267 0.0023115339991217248 0.00050293059062918235 -0.00017579494329187512 -0.002094792462529897
leaf_weight=203.80291490256786 213.3979082852602 269.51164998114109 217.35719500482082 459.30416667461395 1675.0862120836973 628.03943426907063 4076.3365477621555 484.41410933434963 220.92370760440826 213.59598357975483 626.76672065258026 16617.854280441999 26236.780022636056 1567.8686458617449
leaf_count=822 862 1094 876 1855 6754 2537 16367 1954 892 865 2529 66902 105226 6291
internal_value=9.47997e-06 3.35832e-05 -0.00290358 1.75144e-05 0.000218021 0.00169221 0.000114188 -0.000607469 0.00169699 -0.000180281 0.000677343 0.000365068 -0.000142104 -0.000900425
internal_weight=53711 53289.9 421.16 53076.5 26356.6 1714.11 24642.5 6349.54 705.338 26719.9 1254.81 18292.9 26450.4 5644.21
internal_count=215826 214128 1698 213266 106081 6921 99160 25504 2846 107185 5066 73656 106091 22658
is_linear=0
shrinkage=0.02


Tree=309
num_leaves=15
num_cat=0
split_feature=26 25 28 28 32 21 23 14 0 1 32 27 14 21
split_gain=5.98814 4.999 3.9291 8.92604 5.83576 4.82959 6.64714 7.01455 11.9145 6.96016 7.4003 7.06376 6.18546 11.483
threshold=-0.67202508449554432 -0.54787954688072193 0.54947867989540111 0.443626418709755 0.2932868897914887 0.54349279403686535 -0.24006250500679013 7.9945551988203092e-05 0.048867272213101394 0.46729628741741186 0.090603664517402663 0.17382627725601199 0.00023029019939713183 -0.25873671472072596
decision_type=2 2 2 2 10 2 2 8 2 2 10 2 8 2
left_child=1 -1 3 4 5 12 -7 8 -8 10 -9 -12 -2 -14
right_child=2 -3 -4 -5 -6 6 7 9 -10 -11 11 -13 13 -15
leaf_value=-1.7595389145188336e-05 -0.00031055498069035872 0.0042880819635988275 -0.0026557764245748899 0.0028268279653612272 -0.002778507547204987 -0.0026960524806775199 0.0040965512663587861 0.00029855880655608856 -0.001311448706231939 -0.00012964658412481156 0.0041674548473897791 0.0007812869575205229 0.00089499385795426944 -0.00023514801400741471
leaf_weight=199.73133027553558 28389.864232569933 214.07581995427608 211.25360856950283 409.98634704947472 295.4853660017252 252.76374481618404 479.03440730273724 1634.3795958757401 230.18094322085381 5118.79919475317 481.73005457222462 506.69144576787949 5726.2646163403988 9595.5653893947601
leaf_count=812 114045 880 853 1653 1191 1018 1921 6584 932 20545 1942 2041 23025 38526
internal_value=-3.54395e-05 0.00230487 -5.44554e-05 -4.31146e-05 -6.65009e-05 -5.01583e-05 0.000379543 0.000477682 0.00235352 0.000300213 0.00113378 0.00248154 -0.000135852 0.000187839
internal_weight=53745.8 413.807 53332 53120.7 52710.8 52415.3 8703.58 8450.82 709.215 7741.6 2622.8 988.422 43711.7 15321.8
internal_count=215968 1692 214276 213423 211770 210579 34983 33965 2853 31112 10567 3983 175596 61551
is_linear=0
shrinkage=0.02


Tree=310
num_leaves=15
num_cat=0
split_feature=28 5 30 31 32 35 1 32 1 31 32 19 1 2
split_gain=6.5496 10.141 11.0281 11.2969 24.7781 12.4993 11.1016 13.8383 10.6603 9.86716 13.1254 9.79298 10.3679 10.2803
threshold=-0.049509629607200616 0.0046609253622591504 -0.1068296581506729 0.014764266554266216 0.031060767360031608 1.2909542141878452e-12 0.50285628437995922 -0.13462111353874204 0.48225481808185583 -0.031576041132211678 -0.1065368428826332 0.91666665673255932 0.59087780117988598 0.040534200146794326
decision_type=2 8 2 10 10 2 2 10 2 10 10 2 2 2
left_child=1 2 11 5 -5 6 9 -8 -6 10 -4 12 13 -1
right_child=-2 -3 3 4 8 -7 7 -9 -10 -11 -12 -13 -14 -15
leaf_value=0.0011322048307520535 0.00019511019340260732 -0.0013172632214747525 -0.0031493024227063808 0.0025391554572233976 -0.0030260529353632834 0.00077697465384175108 0.0014381661248388917 -0.0028301771628164224 0.00013113031166876016 -0.0020822876424998931 0.002417973600421789 -0.0005609316508006861 0.0039060371490743095 -0.00046432996693392641
leaf_weight=4550.115810662508 31433.458684965968 3065.8687402456999 203.58408324420452 1221.145100414753 697.90217280387878 1071.6325801759958 331.61224530637264 2584.3156765699387 1054.7013864666224 650.16572067141533 692.30960641801357 3285.7350172102451 374.3902488052845 2479.5762558728456
leaf_count=18252 126203 12310 816 4906 2801 4320 1334 10376 4236 2605 2775 13217 1560 10055
internal_value=9.26648e-06 -0.000253068 -8.19176e-05 -0.000618493 0.000374105 -0.00115134 -0.00161586 -0.00233827 -0.00114605 -0.000240901 0.00111171 0.000345467 0.00074813 0.000569341
internal_weight=53696.5 22263.1 19197.2 8507.37 2973.75 5533.62 4461.99 2915.93 1752.6 1546.06 895.894 10689.8 7404.08 7029.69
internal_count=215766 89563 77253 34169 11943 22226 17906 11710 7037 6196 3591 43084 29867 28307
is_linear=0
shrinkage=0.02


Tree=311
num_leaves=15
num_cat=0
split_feature=5 5 36 36 36 5 5 26 25 13 26 29 26 5
split_gain=4.92623 18.5858 24.9814 17.8166 12.1323 14.1805 14.1489 11.7762 16.124 17.7858 14.5566 11.6166 10.184 12.5049
threshold=0.0027315481565892701 0.0026185089955106382 5.3564615308358831e-13 3.0459212626079984e-13 3.5455292131045262e-13 0.0011422556126490237 0.0013364111655391755 0.017306680791080001 0.03462494537234307 0.75000000000000011 0.22290670126676562 0.20203875005245212 -0.17180661112070081 0.0017305210931226613
decision_type=10 10 2 2 2 10 10 2 2 2 2 2 2 10
left_child=1 4 -3 -2 5 -1 -7 -5 -9 10 -10 -11 13 -6
right_child=3 2 -4 7 12 6 -8 8 9 11 -12 -13 -14 -15
leaf_value=-0.0040033791239466477 0.0041629957865685222 -0.0017418853279080929 0.0047272820648632911 -0.00082350535648670895 0.00016796372948858402 0.0036055813541317951 -0.0013163077955954763 0.0021823945471201424 -0.00030915033159124297 0.00098642681215963587 -0.0032856294674072006 -0.0022678320132585158 -8.8251923419960268e-05 0.0017880985698805639
leaf_weight=593.06058660149574 333.52362754940987 337.57446432113647 730.26004178822041 10258.071343228221 5582.9692571759224 269.41566790640354 1195.0006785839796 1337.252127751708 1744.6777101159096 3785.9554791152477 1039.0445602834225 476.84891372919083 23152.642966732383 2876.8867355138063
leaf_count=2382 1342 1355 2941 41187 22498 1082 4803 5370 7000 15181 4178 1914 92997 11607
internal_value=-2.67659e-05 0.000114786 0.00268776 -0.00028575 3.16375e-05 -0.00144893 -0.000374425 -0.000369719 0.000186155 -0.000197785 -0.00143566 0.000613506 0.000128854 0.00072183
internal_weight=53713.2 34737.8 1067.83 18975.4 33670 2057.48 1464.42 18641.9 8383.78 7046.53 2783.72 4262.8 31612.5 8459.86
internal_count=215837 139665 4296 76172 135369 8267 5885 74830 33643 28273 11178 17095 127102 34105
is_linear=0
shrinkage=0.02


Tree=312
num_leaves=15
num_cat=0
split_feature=18 5 35 18 5 5 18 30 37 33 18 5 16 20
split_gain=7.38171 12.1778 19.8239 12.0233 9.73969 10.9705 9.95526 13.1658 10.6684 9.60273 8.98851 16.3828 8.93247 8.07061
threshold=0.0009287523280363531 0.0015991535619832577 5.8743887033398122e-13 0.0006382602732628585 0.0087129250168800371 0.0055505172349512586 0.00022914223518455404 -0.09594459086656569 1.0000000180025095e-35 0.016666667535904015 0.0004192472697468475 0.0062598045915365228 0.00030406449513975536 0.00018465882021700966
decision_type=8 10 2 10 10 8 10 2 2 10 10 8 8 10
left_child=3 2 -2 4 5 13 8 12 -7 10 11 -9 -8 -1
right_child=1 -3 -4 -5 -6 6 7 9 -10 -11 -12 -13 -14 -15
leaf_value=6.3922246646206987e-05 -0.00019163471016895943 0.00017684047847739428 0.0071003742357353111 -0.0010988033906970376 -0.0018268099904447011 -0.0036752065065975515 0.0011449442617704354 -0.0014869159817998987 0.0016395785366843088 0.00096843932039998061 0.0066317059422631962 0.0049924582871464177 -0.0038707811871479697 -0.0021836157351317409
leaf_weight=43569.217385292053 284.01199485361576 1339.3001661300659 291.63065849244595 3810.6447431892157 1043.9899607151747 280.38594390451908 379.72904048860073 242.00715427100658 286.84136252105236 690.57388439774513 342.10670898854733 384.6263467669487 201.11080397665501 628.58835752308369
leaf_count=175094 1141 5401 1176 15296 4188 1125 1524 970 1151 2768 1372 1544 807 2526
internal_value=2.47788e-05 0.00123767 0.00361699 -2.04674e-05 6.5474e-05 0.000108261 0.00131604 0.00191218 -0.00102327 0.00281069 0.0040778 0.00252152 -0.000662746 3.09842e-05
internal_weight=53774.8 1914.94 575.643 51859.8 48049.2 47005.2 2807.38 2240.15 567.227 1659.31 968.74 626.634 580.84 44197.8
internal_count=216083 7718 2317 208365 193069 188881 11261 8985 2276 6654 3886 2514 2331 177620
is_linear=0
shrinkage=0.02


Tree=313
num_leaves=15
num_cat=0
split_feature=5 5 32 20 28 26 36 18 5 20 5 36 1 20
split_gain=6.22988 13.5393 25.3337 12.9981 16.4882 12.8465 12.8635 19.8957 12.4235 14.4068 16.0796 16.7651 13.6955 14.5361
threshold=0.0027315481565892701 0.0016914033913053574 0.0356631986796856 4.5407923607854179e-05 0.084587603807449355 0.054657306522130973 1.1111648168422863e-12 0.00021796704095322641 0.0013962357188574972 0.00012839704140787947 0.0013666501617990436 4.5307785572368952e-13 0.49522367119789129 8.4229232015786706e-05
decision_type=8 10 10 10 2 2 2 10 10 10 10 2 2 10
left_child=1 8 5 4 -4 -3 -7 -8 9 10 11 -1 -10 -14
right_child=-2 2 3 -5 -6 6 7 -9 12 -11 -12 -13 13 -15
leaf_value=-0.0013316107960190389 -0.00019654546890838183 0.0019184112992842437 -0.0016232982118115568 -0.00080135254311143155 0.005614724746127342 0.0010883460982946598 -0.0066513330277194679 0.00026161771495640713 -0.002001823475075755 0.0042436719276864841 0.0032678700733631732 0.00033423236151804018 0.0010578860267073718 -0.0018759315698466028
leaf_weight=3003.6293725371361 19015.087144955993 5891.9479837566614 205.26849861443043 4157.7968204915524 278.45780231058598 2029.5552149266005 224.94502498209476 515.74669615924358 2410.9095568805933 328.31594608724117 607.36123429238796 12016.153202742338 1906.0684326440096 1020.4339082688093
leaf_count=12049 76333 23729 829 16700 1124 8147 908 2079 9680 1321 2440 48314 7680 4098
internal_value=9.41315e-05 0.000253916 0.000753942 -0.000437155 0.00260078 0.00139171 0.000265774 -0.00195749 -5.8914e-05 0.000220641 0.000130804 -2.2777e-07 -0.00089231 2.91118e-05
internal_weight=53611.7 34596.6 13303.7 4641.52 483.726 8662.19 2770.25 740.692 21292.9 15955.5 15627.1 15019.8 5337.41 2926.5
internal_count=215431 139098 53516 18653 1953 34863 11134 2987 85582 64124 62803 60363 21458 11778
is_linear=0
shrinkage=0.02


Tree=314
num_leaves=15
num_cat=0
split_feature=28 30 18 3 1 0 34 5 5 0 7 0 31 5
split_gain=8.62881 9.35106 11.8065 11.6636 12.3803 11.0453 12.0555 8.15714 13.2508 11.4973 10.235 11.0011 15.5794 11.1569
threshold=-0.20698968321084973 -0.10870338976383208 0.00010867394667002374 0.52705317735672008 0.50344723463058483 0.016266371123492721 -0.083333335816860185 0.0025648311711847786 0.0017707877559587362 0.025667715817689899 1.0000000180025095e-35 0.073051214218139662 -0.095442857593297944 0.00099926278926432154
decision_type=2 2 10 2 2 2 10 8 10 2 2 2 10 10
left_child=1 2 -1 4 -3 6 -4 8 9 -7 11 12 -11 -14
right_child=-2 3 5 -5 -6 7 -8 -9 -10 10 -12 -13 13 -15
leaf_value=-0.0041349889774326565 4.7801980651015069e-05 -0.0028544858776263348 -0.0034231953555393458 -0.0046381634522638928 0.0020114278004401132 0.0038659628217761221 0.0015310178467829571 -0.00085292920959160914 0.0027513436013930866 -0.0041948886495647075 0.0033309020332313172 0.0013866963294852383 0.0034583141156556457 -0.0018076771131597747
leaf_weight=294.74462839961052 46067.120658859611 454.29757848381996 706.37046398222446 475.97883954644203 355.5098031014204 248.53567257523537 255.98195242881775 1810.6506191194057 966.40865832567215 637.69344788789749 222.56308525800705 515.01398511230946 237.48003752529621 409.33494737744331
leaf_count=1194 185006 1824 2835 1924 1424 998 1025 7295 3914 2567 897 2109 956 1650
internal_value=-5.52454e-05 -0.000679122 -0.000358828 -0.00222012 -0.00072133 -0.000160536 -0.00210105 0.00021626 0.000815882 -2.47087e-05 -0.000536093 -0.00104571 -0.00202728 0.000171484
internal_weight=53657.7 7590.56 6304.78 1285.79 809.807 6010.03 962.352 5047.68 3237.03 2270.62 2022.09 1799.52 1284.51 646.815
internal_count=215618 30612 25440 5172 3248 24246 3860 20386 13091 9177 8179 7282 5173 2606
is_linear=0
shrinkage=0.02


Tree=315
num_leaves=15
num_cat=0
split_feature=31 26 5 17 1 1 31 14 13 26 23 5 5 2
split_gain=6.40552 7.61815 4.64491 19.0388 11.048 23.4162 12.3758 11.0321 10.4486 8.41676 8.9986 9.7459 7.96004 5.2563
threshold=-0.25496472418308253 -0.29152420163154596 0.00076064831227995466 0.75000000000000011 0.49930693209171301 0.45835946500301367 -0.026416413486003872 0.00016483051149407404 0.75000000000000011 0.052253421396017082 -0.14122942835092542 0.00062564783729612838 0.00077800793224014353 0.03389453329145909
decision_type=8 2 8 2 2 2 10 10 2 2 2 10 8 2
left_child=1 -1 3 9 5 -5 7 -6 -7 10 11 -2 -4 -14
right_child=2 -3 12 4 6 8 -8 -9 -10 -11 -12 -13 13 -15
leaf_value=0.00037721377535641492 4.2911978685185773e-05 -0.0048713794942393442 0.0037645532235857726 0.0030341002553299877 0.0029962221069239213 7.819034423911899e-05 0.0048825579790029387 -0.0027466418974181096 -0.0054838459829593426 -0.0043327768930799277 0.00099255620872967906 -0.0058706137441429749 -0.00014091355517883205 0.00027915737856286219
leaf_weight=202.82408452033997 209.05264356732368 216.46431870758533 208.62000165879726 351.03027036786079 246.28852207958698 214.56391821801662 370.06494723260403 248.96064755320549 342.24911385774612 562.46538244187832 397.82949829101562 218.13679265975952 30314.611036524177 19602.663299500942
leaf_count=818 844 873 838 1410 992 860 1486 1001 1371 2261 1600 877 121398 79183
internal_value=-2.56841e-05 -0.00243087 -5.85382e-06 -0.000747004 0.000625266 -0.000907949 0.00221801 0.000114742 -0.00341216 -0.00248468 -0.001152 -0.00310423 4.1158e-05 2.40953e-05
internal_weight=53705.8 419.288 53286.5 3160.64 1773.16 907.843 865.314 495.249 556.813 1387.48 825.019 427.189 50125.9 49917.3
internal_count=215812 1691 214121 12702 7120 3641 3479 1993 2231 5582 3321 1721 201419 200581
is_linear=0
shrinkage=0.02


Tree=316
num_leaves=15
num_cat=0
split_feature=10 14 5 8 5 14 26 37 37 20 11 20 28 20
split_gain=4.97324 7.68455 13.0935 12.2488 11.1541 9.01052 11.2692 7.83761 6.95976 6.50512 7.16553 7.59187 6.07396 5.49368
threshold=0.00022839931625640022 0.00042000773828476673 0.0022789175854995851 0.00010282656512572431 0.0012282833922654393 0.0003440021828282625 0.029571320861577991 -0.24548511207103726 0.074987441301345839 0.00012479259021347391 0.91666665673255932 8.8570825028000413e-05 -0.047632213681936257 0.00012655658792937177
decision_type=8 8 10 10 8 10 2 2 2 8 2 10 2 10
left_child=-1 3 9 5 -5 6 -2 -6 12 10 11 -3 -4 -9
right_child=1 2 8 4 7 -7 -8 13 -10 -11 -12 -13 -14 -15
leaf_value=-7.8670036243245076e-05 0.0013372048039528529 0.0028350667088674142 -0.0032141048587993053 -0.0022466332249171726 -0.0012128911772277 -0.0047740502084571996 -0.003119242826866187 0.003567519652915649 0.0019123816372712519 0.0060035319111118183 0.0051744264983688368 -0.0019493644522361204 0.00060965553347312046 0.00068982533712791481
leaf_weight=48792.671364232898 493.14417363703251 289.16390883922577 311.82138447463512 328.17445525527 274.06654274463654 262.85190004110336 388.3401864618063 693.03791582584381 433.49603544175625 236.56686224043369 199.70639266073704 214.04570953547955 322.15026812255383 440.9347567409277
leaf_count=196003 1984 1169 1259 1322 1106 1058 1561 2796 1751 959 804 862 1300 1775
internal_value=-1.76603e-05 0.000589247 0.00153273 -7.4135e-05 0.000981003 -0.00166437 -0.00065174 0.0017542 8.59113e-06 0.00322822 0.00215394 0.000803234 -0.00131185 0.0024799
internal_weight=53680.2 4887.5 2006.95 2880.55 1736.21 1144.34 881.484 1408.04 1067.47 939.483 702.916 503.21 633.972 1133.97
internal_count=215709 19706 8104 11602 6999 4603 3545 5677 4310 3794 2835 2031 2559 4571
is_linear=0
shrinkage=0.02


Tree=317
num_leaves=15
num_cat=0
split_feature=8 12 17 8 21 24 24 12 0 24 3 24 35 37
split_gain=6.62223 6.14693 5.77719 8.18541 7.31856 7.07171 8.26239 5.94968 5.35363 5.29809 8.34517 7.52394 5.50489 4.51224
threshold=0.00016492149734403941 0.00055653305025771271 0.41666667163372045 0.00010775027112686077 0.31819999217987066 -0.071440465748310075 -0.25901494920253748 0.00012400143168633806 0.041693987324833877 -0.22954980283975598 0.52053183317184459 0.0093332068063318747 5.9678781014205217e-13 0.22815791517496112
decision_type=8 8 2 10 2 2 2 10 2 2 2 2 2 2
left_child=1 2 3 4 5 6 -1 -6 -7 10 -2 12 -11 -13
right_child=9 -3 -4 -5 7 8 -8 -9 -10 11 -12 13 -14 -15
leaf_value=0.0027494557090984059 -0.0024926138129346752 0.0030322597912692383 -0.00010195298024868444 -0.0025050441851472444 -0.0023740740180787528 0.0054457294275784239 -0.0017545778826063944 0.0017924529156524741 0.0013591881996776883 0.00087791678398103652 0.0016434498757141155 -0.0003627081138952783 0.0043502738079639249 0.0019185097633888581
leaf_weight=357.34857274591923 386.70645867288113 238.58632300794125 48572.857173129916 215.85159127414227 282.75539362430573 339.1019691824913 268.69705286622047 231.46801221370697 225.94784913957119 316.38553419709206 356.21942088007927 864.6724448800087 455.69082553684711 553.50768339633942
leaf_count=1442 1558 966 195105 870 1138 1359 1080 931 913 1273 1452 3486 1840 2238
internal_value=1.00686e-05 -4.35071e-05 -5.92351e-05 0.00101072 0.00147961 0.00232915 0.000821864 -0.000501699 0.00391396 0.000930739 -0.000518352 0.00142251 0.00298545 0.000541936
internal_weight=53665.8 50732.6 50494 1921.17 1705.32 1191.1 626.046 514.223 565.05 2933.18 742.926 2190.26 772.076 1418.18
internal_count=215651 203804 202838 7733 6863 4794 2522 2069 2272 11847 3010 8837 3113 5724
is_linear=0
shrinkage=0.02


Tree=318
num_leaves=15
num_cat=0
split_feature=21 29 1 33 1 31 31 3 31 29 5 36 5 29
split_gain=9.91635 8.87228 8.55126 13.7983 11.1185 13.0179 10.3316 12.532 11.5566 9.20899 9.0932 8.33537 10.2526 8.93976
threshold=-0.15760520100593564 -0.20163759589195249 0.49464875459671026 4.7184478546569161e-15 0.47381539642810827 -0.07900697365403174 0.064903602004051222 0.4930300265550614 0.082201924175024046 0.099485363811254515 0.0035767423687502746 1.0384704706399574e-12 0.0014055722858756783 -0.2587976455688476
decision_type=2 2 2 10 2 10 8 2 10 2 10 2 10 2
left_child=2 11 3 4 5 -1 -4 -8 -9 -7 -6 12 -2 -14
right_child=1 -3 6 -5 10 9 7 8 -10 -11 -12 -13 13 -15
leaf_value=0.0025752129828700014 -0.0031633169077117818 -0.00020553757410855756 0.00037645506204824332 0.0013672560408267754 -0.0011070351838291101 -0.0012187948827480357 -0.002035054451534817 0.0058034629091817469 0.0016118787258652025 0.0012157419728475497 -0.004140440880026932 -0.0035971219445777333 0.0034958694113855319 -0.0009497988066182034
leaf_weight=618.37914711236954 397.0816113203764 30796.154809758067 12147.653384312987 1613.69730232656 1801.6591518223286 2265.7573307454586 229.31016378104687 368.84241871535778 891.84227523207664 835.56776867806911 496.18046572804451 575.49247647821903 271.83719827234745 459.96186359226704
leaf_count=2490 1596 123685 48906 6468 7217 9102 918 1484 3595 3357 1987 2322 1093 1848
internal_value=-6.41993e-05 -0.00028385 0.000271395 -0.000264262 -0.000704858 -2.721e-05 0.000571081 0.00213183 0.0029097 -0.000559288 -0.00179212 -0.00168007 -0.000657165 0.000750676
internal_weight=53769.4 32500.5 21268.9 7631.24 6017.54 3719.7 13637.6 1489.99 1260.68 3101.33 2297.84 1704.37 1128.88 731.799
internal_count=216068 130544 85524 30621 24153 14949 54903 5997 5079 12459 9204 6859 4537 2941
is_linear=0
shrinkage=0.02


Tree=319
num_leaves=15
num_cat=0
split_feature=30 5 30 27 14 29 18 27 18 3 12 10 35 5
split_gain=4.77651 12.1854 12.5204 12.0088 9.72292 9.06986 8.2289 10.0448 8.61316 11.5414 13.0263 12.8409 13.5259 11.661
threshold=-0.1068296581506729 0.0046609253622591504 -0.26737269759178156 -0.14534597843885419 0.00026591273490339523 0.017573588527739051 0.00076948560308665048 -0.14066493511199948 0.0003620178322307766 0.54089355468750011 0.00015700755466241392 9.4338614871958284e-05 8.6529321576857287e-13 0.0022977702319622044
decision_type=2 8 2 2 10 2 10 2 10 2 10 10 2 10
left_child=1 5 -3 4 -4 6 8 -8 -1 11 -11 -10 -13 -12
right_child=-2 2 3 -5 -6 -7 7 -9 9 10 13 12 -14 -15
leaf_value=0.00087396535707435705 -0.00015445986213211501 -0.0049581534836608109 0.0030577260228574809 -0.0021907246891212564 -0.0015571867247609567 -0.001809395048754112 0.0051051963744895767 -0.00013274884466240314 0.0026370385148473488 -0.004323165462383421 -0.0021445372195714567 0.00078685999912779774 -0.0030083643564687221 0.0035737744237002767
leaf_weight=7662.5591017752886 39660.065832078457 283.82846361398697 458.07416281104088 790.42758068442345 279.63145971298218 625.56800286471844 328.97354996204376 250.63480016589165 719.93758046627045 500.0925261080265 349.19575047492981 1061.9425147771835 556.31076546013355 212.47046673297882
leaf_count=30891 159227 1143 1839 3174 1124 2537 1330 1011 2887 2018 1414 4259 2237 860
internal_value=-4.21191e-05 0.000274097 -0.00124818 -0.000503953 0.00131349 0.000500605 0.000627619 0.00291132 0.000502929 -0.000333506 -0.00204242 0.000453241 -0.000538632 6.71227e-05
internal_weight=53739.7 14079.6 1811.96 1528.13 737.706 12267.7 11642.1 579.608 11062.5 3399.95 1061.76 2338.19 1618.25 561.666
internal_count=215951 56724 7280 6137 2963 49444 46907 2341 44566 13675 4292 9383 6496 2274
is_linear=0
shrinkage=0.02


Tree=320
num_leaves=15
num_cat=0
split_feature=37 14 16 31 37 8 30 26 27 21 35 35 35 16
split_gain=5.65086 4.70282 8.75639 4.98083 5.10825 9.09074 6.97249 6.57602 7.46985 6.06174 4.92367 9.3262 6.99755 8.81702
threshold=-0.73851168155670155 5.1321929277037277e-05 7.0002726715756594e-05 -0.28470504283905024 -0.52455782890319813 2.8644231861107986e-05 0.10284172371029855 -0.58537012338638295 -0.31268590688705439 -0.67341405153274525 3.1388201770805179e-13 2.7698406990326474e-13 2.9096404376583595e-13 0.00031053171551320707
decision_type=2 10 8 10 2 10 2 2 2 2 2 2 2 10
left_child=-1 2 -2 -3 5 -5 9 8 -6 -7 11 -9 -13 -14
right_child=1 3 -4 4 7 6 -8 10 -10 -11 -12 12 13 -15
leaf_value=0.0031503812927240445 -0.0017147286564984348 -0.0030033985742246479 0.0026766225846706895 -0.0049569725803494703 -0.00081107414900278175 -0.0030352056174871283 0.0021484966968128073 0.00016030917577575758 0.0037537748845885288 0.00041939230277345858 4.2263121347316661e-05 -0.0042942659618073267 -0.0022858973529826404 0.0023077763620985808
leaf_weight=208.57683342695236 237.60451370477676 203.66890190541744 621.07772839069366 200.4286303371191 217.52602522075176 417.14779244363308 277.00537905097008 1654.5522451996803 368.78982816636562 371.56399284303188 47720.038306519389 386.82026517391205 584.0964537858963 212.94667646288872
leaf_count=845 956 823 2501 809 884 1684 1114 6654 1508 1497 191695 1551 2342 854
internal_value=1.24379e-05 -9.75158e-07 0.00145013 -2.51995e-05 -1.2485e-05 -0.00125737 -0.00048309 1.88129e-05 0.0020893 -0.00143761 -6.01479e-06 -0.00081229 -0.00215166 -0.00103215
internal_weight=53681.8 53473.3 858.682 52614.6 52410.9 1266.15 1065.72 51144.8 586.316 788.712 50558.5 2838.42 1183.86 797.043
internal_count=215717 214872 3457 211415 210592 5104 4295 205488 2392 3181 203096 11401 4747 3196
is_linear=0
shrinkage=0.02


Tree=321
num_leaves=15
num_cat=0
split_feature=35 36 1 21 28 3 32 31 3 7 20 24 1 36
split_gain=5.35853 11.0065 15.1498 17.703 17.2502 17.4827 14.1202 13.1989 15.4285 14.8603 16.3286 13.485 11.6338 10.9129
threshold=6.0643712816201022e-13 4.8455732698862729e-13 0.46489290893077856 -0.27585932612419123 0.20991685986518863 0.46398714184761053 -0.015184985008090733 -0.021525410003960129 0.50186163187026989 1.0000000180025095e-35 9.0905155957443653e-05 0.091280136257410063 0.5093684494495393 3.5455292131045262e-13
decision_type=2 2 2 2 2 2 10 10 2 2 10 2 2 2
left_child=1 6 4 -4 5 -3 7 8 -1 10 13 12 -9 -10
right_child=-2 2 3 -5 -6 -7 -8 11 9 -11 -12 -13 -14 -15
leaf_value=0.0020801193772771488 0.00015840861638167808 -0.0022955455558678639 0.0001684017797328832 -0.0017353583889931365 0.0036238274467114712 0.0013502628860362651 -0.00047780833688969174 -0.0013450681568794773 -0.0057833879417272561 0.0012178607151146989 0.0011709137393314073 0.0057264419957286728 0.0035152704497016852 -0.0016122370881919213
leaf_weight=1491.7186331450939 29983.215571343899 907.03013347089291 2940.7107818573713 5782.4490549862385 576.19057208299637 1196.9412213712931 6441.7894930839539 367.97881403565407 331.23153127729893 1375.0758110880852 615.02631764113903 387.29159587621689 384.83468145132065 972.37670315802097
leaf_count=5978 120653 3651 11808 23188 2315 4793 25820 1475 1335 5517 2471 1553 1547 3907
internal_value=-1.93473e-05 -0.000243505 -0.000691138 -0.00109465 0.000620571 -0.000228275 0.000169686 0.000872831 0.000407012 -0.000358717 -0.00148955 0.00278731 0.00116619 -0.00274345
internal_weight=53753.9 23770.6 11403.3 8723.16 2680.16 2103.97 12367.3 5925.53 4785.43 3293.71 1918.63 1140.11 752.813 1303.61
internal_count=216011 95358 45755 34996 10759 8444 49603 23783 19208 13230 7713 4575 3022 5242
is_linear=0
shrinkage=0.02


Tree=322
num_leaves=15
num_cat=0
split_feature=30 5 36 5 35 5 36 10 5 34 5 24 15 5
split_gain=5.57463 15.5738 17.484 16.7683 16.5885 15.4675 14.7813 15.2655 14.6564 23.3949 16.1214 15.2551 12.0427 11.9961
threshold=0.014756056014448406 0.0027315481565892701 4.575583889641217e-13 0.0017707877559587362 4.395680596857438e-13 0.0019775172695517544 7.2524484247965547e-13 9.8249085567658781e-05 0.0022248902823776011 -0.050000000745058053 0.0023124645231291656 -0.11110562831163405 0.75000000000000011 0.0026185089955106382
decision_type=2 10 2 8 2 8 2 10 8 10 8 2 2 8
left_child=1 3 -3 6 -4 -5 7 -1 9 -7 -10 -12 -2 -13
right_child=12 2 4 5 -6 8 -8 -9 10 -11 11 13 -14 -15
leaf_value=0.00034903641053142743 0.00024167653146341974 0.0011275879840647442 -0.0038915449340311747 0.0029304031874386482 -0.00061801582638470825 -0.002090300407854997 0.00089735623926033656 -0.0014185518917007969 0.0044716812255427389 0.0025694469728590407 0.0024240116671909828 -0.0017685724229512445 -0.00067592528259103214 0.0025065272015902958
leaf_weight=4051.4827998131514 10021.788530081511 2172.9613782167435 651.51943658292294 1669.5871463418007 8165.7892685085535 1354.2703620642424 4906.8047128766775 3744.4891211241484 594.60127435624599 608.66775767505169 1242.1229630857706 974.81989842653275 13286.267586261034 337.5145480632782
leaf_count=16269 40281 8717 2614 6722 32796 5467 19809 15025 2395 2441 5009 3919 53300 1359
internal_value=-4.8813e-05 0.000129233 -0.000472235 0.000468631 -0.00086816 0.00127004 3.94624e-05 -0.000501413 0.000718454 -0.000634064 0.00156021 0.000853038 -0.000281514 -0.000647954
internal_weight=53782.7 30474.6 10990.3 19484.4 8817.31 6781.58 12702.8 7795.97 5112 1962.94 3149.06 2554.46 23308.1 1312.33
internal_count=216123 122542 44127 78415 35410 27312 51103 31294 20590 7908 12682 10287 93581 5278
is_linear=0
shrinkage=0.02


Tree=323
num_leaves=15
num_cat=0
split_feature=27 0 37 36 36 36 14 26 5 0 5 26 20 12
split_gain=5.75983 9.81191 13.2388 12.8231 9.17979 14.2688 8.55732 7.95317 7.78143 7.75154 7.10297 6.17096 9.4074 8.02483
threshold=-0.26977977156639094 0.060081493109464652 0.216959223151207 8.8435175523739206e-13 1.9009409931575187e-12 5.6685399104673694e-13 0.00014053870836505669 -0.40508700907230372 0.0022076728055253629 0.029876939952373508 0.0020660310983657841 -0.2959971278905868 7.9684377851663171e-05 0.00010510897845961155
decision_type=2 2 2 2 2 2 10 2 8 2 8 2 10 10
left_child=1 2 4 7 5 6 -1 -3 -7 -10 -5 12 -2 -14
right_child=11 3 -4 10 -6 8 -8 -9 9 -11 -12 -13 13 -15
leaf_value=-0.0068136065181794402 0.0014112202314077896 -0.00028216166749942196 0.0025127091570139033 0.0006883217641079002 -0.0054634419512685026 -0.0016172295987225988 -0.0018865939571569171 0.0040899318093568868 -0.00074326914843238267 0.0046357743153894277 -0.0040665804574490693 -2.9772656840861835e-05 -0.0024738582301178473 0.0003681333038787268
leaf_weight=230.1051227748394 3032.8117648810148 269.51576152443886 249.92442324757576 229.52251820266247 282.19820015132427 501.24099944531918 375.7068680524826 405.03478373587132 199.60518957674503 200.04266576468945 245.02080442011356 45286.757345333695 502.68426787853241 1642.5387829393148
leaf_count=923 12262 1094 1004 941 1137 2015 1507 1636 801 804 997 181854 2020 6607
internal_value=-7.09128e-06 -0.000828851 -0.00165608 0.000642118 -0.00225984 -0.00159611 -0.00391596 0.00238524 1.50681e-05 0.00204181 -0.00183195 4.5128e-05 0.000697798 -0.000314522
internal_weight=53652.7 3187.92 2038.82 1149.09 1788.9 1506.7 605.812 674.551 900.889 399.648 474.543 50464.8 5178.03 2145.22
internal_count=215602 12859 8191 4668 7187 6050 2430 2730 3620 1605 1938 202743 20889 8627
is_linear=0
shrinkage=0.02


Tree=324
num_leaves=15
num_cat=0
split_feature=37 18 34 23 2 18 20 31 26 30 30 20 8 31
split_gain=5.39354 12.8596 13.7454 11.1435 10.2025 14.753 14.5238 12.4516 10.0161 10.0144 12.5876 11.2894 9.43135 8.93829
threshold=0.14723192155361178 0.0005082850402686746 0.072222225368022933 0.086792211979627623 0.012131045572459699 0.00031117355683818465 0.00010259271948598327 0.0060107524041086444 0.054657306522130973 -0.19853066653013227 -0.0075691400561481706 5.9306517869117677e-05 4.7194051148835576e-05 0.097987260669469847
decision_type=2 10 8 2 2 8 10 8 2 2 2 10 10 10
left_child=1 2 4 -3 5 6 9 -7 -9 -1 12 -12 -11 -6
right_child=-2 3 -4 -5 13 7 -8 8 -10 10 11 -13 -14 -15
leaf_value=-0.0038240437060730382 0.0004136863607805598 -0.0004163251236941078 0.0026384490989765021 -0.0024654500254203643 0.00044657735848870658 -0.00063197678965738388 -0.0037077805172725659 0.0034544607126517964 -0.0003256552485926881 0.0026898280540155906 0.00048135773962590438 -0.0027126287502754138 -0.00056923163968399893 -0.0007102694158108607
leaf_weight=357.59720204770565 15789.649481549859 6069.7757099270821 845.99142770469189 1269.8834060281515 19571.233094990253 1490.2870878577232 794.71214148402214 755.7573479861021 434.04390612244606 683.15241074562073 720.4359804391861 1106.6468307971954 706.10801666975021 3075.0443696975708
leaf_count=1434 63458 24380 3396 5096 78761 5966 3181 3025 1737 2735 2884 4429 2827 12369
internal_value=0.000103396 -2.60909e-05 0.000154661 -0.000776594 8.21717e-05 -0.000581285 -0.00129572 0.000584238 0.00209287 -0.000741713 -0.000377502 -0.00146163 0.0010488 0.000289006
internal_weight=53670.3 37880.7 30541 7339.66 29695 7048.74 4368.65 2680.09 1189.8 3573.94 3216.34 1827.08 1389.26 22646.3
internal_count=215678 152220 122744 29476 119348 28218 17490 10728 4762 14309 12875 7313 5562 91130
is_linear=0
shrinkage=0.02


Tree=325
num_leaves=15
num_cat=0
split_feature=18 18 1 35 30 26 37 8 10 1 37 1 37 2
split_gain=6.9184 12.259 12.7013 9.67243 9.80331 9.12239 8.08397 8.41589 9.54268 7.87176 6.92691 8.23362 7.2805 6.192
threshold=0.00014763867511646825 0.00016372726531699303 0.49464875459671026 7.3025919621223799e-13 -0.15519671887159345 -0.20096311718225476 0.031812308356165893 3.1500039767706774e-05 9.4338614871958284e-05 0.44447740912437445 0.13174875080585483 0.47264498472213751 0.31858497858047491 0.025628738105297092
decision_type=10 10 2 2 2 2 2 8 10 2 2 2 2 2
left_child=3 2 -2 4 -1 -5 7 -7 -9 -6 -8 -12 -13 -4
right_child=1 -3 13 5 9 6 10 8 -10 -11 11 12 -14 -15
leaf_value=-0.0023616084389201327 -0.0034459276039637667 -3.6130659026379022e-05 -0.0017715600621514152 0.0037127837547252995 -0.0025068388260280454 -0.0039691241412672818 0.0048846778101950192 0.002828748126092389 -0.002394420915744926 0.00090334100535345455 0.0036538954689031228 -0.0029769265304150283 0.0019912223156954498 0.0012547690377074133
leaf_weight=586.06525540351868 854.37723711133003 46448.396903842688 491.9790924936533 600.75231850147247 290.05809572339058 202.81748048961163 237.82893551886082 311.16261918842793 223.14287275075912 2140.6160659193993 265.09962165355682 234.17721873521805 201.50218734145164 553.50243833661079
leaf_count=2363 3431 186604 1970 2440 1167 818 959 1254 900 8588 1072 944 811 2240
internal_value=-2.56366e-05 -0.000100879 -0.00166701 0.000659424 -8.45583e-05 0.00163748 0.000858466 -0.000699756 0.0006397 0.000479259 0.00207126 0.00100741 -0.000692607 -0.000175872
internal_weight=53641.5 48348.3 1899.86 5293.22 3016.74 2276.48 1675.73 737.123 534.305 2430.67 938.608 700.779 435.679 1045.48
internal_count=215561 194245 7641 21316 12118 9198 6758 2972 2154 9755 3786 2827 1755 4210
is_linear=0
shrinkage=0.02


Tree=326
num_leaves=15
num_cat=0
split_feature=32 5 0 29 3 5 31 32 5 35 20 5 35 16
split_gain=6.21833 8.0206 10.2336 12.553 11.8708 11.5052 7.88134 8.60182 8.41316 18.5317 16.2012 11.027 11.3339 10.7314
threshold=0.13035184890031817 0.00069680908927693974 0.020522064529359344 0.075627882033586516 0.52006125450134288 0.0039147629868239173 0.10921161621809007 -0.028356013819575306 0.0016546372789889576 1.9841560442183592e-13 3.4472308470867581e-05 0.0016095396713353696 6.0643712816201022e-13 0.00021696718613384294
decision_type=8 8 2 2 2 10 10 10 8 2 10 10 2 10
left_child=6 -2 -3 4 -4 -5 8 -8 11 -10 -11 12 -1 -13
right_child=1 2 3 5 -6 -7 7 -9 9 10 -12 13 -14 -15
leaf_value=-0.00080640194793009737 0.0039018508994788908 0.0020920038908379067 -0.0027505815945625955 0.00015618673428848841 0.0018177401894546813 0.0036336353956274796 -0.0044222933548112775 -0.00073059465733461241 0.0056884322725178297 0.0040809862933070696 8.9756884573166871e-05 -0.0050450516555172967 0.00024717150095070759 -0.00011424261242288467
leaf_weight=7845.3217651546001 264.6396548897028 1158.5173891782761 950.76101699471474 2410.2778059244156 281.80845429003239 432.38334691524506 262.5777775645256 2516.5716920346022 223.63740336894989 392.89728285372257 27713.487798660994 368.30133996903896 8481.0963252037764 325.50321581959724
leaf_count=31469 1064 4641 3826 9696 1146 1739 1064 10109 907 1592 111316 1481 34146 1308
internal_value=-5.67734e-06 0.00063024 0.00045059 -2.39729e-05 -0.00169376 0.000706816 -7.85573e-05 -0.0011085 -1.49798e-05 0.000196127 0.000148412 -0.000366184 -0.000259469 -0.00279975
internal_weight=53627.8 5498.39 5233.75 4075.23 1232.57 2842.66 48129.4 2779.15 45350.2 28330 28106.4 17020.2 16326.4 693.805
internal_count=215504 22112 21048 16407 4972 11435 193392 11173 182219 113815 112908 68404 65615 2789
is_linear=0
shrinkage=0.02


Tree=327
num_leaves=15
num_cat=0
split_feature=22 2 32 18 1 15 33 1 34 35 1 27 26 12
split_gain=5.38086 6.81731 7.77046 9.47589 11.8888 9.1946 8.44929 8.33428 15.5416 10.1974 7.88401 7.78551 7.09925 9.40468
threshold=-0.15226225554943082 0.032758157700300224 0.070139024406671538 0.00023763404169585559 0.4811666756868363 0.91666665673255932 3.6082248300317595e-15 0.51173126697540294 -8.0491169285323839e-16 5.344619061556367e-13 0.42314955592155462 -0.02133133169263601 0.3000063300132752 0.00012471506488509479
decision_type=2 2 10 10 2 2 10 2 10 2 2 2 2 10
left_child=-1 2 10 4 5 -4 -6 9 -9 -5 -2 -11 -12 -14
right_child=1 -3 3 7 6 -7 -8 8 -10 11 12 -13 13 -15
leaf_value=0.00024000374754616055 -0.0038745334151425027 0.0001807339040919935 -0.0060535017634314537 0.0016842180158235043 -0.0021468253272301755 -0.00088560602555512653 0.002218570556685106 1.2334769507815454e-05 -0.0062419036238905434 -0.0041243802552430528 2.1723737394806751e-05 -0.00028806037957738214 0.00026986228720310217 -0.0028356171692428839
leaf_weight=21445.287140160799 208.67124445736408 13214.726058766246 433.46361127495766 921.43244701623917 542.66808353364468 208.88289946317673 240.32829509675503 400.72832204401493 243.30655120313168 241.01850645244122 12995.474375411868 1136.751240208745 718.72569742798805 824.84131732583046
leaf_count=86237 837 53315 1735 3689 2173 836 962 1605 974 965 52042 4551 2878 3303
internal_value=-5.51127e-06 -0.00016841 -0.000409703 -0.00114858 -0.00247563 -0.00445045 -0.000785051 -0.000493555 -0.00246726 7.58122e-05 -0.000189572 -0.00100857 -0.000131434 -0.00140467
internal_weight=53776.3 32331 19116.3 4368.58 1425.34 642.347 782.996 2943.24 644.035 2299.2 14747.7 1377.77 14539 1543.57
internal_count=216102 129865 76550 17490 5706 2571 3135 11784 2579 9205 59060 5516 58223 6181
is_linear=0
shrinkage=0.02


Tree=328
num_leaves=15
num_cat=0
split_feature=28 3 31 32 14 30 17 32 30 14 8 31 26 18
split_gain=6.87421 5.97748 5.92601 8.2991 10.4291 7.832 7.70623 7.43597 9.03425 8.18837 7.41407 5.54626 5.99752 4.86406
threshold=0.54947867989540111 0.44566658139228826 -0.049118962138891213 0.0021858806721866135 0.0001414274156559259 0.096802685409784331 0.75000000000000011 0.10523334518074991 0.1894139647483826 0.00019451462867436933 7.7416982094291611e-05 0.19187354296445849 0.26451325416564947 0.00042758752533700323
decision_type=2 2 10 10 10 2 2 10 2 10 10 10 2 10
left_child=1 2 6 4 -4 13 -1 10 9 -9 -7 12 -10 -5
right_child=-2 -3 3 5 -6 7 -8 8 11 -11 -12 -13 -14 -15
leaf_value=0.00071255152961345884 -0.0033724481118380042 -1.0672544077297984e-05 0.0016305378741281616 0.0014650931420908269 -0.0032658700788670116 -0.0032149439575781692 0.00517741476922469 0.0060562941338028545 -0.0034653476769893271 0.00046085821610435183 0.0013392298541737549 0.0025365999556932195 0.00047314662500142423 0.0047040672523850687
leaf_weight=393.15577633678913 215.73604908585548 49467.324583098292 262.28345222771168 702.6242913454771 445.49659124016762 386.825290158391 243.35783898830414 203.43111424148083 239.60166130959988 203.42810107767582 206.49370926618576 203.49491533637047 372.4849866181612 249.23011121153831
leaf_count=1605 871 198637 1066 2849 1812 1562 991 822 969 823 836 823 1509 1008
internal_value=3.53899e-05 5.03648e-05 0.000781157 0.000449094 -0.00145645 0.000943365 0.00252532 0.000165899 0.00105369 0.00341127 -0.00163796 -0.000175913 -0.00112944 0.00239253
internal_weight=53795 53579.2 4111.91 3475.39 707.78 2767.61 636.514 1815.76 1222.44 406.859 593.319 815.582 612.087 951.854
internal_count=216183 215312 16675 14079 2878 11201 2596 7344 4946 1645 2398 3301 2478 3857
is_linear=0
shrinkage=0.02


Tree=329
num_leaves=15
num_cat=0
split_feature=18 20 1 36 20 18 18 0 20 20 31 34 1 32
split_gain=5.70142 10.1563 7.68964 12.0203 4.65462 26.9898 11.1092 11.6804 21.2058 19.3168 15.517 14.069 14.6493 12.4699
threshold=0.0018698624335229399 0.00027394181233830755 0.52340358495712291 5.4285401044143488e-13 0.00015987540973583239 0.00025067832029890274 0.00051307299872860323 0.044744445011019714 6.9623034505639239e-05 6.7092816607328145e-05 0.043749809265136726 -2.4147350785597151e-15 0.51935729384422313 0.14765536785125735
decision_type=8 10 2 2 10 10 10 2 10 10 10 8 2 10
left_child=1 4 3 -3 6 -6 -1 9 10 -8 -9 -11 -13 -10
right_child=-2 2 -4 -5 5 -7 7 8 13 11 -12 12 -14 -15
leaf_value=4.1766084877462317e-05 0.0029556177784023753 -6.8442570856002219e-05 0.00060893893770124711 -0.0061587349750809404 -0.0050543569508934919 0.0013590336661466053 -0.0029165313849849463 0.0037095925718665483 -0.0028015842513589954 0.0016342322649693952 -0.0026951736147978996 7.7685597774572991e-05 -0.0047878068305900728 0.0016242292269993692
leaf_weight=41947.862773180008 229.47210316359997 219.62162333726883 236.4382993131876 297.94941444694996 271.44884084165096 2646.4264390617609 766.6765450835228 434.06372217833996 2577.7800361663103 2018.1343798935413 209.6806331127882 1229.565789476037 289.72564233839512 269.36337473988533
leaf_count=168598 932 881 951 1199 1089 10638 3073 1750 10366 8086 844 4923 1160 1086
internal_value=-6.09255e-05 -7.49861e-05 -0.00234934 -0.00367313 -4.15418e-05 0.000732052 -8.71961e-05 -0.000779522 -0.00163564 -8.08064e-05 0.00160508 0.00054673 -0.000900306 -0.00237446
internal_weight=53644.2 53414.7 754.009 517.571 52660.7 2917.88 49742.9 7794.99 3490.89 4304.1 643.744 3537.43 1519.29 2847.14
internal_count=215576 214644 3031 2080 211613 11727 199886 31288 14046 17242 2594 14169 6083 11452
is_linear=0
shrinkage=0.02


Tree=330
num_leaves=15
num_cat=0
split_feature=26 5 5 5 5 34 28 20 20 34 5 31 5 9
split_gain=5.31042 7.1024 4.64566 15.0994 12.7022 21.6654 13.7547 11.6112 12.0694 20.3767 13.7023 13.4613 12.9106 11.6458
threshold=-0.67202508449554432 0.0017453533946536484 0.0027315481565892701 0.0026185089955106382 0.0029985909350216393 0.016666667070239786 0.11017831042408945 0.00011500609252834694 8.5502822912530987e-05 -1.804112415015879e-15 0.0018388219177722933 0.094684664160013213 0.0010625957511365416 0.58333334326744091
decision_type=2 8 10 10 10 10 2 8 10 8 10 10 10 2
left_child=1 -1 3 7 5 -4 -7 8 10 12 -2 13 -10 -12
right_child=2 -3 4 -5 -6 6 -8 -9 9 -11 11 -13 -14 -15
leaf_value=-0.00037511036654993489 -4.9649855602657007e-05 0.0047263985325733671 -0.0024370614321640185 0.0025457842071937966 2.0685940080760144e-05 0.0059887718149458768 -0.0011127089773242632 0.0012727200587607246 0.0028189018277090016 -0.0023920226625128711 0.002882630980619662 -0.00097972965613548897 -0.00041298590342725596 0.00078856189837525886
leaf_weight=203.86406955122948 18427.288609862328 208.41021183133125 1921.8330103307962 1057.5246460735798 16513.338153988123 203.34811997413635 202.93999487161636 3246.3378873616457 559.69816182553768 2049.7917008399963 1626.0649094283581 1035.8984572440386 3341.182659342885 3060.8363935649395
leaf_count=833 74091 853 7720 4256 66281 815 814 13048 2246 8213 6572 4166 13416 12308
internal_value=9.52721e-05 0.00230313 7.73187e-05 0.000215523 -0.000175005 -0.00155139 0.00255582 0.000140143 1.72316e-05 -0.000788018 0.000216136 0.00106915 6.27387e-05 0.00152424
internal_weight=53658.4 412.274 53246.1 34404.6 18841.5 2328.12 406.288 33347.1 30100.8 5950.67 24150.1 5722.8 3900.88 4686.9
internal_count=215632 1686 213946 138316 75630 9349 1629 134060 121012 23875 97137 23046 15662 18880
is_linear=0
shrinkage=0.02


Tree=331
num_leaves=15
num_cat=0
split_feature=37 1 3 18 28 16 1 5 5 14 1 38 3 0
split_gain=6.5823 5.83502 5.77608 12.921 5.60484 5.02218 17.6329 13.127 7.6788 6.17465 7.17745 6.07656 7.9935 8.30399
threshold=0.67390772700309765 0.48949664831161505 0.58283618092536937 0.00024183484492823484 -0.15743651241064069 7.3162358603440239e-05 0.52813526988029491 0.0017865546396933498 0.0027315481565892701 6.3803465309320031e-05 0.53425908088684093 1.0000000180025095e-35 0.50265753269195568 0.031984264031052596
decision_type=2 2 2 10 2 8 2 8 10 10 2 2 2 2
left_child=2 -2 5 -4 -5 6 7 -1 -9 10 11 -7 13 -13
right_child=1 -3 3 4 -6 9 -8 8 -10 -11 -12 12 -14 -15
leaf_value=-0.0015675284065431688 -0.00010412730994123746 -0.00477868787851435 0.0041224874503364341 -0.0031558762190627425 0.001333244383372936 0.0044039777685363178 -0.004317535103910787 0.0055605514614363808 0.00016057304156228674 -3.5126946492287651e-05 -0.0010095977803092299 -0.0027379581558586584 0.0040891547563658669 0.0022561878616007905
leaf_weight=581.27107509970665 210.48014365136623 198.78705678880215 399.3315854370594 193.54741911590099 215.17566399276257 312.27440558373928 462.53517411649227 204.99384050071239 200.36002184450626 49661.830192893744 379.89706289768219 257.85943308472633 218.65601123869419 236.11851039528847
leaf_count=2333 850 800 1691 808 895 1254 1863 823 803 199420 1534 1033 877 951
internal_value=-2.48022e-05 -0.00249149 -4.94309e-06 0.00165244 -0.000840595 -3.10643e-05 -0.00118394 0.0003417 0.00302448 2.10247e-06 0.00130023 0.00215934 0.00108238 -0.000355883
internal_weight=53733.1 409.267 53323.9 808.055 408.723 52515.8 1449.16 986.625 405.354 51066.6 1404.81 1024.91 712.634 493.978
internal_count=215935 1650 214285 3394 1703 210891 5822 3959 1626 205069 5649 4115 2861 1984
is_linear=0
shrinkage=0.02


Tree=332
num_leaves=15
num_cat=0
split_feature=36 0 31 23 34 36 16 36 16 13 14 34 2 26
split_gain=4.88105 10.7899 9.08631 13.6154 13.488 12.7849 10.474 10.4 10.7867 14.3659 10.5815 8.40891 8.26839 7.83944
threshold=8.7522429082810559e-13 0.0020638532005250458 -0.055580521002411835 0.011700704693794252 -0.19444444030523297 9.7662860871344812e-13 0.0005368667480070145 3.237271670349096e-12 0.00040635830373503273 0.75000000000000011 0.00013094637688482183 -0.34333333373069758 0.028065279126167301 0.57143697142601024
decision_type=2 2 10 2 10 2 10 2 8 2 10 10 2 2
left_child=-1 -2 3 5 -5 -3 7 8 10 12 -4 -7 -10 -12
right_child=1 2 6 4 -6 11 -8 -9 9 -11 13 -13 -14 -15
leaf_value=0.0001548471444934442 -0.0031141516132603868 -0.0033066811263677874 0.00034794877314317095 -0.0010091598412487314 0.0028805430113946475 -0.0030745806086230698 -0.0026435831407166394 0.0023159507801530348 0.000960913624885365 -0.00092563426606500948 -0.00097018207764990375 0.0005362521006727364 0.006496260598429099 -0.0047433507467806351
leaf_weight=35914.7032661587 491.22010684013367 443.85617592930794 2875.7461560219526 467.55566631257534 1374.9454958736897 261.57112203538418 814.67531381547451 549.07647959887981 199.73002950847149 433.84136758744717 6299.1571595966816 3071.1880390793085 237.49526074528694 210.05301229655743
leaf_count=144122 1968 1790 11590 1900 5531 1066 3286 2233 800 1742 25342 12402 961 849
internal_value=2.08239e-05 -0.000250527 -0.000165414 0.000493747 0.00189325 -0.000195406 -0.000484473 -0.000317099 -0.000462297 0.00164276 -0.000660756 0.000236206 0.00412028 -0.0011061
internal_weight=53644.8 17730.1 17238.9 5619.12 1842.5 3776.62 11619.8 10805.1 10256 871.067 9384.96 3332.76 437.225 6509.21
internal_count=215582 71460 69492 22689 7431 15258 46803 43517 41284 3503 37781 13468 1761 26191
is_linear=0
shrinkage=0.02


Tree=333
num_leaves=15
num_cat=0
split_feature=21 37 25 21 10 10 12 14 20 24 20 37 35 35
split_gain=5.7182 10.2272 8.47132 7.4708 8.96448 6.53667 8.19279 10.9054 10.7568 6.61466 5.98117 5.97373 5.96427 9.79644
threshold=0.46102239191532141 -0.29992058873176569 0.45511183142662054 0.010710771661251785 0.00031191903690341865 0.00026980588154401636 0.00018945501506095755 0.0001934319952852093 7.4913721618941067e-05 -0.12498439475893973 9.0437632024986683e-05 -0.73851168155670155 2.7698406990326474e-13 3.241465798033139e-13
decision_type=2 2 2 2 8 10 10 8 10 2 10 2 2 2
left_child=2 -2 3 11 5 6 -5 8 -8 10 -9 -1 -3 -14
right_child=1 12 -4 4 -6 -7 7 9 -10 -11 -12 -13 13 -15
leaf_value=0.0032942277145334544 -0.0036470310265621624 0.0029203302804083598 0.0024077986800472937 -0.00077872147974303047 0.0020235918506147431 -0.0034084410878545217 -0.0054453763291585355 0.0051799565413589476 3.2850806076539907e-05 0.00039800535454420925 0.00099110266950287566 6.4827269550166389e-05 -0.002964265147687798 0.00054530944177759281
leaf_weight=211.05690816044807 219.90270584821701 382.62764866650105 525.98838843405247 10244.496418610215 534.91418930888176 297.82307583093643 210.34103539586067 228.21922194957733 379.09381802380085 2058.5826507359743 329.52123980224133 27536.60912758112 308.63779035210609 10253.236404672265
leaf_count=856 885 1540 2116 41109 2158 1198 845 917 1520 8261 1322 110711 1238 41213
internal_value=3.82526e-05 0.000440685 -6.74797e-05 -9.95868e-05 -0.000470899 -0.000570754 -0.000502953 0.000377673 -0.00203661 0.000932914 0.0028251 9.17461e-05 0.00052932 0.000437344
internal_weight=53721.1 11164.4 42556.6 42030.7 14283 13748.1 13450.3 3205.76 589.435 2616.32 557.74 27747.7 10944.5 10561.9
internal_count=215889 44876 171013 168897 57330 55172 53974 12865 2365 10500 2239 111567 43991 42451
is_linear=0
shrinkage=0.02


Tree=334
num_leaves=15
num_cat=0
split_feature=5 36 5 36 36 32 20 20 20 0 34 27 5 36
split_gain=7.65536 15.0915 13.027 15.4741 14.8074 10.8155 21.318 10.5745 13.6092 12.7858 12.105 17.0896 13.8108 13.107
threshold=0.0027315481565892701 3.0459212626079984e-13 0.0026185089955106382 5.3334970446204676e-13 1.4420623983130156e-12 -0.071650534868240343 6.1685670516453697e-05 0.00011053412526962349 8.5502822912530987e-05 0.086198866367340102 -2.4702462297909729e-15 -0.0065806203056126824 0.0024318315554410224 1.1270298388120494e-12
decision_type=10 2 10 2 2 10 10 8 10 2 8 2 10 2
left_child=2 -2 7 -4 -5 6 -3 8 -1 -9 11 12 -10 -12
right_child=1 5 3 4 -6 -7 -8 9 10 -11 13 -13 -14 -15
leaf_value=0.0001959284844820289 0.0038199468108856215 -0.0046399490724187637 -0.0012422415630852746 0.0056975519394452858 -0.00050380354995749885 -8.3031562142694195e-05 -0.00068499935753791046 0.00078439592844531565 -0.0017224225545788183 0.005279183974429209 -0.0014692462559969242 0.0017232801446549642 0.0032338846708017416 -0.0061215005300663903
leaf_weight=24420.321494281292 327.94874212145805 599.26762382686138 321.52505153417587 519.23463352024555 211.308584228158 13434.87964899838 4656.4375037550926 3580.0189897119999 2096.8975288271904 253.69067546725273 1638.3269687891006 1188.8185913860798 233.07976773381233 269.67026278376579
leaf_count=98249 1320 2420 1291 2091 853 53907 18700 14375 8420 1033 6562 4772 936 1082
internal_value=1.43141e-05 -0.000308047 0.000190904 0.00236135 0.00393819 -0.000384483 -0.00115183 0.000121745 -5.5506e-06 0.00110769 -0.000909588 -0.000210419 -0.00120331 -0.00218346
internal_weight=53751.4 19018.5 34732.9 1052.07 730.543 18690.6 5255.71 33680.8 29847.1 3833.71 5426.79 3518.8 2329.98 1908
internal_count=216011 76347 139664 4235 2944 75027 21120 135429 120021 15408 21772 14128 9356 7644
is_linear=0
shrinkage=0.02


Tree=335
num_leaves=15
num_cat=0
split_feature=30 26 23 27 28 36 20 36 21 36 30 27 27 28
split_gain=6.3347 8.52784 5.26628 5.42281 8.24261 14.0873 12.3725 11.39 7.93046 8.07576 8.92387 7.59569 9.82178 7.92708
threshold=-0.42759253084659571 -0.49843598902225489 -0.74275970458984364 -0.013165283482521771 0.036218693479895599 2.322670376343761e-12 8.9926194050349309e-05 3.237271670349096e-12 0.12722635269165042 1.7532486963969809e-12 -0.10133925080299376 0.10755126178264619 0.15180905908346179 -0.14747373014688489
decision_type=2 2 2 2 2 2 10 2 2 2 2 2 2 2
left_child=1 -1 -2 -4 5 8 -7 -6 11 10 -10 13 -13 -5
right_child=2 -3 3 4 7 6 -8 -9 9 -11 -12 12 -14 -15
leaf_value=0.005022439988031019 0.0022906483151796234 -0.00053653925116088175 -0.00020554688159132403 0.0038867748152209766 -8.7153509029572478e-05 0.00035475714040670398 -0.0052667156643074458 0.0034519129628043889 -0.00077997273760928884 0.0050918657623880694 0.0019545366020454137 -0.0044870691140634642 0.0011577677399730404 0.00043458152319801672
leaf_weight=215.92306257784367 386.53477439284325 200.86757239699364 25327.265555113554 269.79373605549335 19261.772415712476 350.17245705425739 259.93787340819836 350.74687738716602 583.21760207414627 245.21831396222115 2396.2374120354652 251.56927834451199 213.6613405495882 3359.4367951452732
leaf_count=888 1565 819 101824 1093 77308 1419 1048 1426 2347 988 9614 1013 863 13482
internal_value=4.27142e-05 0.00244146 2.30316e-05 5.59275e-06 0.000199764 0.000743031 -0.00213142 -2.04094e-05 0.000987796 0.0017267 0.00141763 0.00040029 -0.00195376 0.00071111
internal_weight=53672.4 416.791 53255.6 52869 27541.8 7929.24 610.11 19612.5 7319.13 3224.67 2979.46 4094.46 465.231 3629.23
internal_count=215697 1707 213990 212425 110601 31867 2467 78734 29400 12949 11961 16451 1876 14575
is_linear=0
shrinkage=0.02


Tree=336
num_leaves=15
num_cat=0
split_feature=35 33 19 8 18 1 1 14 30 36 18 18 14 16
split_gain=5.01631 11.5117 10.8521 9.16566 10.9451 8.0656 11.364 14.9734 9.66286 10.6563 15.615 13.2412 10.8554 14.6663
threshold=6.5990664538731491e-13 -0.39000000059604639 0.41666667163372045 8.350075222551824e-05 0.00013112638407619673 0.50344723463058483 0.52454429864883434 0.00022086950775701555 -0.23402605950832364 8.8435175523739206e-13 0.00026418863853905355 0.00048695551231503492 0.00012136673103668728 0.0001438530380255543
decision_type=2 10 2 8 10 2 2 10 2 2 10 10 10 10
left_child=1 -1 -3 4 -2 8 7 -7 -6 10 12 -12 13 -10
right_child=3 2 -4 -5 5 6 -8 -9 9 -11 11 -13 -14 -15
leaf_value=-0.0039735313987230613 0.0016590978317570372 -0.0022528233665260896 -3.6636539639146797e-07 0.0008305739697596744 0.0026107132973953039 0.0024227535448433828 -0.00014569979209355549 -0.0010156259470415793 -0.00099089197126583711 -0.0012714774720544745 0.0024800484169034223 -0.0013785943827417104 0.00017307939076604843 -0.007380935293483484
leaf_weight=286.51361359655857 1486.3703202903271 864.99608442187309 25738.216212779284 8045.6049418598413 350.41751772165298 1770.1862966120243 6211.9662558138371 693.48764646053314 412.99796330928802 4990.116419762373 1304.4323507547379 471.60512034595013 833.74380838871002 206.71379147469997
leaf_count=1162 6002 3472 103241 32434 1413 7095 25068 2779 1658 20057 5230 1890 3344 829
internal_value=7.32167e-05 -0.000119701 -7.52417e-05 0.000266887 2.41494e-05 -0.000118522 0.000311023 0.00145452 -0.000553073 -0.000693961 0.000200734 0.00145149 -0.00132657 -0.0032865
internal_weight=53667.4 26889.7 26603.2 26777.6 18732 17245.7 8675.64 2463.67 8570.03 8219.61 3229.49 1776.04 1453.46 619.712
internal_count=215674 107875 106713 107799 75365 69363 34942 9874 34421 33008 12951 7120 5831 2487
is_linear=0
shrinkage=0.02


Tree=337
num_leaves=15
num_cat=0
split_feature=16 14 5 11 14 30 5 30 34 27 5 27 28 20
split_gain=6.33803 8.43038 8.79056 17.9051 13.4271 8.48952 8.73023 7.2061 11.5385 7.14884 6.80991 11.1664 14.1369 6.812
threshold=6.2749728385824724e-05 0.00010373405530117453 0.0083050956018269079 0.75000000000000011 0.00025513597938697791 0.010299474466592075 0.00076064831227995466 -0.085446137934923158 -0.016666667070239779 -0.02133133169263601 0.0071215650532394656 -0.093905225396156297 0.080581620335578932 0.00022940483904676515
decision_type=8 10 8 2 10 2 8 2 10 2 10 2 2 10
left_child=-1 5 10 7 -5 -2 -7 -4 -9 -6 13 -12 -13 -3
right_child=1 2 3 4 9 6 -8 8 -10 -11 11 12 -14 -15
leaf_value=-0.0016722158606856297 0.0012663147956987226 2.1244532965374591e-05 -0.0019558423582177677 -0.0056283002551051932 -0.0033189336944817998 -0.0032289659166852792 0.00025568586385535066 0.0055661271077054745 -0.00058683779396213052 0.001299538515295934 -0.0018476412074490184 0.0058632239153209014 -0.00054766989710706353 -0.0019189382135746426
leaf_weight=825.39724697172642 4342.356181204319 41888.666725263 206.41859719157219 451.72761937975883 232.38742113113403 295.30322633683681 3251.9847744703293 214.44986885786057 246.83217702805996 269.18469281494617 218.16207613050938 328.30440665781498 222.18293103575706 716.57417048513889
leaf_count=3321 17491 168304 830 1811 933 1187 13065 863 990 1081 876 1318 892 2885
internal_value=4.58591e-05 7.3296e-05 -3.2543e-05 -0.00146942 -0.00320238 0.000675456 -5.08799e-05 0.00102596 0.00238611 -0.000885497 2.18096e-05 0.00186333 0.00334723 -1.22723e-05
internal_weight=53709.9 52884.5 44994.9 1621 953.3 7889.64 3547.29 667.701 461.282 501.572 43373.9 768.649 550.487 42605.2
internal_count=215847 212526 180783 6508 3825 31743 14252 2683 1853 2014 174275 3086 2210 171189
is_linear=0
shrinkage=0.02


Tree=338
num_leaves=15
num_cat=0
split_feature=36 8 35 18 36 32 29 18 5 36 36 28 5 20
split_gain=5.64647 12.3526 10.7587 9.45295 11.778 11.4335 11.5126 8.92814 11.726 13.442 11.0928 12.3496 10.5375 15
threshold=8.5004450852375911e-13 9.918087016558276e-05 1.0949038442391314e-12 0.00022635493951383981 6.24385769866856e-13 -0.023965165950357911 0.064567271620035185 0.00025965494569391018 0.0032244798494502906 1.9653163645105835e-12 1.3545472252532444e-12 -0.094872232526540742 0.00099926278926432154 4.4038490159437067e-05
decision_type=2 8 2 10 2 10 2 8 10 2 2 2 10 10
left_child=2 7 3 4 5 6 -1 12 -9 10 -10 -12 13 -2
right_child=1 -3 -4 -5 -6 -7 -8 8 9 -11 11 -13 -14 -15
leaf_value=-0.00040744225640648789 -0.0013535750480892464 0.00066052227316556534 0.0022846718768533697 0.0002936358661662566 0.00065250834308578959 -0.0015646095126909737 0.0032441951101024719 -0.0015763279302000441 -0.00024123535912012835 -0.0019226022434103754 -0.00056762054665304349 0.0048034792763234678 -0.00033222013593578833 0.0041257869846869433
leaf_weight=2962.8492768704891 308.38957862555981 4152.2589621245861 887.24588489532471 24218.213310614228 2875.0409268289804 4045.8836281895638 370.56953677535057 5212.5351199507713 1104.0146976262331 909.70606811344624 259.000024959445 463.937983289361 5467.403373748064 509.24031260609627
leaf_count=11902 1249 16774 3582 97145 11554 16220 1488 20978 4429 3657 1040 1862 22060 2054
internal_value=-1.30095e-05 -0.000297107 0.000134801 7.81755e-05 -0.00043027 -0.000852753 1.54305e-05 -0.000576992 -0.00102151 3.90374e-05 0.00102605 0.00291575 -1.33216e-05 0.00207614
internal_weight=53746.3 18386.5 35359.8 34472.6 10254.3 7379.3 3333.42 14234.2 7949.19 2736.66 1826.95 722.938 6285.03 817.63
internal_count=215994 74103 141891 138309 41164 29610 13390 57329 31966 10988 7331 2902 25363 3303
is_linear=0
shrinkage=0.02


Tree=339
num_leaves=15
num_cat=0
split_feature=27 30 36 36 5 36 31 37 3 26 25 8 36 16
split_gain=5.09528 8.22887 4.5916 4.41104 6.13694 5.8164 5.10824 5.41237 7.75053 8.07192 9.92466 7.81179 6.40518 14.5217
threshold=-0.4254039973020553 -0.33430701494216913 5.2700701875380015e-12 2.4668688044984099e-13 0.0019330320646986367 2.6709286637862517e-13 -0.25496472418308253 0.22430635243654254 0.4359243512153626 0.22668687254190448 0.44028224050998693 1.3767372365691701e-05 3.237271670349096e-12 0.00025863209157250827
decision_type=2 2 2 2 10 2 8 2 2 2 2 8 2 10
left_child=1 -1 3 4 -2 -5 -7 12 9 -9 -11 -10 -8 -14
right_child=2 -3 -4 5 -6 6 7 8 11 10 -12 -13 13 -15
leaf_value=0.0048161854117167949 -0.00044698967517691038 -0.00057687153152290941 -0.0029468393307811981 -0.0032791905308410282 0.004206686114438825 -0.0024710542824930072 -0.00019531621885328541 0.0047192449934611224 -0.0034774194852896369 -0.0012986661564142277 0.0040322270195736389 0.00026533649149659881 0.0044786567941878666 -0.0016672946955207167
leaf_weight=199.94446228444576 218.96526490151882 225.30113860964775 203.66352641582489 208.0324789583683 207.5365778952837 334.39111362397671 40846.69479522109 293.3734315931797 208.42229476571083 360.94660100340843 201.37337501347065 9570.8650927096605 337.68686985969543 255.2905360609293
leaf_count=811 885 910 833 835 841 1349 164081 1200 838 1471 820 38418 1372 1037
internal_value=-6.93974e-05 0.0020613 -8.71813e-05 -7.50949e-05 0.00190449 -9.18586e-05 -7.79607e-05 -6.16509e-05 0.00034043 0.00214321 0.00068331 0.000178634 -0.000164955 0.00186461
internal_weight=53672.5 425.246 53247.2 53043.6 426.502 52617.1 52409 52074.7 10635 855.693 562.32 9779.29 41439.7 592.977
internal_count=215701 1721 213980 213147 1726 211421 210586 209237 42747 3491 2291 39256 166490 2409
is_linear=0
shrinkage=0.02


Tree=340
num_leaves=15
num_cat=0
split_feature=32 5 1 18 16 0 26 35 5 5 27 5 19 16
split_gain=6.35414 13.4464 11.2979 12.9127 20.2052 11.3326 13.0084 10.1132 9.69192 14.8616 12.8014 11.0791 16.5451 9.7636
threshold=0.11801603063941003 0.00065834738779813062 0.55499792098999035 0.00024042227596510204 0.00024708981800358748 0.0099537014029920119 0.26451325416564947 8.6529321576857287e-13 0.0011720854672603311 0.00099926278926432154 0.21116895228624347 0.0024159785825759177 0.91666665673255932 0.00032147493038792169
decision_type=8 10 2 10 10 2 2 2 10 10 2 10 2 10
left_child=-1 -2 3 4 5 -3 7 -7 9 -5 11 12 -10 -12
right_child=1 2 -4 8 -6 6 -8 -9 10 -11 13 -13 -14 -15
leaf_value=-0.00014310908064952326 0.0048413667559160942 0.0037110389495883167 0.0037518624699616355 0.00066204603871327251 -0.0062906070900934823 -0.0039308245144510749 0.0012533893509169231 0.00016777380256184529 0.001653219066430966 0.0066932488983404729 0.00017490774883067666 0.0025267677067325445 -0.0033084564486837577 -0.0038604204710321983
leaf_weight=47155.802932888269 256.1108318567276 216.25204402208328 343.77969461679459 444.97189521789551 246.20709039270878 613.05097757279873 629.54140664637089 386.10337093472481 671.86357666552067 243.00967931747437 545.5998567044735 1132.6243116110563 419.82498154044151 405.6634716540575
leaf_count=189497 1031 866 1403 1786 989 2458 2533 1555 2702 976 2192 4549 1684 1634
internal_value=-6.19521e-05 0.000520575 0.000330114 0.00012067 -0.00113872 -0.000391115 -0.000974195 -0.00237479 0.00080467 0.00292129 0.000330695 0.00115896 -0.00028006 -0.00159
internal_weight=53710.4 6554.6 6298.49 5954.71 2091.15 1844.95 1628.7 999.154 3863.56 687.982 3175.58 2224.31 1091.69 951.263
internal_count=215855 26358 25327 23924 8401 7412 6546 4013 15523 2762 12761 8935 4386 3826
is_linear=0
shrinkage=0.02


Tree=341
num_leaves=15
num_cat=0
split_feature=10 18 3 35 18 5 5 2 5 8 20 2 34 34
split_gain=7.89431 8.12699 10.6564 8.39608 7.43661 18.439 6.81931 5.25711 6.90283 5.02673 6.83837 6.01385 4.99791 9.28187
threshold=0.00023954993230290714 0.00038754935667384421 0.49221731722354894 7.6746801188493096e-13 0.0009287523280363531 0.0023611972574144606 0.0060091845225542792 0.041533019393682487 0.0026185089955106382 0.00013555134501075375 0.00013798035797663036 0.019843135960400108 0.026666667312383655 -1.804112415015879e-15
decision_type=8 10 2 2 10 10 10 2 8 10 10 2 8 10
left_child=12 2 3 -2 7 -6 -7 9 -9 10 -3 -11 13 -1
right_child=1 4 -4 -5 5 6 -8 8 -10 11 -12 -13 -14 -15
leaf_value=-5.4421620128820866e-05 -0.0029105598155541972 0.0025500602675085603 0.0037092895975568917 0.0022672368211996007 0.0050639452153995101 -0.0028581526150996284 0.001791214410247606 -0.0035400716468923987 0.00062948967495652264 -0.0024629558733987528 -0.0013785494069756177 0.00098352749909805769 0.00044129918255685362 -0.00089658023658669426
leaf_weight=37413.638765528798 215.57404623925686 557.45667418837547 709.03515258431435 247.62266808748245 367.94697019457817 261.16271588206291 210.77935625612736 373.55786371231079 257.45482486486435 415.2238704264164 240.61476740241051 363.13817881047726 6028.9070430696011 6067.1113673746586
leaf_count=150436 867 2236 2860 1003 1489 1058 852 1519 1046 1665 965 1462 24166 24301
internal_value=-2.65339e-05 0.000801786 0.00220202 -0.000163263 0.000252308 0.00183083 -0.000793245 -0.000359335 -0.0018718 0.000261939 0.00136086 -0.00087067 -9.74246e-05 -0.000172291
internal_weight=53729.2 4219.57 1172.23 463.197 3047.34 839.889 471.942 2207.45 631.013 1576.43 798.071 778.362 49509.7 43480.8
internal_count=215925 17022 4730 1870 12292 3399 1910 8893 2565 6328 3201 3127 198903 174737
is_linear=0
shrinkage=0.02


Tree=342
num_leaves=15
num_cat=0
split_feature=4 37 27 29 8 16 35 20 18 32 34 17 20 18
split_gain=7.96811 13.9196 8.14947 13.1538 7.97082 7.94625 7.09977 6.50355 7.87914 7.24247 9.19745 8.86041 6.42493 7.74622
threshold=1.0000000180025095e-35 0.43947131931781774 -0.26977977156639094 -0.17514259368181226 5.4030300816521055e-05 0.00016478345787618312 3.1388201770805179e-13 4.1580751712899662e-05 0.00014763867511646825 0.025417620316147808 -0.016666667070239779 0.91666665673255932 2.6147035896428864e-05 0.00022635493951383981
decision_type=2 2 2 2 10 8 2 10 10 10 10 2 10 10
left_child=1 2 -1 4 -4 7 -7 -5 -9 11 -11 -10 -2 -14
right_child=12 -3 3 5 -6 6 -8 8 9 10 -12 -13 13 -15
leaf_value=-0.0031229915312479322 0.002279510780015303 -0.0036491384055937267 0.0058087944888273084 0.00086677526513274591 0.00053043335665786434 -0.0028890548115687283 0.00017064493854774705 0.00088691288358536233 0.00025046276195125813 -0.0061871014919557474 -0.0010277086653859464 -0.00382273436577263 -0.00034372192854956109 0.00023493657911639342
leaf_weight=387.01794101297855 509.39628906548023 529.43122527003288 199.93677164614201 388.81689056754112 247.88039372861385 302.42040410637856 5109.2572703063488 312.25894646346569 538.70159877836704 355.88777235150337 233.27340380847454 331.54893271625042 13146.155182719231 31120.621001705527
leaf_count=1554 2062 2120 801 1557 993 1211 20451 1250 2156 1425 934 1327 52936 125084
internal_value=-1.96552e-05 -0.000564228 -0.000361756 -0.00022107 0.00303465 -0.0004211 -1.03483e-05 -0.00144044 -0.00195081 -0.00256176 -0.0042451 -0.00135237 8.92339e-05 6.30115e-05
internal_weight=53712.6 8936.43 8407 8019.98 447.817 7572.17 5411.68 2160.49 1771.67 1459.41 589.161 870.251 44776.2 44266.8
internal_count=215861 35779 33659 32105 1794 30311 21662 8649 7092 5842 2359 3483 180082 178020
is_linear=0
shrinkage=0.02


Tree=343
num_leaves=15
num_cat=0
split_feature=32 30 31 18 14 24 12 35 24 36 14 19 33 2
split_gain=4.88361 14.1451 11.191 12.6816 13.8678 12.0874 9.65289 8.87657 7.55053 8.30599 15.114 10.905 15.1149 9.12322
threshold=0.09953233972191812 0.26951947808265692 -0.028453168459236618 0.00024042227596510204 0.00015117619477678093 0.37383608520030981 5.6008271712926223e-05 1.1246532134398526e-12 -0.38193428516387934 1.0384704706399574e-12 0.0001922826413647272 0.91666665673255932 4.3853809472693691e-15 0.032758157700300224
decision_type=8 2 10 10 10 2 10 2 2 2 10 2 10 2
left_child=1 -1 -2 4 -4 7 -5 -6 -8 11 13 -10 -13 -11
right_child=2 -3 3 6 5 -7 8 -9 9 10 -12 12 -14 -15
leaf_value=-6.0297069964563835e-05 0.0039054868528770642 -0.0032918169550205313 0.00029925483100437078 -0.0029355120547980007 -0.0050085447328071867 0.0011687689721812376 0.0041803533739677148 -0.00044418704552289814 0.0023721209718062927 -0.00073148917524077316 -0.0020031174004149521 -0.0023344973406550043 0.0016818341762017941 0.0046673803891133878
leaf_weight=44652.017785236239 333.88207402825356 528.48745441436768 1749.7156009674072 238.17444318532944 585.76866990327835 256.1004329174757 269.45219537615776 242.94565676152706 1895.7115479111671 214.07280810177326 887.22905340790749 596.93224988877773 935.08008563518524 266.26590307056904
leaf_count=179437 1352 2126 7036 957 2350 1031 1085 980 7608 857 3577 2392 3755 1075
internal_value=-1.68702e-05 -9.95368e-05 0.000423215 0.000271112 -0.000805219 -0.00255981 0.000847299 -0.00371246 0.00103604 0.000842724 -0.000470172 0.00136622 0.000106996 0.0023282
internal_weight=53651.8 45180.5 8471.33 8137.45 2834.53 1084.81 5302.92 828.714 5064.74 4795.29 1367.57 3427.72 1532.01 480.339
internal_count=215618 181563 34055 32703 11397 4361 21306 3330 20349 19264 5509 13755 6147 1932
is_linear=0
shrinkage=0.02


Tree=344
num_leaves=15
num_cat=0
split_feature=10 31 29 10 14 14 30 14 5 5 36 31 36 30
split_gain=5.42594 8.15485 10.746 8.28353 6.29537 6.08671 10.7355 10.2883 7.31377 5.88773 8.16555 6.75126 4.89411 8.55117
threshold=0.00023954993230290714 0.028709894977509979 -0.051072794944047921 0.00033763611281756317 0.00061832138453610252 0.00027998647419735795 -0.072134017944335924 0.00044315816194284713 0.0023611972574144606 0.0025452860863879327 7.5590973909987768e-13 0.080741137266159071 5.3093708357772339e-13 0.033075554296374328
decision_type=8 8 2 10 8 10 2 10 10 8 2 10 2 2
left_child=-1 2 5 12 9 -2 7 -7 -9 10 -3 -11 -4 -14
right_child=1 4 3 -5 -6 6 -8 8 -10 11 -12 -13 13 -15
leaf_value=-0.00013746411454012655 0.0032938234560976336 -0.0018130024163562769 0.0018767176524968573 -0.0034880777723051114 0.0043120577382370082 -0.0030523578121777807 0.0039376861746441413 0.0039239293768588415 -0.0010519703576427214 0.0048212623231632988 0.0024066458737813465 0.00028120748576069827 -0.0032593056831779939 0.0016087064235331921
leaf_weight=49480.433647677302 364.82510162889957 425.58724170923233 286.26494415104389 450.26672998070717 293.1364801377058 385.24925760924816 235.3869716823101 203.92754043638706 236.30440573394299 261.63563753664494 291.82192975282669 249.89132256805897 325.83068715035915 231.52260722219944
leaf_count=198787 1472 1710 1149 1817 1187 1557 952 830 955 1053 1180 1007 1312 932
internal_value=-7.85376e-05 0.000606282 -5.21361e-05 -0.00136092 0.00176813 0.00113805 0.000349459 -0.000742671 0.00132336 0.001102 -7.78479e-05 0.00269739 -0.000171105 -0.00125147
internal_weight=53722.1 4241.65 2719.58 1293.88 1522.07 1425.69 1060.87 825.481 440.232 1228.94 717.409 511.527 843.618 557.353
internal_count=215900 17113 10976 5210 6137 5766 4294 3342 1785 4950 2890 2060 3393 2244
is_linear=0
shrinkage=0.02


Tree=345
num_leaves=15
num_cat=0
split_feature=14 2 36 29 31 26 14 2 33 25 32 21 32 16
split_gain=4.81928 7.76263 11.0002 5.29038 5.1908 4.43159 4.20523 7.40436 7.88856 6.5668 10.0293 8.73386 5.07246 9.87955
threshold=5.7186683989129967e-05 0.042921861633658416 5.7191699835180975e-13 0.0053564230911433705 -0.28470504283905024 -0.030047160573303696 7.2549031756352647e-05 0.018045843578875068 -0.093333333730697618 -0.11178708449006079 -0.023965165950357911 0.20000867545604709 -0.22329618036746976 0.00033074253587983554
decision_type=10 2 2 2 10 2 10 2 10 2 10 2 10 10
left_child=1 2 -1 -4 -2 -3 7 8 -6 -9 -11 -12 13 -8
right_child=4 5 3 -5 6 -7 12 9 -10 10 11 -13 -14 -15
leaf_value=-0.00021597493838719143 -0.0030229402213548728 0.0010551258524344636 0.0061625291120659459 0.00178534697617359 0.0029532048842391603 -0.0029204745147387301 0.001998586782870535 -0.0039205948052929342 -0.0016019317811516731 0.0022228221113142722 0.00022185834991054592 -0.0052704313995956265 1.4703551558904884e-05 -0.0017885205716893773
leaf_weight=387.28485381603241 205.52864517271519 205.78183294832706 253.82965703308582 222.98104037344456 308.11167627573013 207.52231107652187 1221.0590196251869 392.4293546974659 265.85429891943932 269.00172731280327 228.20505709946156 211.95798394083977 48941.939858540893 337.27337722480297
leaf_count=1552 831 840 1019 894 1234 840 4951 1587 1064 1086 918 853 196611 1368
internal_value=3.45695e-05 0.00123869 0.00229989 0.00426981 4.74356e-06 -0.000983708 1.78238e-05 -0.0009619 0.000860423 -0.0019098 -0.000720074 -0.00253704 5.06982e-05 0.00116666
internal_weight=53658.8 1277.4 864.096 476.811 52381.4 413.304 52175.8 1675.56 573.966 1101.59 709.165 440.163 50500.3 1558.33
internal_count=215648 5145 3465 1913 210503 1680 209672 6742 2298 4444 2857 1771 202930 6319
is_linear=0
shrinkage=0.02


Tree=346
num_leaves=15
num_cat=0
split_feature=14 5 1 36 26 36 18 14 5 36 20 1 5 35
split_gain=4.89128 8.4033 9.10056 9.08883 10.7728 8.99123 15.0735 8.85184 8.78393 8.77647 8.96592 8.74854 8.6551 8.12182
threshold=0.00010373405530117453 0.0033471034839749341 0.58911216259002697 6.7051399155193546e-13 -0.15050683170557019 4.6659198857032523e-13 0.0001827426167437807 9.6560292149661122e-05 0.0024159785825759177 1.0384704706399574e-12 5.2355162551975816e-05 0.54052391648292553 0.0027108440408483152 4.395680596857438e-13
decision_type=10 8 2 2 2 2 10 10 10 2 10 2 10 2
left_child=1 2 3 5 9 6 -1 8 -6 10 -5 -3 -7 -8
right_child=-2 11 -4 4 7 12 13 -9 -10 -11 -12 -13 -14 -15
leaf_value=-0.0015551964483086062 -0.00011248858598819752 0.0026761107994114799 0.0039175800757689618 0.0013283683198315954 8.2952190650582901e-05 -0.0010238854417988648 0.0036312978476405427 0.002724792776427926 -0.0034673807726878021 0.00068335164442222501 0.0070456450528508744 -0.00074714170160328414 -0.0048169159493397255 -0.00040179981183177942
leaf_weight=781.05778332054615 45265.01847589016 1091.6954789608717 223.36934752762318 212.43013525009155 1370.8815433532 1846.9728924036026 556.40430170297623 362.90016375482082 329.61053197085857 512.28221736848354 235.12778706848621 398.14943943917751 260.5171777009964 300.00245743989944
leaf_count=3136 181875 4376 933 858 5520 7412 2232 1461 1325 2072 946 1606 1044 1204
internal_value=-2.98626e-05 0.000410337 0.000117782 -1.87946e-05 0.000794056 -0.000675726 0.000433624 -2.56949e-05 -0.000637525 0.00252085 0.00450488 0.00176349 -0.00153364 0.00224156
internal_weight=53746.4 8481.4 6991.56 6768.19 3023.23 3744.95 1637.46 2063.39 1700.49 959.84 447.558 1489.84 2107.49 856.407
internal_count=216000 34125 28143 27210 12182 15028 6572 8306 6845 3876 1804 5982 8456 3436
is_linear=0
shrinkage=0.02


Tree=347
num_leaves=15
num_cat=0
split_feature=37 30 1 25 27 16 13 10 14 25 11 0 30 32
split_gain=6.51749 6.66932 5.813 8.86324 10.4757 8.86295 8.68939 9.41187 13.0557 14.5656 11.3725 10.1119 8.14652 12.3199
threshold=0.630597084760666 -0.034491812810301774 0.49522367119789129 0.063308518379926695 -0.056416373699903481 7.0002726715756594e-05 0.75000000000000011 0.00018964760965900498 0.00025687244487926369 0.092725265771150603 0.91666665673255932 0.027769437059760097 0.096802685409784331 0.12046032398939134
decision_type=2 2 2 2 2 8 2 10 10 2 2 2 2 10
left_child=2 -2 3 -1 -5 -4 12 8 9 -8 -10 -9 -6 -14
right_child=1 -3 5 4 6 -7 7 11 10 -11 -12 -13 13 -15
leaf_value=-0.00058517801932721821 4.4821550768278773e-05 -0.0040470488725761434 -0.0019577352946089505 0.0024025520376212682 0.0002467990660056324 0.00028007247069637822 0.004329376435709487 -0.00097764523194146481 -0.0033603253330087009 0.00028966023748954145 0.00041053740112293287 0.0031712934359766315 -0.0028276174429144778 0.00011935281210861901
leaf_weight=11683.139942750335 318.77462947368622 297.68237109482288 705.86587776243687 779.61714553833008 2054.3912765979767 28972.741283833981 374.46472324430943 308.29880599677563 677.50792647898197 3802.2485667914152 583.73453864455223 871.8047472089529 1226.1571787297726 1038.9660980254412
leaf_count=46894 1284 1200 2844 3132 8260 116514 1501 1236 2717 15250 2340 3513 4927 4183
internal_value=1.56766e-05 -0.00199619 3.97855e-05 -0.000195832 0.000192718 0.000225567 3.11063e-05 0.000486009 0.000131724 0.000670749 -0.00163591 0.00208917 -0.000664892 -0.00148669
internal_weight=53695.4 616.457 53078.9 23400.3 11717.2 29678.6 10937.6 6618.06 5437.96 4176.71 1261.24 1180.1 4319.51 2265.12
internal_count=215795 2484 213311 93953 47059 119358 43927 26557 21808 16751 5057 4749 17370 9110
is_linear=0
shrinkage=0.02


Tree=348
num_leaves=15
num_cat=0
split_feature=3 28 28 26 10 29 8 37 10 32 27 10 21 26
split_gain=7.80465 5.20541 5.02434 4.06933 7.23513 4.24519 10.8936 9.7121 5.80455 9.38005 9.6628 9.32785 8.17592 7.63666
threshold=0.38547967374324804 0.54947867989540111 0.443626418709755 -0.67202508449554432 9.5455532573396354e-05 -0.19802328199148175 5.5044552937033593e-05 -0.26752798259258265 9.8819178674602895e-05 -0.0065407324582338324 -0.18534033745527265 9.7699710750021054e-05 -0.65519982576370228 0.4821868389844895
decision_type=2 2 2 2 10 2 10 2 10 10 2 8 2 2
left_child=-1 2 3 4 -2 6 -5 -8 9 10 12 13 -7 -11
right_child=1 -3 -4 5 -6 8 7 -9 -10 11 -12 -13 -14 -15
leaf_value=0.0038015385884040903 -0.00060072663633246978 -0.0030159303989420239 0.0022137092431617719 -0.0016711641007068222 0.0045233647032339556 -0.0034435250091987778 0.0034890033934121818 -0.00019727199070928965 -0.00016101997010362212 -0.00030140185763773841 0.0009317701551963967 0.0039052740296830002 2.6764700538440804e-05 0.0022686639666183402
leaf_weight=198.28250482678413 215.82900901138783 206.1393063813448 396.20950220525265 2017.2883091270924 196.81588040292263 336.36094923317432 315.07738941907883 1935.5948101580143 25606.732740044594 11042.458890736103 9495.1895997524261 206.38581781089306 1139.9019501060247 462.76182124018669
leaf_count=830 881 831 1597 8119 807 1357 1273 7801 102854 44309 38165 828 4586 1861
internal_value=2.74288e-05 1.20466e-05 2.48683e-05 7.66677e-06 0.00193939 -8.23168e-06 -0.000611326 0.000344965 4.53022e-05 0.000278154 0.000697804 -0.000115493 -0.000799387 -0.000194271
internal_weight=53771 53572.7 53366.6 52970.4 412.645 52557.8 4267.96 2250.67 48289.8 22683.1 10971.5 11711.6 1476.26 11505.2
internal_count=216099 215269 214438 212841 1688 211153 17193 9074 193960 91106 44108 46998 5943 46170
is_linear=0
shrinkage=0.02


Tree=349
num_leaves=15
num_cat=0
split_feature=31 31 12 18 18 36 20 20 27 1 18 35 29 14
split_gain=6.21166 8.49457 8.35529 6.36247 8.70309 10.2337 12.6226 23.3821 13.9168 10.2273 10.0806 8.63845 11.6915 9.21313
threshold=-0.25496472418308253 -0.2361439764499664 0.00011358947813278065 0.00014763867511646825 0.0001654755760682747 4.9326517805210756e-13 9.5244195108534782e-05 8.5502822912530987e-05 0.21511425822973254 0.54367089271545421 0.00044643049477599567 4.942554612114015e-13 0.12731490284204486 0.00011693273336277345
decision_type=8 10 10 10 10 2 10 10 2 2 10 2 2 10
left_child=2 -2 -1 11 -5 6 7 10 -8 -9 -6 -3 13 -13
right_child=1 3 -4 4 5 -7 8 9 -10 -11 -12 12 -14 -15
leaf_value=0.0005177913417275205 0.0037196799146971449 -0.00060915666933009571 -0.0049494761733185266 -0.0013795229757408124 0.00072936570183773186 -0.00024907249964697465 0.0014818604141055914 -0.0016236939972693995 -0.0031323381377582507 -0.0062540828705175723 -0.0012888959078429965 0.002855814731652266 -0.0012018335361512452 0.00060490907012522284
leaf_weight=203.16579049825668 219.44987964630127 1600.1726993173361 219.62613740563393 2104.3029989302158 5106.917811691761 33636.791248291731 4551.3632275313139 667.8109270632267 258.8945482224226 260.3600739389658 1207.6366922259331 1399.7086251080036 671.75811813771725 1519.7421972751617
leaf_count=820 887 6426 886 8463 20497 135217 18246 2674 1039 1044 4843 5653 2704 6126
internal_value=-5.84992e-05 -3.88516e-05 -0.00241755 -5.5816e-05 -0.000128123 -6.99093e-05 0.000429674 -9.81846e-05 0.00122158 -0.00302708 0.000340529 0.000607807 0.00115043 0.00169618
internal_weight=53627.7 53204.9 422.792 52985.5 47794.1 45689.8 12053 7242.73 4810.26 928.171 6314.55 5191.38 3591.21 2919.45
internal_count=215525 213819 1706 212932 192023 183560 48343 29058 19285 3718 25340 20909 14483 11779
is_linear=0
shrinkage=0.02


Tree=350
num_leaves=15
num_cat=0
split_feature=5 5 1 18 20 5 20 18 35 31 20 8 20 20
split_gain=6.83305 12.4472 12.6424 15.9074 10.9316 22.5633 18.0345 17.1326 10.8743 14.4713 11.4183 21.7609 15.6993 9.39002
threshold=0.0027315481565892701 0.0026185089955106382 0.48337766528129583 0.00040280648681800818 5.2717432481586009e-05 0.0034253660123795275 4.3591571738943464e-05 0.00025965494569391018 1.878275204640623e-12 0.0020432969322428112 8.9926194050349309e-05 5.9155177950742661e-05 4.2542798837530433e-05 5.3430721891345463e-05
decision_type=10 10 2 10 10 10 10 10 2 10 10 10 8 10
left_child=1 8 -3 -4 5 6 -2 -7 -1 10 12 -12 -10 -11
right_child=4 2 3 -5 -6 7 -8 -9 9 13 11 -13 -14 -15
leaf_value=-2.3920334773639167e-05 -0.00039671075251671283 0.0051711461901890196 -0.0012943728031639503 0.0051483053282985729 -0.00017604485322032868 0.0035822326038864572 -0.0076428740146836606 -0.0034571587458377914 -0.0013249960877504885 0.0020519316310909632 -0.0051824351386450867 0.0027920907316677269 0.0039721737454032156 -0.0010813491795538298
leaf_weight=29741.963364720345 223.59531177580357 369.56118811666965 494.38013260066509 198.77008761465549 17918.386176854372 320.27119827270508 346.06507617235184 213.60299953818321 259.46979430317879 513.21388722956181 202.30618196725845 336.33964343369007 1294.8989192545414 1335.3180909156799
leaf_count=119496 905 1487 1992 800 71909 1293 1395 862 1057 2083 815 1361 5248 5391
internal_value=8.29366e-06 0.000175088 0.0022859 0.00064572 -0.000296244 -0.00221008 -0.00490863 0.000742638 0.000107175 0.00109152 0.00222221 -0.000281314 0.00308232 -0.000198794
internal_weight=53768.1 34746.2 1062.71 693.15 19021.9 1103.53 569.66 533.874 33683.5 3941.55 2093.01 538.646 1554.37 1848.53
internal_count=216094 139730 4279 2792 76364 4455 2300 2155 135451 15955 8481 2176 6305 7474
is_linear=0
shrinkage=0.02


Tree=351
num_leaves=15
num_cat=0
split_feature=34 0 1 22 34 5 36 36 35 1 35 18 3 1
split_gain=5.0719 13.8755 11.5571 11.0474 8.56576 13.3834 13.315 15.2607 13.3142 12.2704 24.9715 16.9631 17.7191 15.5389
threshold=-0.076666668057441698 0.015703091397881511 0.49175745248794561 0.010710771661251785 -0.25222222506999964 0.0045576961711049089 6.0947365318649037e-13 8.0505857514255607e-13 1.0669775609914447e-12 0.4811666756868363 1.2722002813193858e-12 0.00025659141829237347 0.54027479887008678 0.46790191531181341
decision_type=10 2 2 2 8 10 2 2 2 2 2 10 2 2
left_child=1 2 -1 -4 5 -3 -6 8 -8 10 -9 -11 -13 -12
right_child=-2 4 3 -5 6 -7 7 9 -10 11 13 12 -14 -15
leaf_value=-0.0027609333545696646 -0.00022189303009509696 -0.00019690237108563571 0.0007517166098041239 -0.0015517584677111355 -0.00018261454007735577 -0.0052545475970368904 0.0018292934881872416 -0.0026962812859382792 0.0067391767624499109 0.0026399014549774264 0.0021584286116206942 0.0017179175764279453 -0.0016939121922095257 -0.0021990346583019692
leaf_weight=959.07073627412319 30912.623044505715 2551.4055812954903 1831.2728203088045 1494.8594124019146 5660.0026095509529 208.16903501749039 2621.7137859761715 1172.3356603085995 226.11424444615841 1852.7756348252296 1281.1945514082909 1263.1504155248404 1138.7421894967556 419.52014437317848
leaf_count=3844 123919 10401 7344 5991 22764 845 10554 4721 916 7510 5193 5073 4630 1684
internal_value=-5.52989e-05 0.00017176 -0.000850648 -0.000286618 0.000410598 -0.00061349 0.000591896 0.00103083 0.00226341 0.000533405 -0.000474536 0.00121307 9.97316e-05 0.00107049
internal_weight=53592.9 22680.3 4285.2 3326.13 18395.1 2759.57 15635.5 9975.55 2847.83 7127.72 2873.05 4254.67 2401.89 1700.71
internal_count=215389 91470 17179 13335 74291 11246 63045 40281 11470 28811 11598 17213 9703 6877
is_linear=0
shrinkage=0.02


Tree=352
num_leaves=15
num_cat=0
split_feature=16 5 34 16 9 34 16 34 20 31 12 31 3 20
split_gain=5.77055 13.5396 10.9659 10.5631 15.423 12.2913 14.1733 11.3554 13.7175 9.13484 9.50262 8.98542 9.15776 8.84051
threshold=0.00033823505509644752 0.0023124645231291656 0.016666667070239786 0.00020307584782131019 0.41666667163372045 0.026666667312383655 0.00022813240502728152 0.026666667312383655 0.00012839704140787947 0.12454549595713617 0.00020557831157930198 0.031841270625591285 0.49506857991218572 2.6147035896428864e-05
decision_type=10 10 10 8 2 10 10 8 10 10 10 10 2 8
left_child=3 9 -3 7 -5 -6 -7 13 -9 -2 -11 -4 -13 -1
right_child=1 2 11 4 5 6 -8 8 -10 10 -12 12 -14 -15
leaf_value=0.0023033871833719288 -2.6242466370003841e-05 -0.0016254405551696422 0.0020914429423014762 0.0024312051797846009 0.00048868186113923656 0.001926542395101642 -0.0018944880288638438 0.0020078201644970345 -0.0024239041456464616 -0.00013366695874581178 0.0047538422346019285 0.00022258416969893436 -0.0040762984151635311 -0.00039376892246377931
leaf_weight=477.78581865131855 5729.6479742825031 4326.7723097652197 646.08328415453434 1415.3588844686747 14148.111921593547 475.83699172735214 1805.0913913100958 1615.3912872076035 319.26185135543346 294.15961948037148 323.90703232586384 759.90409538149834 247.27913226187229 21250.684800103307
leaf_count=1929 23026 17395 2591 5714 56820 1907 7235 6473 1280 1181 1303 3055 991 85461
internal_value=-3.71956e-05 -0.000416777 -0.00109804 7.56867e-05 0.000442835 0.00026879 -0.00108754 -0.000201321 0.00125917 0.000226455 0.00249643 0.000285167 -0.000891677 -0.000332398
internal_weight=53835.3 12327.8 5980.04 41507.5 17844.4 16429 2280.93 23663.1 1934.65 6347.71 618.067 1653.27 1007.18 21728.5
internal_count=216361 49542 24032 166819 71676 65962 9142 95143 7753 25510 2484 6637 4046 87390
is_linear=0
shrinkage=0.02


Tree=353
num_leaves=15
num_cat=0
split_feature=31 25 26 15 3 33 1 25 1 12 33 1 25 18
split_gain=5.36907 4.7231 9.79699 8.74415 7.61568 6.47519 11.7363 10.4029 10.1579 9.5175 9.03928 15.3377 13.107 11.3284
threshold=-0.28470504283905024 -0.42446681857109064 -0.58537012338638295 0.75000000000000011 0.55029574036598217 -0.3183333277702331 0.48890571296215063 0.095386531203985228 0.46489290893077856 0.00010643745918059723 -0.18333333730697629 0.52397674322128307 -0.39557287096977228 0.00018899705173680562
decision_type=8 2 2 2 2 8 2 2 2 10 10 2 2 10
left_child=-1 3 -3 4 -2 6 8 9 -4 -8 11 -7 -12 -13
right_child=1 2 5 -5 -6 10 7 -9 -10 -11 12 13 -14 -15
leaf_value=-0.002948537184751287 -0.003391453939621438 0.0036431372554371249 -0.00092162952602073466 0.0002797218201712615 0.00070733819491783161 -1.4550831982025528e-05 -0.003557632351303614 -0.0062993037374333288 0.0041966964945512617 0.00094498934327317922 0.0044600940161899048 9.4144222371159476e-05 -1.748197453382961e-06 0.0029492532437056097
leaf_weight=216.88821657001972 664.82551410794258 291.52617101371288 427.02895022928715 1173.5080824941397 238.35163697600365 3458.0140705108643 361.63856372237206 210.62764000892639 218.87052635848522 356.5948488265276 244.96405617892742 821.50987783074379 43249.490635678172 1707.981554299593
leaf_count=877 2675 1200 1740 4733 983 13929 1467 853 880 1449 984 3342 173543 6930
internal_value=5.58556e-05 6.91513e-05 0.000107104 -0.000861341 -0.00231788 8.54953e-05 -0.00116894 -0.00258694 0.000886728 -0.00135709 0.000125874 0.000853078 2.54196e-05 0.00203
internal_weight=53641.8 53424.9 51348.2 2076.69 903.177 51056.7 1574.76 928.861 645.899 718.233 49482 5987.51 43494.5 2529.49
internal_count=215585 214708 206317 8391 3658 205117 6389 3769 2620 2916 198728 24201 174527 10272
is_linear=0
shrinkage=0.02


Tree=354
num_leaves=15
num_cat=0
split_feature=16 34 0 35 30 16 32 32 9 31 31 10 7 37
split_gain=6.34615 8.39474 12.8373 9.98876 8.0397 7.07914 10.79 9.68837 8.35555 8.29789 7.33345 7.22837 6.34356 10.8988
threshold=0.00018951669335365298 0.026666667312383655 0.060507429763674743 8.2279213824143503e-13 0.082044035196304335 0.00033823505509644752 -0.23089396208524701 -0.23914678394794461 0.25000000745058065 0.2001432999968529 -0.16889861226081845 0.00032428724807687109 1.0000000180025095e-35 -0.021592912264168259
decision_type=8 8 2 2 2 10 10 10 2 10 8 10 2 2
left_child=1 -1 3 4 -3 7 -7 10 -9 -8 -2 -10 -6 -14
right_child=5 2 -4 -5 12 6 9 8 11 -11 -12 -13 13 -15
leaf_value=-0.00038803320048470818 0.00088395174696204713 0.0037844365612902846 0.004810035308902354 -0.0027117855578291683 0.0022488223731447587 -0.0037782539492055164 -0.00017716580118916657 0.0040083046446897017 0.00024291249773230852 0.0037206448957821385 0.0057578451164470891 0.0036209101841538894 -0.0046268025185823222 0.0013528028623873858
leaf_weight=19333.41147775948 282.98281513154507 313.68580658733845 283.19692055881023 323.79057058691978 296.11471900343895 308.73566173017025 11799.790146514773 224.53169521689415 19447.076282247901 202.59637242555618 211.84120844304562 236.87545768916607 204.32943201065063 252.23332053422928
leaf_count=77763 1144 1256 1139 1297 1186 1252 47405 912 78087 816 864 957 818 1010
internal_value=1.01005e-06 -0.000270114 0.00108079 0.000263632 0.00120038 0.000175164 -0.00020338 0.000403549 0.000333145 -0.000105292 0.00311316 0.000287197 5.33675e-05 -0.00140517
internal_weight=53721.2 21006.8 1673.35 1390.15 1066.36 32714.4 12311.1 20403.3 19908.5 12002.4 494.824 19684 752.677 456.563
internal_count=215906 84469 6706 5567 4270 131437 49473 81964 79956 48221 2008 79044 3014 1828
is_linear=0
shrinkage=0.02


Tree=355
num_leaves=15
num_cat=0
split_feature=18 36 32 36 36 32 32 2 32 28 2 35 14 34
split_gain=4.34152 14.4034 13.291 8.39463 16.9846 12.1618 15.5628 12.0755 13.8514 10.8394 11.1887 10.5053 9.69643 14.4075
threshold=0.00044973958574701106 2.4962949459264587e-12 0.017541974782943729 7.6161313041812905e-13 8.8435175523739206e-13 -0.0075931774917989961 -0.15614922344684598 0.031157299876213077 0.02196032460778952 -0.092931084334850297 0.046938953921198852 9.5229466673396621e-13 0.00039494252996519213 -5.8286708792820709e-16
decision_type=10 2 10 2 2 10 10 2 10 2 2 2 10 10
left_child=-1 3 -3 7 -5 6 -6 -2 -9 -7 -11 -8 13 -10
right_child=1 2 -4 4 5 9 11 8 12 10 -12 -13 -14 -15
leaf_value=0.00010829865979293353 8.4399786761279026e-05 -0.0050830830392745371 0.00045184826324654558 0.003100941985194448 -0.0024637268561428804 0.0024834291000716295 -0.0017298373937108373 -0.0025767666961228888 0.0021892230515960791 -0.0030238463894747096 0.00073747371772488689 0.0028161960620908398 0.0026591509280914282 -0.0028394943183678739
leaf_weight=40316.878754556179 5112.6200381666422 444.52542608976364 272.1647030711174 829.3676183372736 368.88360399007797 248.53369763493538 230.78074608743191 1874.7264365553856 341.35786175727844 1029.0527690649033 443.27897490561008 1178.0109173208475 389.63537423312664 602.90578176081181
leaf_count=162072 20475 1799 1100 3334 1490 998 927 7542 1371 4124 1792 4735 1572 2420
internal_value=4.72809e-06 -0.000307378 -0.00302598 -0.000148811 0.000563978 -5.16445e-05 0.00110249 -0.000519999 -0.0014776 -0.00124285 -0.00189671 0.0020577 8.24565e-05 -0.00101388
internal_weight=53682.7 13365.8 716.69 12649.2 4327.91 3498.54 1777.68 8321.25 3208.63 1720.87 1472.33 1408.79 1333.9 944.264
internal_count=215751 53679 2899 50780 17400 14066 7152 33380 12905 6914 5916 5662 5363 3791
is_linear=0
shrinkage=0.02


Tree=356
num_leaves=15
num_cat=0
split_feature=5 13 26 5 24 27 14 27 18 1 17 20 20 33
split_gain=6.89781 5.14693 15.655 13.6594 10.0219 9.6157 9.66236 12.0131 9.64838 9.22583 8.01089 7.42869 17.5874 18.6099
threshold=0.00039425591239705687 0.91666665673255932 0.11042011529207231 0.00978628918528557 0.49760968983173376 0.25296635925769811 0.00016579672228544953 0.33363655209541326 0.0002150071304640733 0.44447740912437445 0.75000000000000011 0.00011193597674719059 8.5885560110909878e-05 -0.26000000536441797
decision_type=8 2 2 8 2 2 10 2 8 2 2 8 10 8
left_child=-1 5 3 9 -4 11 8 -8 -7 -3 -10 12 -2 -14
right_child=1 2 4 -5 -6 6 7 -9 10 -11 -12 -13 13 -15
leaf_value=0.0035093089596466122 0.00037128745697469006 0.001583976296411656 0.0010191808672308487 -0.0051450648004578497 -0.0013315625134839662 -0.0014999988051092781 -0.0037657139344858936 0.00033425410738610557 0.004304727139165139 -0.00078465121497480969 -0.00039363167587499733 0.00080206603564279496 -0.0054690018812413753 -0.00055666944946750009
leaf_weight=209.9149384945631 21840.446672409773 691.19075232744217 4254.4864121675491 254.00944861769676 855.7368910908699 596.13518880307674 775.27560967206955 441.50787913799286 287.74883119761944 8978.7988408654928 268.93346878886223 7473.131839454174 304.37330651283264 6499.3465470224619
leaf_count=855 87942 2777 17059 1019 3436 2398 3117 1778 1158 36014 1080 30019 1231 26064
internal_value=5.25145e-05 3.76508e-05 -0.000275925 -0.000738557 0.000621879 0.000160223 -0.00106866 -0.0022967 0.000244573 -0.000612427 0.00210001 0.000241395 9.46614e-05 -0.000791814
internal_weight=53731 53521.1 15034.2 9924 5110.22 38486.9 2369.6 1216.78 1152.82 9669.99 556.682 36117.3 28644.2 6803.72
internal_count=215947 215092 60305 39810 20495 154787 9531 4895 4636 38791 2238 145256 115237 27295
is_linear=0
shrinkage=0.02


Tree=357
num_leaves=15
num_cat=0
split_feature=34 2 27 5 36 36 36 36 2 26 29 34 5 5
split_gain=8.35748 11.8337 9.38595 14.7453 14.5972 13.9642 9.97037 9.32364 7.66572 7.63851 10.6018 13.4256 9.94019 9.59051
threshold=0.026666667312383655 0.067987803369760527 0.097609050571918501 0.0031306742457672958 4.2768535295310139e-13 5.4770080072825976e-13 1.2942227042671286e-12 7.5034496302937858e-13 0.024435764178633693 0.45366957783699041 0.24655171483755114 -0.038888890296220772 0.0024676668690517549 0.0010232058702968063
decision_type=10 2 2 10 2 2 2 2 2 2 2 8 8 10
left_child=9 2 6 -4 -5 -6 -2 -7 -9 -1 11 12 13 -11
right_child=1 -3 3 4 5 7 -8 8 -10 10 -12 -13 -14 -15
leaf_value=-0.0001429545542285381 0.001364422269031996 -0.0024199659667843371 0.0012676223699753715 0.0029118836856730228 -0.0051575852614901638 0.0016032771946144072 0.0052886332107470527 -0.0051145881034253219 -0.00019995284731264982 -0.0016344153836764035 -0.0020203514357837039 0.0053133535509970265 -0.002228406169878011 0.0032944964483863953
leaf_weight=45277.76689556241 2121.2446293085814 446.18804176151752 2344.2158428281546 261.71855637431145 393.80319379270077 385.26985864341259 280.40940381586552 215.56536720693111 279.01908077299595 201.97455690801144 314.02963921427727 336.93343609571457 292.69490402936935 567.32900108397007
leaf_count=182010 8499 1803 9396 1049 1578 1545 1124 863 1120 815 1265 1353 1182 2291
internal_value=1.33658e-06 0.000659561 0.000885302 0.000273923 -0.00124005 -0.00212504 0.00186249 -0.000683277 -0.00245754 -9.31388e-05 0.00121007 0.00195348 0.000809006 0.00199183
internal_weight=53718.2 6727.43 6281.25 3879.59 1535.38 1273.66 2401.65 879.854 494.584 46990.7 1712.96 1398.93 1062 769.304
internal_count=215893 26977 25174 15551 6155 5106 9623 3528 1983 188916 6906 5641 4288 3106
is_linear=0
shrinkage=0.02


Tree=358
num_leaves=15
num_cat=0
split_feature=32 8 14 32 20 31 3 24 12 31 20 16 26 37
split_gain=5.92119 5.90792 9.18079 11.9206 11.3445 7.70152 8.45596 7.78807 8.38824 8.44046 7.67055 6.98984 6.85526 6.70604
threshold=-0.37761780619621271 2.937115095846821e-05 0.00013094637688482183 -0.015184985008090733 8.507629900122994e-05 0.14787228405475619 0.45991085469722753 -0.27690781652927393 8.765658276388423e-05 0.016782635822892192 6.6185602918267264e-05 0.00015749962767586115 -0.67202508449554432 0.069450996816158309
decision_type=10 10 10 10 10 10 2 2 8 10 10 10 2 2
left_child=-1 2 3 4 10 6 -5 -8 9 -9 -2 -4 -3 -13
right_child=1 12 11 5 -6 -7 7 8 -10 -11 -12 13 -14 -15
leaf_value=0.0031247289257576301 0.0011788403567140244 0.0029666323595897827 -0.002892831791347522 -0.0043279476202007731 -0.002859186173130942 0.002136248288845836 -0.0036669451259816184 0.0016754519463180581 0.0026101215107566487 -0.0027601841327840508 0.0046661020987715856 3.1724241085528253e-05 3.1817458319223452e-05 -0.0019908317423173168
leaf_weight=218.9798099398613 1227.2543900758028 300.58713541924953 815.2929790019989 312.54082457721233 209.20244625210762 257.6645545810461 264.47048120200634 253.39996515214443 329.87832471728325 450.60330440104008 305.79656560719013 1615.5522504150867 45994.513773038983 1083.0045511424541
leaf_count=896 4949 1231 3278 1261 840 1036 1065 1018 1323 1808 1231 6492 184797 4352
internal_value=-1.64031e-05 -3.04439e-05 -0.000565744 0.000142758 0.00132511 -0.000962033 -0.00147773 -0.000736371 6.86431e-05 -0.00116144 0.00192557 -0.00129048 5.21456e-05 -0.000788657
internal_weight=53638.7 53419.8 7124.66 3610.81 1742.25 1868.56 1610.89 1298.35 1033.88 704.003 1533.05 3513.85 46295.1 2698.56
internal_count=215577 214681 28653 14531 7020 7511 6475 5214 4149 2826 6180 14122 186028 10844
is_linear=0
shrinkage=0.02


Tree=359
num_leaves=15
num_cat=0
split_feature=18 16 34 26 18 34 35 8 34 16 2 29 12 18
split_gain=4.74972 3.76232 4.47832 8.70777 3.91985 9.27753 6.45103 5.39422 4.59444 8.1295 11.7831 10.433 13.5777 10.3699
threshold=0.0018698624335229399 0.00085438319365493964 0.016666667070239786 -0.014873931184411047 0.0009287523280363531 -3.6082248300317583e-16 4.7353128905004714e-13 0.00011866850763908589 0.026666667312383655 0.00022064231598051268 0.02028679754585028 0.12961963564157489 0.00014140068378765139 0.00024618853058200335
decision_type=8 10 10 2 10 8 2 10 8 10 2 2 10 10
left_child=1 4 3 -3 8 6 -6 -8 -1 10 -10 -12 -13 -11
right_child=-2 2 -4 -5 5 -7 7 -9 9 13 11 12 -14 -15
leaf_value=-9.4472997649529164e-05 0.0028101186449397174 -0.00016089442693545468 0.00097824072868599892 -0.0054650400196679973 -0.00053727603466411093 -0.0010856544085312615 0.0051727633009430798 0.0010229852955343833 -0.00020764834673742935 -0.0027870407512600071 0.0046670422973087936 -0.00085427924326470948 0.0048595128502389954 0.00031141913192959681
leaf_weight=45212.103464141488 218.85815943777561 285.82139863073826 200.83134591579437 200.11712680757046 200.8752401471138 456.95447188615799 320.65306007862091 217.05292254686356 993.18709652125835 469.98337733745575 565.48944942653179 492.62992100417614 227.6760635972023 3635.2832985818386
leaf_count=181741 889 1156 810 807 807 1835 1290 876 3975 1883 2269 1976 914 14585
internal_value=-3.89975e-06 -1.64622e-05 -0.001466 -0.00247491 2.94296e-06 0.00112555 0.00248615 0.0035944 -2.34948e-05 0.000477885 0.0014301 0.00267895 0.00103424 -5.50943e-05
internal_weight=53697.5 53478.7 686.77 485.939 52791.9 1195.54 738.581 537.706 51596.4 6384.25 2278.98 1285.8 720.306 4105.27
internal_count=215813 214924 2773 1963 212151 4808 2973 2166 207343 25602 9134 5159 2890 16468
is_linear=0
shrinkage=0.02


Tree=360
num_leaves=15
num_cat=0
split_feature=37 1 32 35 0 35 5 17 36 16 0 3 24 3
split_gain=5.26104 8.06862 6.03271 4.48561 8.95934 7.86061 10.5407 12.3049 8.50427 8.75331 8.9984 8.15475 9.29115 7.39603
threshold=0.67390772700309765 0.48613071441650396 -0.37761780619621271 3.1388201770805179e-13 0.03380855172872544 4.0116086179927545e-13 0.00093223334988579165 0.75000000000000011 5.1292940706458577e-13 0.00031053171551320707 0.020813543349504474 0.48768062889575964 -0.081310775130987153 0.5135507881641389
decision_type=2 2 10 2 2 2 10 2 2 10 2 2 2 2
left_child=2 -2 -1 4 -4 6 7 -5 9 -8 -11 -10 -13 -12
right_child=1 -3 3 5 -6 -7 8 -9 11 10 13 12 -14 -15
leaf_value=0.0031879366280994125 0.00056713681839747911 -0.0048968625224038009 -0.0019814361113173547 -0.0047546588745938211 0.00018778051220979541 -0.0001059465544992661 0.0020744532047467356 0.00073403098935134314 0.0019031111058383475 0.0026028453118316329 -0.0028878655627861461 0.00060679928768731352 -0.005024989849930328 0.00093256052745092129
leaf_weight=208.74507361650467 201.44791010022163 204.34785881638527 1389.6327616423368 267.43237945437431 1649.8747324198484 44880.042754083872 2618.5808216333389 368.11373400688171 242.37417170405388 339.19849489629269 435.95207768678665 205.69640254974365 240.85687290132046 351.22390025854111
leaf_count=854 814 822 5571 1073 6643 180397 10498 1476 973 1358 1749 827 966 1411
internal_value=-7.0838e-05 -0.00228516 -5.30946e-05 -6.70603e-05 -0.000810433 -2.15186e-05 0.000723408 -0.00165016 0.00106951 0.00144438 -3.10557e-05 -0.00095147 -0.00251601 -0.00120239
internal_weight=53603.5 405.796 53197.7 52989 3039.51 49949.5 5069.43 635.546 4433.88 3744.96 1126.37 688.927 446.553 787.176
internal_count=215432 1636 213796 212942 12214 200728 20331 2549 17782 15016 4518 2766 1793 3160
is_linear=0
shrinkage=0.02


Tree=361
num_leaves=15
num_cat=0
split_feature=37 34 24 8 28 27 1 20 1 20 8 3 5 1
split_gain=5.19122 5.23283 8.52345 14.7044 7.25102 8.46164 6.74506 13.6863 9.89836 12.2199 11.7283 6.67693 5.55564 5.41682
threshold=-0.73851168155670155 0.026666667312383655 0.47680233418941503 8.7256405095104142e-05 0.30732823908329016 0.11184518039226533 0.49233274161815649 9.9845434306189431e-05 0.45697315037250524 0.00012938192230649295 7.960263246786782e-05 0.51232701539993297 0.0024876405950635676 0.43975248932838445
decision_type=2 10 2 10 2 2 2 10 2 10 10 2 10 2
left_child=-1 -2 4 -4 5 13 8 -8 9 -7 -10 -9 -6 -3
right_child=1 2 3 -5 12 6 7 11 10 -11 -12 -13 -14 -15
leaf_value=0.0029887103207593157 -6.6303378831696785e-05 0.0036452812323149032 -0.0038578750706586354 0.0022360090728325852 0.0050158935550269571 -0.0022499498679657763 0.0012916041069818271 -0.005322238550949856 0.0034748957130042186 0.0028864845066386815 -0.00090331600264734223 -0.00074934079330642297 0.00059820875235130325 0.00099557276678268868
leaf_weight=214.88124933838844 46735.447840556502 340.12174087762833 407.58053520321846 235.09256291389465 251.11617064476013 725.79722860455513 376.07798412442207 323.98119966685772 625.3497605919838 227.79301674664021 383.18391332030296 215.00859765708447 206.82522688806057 2415.7752496451139
leaf_count=872 187885 1368 1635 946 1008 2913 1506 1297 2504 919 1536 862 830 9679
internal_value=2.1905e-05 8.86904e-06 0.000529257 -0.0016285 0.000761509 0.000558637 -0.000200094 -0.00159911 0.000461911 -0.000988872 0.00182621 -0.00359014 0.00312921 0.0013465
internal_weight=53684 53469.2 6733.7 642.673 6091.03 5633.09 2877.19 915.068 1962.12 953.59 1008.53 538.99 457.941 2755.9
internal_count=215760 214888 27003 2581 24422 22584 11537 3665 7872 3832 4040 2159 1838 11047
is_linear=0
shrinkage=0.02


Tree=362
num_leaves=15
num_cat=0
split_feature=31 32 36 2 0 2 28 18 5 30 13 32 12 32
split_gain=5.63727 11.7833 10.775 12.2131 11.4483 9.92885 11.5456 16.9675 13.5827 12.506 13.2392 10.1898 10.2407 9.7318
threshold=-0.055580521002411835 -0.089467529207468019 7.9171597663213477e-13 0.0064526402857154616 0.019975615665316585 0.032758157700300224 -0.047632213681936257 0.00018116905266651886 0.0065836044959723958 0.029911458492279056 0.58333334326744091 0.029884820803999904 5.8858651755144826e-05 0.075895231217145934
decision_type=10 8 2 2 2 2 2 10 8 2 2 10 10 10
left_child=1 -1 -2 4 -4 11 7 -7 9 10 -8 12 -5 -11
right_child=2 -3 3 5 -6 6 8 -9 -10 13 -12 -13 -14 -15
leaf_value=-3.7069052229318622e-05 0.00019991563751101623 0.0010564577690032877 0.0028992865724895961 -0.0045240436803799253 -0.00054260679676781508 0.0021089856333531224 0.0054244410992172233 -0.0023631057791048912 0.0046971771563893072 -0.0018240754532694572 0.00055381991740274382 -0.0022336335745683496 -0.00019134920703183346 0.00044306523099911169
leaf_weight=10233.793866381049 23520.488030433655 6389.3350621014833 749.15183992683887 216.85010129213333 766.42853446304798 413.114740639925 290.91412717103958 1591.8330483287573 255.13832934200764 1331.3147042244673 811.04052805900574 2635.9927039593458 2801.2810434103012 1709.20160330832
leaf_count=41218 94327 25692 2999 869 3069 1690 1182 6459 1031 5376 3279 10557 11223 6913
internal_value=7.81879e-05 0.000384008 -5.89985e-05 -0.000507326 0.00117432 -0.000720312 -0.00017985 -0.00142991 0.00039397 0.000107636 0.00191343 -0.00132952 -0.000530382 -0.000555054
internal_weight=53715.9 16623.1 37092.7 13572.3 1515.58 12056.7 6402.56 2004.95 4397.61 4142.47 1101.95 5654.12 3018.13 3040.52
internal_count=215884 66910 148974 54647 6068 48579 25930 8149 17781 16750 4461 22649 12092 12289
is_linear=0
shrinkage=0.02


Tree=363
num_leaves=15
num_cat=0
split_feature=27 29 20 20 16 30 20 20 20 33 30 23 28 0
split_gain=4.96359 10.4925 11.9331 16.321 12.9198 10.9332 10.808 9.99728 12.6351 8.96435 8.09331 13.6763 7.74456 7.70204
threshold=-0.011577340774238108 -0.067233223468065248 4.5407923607854179e-05 4.9341597332386307e-05 0.00020880880765616896 -0.056177385151386254 4.1580751712899662e-05 9.9299464636715143e-05 6.2312919908436029e-05 -0.13666667044162747 -0.10506724566221236 -0.30727015435695643 -0.17911183089017865 0.031984264031052596
decision_type=2 2 10 10 8 2 10 10 10 10 2 2 2 2
left_child=1 5 4 -4 6 10 -3 8 9 -7 -1 12 -12 -2
right_child=13 2 3 -5 -6 7 -8 -9 -10 -11 11 -13 -14 -15
leaf_value=0.00017436783874453504 -0.00016244746743185152 -0.001402376072698105 -0.0051078852336565121 -0.0007463834229265797 0.0042518733712870686 0.00064128526851907331 0.0036766869642147512 0.0040052917275273069 -0.001080449601095332 0.0045816015915244365 -0.0017593227653823738 -0.0018832740511004909 0.0027228122825629013 0.00051071399304829766
leaf_weight=10939.212185144424 12432.208892136812 668.71108466386795 337.88452583551407 8895.2233973741531 358.6808090955019 566.07574044167995 201.51777483522892 459.24136732518673 813.24138404428959 379.42278964817524 206.94059713184834 1991.0935939699411 478.9329160451889 14963.680873513222
leaf_count=44056 49799 2699 1361 35703 1447 2291 813 1845 3270 1525 832 7995 1925 60232
internal_value=1.7014e-05 -0.000179194 -0.000670051 -0.000916687 0.001168 0.000145564 -0.000170047 0.00144106 0.000733982 0.00228466 -6.72672e-05 -0.00104866 0.00135894 0.000205339
internal_weight=53692.1 26296.2 10462 9233.11 1228.91 15834.2 870.229 2217.98 1758.74 945.499 13616.2 2676.97 685.874 27395.9
internal_count=215793 105762 42023 37064 4959 63739 3512 8931 7086 3816 54808 10752 2757 110031
is_linear=0
shrinkage=0.02


Tree=364
num_leaves=15
num_cat=0
split_feature=18 37 29 30 32 0 32 20 16 18 35 18 34 26
split_gain=5.65095 19.7021 12.6787 16.4664 12.4555 12.2123 11.9621 11.9004 10.3414 10.2558 10.061 9.83355 9.27235 9.08665
threshold=0.0005082850402686746 0.14723192155361178 0.020290766842663292 -0.054585015401244157 0.10733103752136232 0.023942581377923492 0.065877832472324385 0.00016234647773671898 0.0003061274037463591 0.00047885044477880006 4.2884162746500287e-13 0.00082578047295100998 -0.016666667070239779 0.13033641129732135
decision_type=10 2 2 2 10 2 10 10 10 8 2 10 10 2
left_child=9 2 3 11 6 -4 8 13 12 -1 -11 -2 -3 -7
right_child=1 4 5 -5 -6 7 -8 -9 -10 10 -12 -13 -14 -15
leaf_value=3.761570091681518e-05 -0.0019650649514478336 0.0050138568565483111 -0.00015340441814906504 0.0012948321901302972 0.0040993611073547702 -0.0046192252448198539 -0.0032012190674248859 0.00040938471807293038 7.2149574772909203e-05 -0.0016243031038089808 0.0025106054749923761 0.00078182740815213104 -9.1034115107931456e-05 -0.0015178597588452142
leaf_weight=42025.430079191923 1942.8811783343554 369.61983567476273 1027.9428707659245 1650.1444449722767 416.40513706207275 1079.2823121845722 297.93989568948746 370.63639310002327 1516.0943069010973 277.01356910169125 1198.5938882678747 697.31951215863228 223.12584958970547 617.18937857449055
leaf_count=168932 7805 1484 4116 6622 1679 4330 1197 1494 6092 1111 4814 2815 894 2478
internal_value=-3.86621e-06 -0.000426869 -0.000969516 -0.000263044 0.000989517 -0.00194085 0.000422123 -0.00281973 0.000959299 9.55523e-05 0.00172302 -0.00123914 0.00315199 -0.00352176
internal_weight=53709.6 10208.6 7385.4 4290.35 2823.19 3095.05 2406.78 2067.11 2108.84 43501 1475.61 2640.2 592.746 1696.47
internal_count=215863 41006 29660 17242 11346 12418 9667 8302 8470 174857 5925 10620 2378 6808
is_linear=0
shrinkage=0.02


Tree=365
num_leaves=15
num_cat=0
split_feature=28 34 16 26 5 34 30 35 36 20 20 5 5 10
split_gain=5.02269 8.93495 11.7024 8.86515 8.32475 9.02382 7.81632 11.0941 10.3571 8.03912 7.89742 7.07316 10.5974 16.5003
threshold=0.11253446713089944 0.026666667312383655 0.00021465085592353719 0.022173914127051834 0.0092507265508174914 0.11666666716337205 0.15681499242782596 1.2197595906406069e-12 5.8225722420618419e-13 0.00014884418487781661 0.00011731905760825613 0.0039995061233639726 0.0050392160192132005 9.0015841124113663e-05
decision_type=2 10 10 2 8 8 2 2 2 10 10 10 10 10
left_child=1 -1 3 -3 5 11 7 8 9 10 -4 -2 13 -13
right_child=4 2 6 -5 -6 -7 -8 -9 -10 -11 -12 12 -14 -15
leaf_value=6.2688563222051293e-05 -0.0006494037823051806 0.0049573423100401533 0.00010989394490914614 0.0010246929006456117 0.0030279853271621715 0.0031679726169453553 0.0035513020311436121 0.0037201956510000134 -0.0028767847529356317 -0.0025825555983382486 0.0046317156016465813 0.0054046681037761236 -0.00072373946086261027 4.0585932926381608e-06
leaf_weight=37385.787996679544 10941.016913622618 459.62530256807804 469.89152283966541 464.48336765170097 274.22893726825714 261.82048955559731 241.22527366876602 232.41120745241642 570.2390084862709 229.24061840772629 210.91526244580746 360.59192700684071 1045.4666941016912 558.22783802449703
leaf_count=150309 43958 1842 1882 1862 1102 1056 967 932 2287 920 845 1446 4198 2241
internal_value=3.38991e-05 0.000145653 0.00121549 0.00304426 -0.000300579 -0.00037439 0.000328488 -0.000161182 -0.000812044 0.000515772 0.00160297 -0.000451048 0.0006492 0.00219352
internal_weight=53705.2 40263.8 2878.03 924.109 13441.4 13167.1 1953.92 1712.7 1480.29 910.047 680.807 12905.3 1964.29 918.82
internal_count=215847 161846 11537 3704 54001 52899 7833 6866 5934 3647 2727 51843 7885 3687
is_linear=0
shrinkage=0.02


Tree=366
num_leaves=15
num_cat=0
split_feature=30 31 30 28 26 20 20 28 0 5 15 30 30 28
split_gain=5.38413 5.70595 8.75634 8.44515 12.9016 14.5264 6.65439 18.8444 12.5319 14.8503 19.6408 12.2534 11.4036 15.6637
threshold=-0.48918904364109034 -0.17293942719697949 -0.39414808154106135 -0.4156374037265777 -0.065576881170272813 6.8964363890700056e-05 5.4112490033730871e-05 -0.29161778092384333 0.050332916900515563 0.00060721774934791039 0.91666665673255932 0.24729088693857196 0.17214494198560717 0.24972781538963321
decision_type=2 8 2 2 2 10 8 2 2 10 2 2 2 2
left_child=-1 3 -3 -2 -5 -6 7 -4 11 -10 12 -9 -11 -14
right_child=1 2 6 4 5 -7 -8 8 9 10 -12 -13 13 -15
leaf_value=0.0031342351132440322 -0.0042595315349144994 0.0036639633342681445 -0.0033704660691628668 0.00056173947346986662 1.3449596603641887e-05 -0.0056734614318187495 0.00018847302618668277 -0.00096081475960378129 0.0057601469823475773 0.0019254019514516646 -0.0024982959446814865 0.0022383811774126395 -0.0048014290770718501 0.0015796804394449951
leaf_weight=206.7507831454277 246.18555210530758 252.94613571465015 758.96887497603893 1510.4945832341909 378.40341208875179 321.92896850407124 40335.185456007719 5575.7592031061649 206.31115815043449 2097.7085679769516 691.07213348150253 504.81448765099049 249.92289046943188 341.53484597802162
leaf_count=850 996 1034 3073 6091 1526 1295 161925 22372 836 8531 2784 2025 1013 1385
internal_value=5.88547e-05 4.57961e-05 9.12787e-05 -0.000891658 -0.000481805 -0.00268565 7.20398e-05 -0.000377901 -0.00013648 0.00079845 0.000463516 -0.000688747 0.00123748 -0.00118554
internal_weight=53678 53471.2 51014.2 2457.01 2210.83 700.332 50761.3 10426.1 9667.12 3586.55 3380.24 6080.57 2689.17 591.458
internal_count=215736 214886 204978 9908 8912 2821 203944 42019 38946 14549 13713 24397 10929 2398
is_linear=0
shrinkage=0.02


Tree=367
num_leaves=15
num_cat=0
split_feature=30 27 0 25 12 1 4 20 30 33 17 3 31 20
split_gain=4.30257 4.97736 10.7297 7.56849 8.36031 6.77133 6.57899 6.02781 5.54624 9.59411 10.5259 15.3447 15.0386 10.0606
threshold=-0.48918904364109034 -0.26977977156639094 0.071297910064458861 -0.26348598301410669 0.00012048586359014736 0.57665807008743297 1.0000000180025095e-35 7.1588714490644647e-05 -0.1068296581506729 -0.39000000059604639 0.91666665673255932 0.50905579328536998 -0.10646243020892142 9.625268648960629e-05
decision_type=2 2 2 2 10 2 2 10 2 10 2 2 10 8
left_child=-1 2 3 6 -5 -4 -2 -7 9 -3 11 13 -12 -11
right_child=1 8 5 4 -6 7 -8 -9 -10 10 12 -13 -14 -15
leaf_value=0.0027322122184220083 -0.0052777143057863287 -0.0033608857314225615 0.0042142232525513414 -0.0019838862932661833 0.0020201921303234839 -0.0021886974164859693 -0.0016836645102533301 0.001983936753055463 -0.00011080322716990706 0.00052052704938597275 -0.0021314618520030361 0.0016730986491718034 0.00055498439045130053 -0.0020180812744190106
leaf_weight=203.98957897722721 231.11071652173996 246.5288597792387 201.68735074996948 378.97739082574844 417.15601587295532 240.13206876814365 1327.0262982994318 276.13845875859261 39072.298136383295 2328.2245011329651 1279.0593378990889 4350.1951506435871 2309.3901533484459 830.7876900434494
leaf_count=840 929 1005 817 1522 1676 987 5338 1121 156882 9355 5143 17575 9276 3334
internal_value=-3.395e-05 -4.55165e-05 -0.000824392 -0.00147482 0.000112253 0.0012906 -0.00227688 3.38814e-05 2.25387e-06 0.000391161 0.000480407 0.000905424 -0.000409073 -0.000155597
internal_weight=53692.7 53488.7 3072.23 2354.27 796.133 717.958 1558.14 516.271 50416.5 11344.2 11097.7 7509.21 3588.45 3159.01
internal_count=215800 214960 12390 9465 3198 2925 6267 2108 202570 45688 44683 30264 14419 12689
is_linear=0
shrinkage=0.02


Tree=368
num_leaves=15
num_cat=0
split_feature=3 36 3 30 31 30 36 34 28 20 31 25 20 36
split_gain=6.18069 14.4578 13.6494 15.3111 11.3239 18.9756 12.3021 11.7757 10.9329 9.6889 10.131 14.2542 11.8309 11.5879
threshold=0.49138915538787847 8.7522429082810559e-13 0.48768062889575964 -0.29019676148891443 -1.0000000180025095e-35 -0.08388632163405417 2.2829549665634445e-12 -0.35444444417953486 -0.29766047000885004 2.7485407372296326e-05 -0.046007711440324776 -0.23574688285589215 0.00012655658792937177 5.2404350932462606e-13
decision_type=2 2 2 2 8 2 2 10 2 10 10 2 10 2
left_child=1 9 3 -3 7 6 8 -2 -6 -1 12 -12 -11 -13
right_child=4 2 -4 -5 5 -7 -8 -9 -10 10 11 13 -14 -15
leaf_value=-0.0034835716137337673 -0.0035416381927567682 0.0045247487149612511 -0.0040330610205242933 -0.00087415811157680724 -0.00077273795608235761 0.00031968368595106735 -0.0019884081158089953 -1.9726109567108682e-05 0.0035338506132251086 0.0007839608547460683 -0.0028206019238446829 -0.00058119462262114566 0.0046357965089751747 0.00077283697434299078
leaf_weight=267.88721866905689 367.04391528666019 197.23549254238605 513.42694361507893 6723.9466108679771 267.9668792039156 9988.855144366622 214.75660136342049 20140.935239881277 1617.1360479295254 2249.8298771083355 673.19986213743687 4704.3963799327612 354.36943937838078 5419.4747012555599
leaf_count=1078 1497 803 2056 27088 1088 40084 873 81004 6507 9028 2700 18863 1421 21740
internal_value=2.75216e-05 -0.000239011 -0.000947559 -0.000707709 0.000200121 0.000685106 0.00240397 -8.61491e-05 0.00291998 0.000147188 0.000224848 -4.59651e-05 0.00133944 0.000143735
internal_weight=53700.5 21103.8 7434.61 6921.18 32596.7 12088.7 2099.86 20508 1885.1 13669.2 13401.3 10797.1 2604.2 10123.9
internal_count=215830 84777 29947 27891 131053 48552 8468 82501 7595 54830 53752 43303 10449 40603
is_linear=0
shrinkage=0.02


Tree=369
num_leaves=15
num_cat=0
split_feature=16 5 1 14 9 14 18 0 2 2 32 20 36 35
split_gain=5.50349 5.32708 12.9003 8.92379 13.8535 7.2813 6.3277 10.7019 14.0801 13.3945 12.9626 14.9416 14.3903 19.9047
threshold=0.0013909395202063026 0.0083050956018269079 0.43975248932838445 0.00025513597938697791 0.91666665673255932 0.00013789412332698706 0.00067693734308704745 0.046471230685710914 0.043968614190816886 0.03389453329145909 0.11801603063941003 7.0937978307483731e-05 1.2752439078680957e-12 5.5691513683661663e-13
decision_type=8 10 2 10 2 10 10 2 2 2 10 10 2 2
left_child=1 6 -3 5 -5 -4 -1 8 9 -8 11 -9 13 -13
right_child=-2 2 3 4 -6 -7 7 10 -10 -11 -12 12 -14 -15
leaf_value=8.6236386829347504e-05 0.0030751626672700563 0.0032653591969861234 -4.1549909366772745e-05 0.0019206056768171563 -0.0041439376486486074 -0.0044777145396734733 0.00022490290692920285 0.0024183256499068161 0.004620142691169519 -0.0045636765028394602 0.0021503601432476343 -0.0046657318706329401 -0.0071255132266483624 0.00059322030019801802
leaf_weight=47458.094573959708 211.43436853587627 210.23463867604733 201.18882916867733 431.76816222071648 206.07635310292244 543.77365754544735 1940.7726688981056 200.2283685952425 234.40241248905659 245.40059933066368 263.68103510141373 578.93147417902946 284.37063528597355 546.59548112750053
leaf_count=190741 863 849 807 1732 826 2180 7774 808 944 985 1065 2330 1151 2202
internal_value=-2.32054e-06 -1.5666e-05 -0.00114751 -0.00185541 -0.000105158 -0.00331207 1.96043e-05 -0.000713747 0.000166009 -0.00034912 -0.00183996 -0.0025118 -0.00323599 -0.00214603
internal_weight=53557 53345.5 1593.04 1382.81 637.845 744.962 51752.5 4294.38 2420.58 2186.17 1873.81 1610.13 1409.9 1125.53
internal_count=215257 214394 6394 5545 2558 2987 208000 17259 9703 8759 7556 6491 5683 4532
is_linear=0
shrinkage=0.02


Tree=370
num_leaves=15
num_cat=0
split_feature=20 1 5 1 20 18 20 31 5 29 20 18 1 5
split_gain=7.05248 14.7875 13.7066 12.7328 14.1456 13.3412 10.4609 10.7145 16.1701 9.41522 9.84759 10.6916 9.39579 9.30007
threshold=0.00011193597674719059 0.47145769000053411 0.0034253660123795275 0.41055111587047582 0.00012745522690238434 0.00035978444793727254 0.00010724045569077135 0.0069762219209223994 0.0037577116163447504 0.097730483859777464 0.00013798035797663036 0.0006063304317649455 0.45905628800392156 0.0038617954123765235
decision_type=8 2 10 2 10 10 10 10 10 2 8 10 2 10
left_child=6 2 -2 -4 -5 -6 13 8 -8 -3 -11 -12 -9 -1
right_child=1 9 3 4 5 -7 7 12 -10 10 11 -13 -14 -15
leaf_value=-0.00011759086703002627 0.0030565099736611324 0.00032584954040743811 -0.003867226124467675 -0.002310194275104374 -0.0010903872820481673 0.003652235964079919 -0.0012325446660323594 -0.0031081207525619397 -0.0071235622070508365 0.00034432657401006192 -0.0048060554684435626 0.00054102722190328071 0.0018748911390672194 0.00085343435695017192
leaf_weight=35518.295323997736 1461.5499140173197 7890.920094653964 220.37474575638771 349.21300461888313 330.30405260622501 758.13690613210201 593.50893750786781 205.53621165454388 259.35996705293655 601.32690677046776 458.04706597328186 212.24744479358196 440.64371751248837 4418.0442400574684
leaf_count=142829 5882 31674 896 1401 1325 3047 2382 825 1040 2409 1836 852 1765 17737
internal_value=5.30485e-05 0.000473548 0.00165812 0.000403709 0.00110247 0.00221931 -7.17627e-05 -0.00170077 -0.00314619 6.75021e-05 -0.00151587 -0.00314629 0.000244173 -9.79568e-06
internal_weight=53717.5 12282.1 3119.58 1658.03 1437.65 1088.44 41435.4 1499.05 852.869 9162.54 1271.62 670.295 646.18 39936.3
internal_count=215900 49322 12551 6669 5773 4372 166578 6012 3422 36771 5097 2688 2590 160566
is_linear=0
shrinkage=0.02


Tree=371
num_leaves=15
num_cat=0
split_feature=14 36 29 16 16 0 14 33 32 28 36 13 29 27
split_gain=7.26455 13.0386 11.6136 10.5264 10.0423 10.1931 12.607 9.48863 15.6982 12.1051 18.4756 11.4584 9.07558 12.3678
threshold=0.00023165110178524631 6.3069186917279206e-13 0.14658071100711825 0.00021465085592353719 0.00031270965700969105 0.079657848924398436 0.00032032867602538323 -0.093333333730697618 0.0076299277134239682 0.20210619270801547 1.051894628258804e-12 0.75000000000000011 -0.12097536772489546 0.0081422203220427054
decision_type=8 2 2 10 10 2 10 10 10 2 2 2 2 2
left_child=-1 2 4 12 5 6 -2 8 -5 -9 -11 -10 -3 -14
right_child=1 3 -4 7 -6 -7 -8 9 11 10 -12 -13 13 -15
leaf_value=-0.00022099645282590988 0.001803063474727512 0.0050321209695291915 0.0027993225819908517 -0.00066722551255300039 -3.7970463331802885e-06 0.0050291131817764194 -0.0014928039465420778 -0.00060096182862747123 0.0037297667821637103 -7.7374042490733366e-05 -0.0060905287999495333 -0.00026131314404321361 -0.0020474752315079014 0.0026845152027060127
leaf_weight=35427.458724290133 2071.526245072484 220.60513906180859 1028.8173733204603 2209.1446207463741 4860.4792724847794 272.58062036335468 580.16459654271603 4181.867489695549 713.5872631072998 386.73634459078312 414.71857585012913 469.37051719427109 374.89135071635246 483.25923933088779
leaf_count=142388 8301 891 4130 8931 19502 1102 2325 16792 2888 1553 1669 1889 1508 1943
internal_value=-5.39856e-05 0.000269793 0.000822328 -0.000245951 0.000554549 0.00147631 0.00107618 -0.000486385 0.000328504 -0.00104017 -0.00326145 0.00216818 0.00159565 0.000617749
internal_weight=53695.2 18267.7 8813.57 9454.18 7784.75 2924.27 2651.69 8375.42 3392.1 4983.32 801.455 1182.96 1078.76 858.151
internal_count=215812 73424 35360 38064 31230 11728 10626 33722 13708 20014 3222 4777 4342 3451
is_linear=0
shrinkage=0.02


Tree=372
num_leaves=15
num_cat=0
split_feature=36 3 3 29 21 30 0 18 36 35 25 37 29 10
split_gain=5.79251 11.5 16.4147 11.2332 10.1693 9.46416 8.80523 8.25582 12.18 11.3859 9.69648 10.1736 8.95793 8.93193
threshold=8.7522429082810559e-13 0.49261665344238287 0.46751098334789282 0.11480168998241426 -0.43463803827762598 -0.26106904447078699 0.0017662041937001052 0.00022499871556647125 9.123664280671908e-13 1.508614034476802e-12 -0.099054567515850053 0.17220889031887057 -0.099073778837919221 7.7438340667868047e-05
decision_type=2 2 2 2 2 2 2 10 2 2 2 2 2 10
left_child=6 2 4 -4 -2 -3 -1 9 -9 10 -7 -12 -11 -10
right_child=1 5 3 -5 -6 7 -8 8 13 12 11 -13 -14 -15
leaf_value=0.0021460454193411136 -0.0022372532706780939 -0.0015947879820264305 -0.0012385077797967335 -0.0039740079747346184 0.00039241238459571755 0.0047247421244146458 0.00012726466071713439 -0.0036242942706305294 -0.001150731337970786 0.0025324028036892636 -0.00053134443048357153 0.0040163536046606049 -0.0010418349827841758 0.00063561494386240745
leaf_weight=866.16153861582279 681.61348749697208 1057.9946348816156 2542.7002086490393 780.67575089633465 3620.2405530065298 513.19353069365025 35130.279973298311 330.75525026023388 1453.1962672621012 376.53244185447693 507.85882091522217 297.19842472672462 938.34539899230003 4649.8111908733845
leaf_count=3468 2757 4303 10186 3126 14640 2076 140999 1329 5849 1528 2048 1198 3795 18714
internal_value=3.12293e-05 -0.000264266 -0.000849815 -0.00190102 -3.26738e-05 0.000177526 0.000177006 0.000387389 2.64717e-07 0.00132615 0.00262485 0.00120417 4.3016e-06 0.000207896
internal_weight=53746.6 17750.1 7625.23 3323.38 4301.85 10124.9 35996.4 9066.89 6433.76 2633.13 1318.25 805.057 1314.88 6103.01
internal_count=216016 71549 30709 13312 17397 40840 144467 36537 25892 10645 5322 3246 5323 24563
is_linear=0
shrinkage=0.02


Tree=373
num_leaves=15
num_cat=0
split_feature=34 32 1 32 20 24 8 18 34 2 18 3 20 1
split_gain=3.91363 13.0393 12.6609 14.1008 8.6486 8.74946 10.9413 9.81739 8.15969 11.4611 12.4477 9.0304 7.8637 7.80795
threshold=0.026666667312383655 0.10329056531190874 0.50517851114273082 0.21334630250930789 7.0611135015496998e-05 0.1723001375794411 7.1145190304378061e-05 0.00052744866115972411 0.061111113056540496 0.022112675942480568 0.00051307299872860323 0.49706235527992254 8.507629900122994e-05 0.49873161315917974
decision_type=8 10 2 10 10 2 10 10 8 2 10 2 10 2
left_child=13 8 3 4 -3 7 -7 -6 9 11 -11 -2 -10 -1
right_child=1 2 -4 -5 5 6 -8 -9 12 10 -12 -13 -14 -15
leaf_value=-0.0004304478278794619 -0.0023102715991767855 0.0058639419986600836 -0.0022494024483172702 -0.0015525773661254649 0.0056007908185324142 -0.0021564941416752684 0.0027876743901328505 0.00043537030207912937 0.0012887768097941945 0.0027054838473142741 -0.0011777221027950405 0.00063478833609862859 -0.0021993600501875646 9.0329486479213408e-05
leaf_weight=20290.926321551204 802.23635405302048 312.30058474838734 278.76204796135426 323.10462871193886 410.05603563785553 307.08846907317638 376.80448384582996 229.22113573551178 316.41800484061241 1094.7791642248631 455.64541500806808 830.26619440317154 1162.6719687134027 26580.918090224266
leaf_count=81475 3211 1253 1119 1300 1644 1232 1517 921 1273 4393 1830 3323 4667 106956
internal_value=-6.97084e-05 0.000374348 0.00162218 0.00219039 0.00293968 0.00217244 0.000569401 0.00381806 -0.000228868 0.000342183 0.00156381 -0.000822904 -0.00144591 -0.000135204
internal_weight=53771.2 6899.35 2237.34 1958.58 1635.47 1323.17 683.893 639.277 4662.02 3182.93 1550.42 1632.5 1479.09 46871.8
internal_count=216114 27683 8986 7867 6567 5314 2749 2565 18697 12757 6223 6534 5940 188431
is_linear=0
shrinkage=0.02


Tree=374
num_leaves=15
num_cat=0
split_feature=36 36 5 36 0 20 16 12 28 5 20 5 34 36
split_gain=7.03796 10.6962 6.95767 18.7348 17.3306 12.4905 12.2073 11.6321 14.661 11.0182 8.09992 8.29965 7.99111 8.46765
threshold=8.5004450852375911e-13 9.3291222186611698e-13 0.0010232058702968063 4.5307785572368952e-13 0.0090870745480060595 3.4472308470867581e-05 0.00011636048657237553 7.8848534030839814e-05 -0.23224113881587979 0.00067471523652784537 3.6362156606628566e-05 0.0010426269145682456 -0.29888889193534846 2.4668688044984099e-13
decision_type=2 2 10 2 2 10 10 10 2 10 10 10 10 2
left_child=2 -2 3 4 -1 6 -4 -5 -9 -6 -7 -12 -13 -14
right_child=1 -3 5 7 9 10 -8 8 -10 -11 11 12 13 -15
leaf_value=0.0027425706205532227 -0.0016652702227287312 -0.000100799906976682 0.0056229347306971066 -0.0016041504194473869 -0.00019083580402570605 -0.0031349200130717974 0.00085885302822672654 0.0045620390701512211 0.00037910030398019426 -0.0041305672463829227 0.0036214028924916324 0.0038232819660873351 0.0035167830811001135 0.00019303591028699838
leaf_weight=226.1514617651701 1937.1472852528095 16393.078655466437 322.31219287216663 971.14267468452454 394.44979916512966 257.76733353734016 603.44737063348293 360.36269423365593 2863.0036040395498 1012.3019902706146 277.51243248581886 229.92243029177189 290.14573316276073 27522.06302420795
leaf_count=906 7790 66087 1301 3901 1584 1038 2436 1449 11481 4060 1114 935 1173 110414
internal_value=5.00431e-05 -0.000267769 0.000214988 -0.000415528 -0.00221912 0.000339724 0.00260135 0.000293803 0.000871988 -0.00304404 0.000264691 0.000297825 0.000262377 0.000230213
internal_weight=53660.8 18330.2 35330.6 5827.41 1632.9 29503.2 925.76 4194.51 3223.37 1406.75 28577.4 28319.6 28042.1 27812.2
internal_count=215669 73877 141792 23381 6550 118411 3737 16831 12930 5644 114674 113636 112522 111587
is_linear=0
shrinkage=0.02


Tree=375
num_leaves=15
num_cat=0
split_feature=29 5 10 1 3 27 5 0 5 35 35 36 29 25
split_gain=3.92244 11.3758 15.3095 10.8588 7.52484 7.29326 6.8002 6.74377 9.4969 7.95269 6.37175 6.11594 4.76587 9.34811
threshold=-0.20163759589195249 0.0049555820878595122 0.00012666408292716372 0.52109965682029735 0.53094112873077404 -0.39726015925407404 0.0037214464973658328 0.067012365907430663 0.0019775172695517544 1.5587144747662709e-12 5.2078632205299079e-13 1.2149866616267826e-12 -0.16120493412017819 -0.42446681857109064
decision_type=2 8 10 2 2 2 10 2 10 2 2 2 2 2
left_child=1 2 5 -4 -3 -1 7 9 -9 10 -7 -5 13 -2
right_child=12 4 3 11 -6 6 -8 8 -10 -11 -12 -13 -14 -15
leaf_value=0.0015450771185271342 -0.0024090129669562866 -0.00088342323205682551 -0.0012857025674077179 0.0016946358022782752 -0.0061818754442097635 -0.0013086960974002563 0.0018818040757409185 0.0022586223197583496 -0.0030335220653308756 0.00070415924420645681 -0.0042702598430987317 0.0054633251924606973 2.8106686694518883e-05 0.0012683991718162077
leaf_weight=350.97747991979122 291.66041596233845 221.34150090813637 353.85684008896351 642.73259042203426 203.25022235512733 498.59945863485336 200.98283916711807 314.6849966943264 208.09116223454475 250.22859480977058 768.02227249741554 232.83567260205746 46675.406617179513 2521.9144492149353
leaf_count=1419 1179 889 1424 2595 818 2001 808 1279 844 1008 3083 947 187518 10159
internal_value=2.63388e-05 -0.000555605 -0.000202206 0.00161974 -0.00358376 -0.00107231 -0.00149235 -0.00183988 0.000117926 -0.00250738 -0.00314292 0.00279645 7.64674e-05 0.000872879
internal_weight=53734.6 4245.6 3821.01 1229.43 424.592 2591.59 2240.61 2039.63 522.776 1516.85 1266.62 875.568 49489 2813.57
internal_count=215971 17115 15408 4966 1707 10442 9023 8215 2123 6092 5084 3542 198856 11338
is_linear=0
shrinkage=0.02


Tree=376
num_leaves=15
num_cat=0
split_feature=14 29 14 31 11 5 1 1 32 21 23 32 2 27
split_gain=6.4007 9.74667 11.5071 10.2491 7.3752 5.92858 9.66573 8.63859 7.51144 7.74708 6.77995 7.08861 7.71325 11.5863
threshold=0.00010074194506159985 0.14658071100711825 8.5212042904458954e-05 0.10921161621809007 0.75000000000000011 0.0035767423687502746 0.54301106929779064 0.58042055368423473 0.088828537613153472 0.015840352512896064 0.42172117531299597 0.063278727233409895 0.041533019393682487 -0.20460313558578488
decision_type=10 2 8 10 2 8 2 2 10 2 2 10 2 2
left_child=1 5 4 -4 -3 7 -7 8 10 -10 11 12 -1 -14
right_child=-2 2 3 -5 -6 6 -8 -9 9 -11 -12 -13 13 -15
leaf_value=0.00060013808300771025 -0.00010954676094560705 -0.00090591050900199843 -0.0016945052454811036 0.0043006895086155307 -0.005059841629047779 0.0033219741430392186 -0.00097834008676176429 0.0035057782670063369 0.0040757821628440273 0.00014435253533481927 0.0028503402123087767 -0.00300071601971248 0.0022588863689336526 -0.0024332178848609554
leaf_weight=2856.0559508651495 45950.941709309816 398.02143560349941 210.3008993268013 209.87846729159355 294.87276095151901 755.49320802092552 275.73968555033207 347.32619984447956 382.86341413855553 402.15595339238644 295.63333593308926 310.53503400087357 258.42736095190048 870.47462467849255
leaf_count=11449 184650 1601 845 844 1183 3029 1113 1437 1539 1616 1189 1247 1047 3524
internal_value=-1.92405e-05 0.000507124 -0.0012122 0.00135942 -0.00276604 0.000793184 0.00217538 0.000537437 0.000333384 0.00211538 2.0834e-05 -0.000186211 4.70037e-05 -0.00133848
internal_weight=53818.7 7867.78 1113.07 420.179 692.894 6754.7 1031.23 5723.47 5376.15 785.019 4591.13 4295.49 3984.96 1128.9
internal_count=216313 31663 4473 1689 2784 27190 4142 23048 21611 3155 18456 17267 16020 4571
is_linear=0
shrinkage=0.02


Tree=377
num_leaves=15
num_cat=0
split_feature=31 31 32 34 8 32 12 32 1 29 28 20 10 3
split_gain=5.23904 10.6431 11.7623 10.6935 9.88192 9.01624 9.19434 15.0788 11.3319 11.3447 7.81856 7.56567 10.1796 8.431
threshold=0.10344196483492853 0.050538785755634315 -0.028356013819575306 0.072222225368022933 4.9118531023850671e-05 0.13035184890031817 0.00017583258158992979 0.095852777361869826 0.46849532425403601 0.018898452632129196 0.025172324851155285 0.00013150533777661624 0.00016808910004328939 0.49095529317855841
decision_type=10 8 10 10 10 10 10 10 2 2 2 8 10 2
left_child=1 3 4 -1 -3 6 8 -8 -2 -10 -11 13 -13 -4
right_child=5 2 11 -5 -6 -7 7 -9 9 10 -12 12 -14 -15
leaf_value=-1.0834909289361325e-05 -0.00029506489251239645 0.0059331653148084239 9.0602305518812002e-05 -0.0031532283114884775 0.00096259774939280317 0.00017803337457249208 0.0027686581127666322 -0.002255164469738705 0.00094153006551266506 -0.0062138164661566485 -0.0026001609014325282 -0.002606269083109312 0.0013136827924293633 0.0015531780980562303
leaf_weight=38286.085079550743 1001.7591473162174 288.30733567476273 3318.8703876435757 418.13077053427696 352.10933354496956 3723.3670502901077 491.64977642893791 428.93201285600662 223.79230706393719 379.82931767404079 744.16784377396107 632.49820785224438 430.0185901671648 2987.588380292058
leaf_count=153912 4027 1163 13320 1676 1423 14961 1979 1723 901 1530 2985 2536 1731 11990
internal_value=1.45648e-05 9.10541e-05 0.000753713 -4.63939e-05 0.0033122 -0.000495154 -0.00125807 0.0004297 -0.0019174 -0.00310127 -0.0039086 0.000522999 -0.00102484 0.000786195
internal_weight=53707.1 46713.6 8009.39 38704.2 640.417 6993.5 3270.13 920.582 2349.55 1347.79 1124 7368.98 1062.52 6306.46
internal_count=215857 187751 32163 155588 2586 28106 13145 3702 9443 5416 4515 29577 4267 25310
is_linear=0
shrinkage=0.02


Tree=378
num_leaves=15
num_cat=0
split_feature=20 5 31 5 2 14 2 31 5 17 31 34 0 24
split_gain=7.6176 8.36832 9.27093 13.8926 14.1475 12.5844 10.9388 9.22317 9.5033 9.39412 8.20894 8.14949 10.3118 9.54454
threshold=0.00011193597674719059 0.0034608350833877925 -0.048044797033071511 0.0036561321467161183 0.0080529986880719679 0.0001725394977256656 0.047325883060693748 0.10160091891884805 0.0033471034839749341 0.91666665673255932 0.010814149864017965 0.026666667312383655 0.0038188250036910181 0.49760968983173376
decision_type=8 10 10 10 2 10 2 8 8 2 10 8 2 2
left_child=11 7 6 -4 5 -5 -3 8 -2 -9 -7 -1 -13 -14
right_child=1 2 3 4 -6 10 -8 9 -10 -11 -12 12 13 -15
leaf_value=-0.00020782764714558609 0.00051304127697108452 0.0017608299668608765 -0.0054391584630916088 0.0061791360297791696 -0.00083902017083462715 -0.0020784672410795232 -0.0016477416343609491 0.0010995535427670499 0.0041083998345663774 0.0062735068419172884 0.0025701570844247892 -0.0034865267024978934 0.0013120430288104739 -0.0019729642334505282
leaf_weight=37412.989642247558 4753.6319010108709 1727.7989760637283 201.07728835940361 200.39143714308739 3501.9613311886787 252.07246249914169 462.9962939620018 333.31074090301991 294.32782945036888 236.65341253578663 325.49654260277748 199.36951304972172 3426.4018355756998 376.45194633305073
leaf_count=150449 19103 6925 807 802 14060 1009 1872 1340 1182 952 1303 798 13740 1512
internal_value=1.38263e-05 0.00045067 -2.8607e-05 -0.000549468 -0.000295513 0.00211078 0.00103208 0.00101794 0.000738059 0.00338767 0.000539664 -0.000115959 0.000739592 0.000978233
internal_weight=53704.9 12289.7 6671.79 4481 4279.92 777.96 2190.8 5617.92 5047.96 569.964 577.569 41415.2 4002.22 3802.85
internal_count=215854 49355 26778 17981 17174 3114 8797 22577 20285 2292 2312 166499 16050 15252
is_linear=0
shrinkage=0.02


Tree=379
num_leaves=15
num_cat=0
split_feature=29 14 34 1 13 18 14 31 34 14 14 18 18 14
split_gain=5.73542 9.42967 6.87101 5.82725 12.6387 13.5488 12.4273 7.00837 6.44882 6.78637 10.8079 6.44917 5.60955 5.78594
threshold=-0.30993221700191492 0.00013181700342101979 -0.2322222217917442 0.56621891260147106 0.91666665673255932 0.00032375223236158496 0.0001857495590229519 0.025723900645971302 -1.7486012637846214e-15 0.00019562178204068917 0.00014409431605599823 0.00041651181527413433 0.00082578047295100998 0.00023165110178524631
decision_type=2 10 8 2 2 10 10 10 10 10 10 10 10 10
left_child=1 -1 -3 -2 5 -5 -7 12 9 10 -6 -11 13 -8
right_child=3 2 -4 4 8 6 7 -9 -10 11 -12 -13 -14 -15
leaf_value=-0.0045274576051968921 -4.5998110892921638e-05 0.0024862693425081899 -0.0018650444725623752 0.0022775510635163524 0.00030689525435677832 -0.0026295618629966289 -0.00059212080332881115 -0.0022812465547119489 -0.0038848513043654759 0.002909664523318198 -0.0045307785777865765 -0.00067545286008459642 -0.0013760703258250643 0.0030477762382217959
leaf_weight=273.63246020674706 47013.656761333346 224.44062283635139 337.44971939921379 2220.024898827076 448.3578624278307 510.49256393313408 219.86601075530052 205.32702444493771 215.17807491123676 350.23262150585651 291.40468856692314 425.27572478353977 197.84610567986965 733.22991633415222
leaf_count=1106 188693 909 1361 9087 1811 2068 889 834 864 1412 1174 1716 805 2969
internal_value=1.6869e-06 -0.00162278 -0.000101247 2.79822e-05 0.000623985 0.00122886 -2.92112e-05 0.000973537 -0.000802257 -0.000319604 -0.00166785 0.000976093 0.00158323 0.00221319
internal_weight=53666.4 835.523 561.89 52830.9 5817.24 4086.79 1866.76 1356.27 1730.45 1515.27 739.763 775.508 1150.94 953.096
internal_count=215698 3376 2270 212322 23629 16652 7565 5497 6977 6113 2985 3128 4663 3858
is_linear=0
shrinkage=0.02


Tree=380
num_leaves=15
num_cat=0
split_feature=5 5 32 12 34 35 26 19 0 5 5 5 19 35
split_gain=4.56743 20.398 10.1343 9.22907 9.04006 10.0673 8.33447 15.4274 12.2016 11.1328 17.8368 13.9353 21.6763 14.1421
threshold=0.0027315481565892701 0.0026185089955106382 -0.095462553203105913 0.00055653305025771271 -0.12000000104308127 6.4864774792713919e-13 -0.17180661112070081 0.58333334326744091 0.053272642195224769 0.0017305210931226613 0.0019775172695517544 0.0010426269145682456 0.91666665673255932 3.9292424565753886e-13
decision_type=10 10 10 8 8 2 2 2 2 10 10 8 2 2
left_child=1 3 -2 6 -3 -6 7 8 -1 11 -11 13 -13 -9
right_child=2 4 -4 -5 5 -7 -8 9 -10 10 -12 12 -14 -15
leaf_value=-0.002300078870680896 -0.0011732163797130075 -0.00023519232639559429 -3.4161026109090144e-05 0.003268176241238094 0.0014402311592483777 0.0060385856384359091 -0.00019736507492394272 -0.0024370860647015646 0.0012834126564471135 0.0044770697566475972 0.00081968051432064037 0.00074557910030558481 -0.0028532354223574337 0.0024632462202994259
leaf_weight=1180.788268327713 3927.4558770060539 283.49514377117157 14991.003326907754 327.88044211268425 376.75945846736431 402.11680647730827 24390.816280990839 260.91259610652924 540.62221227586269 779.12818370759487 1640.1532817482948 1935.4314671158791 998.83349318802357 1540.1284867674112
leaf_count=4744 15793 1148 60157 1333 1512 1618 97981 1048 2211 3142 6618 7810 4018 6202
internal_value=-2.18378e-05 0.000114589 -0.000271617 2.7505e-05 0.00281699 0.003906 -6.3798e-06 0.000517702 -0.00117284 0.000926587 0.00202459 0.000359457 -0.000490492 0.00173438
internal_weight=53575.5 34657.1 18918.5 33594.7 1062.37 778.876 33266.8 8876 1721.41 7154.59 2419.28 4735.31 2934.26 1801.04
internal_count=215335 139385 75950 135107 4278 3130 133774 35793 6955 28838 9760 19078 11828 7250
is_linear=0
shrinkage=0.02


Tree=381
num_leaves=15
num_cat=0
split_feature=22 16 30 16 20 8 7 22 16 29 34 18 1 10
split_gain=6.32747 7.04503 11.518 13.0645 8.48024 7.66692 11.4903 16.5061 11.2975 14.7588 12.0026 9.65578 12.2577 8.54332
threshold=-0.15760520100593564 0.00033562003227416431 -0.048361999914050095 0.00045661200419999664 6.9623034505639239e-05 7.9066870966926231e-05 1.0000000180025095e-35 -0.059230763465166085 0.00020070495520485568 0.15995067358016971 -8.0491169285323839e-16 0.00013112638407619673 0.51412495970726024 0.00017404529353370893
decision_type=2 10 2 10 10 10 2 2 8 2 10 8 2 10
left_child=-1 5 3 4 -3 11 7 -7 -9 10 -10 12 -2 -8
right_child=1 2 -4 -5 -6 6 13 8 9 -11 -12 -13 -14 -15
leaf_value=0.00022061770718619772 0.0023959278041013605 -0.00036360753691276561 -0.00021215661818803334 -0.00029697185529116736 -0.0040760456570143972 -0.0035269238678959803 0.0010955706236040644 -0.00080375502471842443 0.001460504131087535 0.0049898900192870878 -0.0022088970022507105 -0.00041573342921939169 -0.00095461585163168024 0.0043436858661699594
leaf_weight=21160.625595510006 1116.9006459265947 328.37896183133125 5211.447548404336 1164.2313402891159 1015.0616670399904 453.57209698855877 1342.2980135977268 1727.6774663180113 1545.6673302799463 349.8565835505724 442.70278412103653 16630.533769473433 694.99515771865845 416.7383034080267
leaf_count=85112 4487 1323 20931 4684 4074 1824 5380 6957 6226 1409 1775 66778 2805 1672
internal_value=-4.83105e-05 -0.00022376 -0.00075037 -0.00185836 -0.00318725 -5.88523e-05 0.000543737 7.75138e-06 0.000417396 0.00131885 0.000629665 -0.000264364 0.00111436 0.00190527
internal_weight=53600.7 32440.1 7719.12 2507.67 1343.44 24720.9 6278.51 4519.48 4065.9 2338.23 1988.37 18442.4 1811.9 1759.04
internal_count=215437 130325 31012 10081 5397 99313 25243 18191 16367 9410 8001 74070 7292 7052
is_linear=0
shrinkage=0.02


Tree=382
num_leaves=15
num_cat=0
split_feature=36 14 36 21 18 33 36 13 27 18 14 23 26 19
split_gain=4.35372 17.9146 12.9493 10.9468 11.3567 12.0862 10.0239 11.7126 11.1131 11.0089 10.6613 9.92835 15.3631 10.7806
threshold=6.2743457348093955e-13 0.00023029019939713183 8.5004450852375911e-13 -0.24749182164669034 0.00069954886566847574 5.051514762044463e-15 4.8887727633478716e-13 0.58333334326744091 -0.0065806203056126824 0.00016203933773795145 0.00013526414113584909 -0.13776537775993344 -0.35918968915939326 0.91666665673255932
decision_type=2 10 2 2 10 8 2 2 2 8 10 2 2 2
left_child=1 6 -2 4 5 -3 7 -1 -8 -10 -11 13 -13 -4
right_child=2 3 11 -5 -6 -7 8 -9 9 10 -12 12 -14 -15
leaf_value=-0.0016598377317837399 0.00070928695648908124 0.0014103162781075318 -0.0003723853323532192 6.1006355476287424e-06 -0.00099854831443906261 0.0051316781808378635 -0.0018926725365136961 0.00017677009499299646 0.0019433154047747655 -0.0022840295613530408 8.602719870410392e-05 0.0039736032151647819 1.2818556444299332e-05 -0.0023122463258860547
leaf_weight=1693.1793522238731 9727.8405300378799 1824.7027509212494 4887.998622149229 6051.0098560005426 563.21952299773693 420.65975870192051 3944.4228679835796 7323.1416204124689 656.01661095023155 1252.2895047515631 1879.0683416426182 385.39269983768463 11619.517414018512 1481.2029946297407
leaf_count=6801 39084 7325 19743 24272 2264 1686 15828 29372 2631 5020 7531 1567 46784 5965
internal_value=-5.18316e-05 -0.000240371 0.000120023 0.000486239 0.00151333 0.00214665 -0.000624862 -0.000171038 -0.00115228 -0.000375288 -0.000870284 -0.000192385 0.000146369 -0.00082934
internal_weight=53709.7 25607.7 28102 8859.59 2808.58 2245.36 16748.1 9016.32 7731.8 3787.37 3131.36 18374.1 12004.9 6369.2
internal_count=215873 102730 113143 35547 11275 9011 67183 36173 31010 15182 12551 74059 48351 25708
is_linear=0
shrinkage=0.02


Tree=383
num_leaves=15
num_cat=0
split_feature=18 31 32 32 33 29 37 12 18 33 37 16 18 31
split_gain=5.79089 7.47407 12.0219 9.78926 9.91622 9.38619 13.2278 11.5594 9.06377 11.8074 8.49396 11.506 10.0394 8.87607
threshold=0.0005082850402686746 -0.075341850519180284 -0.089467529207468019 0.13035184890031817 -0.058333335444331162 0.018898452632129196 0.34729884564876562 0.00034320833219680941 0.00080515691661275934 -0.13666667044162747 0.077733796089887633 0.00024843834398780024 0.00058473082026466738 1.0000000180025095e-35
decision_type=10 10 10 10 8 2 2 10 10 10 2 10 10 10
left_child=-1 2 8 5 -5 7 -7 10 9 -2 12 -12 13 -3
right_child=1 3 -4 4 -6 6 -8 -9 -10 -11 11 -13 -14 -15
leaf_value=8.5219297222613029e-05 -0.0047094135580597772 -0.0029508004396369483 0.0029080864004304412 -0.0020697569392887096 0.002280932861706832 -0.0021432799413980469 0.0024213130999750135 -0.0026135747178993251 0.0019771763054030524 -0.00013490039956333419 0.002954005239175132 -0.0021523657622335092 0.0021296950510816719 0.0018816469571904394
leaf_weight=43474.53739143908 276.52247084677219 354.80928191542625 611.60603299736977 272.43546198308468 734.81208035349846 3049.1270032674074 260.41836392879486 670.3649865090847 473.88743476569653 950.16733978688717 202.49077962338924 857.40786127746105 1212.3162849247456 238.20772509276867
leaf_count=174759 1116 1423 2459 1097 2957 12230 1046 2702 1916 3815 812 3439 4863 955
internal_value=-1.53068e-05 -0.000444587 0.000551391 -0.000738514 0.00108679 -0.00100949 -0.00177172 -0.000290038 -0.000320137 -0.0012251 0.000267938 -0.00114017 0.00109806 -0.00101161
internal_weight=53639.1 10164.6 2312.18 7852.39 1007.25 6845.14 3309.55 3535.6 1700.58 1226.69 2865.23 1059.9 1805.33 593.017
internal_count=215589 40830 9306 31524 4054 27470 13276 14194 6847 4931 11492 4251 7241 2378
is_linear=0
shrinkage=0.02


Tree=384
num_leaves=15
num_cat=0
split_feature=20 1 31 27 34 13 27 0 0 7 30 20 8 28
split_gain=6.21336 8.62748 10.3736 10.2058 14.5864 11.5077 9.41191 9.20474 12.0776 12.3914 9.03642 8.52039 8.9288 8.80657
threshold=0.00011193597674719059 0.47145769000053411 -0.056682258844375603 0.099652498960495009 -2.0816681711721681e-15 0.75000000000000011 0.067023359239101424 0.023942581377923492 0.046471230685710914 1.0000000180025095e-35 -0.085446137934923158 0.00013798035797663036 9.2780512204626589e-05 0.21369903534650805
decision_type=8 2 10 2 10 2 2 2 2 2 2 8 10 2
left_child=-1 -2 7 4 5 -4 -6 -3 -9 10 -10 13 -13 -5
right_child=1 2 3 11 6 -7 -8 8 9 -11 -12 12 -14 -15
leaf_value=-0.000160922540203137 0.0012583014122196584 -0.00054900385719627593 0.00081150146921475435 -0.0016860765842887705 0.00067013366142376261 -0.0018976355087830486 0.0042180040064232829 0.0036678587035820212 0.00066658618506817361 -0.0014519834991755835 0.0054888944730029712 -0.0050395963132060084 -0.00079783811464980564 0.0029740260786543546
leaf_weight=41392.134008467197 3106.92991925776 1048.931657999754 977.06076599657536 501.05032667517662 1479.6244855970144 1686.7757866382599 358.42219185829163 781.83753310143948 444.22082968056202 630.66953253746033 224.71710039675236 450.94042383134365 358.33916316926479 215.64386162161827
leaf_count=166411 12501 4204 3924 2007 5929 6765 1436 3137 1801 2536 907 1807 1438 864
internal_value=-4.37605e-05 0.000351253 4.14652e-05 -0.000443382 3.79075e-05 -0.000905317 0.00139993 0.000971975 0.00173639 0.000536454 0.00239887 -0.00184539 -0.00322594 -0.00024124
internal_weight=53657.3 12265.2 9158.23 6027.86 4501.88 2663.84 1838.05 3130.38 2081.44 1299.61 668.938 1525.97 809.28 716.694
internal_count=215667 49256 36755 24170 18054 10689 7365 12585 8381 5244 2708 6116 3245 2871
is_linear=0
shrinkage=0.02


Tree=385
num_leaves=15
num_cat=0
split_feature=0 0 35 18 7 10 18 17 32 18 16 12 15 35
split_gain=3.42344 9.94424 8.70134 6.92365 8.81315 10.1042 9.44802 8.81045 7.31865 8.78403 6.61978 6.07896 5.66389 5.97402
threshold=0.08043085411190988 0.07675932347774507 3.5331083219659892e-13 0.00013555475015891719 1.0000000180025095e-35 0.00017404529353370893 0.00030934695678297436 0.91666665673255932 -0.13671251386404035 0.00033913228253368294 0.00028496888990048325 0.00028541128267534083 0.91666665673255932 5.5140682059424971e-13
decision_type=2 2 2 10 2 10 10 2 10 10 10 10 2 2
left_child=1 -1 -2 -4 5 8 -6 11 9 -5 -8 -7 13 -3
right_child=2 12 3 4 6 7 10 -9 -10 -11 -12 -13 -14 -15
leaf_value=-2.4081844881099534e-07 0.0030779715308947037 -0.003414392053026973 0.0028295285010713728 0.002987107911997309 0.0042872973839059971 -0.0018716187645809645 -0.002396154145541582 0.0035540415137977305 -0.0015341608558091197 -0.0020574688596486672 0.0021271426181447249 0.0019158002700663771 -0.004026378911477487 0.00037006075041113722
leaf_weight=47187.430245414376 453.0608594417572 230.41779078543186 360.82428760826588 331.83078083395958 346.42065404355526 358.33174948394299 222.16948615014553 393.68237417936325 2198.3311856538057 209.45012460649014 257.9662774503231 287.26146399974823 333.7675316631794 489.97879505157471
leaf_count=189343 1839 928 1489 1369 1406 1468 897 1599 8940 851 1041 1180 1342 1987
internal_value=1.00575e-05 -4.35558e-05 0.000485716 0.000237834 2.34246e-05 -0.000387904 0.00186869 0.00127521 -0.00102348 0.00103134 2.1991e-05 -0.000179451 -0.00194635 -0.000899925
internal_weight=53660.9 48241.6 5419.33 4966.27 4605.44 3778.89 826.556 1039.28 2739.61 541.281 480.136 645.593 1054.16 720.397
internal_count=215679 193600 22079 20240 18751 15407 3344 4247 11160 2220 1938 2648 4257 2915
is_linear=0
shrinkage=0.02


Tree=386
num_leaves=15
num_cat=0
split_feature=5 5 38 0 10 20 20 5 36 1 2 5 12 20
split_gain=6.68407 6.97922 12.2117 11.5262 4.97113 7.61981 8.40431 7.50328 11.8716 11.5648 9.86119 10.8507 12.0139 8.98419
threshold=0.00039425591239705687 0.00058565719518810521 1.0000000180025095e-35 0.044744445011019714 9.1104811872355653e-05 0.00019018566672457385 0.00015987540973583239 0.0028434002306312327 3.4527784277538225e-13 0.52749028801918041 0.0050309421494603166 0.0032568847527727489 8.6389391071861623e-05 0.00011500609252834694
decision_type=10 10 2 2 10 10 10 10 2 2 2 10 10 10
left_child=-1 2 -2 -4 5 6 7 13 -9 10 -10 12 -12 -3
right_child=1 4 3 -5 -6 -7 -8 8 9 -11 11 -13 -14 -15
leaf_value=0.0029322277725498331 0.0018078913309290676 0.00041320259284164263 -0.0053103466465284285 0.00038841914710579682 -0.00010155025899032876 -0.0032163023363940809 0.0034984984238024971 0.0039782601687668676 -0.0023305832216043514 -0.0016976122202729199 -0.0040888476961262179 0.001210939745265825 0.00085693941105483018 0.0027468618706121052
leaf_weight=300.04427406191826 256.46706084907055 14573.127043768764 377.17428112030029 216.92660315334797 30662.1218868047 224.87116692960262 310.44773626327515 227.71768890321255 524.17105770111084 2042.2014800310135 352.68779444694519 2499.4628327190876 403.53033563494682 672.21637403964996
leaf_count=1220 1029 58610 1512 875 123241 903 1246 915 2098 8213 1414 10019 1618 2698
internal_value=5.05307e-05 3.32289e-05 -0.00174287 -0.00328465 6.26608e-05 0.000293187 0.000332654 0.000283262 -0.000311968 -0.000492817 0.000163627 0.000576977 -0.00149562 0.000519565
internal_weight=53643.2 53343.1 850.568 594.101 52492.6 21830.4 21605.6 21295.1 6049.77 5822.05 3779.85 3255.68 756.218 15245.3
internal_count=215611 214391 3416 2387 210975 87734 86831 85585 24277 23362 15149 13051 3032 61308
is_linear=0
shrinkage=0.02


Tree=387
num_leaves=15
num_cat=0
split_feature=30 26 29 25 14 14 3 23 0 2 29 1 14 8
split_gain=4.47129 6.33984 3.41133 11.7732 7.932 8.47694 9.14955 9.65913 8.37218 7.90141 7.74989 13.622 7.39214 7.76854
threshold=-0.42759253084659571 -0.49843598902225489 -0.20163759589195249 -0.037830116227269166 0.0001826004663598724 0.00016579672228544953 0.51825496554374706 -0.33772459626197809 0.020522064529359344 0.055212417617440231 -0.1810343116521835 0.5176171362400056 0.00026224694738630211 5.5701013479847468e-05
decision_type=2 2 2 2 10 10 2 2 2 2 2 2 10 10
left_child=1 -1 3 4 5 6 7 -2 -6 -8 11 -4 13 -10
right_child=2 -3 10 -5 8 -7 9 -9 12 -11 -12 -13 -14 -15
leaf_value=0.0043299505580294915 -0.0051851774553382801 -0.00049992385657552101 0.004325439558957039 -0.0033093571677584935 -0.0021747072923537676 -0.0043744170732678027 0.0021587935044388809 -0.00015191027263346623 0.00039088348251221499 -0.0015190883337738606 1.3444819382440307e-06 4.3021094697391144e-05 9.9492769953193219e-05 0.0048124132931605572
leaf_weight=208.21078689396381 253.02558082342148 200.49908661842346 441.59544458985329 520.82225750386715 281.69946247339249 242.66838873922825 583.11880022287369 348.33982707560062 271.84972222149372 363.55574756860733 48098.496843531728 834.94544063508511 719.04438601434231 376.07851777970791
leaf_count=859 1016 818 1774 2094 1131 977 2342 1399 1095 1480 193243 3370 2904 1517
internal_value=1.34384e-05 0.00204779 -2.91273e-06 -0.000566174 -0.000134045 -0.00105004 -0.000479763 -0.0023684 0.00086152 0.000744153 4.24755e-05 0.00156831 0.00150955 0.00302454
internal_weight=53744 408.71 53335.2 3960.2 3439.38 1790.71 1548.04 601.365 1648.67 946.675 49375 1276.54 1366.97 647.928
internal_count=216019 1677 214342 15955 13861 7214 6237 2415 6647 3822 198387 5144 5516 2612
is_linear=0
shrinkage=0.02


Tree=388
num_leaves=15
num_cat=0
split_feature=12 20 0 28 18 18 24 2 12 5 5 5 16 5
split_gain=5.74899 6.87196 9.59178 8.07889 7.69567 6.88901 7.89176 8.96412 9.41784 9.495 9.29881 6.87181 18.4602 11.2985
threshold=3.2790539989946417e-05 4.7614119466743439e-05 0.1037161946296692 0.48130439221858984 8.1831560237333192e-05 0.00047130574239417916 0.22190883010625842 0.0068506477400660524 7.7475880971178426e-05 0.0010123686515726151 0.0020523519488051538 0.001316407055128366 0.00022691422054776925 0.00094444295973517012
decision_type=8 10 2 2 8 10 2 2 8 10 10 8 8 10
left_child=-1 2 4 -3 -2 6 11 -8 9 -9 -10 13 -13 -6
right_child=1 3 -4 -5 5 -7 7 8 10 -11 -12 12 -14 -15
leaf_value=-0.0018187055403639776 -0.0028838658532082985 -5.3762570996995811e-05 0.0044382132037175202 0.0033650326231140881 -0.00024613943993052385 -0.0019508713913683898 0.0055156016574464508 -0.0039748384458989676 0.00332412821169981 0.0011852320693120327 -0.0011994285683596076 -0.0015930888279995176 0.0025930726438882995 0.0023350901741222225
leaf_weight=639.29984022676945 242.38278941810131 45032.871719717979 234.33105553686619 258.19027304649353 1401.3427927941084 379.30922955274582 216.217275172472 206.21365112066269 858.6425659507513 368.99568939208984 218.06625300645828 1605.165674701333 549.40643310546875 1288.4531667530537
leaf_count=2574 978 180877 983 1043 5642 1527 866 830 3459 1487 880 6474 2221 5194
internal_value=3.73871e-05 6.05147e-05 0.000617515 -3.27964e-05 0.000483704 0.000606587 0.000756469 0.00185365 0.0013141 -0.000736065 0.0024028 0.000327481 -0.000511605 0.000998417
internal_weight=53498.9 52859.6 7568.53 45291.1 7334.2 7091.81 6712.5 1868.14 1651.92 575.209 1076.71 4844.37 2154.57 2689.8
internal_count=215035 212461 30541 181920 29558 28580 27053 7522 6656 2317 4339 19531 8695 10836
is_linear=0
shrinkage=0.02


Tree=389
num_leaves=15
num_cat=0
split_feature=16 14 34 14 28 10 28 23 5 5 12 15 25 29
split_gain=4.51205 4.63326 9.97812 4.13212 4.27012 9.52182 10.1871 8.51308 10.3961 8.08141 7.74996 6.81874 6.27146 7.05797
threshold=0.0013909395202063026 0.00077094414154998969 -0.016666667070239779 0.00070358728407882165 0.28453835844993597 4.852708843827714e-05 0.30732823908329016 0.5404195785522462 0.0011626814375631513 0.001633238105569035 6.5696152887539952e-05 0.75000000000000011 0.45511183142662054 0.21616266667842868
decision_type=8 10 8 10 2 10 2 2 10 10 10 2 2 2
left_child=1 3 -3 4 12 10 -7 8 -8 -10 -6 -9 13 -1
right_child=-2 2 -4 -5 5 6 7 11 9 -11 -12 -13 -14 -15
leaf_value=-2.2908333672461971e-06 0.0028022376370660362 0.0010192061208417061 -0.0047121033857621996 0.0027253400662126804 -0.0059320787088321669 -0.0026321854455707526 0.0039521974577316913 0.0008246890457464705 -0.0023632552917466983 0.0011577855831779794 -0.00057812619100948632 -0.003920587466740906 0.001825343835850167 0.0013943595360396467
leaf_weight=47360.194130852818 213.88582526147366 225.46413719654083 229.4677229821682 207.53084960579872 212.40884865820408 542.66279023885727 365.2927739918232 199.67240530252457 338.7627067565918 935.13379889726639 211.21384491026402 266.46016459167004 780.2909119874239 1472.9413430839777
leaf_count=190317 873 912 926 837 855 2181 1469 806 1365 3764 850 1072 3141 5920
internal_value=3.0413e-05 1.82539e-05 -0.00194836 3.58989e-05 2.42748e-05 -0.000696905 -0.000240713 0.000394677 0.00107326 0.000199392 -0.00340906 -0.0019376 6.91865e-05 4.03896e-05
internal_weight=53561.4 53347.5 454.932 52892.6 52685 3071.61 2647.98 2105.32 1639.19 1273.9 423.623 466.133 49613.4 48833.1
internal_count=215288 214415 1838 212577 211740 12362 10657 8476 6598 5129 1705 1878 199378 196237
is_linear=0
shrinkage=0.02


Tree=390
num_leaves=15
num_cat=0
split_feature=31 20 14 1 21 33 0 7 31 18 18 31 33 28
split_gain=3.90087 3.85317 14.0232 14.9852 13.6946 13.2483 13.1672 14.0794 12.7196 12.9442 21.5583 11.6755 12.1846 10.2949
threshold=-0.28470504283905024 7.3607341619208469e-05 0.00025167937565129256 0.49988761544227606 0.89612564444541942 0.11666667088866235 0.026278633624315265 1.0000000180025095e-35 0.0069762219209223994 0.00037109035474713897 0.00020508756279014054 -0.041754916310310357 -0.3299999982118606 0.032611010596156127
decision_type=8 10 8 2 2 10 2 2 10 8 10 10 8 2
left_child=-1 2 3 5 8 11 -4 -8 -5 10 -10 -2 13 -13
right_child=1 -3 6 4 -6 -7 7 -9 9 -11 -12 12 -14 -15
leaf_value=-0.0026227383432514124 0.00048866499572585397 -0.00015328470574228024 -0.00035138480717740835 0.00019264557329036393 -0.0022951220495080259 0.0031881041169545556 0.0015635950648747365 0.0065299864606967054 0.00042109378348737691 -0.0015172493911976878 0.0040402346724149798 0.0049570904192914669 -0.0013406844743834377 -0.0011099064432718035
leaf_weight=207.8234950453043 2350.0827525556087 29477.221884652972 1389.2089726626873 6353.5220848321915 632.40272969007492 338.57495512068272 2559.9121747016907 234.47453404963017 1292.1402992159128 402.34599968791008 1333.3289021104574 215.99315394461155 6708.8098940104246 201.27024979889393
leaf_count=841 9451 118323 5570 25637 2550 1359 10337 942 5214 1616 5372 875 26933 814
internal_value=-1.12467e-05 -1.2374e-07 0.000187868 -3.45431e-05 0.00050928 -0.0005893 0.00123715 0.00202376 0.000702807 0.00176503 0.0022757 -0.000730694 -0.00113306 0.00211371
internal_weight=53697.1 53489.3 24012.1 19828.5 10013.7 9814.73 4183.6 2794.39 9381.34 3027.82 2625.47 9476.16 7126.07 417.263
internal_count=215834 214993 96670 79821 40389 39432 16849 11279 37839 12202 10586 38073 28622 1689
is_linear=0
shrinkage=0.02


Tree=391
num_leaves=15
num_cat=0
split_feature=30 22 34 1 33 0 31 18 16 18 27 18 25 34
split_gain=7.42529 6.60275 10.3641 10.3348 13.3977 14.4182 19.7153 17.1258 16.9063 11.72 11.3939 11.2984 9.5879 9.50834
threshold=-0.48918904364109034 0.41176682710647589 -0.33833332359790796 0.49464875459671026 2.4980018054066026e-15 0.024785554036498073 -0.032600875943899148 0.00030585653439629828 0.00033823505509644752 0.00012101696120225826 -0.048067897558212273 0.00056560678058303903 0.0018463858286850157 -0.3322222232818603
decision_type=2 2 8 2 8 2 10 8 10 8 2 8 2 8
left_child=-1 3 -3 4 5 9 7 -7 -9 -2 -8 -12 -6 -5
right_child=1 2 -4 13 12 6 10 8 -10 -11 11 -13 -14 -15
leaf_value=0.0036040701741182381 0.0023063792662012996 0.0044484786061148342 0.00027391685862590483 -0.0026375249239054318 0.0020956811363830245 -0.0003437227466236747 -0.0027015666731525969 0.0056336476598060001 -0.00015291536478503044 -0.0023080773360664932 -0.00011315389614389892 -0.0034358317117157639 -0.00013698433338133444 0.00014898441010307987
leaf_weight=203.7006344050169 219.84923382103443 222.74488906562328 12235.97396877408 480.07480652630329 882.54180608689785 1173.0597894191742 1324.2206161767244 498.31255900859833 329.19973830878735 3358.3568247258663 3179.8756737262011 450.1004680544138 5201.1478018462658 23936.811338230968
leaf_count=840 881 905 49174 1955 3537 4724 5320 2003 1326 13453 12779 1808 20858 96265
internal_value=-3.21493e-05 -4.7338e-05 0.000355562 -0.000169781 -0.000554219 -0.00098518 -0.000451951 0.00121575 0.00338236 -0.00201332 -0.00112757 -0.00054172 0.000192707 9.20834e-05
internal_weight=53696 53492.3 12458.7 41033.6 16616.7 10533 6954.77 2000.57 827.512 3578.21 4954.2 3629.98 6083.69 24416.9
internal_count=215828 214988 50079 164909 66689 42294 27960 8053 3329 14334 19907 14587 24395 98220
is_linear=0
shrinkage=0.02


Tree=392
num_leaves=15
num_cat=0
split_feature=26 34 27 0 20 16 37 11 23 19 10 14 3 14
split_gain=4.49007 8.57557 7.75256 11.1465 8.33747 8.03904 7.87594 7.88464 8.60469 6.21416 6.01975 8.01702 6.44614 6.22791
threshold=-0.31694689393043513 -1.5820678100908479e-15 -0.26977977156639094 0.027147252112627033 8.5502822912530987e-05 0.00018083864415530118 -0.45479136705398554 0.91666665673255932 -0.30244991183280939 0.75000000000000011 5.9162408433621756e-05 0.00018367399025009948 0.54808205366134655 0.00030082292505539959
decision_type=2 10 2 2 10 10 2 2 2 2 10 10 2 10
left_child=1 2 3 -1 6 -6 9 -8 -9 -4 -5 12 -12 -13
right_child=-2 -3 4 10 5 -7 7 8 -10 -11 11 13 -14 -15
leaf_value=-0.003245855065277799 -0.00014009897624278896 -0.0029692528095768174 -0.0022903140850602049 0.0031048857406603099 0.0023843043728837901 -0.001103419389980243 0.0027900707399990047 0.0022511220607021468 -0.0030227861386374387 0.0017095370102119783 7.1625011449470474e-05 0.002931448055864371 -0.0045819746501991158 -0.0011748466575313549
leaf_weight=430.22141064703465 47561.318791732192 263.48009298741817 305.90357393026352 244.04652436077595 333.25770957767963 1031.701603487134 1797.9209235459566 254.05029504001141 205.66782721877098 277.59468565881252 242.0789723098278 341.60522612929344 213.15762835741043 235.17494416236877
leaf_count=1729 191048 1056 1241 990 1340 4152 7286 1022 828 1122 974 1383 869 953
internal_value=-7.41783e-05 0.000432301 0.000593388 -0.000539213 0.00105323 -0.00022975 0.0016669 0.00219829 -0.000135965 -0.000393825 0.000409331 -0.00027501 -0.00220848 0.0012739
internal_weight=53737.2 6175.86 5912.38 1706.28 4206.1 1364.96 2841.14 2257.64 459.718 583.498 1276.06 1032.02 455.237 576.78
internal_count=215993 24945 23889 6898 16991 5492 11499 9136 1850 2363 5169 4179 1843 2336
is_linear=0
shrinkage=0.02


Tree=393
num_leaves=15
num_cat=0
split_feature=1 20 7 16 18 13 29 12 25 29 3 20 7 16
split_gain=6.75945 15.0278 8.73448 11.9563 8.66772 12.9292 11.5283 9.68603 12.4222 14.3243 10.6918 10.297 10.1268 9.5279
threshold=0.47264498472213751 0.00015532915131188932 1.0000000180025095e-35 0.00039772428863216197 0.00066618304117582749 0.91666665673255932 0.02430288773030043 0.00014140068378765139 -0.014210208319127558 0.13652865588665011 0.43227039277553564 3.6947758417227312e-05 1.0000000180025095e-35 0.00034076666634064173
decision_type=2 8 2 8 8 2 2 10 2 2 2 10 2 10
left_child=1 4 3 -3 7 6 -6 8 10 -10 -1 -11 -9 -14
right_child=-2 2 -4 -5 5 -7 -8 12 9 11 -12 -13 13 -15
leaf_value=0.0022971970229862834 -8.7428333303230776e-05 0.0070768047415119785 0.00068727705368273537 0.0014977146144420034 0.00036874935896610259 0.0014615664938022943 -0.0047525032192561037 0.00058305145618379431 0.0013129440815997451 0.0028575537188669725 -0.0016547291057373735 -0.0014285090351059415 0.0017103219311621321 0.0062850248633703303
leaf_weight=292.67655919492245 38436.120705977082 280.40817934274673 550.29107850790024 343.00773502886295 267.70389139652252 391.5892638862133 477.56038931012154 4141.0675483494997 3195.5402105897665 239.5481843650341 2308.06249538064 1671.4957720637321 853.83513985574245 221.49803246557713
leaf_count=1200 154465 1130 2214 1389 1076 1573 1919 16670 12844 965 9254 6717 3423 888
internal_value=5.39021e-05 0.000410126 0.00256475 0.00414912 0.000226882 -0.00143233 -0.00295136 0.000374824 -7.59452e-05 0.000496857 -0.00119586 -0.000867222 0.00103859 0.00275018
internal_weight=53670.4 15234.3 1173.71 623.416 14060.6 1136.85 745.264 12923.7 7707.32 5106.58 2600.74 1911.04 5216.4 1075.33
internal_count=215727 61262 4733 2519 56529 4568 2995 51961 30980 20526 10454 7682 20981 4311
is_linear=0
shrinkage=0.02


Tree=394
num_leaves=15
num_cat=0
split_feature=18 12 26 5 36 0 0 21 18 30 30 2 36 31
split_gain=4.98015 8.90808 7.64317 8.38559 8.55749 10.3163 9.67426 7.52833 7.3437 10.3867 8.66396 8.57989 8.37903 8.28533
threshold=0.00013112638407619673 5.2978073654230691e-05 0.11315323039889337 0.0035339212045073514 5.9799468979035441e-13 0.027455599978566173 0.045786863192915923 0.05188442952930928 0.00019923453510273251 0.21011316776275638 -0.17943835258483884 0.019397973082959655 6.0371277204804296e-13 0.099785968661308302
decision_type=10 10 2 8 2 2 2 2 10 2 2 2 2 10
left_child=1 -1 3 4 5 -3 -6 -4 9 10 11 -2 -13 -12
right_child=8 2 7 -5 6 -7 -8 -9 -10 -11 13 12 -14 -15
leaf_value=0.0028080534285035608 -0.0042699321871081585 0.00043741880817994101 0.0040013549423106717 0.0026707987518484657 -0.0013785112145565403 -0.004282946839543088 0.0026260320783196506 0.00036069870667008726 7.4430848284110426e-05 -0.0027401583511302298 0.00023916439182589623 -0.0030938589047024797 0.00074914498365545926 -0.0018758193360669793
leaf_weight=653.47653184831142 379.73815761506557 290.73481620848179 340.5524537563324 275.42188900709152 561.1814891397953 474.12663178145885 392.93748292326927 626.45605519413948 41556.320385575294 779.87369342148304 5585.0246638804674 349.34984658658504 573.50293296575546 833.75473389029503
leaf_count=2636 1523 1165 1370 1107 2254 1908 1607 2520 166964 3136 22448 1410 2332 3351
internal_value=1.66826e-05 0.000731486 0.000257499 -0.000450835 -0.00097596 -0.00252324 0.000290747 0.00169793 -3.52082e-05 -0.000570069 -0.000344373 -0.00181836 -0.000740409 -4.05306e-05
internal_weight=53672.5 3614.89 2961.41 1994.4 1718.98 764.861 954.119 967.009 50057.6 8501.24 7721.37 1302.59 922.853 6418.78
internal_count=215731 14567 11931 8041 6934 3073 3861 3890 201164 34200 31064 5265 3742 25799
is_linear=0
shrinkage=0.02


Tree=395
num_leaves=15
num_cat=0
split_feature=36 14 2 33 28 1 1 1 28 18 1 26 26 30
split_gain=4.78307 3.76503 13.3649 9.26773 11.0377 6.91084 7.56813 7.53978 6.83023 7.71826 14.8824 6.26684 6.24298 6.04949
threshold=5.2700701875380015e-12 0.00010373405530117453 0.083616543561220183 4.8294701571194317e-15 0.11694046854972841 0.50285628437995922 0.52572444081306469 0.46849532425403601 -0.38136833906173701 0.00013332838716451081 0.48613071441650396 0.017306680791080001 -0.58537012338638295 -0.08728530257940291
decision_type=2 10 2 10 2 2 2 2 2 10 2 2 2 2
left_child=1 2 3 4 8 7 -7 -6 -1 10 -10 -11 -3 -13
right_child=-2 12 -4 -5 5 6 -8 -9 9 11 -12 13 -14 -15
leaf_value=-0.0026623401708520396 -0.0030029858829218937 0.0017604852665686643 0.00400794031263863 0.0016431007446374931 -0.0010579589853219583 0.0027701041049419733 -0.0018958820309638736 -0.0047746289853365783 0.0055236196731502539 0.00051779670339626729 0.00031900466353460732 -0.0036325906972129365 -0.00017615383128621938 -0.00033009782099290572
leaf_weight=283.38932684063911 203.98966336250305 656.09213389456272 354.12309111654758 1348.0940023958683 493.45626750588417 222.30712068080902 306.32805299758911 394.18926228582859 304.24678112566471 2979.1021638214588 690.34976521134377 285.91928522288799 44294.53175701201 824.8180096000433
leaf_count=1147 834 2680 1483 5403 1981 891 1235 1579 1222 11970 2781 1150 177948 3310
internal_value=-8.64091e-05 -7.4156e-05 0.000311741 0.000141349 -0.000161022 -0.00171852 9.57585e-05 -0.00277731 0.000254772 0.000427157 0.00198859 3.96057e-05 -0.000147117 -0.00122942
internal_weight=53640.9 53436.9 8486.32 8132.2 6784.11 1416.28 528.635 887.646 5367.83 5084.44 994.597 4089.84 44950.6 1110.74
internal_count=215614 214780 34152 32669 27266 5686 2126 3560 21580 20433 4003 16430 180628 4460
is_linear=0
shrinkage=0.02


Tree=396
num_leaves=15
num_cat=0
split_feature=16 14 34 14 36 20 20 36 36 34 0 16 8 36
split_gain=5.0047 6.1336 3.65816 12.3797 10.7262 12.0312 9.17474 12.6312 10.0131 10.9453 7.32014 13.3039 7.20951 6.72624
threshold=0.0013909395202063026 0.00088219615281559538 0.026666667312383655 0.00058887767954729508 4.1256314499676238e-13 0.00013384887279244143 9.4253657152876271e-05 4.4628946263385044e-13 1.6148147272479487e-12 0.038888890296220786 0.031087926588952545 0.00024152486003004017 7.2457922215107842e-05 8.0505857514255607e-13
decision_type=8 10 8 10 2 10 10 2 2 10 2 10 10 2
left_child=1 2 -1 4 5 10 7 -6 9 -8 -4 -12 -10 -11
right_child=-2 -3 3 -5 6 -7 8 -9 12 13 11 -13 -14 -15
leaf_value=-4.7344714881674344e-05 0.0029079132682679697 -0.0029345753582645561 0.0011181418893014721 0.004546683866377195 -0.0034202484794489713 -0.00148276261685991 0.0010150525211112401 0.0014524788582014755 -0.00045246735322102618 -0.0011702493292879998 0.0083821449951682753 0.0012123925832367424 0.0046444605397852985 -0.0036968775164284702
leaf_weight=46451.827935367823 217.84906467795372 263.32264332473278 337.63094201683998 262.84072053432465 219.65162512660027 259.9971734136343 692.73453530669212 1937.7785340547562 217.41821151971817 1649.5237061232328 213.52826976776123 200.10007564723492 200.13818372786045 562.74909617006779
leaf_count=186746 890 1064 1352 1060 880 1043 2777 7772 872 6614 857 803 805 2259
internal_value=1.32077e-05 3.30972e-07 1.59534e-05 0.000450146 0.000270815 0.00214207 -8.10337e-05 0.00092952 -0.000738849 -0.00115714 0.00340248 0.00512954 0.00209116 -0.00184033
internal_weight=53687.1 53469.2 53205.9 6754.09 6491.25 1011.26 5479.99 2157.43 3322.56 2905.01 751.259 413.628 417.556 2212.27
internal_count=215794 214904 213840 27094 26034 4055 21979 8652 13327 11650 3012 1660 1677 8873
is_linear=0
shrinkage=0.02


Tree=397
num_leaves=15
num_cat=0
split_feature=2 37 34 8 16 8 30 25 25 37 14 0 0 19
split_gain=4.48943 4.26587 4.39199 4.01137 4.0023 7.60519 6.16723 8.90496 8.04116 10.1237 7.53804 7.42782 7.14472 6.56433
threshold=0.10855389758944513 0.630597084760666 -0.14333333820104596 6.4070456573972492e-05 7.3162358603440239e-05 5.1345925385248854e-05 -0.33430701494216913 -0.49644076824188227 -0.34748205542564387 0.13474726676940921 5.1321929277037277e-05 0.027147252112627033 0.050332916900515563 0.75000000000000011
decision_type=2 2 8 10 8 10 2 2 2 2 10 2 2 2
left_child=1 4 -3 -2 5 -1 8 11 13 -10 -9 -8 -13 -6
right_child=3 2 -4 -5 6 -7 7 10 9 -11 -12 12 -14 -15
leaf_value=-0.0020722890642665376 -2.9915556047462456e-05 -0.0033704880826506702 -8.3815211211270482e-06 0.003906061722355538 0.00065836999137860476 0.0010596984473691987 -0.0049269522677647514 0.0022386552212811574 -0.0021087728345613207 0.0026896098282712839 -9.0989516532612193e-05 0.0020397797986034453 -0.002463628847179487 0.0055157217628732163
leaf_weight=1003.1153967231512 202.75474531948566 304.58511039614677 298.39261023700237 191.09052821993828 204.61384411156178 430.31910294294357 244.30861219763756 541.99877192080021 381.48753899335861 292.98325644433498 48665.427215278149 204.33097633719444 363.76029995083809 241.07839365303516
leaf_count=4034 854 1229 1198 811 834 1730 981 2182 1552 1188 195449 822 1480 979
internal_value=-9.89091e-05 -0.000115016 -0.00176038 0.00197627 -9.54825e-05 -0.00113042 -6.60431e-05 -9.91577e-05 0.00138846 -6.9739e-06 -6.44304e-05 -0.00215052 -0.00082956 0.00340979
internal_weight=53570.2 53176.4 602.978 393.845 52573.4 1433.43 51140 50019.8 1120.16 674.471 49207.4 812.4 568.091 445.692
internal_count=215323 213658 2427 1665 211231 5764 205467 200914 4553 2740 197631 3283 2302 1813
is_linear=0
shrinkage=0.02


Tree=398
num_leaves=15
num_cat=0
split_feature=9 16 25 26 15 8 1 10 33 2 10 35 34 24
split_gain=5.57033 7.8346 4.35098 7.82607 6.60338 5.02059 5.33481 4.18326 10.6456 8.81664 8.73183 8.39492 7.86721 10.2434
threshold=0.25000000745058065 0.00020307584782131019 -0.49644076824188227 -0.58537012338638295 0.91666665673255932 6.4834024669835358e-05 0.53613561391830455 9.2151087301317616e-05 4.8294701571194317e-15 0.031157299876213077 8.5208459495333968e-05 2.1277430772154164e-12 -0.12000000104308127 0.064590770751237883
decision_type=2 8 2 2 2 10 2 10 10 2 10 2 8 2
left_child=1 -1 4 -4 5 6 -2 8 9 10 12 -10 13 -5
right_child=2 -3 3 7 -6 -7 -8 -9 11 -11 -12 -13 -14 -15
leaf_value=-0.00022562963746974304 -0.0028810798379606006 0.0038605046122299393 0.0028527587348029237 -0.00055809032098201919 0.001146243273146236 -0.0042151440891326957 0.0012796363194573293 -0.00017858746154195455 0.0012467857511745605 0.00045808142948203657 0.00121148025564765 -0.0023350166121475159 -0.00021655124976247179 -0.0029709365619281754
leaf_weight=393.35397796332836 234.49750761687756 335.40471126139164 360.97941040992737 1832.197949424386 304.49184776842594 297.05558943748474 222.35414318740368 29749.433002054691 4361.0648367702961 7724.4929708838463 1098.9950133860111 260.25785045325756 5444.9092408269644 1135.0783426165581
leaf_count=1598 943 1363 1482 7345 1228 1207 907 119532 17479 31194 4401 1045 21796 4548
internal_value=-5.13476e-06 0.00170786 -2.93123e-05 -3.21818e-06 -0.00128671 -0.00227358 -0.000887283 -2.42927e-05 0.000185688 -4.32056e-05 -0.000450432 0.00103588 -0.000669908 -0.00149479
internal_weight=53754.6 728.759 53025.8 51967.4 1058.4 753.907 456.852 51606.4 21857 17235.7 9511.18 4621.32 8412.19 2967.28
internal_count=216068 2961 213107 208822 4285 3057 1850 207340 87808 69284 38090 18524 33689 11893
is_linear=0
shrinkage=0.02


Tree=399
num_leaves=15
num_cat=0
split_feature=32 30 28 0 31 18 20 18 26 37 31 24 28 32
split_gain=5.91092 11.7612 9.06658 8.10735 11.279 11.2127 17.0755 15.4661 7.8511 6.17624 15.3785 14.0768 7.82254 7.59301
threshold=0.1114025041460991 0.23005677014589312 0.28453835844993597 0.02025692351162434 -0.016641177237033841 0.00023763404169585559 8.250023165601307e-05 0.0002094941810355522 -0.18768679350614545 0.0052647322881966838 0.07655739784240724 0.13177774101495746 0.064522966742515578 0.14765536785125735
decision_type=8 2 2 2 10 10 8 10 2 2 10 2 2 10
left_child=1 -1 -3 -2 -5 6 7 -6 -7 10 -10 -11 -13 -12
right_child=3 2 -4 4 5 8 -8 -9 9 11 13 12 -14 -15
leaf_value=-2.8970442566355521e-06 0.0017742053026005805 -0.00023292195696145531 -0.003813237930827597 0.0041557915298520987 0.00066152486507650265 -0.002653957256931805 -0.0055736691931631485 -0.0041672061259669648 -0.0028512008065128026 -0.0046235292222901615 0.0047564475663615501 0.004224996700747833 0.00020583078067964381 0.0014684620571425811
leaf_weight=45317.293839290738 1671.1875278800726 557.89698600769043 559.84840252995491 252.57326216995716 1186.9314991533756 246.67461450397968 288.96586990356445 320.31504882872105 214.7826713770628 199.33810697495937 456.65404666960239 206.38933053612709 1358.366091132164 753.20545125007629
leaf_count=182135 6696 2241 2252 1026 4783 995 1160 1290 865 802 1833 830 5471 3028
internal_value=2.92096e-05 -5.33214e-05 -0.00206171 0.000563452 0.000189396 -1.7192e-05 -0.0012894 -0.000405794 0.000651597 0.000922257 0.00189195 0.000126724 0.000782584 0.00276666
internal_weight=53590.4 46435 1117.75 7155.38 5484.2 5231.62 1796.21 1507.25 3435.41 3188.74 1424.64 1764.09 1564.76 1209.86
internal_count=215407 186628 4493 28779 22083 21057 7233 6073 13824 12829 5726 7103 6301 4861
is_linear=0
shrinkage=0.02


end of trees

feature_importances:
Column_5=504
Column_20=355
Column_36=325
Column_31=286
Column_18=257
Column_34=251
Column_1=247
Column_2=246
Column_30=218
Column_0=215
Column_32=196
Column_3=182
Column_29=182
Column_14=175
Column_35=172
Column_16=151
Column_26=145
Column_27=137
Column_10=133
Column_28=121
Column_33=112
Column_8=109
Column_25=108
Column_12=102
Column_37=97
Column_4=80
Column_21=72
Column_9=61
Column_24=61
Column_19=60
Column_13=54
Column_23=50
Column_17=43
Column_15=26
Column_22=25
Column_7=19
Column_11=15
Column_38=8

parameters:
[boosting: gbdt]
[objective: binary]
[metric: auc]
[tree_learner: serial]
[device_type: cpu]
[data_sample_strategy: bagging]
[data: ]
[valid: ]
[num_iterations: 400]
[learning_rate: 0.02]
[num_leaves: 15]
[num_threads: 20]
[seed: 0]
[deterministic: 0]
[force_col_wise: 0]
[force_row_wise: 0]
[histogram_pool_size: -1]
[max_depth: -1]
[min_data_in_leaf: 800]
[min_sum_hessian_in_leaf: 0.001]
[bagging_fraction: 0.8]
[pos_bagging_fraction: 1]
[neg_bagging_fraction: 1]
[bagging_freq: 1]
[bagging_seed: 3]
[bagging_by_query: 0]
[feature_fraction: 0.6]
[feature_fraction_bynode: 1]
[feature_fraction_seed: 2]
[extra_trees: 0]
[extra_seed: 6]
[early_stopping_round: 0]
[early_stopping_min_delta: 0]
[first_metric_only: 0]
[max_delta_step: 0]
[lambda_l1: 0]
[lambda_l2: 20]
[linear_lambda: 0]
[min_gain_to_split: 0]
[drop_rate: 0.1]
[max_drop: 50]
[skip_drop: 0.5]
[xgboost_dart_mode: 0]
[uniform_drop: 0]
[drop_seed: 4]
[top_rate: 0.2]
[other_rate: 0.1]
[min_data_per_group: 100]
[max_cat_threshold: 32]
[cat_l2: 10]
[cat_smooth: 10]
[max_cat_to_onehot: 4]
[top_k: 20]
[monotone_constraints: ]
[monotone_constraints_method: basic]
[monotone_penalty: 0]
[feature_contri: ]
[forcedsplits_filename: ]
[refit_decay_rate: 0.9]
[cegb_tradeoff: 1]
[cegb_penalty_split: 0]
[cegb_penalty_feature_lazy: ]
[cegb_penalty_feature_coupled: ]
[path_smooth: 0]
[interaction_constraints: ]
[verbosity: -1]
[saved_feature_importance_type: 0]
[use_quantized_grad: 0]
[num_grad_quant_bins: 4]
[quant_train_renew_leaf: 0]
[stochastic_rounding: 1]
[linear_tree: 0]
[max_bin: 255]
[max_bin_by_feature: ]
[min_data_in_bin: 3]
[bin_construct_sample_cnt: 200000]
[data_random_seed: 1]
[is_enable_sparse: 1]
[enable_bundle: 1]
[use_missing: 1]
[zero_as_missing: 0]
[feature_pre_filter: 1]
[pre_partition: 0]
[two_round: 0]
[header: 0]
[label_column: ]
[weight_column: ]
[group_column: ]
[ignore_column: ]
[categorical_feature: ]
[forcedbins_filename: ]
[precise_float_parser: 0]
[parser_config_file: ]
[objective_seed: 5]
[num_class: 1]
[is_unbalance: 0]
[scale_pos_weight: 1]
[sigmoid: 1]
[boost_from_average: 1]
[reg_sqrt: 0]
[alpha: 0.9]
[fair_c: 1]
[poisson_max_delta_step: 0.7]
[tweedie_variance_power: 1.5]
[lambdarank_truncation_level: 30]
[lambdarank_norm: 1]
[label_gain: ]
[lambdarank_position_bias_regularization: 0]
[eval_at: ]
[multi_error_top_k: 1]
[auc_mu_weights: ]
[num_machines: 1]
[local_listen_port: 12400]
[time_out: 120]
[machine_list_filename: ]
[machines: ]
[gpu_platform_id: -1]
[gpu_device_id: -1]
[gpu_use_dp: 0]
[num_gpu: 1]

end of parameters

pandas_categorical:null
